{
"type": "FeatureCollection",
"name": "Industry_1893-95",
"crs": { "type": "name", "properties": { "name": "urn:ogc:def:crs:OGC:1.3:CRS84" } },
"features": [
{ "type": "Feature", "properties": { "Map_Name": "Kop`s Brewery", "First_Date": 0, "Last_Date": 0, "Type": "Brewing", "Products": null, "QualityCon": "1", "Full_name": null, "Short_name": null, "Web_Link": null, "London_Fir": 0, "Londo_1st_": 1, "Web_refere": null }, "geometry": { "type": "Polygon", "coordinates": [ [ [ -0.187275, 51.466231 ], [ -0.188285, 51.467181 ], [ -0.188018, 51.467292 ], [ -0.187744, 51.467466 ], [ -0.187407, 51.46771 ], [ -0.186131, 51.466646 ], [ -0.186298, 51.466565 ], [ -0.186677, 51.466431 ], [ -0.187275, 51.466231 ] ] ] } },
{ "type": "Feature", "properties": { "Map_Name": "Trinidad Asphalt Works", "First_Date": 0, "Last_Date": 0, "Type": "Asphalt", "Products": null, "QualityCon": "1", "Full_name": null, "Short_name": null, "Web_Link": null, "London_Fir": 0, "Londo_1st_": 1, "Web_refere": null }, "geometry": { "type": "Polygon", "coordinates": [ [ [ -0.184924, 51.470548 ], [ -0.184984, 51.470536 ], [ -0.184911, 51.470765 ], [ -0.184801, 51.471098 ], [ -0.184646, 51.471088 ], [ -0.184634, 51.470811 ], [ -0.184327, 51.47072 ], [ -0.184428, 51.470495 ], [ -0.184673, 51.470527 ], [ -0.184891, 51.470543 ], [ -0.184924, 51.470548 ] ] ] } },
{ "type": "Feature", "properties": { "Map_Name": "Union Brewery", "First_Date": 1860, "Last_Date": 0, "Type": "Brewing", "Products": null, "QualityCon": "1", "Full_name": null, "Short_name": null, "Web_Link": null, "London_Fir": 1, "Londo_1st_": 1, "Web_refere": null }, "geometry": { "type": "Polygon", "coordinates": [ [ [ -0.199793, 51.46274 ], [ -0.199336, 51.462717 ], [ -0.199274, 51.462606 ], [ -0.198988, 51.46212 ], [ -0.198784, 51.461742 ], [ -0.199369, 51.461629 ], [ -0.199495, 51.462068 ], [ -0.199554, 51.462266 ], [ -0.19965, 51.462472 ], [ -0.199711, 51.462494 ], [ -0.199793, 51.46274 ] ] ] } },
{ "type": "Feature", "properties": { "Map_Name": "Malthouse", "First_Date": 1860, "Last_Date": 0, "Type": "Brewing", "Products": null, "QualityCon": "1", "Full_name": null, "Short_name": null, "Web_Link": null, "London_Fir": 1, "Londo_1st_": 1, "Web_refere": null }, "geometry": { "type": "Polygon", "coordinates": [ [ [ -0.198992, 51.461419 ], [ -0.198778, 51.461477 ], [ -0.198437, 51.46105 ], [ -0.198664, 51.460977 ], [ -0.198992, 51.461419 ] ] ] } },
{ "type": "Feature", "properties": { "Map_Name": "Wandsworth Distellery", "First_Date": 1860, "Last_Date": 0, "Type": "Distillery", "Products": null, "QualityCon": "1", "Full_name": null, "Short_name": null, "Web_Link": null, "London_Fir": 1, "Londo_1st_": 1, "Web_refere": null }, "geometry": { "type": "Polygon", "coordinates": [ [ [ -0.185176, 51.464974 ], [ -0.184243, 51.465345 ], [ -0.184159, 51.465266 ], [ -0.184131, 51.465286 ], [ -0.184105, 51.465269 ], [ -0.184133, 51.465256 ], [ -0.184071, 51.465183 ], [ -0.183881, 51.465268 ], [ -0.183807, 51.465217 ], [ -0.183717, 51.465171 ], [ -0.183784, 51.46511 ], [ -0.183568, 51.464978 ], [ -0.183506, 51.465008 ], [ -0.183479, 51.465029 ], [ -0.183308, 51.464924 ], [ -0.183335, 51.464901 ], [ -0.18322, 51.464839 ], [ -0.183196, 51.464853 ], [ -0.182988, 51.464719 ], [ -0.183012, 51.464708 ], [ -0.18287, 51.46462 ], [ -0.182349, 51.464368 ], [ -0.182182, 51.464264 ], [ -0.182438, 51.464152 ], [ -0.182593, 51.464089 ], [ -0.182789, 51.463996 ], [ -0.182857, 51.463965 ], [ -0.183292, 51.464235 ], [ -0.183471, 51.464138 ], [ -0.183895, 51.464457 ], [ -0.183954, 51.464497 ], [ -0.184018, 51.464512 ], [ -0.184084, 51.464523 ], [ -0.184258, 51.464525 ], [ -0.184471, 51.464518 ], [ -0.184676, 51.464506 ], [ -0.184731, 51.464561 ], [ -0.184784, 51.46458 ], [ -0.184836, 51.464612 ], [ -0.184952, 51.464574 ], [ -0.185051, 51.464663 ], [ -0.185474, 51.464482 ], [ -0.185549, 51.464588 ], [ -0.185124, 51.464745 ], [ -0.18515, 51.464774 ], [ -0.185022, 51.464827 ], [ -0.185176, 51.464974 ] ] ] } },
{ "type": "Feature", "properties": { "Map_Name": "Starch Manufactory", "First_Date": 1860, "Last_Date": 0, "Type": "General", "Products": null, "QualityCon": "1", "Full_name": null, "Short_name": null, "Web_Link": null, "London_Fir": 1, "Londo_1st_": 1, "Web_refere": null }, "geometry": { "type": "Polygon", "coordinates": [ [ [ -0.182063, 51.466646 ], [ -0.18199, 51.466697 ], [ -0.181852, 51.466808 ], [ -0.181592, 51.466689 ], [ -0.181525, 51.46666 ], [ -0.181192, 51.466512 ], [ -0.180963, 51.466401 ], [ -0.18086, 51.466361 ], [ -0.180753, 51.466309 ], [ -0.180631, 51.466253 ], [ -0.180392, 51.466158 ], [ -0.180612, 51.466015 ], [ -0.18069, 51.465969 ], [ -0.180749, 51.465922 ], [ -0.180798, 51.465887 ], [ -0.180853, 51.465864 ], [ -0.180968, 51.465781 ], [ -0.181035, 51.46581 ], [ -0.181105, 51.465753 ], [ -0.181094, 51.465738 ], [ -0.181124, 51.465693 ], [ -0.182472, 51.466342 ], [ -0.182063, 51.466646 ] ] ] } },
{ "type": "Feature", "properties": { "Map_Name": "Saccharum Works", "First_Date": 1860, "Last_Date": 0, "Type": "Building", "Products": null, "QualityCon": "1", "Full_name": null, "Short_name": null, "Web_Link": null, "London_Fir": 1, "Londo_1st_": 1, "Web_refere": null }, "geometry": { "type": "Polygon", "coordinates": [ [ [ -0.181371, 51.467226 ], [ -0.181077, 51.467077 ], [ -0.180869, 51.467256 ], [ -0.180511, 51.4671 ], [ -0.180512, 51.467105 ], [ -0.180457, 51.467155 ], [ -0.180438, 51.467169 ], [ -0.180418, 51.467184 ], [ -0.180369, 51.467228 ], [ -0.180097, 51.467476 ], [ -0.179649, 51.467241 ], [ -0.179505, 51.467158 ], [ -0.179392, 51.467112 ], [ -0.17902, 51.46691 ], [ -0.179504, 51.466465 ], [ -0.179974, 51.466023 ], [ -0.180348, 51.466184 ], [ -0.180388, 51.466155 ], [ -0.180956, 51.466399 ], [ -0.18153, 51.466666 ], [ -0.181539, 51.466666 ], [ -0.181567, 51.466672 ], [ -0.181581, 51.466685 ], [ -0.181604, 51.466694 ], [ -0.181632, 51.466706 ], [ -0.18166, 51.466724 ], [ -0.181735, 51.466752 ], [ -0.181796, 51.46678 ], [ -0.181847, 51.466805 ], [ -0.181749, 51.466889 ], [ -0.181371, 51.467226 ] ] ] } },
{ "type": "Feature", "properties": { "Map_Name": "Engineering Works", "First_Date": 1860, "Last_Date": 0, "Type": "Engineering", "Products": null, "QualityCon": "1", "Full_name": null, "Short_name": null, "Web_Link": null, "London_Fir": 0, "Londo_1st_": 1, "Web_refere": null }, "geometry": { "type": "Polygon", "coordinates": [ [ [ -0.180795, 51.467847 ], [ -0.18019, 51.467542 ], [ -0.180468, 51.467293 ], [ -0.180603, 51.467348 ], [ -0.180656, 51.467317 ], [ -0.180785, 51.46738 ], [ -0.180754, 51.467426 ], [ -0.181023, 51.467565 ], [ -0.180795, 51.467847 ] ] ] } },
{ "type": "Feature", "properties": { "Map_Name": "Price's Patent Candle Belmont Works", "First_Date": 1860, "Last_Date": 0, "Type": "Soap Candle Tallow and Oil", "Products": null, "QualityCon": "1", "Full_name": null, "Short_name": "Price's Patent Candle", "Web_Link": null, "London_Fir": 1, "Londo_1st_": 1, "Web_refere": "http://www.gracesguide.co.uk/Prices_Patent_Candle_Co" }, "geometry": { "type": "Polygon", "coordinates": [ [ [ -0.179677, 51.469229 ], [ -0.179652, 51.469272 ], [ -0.1791, 51.470071 ], [ -0.178268, 51.469869 ], [ -0.177385, 51.469659 ], [ -0.177008, 51.469225 ], [ -0.178237, 51.468359 ], [ -0.178154, 51.468102 ], [ -0.178232, 51.467699 ], [ -0.178261, 51.467574 ], [ -0.178355, 51.467364 ], [ -0.1785, 51.46709 ], [ -0.17869, 51.466843 ], [ -0.180742, 51.467928 ], [ -0.180185, 51.468648 ], [ -0.179677, 51.469229 ] ] ] } },
{ "type": "Feature", "properties": { "Map_Name": "Grove Works", "First_Date": 1860, "Last_Date": 0, "Type": "General", "Products": null, "QualityCon": "1", "Full_name": null, "Short_name": null, "Web_Link": null, "London_Fir": 1, "Londo_1st_": 1, "Web_refere": null }, "geometry": { "type": "Polygon", "coordinates": [ [ [ -0.178838, 51.470287 ], [ -0.178128, 51.470092 ], [ -0.17751, 51.469951 ], [ -0.177496, 51.469881 ], [ -0.177566, 51.469745 ], [ -0.178589, 51.469999 ], [ -0.178607, 51.469957 ], [ -0.178976, 51.470054 ], [ -0.178838, 51.470287 ] ] ] } },
{ "type": "Feature", "properties": { "Map_Name": "Chemical Works", "First_Date": 1860, "Last_Date": 0, "Type": "Chemical", "Products": "Chemical", "QualityCon": "1", "Full_name": null, "Short_name": null, "Web_Link": null, "London_Fir": 1, "Londo_1st_": 1, "Web_refere": null }, "geometry": { "type": "Polygon", "coordinates": [ [ [ -0.178147, 51.471562 ], [ -0.177418, 51.471496 ], [ -0.177499, 51.471252 ], [ -0.177571, 51.470965 ], [ -0.177905, 51.471011 ], [ -0.178239, 51.471043 ], [ -0.17819, 51.471237 ], [ -0.178267, 51.47126 ], [ -0.178147, 51.471562 ] ] ] } },
{ "type": "Feature", "properties": { "Map_Name": "Frame Food Works", "First_Date": 1860, "Last_Date": 0, "Type": "Food", "Products": "Food", "QualityCon": "1", "Full_name": null, "Short_name": null, "Web_Link": null, "London_Fir": 1, "Londo_1st_": 1, "Web_refere": null }, "geometry": { "type": "Polygon", "coordinates": [ [ [ -0.177788, 51.47249 ], [ -0.177703, 51.472501 ], [ -0.177154, 51.472336 ], [ -0.177228, 51.472086 ], [ -0.177907, 51.472153 ], [ -0.177788, 51.47249 ] ] ] } },
{ "type": "Feature", "properties": { "Map_Name": "Bargebuilding Yard", "First_Date": 1860, "Last_Date": 0, "Type": "Shipyard", "Products": null, "QualityCon": "1", "Full_name": null, "Short_name": null, "Web_Link": null, "London_Fir": 1, "Londo_1st_": 1, "Web_refere": null }, "geometry": { "type": "Polygon", "coordinates": [ [ [ -0.176405, 51.475108 ], [ -0.176099, 51.474983 ], [ -0.176225, 51.474856 ], [ -0.176526, 51.474971 ], [ -0.176405, 51.475108 ] ] ] } },
{ "type": "Feature", "properties": { "Map_Name": "River Iron Foundry", "First_Date": 1860, "Last_Date": 0, "Type": "Metal", "Products": "Iron", "QualityCon": "1", "Full_name": null, "Short_name": null, "Web_Link": null, "London_Fir": 1, "Londo_1st_": 1, "Web_refere": null }, "geometry": { "type": "Polygon", "coordinates": [ [ [ -0.176051, 51.475848 ], [ -0.175601, 51.475749 ], [ -0.175527, 51.475715 ], [ -0.175551, 51.475685 ], [ -0.175634, 51.475621 ], [ -0.175688, 51.475581 ], [ -0.175747, 51.475526 ], [ -0.175842, 51.475428 ], [ -0.176208, 51.475516 ], [ -0.176202, 51.47555 ], [ -0.176125, 51.475709 ], [ -0.176051, 51.475848 ] ] ] } },
{ "type": "Feature", "properties": { "Map_Name": "Malthouse", "First_Date": 1860, "Last_Date": 0, "Type": "Brewing", "Products": "Brewing", "QualityCon": "1", "Full_name": null, "Short_name": null, "Web_Link": null, "London_Fir": 1, "Londo_1st_": 1, "Web_refere": null }, "geometry": { "type": "Polygon", "coordinates": [ [ [ -0.17533, 51.477241 ], [ -0.175059, 51.477106 ], [ -0.17509, 51.477072 ], [ -0.17507, 51.477068 ], [ -0.175153, 51.476992 ], [ -0.174837, 51.476849 ], [ -0.174968, 51.476699 ], [ -0.174989, 51.476699 ], [ -0.175313, 51.476854 ], [ -0.175334, 51.476838 ], [ -0.175013, 51.476667 ], [ -0.175081, 51.476608 ], [ -0.175646, 51.476902 ], [ -0.17533, 51.477241 ] ] ] } },
{ "type": "Feature", "properties": { "Map_Name": "Battersea Mills (Corn)", "First_Date": 1860, "Last_Date": 0, "Type": "Grain Mill", "Products": null, "QualityCon": "1", "Full_name": null, "Short_name": null, "Web_Link": null, "London_Fir": 1, "Londo_1st_": 1, "Web_refere": null }, "geometry": { "type": "Polygon", "coordinates": [ [ [ -0.174873, 51.477721 ], [ -0.174657, 51.477644 ], [ -0.174505, 51.477558 ], [ -0.174302, 51.47744 ], [ -0.174421, 51.47731 ], [ -0.17466, 51.477395 ], [ -0.174636, 51.477426 ], [ -0.17471, 51.47745 ], [ -0.174829, 51.47733 ], [ -0.174914, 51.477359 ], [ -0.175016, 51.477258 ], [ -0.175158, 51.477309 ], [ -0.175148, 51.47734 ], [ -0.175188, 51.477353 ], [ -0.175162, 51.477387 ], [ -0.175173, 51.477393 ], [ -0.175049, 51.477539 ], [ -0.175087, 51.477559 ], [ -0.175042, 51.477594 ], [ -0.175011, 51.477575 ], [ -0.174873, 51.477721 ] ] ] } },
{ "type": "Feature", "properties": { "Map_Name": "Lower Mill (flour)", "First_Date": 1860, "Last_Date": 0, "Type": "Grain Mill", "Products": null, "QualityCon": "1", "Full_name": null, "Short_name": null, "Web_Link": null, "London_Fir": 1, "Londo_1st_": 1, "Web_refere": null }, "geometry": { "type": "Polygon", "coordinates": [ [ [ -0.194408, 51.461241 ], [ -0.193959, 51.461319 ], [ -0.193906, 51.461207 ], [ -0.194359, 51.46113 ], [ -0.194408, 51.461241 ] ] ] } },
{ "type": "Feature", "properties": { "Map_Name": "Tar Paving Works", "First_Date": 1860, "Last_Date": 0, "Type": "Asphalt", "Products": null, "QualityCon": "1", "Full_name": null, "Short_name": null, "Web_Link": null, "London_Fir": 1, "Londo_1st_": 1, "Web_refere": null }, "geometry": { "type": "Polygon", "coordinates": [ [ [ -0.190086, 51.46257 ], [ -0.189459, 51.46282 ], [ -0.188425, 51.461714 ], [ -0.188702, 51.461645 ], [ -0.188631, 51.461517 ], [ -0.188758, 51.461474 ], [ -0.188871, 51.461602 ], [ -0.189156, 51.461535 ], [ -0.190086, 51.46257 ] ] ] } },
{ "type": "Feature", "properties": { "Map_Name": "Rainproof Cloth Works", "First_Date": 1860, "Last_Date": 0, "Type": "Cloth and Clothing", "Products": null, "QualityCon": "1", "Full_name": null, "Short_name": null, "Web_Link": null, "London_Fir": 1, "Londo_1st_": 1, "Web_refere": null }, "geometry": { "type": "Polygon", "coordinates": [ [ [ -0.182778, 51.462344 ], [ -0.182641, 51.462399 ], [ -0.182618, 51.462376 ], [ -0.182494, 51.46242 ], [ -0.182354, 51.46226 ], [ -0.182407, 51.462236 ], [ -0.182395, 51.462226 ], [ -0.182439, 51.462211 ], [ -0.182447, 51.462225 ], [ -0.182494, 51.462208 ], [ -0.182526, 51.462239 ], [ -0.182674, 51.462188 ], [ -0.182774, 51.462289 ], [ -0.182752, 51.462298 ], [ -0.182769, 51.462321 ], [ -0.182778, 51.462344 ] ] ] } },
{ "type": "Feature", "properties": { "Map_Name": "Eltringham Works", "First_Date": 1860, "Last_Date": 0, "Type": "General", "Products": null, "QualityCon": "1", "Full_name": null, "Short_name": null, "Web_Link": null, "London_Fir": 1, "Londo_1st_": 1, "Web_refere": null }, "geometry": { "type": "Polygon", "coordinates": [ [ [ -0.183394, 51.462868 ], [ -0.183139, 51.462999 ], [ -0.182647, 51.462553 ], [ -0.182957, 51.462425 ], [ -0.183394, 51.462868 ] ] ] } },
{ "type": "Feature", "properties": { "Map_Name": "Spencer Works", "First_Date": 1860, "Last_Date": 0, "Type": "General", "Products": null, "QualityCon": "1", "Full_name": null, "Short_name": null, "Web_Link": null, "London_Fir": 1, "Londo_1st_": 1, "Web_refere": null }, "geometry": { "type": "Polygon", "coordinates": [ [ [ -0.180141, 51.462197 ], [ -0.179888, 51.462296 ], [ -0.179669, 51.462344 ], [ -0.179595, 51.462212 ], [ -0.179633, 51.462193 ], [ -0.179634, 51.462172 ], [ -0.179628, 51.462157 ], [ -0.179436, 51.461928 ], [ -0.179879, 51.461774 ], [ -0.179915, 51.461805 ], [ -0.17997, 51.461815 ], [ -0.179993, 51.461845 ], [ -0.17994, 51.461872 ], [ -0.17994, 51.461911 ], [ -0.179956, 51.461934 ], [ -0.179952, 51.461955 ], [ -0.180141, 51.462197 ] ] ] } },
{ "type": "Feature", "properties": { "Map_Name": "Chemical Works", "First_Date": 1860, "Last_Date": 0, "Type": "Chemical", "Products": "Chemical", "QualityCon": "1", "Full_name": null, "Short_name": null, "Web_Link": null, "London_Fir": 1, "Londo_1st_": 1, "Web_refere": null }, "geometry": { "type": "Polygon", "coordinates": [ [ [ -0.17741, 51.470941 ], [ -0.176793, 51.470914 ], [ -0.176824, 51.470696 ], [ -0.177379, 51.470722 ], [ -0.17741, 51.470941 ] ] ] } },
{ "type": "Feature", "properties": { "Map_Name": "Falcon Pencil Works", "First_Date": 1890, "Last_Date": 0, "Type": "General", "Products": "Pencils", "QualityCon": "1", "Full_name": null, "Short_name": null, "Web_Link": null, "London_Fir": 0, "Londo_1st_": 1, "Web_refere": null }, "geometry": { "type": "Polygon", "coordinates": [ [ [ -0.173773, 51.470676 ], [ -0.173322, 51.470665 ], [ -0.173301, 51.470542 ], [ -0.173776, 51.470548 ], [ -0.173773, 51.470676 ] ] ] } },
{ "type": "Feature", "properties": { "Map_Name": "Cigar & Tobacco Manufactory", "First_Date": 1890, "Last_Date": 0, "Type": "Tobacco", "Products": null, "QualityCon": "1", "Full_name": null, "Short_name": null, "Web_Link": null, "London_Fir": 0, "Londo_1st_": 1, "Web_refere": null }, "geometry": { "type": "Polygon", "coordinates": [ [ [ -0.174573, 51.473516 ], [ -0.174435, 51.473521 ], [ -0.17392, 51.473538 ], [ -0.1739, 51.473331 ], [ -0.173883, 51.473308 ], [ -0.173647, 51.473316 ], [ -0.17364, 51.473271 ], [ -0.174158, 51.473232 ], [ -0.174248, 51.473225 ], [ -0.174317, 51.473221 ], [ -0.174584, 51.473201 ], [ -0.174582, 51.473267 ], [ -0.174577, 51.473428 ], [ -0.174573, 51.473516 ] ] ] } },
{ "type": "Feature", "properties": { "Map_Name": "Albion Iron Works", "First_Date": 1860, "Last_Date": 0, "Type": "Metal", "Products": "Iron", "QualityCon": "1", "Full_name": null, "Short_name": null, "Web_Link": null, "London_Fir": 1, "Londo_1st_": 1, "Web_refere": null }, "geometry": { "type": "Polygon", "coordinates": [ [ [ -0.174838, 51.475644 ], [ -0.174577, 51.475736 ], [ -0.174547, 51.475697 ], [ -0.174349, 51.475776 ], [ -0.174264, 51.475711 ], [ -0.174305, 51.475678 ], [ -0.17441, 51.475644 ], [ -0.174397, 51.475618 ], [ -0.174497, 51.475599 ], [ -0.174523, 51.475627 ], [ -0.174623, 51.475609 ], [ -0.174616, 51.475595 ], [ -0.174682, 51.47558 ], [ -0.174584, 51.475433 ], [ -0.174611, 51.475422 ], [ -0.174674, 51.475498 ], [ -0.174709, 51.475533 ], [ -0.17474, 51.475527 ], [ -0.174784, 51.475586 ], [ -0.174838, 51.475644 ] ] ] } },
{ "type": "Feature", "properties": { "Map_Name": "Dye Works", "First_Date": 1860, "Last_Date": 0, "Type": "Chemical", "Products": "Dyes", "QualityCon": "1", "Full_name": null, "Short_name": null, "Web_Link": null, "London_Fir": 1, "Londo_1st_": 1, "Web_refere": null }, "geometry": { "type": "Polygon", "coordinates": [ [ [ -0.174909, 51.476179 ], [ -0.174585, 51.476089 ], [ -0.174599, 51.476066 ], [ -0.174631, 51.476027 ], [ -0.174712, 51.475996 ], [ -0.174831, 51.476025 ], [ -0.174917, 51.475923 ], [ -0.175039, 51.475961 ], [ -0.174959, 51.476057 ], [ -0.174991, 51.47607 ], [ -0.174909, 51.476179 ] ] ] } },
{ "type": "Feature", "properties": { "Map_Name": "Malthouse", "First_Date": 1860, "Last_Date": 0, "Type": "Brewing", "Products": null, "QualityCon": "1", "Full_name": null, "Short_name": null, "Web_Link": null, "London_Fir": 1, "Londo_1st_": 1, "Web_refere": null }, "geometry": { "type": "Polygon", "coordinates": [ [ [ -0.190607, 51.466953 ], [ -0.190328, 51.467041 ], [ -0.189966, 51.466598 ], [ -0.190255, 51.466508 ], [ -0.190607, 51.466953 ] ] ] } },
{ "type": "Feature", "properties": { "Map_Name": "Salutaris Water Distillery", "First_Date": 1890, "Last_Date": 0, "Type": "Distillery", "Products": null, "QualityCon": "1", "Full_name": null, "Short_name": null, "Web_Link": null, "London_Fir": 0, "Londo_1st_": 1, "Web_refere": null }, "geometry": { "type": "Polygon", "coordinates": [ [ [ -0.183879, 51.486143 ], [ -0.183574, 51.486328 ], [ -0.183086, 51.485991 ], [ -0.183395, 51.485823 ], [ -0.183879, 51.486143 ] ] ] } },
{ "type": "Feature", "properties": { "Map_Name": "Stanley Works (Engineering)", "First_Date": 1890, "Last_Date": 0, "Type": "Engineering", "Products": null, "QualityCon": "1", "Full_name": null, "Short_name": null, "Web_Link": null, "London_Fir": 0, "Londo_1st_": 1, "Web_refere": null }, "geometry": { "type": "Polygon", "coordinates": [ [ [ -0.173992, 51.485432 ], [ -0.174403, 51.485832 ], [ -0.174229, 51.485909 ], [ -0.173939, 51.486017 ], [ -0.173776, 51.485835 ], [ -0.173637, 51.485888 ], [ -0.173431, 51.485681 ], [ -0.173992, 51.485432 ] ] ] } },
{ "type": "Feature", "properties": { "Map_Name": "Paulton Works (Wall Paper)", "First_Date": 1890, "Last_Date": 0, "Type": "Paper", "Products": null, "QualityCon": "1", "Full_name": null, "Short_name": null, "Web_Link": null, "London_Fir": 0, "Londo_1st_": 1, "Web_refere": null }, "geometry": { "type": "Polygon", "coordinates": [ [ [ -0.175334, 51.485354 ], [ -0.17489, 51.484969 ], [ -0.175226, 51.484804 ], [ -0.175253, 51.484832 ], [ -0.175359, 51.484778 ], [ -0.17555, 51.48496 ], [ -0.175759, 51.485156 ], [ -0.175334, 51.485354 ] ] ] } },
{ "type": "Feature", "properties": { "Map_Name": "Carriage Works", "First_Date": 1890, "Last_Date": 0, "Type": "General", "Products": null, "QualityCon": "1", "Full_name": null, "Short_name": null, "Web_Link": null, "London_Fir": 0, "Londo_1st_": 1, "Web_refere": null }, "geometry": { "type": "Polygon", "coordinates": [ [ [ -0.173563, 51.485261 ], [ -0.173263, 51.485372 ], [ -0.173206, 51.485307 ], [ -0.173426, 51.485223 ], [ -0.173412, 51.485208 ], [ -0.17319, 51.485282 ], [ -0.173142, 51.485234 ], [ -0.173441, 51.485134 ], [ -0.173563, 51.485261 ] ] ] } },
{ "type": "Feature", "properties": { "Map_Name": "Wall Paper Works", "First_Date": 1890, "Last_Date": 0, "Type": "Paper", "Products": null, "QualityCon": "1", "Full_name": null, "Short_name": null, "Web_Link": null, "London_Fir": 0, "Londo_1st_": 1, "Web_refere": null }, "geometry": { "type": "Polygon", "coordinates": [ [ [ -0.17794, 51.484364 ], [ -0.177591, 51.484535 ], [ -0.17732, 51.484323 ], [ -0.177671, 51.484153 ], [ -0.17794, 51.484364 ] ] ] } },
{ "type": "Feature", "properties": { "Map_Name": "Royal Brewery", "First_Date": 1890, "Last_Date": 0, "Type": "Brewing", "Products": null, "QualityCon": "1", "Full_name": null, "Short_name": null, "Web_Link": null, "London_Fir": 0, "Londo_1st_": 1, "Web_refere": null }, "geometry": { "type": "Polygon", "coordinates": [ [ [ -0.185606, 51.480259 ], [ -0.185177, 51.480425 ], [ -0.184893, 51.480092 ], [ -0.185133, 51.480012 ], [ -0.185118, 51.479989 ], [ -0.185355, 51.479914 ], [ -0.185606, 51.480259 ] ] ] } },
{ "type": "Feature", "properties": { "Map_Name": "Sun Flour Mill", "First_Date": 1860, "Last_Date": 0, "Type": "Grain Mill", "Products": null, "QualityCon": "1", "Full_name": null, "Short_name": null, "Web_Link": null, "London_Fir": 1, "Londo_1st_": 1, "Web_refere": null }, "geometry": { "type": "Polygon", "coordinates": [ [ [ -0.186432, 51.479919 ], [ -0.186325, 51.479987 ], [ -0.185914, 51.480158 ], [ -0.185905, 51.48011 ], [ -0.185937, 51.480014 ], [ -0.185981, 51.479924 ], [ -0.185905, 51.479889 ], [ -0.185986, 51.479804 ], [ -0.185933, 51.479769 ], [ -0.185971, 51.479749 ], [ -0.185895, 51.479701 ], [ -0.185989, 51.479654 ], [ -0.186068, 51.479714 ], [ -0.186092, 51.479708 ], [ -0.18619, 51.479792 ], [ -0.186221, 51.479778 ], [ -0.186432, 51.479919 ] ] ] } },
{ "type": "Feature", "properties": { "Map_Name": "Cadogen Iron Works", "First_Date": 1890, "Last_Date": 0, "Type": "Metal", "Products": "Iron", "QualityCon": "1", "Full_name": null, "Short_name": null, "Web_Link": null, "London_Fir": 0, "Londo_1st_": 1, "Web_refere": null }, "geometry": { "type": "Polygon", "coordinates": [ [ [ -0.185976, 51.479465 ], [ -0.185763, 51.479525 ], [ -0.185717, 51.479482 ], [ -0.185488, 51.479551 ], [ -0.185439, 51.479486 ], [ -0.185504, 51.479471 ], [ -0.185456, 51.479408 ], [ -0.185569, 51.479378 ], [ -0.185489, 51.479271 ], [ -0.185783, 51.479204 ], [ -0.185976, 51.479465 ] ] ] } },
{ "type": "Feature", "properties": { "Map_Name": "Flour Mills", "First_Date": 1860, "Last_Date": 0, "Type": "Grain Mill", "Products": null, "QualityCon": "1", "Full_name": null, "Short_name": null, "Web_Link": null, "London_Fir": 1, "Londo_1st_": 1, "Web_refere": null }, "geometry": { "type": "Polygon", "coordinates": [ [ [ -0.185703, 51.47916 ], [ -0.185749, 51.47921 ], [ -0.185197, 51.479351 ], [ -0.185104, 51.479308 ], [ -0.185162, 51.479309 ], [ -0.185333, 51.479267 ], [ -0.185314, 51.479241 ], [ -0.185365, 51.479225 ], [ -0.185347, 51.479176 ], [ -0.185385, 51.479155 ], [ -0.185271, 51.479025 ], [ -0.18558, 51.478928 ], [ -0.185703, 51.479088 ], [ -0.185751, 51.479076 ], [ -0.185782, 51.479134 ], [ -0.185703, 51.47916 ] ] ] } },
{ "type": "Feature", "properties": { "Map_Name": "Color Works", "First_Date": 1890, "Last_Date": 0, "Type": "Varnish Colour and Paint", "Products": null, "QualityCon": "1", "Full_name": null, "Short_name": null, "Web_Link": null, "London_Fir": 0, "Londo_1st_": 1, "Web_refere": null }, "geometry": { "type": "Polygon", "coordinates": [ [ [ -0.180953, 51.478472 ], [ -0.180291, 51.477967 ], [ -0.180642, 51.477953 ], [ -0.180842, 51.477928 ], [ -0.181205, 51.478364 ], [ -0.180953, 51.478472 ] ] ] } },
{ "type": "Feature", "properties": { "Map_Name": "Steam Carpet Beating Works", "First_Date": 1890, "Last_Date": 0, "Type": "General", "Products": null, "QualityCon": "1", "Full_name": null, "Short_name": null, "Web_Link": null, "London_Fir": 0, "Londo_1st_": 1, "Web_refere": null }, "geometry": { "type": "Polygon", "coordinates": [ [ [ -0.176671, 51.483771 ], [ -0.176299, 51.483951 ], [ -0.176194, 51.483992 ], [ -0.175967, 51.483779 ], [ -0.176505, 51.483566 ], [ -0.176516, 51.483576 ], [ -0.176495, 51.48359 ], [ -0.176671, 51.483771 ] ] ] } },
{ "type": "Feature", "properties": { "Map_Name": "Boatbuilding Yard", "First_Date": 1890, "Last_Date": 0, "Type": "Shipyard", "Products": null, "QualityCon": "1", "Full_name": null, "Short_name": null, "Web_Link": null, "London_Fir": 0, "Londo_1st_": 1, "Web_refere": null }, "geometry": { "type": "Polygon", "coordinates": [ [ [ -0.172498, 51.479936 ], [ -0.172177, 51.479657 ], [ -0.172054, 51.479684 ], [ -0.171547, 51.479866 ], [ -0.171445, 51.479747 ], [ -0.172356, 51.479373 ], [ -0.172858, 51.479173 ], [ -0.172941, 51.479248 ], [ -0.173053, 51.479267 ], [ -0.173402, 51.479454 ], [ -0.173304, 51.479524 ], [ -0.1731, 51.479601 ], [ -0.172779, 51.479783 ], [ -0.172498, 51.479936 ] ] ] } },
{ "type": "Feature", "properties": { "Map_Name": "Battersea Foundry", "First_Date": 1890, "Last_Date": 0, "Type": "Metal", "Products": "Iron", "QualityCon": "1", "Full_name": null, "Short_name": null, "Web_Link": null, "London_Fir": 0, "Londo_1st_": 1, "Web_refere": null }, "geometry": { "type": "Polygon", "coordinates": [ [ [ -0.168393, 51.480975 ], [ -0.167909, 51.481082 ], [ -0.167901, 51.481064 ], [ -0.168031, 51.480238 ], [ -0.168151, 51.48025 ], [ -0.168166, 51.480195 ], [ -0.168235, 51.480202 ], [ -0.168244, 51.480139 ], [ -0.168385, 51.480149 ], [ -0.168303, 51.480619 ], [ -0.168303, 51.480859 ], [ -0.168393, 51.480975 ] ] ] } },
{ "type": "Feature", "properties": { "Map_Name": "Flour Mills", "First_Date": 1890, "Last_Date": 0, "Type": "Grain Mill", "Products": null, "QualityCon": "1", "Full_name": null, "Short_name": null, "Web_Link": null, "London_Fir": 0, "Londo_1st_": 1, "Web_refere": null }, "geometry": { "type": "Polygon", "coordinates": [ [ [ -0.167637, 51.481113 ], [ -0.167341, 51.481165 ], [ -0.167255, 51.480725 ], [ -0.167363, 51.480709 ], [ -0.167326, 51.48059 ], [ -0.167351, 51.480535 ], [ -0.167369, 51.480399 ], [ -0.167421, 51.480343 ], [ -0.167447, 51.48018 ], [ -0.167721, 51.480198 ], [ -0.167711, 51.480271 ], [ -0.167831, 51.480275 ], [ -0.167718, 51.48097 ], [ -0.167513, 51.480959 ], [ -0.167538, 51.481054 ], [ -0.167611, 51.481047 ], [ -0.167637, 51.481113 ] ] ] } },
{ "type": "Feature", "properties": { "Map_Name": "Ozokerit Works (Candle)", "First_Date": 1890, "Last_Date": 0, "Type": "Soap Candle Tallow and Oil", "Products": null, "QualityCon": "1", "Full_name": null, "Short_name": "Ozokerit Works (Candle)", "Web_Link": null, "London_Fir": 0, "Londo_1st_": 1, "Web_refere": null }, "geometry": { "type": "Polygon", "coordinates": [ [ [ -0.169114, 51.480819 ], [ -0.168899, 51.480867 ], [ -0.168512, 51.480948 ], [ -0.168412, 51.480578 ], [ -0.16843, 51.480254 ], [ -0.168605, 51.480222 ], [ -0.168603, 51.480218 ], [ -0.16881, 51.480155 ], [ -0.168891, 51.480279 ], [ -0.169119, 51.480746 ], [ -0.169074, 51.480763 ], [ -0.169114, 51.480819 ] ] ] } },
{ "type": "Feature", "properties": { "Map_Name": "Wellington Works (Oil of Colour)", "First_Date": 1890, "Last_Date": 0, "Type": "Varnish Colour and Paint", "Products": null, "QualityCon": "1", "Full_name": null, "Short_name": null, "Web_Link": null, "London_Fir": 0, "Londo_1st_": 1, "Web_refere": null }, "geometry": { "type": "Polygon", "coordinates": [ [ [ -0.169319, 51.480773 ], [ -0.169114, 51.480819 ], [ -0.169074, 51.480763 ], [ -0.169119, 51.480746 ], [ -0.168891, 51.480279 ], [ -0.16881, 51.480155 ], [ -0.16899, 51.4801 ], [ -0.169196, 51.480028 ], [ -0.1695, 51.480422 ], [ -0.169447, 51.48043 ], [ -0.169617, 51.480701 ], [ -0.169319, 51.480773 ] ] ] } },
{ "type": "Feature", "properties": { "Map_Name": "Battersea Bakeries", "First_Date": 1890, "Last_Date": 0, "Type": "Food", "Products": "Bakery", "QualityCon": "1", "Full_name": null, "Short_name": null, "Web_Link": null, "London_Fir": 0, "Londo_1st_": 1, "Web_refere": null }, "geometry": { "type": "MultiPolygon", "coordinates": [ [ [ [ -0.166776, 51.478798 ], [ -0.167259, 51.478651 ], [ -0.167429, 51.478857 ], [ -0.166969, 51.478993 ], [ -0.166776, 51.478798 ] ] ], [ [ [ -0.167518, 51.479772 ], [ -0.167492, 51.47971 ], [ -0.167256, 51.479745 ], [ -0.167011, 51.479172 ], [ -0.167617, 51.478993 ], [ -0.167767, 51.479184 ], [ -0.167598, 51.479235 ], [ -0.167785, 51.479667 ], [ -0.167602, 51.479692 ], [ -0.167624, 51.479755 ], [ -0.167518, 51.479772 ] ] ] ] } },
{ "type": "Feature", "properties": { "Map_Name": "Cement & Whitening Works", "First_Date": 1860, "Last_Date": 0, "Type": "Building", "Products": null, "QualityCon": "1", "Full_name": null, "Short_name": null, "Web_Link": null, "London_Fir": 1, "Londo_1st_": 1, "Web_refere": null }, "geometry": { "type": "Polygon", "coordinates": [ [ [ -0.136077, 51.482464 ], [ -0.13561, 51.482637 ], [ -0.135584, 51.482614 ], [ -0.135563, 51.482592 ], [ -0.135523, 51.482611 ], [ -0.135455, 51.482542 ], [ -0.135614, 51.482479 ], [ -0.135783, 51.482415 ], [ -0.135997, 51.482347 ], [ -0.13605, 51.482398 ], [ -0.136077, 51.482464 ] ] ] } },
{ "type": "Feature", "properties": { "Map_Name": "Engine Works", "First_Date": 1860, "Last_Date": 0, "Type": "Engineering", "Products": null, "QualityCon": "1", "Full_name": null, "Short_name": null, "Web_Link": null, "London_Fir": 1, "Londo_1st_": 1, "Web_refere": null }, "geometry": { "type": "Polygon", "coordinates": [ [ [ -0.13995, 51.485244 ], [ -0.139211, 51.485329 ], [ -0.139219, 51.485351 ], [ -0.13899, 51.485375 ], [ -0.138985, 51.485356 ], [ -0.138952, 51.48536 ], [ -0.138952, 51.485377 ], [ -0.138928, 51.48538 ], [ -0.138924, 51.485363 ], [ -0.138862, 51.48537 ], [ -0.138812, 51.485201 ], [ -0.139298, 51.485139 ], [ -0.139304, 51.485156 ], [ -0.139582, 51.485119 ], [ -0.139554, 51.485019 ], [ -0.139862, 51.485014 ], [ -0.13995, 51.485244 ] ] ] } },
{ "type": "Feature", "properties": { "Map_Name": "Brewery", "First_Date": 1860, "Last_Date": 0, "Type": "Brewing", "Products": null, "QualityCon": "1", "Full_name": null, "Short_name": null, "Web_Link": null, "London_Fir": 1, "Londo_1st_": 1, "Web_refere": null }, "geometry": { "type": "Polygon", "coordinates": [ [ [ -0.131577, 51.482544 ], [ -0.131472, 51.483057 ], [ -0.131232, 51.483046 ], [ -0.131227, 51.483085 ], [ -0.131184, 51.483084 ], [ -0.131193, 51.483044 ], [ -0.131059, 51.483038 ], [ -0.131042, 51.48316 ], [ -0.131283, 51.483183 ], [ -0.131268, 51.483266 ], [ -0.131195, 51.483263 ], [ -0.13119, 51.483303 ], [ -0.1308, 51.483273 ], [ -0.130901, 51.482878 ], [ -0.130943, 51.482876 ], [ -0.131012, 51.482499 ], [ -0.131577, 51.482544 ] ] ] } },
{ "type": "Feature", "properties": { "Map_Name": "Gas Works", "First_Date": 1860, "Last_Date": 0, "Type": "Coal Gas", "Products": null, "QualityCon": "1", "Full_name": null, "Short_name": null, "Web_Link": null, "London_Fir": 1, "Londo_1st_": 1, "Web_refere": null }, "geometry": { "type": "Polygon", "coordinates": [ [ [ -0.136582, 51.481993 ], [ -0.135435, 51.481998 ], [ -0.135018, 51.481976 ], [ -0.133907, 51.482029 ], [ -0.133815, 51.481295 ], [ -0.133819, 51.481198 ], [ -0.133717, 51.481135 ], [ -0.133606, 51.481099 ], [ -0.133416, 51.481121 ], [ -0.133391, 51.480989 ], [ -0.134383, 51.48059 ], [ -0.134752, 51.480508 ], [ -0.135655, 51.480111 ], [ -0.135635, 51.480077 ], [ -0.136691, 51.479599 ], [ -0.138644, 51.48084 ], [ -0.138148, 51.481188 ], [ -0.136582, 51.481993 ] ] ] } },
{ "type": "Feature", "properties": { "Map_Name": "Nine Elms Locomotive Works", "First_Date": 1890, "Last_Date": 0, "Type": "Engineering", "Products": "Locamotives", "QualityCon": "2", "Full_name": null, "Short_name": "Nine Elms Locomotive Works", "Web_Link": null, "London_Fir": 0, "Londo_1st_": 1, "Web_refere": "http://en.wikipedia.org/wiki/Nine_Elms_Locomotive_Works" }, "geometry": { "type": "Polygon", "coordinates": [ [ [ -0.136128, 51.478974 ], [ -0.131412, 51.480648 ], [ -0.131117, 51.480322 ], [ -0.131182, 51.480284 ], [ -0.131045, 51.480132 ], [ -0.131137, 51.480105 ], [ -0.131101, 51.480026 ], [ -0.131437, 51.479899 ], [ -0.131372, 51.479816 ], [ -0.131523, 51.479758 ], [ -0.131358, 51.479609 ], [ -0.131641, 51.479263 ], [ -0.132025, 51.47867 ], [ -0.132307, 51.47836 ], [ -0.132636, 51.477844 ], [ -0.132956, 51.477397 ], [ -0.133518, 51.476706 ], [ -0.134093, 51.47593 ], [ -0.13404, 51.47584 ], [ -0.134089, 51.475793 ], [ -0.134232, 51.475784 ], [ -0.134277, 51.475856 ], [ -0.13461, 51.475879 ], [ -0.134959, 51.475944 ], [ -0.135384, 51.476034 ], [ -0.136123, 51.476373 ], [ -0.136634, 51.476684 ], [ -0.13675, 51.476656 ], [ -0.136982, 51.476797 ], [ -0.136875, 51.476861 ], [ -0.137413, 51.477208 ], [ -0.136585, 51.477665 ], [ -0.13691, 51.478324 ], [ -0.136128, 51.478974 ] ] ] } },
{ "type": "Feature", "properties": { "Map_Name": "Belgrave Works (Joinery)", "First_Date": 1860, "Last_Date": 0, "Type": "General", "Products": null, "QualityCon": "1", "Full_name": null, "Short_name": null, "Web_Link": null, "London_Fir": 1, "Londo_1st_": 1, "Web_refere": null }, "geometry": { "type": "Polygon", "coordinates": [ [ [ -0.131846, 51.488189 ], [ -0.131561, 51.488149 ], [ -0.130667, 51.487568 ], [ -0.130659, 51.487533 ], [ -0.130992, 51.486914 ], [ -0.131071, 51.486924 ], [ -0.13132, 51.487202 ], [ -0.131295, 51.487216 ], [ -0.131319, 51.487237 ], [ -0.131223, 51.487301 ], [ -0.131297, 51.487352 ], [ -0.131349, 51.487313 ], [ -0.131494, 51.487408 ], [ -0.131481, 51.487413 ], [ -0.131584, 51.487478 ], [ -0.131594, 51.487472 ], [ -0.131845, 51.487636 ], [ -0.131868, 51.487619 ], [ -0.131915, 51.487653 ], [ -0.13189, 51.487665 ], [ -0.131902, 51.487673 ], [ -0.131927, 51.48766 ], [ -0.131977, 51.487697 ], [ -0.13195, 51.487707 ], [ -0.132283, 51.487921 ], [ -0.131846, 51.488189 ] ] ] } },
{ "type": "Feature", "properties": { "Map_Name": "Brewery", "First_Date": 1890, "Last_Date": 0, "Type": "Brewing", "Products": null, "QualityCon": "1", "Full_name": null, "Short_name": null, "Web_Link": null, "London_Fir": 0, "Londo_1st_": 1, "Web_refere": null }, "geometry": { "type": "Polygon", "coordinates": [ [ [ -0.125774, 51.483848 ], [ -0.125661, 51.48409 ], [ -0.125734, 51.484108 ], [ -0.125694, 51.484236 ], [ -0.125042, 51.484135 ], [ -0.125269, 51.483749 ], [ -0.125774, 51.483848 ] ] ] } },
{ "type": "Feature", "properties": { "Map_Name": "Brewery", "First_Date": 1890, "Last_Date": 0, "Type": "Brewing", "Products": null, "QualityCon": "1", "Full_name": null, "Short_name": null, "Web_Link": null, "London_Fir": 0, "Londo_1st_": 1, "Web_refere": null }, "geometry": { "type": "Polygon", "coordinates": [ [ [ -0.125157, 51.483615 ], [ -0.124861, 51.484115 ], [ -0.124552, 51.484075 ], [ -0.124542, 51.484086 ], [ -0.124222, 51.484101 ], [ -0.124359, 51.483973 ], [ -0.124595, 51.48375 ], [ -0.124813, 51.483577 ], [ -0.125157, 51.483615 ] ] ] } },
{ "type": "Feature", "properties": { "Map_Name": "Window Blind Works", "First_Date": 1890, "Last_Date": 0, "Type": "Furnishings", "Products": "Window Blinds", "QualityCon": "1", "Full_name": null, "Short_name": null, "Web_Link": null, "London_Fir": 0, "Londo_1st_": 1, "Web_refere": null }, "geometry": { "type": "Polygon", "coordinates": [ [ [ -0.123868, 51.483951 ], [ -0.123692, 51.483928 ], [ -0.123704, 51.483869 ], [ -0.12368, 51.483869 ], [ -0.123657, 51.483964 ], [ -0.123585, 51.483962 ], [ -0.123578, 51.484003 ], [ -0.123369, 51.48399 ], [ -0.123381, 51.483946 ], [ -0.12336, 51.483944 ], [ -0.123369, 51.4839 ], [ -0.123349, 51.4839 ], [ -0.123351, 51.483877 ], [ -0.123379, 51.483877 ], [ -0.123391, 51.483818 ], [ -0.123401, 51.483818 ], [ -0.123404, 51.483805 ], [ -0.12342, 51.483804 ], [ -0.123449, 51.483725 ], [ -0.123617, 51.483744 ], [ -0.123612, 51.483753 ], [ -0.123903, 51.483784 ], [ -0.12389, 51.483838 ], [ -0.123985, 51.483853 ], [ -0.123868, 51.483951 ] ] ] } },
{ "type": "Feature", "properties": { "Map_Name": "Vinegar, British Wine & Mineral Water Manufactory", "First_Date": 1860, "Last_Date": 0, "Type": "Food", "Products": null, "QualityCon": "1", "Full_name": null, "Short_name": null, "Web_Link": null, "London_Fir": 1, "Londo_1st_": 1, "Web_refere": null }, "geometry": { "type": "Polygon", "coordinates": [ [ [ -0.124033, 51.481163 ], [ -0.123658, 51.481241 ], [ -0.122821, 51.481429 ], [ -0.122837, 51.481488 ], [ -0.12239, 51.481574 ], [ -0.122373, 51.481544 ], [ -0.122281, 51.481555 ], [ -0.122267, 51.481532 ], [ -0.122172, 51.481554 ], [ -0.122094, 51.481415 ], [ -0.122182, 51.481398 ], [ -0.122154, 51.481327 ], [ -0.122069, 51.481154 ], [ -0.122006, 51.481018 ], [ -0.121922, 51.480858 ], [ -0.122113, 51.480851 ], [ -0.122417, 51.480842 ], [ -0.123771, 51.480629 ], [ -0.123852, 51.480816 ], [ -0.123837, 51.480823 ], [ -0.124001, 51.481108 ], [ -0.124064, 51.481095 ], [ -0.124087, 51.481131 ], [ -0.124022, 51.481144 ], [ -0.124033, 51.481163 ] ] ] } },
{ "type": "Feature", "properties": { "Map_Name": "Westminster Brewery", "First_Date": 1860, "Last_Date": 0, "Type": "Brewing", "Products": null, "QualityCon": "1", "Full_name": null, "Short_name": null, "Web_Link": null, "London_Fir": 1, "Londo_1st_": 1, "Web_refere": null }, "geometry": { "type": "Polygon", "coordinates": [ [ [ -0.128982, 51.494845 ], [ -0.128558, 51.494841 ], [ -0.128584, 51.494001 ], [ -0.128991, 51.493997 ], [ -0.128982, 51.494845 ] ] ] } },
{ "type": "Feature", "properties": { "Map_Name": "Millbank Distillery (Gin)", "First_Date": 1860, "Last_Date": 0, "Type": "Distillery", "Products": null, "QualityCon": "1", "Full_name": null, "Short_name": null, "Web_Link": null, "London_Fir": 1, "Londo_1st_": 1, "Web_refere": null }, "geometry": { "type": "Polygon", "coordinates": [ [ [ -0.126606, 51.494787 ], [ -0.125421, 51.494762 ], [ -0.125374, 51.494554 ], [ -0.126084, 51.494557 ], [ -0.126089, 51.494451 ], [ -0.1266, 51.494444 ], [ -0.126606, 51.494787 ], [ -0.126606, 51.494787 ] ] ] } },
{ "type": "Feature", "properties": { "Map_Name": "Cab & Noiseless Tyre Works", "First_Date": 1890, "Last_Date": 0, "Type": "Rubber and Gutta-Percha", "Products": null, "QualityCon": "1", "Full_name": null, "Short_name": null, "Web_Link": null, "London_Fir": 0, "Londo_1st_": 1, "Web_refere": null }, "geometry": { "type": "Polygon", "coordinates": [ [ [ -0.129817, 51.494138 ], [ -0.129373, 51.494138 ], [ -0.129374, 51.493995 ], [ -0.129813, 51.493989 ], [ -0.129817, 51.494138 ] ] ] } },
{ "type": "Feature", "properties": { "Map_Name": "Pianoforte Manufactory", "First_Date": 1860, "Last_Date": 0, "Type": "General", "Products": null, "QualityCon": "1", "Full_name": null, "Short_name": null, "Web_Link": null, "London_Fir": 1, "Londo_1st_": 1, "Web_refere": null }, "geometry": { "type": "Polygon", "coordinates": [ [ [ -0.130841, 51.494834 ], [ -0.130102, 51.494828 ], [ -0.130078, 51.493984 ], [ -0.130818, 51.493974 ], [ -0.130841, 51.494834 ] ] ] } },
{ "type": "Feature", "properties": { "Map_Name": "Carriage Manufactory", "First_Date": 1890, "Last_Date": 0, "Type": "General", "Products": null, "QualityCon": "1", "Full_name": null, "Short_name": null, "Web_Link": null, "London_Fir": 0, "Londo_1st_": 1, "Web_refere": null }, "geometry": { "type": "Polygon", "coordinates": [ [ [ -0.148543, 51.494276 ], [ -0.148259, 51.494141 ], [ -0.148213, 51.494181 ], [ -0.147942, 51.494103 ], [ -0.148081, 51.493935 ], [ -0.148361, 51.494021 ], [ -0.148374, 51.494014 ], [ -0.148682, 51.494159 ], [ -0.148543, 51.494276 ] ] ] } },
{ "type": "Feature", "properties": { "Map_Name": "Pimlico Patent Wheel Works", "First_Date": 1860, "Last_Date": 0, "Type": "General", "Products": null, "QualityCon": "1", "Full_name": null, "Short_name": null, "Web_Link": null, "London_Fir": 1, "Londo_1st_": 1, "Web_refere": null }, "geometry": { "type": "Polygon", "coordinates": [ [ [ -0.146673, 51.49382 ], [ -0.145892, 51.493607 ], [ -0.146063, 51.493356 ], [ -0.14685, 51.493567 ], [ -0.146673, 51.49382 ] ] ] } },
{ "type": "Feature", "properties": { "Map_Name": "Lambeth Pottery", "First_Date": 1860, "Last_Date": 0, "Type": "General", "Products": null, "QualityCon": "1", "Full_name": null, "Short_name": null, "Web_Link": null, "London_Fir": 1, "Londo_1st_": 1, "Web_refere": null }, "geometry": { "type": "Polygon", "coordinates": [ [ [ -0.120897, 51.494236 ], [ -0.120177, 51.494201 ], [ -0.119667, 51.494129 ], [ -0.119676, 51.493932 ], [ -0.119716, 51.493741 ], [ -0.120032, 51.49376 ], [ -0.12007, 51.493544 ], [ -0.120625, 51.493583 ], [ -0.121129, 51.49365 ], [ -0.121204, 51.493672 ], [ -0.121114, 51.493927 ], [ -0.12101, 51.494119 ], [ -0.120897, 51.494236 ] ] ] } },
{ "type": "Feature", "properties": { "Map_Name": "Candle Manufactory", "First_Date": 1860, "Last_Date": 0, "Type": "Soap Candle Tallow and Oil", "Products": null, "QualityCon": "1", "Full_name": null, "Short_name": "Candle Manufactory", "Web_Link": null, "London_Fir": 1, "Londo_1st_": 1, "Web_refere": null }, "geometry": { "type": "Polygon", "coordinates": [ [ [ -0.11955, 51.494038 ], [ -0.119587, 51.494382 ], [ -0.119698, 51.4947 ], [ -0.118349, 51.494895 ], [ -0.118315, 51.4944 ], [ -0.118301, 51.493946 ], [ -0.11955, 51.494038 ] ] ] } },
{ "type": "Feature", "properties": { "Map_Name": "London Pottery", "First_Date": 1860, "Last_Date": 0, "Type": "General", "Products": null, "QualityCon": "1", "Full_name": null, "Short_name": null, "Web_Link": null, "London_Fir": 1, "Londo_1st_": 1, "Web_refere": null }, "geometry": { "type": "Polygon", "coordinates": [ [ [ -0.121349, 51.493344 ], [ -0.120798, 51.49327 ], [ -0.12049, 51.493235 ], [ -0.120512, 51.493205 ], [ -0.120299, 51.493182 ], [ -0.120738, 51.492784 ], [ -0.121027, 51.492407 ], [ -0.121085, 51.492322 ], [ -0.121597, 51.49245 ], [ -0.121528, 51.492604 ], [ -0.121633, 51.492622 ], [ -0.121349, 51.493344 ] ] ] } },
{ "type": "Feature", "properties": { "Map_Name": "Lambeth Pottery", "First_Date": 1860, "Last_Date": 0, "Type": "General", "Products": null, "QualityCon": "1", "Full_name": null, "Short_name": null, "Web_Link": null, "London_Fir": 1, "Londo_1st_": 1, "Web_refere": null }, "geometry": { "type": "Polygon", "coordinates": [ [ [ -0.120551, 51.492825 ], [ -0.119757, 51.492635 ], [ -0.118987, 51.492509 ], [ -0.119644, 51.492037 ], [ -0.120828, 51.492272 ], [ -0.120994, 51.492309 ], [ -0.120551, 51.492825 ] ] ] } },
{ "type": "Feature", "properties": { "Map_Name": "Lambeth Pottery", "First_Date": 1890, "Last_Date": 0, "Type": "General", "Products": null, "QualityCon": "1", "Full_name": null, "Short_name": null, "Web_Link": null, "London_Fir": 0, "Londo_1st_": 1, "Web_refere": null }, "geometry": { "type": "Polygon", "coordinates": [ [ [ -0.121183, 51.49225 ], [ -0.120414, 51.492094 ], [ -0.120746, 51.491533 ], [ -0.121617, 51.491709 ], [ -0.12162, 51.491799 ], [ -0.121569, 51.491948 ], [ -0.121394, 51.491915 ], [ -0.121183, 51.49225 ] ] ] } },
{ "type": "Feature", "properties": { "Map_Name": "Saw Mill", "First_Date": 1860, "Last_Date": 0, "Type": "Timber Mill", "Products": null, "QualityCon": "1", "Full_name": null, "Short_name": null, "Web_Link": null, "London_Fir": 1, "Londo_1st_": 1, "Web_refere": null }, "geometry": { "type": "Polygon", "coordinates": [ [ [ -0.126576, 51.493274 ], [ -0.12589, 51.493283 ], [ -0.125887, 51.493058 ], [ -0.126556, 51.493049 ], [ -0.126576, 51.493274 ] ] ] } },
{ "type": "Feature", "properties": { "Map_Name": "Gin & Vinegar Distillery", "First_Date": 1860, "Last_Date": 0, "Type": "Distillery", "Products": null, "QualityCon": "1", "Full_name": null, "Short_name": null, "Web_Link": null, "London_Fir": 1, "Londo_1st_": 1, "Web_refere": null }, "geometry": { "type": "Polygon", "coordinates": [ [ [ -0.125162, 51.487167 ], [ -0.125256, 51.487191 ], [ -0.125143, 51.48734 ], [ -0.12507, 51.487322 ], [ -0.125028, 51.487312 ], [ -0.125006, 51.487325 ], [ -0.124911, 51.487403 ], [ -0.124791, 51.487376 ], [ -0.124642, 51.487347 ], [ -0.12457, 51.487413 ], [ -0.124412, 51.48762 ], [ -0.124278, 51.487686 ], [ -0.124257, 51.487665 ], [ -0.124296, 51.487622 ], [ -0.124316, 51.487582 ], [ -0.124339, 51.487542 ], [ -0.124325, 51.487506 ], [ -0.124286, 51.48749 ], [ -0.124093, 51.487445 ], [ -0.124052, 51.487477 ], [ -0.123991, 51.487461 ], [ -0.123966, 51.487479 ], [ -0.123752, 51.487436 ], [ -0.123745, 51.48744 ], [ -0.12341, 51.487427 ], [ -0.123425, 51.487364 ], [ -0.12366, 51.487364 ], [ -0.12379, 51.487395 ], [ -0.123904, 51.487225 ], [ -0.123976, 51.487234 ], [ -0.124452, 51.487232 ], [ -0.124472, 51.487261 ], [ -0.124886, 51.487351 ], [ -0.124959, 51.487295 ], [ -0.125007, 51.487218 ], [ -0.12511, 51.487242 ], [ -0.125162, 51.487167 ] ] ] } },
{ "type": "Feature", "properties": { "Map_Name": "Royal Flour Mill", "First_Date": 1890, "Last_Date": 0, "Type": "Grain Mill", "Products": null, "QualityCon": "1", "Full_name": null, "Short_name": null, "Web_Link": null, "London_Fir": 0, "Londo_1st_": 1, "Web_refere": null }, "geometry": { "type": "Polygon", "coordinates": [ [ [ -0.123996, 51.488546 ], [ -0.123323, 51.488455 ], [ -0.123362, 51.488157 ], [ -0.12413, 51.488259 ], [ -0.124062, 51.488347 ], [ -0.123996, 51.488546 ] ] ] } },
{ "type": "Feature", "properties": { "Map_Name": "Wagon, Van & Cart Works", "First_Date": 1890, "Last_Date": 0, "Type": "General", "Products": null, "QualityCon": "1", "Full_name": null, "Short_name": null, "Web_Link": null, "London_Fir": 0, "Londo_1st_": 1, "Web_refere": null }, "geometry": { "type": "Polygon", "coordinates": [ [ [ -0.122888, 51.488859 ], [ -0.122905, 51.489055 ], [ -0.122879, 51.489224 ], [ -0.122691, 51.4898 ], [ -0.122354, 51.489755 ], [ -0.122528, 51.489386 ], [ -0.1226, 51.489193 ], [ -0.122651, 51.488848 ], [ -0.122888, 51.488859 ] ] ] } },
{ "type": "Feature", "properties": { "Map_Name": "Albion Works (Engineering)", "First_Date": 1860, "Last_Date": 0, "Type": "Engineering", "Products": null, "QualityCon": "1", "Full_name": null, "Short_name": null, "Web_Link": null, "London_Fir": 1, "Londo_1st_": 1, "Web_refere": null }, "geometry": { "type": "Polygon", "coordinates": [ [ [ -0.132879, 51.493653 ], [ -0.132451, 51.493655 ], [ -0.132443, 51.493392 ], [ -0.132459, 51.493383 ], [ -0.13246, 51.493345 ], [ -0.132813, 51.493337 ], [ -0.132813, 51.49336 ], [ -0.132824, 51.49336 ], [ -0.132824, 51.493378 ], [ -0.13287, 51.493377 ], [ -0.132879, 51.493653 ] ] ] } },
{ "type": "Feature", "properties": { "Map_Name": "Engineering Works", "First_Date": 1890, "Last_Date": 0, "Type": "Engineering", "Products": null, "QualityCon": "1", "Full_name": null, "Short_name": null, "Web_Link": null, "London_Fir": 0, "Londo_1st_": 1, "Web_refere": null }, "geometry": { "type": "Polygon", "coordinates": [ [ [ -0.13161, 51.493009 ], [ -0.132255, 51.492991 ], [ -0.13228, 51.493844 ], [ -0.131582, 51.493853 ], [ -0.13161, 51.493009 ] ] ] } },
{ "type": "Feature", "properties": { "Map_Name": "College Marble Works", "First_Date": 1860, "Last_Date": 0, "Type": "Building", "Products": null, "QualityCon": "1", "Full_name": null, "Short_name": null, "Web_Link": null, "London_Fir": 1, "Londo_1st_": 1, "Web_refere": null }, "geometry": { "type": "Polygon", "coordinates": [ [ [ -0.131599, 51.493331 ], [ -0.131582, 51.493853 ], [ -0.131141, 51.493859 ], [ -0.131125, 51.493353 ], [ -0.131599, 51.493331 ] ] ] } },
{ "type": "Feature", "properties": { "Map_Name": "Stone Yard", "First_Date": 1890, "Last_Date": 0, "Type": "Building", "Products": null, "QualityCon": "1", "Full_name": null, "Short_name": null, "Web_Link": null, "London_Fir": 0, "Londo_1st_": 1, "Web_refere": null }, "geometry": { "type": "Polygon", "coordinates": [ [ [ -0.130344, 51.493206 ], [ -0.130386, 51.493886 ], [ -0.129414, 51.493888 ], [ -0.129379, 51.493295 ], [ -0.129503, 51.493262 ], [ -0.129784, 51.493256 ], [ -0.129793, 51.493198 ], [ -0.129917, 51.493189 ], [ -0.129922, 51.493231 ], [ -0.130344, 51.493206 ] ] ] } },
{ "type": "Feature", "properties": { "Map_Name": "Saw Mill", "First_Date": 1860, "Last_Date": 0, "Type": "Timber Mill", "Products": null, "QualityCon": "1", "Full_name": null, "Short_name": null, "Web_Link": null, "London_Fir": 1, "Londo_1st_": 1, "Web_refere": null }, "geometry": { "type": "Polygon", "coordinates": [ [ [ -0.130344, 51.493206 ], [ -0.129922, 51.493231 ], [ -0.129917, 51.493189 ], [ -0.129793, 51.493198 ], [ -0.129784, 51.493256 ], [ -0.129503, 51.493262 ], [ -0.129379, 51.493295 ], [ -0.129414, 51.493888 ], [ -0.129171, 51.493888 ], [ -0.12915, 51.493081 ], [ -0.130333, 51.493042 ], [ -0.130344, 51.493206 ] ] ] } },
{ "type": "Feature", "properties": { "Map_Name": "Vincent Works", "First_Date": 1890, "Last_Date": 0, "Type": "Engineering", "Products": null, "QualityCon": "1", "Full_name": null, "Short_name": null, "Web_Link": null, "London_Fir": 0, "Londo_1st_": 1, "Web_refere": null }, "geometry": { "type": "Polygon", "coordinates": [ [ [ -0.132242, 51.492887 ], [ -0.13131, 51.492916 ], [ -0.131294, 51.492655 ], [ -0.131426, 51.492432 ], [ -0.132218, 51.492418 ], [ -0.132242, 51.492887 ] ] ] } },
{ "type": "Feature", "properties": { "Map_Name": "Ranelagh Works (Gas Meter)", "First_Date": 1860, "Last_Date": 0, "Type": "Coal Gas", "Products": null, "QualityCon": "1", "Full_name": null, "Short_name": null, "Web_Link": null, "London_Fir": 1, "Londo_1st_": 1, "Web_refere": null }, "geometry": { "type": "Polygon", "coordinates": [ [ [ -0.139239, 51.486253 ], [ -0.138754, 51.486326 ], [ -0.138587, 51.485928 ], [ -0.139088, 51.48586 ], [ -0.139239, 51.486253 ] ] ] } },
{ "type": "Feature", "properties": { "Map_Name": "Oakley Works (Engineering)", "First_Date": 1890, "Last_Date": 0, "Type": "Engineering", "Products": null, "QualityCon": "1", "Full_name": null, "Short_name": null, "Web_Link": null, "London_Fir": 0, "Londo_1st_": 1, "Web_refere": null }, "geometry": { "type": "Polygon", "coordinates": [ [ [ -0.166039, 51.485268 ], [ -0.165558, 51.485395 ], [ -0.165457, 51.485231 ], [ -0.165938, 51.485112 ], [ -0.166039, 51.485268 ] ] ] } },
{ "type": "Feature", "properties": { "Map_Name": "Cabinet Works", "First_Date": 1890, "Last_Date": 0, "Type": "Furnishings", "Products": null, "QualityCon": "1", "Full_name": null, "Short_name": null, "Web_Link": null, "London_Fir": 0, "Londo_1st_": 1, "Web_refere": null }, "geometry": { "type": "Polygon", "coordinates": [ [ [ -0.178739, 51.484214 ], [ -0.178234, 51.484466 ], [ -0.178137, 51.484397 ], [ -0.178655, 51.484141 ], [ -0.178739, 51.484214 ] ] ] } },
{ "type": "Feature", "properties": { "Map_Name": "Flour Industry", "First_Date": 1860, "Last_Date": 0, "Type": "Grain Mill", "Products": null, "QualityCon": "1", "Full_name": null, "Short_name": null, "Web_Link": null, "London_Fir": 1, "Londo_1st_": 1, "Web_refere": null }, "geometry": { "type": "Polygon", "coordinates": [ [ [ -0.11955, 51.501263 ], [ -0.119221, 51.501228 ], [ -0.119212, 51.501037 ], [ -0.119565, 51.501057 ], [ -0.11955, 51.501263 ] ] ] } },
{ "type": "Feature", "properties": { "Map_Name": "Crown Works", "First_Date": 1890, "Last_Date": 0, "Type": "General", "Products": null, "QualityCon": "1", "Full_name": null, "Short_name": null, "Web_Link": null, "London_Fir": 0, "Londo_1st_": 1, "Web_refere": null }, "geometry": { "type": "Polygon", "coordinates": [ [ [ -0.117817, 51.501612 ], [ -0.117622, 51.501551 ], [ -0.117653, 51.501512 ], [ -0.117584, 51.501493 ], [ -0.1175, 51.501543 ], [ -0.117455, 51.501614 ], [ -0.117375, 51.501589 ], [ -0.11758, 51.501278 ], [ -0.11816, 51.501384 ], [ -0.118139, 51.501425 ], [ -0.117908, 51.501388 ], [ -0.117817, 51.501612 ] ] ] } },
{ "type": "Feature", "properties": { "Map_Name": "Cooperage", "First_Date": 1890, "Last_Date": 0, "Type": "Cooperage", "Products": null, "QualityCon": "1", "Full_name": null, "Short_name": null, "Web_Link": null, "London_Fir": 0, "Londo_1st_": 1, "Web_refere": null }, "geometry": { "type": "Polygon", "coordinates": [ [ [ -0.117854, 51.501547 ], [ -0.117844, 51.501545 ], [ -0.117913, 51.501384 ], [ -0.118139, 51.501425 ], [ -0.118105, 51.501507 ], [ -0.117989, 51.501491 ], [ -0.117963, 51.501566 ], [ -0.117854, 51.501546 ], [ -0.117854, 51.501547 ] ] ] } },
{ "type": "Feature", "properties": { "Map_Name": "India Rubber Works", "First_Date": 1890, "Last_Date": 0, "Type": "Rubber and Gutta-Percha", "Products": null, "QualityCon": "1", "Full_name": null, "Short_name": null, "Web_Link": null, "London_Fir": 0, "Londo_1st_": 1, "Web_refere": null }, "geometry": { "type": "Polygon", "coordinates": [ [ [ -0.117455, 51.501614 ], [ -0.1175, 51.501543 ], [ -0.117584, 51.501493 ], [ -0.117653, 51.501512 ], [ -0.117622, 51.501551 ], [ -0.117817, 51.501612 ], [ -0.117794, 51.501669 ], [ -0.117772, 51.501713 ], [ -0.117455, 51.501614 ] ] ] } },
{ "type": "Feature", "properties": { "Map_Name": "Jam & Pickle Factory", "First_Date": 1890, "Last_Date": 0, "Type": "Food", "Products": null, "QualityCon": "1", "Full_name": null, "Short_name": null, "Web_Link": null, "London_Fir": 0, "Londo_1st_": 1, "Web_refere": null }, "geometry": { "type": "Polygon", "coordinates": [ [ [ -0.119112, 51.502273 ], [ -0.118231, 51.502094 ], [ -0.118349, 51.501727 ], [ -0.119167, 51.50188 ], [ -0.119112, 51.502273 ] ] ] } },
{ "type": "Feature", "properties": { "Map_Name": "Distillery", "First_Date": 1890, "Last_Date": 0, "Type": "Distillery", "Products": null, "QualityCon": "1", "Full_name": null, "Short_name": null, "Web_Link": null, "London_Fir": 0, "Londo_1st_": 1, "Web_refere": null }, "geometry": { "type": "Polygon", "coordinates": [ [ [ -0.117846, 51.502474 ], [ -0.117661, 51.502427 ], [ -0.117042, 51.502245 ], [ -0.116813, 51.502116 ], [ -0.117132, 51.501628 ], [ -0.117869, 51.501844 ], [ -0.118111, 51.501903 ], [ -0.118032, 51.502171 ], [ -0.117846, 51.502474 ] ] ] } },
{ "type": "Feature", "properties": { "Map_Name": "Saw Mill", "First_Date": 1860, "Last_Date": 0, "Type": "Timber Mill", "Products": null, "QualityCon": "1", "Full_name": null, "Short_name": null, "Web_Link": null, "London_Fir": 1, "Londo_1st_": 1, "Web_refere": null }, "geometry": { "type": "Polygon", "coordinates": [ [ [ -0.117805, 51.503313 ], [ -0.117307, 51.50324 ], [ -0.117354, 51.50314 ], [ -0.117473, 51.503003 ], [ -0.117515, 51.503021 ], [ -0.117888, 51.503076 ], [ -0.117805, 51.503313 ] ] ] } },
{ "type": "Feature", "properties": { "Map_Name": "Saw Mill", "First_Date": 1860, "Last_Date": 0, "Type": "Timber Mill", "Products": null, "QualityCon": "1", "Full_name": null, "Short_name": null, "Web_Link": null, "London_Fir": 1, "Londo_1st_": 1, "Web_refere": null }, "geometry": { "type": "Polygon", "coordinates": [ [ [ -0.118939, 51.503251 ], [ -0.118629, 51.50321 ], [ -0.118644, 51.503151 ], [ -0.118535, 51.50314 ], [ -0.118542, 51.503119 ], [ -0.118263, 51.503076 ], [ -0.118301, 51.502955 ], [ -0.11882, 51.503024 ], [ -0.118799, 51.503095 ], [ -0.118923, 51.503104 ], [ -0.11891, 51.503144 ], [ -0.11894, 51.50315 ], [ -0.118939, 51.503251 ] ] ] } },
{ "type": "Feature", "properties": { "Map_Name": "York Street Works (Iron & Brass)", "First_Date": 1890, "Last_Date": 0, "Type": "Metal", "Products": "Iron and Brass", "QualityCon": "1", "Full_name": null, "Short_name": null, "Web_Link": null, "London_Fir": 0, "Londo_1st_": 1, "Web_refere": null }, "geometry": { "type": "Polygon", "coordinates": [ [ [ -0.115504, 51.501105 ], [ -0.115464, 51.50117 ], [ -0.115348, 51.501271 ], [ -0.115177, 51.501215 ], [ -0.115145, 51.501251 ], [ -0.114913, 51.501414 ], [ -0.114782, 51.501319 ], [ -0.114831, 51.501125 ], [ -0.115036, 51.500955 ], [ -0.115504, 51.501105 ] ] ] } },
{ "type": "Feature", "properties": { "Map_Name": "Candle & Night Light Works", "First_Date": 1860, "Last_Date": 0, "Type": "Soap Candle Tallow and Oil", "Products": null, "QualityCon": "1", "Full_name": null, "Short_name": "Candle & Night Light Works", "Web_Link": null, "London_Fir": 1, "Londo_1st_": 1, "Web_refere": null }, "geometry": { "type": "Polygon", "coordinates": [ [ [ -0.115852, 51.49897 ], [ -0.115632, 51.499067 ], [ -0.115774, 51.499242 ], [ -0.115646, 51.499289 ], [ -0.115619, 51.499266 ], [ -0.115576, 51.499275 ], [ -0.115489, 51.499185 ], [ -0.115505, 51.499166 ], [ -0.115427, 51.499061 ], [ -0.115327, 51.499006 ], [ -0.115082, 51.498913 ], [ -0.114846, 51.498826 ], [ -0.114923, 51.49867 ], [ -0.115852, 51.49897 ] ] ] } },
{ "type": "Feature", "properties": { "Map_Name": "Oil Factory", "First_Date": 1860, "Last_Date": 0, "Type": "Oil and Petroleum", "Products": null, "QualityCon": "1", "Full_name": null, "Short_name": "Oil Factory", "Web_Link": null, "London_Fir": 1, "Londo_1st_": 1, "Web_refere": null }, "geometry": { "type": "Polygon", "coordinates": [ [ [ -0.125612, 51.497048 ], [ -0.125343, 51.496996 ], [ -0.124776, 51.496954 ], [ -0.1248, 51.496787 ], [ -0.125355, 51.496831 ], [ -0.125681, 51.496881 ], [ -0.125612, 51.497048 ] ] ] } },
{ "type": "Feature", "properties": { "Map_Name": "Electric Supply Station", "First_Date": 1890, "Last_Date": 0, "Type": "Electrical", "Products": null, "QualityCon": "1", "Full_name": null, "Short_name": null, "Web_Link": null, "London_Fir": 0, "Londo_1st_": 1, "Web_refere": null }, "geometry": { "type": "Polygon", "coordinates": [ [ [ -0.124814, 51.496609 ], [ -0.125697, 51.496581 ], [ -0.125667, 51.49684 ], [ -0.125523, 51.496818 ], [ -0.12551, 51.496854 ], [ -0.125218, 51.496817 ], [ -0.124804, 51.496785 ], [ -0.124814, 51.496609 ] ] ] } },
{ "type": "Feature", "properties": { "Map_Name": "Cement Works", "First_Date": 1860, "Last_Date": 0, "Type": "Building", "Products": null, "QualityCon": "1", "Full_name": null, "Short_name": null, "Web_Link": null, "London_Fir": 1, "Londo_1st_": 1, "Web_refere": null }, "geometry": { "type": "Polygon", "coordinates": [ [ [ -0.124822, 51.496434 ], [ -0.124828, 51.49624 ], [ -0.125124, 51.496229 ], [ -0.125128, 51.49629 ], [ -0.125146, 51.49629 ], [ -0.125252, 51.496289 ], [ -0.125255, 51.496311 ], [ -0.125408, 51.496307 ], [ -0.125419, 51.496369 ], [ -0.125309, 51.496372 ], [ -0.125307, 51.496381 ], [ -0.125183, 51.496386 ], [ -0.12519, 51.496422 ], [ -0.124822, 51.496434 ] ] ] } },
{ "type": "Feature", "properties": { "Map_Name": "Gas Meter Works", "First_Date": 1890, "Last_Date": 0, "Type": "Engineering", "Products": null, "QualityCon": "1", "Full_name": null, "Short_name": null, "Web_Link": null, "London_Fir": 0, "Londo_1st_": 1, "Web_refere": null }, "geometry": { "type": "Polygon", "coordinates": [ [ [ -0.126609, 51.496515 ], [ -0.126335, 51.496519 ], [ -0.126316, 51.496226 ], [ -0.126584, 51.496215 ], [ -0.126609, 51.496515 ] ] ] } },
{ "type": "Feature", "properties": { "Map_Name": "Carriage Works", "First_Date": 1890, "Last_Date": 0, "Type": "General", "Products": null, "QualityCon": "1", "Full_name": null, "Short_name": null, "Web_Link": null, "London_Fir": 0, "Londo_1st_": 1, "Web_refere": null }, "geometry": { "type": "Polygon", "coordinates": [ [ [ -0.126097, 51.496342 ], [ -0.126074, 51.496128 ], [ -0.126287, 51.496111 ], [ -0.126308, 51.496343 ], [ -0.126097, 51.496342 ] ] ] } },
{ "type": "Feature", "properties": { "Map_Name": "Westminster Wagon & Wheel Works", "First_Date": 1890, "Last_Date": 0, "Type": "General", "Products": null, "QualityCon": "1", "Full_name": null, "Short_name": null, "Web_Link": null, "London_Fir": 0, "Londo_1st_": 1, "Web_refere": null }, "geometry": { "type": "Polygon", "coordinates": [ [ [ -0.126722, 51.496825 ], [ -0.126382, 51.496825 ], [ -0.126395, 51.49668 ], [ -0.126442, 51.496683 ], [ -0.126442, 51.496521 ], [ -0.12671, 51.496514 ], [ -0.126722, 51.496825 ] ] ] } },
{ "type": "Feature", "properties": { "Map_Name": "Imperial Flour Mills", "First_Date": 1860, "Last_Date": 0, "Type": "Grain Mill", "Products": null, "QualityCon": "1", "Full_name": null, "Short_name": null, "Web_Link": null, "London_Fir": 1, "Londo_1st_": 1, "Web_refere": null }, "geometry": { "type": "Polygon", "coordinates": [ [ [ -0.124831, 51.496163 ], [ -0.125255, 51.49614 ], [ -0.125258, 51.496079 ], [ -0.125533, 51.496065 ], [ -0.125545, 51.496217 ], [ -0.125548, 51.496301 ], [ -0.125255, 51.496311 ], [ -0.125252, 51.496289 ], [ -0.125128, 51.49629 ], [ -0.125126, 51.496229 ], [ -0.124833, 51.496237 ], [ -0.124831, 51.496163 ] ] ] } },
{ "type": "Feature", "properties": { "Map_Name": "Iron Foundry", "First_Date": 1860, "Last_Date": 0, "Type": "Metal", "Products": "Iron", "QualityCon": "1", "Full_name": null, "Short_name": null, "Web_Link": null, "London_Fir": 1, "Londo_1st_": 1, "Web_refere": null }, "geometry": { "type": "Polygon", "coordinates": [ [ [ -0.115735, 51.504277 ], [ -0.115503, 51.504199 ], [ -0.115646, 51.50405 ], [ -0.11587, 51.50413 ], [ -0.115735, 51.504277 ] ] ] } },
{ "type": "Feature", "properties": { "Map_Name": "Moulding Works", "First_Date": 1860, "Last_Date": 0, "Type": "General", "Products": "Moulding", "QualityCon": "1", "Full_name": null, "Short_name": null, "Web_Link": null, "London_Fir": 1, "Londo_1st_": 1, "Web_refere": null }, "geometry": { "type": "Polygon", "coordinates": [ [ [ -0.116758, 51.504157 ], [ -0.116637, 51.504462 ], [ -0.116585, 51.504474 ], [ -0.116348, 51.504299 ], [ -0.11633, 51.504272 ], [ -0.116388, 51.504109 ], [ -0.116407, 51.504105 ], [ -0.116425, 51.504084 ], [ -0.116758, 51.504157 ] ] ] } },
{ "type": "Feature", "properties": { "Map_Name": "Lion Brewery", "First_Date": 1860, "Last_Date": 0, "Type": "Brewing", "Products": null, "QualityCon": "1", "Full_name": null, "Short_name": null, "Web_Link": null, "London_Fir": 1, "Londo_1st_": 1, "Web_refere": null }, "geometry": { "type": "MultiPolygon", "coordinates": [ [ [ [ -0.11533, 51.505382 ], [ -0.115564, 51.50527 ], [ -0.115686, 51.50535 ], [ -0.115804, 51.505298 ], [ -0.115922, 51.50539 ], [ -0.116047, 51.505375 ], [ -0.116042, 51.505428 ], [ -0.115932, 51.505445 ], [ -0.115757, 51.505686 ], [ -0.115685, 51.505668 ], [ -0.11533, 51.505382 ] ] ], [ [ [ -0.116984, 51.505582 ], [ -0.117053, 51.505547 ], [ -0.117613, 51.505735 ], [ -0.117583, 51.505776 ], [ -0.117689, 51.50581 ], [ -0.117524, 51.506034 ], [ -0.116807, 51.505807 ], [ -0.116984, 51.505582 ] ] ] ] } },
{ "type": "Feature", "properties": { "Map_Name": "Lead Works", "First_Date": 1860, "Last_Date": 0, "Type": "Metal", "Products": "Lead", "QualityCon": "1", "Full_name": null, "Short_name": null, "Web_Link": null, "London_Fir": 1, "Londo_1st_": 1, "Web_refere": null }, "geometry": { "type": "Polygon", "coordinates": [ [ [ -0.116422, 51.506799 ], [ -0.115889, 51.506409 ], [ -0.116135, 51.506284 ], [ -0.116159, 51.506294 ], [ -0.116223, 51.506228 ], [ -0.11691, 51.506578 ], [ -0.116806, 51.506649 ], [ -0.116422, 51.506799 ] ] ] } },
{ "type": "Feature", "properties": { "Map_Name": "Victoria Works", "First_Date": 1890, "Last_Date": 0, "Type": "Electrical", "Products": null, "QualityCon": "1", "Full_name": null, "Short_name": null, "Web_Link": null, "London_Fir": 0, "Londo_1st_": 1, "Web_refere": null }, "geometry": { "type": "Polygon", "coordinates": [ [ [ -0.116202, 51.504697 ], [ -0.115911, 51.504578 ], [ -0.115806, 51.504702 ], [ -0.115855, 51.504715 ], [ -0.115793, 51.504784 ], [ -0.115734, 51.504761 ], [ -0.115447, 51.504525 ], [ -0.115574, 51.504399 ], [ -0.115763, 51.504469 ], [ -0.115827, 51.504394 ], [ -0.115789, 51.504383 ], [ -0.115799, 51.504372 ], [ -0.11577, 51.504349 ], [ -0.115802, 51.5043 ], [ -0.116074, 51.504396 ], [ -0.116058, 51.504419 ], [ -0.116133, 51.50445 ], [ -0.116101, 51.504472 ], [ -0.116182, 51.504516 ], [ -0.116153, 51.504534 ], [ -0.1163, 51.504619 ], [ -0.116202, 51.504697 ] ] ] } },
{ "type": "Feature", "properties": { "Map_Name": "Printing Works", "First_Date": 1890, "Last_Date": 0, "Type": "Printing", "Products": null, "QualityCon": "1", "Full_name": null, "Short_name": null, "Web_Link": null, "London_Fir": 0, "Londo_1st_": 1, "Web_refere": null }, "geometry": { "type": "Polygon", "coordinates": [ [ [ -0.12686, 51.510512 ], [ -0.125848, 51.510607 ], [ -0.125776, 51.510332 ], [ -0.125954, 51.510317 ], [ -0.125958, 51.510334 ], [ -0.126671, 51.510267 ], [ -0.126672, 51.510242 ], [ -0.126846, 51.51023 ], [ -0.12686, 51.510512 ] ] ] } },
{ "type": "Feature", "properties": { "Map_Name": "Printing Works", "First_Date": 1890, "Last_Date": 0, "Type": "Printing", "Products": null, "QualityCon": "1", "Full_name": null, "Short_name": null, "Web_Link": null, "London_Fir": 0, "Londo_1st_": 1, "Web_refere": null }, "geometry": { "type": "Polygon", "coordinates": [ [ [ -0.126357, 51.510898 ], [ -0.12594, 51.51093 ], [ -0.12588, 51.510735 ], [ -0.126308, 51.510696 ], [ -0.126357, 51.510898 ] ] ] } },
{ "type": "Feature", "properties": { "Map_Name": "Soap & Candle Works", "First_Date": 1890, "Last_Date": 0, "Type": "Soap Candle Tallow and Oil", "Products": null, "QualityCon": "1", "Full_name": null, "Short_name": "Soap & Candle Works", "Web_Link": null, "London_Fir": 0, "Londo_1st_": 1, "Web_refere": null }, "geometry": { "type": "Polygon", "coordinates": [ [ [ -0.107435, 51.504125 ], [ -0.106934, 51.504141 ], [ -0.106707, 51.504144 ], [ -0.106704, 51.504054 ], [ -0.106711, 51.504052 ], [ -0.106707, 51.504031 ], [ -0.106706, 51.504009 ], [ -0.106787, 51.504006 ], [ -0.106925, 51.503985 ], [ -0.107067, 51.503964 ], [ -0.107341, 51.503928 ], [ -0.107469, 51.503906 ], [ -0.107509, 51.50398 ], [ -0.107551, 51.504118 ], [ -0.107458, 51.504132 ], [ -0.107435, 51.504125 ] ] ] } },
{ "type": "Feature", "properties": { "Map_Name": "Colingwood Works", "First_Date": 1890, "Last_Date": 0, "Type": "General", "Products": null, "QualityCon": "1", "Full_name": null, "Short_name": null, "Web_Link": null, "London_Fir": 0, "Londo_1st_": 1, "Web_refere": null }, "geometry": { "type": "Polygon", "coordinates": [ [ [ -0.107384, 51.504271 ], [ -0.106921, 51.504276 ], [ -0.106914, 51.504216 ], [ -0.106875, 51.504215 ], [ -0.106872, 51.504142 ], [ -0.107405, 51.504126 ], [ -0.107408, 51.504197 ], [ -0.107384, 51.504271 ] ] ] } },
{ "type": "Feature", "properties": { "Map_Name": "Collingwood Works", "First_Date": 1890, "Last_Date": 0, "Type": "General", "Products": null, "QualityCon": "1", "Full_name": null, "Short_name": null, "Web_Link": null, "London_Fir": 0, "Londo_1st_": 1, "Web_refere": null }, "geometry": { "type": "Polygon", "coordinates": [ [ [ -0.107323, 51.504455 ], [ -0.107158, 51.50448 ], [ -0.106786, 51.504466 ], [ -0.106781, 51.504402 ], [ -0.107154, 51.504401 ], [ -0.107159, 51.504412 ], [ -0.10732, 51.50441 ], [ -0.107323, 51.504455 ] ] ] } },
{ "type": "Feature", "properties": { "Map_Name": "Saw Mill", "First_Date": 1860, "Last_Date": 0, "Type": "Timber Mill", "Products": null, "QualityCon": "1", "Full_name": null, "Short_name": null, "Web_Link": null, "London_Fir": 1, "Londo_1st_": 1, "Web_refere": null }, "geometry": { "type": "Polygon", "coordinates": [ [ [ -0.107751, 51.506263 ], [ -0.107659, 51.506278 ], [ -0.107418, 51.50632 ], [ -0.107391, 51.506264 ], [ -0.107378, 51.506266 ], [ -0.107353, 51.50622 ], [ -0.1077, 51.50616 ], [ -0.107751, 51.506263 ] ] ] } },
{ "type": "Feature", "properties": { "Map_Name": "Lead Works", "First_Date": 1860, "Last_Date": 0, "Type": "Metal", "Products": "Lead", "QualityCon": "1", "Full_name": null, "Short_name": null, "Web_Link": null, "London_Fir": 1, "Londo_1st_": 1, "Web_refere": null }, "geometry": { "type": "Polygon", "coordinates": [ [ [ -0.113092, 51.507721 ], [ -0.112915, 51.507768 ], [ -0.112582, 51.50743 ], [ -0.112752, 51.507373 ], [ -0.113092, 51.507721 ] ] ] } },
{ "type": "Feature", "properties": { "Map_Name": "Crown Linoleum Works", "First_Date": 1860, "Last_Date": 0, "Type": "Furnishings", "Products": "Linoleum", "QualityCon": "1", "Full_name": null, "Short_name": null, "Web_Link": null, "London_Fir": 1, "Londo_1st_": 1, "Web_refere": null }, "geometry": { "type": "Polygon", "coordinates": [ [ [ -0.109463, 51.505373 ], [ -0.109477, 51.505401 ], [ -0.109425, 51.505406 ], [ -0.109417, 51.5054 ], [ -0.109361, 51.505403 ], [ -0.109239, 51.505411 ], [ -0.109208, 51.505346 ], [ -0.108935, 51.505383 ], [ -0.10888, 51.505251 ], [ -0.109377, 51.505179 ], [ -0.109463, 51.505373 ] ] ] } },
{ "type": "Feature", "properties": { "Map_Name": "Engineering Works", "First_Date": 1860, "Last_Date": 0, "Type": "Engineering", "Products": null, "QualityCon": "1", "Full_name": null, "Short_name": null, "Web_Link": null, "London_Fir": 1, "Londo_1st_": 1, "Web_refere": null }, "geometry": { "type": "Polygon", "coordinates": [ [ [ -0.11109, 51.506762 ], [ -0.111012, 51.506789 ], [ -0.110963, 51.506735 ], [ -0.110849, 51.506762 ], [ -0.110653, 51.506475 ], [ -0.110835, 51.506424 ], [ -0.11109, 51.506762 ] ] ] } },
{ "type": "Feature", "properties": { "Map_Name": "Printing Works", "First_Date": 1860, "Last_Date": 0, "Type": "Printing", "Products": null, "QualityCon": "1", "Full_name": null, "Short_name": null, "Web_Link": null, "London_Fir": 1, "Londo_1st_": 1, "Web_refere": null }, "geometry": { "type": "Polygon", "coordinates": [ [ [ -0.110194, 51.506448 ], [ -0.110271, 51.506558 ], [ -0.110019, 51.506619 ], [ -0.110251, 51.506978 ], [ -0.110272, 51.506977 ], [ -0.110333, 51.507058 ], [ -0.110231, 51.507096 ], [ -0.110205, 51.507061 ], [ -0.110121, 51.507089 ], [ -0.110156, 51.507143 ], [ -0.110079, 51.507166 ], [ -0.11009, 51.507174 ], [ -0.109936, 51.507225 ], [ -0.109993, 51.507313 ], [ -0.109931, 51.507329 ], [ -0.109838, 51.507217 ], [ -0.1097, 51.507257 ], [ -0.109694, 51.507244 ], [ -0.109607, 51.50728 ], [ -0.109174, 51.506839 ], [ -0.110066, 51.506502 ], [ -0.110063, 51.506498 ], [ -0.110194, 51.506448 ] ] ] } },
{ "type": "Feature", "properties": { "Map_Name": "Saw Mills", "First_Date": 1890, "Last_Date": 0, "Type": "Timber Mill", "Products": null, "QualityCon": "1", "Full_name": null, "Short_name": null, "Web_Link": null, "London_Fir": 0, "Londo_1st_": 1, "Web_refere": null }, "geometry": { "type": "Polygon", "coordinates": [ [ [ -0.109985, 51.50508 ], [ -0.110108, 51.505063 ], [ -0.110219, 51.505326 ], [ -0.110068, 51.505346 ], [ -0.109985, 51.50508 ] ] ] } },
{ "type": "Feature", "properties": { "Map_Name": "Engineering Works", "First_Date": 1890, "Last_Date": 0, "Type": "Engineering", "Products": null, "QualityCon": "1", "Full_name": null, "Short_name": null, "Web_Link": null, "London_Fir": 0, "Londo_1st_": 1, "Web_refere": null }, "geometry": { "type": "Polygon", "coordinates": [ [ [ -0.106051, 51.50811 ], [ -0.106072, 51.507809 ], [ -0.106367, 51.507808 ], [ -0.10637, 51.507799 ], [ -0.106592, 51.507775 ], [ -0.106605, 51.507759 ], [ -0.106609, 51.507663 ], [ -0.106529, 51.507666 ], [ -0.106494, 51.507665 ], [ -0.106408, 51.507675 ], [ -0.106392, 51.507549 ], [ -0.106827, 51.507518 ], [ -0.106855, 51.507908 ], [ -0.106601, 51.507917 ], [ -0.106602, 51.507893 ], [ -0.106383, 51.507906 ], [ -0.10638, 51.507987 ], [ -0.106354, 51.507986 ], [ -0.106348, 51.507966 ], [ -0.106319, 51.50796 ], [ -0.106323, 51.507946 ], [ -0.106181, 51.507949 ], [ -0.106171, 51.508055 ], [ -0.106197, 51.508059 ], [ -0.106198, 51.508113 ], [ -0.106051, 51.50811 ] ] ] } },
{ "type": "Feature", "properties": { "Map_Name": "Sweet Factory", "First_Date": 1890, "Last_Date": 0, "Type": "Food", "Products": null, "QualityCon": "1", "Full_name": null, "Short_name": null, "Web_Link": null, "London_Fir": 0, "Londo_1st_": 1, "Web_refere": null }, "geometry": { "type": "Polygon", "coordinates": [ [ [ -0.106472, 51.507464 ], [ -0.106216, 51.507466 ], [ -0.10601, 51.507466 ], [ -0.106014, 51.507361 ], [ -0.106085, 51.507366 ], [ -0.106083, 51.507408 ], [ -0.10616, 51.507404 ], [ -0.106163, 51.507384 ], [ -0.106231, 51.507385 ], [ -0.106232, 51.507354 ], [ -0.106283, 51.507353 ], [ -0.106305, 51.507371 ], [ -0.106515, 51.507371 ], [ -0.106508, 51.507389 ], [ -0.106481, 51.507407 ], [ -0.106465, 51.507433 ], [ -0.106472, 51.507464 ] ] ] } },
{ "type": "Feature", "properties": { "Map_Name": "Cart & Wheel Works", "First_Date": 1890, "Last_Date": 0, "Type": "General", "Products": null, "QualityCon": "1", "Full_name": null, "Short_name": null, "Web_Link": null, "London_Fir": 0, "Londo_1st_": 1, "Web_refere": null }, "geometry": { "type": "Polygon", "coordinates": [ [ [ -0.101749, 51.507908 ], [ -0.10141, 51.507907 ], [ -0.101421, 51.507715 ], [ -0.10157, 51.507738 ], [ -0.101675, 51.507856 ], [ -0.101748, 51.507855 ], [ -0.101749, 51.507908 ] ] ] } },
{ "type": "Feature", "properties": { "Map_Name": "Iron Yard", "First_Date": 1860, "Last_Date": 0, "Type": "Metal", "Products": "Iron", "QualityCon": "1", "Full_name": null, "Short_name": null, "Web_Link": null, "London_Fir": 1, "Londo_1st_": 1, "Web_refere": null }, "geometry": { "type": "Polygon", "coordinates": [ [ [ -0.101211, 51.507934 ], [ -0.10108, 51.507936 ], [ -0.101068, 51.507844 ], [ -0.10108, 51.507842 ], [ -0.101059, 51.507758 ], [ -0.101079, 51.507719 ], [ -0.10132, 51.507728 ], [ -0.101324, 51.507856 ], [ -0.101287, 51.507857 ], [ -0.10129, 51.507931 ], [ -0.101211, 51.507934 ] ] ] } },
{ "type": "Feature", "properties": { "Map_Name": "Fur Works", "First_Date": 1860, "Last_Date": 0, "Type": "Leather and Skins", "Products": "Fur", "QualityCon": "1", "Full_name": null, "Short_name": null, "Web_Link": null, "London_Fir": 1, "Londo_1st_": 1, "Web_refere": null }, "geometry": { "type": "Polygon", "coordinates": [ [ [ -0.101883, 51.507435 ], [ -0.10189, 51.507599 ], [ -0.101891, 51.50765 ], [ -0.101823, 51.507658 ], [ -0.101747, 51.507587 ], [ -0.101723, 51.507436 ], [ -0.101881, 51.507435 ], [ -0.101883, 51.507435 ] ] ] } },
{ "type": "Feature", "properties": { "Map_Name": "Phoenix Works", "First_Date": 1860, "Last_Date": 0, "Type": "Coal Gas", "Products": null, "QualityCon": "1", "Full_name": null, "Short_name": null, "Web_Link": null, "London_Fir": 1, "Londo_1st_": 1, "Web_refere": null }, "geometry": { "type": "Polygon", "coordinates": [ [ [ -0.100387, 51.508079 ], [ -0.100282, 51.508075 ], [ -0.100277, 51.50809 ], [ -0.099797, 51.508111 ], [ -0.099772, 51.508086 ], [ -0.099802, 51.507926 ], [ -0.09984, 51.50775 ], [ -0.099925, 51.507451 ], [ -0.100051, 51.507445 ], [ -0.100064, 51.507422 ], [ -0.100317, 51.507427 ], [ -0.100553, 51.507428 ], [ -0.100771, 51.507395 ], [ -0.100807, 51.507488 ], [ -0.100739, 51.507794 ], [ -0.100728, 51.507846 ], [ -0.100378, 51.507858 ], [ -0.100387, 51.508079 ] ] ] } },
{ "type": "Feature", "properties": { "Map_Name": "Fur Works", "First_Date": 1890, "Last_Date": 0, "Type": "Leather and Skins", "Products": "Fur", "QualityCon": "1", "Full_name": null, "Short_name": null, "Web_Link": null, "London_Fir": 0, "Londo_1st_": 1, "Web_refere": null }, "geometry": { "type": "Polygon", "coordinates": [ [ [ -0.10186, 51.507282 ], [ -0.101695, 51.507285 ], [ -0.101663, 51.507115 ], [ -0.101834, 51.507105 ], [ -0.10186, 51.507282 ] ] ] } },
{ "type": "Feature", "properties": { "Map_Name": "Timber Yard", "First_Date": 1890, "Last_Date": 0, "Type": "Timber Yard", "Products": null, "QualityCon": "Error", "Full_name": null, "Short_name": null, "Web_Link": null, "London_Fir": 0, "Londo_1st_": 1, "Web_refere": null }, "geometry": { "type": "Polygon", "coordinates": [ [ [ -0.100979, 51.504634 ], [ -0.100579, 51.504608 ], [ -0.100523, 51.504276 ], [ -0.100938, 51.504266 ], [ -0.100979, 51.504634 ] ] ] } },
{ "type": "Feature", "properties": { "Map_Name": "Cocoa Nut Fibre Works", "First_Date": 1860, "Last_Date": 0, "Type": "Fiber", "Products": "Coconut Fiber", "QualityCon": "1", "Full_name": null, "Short_name": null, "Web_Link": null, "London_Fir": 1, "Londo_1st_": 1, "Web_refere": null }, "geometry": { "type": "Polygon", "coordinates": [ [ [ -0.10138, 51.50673 ], [ -0.101395, 51.507033 ], [ -0.101252, 51.507068 ], [ -0.10124, 51.506912 ], [ -0.100999, 51.506924 ], [ -0.101003, 51.50674 ], [ -0.10138, 51.50673 ] ] ] } },
{ "type": "Feature", "properties": { "Map_Name": "Falcon Brass Works", "First_Date": 1860, "Last_Date": 0, "Type": "Metal", "Products": "Glass", "QualityCon": "1", "Full_name": null, "Short_name": null, "Web_Link": null, "London_Fir": 1, "Londo_1st_": 1, "Web_refere": null }, "geometry": { "type": "Polygon", "coordinates": [ [ [ -0.101194, 51.507254 ], [ -0.101112, 51.507188 ], [ -0.101196, 51.50714 ], [ -0.101205, 51.50715 ], [ -0.101327, 51.507077 ], [ -0.101317, 51.507052 ], [ -0.101395, 51.507033 ], [ -0.101403, 51.507121 ], [ -0.10138, 51.507123 ], [ -0.10138, 51.507171 ], [ -0.101422, 51.507169 ], [ -0.101424, 51.507216 ], [ -0.101367, 51.507214 ], [ -0.101227, 51.507289 ], [ -0.101194, 51.507254 ] ] ] } },
{ "type": "Feature", "properties": { "Map_Name": "Saw Mill", "First_Date": 1860, "Last_Date": 0, "Type": "Timber Mill", "Products": null, "QualityCon": "1", "Full_name": null, "Short_name": null, "Web_Link": null, "London_Fir": 1, "Londo_1st_": 1, "Web_refere": null }, "geometry": { "type": "Polygon", "coordinates": [ [ [ -0.106663, 51.506928 ], [ -0.106297, 51.506929 ], [ -0.106272, 51.506577 ], [ -0.106562, 51.506561 ], [ -0.106666, 51.506777 ], [ -0.106663, 51.506928 ] ] ] } },
{ "type": "Feature", "properties": { "Map_Name": "Thames Grain Drying Station", "First_Date": 1860, "Last_Date": 0, "Type": "Food", "Products": null, "QualityCon": "1", "Full_name": null, "Short_name": null, "Web_Link": null, "London_Fir": 1, "Londo_1st_": 1, "Web_refere": null }, "geometry": { "type": "Polygon", "coordinates": [ [ [ -0.106383, 51.508507 ], [ -0.106215, 51.508513 ], [ -0.106206, 51.508265 ], [ -0.106021, 51.508271 ], [ -0.106015, 51.508303 ], [ -0.105953, 51.508302 ], [ -0.105973, 51.508161 ], [ -0.106341, 51.508181 ], [ -0.106383, 51.508507 ] ] ] } },
{ "type": "Feature", "properties": { "Map_Name": "Plate Glass Works", "First_Date": 1860, "Last_Date": 0, "Type": "Glass", "Products": null, "QualityCon": "1", "Full_name": null, "Short_name": null, "Web_Link": null, "London_Fir": 1, "Londo_1st_": 1, "Web_refere": null }, "geometry": { "type": "Polygon", "coordinates": [ [ [ -0.105288, 51.508552 ], [ -0.104937, 51.50855 ], [ -0.104952, 51.508199 ], [ -0.104819, 51.508202 ], [ -0.10481, 51.508124 ], [ -0.104967, 51.508128 ], [ -0.105269, 51.508134 ], [ -0.10529, 51.508452 ], [ -0.105288, 51.508552 ] ] ] } },
{ "type": "Feature", "properties": { "Map_Name": "Hydraulic Works", "First_Date": 1890, "Last_Date": 0, "Type": "General", "Products": null, "QualityCon": "1", "Full_name": null, "Short_name": null, "Web_Link": null, "London_Fir": 0, "Londo_1st_": 1, "Web_refere": null }, "geometry": { "type": "Polygon", "coordinates": [ [ [ -0.102214, 51.508372 ], [ -0.101977, 51.508374 ], [ -0.101992, 51.508126 ], [ -0.102121, 51.508127 ], [ -0.10212, 51.508061 ], [ -0.102193, 51.508058 ], [ -0.102203, 51.508154 ], [ -0.10224, 51.508155 ], [ -0.102214, 51.508372 ] ] ] } },
{ "type": "Feature", "properties": { "Map_Name": "Printing Works", "First_Date": 1890, "Last_Date": 0, "Type": "Printing", "Products": null, "QualityCon": "1", "Full_name": null, "Short_name": null, "Web_Link": null, "London_Fir": 0, "Londo_1st_": 1, "Web_refere": null }, "geometry": { "type": "Polygon", "coordinates": [ [ [ -0.097017, 51.510555 ], [ -0.096776, 51.511066 ], [ -0.096574, 51.511029 ], [ -0.096626, 51.510935 ], [ -0.096814, 51.510517 ], [ -0.097017, 51.510555 ] ] ] } },
{ "type": "Feature", "properties": { "Map_Name": "Falkirk Iron Warehouse", "First_Date": 1860, "Last_Date": 0, "Type": "Metal", "Products": "Iron", "QualityCon": "1", "Full_name": null, "Short_name": null, "Web_Link": null, "London_Fir": 1, "Londo_1st_": 1, "Web_refere": null }, "geometry": { "type": "Polygon", "coordinates": [ [ [ -0.094496, 51.510935 ], [ -0.094128, 51.510887 ], [ -0.094174, 51.510749 ], [ -0.094229, 51.510756 ], [ -0.094303, 51.510576 ], [ -0.094426, 51.510414 ], [ -0.094541, 51.510253 ], [ -0.094659, 51.510044 ], [ -0.094671, 51.510026 ], [ -0.094804, 51.510051 ], [ -0.09468, 51.510249 ], [ -0.094773, 51.510275 ], [ -0.094716, 51.51032 ], [ -0.094651, 51.510437 ], [ -0.094672, 51.510439 ], [ -0.094642, 51.510507 ], [ -0.094496, 51.510935 ] ] ] } },
{ "type": "Feature", "properties": { "Map_Name": "Mustard Manufactory", "First_Date": 1860, "Last_Date": 0, "Type": "Food", "Products": null, "QualityCon": "1", "Full_name": null, "Short_name": null, "Web_Link": null, "London_Fir": 1, "Londo_1st_": 1, "Web_refere": null }, "geometry": { "type": "Polygon", "coordinates": [ [ [ -0.094431, 51.511724 ], [ -0.094158, 51.511708 ], [ -0.093936, 51.511693 ], [ -0.093997, 51.511445 ], [ -0.09425, 51.511449 ], [ -0.094249, 51.51147 ], [ -0.094509, 51.511493 ], [ -0.094493, 51.51159 ], [ -0.094448, 51.511589 ], [ -0.094431, 51.511724 ] ] ] } },
{ "type": "Feature", "properties": { "Map_Name": "Electric Lighting Works", "First_Date": 1890, "Last_Date": 0, "Type": "Electrical", "Products": null, "QualityCon": "1", "Full_name": null, "Short_name": null, "Web_Link": null, "London_Fir": 0, "Londo_1st_": 1, "Web_refere": null }, "geometry": { "type": "Polygon", "coordinates": [ [ [ -0.09942, 51.507731 ], [ -0.099417, 51.507795 ], [ -0.099319, 51.508024 ], [ -0.099255, 51.508016 ], [ -0.099228, 51.508086 ], [ -0.099219, 51.508157 ], [ -0.099131, 51.50814 ], [ -0.099018, 51.508148 ], [ -0.099002, 51.508155 ], [ -0.098987, 51.508162 ], [ -0.098883, 51.508167 ], [ -0.098865, 51.508027 ], [ -0.098863, 51.50775 ], [ -0.099059, 51.507741 ], [ -0.099065, 51.507777 ], [ -0.099229, 51.507771 ], [ -0.099243, 51.507739 ], [ -0.09942, 51.507731 ] ] ] } },
{ "type": "Feature", "properties": { "Map_Name": "Oil Works", "First_Date": 1890, "Last_Date": 0, "Type": "Oil and Petroleum", "Products": null, "QualityCon": "1", "Full_name": null, "Short_name": null, "Web_Link": null, "London_Fir": 0, "Londo_1st_": 1, "Web_refere": null }, "geometry": { "type": "Polygon", "coordinates": [ [ [ -0.098564, 51.508018 ], [ -0.098549, 51.507722 ], [ -0.098637, 51.50772 ], [ -0.098638, 51.507647 ], [ -0.098858, 51.50764 ], [ -0.098865, 51.508027 ], [ -0.098564, 51.508018 ] ] ] } },
{ "type": "Feature", "properties": { "Map_Name": "Confectionary Manufactory", "First_Date": 1890, "Last_Date": 0, "Type": "Food", "Products": null, "QualityCon": "1", "Full_name": null, "Short_name": null, "Web_Link": null, "London_Fir": 0, "Londo_1st_": 1, "Web_refere": null }, "geometry": { "type": "Polygon", "coordinates": [ [ [ -0.097782, 51.507738 ], [ -0.097324, 51.507733 ], [ -0.097328, 51.507492 ], [ -0.097337, 51.507459 ], [ -0.097301, 51.507409 ], [ -0.097338, 51.507395 ], [ -0.097469, 51.507467 ], [ -0.097597, 51.507455 ], [ -0.097727, 51.507378 ], [ -0.097822, 51.507437 ], [ -0.097895, 51.507548 ], [ -0.097917, 51.507552 ], [ -0.097966, 51.507545 ], [ -0.097997, 51.507639 ], [ -0.097793, 51.507655 ], [ -0.097796, 51.5077 ], [ -0.09778, 51.507705 ], [ -0.097782, 51.507738 ] ] ] } },
{ "type": "Feature", "properties": { "Map_Name": "Iron Foundry", "First_Date": 1860, "Last_Date": 0, "Type": "Metal", "Products": null, "QualityCon": "1", "Full_name": null, "Short_name": null, "Web_Link": null, "London_Fir": 1, "Londo_1st_": 1, "Web_refere": null }, "geometry": { "type": "Polygon", "coordinates": [ [ [ -0.095764, 51.507846 ], [ -0.095384, 51.507755 ], [ -0.095516, 51.507543 ], [ -0.095546, 51.507552 ], [ -0.095565, 51.507518 ], [ -0.095695, 51.507545 ], [ -0.095677, 51.507577 ], [ -0.095865, 51.507618 ], [ -0.095764, 51.507846 ] ] ] } },
{ "type": "Feature", "properties": { "Map_Name": "Lead Works", "First_Date": 1860, "Last_Date": 0, "Type": "Metal", "Products": null, "QualityCon": "1", "Full_name": null, "Short_name": null, "Web_Link": null, "London_Fir": 1, "Londo_1st_": 1, "Web_refere": null }, "geometry": { "type": "Polygon", "coordinates": [ [ [ -0.094877, 51.507321 ], [ -0.094719, 51.507286 ], [ -0.094839, 51.50705 ], [ -0.094942, 51.507059 ], [ -0.094877, 51.507321 ] ] ] } },
{ "type": "Feature", "properties": { "Map_Name": "Boiler Works", "First_Date": 1860, "Last_Date": 0, "Type": "Engineering", "Products": null, "QualityCon": "1", "Full_name": null, "Short_name": null, "Web_Link": null, "London_Fir": 1, "Londo_1st_": 1, "Web_refere": null }, "geometry": { "type": "Polygon", "coordinates": [ [ [ -0.096533, 51.507095 ], [ -0.096451, 51.507236 ], [ -0.095858, 51.507114 ], [ -0.095881, 51.507071 ], [ -0.09598, 51.506973 ], [ -0.095656, 51.506919 ], [ -0.0957, 51.506822 ], [ -0.0957, 51.506818 ], [ -0.095743, 51.506735 ], [ -0.095525, 51.50669 ], [ -0.095553, 51.506616 ], [ -0.096115, 51.506739 ], [ -0.096115, 51.506747 ], [ -0.096184, 51.506763 ], [ -0.09616, 51.50682 ], [ -0.096607, 51.50694 ], [ -0.096533, 51.507095 ] ] ] } },
{ "type": "Feature", "properties": { "Map_Name": "Lead & Color Works", "First_Date": 1860, "Last_Date": 0, "Type": "Varnish Colour and Paint", "Products": null, "QualityCon": "1", "Full_name": null, "Short_name": null, "Web_Link": null, "London_Fir": 1, "Londo_1st_": 1, "Web_refere": null }, "geometry": { "type": "Polygon", "coordinates": [ [ [ -0.096112, 51.506741 ], [ -0.095631, 51.506631 ], [ -0.095684, 51.506456 ], [ -0.09612, 51.506543 ], [ -0.096103, 51.506587 ], [ -0.096194, 51.5066 ], [ -0.096112, 51.506741 ] ] ] } },
{ "type": "Feature", "properties": { "Map_Name": "Engineering Works", "First_Date": 1860, "Last_Date": 0, "Type": "Engineering", "Products": null, "QualityCon": "1", "Full_name": null, "Short_name": null, "Web_Link": null, "London_Fir": 1, "Londo_1st_": 1, "Web_refere": null }, "geometry": { "type": "Polygon", "coordinates": [ [ [ -0.098778, 51.506661 ], [ -0.098405, 51.50668 ], [ -0.098226, 51.506656 ], [ -0.098231, 51.506526 ], [ -0.098159, 51.506358 ], [ -0.098111, 51.506258 ], [ -0.098249, 51.506241 ], [ -0.098367, 51.506268 ], [ -0.09873, 51.50634 ], [ -0.098778, 51.506661 ] ] ] } },
{ "type": "Feature", "properties": { "Map_Name": "Ale Brewery", "First_Date": 1890, "Last_Date": 0, "Type": "Brewing", "Products": null, "QualityCon": "1", "Full_name": null, "Short_name": null, "Web_Link": null, "London_Fir": 0, "Londo_1st_": 1, "Web_refere": null }, "geometry": { "type": "Polygon", "coordinates": [ [ [ -0.092709, 51.506638 ], [ -0.092369, 51.506589 ], [ -0.092352, 51.506577 ], [ -0.092433, 51.506392 ], [ -0.092418, 51.506384 ], [ -0.092438, 51.506347 ], [ -0.092485, 51.505803 ], [ -0.092772, 51.505794 ], [ -0.092746, 51.506125 ], [ -0.092708, 51.506233 ], [ -0.092709, 51.506638 ] ] ] } },
{ "type": "Feature", "properties": { "Map_Name": "Oil Mills", "First_Date": 1860, "Last_Date": 0, "Type": "Soap Candle Tallow and Oil", "Products": null, "QualityCon": "1", "Full_name": null, "Short_name": "Oil Mills", "Web_Link": null, "London_Fir": 1, "Londo_1st_": 1, "Web_refere": null }, "geometry": { "type": "Polygon", "coordinates": [ [ [ -0.098608, 51.506047 ], [ -0.098071, 51.506054 ], [ -0.098073, 51.506002 ], [ -0.098345, 51.505995 ], [ -0.098353, 51.505944 ], [ -0.098244, 51.505938 ], [ -0.098231, 51.505866 ], [ -0.098458, 51.505856 ], [ -0.098457, 51.505807 ], [ -0.098179, 51.5058 ], [ -0.098181, 51.50576 ], [ -0.098596, 51.505752 ], [ -0.098608, 51.506047 ] ] ] } },
{ "type": "Feature", "properties": { "Map_Name": "Engineering Works", "First_Date": 1890, "Last_Date": 0, "Type": "Engineering", "Products": null, "QualityCon": "1", "Full_name": null, "Short_name": null, "Web_Link": null, "London_Fir": 0, "Londo_1st_": 1, "Web_refere": null }, "geometry": { "type": "Polygon", "coordinates": [ [ [ -0.09809, 51.505171 ], [ -0.097931, 51.50518 ], [ -0.097897, 51.50497 ], [ -0.097842, 51.504961 ], [ -0.097821, 51.504959 ], [ -0.097816, 51.50494 ], [ -0.097792, 51.504848 ], [ -0.097909, 51.504821 ], [ -0.097903, 51.50481 ], [ -0.098014, 51.504798 ], [ -0.098054, 51.504925 ], [ -0.09809, 51.505171 ] ] ] } },
{ "type": "Feature", "properties": { "Map_Name": "Asbestos Works", "First_Date": 1890, "Last_Date": 0, "Type": "Chemical", "Products": "Asbestos", "QualityCon": "1", "Full_name": null, "Short_name": null, "Web_Link": null, "London_Fir": 0, "Londo_1st_": 1, "Web_refere": null }, "geometry": { "type": "Polygon", "coordinates": [ [ [ -0.096264, 51.504916 ], [ -0.095885, 51.50487 ], [ -0.095852, 51.504853 ], [ -0.095841, 51.504826 ], [ -0.095864, 51.504782 ], [ -0.095858, 51.504716 ], [ -0.095974, 51.504714 ], [ -0.096287, 51.50474 ], [ -0.096264, 51.504916 ] ] ] } },
{ "type": "Feature", "properties": { "Map_Name": "Printing & Stationary Works", "First_Date": 1890, "Last_Date": 0, "Type": "Printing", "Products": null, "QualityCon": "1", "Full_name": null, "Short_name": null, "Web_Link": null, "London_Fir": 0, "Londo_1st_": 1, "Web_refere": null }, "geometry": { "type": "Polygon", "coordinates": [ [ [ -0.098458, 51.504735 ], [ -0.097922, 51.504808 ], [ -0.0979, 51.504821 ], [ -0.097752, 51.504851 ], [ -0.097731, 51.504847 ], [ -0.097723, 51.504828 ], [ -0.097623, 51.504639 ], [ -0.097907, 51.504584 ], [ -0.097836, 51.504437 ], [ -0.098223, 51.504381 ], [ -0.098309, 51.504521 ], [ -0.098348, 51.504526 ], [ -0.098458, 51.504735 ] ] ] } },
{ "type": "Feature", "properties": { "Map_Name": "Grove Iron Works", "First_Date": 1890, "Last_Date": 0, "Type": "Metal", "Products": "Iron", "QualityCon": "1", "Full_name": null, "Short_name": null, "Web_Link": null, "London_Fir": 0, "Londo_1st_": 1, "Web_refere": null }, "geometry": { "type": "Polygon", "coordinates": [ [ [ -0.09935, 51.504571 ], [ -0.099028, 51.504605 ], [ -0.098973, 51.504608 ], [ -0.098881, 51.504338 ], [ -0.099162, 51.504324 ], [ -0.099214, 51.504525 ], [ -0.099331, 51.504519 ], [ -0.09935, 51.504571 ] ] ] } },
{ "type": "Feature", "properties": { "Map_Name": "Flour Mill", "First_Date": 1860, "Last_Date": 0, "Type": "Grain Mill", "Products": null, "QualityCon": "1", "Full_name": null, "Short_name": null, "Web_Link": null, "London_Fir": 1, "Londo_1st_": 1, "Web_refere": null }, "geometry": { "type": "Polygon", "coordinates": [ [ [ -0.092007, 51.507086 ], [ -0.091905, 51.507093 ], [ -0.091828, 51.507078 ], [ -0.09165, 51.507057 ], [ -0.091625, 51.507042 ], [ -0.091411, 51.507009 ], [ -0.091464, 51.50691 ], [ -0.091522, 51.506819 ], [ -0.091834, 51.506858 ], [ -0.091832, 51.506924 ], [ -0.092014, 51.506933 ], [ -0.092007, 51.507086 ] ] ] } },
{ "type": "Feature", "properties": { "Map_Name": "Anchor Brewery", "First_Date": 1860, "Last_Date": 0, "Type": "Brewing", "Products": "Brewing", "QualityCon": "1", "Full_name": null, "Short_name": null, "Web_Link": null, "London_Fir": 1, "Londo_1st_": 1, "Web_refere": null }, "geometry": { "type": "Polygon", "coordinates": [ [ [ -0.095041, 51.506239 ], [ -0.094948, 51.506456 ], [ -0.094848, 51.506664 ], [ -0.094783, 51.506949 ], [ -0.094055, 51.506913 ], [ -0.093446, 51.506823 ], [ -0.092887, 51.506703 ], [ -0.092888, 51.506217 ], [ -0.092835, 51.506166 ], [ -0.09285, 51.506105 ], [ -0.092905, 51.505969 ], [ -0.09292, 51.505904 ], [ -0.092919, 51.505781 ], [ -0.092677, 51.505559 ], [ -0.092765, 51.505496 ], [ -0.092985, 51.505448 ], [ -0.0932, 51.50543 ], [ -0.093882, 51.505527 ], [ -0.09397, 51.505233 ], [ -0.094308, 51.505265 ], [ -0.094219, 51.505573 ], [ -0.094482, 51.505589 ], [ -0.094617, 51.505637 ], [ -0.094376, 51.506095 ], [ -0.094649, 51.506147 ], [ -0.094898, 51.506203 ], [ -0.095041, 51.506239 ] ] ] } },
{ "type": "Feature", "properties": { "Map_Name": "Distillery", "First_Date": 1860, "Last_Date": 0, "Type": "Distillery", "Products": null, "QualityCon": "1", "Full_name": null, "Short_name": null, "Web_Link": null, "London_Fir": 1, "Londo_1st_": 1, "Web_refere": null }, "geometry": { "type": "Polygon", "coordinates": [ [ [ -0.083112, 51.505075 ], [ -0.082848, 51.504981 ], [ -0.082368, 51.504859 ], [ -0.082332, 51.50492 ], [ -0.082251, 51.504894 ], [ -0.082506, 51.504489 ], [ -0.082539, 51.504481 ], [ -0.083094, 51.50465 ], [ -0.083468, 51.504816 ], [ -0.083379, 51.504901 ], [ -0.083339, 51.504908 ], [ -0.083244, 51.504988 ], [ -0.083112, 51.505075 ] ] ] } },
{ "type": "Feature", "properties": { "Map_Name": "Courage`s Brewery", "First_Date": 1860, "Last_Date": 0, "Type": "Brewing", "Products": null, "QualityCon": "1", "Full_name": null, "Short_name": null, "Web_Link": null, "London_Fir": 1, "Londo_1st_": 1, "Web_refere": null }, "geometry": { "type": "Polygon", "coordinates": [ [ [ -0.076334, 51.503318 ], [ -0.075673, 51.503978 ], [ -0.07559, 51.504028 ], [ -0.075497, 51.504026 ], [ -0.074855, 51.503802 ], [ -0.074935, 51.503691 ], [ -0.075326, 51.503378 ], [ -0.075681, 51.50309 ], [ -0.076334, 51.503318 ] ] ] } },
{ "type": "Feature", "properties": { "Map_Name": "Tobacco & Snuff Manufactory", "First_Date": 1860, "Last_Date": 0, "Type": "Tobacco", "Products": null, "QualityCon": "1", "Full_name": null, "Short_name": null, "Web_Link": null, "London_Fir": 1, "Londo_1st_": 1, "Web_refere": null }, "geometry": { "type": "Polygon", "coordinates": [ [ [ -0.075352, 51.511945 ], [ -0.074096, 51.512072 ], [ -0.07406, 51.511927 ], [ -0.07398, 51.511935 ], [ -0.073934, 51.511765 ], [ -0.07525, 51.511652 ], [ -0.075352, 51.511945 ] ] ] } },
{ "type": "Feature", "properties": { "Map_Name": "Pickle Manufactory", "First_Date": 1890, "Last_Date": 0, "Type": "Food", "Products": null, "QualityCon": "1", "Full_name": null, "Short_name": null, "Web_Link": null, "London_Fir": 0, "Londo_1st_": 1, "Web_refere": null }, "geometry": { "type": "Polygon", "coordinates": [ [ [ -0.078247, 51.495222 ], [ -0.077655, 51.495016 ], [ -0.07789, 51.49464 ], [ -0.078098, 51.494682 ], [ -0.078129, 51.494629 ], [ -0.078497, 51.494715 ], [ -0.078358, 51.494957 ], [ -0.077971, 51.494873 ], [ -0.07791, 51.494961 ], [ -0.078337, 51.49512 ], [ -0.078247, 51.495222 ] ] ] } },
{ "type": "Feature", "properties": { "Map_Name": "Chocolate & Confectionary Works", "First_Date": 1890, "Last_Date": 0, "Type": "Food", "Products": null, "QualityCon": "1", "Full_name": null, "Short_name": null, "Web_Link": null, "London_Fir": 0, "Londo_1st_": 1, "Web_refere": null }, "geometry": { "type": "Polygon", "coordinates": [ [ [ -0.078182, 51.496087 ], [ -0.077839, 51.496091 ], [ -0.077837, 51.49612 ], [ -0.077632, 51.496122 ], [ -0.077621, 51.496066 ], [ -0.077605, 51.49586 ], [ -0.0779, 51.495889 ], [ -0.07787, 51.495974 ], [ -0.077935, 51.495984 ], [ -0.07799, 51.495887 ], [ -0.078236, 51.495936 ], [ -0.078181, 51.496001 ], [ -0.078182, 51.496087 ] ] ] } },
{ "type": "Feature", "properties": { "Map_Name": "Floorcloth Factory", "First_Date": 1890, "Last_Date": 0, "Type": "Furnishings", "Products": null, "QualityCon": "1", "Full_name": null, "Short_name": null, "Web_Link": null, "London_Fir": 0, "Londo_1st_": 1, "Web_refere": null }, "geometry": { "type": "Polygon", "coordinates": [ [ [ -0.085134, 51.496415 ], [ -0.084503, 51.496806 ], [ -0.084327, 51.496678 ], [ -0.084949, 51.496293 ], [ -0.085134, 51.496415 ] ] ] } },
{ "type": "Feature", "properties": { "Map_Name": "Brewery", "First_Date": 1890, "Last_Date": 0, "Type": "Brewing", "Products": "Beer", "QualityCon": "1", "Full_name": null, "Short_name": null, "Web_Link": null, "London_Fir": 0, "Londo_1st_": 1, "Web_refere": null }, "geometry": { "type": "Polygon", "coordinates": [ [ [ -0.084778, 51.496944 ], [ -0.084648, 51.496874 ], [ -0.084586, 51.496836 ], [ -0.084515, 51.496798 ], [ -0.085134, 51.496415 ], [ -0.085277, 51.496634 ], [ -0.085072, 51.496762 ], [ -0.085024, 51.496761 ], [ -0.084778, 51.496944 ] ] ] } },
{ "type": "Feature", "properties": { "Map_Name": "Iron & Tin Ware Works", "First_Date": 1890, "Last_Date": 0, "Type": "Metal", "Products": "Iron and Tin", "QualityCon": "1", "Full_name": null, "Short_name": null, "Web_Link": null, "London_Fir": 0, "Londo_1st_": 1, "Web_refere": null }, "geometry": { "type": "Polygon", "coordinates": [ [ [ -0.080756, 51.49753 ], [ -0.080521, 51.49748 ], [ -0.080098, 51.497416 ], [ -0.079942, 51.497399 ], [ -0.080016, 51.497164 ], [ -0.080209, 51.497196 ], [ -0.080201, 51.497244 ], [ -0.080347, 51.497269 ], [ -0.080364, 51.497232 ], [ -0.080871, 51.497321 ], [ -0.080756, 51.49753 ] ] ] } },
{ "type": "Feature", "properties": { "Map_Name": "Neckinger Mills (Tannery & Curriery)", "First_Date": 1860, "Last_Date": 0, "Type": "Leather and Skins", "Products": null, "QualityCon": "1", "Full_name": null, "Short_name": null, "Web_Link": null, "London_Fir": 1, "Londo_1st_": 1, "Web_refere": null }, "geometry": { "type": "Polygon", "coordinates": [ [ [ -0.072269, 51.497548 ], [ -0.071881, 51.497363 ], [ -0.071469, 51.497137 ], [ -0.073589, 51.496838 ], [ -0.073758, 51.497382 ], [ -0.073845, 51.497781 ], [ -0.073845, 51.497859 ], [ -0.073836, 51.49791 ], [ -0.073795, 51.497953 ], [ -0.073696, 51.497976 ], [ -0.073215, 51.498031 ], [ -0.072269, 51.497548 ] ] ] } },
{ "type": "Feature", "properties": { "Map_Name": "White Lead & Color Works", "First_Date": 1860, "Last_Date": 0, "Type": "Varnish Colour and Paint", "Products": null, "QualityCon": "1", "Full_name": null, "Short_name": null, "Web_Link": null, "London_Fir": 1, "Londo_1st_": 1, "Web_refere": null }, "geometry": { "type": "Polygon", "coordinates": [ [ [ -0.077497, 51.498211 ], [ -0.077161, 51.498277 ], [ -0.077111, 51.498092 ], [ -0.077447, 51.49805 ], [ -0.077497, 51.498211 ] ] ] } },
{ "type": "Feature", "properties": { "Map_Name": "Black Eagle Brewery", "First_Date": 1860, "Last_Date": 0, "Type": "Brewing", "Products": null, "QualityCon": "1", "Full_name": null, "Short_name": null, "Web_Link": null, "London_Fir": 1, "Londo_1st_": 1, "Web_refere": null }, "geometry": { "type": "Polygon", "coordinates": [ [ [ -0.081047, 51.502064 ], [ -0.080716, 51.502014 ], [ -0.080328, 51.50182 ], [ -0.080534, 51.501198 ], [ -0.0811, 51.501217 ], [ -0.081047, 51.502064 ] ] ] } },
{ "type": "Feature", "properties": { "Map_Name": "Cocoa Factory", "First_Date": 1890, "Last_Date": 0, "Type": "Food", "Products": null, "QualityCon": "1", "Full_name": null, "Short_name": null, "Web_Link": null, "London_Fir": 0, "Londo_1st_": 1, "Web_refere": null }, "geometry": { "type": "Polygon", "coordinates": [ [ [ -0.080266, 51.501715 ], [ -0.080114, 51.501698 ], [ -0.079942, 51.501597 ], [ -0.079986, 51.501449 ], [ -0.080356, 51.501497 ], [ -0.080266, 51.501715 ] ] ] } },
{ "type": "Feature", "properties": { "Map_Name": "Vinegar Works", "First_Date": 1860, "Last_Date": 0, "Type": "Food", "Products": null, "QualityCon": "1", "Full_name": null, "Short_name": null, "Web_Link": null, "London_Fir": 1, "Londo_1st_": 1, "Web_refere": null }, "geometry": { "type": "Polygon", "coordinates": [ [ [ -0.079447, 51.501357 ], [ -0.078881, 51.501074 ], [ -0.07871, 51.50098 ], [ -0.078835, 51.500371 ], [ -0.078867, 51.50028 ], [ -0.079293, 51.500248 ], [ -0.079421, 51.500244 ], [ -0.079609, 51.500297 ], [ -0.079525, 51.500507 ], [ -0.079447, 51.501357 ] ] ] } },
{ "type": "Feature", "properties": { "Map_Name": "Flour Mills", "First_Date": 1860, "Last_Date": 0, "Type": "Grain Mill", "Products": null, "QualityCon": "1", "Full_name": null, "Short_name": null, "Web_Link": null, "London_Fir": 1, "Londo_1st_": 1, "Web_refere": null }, "geometry": { "type": "Polygon", "coordinates": [ [ [ -0.074067, 51.501468 ], [ -0.073909, 51.50159 ], [ -0.073813, 51.501624 ], [ -0.073588, 51.501526 ], [ -0.073291, 51.501333 ], [ -0.073241, 51.501389 ], [ -0.073035, 51.501302 ], [ -0.073114, 51.501238 ], [ -0.073375, 51.501147 ], [ -0.074067, 51.501468 ] ] ] } },
{ "type": "Feature", "properties": { "Map_Name": "Rice Mill", "First_Date": 1860, "Last_Date": 0, "Type": "Grain Mill", "Products": null, "QualityCon": "1", "Full_name": null, "Short_name": null, "Web_Link": null, "London_Fir": 1, "Londo_1st_": 1, "Web_refere": null }, "geometry": { "type": "Polygon", "coordinates": [ [ [ -0.073109, 51.501883 ], [ -0.072926, 51.502044 ], [ -0.072878, 51.502037 ], [ -0.072949, 51.501954 ], [ -0.072968, 51.501956 ], [ -0.073074, 51.501833 ], [ -0.072729, 51.501703 ], [ -0.072578, 51.501648 ], [ -0.072647, 51.501584 ], [ -0.072741, 51.501488 ], [ -0.072991, 51.501322 ], [ -0.07316, 51.501402 ], [ -0.073503, 51.501604 ], [ -0.073685, 51.501703 ], [ -0.073805, 51.501768 ], [ -0.073713, 51.501856 ], [ -0.07358, 51.501802 ], [ -0.073501, 51.501874 ], [ -0.073561, 51.501901 ], [ -0.073498, 51.501956 ], [ -0.073438, 51.501931 ], [ -0.073418, 51.50195 ], [ -0.073154, 51.501839 ], [ -0.073109, 51.501883 ] ] ] } },
{ "type": "Feature", "properties": { "Map_Name": "Rice Mill", "First_Date": 1860, "Last_Date": 0, "Type": "Grain Mill", "Products": null, "QualityCon": "1", "Full_name": null, "Short_name": null, "Web_Link": null, "London_Fir": 1, "Londo_1st_": 1, "Web_refere": null }, "geometry": { "type": "Polygon", "coordinates": [ [ [ -0.073622, 51.500861 ], [ -0.073413, 51.500759 ], [ -0.073549, 51.500675 ], [ -0.073719, 51.500733 ], [ -0.073622, 51.500861 ] ] ] } },
{ "type": "Feature", "properties": { "Map_Name": "Packing Case Factory (Wood & Tin)", "First_Date": 1890, "Last_Date": 0, "Type": "General", "Products": null, "QualityCon": "1", "Full_name": null, "Short_name": null, "Web_Link": null, "London_Fir": 0, "Londo_1st_": 1, "Web_refere": null }, "geometry": { "type": "Polygon", "coordinates": [ [ [ -0.072405, 51.501158 ], [ -0.071855, 51.500848 ], [ -0.072321, 51.500591 ], [ -0.072549, 51.500715 ], [ -0.072474, 51.500752 ], [ -0.072771, 51.500962 ], [ -0.07258, 51.501092 ], [ -0.072405, 51.501158 ] ] ] } },
{ "type": "Feature", "properties": { "Map_Name": "Dog`s Food Manufactory", "First_Date": 1890, "Last_Date": 0, "Type": "General", "Products": null, "QualityCon": "1", "Full_name": null, "Short_name": null, "Web_Link": null, "London_Fir": 0, "Londo_1st_": 1, "Web_refere": null }, "geometry": { "type": "Polygon", "coordinates": [ [ [ -0.08131, 51.503325 ], [ -0.081525, 51.502953 ], [ -0.08232, 51.503376 ], [ -0.081899, 51.503305 ], [ -0.081879, 51.503385 ], [ -0.081947, 51.503397 ], [ -0.081932, 51.503462 ], [ -0.082004, 51.503484 ], [ -0.08198, 51.503541 ], [ -0.081693, 51.503487 ], [ -0.081721, 51.503426 ], [ -0.081448, 51.503351 ], [ -0.08131, 51.503325 ] ] ] } },
{ "type": "Feature", "properties": { "Map_Name": "Coral Chocolate Manufactory", "First_Date": 1890, "Last_Date": 0, "Type": "Food", "Products": null, "QualityCon": "1", "Full_name": null, "Short_name": null, "Web_Link": null, "London_Fir": 0, "Londo_1st_": 1, "Web_refere": null }, "geometry": { "type": "Polygon", "coordinates": [ [ [ -0.082359, 51.502138 ], [ -0.082194, 51.502165 ], [ -0.081996, 51.50214 ], [ -0.081999, 51.502059 ], [ -0.082052, 51.502047 ], [ -0.082052, 51.502036 ], [ -0.082296, 51.501983 ], [ -0.082359, 51.502138 ] ] ] } },
{ "type": "Feature", "properties": { "Map_Name": "Cask Manufactory", "First_Date": 1860, "Last_Date": 0, "Type": "Cooperage", "Products": null, "QualityCon": "1", "Full_name": null, "Short_name": null, "Web_Link": null, "London_Fir": 1, "Londo_1st_": 1, "Web_refere": null }, "geometry": { "type": "Polygon", "coordinates": [ [ [ -0.085143, 51.498595 ], [ -0.084982, 51.498765 ], [ -0.084884, 51.498728 ], [ -0.084848, 51.498714 ], [ -0.084826, 51.498731 ], [ -0.084662, 51.49866 ], [ -0.084873, 51.498421 ], [ -0.085205, 51.498541 ], [ -0.085143, 51.498595 ] ] ] } },
{ "type": "Feature", "properties": { "Map_Name": "Lion`s Lamp Works", "First_Date": 1890, "Last_Date": 0, "Type": "General", "Products": null, "QualityCon": "1", "Full_name": null, "Short_name": null, "Web_Link": null, "London_Fir": 0, "Londo_1st_": 1, "Web_refere": null }, "geometry": { "type": "Polygon", "coordinates": [ [ [ -0.069587, 51.508809 ], [ -0.069471, 51.508566 ], [ -0.069633, 51.508535 ], [ -0.069715, 51.508721 ], [ -0.069764, 51.508714 ], [ -0.0698, 51.508788 ], [ -0.069665, 51.508817 ], [ -0.069655, 51.508796 ], [ -0.069587, 51.508809 ] ] ] } },
{ "type": "Feature", "properties": { "Map_Name": "Monument Iron Works", "First_Date": 1890, "Last_Date": 0, "Type": "Metal", "Products": "Iron", "QualityCon": "1", "Full_name": null, "Short_name": null, "Web_Link": null, "London_Fir": 0, "Londo_1st_": 1, "Web_refere": null }, "geometry": { "type": "Polygon", "coordinates": [ [ [ -0.069358, 51.500923 ], [ -0.069245, 51.501164 ], [ -0.069171, 51.501162 ], [ -0.069046, 51.501145 ], [ -0.068868, 51.501106 ], [ -0.069015, 51.500892 ], [ -0.069358, 51.500923 ] ] ] } },
{ "type": "Feature", "properties": { "Map_Name": "Wooden Hoop Manufactory", "First_Date": 1860, "Last_Date": 0, "Type": "General", "Products": "Wooden Hoop", "QualityCon": "1", "Full_name": null, "Short_name": null, "Web_Link": null, "London_Fir": 1, "Londo_1st_": 1, "Web_refere": null }, "geometry": { "type": "Polygon", "coordinates": [ [ [ -0.070121, 51.5016 ], [ -0.06983, 51.501545 ], [ -0.070035, 51.501207 ], [ -0.070003, 51.501201 ], [ -0.070099, 51.501054 ], [ -0.070395, 51.501121 ], [ -0.07035, 51.501196 ], [ -0.070532, 51.501241 ], [ -0.070617, 51.501279 ], [ -0.070684, 51.501292 ], [ -0.070634, 51.501396 ], [ -0.070542, 51.501376 ], [ -0.070485, 51.501502 ], [ -0.070483, 51.501554 ], [ -0.070431, 51.501565 ], [ -0.070179, 51.501509 ], [ -0.070121, 51.5016 ] ] ] } },
{ "type": "Feature", "properties": { "Map_Name": "Tin Plating Works", "First_Date": 1890, "Last_Date": 0, "Type": "Metal", "Products": "Tin Plating", "QualityCon": "1", "Full_name": null, "Short_name": null, "Web_Link": null, "London_Fir": 0, "Londo_1st_": 1, "Web_refere": null }, "geometry": { "type": "Polygon", "coordinates": [ [ [ -0.069979, 51.500264 ], [ -0.069827, 51.500264 ], [ -0.069819, 51.50022 ], [ -0.069684, 51.500226 ], [ -0.069674, 51.500053 ], [ -0.069959, 51.500047 ], [ -0.069979, 51.500264 ] ] ] } },
{ "type": "Feature", "properties": { "Map_Name": "Albion Mill (Flour)", "First_Date": 1860, "Last_Date": 0, "Type": "Grain Mill", "Products": null, "QualityCon": "1", "Full_name": null, "Short_name": null, "Web_Link": null, "London_Fir": 1, "Londo_1st_": 1, "Web_refere": null }, "geometry": { "type": "Polygon", "coordinates": [ [ [ -0.056907, 51.500908 ], [ -0.056741, 51.500938 ], [ -0.056639, 51.500722 ], [ -0.05671, 51.500703 ], [ -0.056851, 51.500694 ], [ -0.056907, 51.500908 ] ] ] } },
{ "type": "Feature", "properties": { "Map_Name": "St. Paul`s Works (leather)", "First_Date": 1890, "Last_Date": 0, "Type": "Leather and Skins", "Products": null, "QualityCon": "1", "Full_name": null, "Short_name": null, "Web_Link": null, "London_Fir": 0, "Londo_1st_": 1, "Web_refere": null }, "geometry": { "type": "Polygon", "coordinates": [ [ [ -0.053178, 51.510307 ], [ -0.053025, 51.51033 ], [ -0.052942, 51.510346 ], [ -0.052925, 51.510346 ], [ -0.052636, 51.510367 ], [ -0.052434, 51.510369 ], [ -0.052395, 51.510116 ], [ -0.053098, 51.510071 ], [ -0.053178, 51.510307 ] ] ] } },
{ "type": "Feature", "properties": { "Map_Name": "Thames Tunnel Mill (Flour)", "First_Date": 1890, "Last_Date": 0, "Type": "Grain Mill", "Products": null, "QualityCon": "1", "Full_name": null, "Short_name": null, "Web_Link": null, "London_Fir": 0, "Londo_1st_": 1, "Web_refere": null }, "geometry": { "type": "Polygon", "coordinates": [ [ [ -0.054455, 51.501705 ], [ -0.054074, 51.501865 ], [ -0.053761, 51.501923 ], [ -0.053719, 51.501765 ], [ -0.053683, 51.501732 ], [ -0.054031, 51.501652 ], [ -0.054348, 51.501587 ], [ -0.054455, 51.501705 ] ] ] } },
{ "type": "Feature", "properties": { "Map_Name": "Victoria Oil Mills", "First_Date": 1860, "Last_Date": 0, "Type": "Soap Candle Tallow and Oil", "Products": null, "QualityCon": "1", "Full_name": null, "Short_name": "Victoria Oil Mills", "Web_Link": null, "London_Fir": 1, "Londo_1st_": 1, "Web_refere": null }, "geometry": { "type": "Polygon", "coordinates": [ [ [ -0.046475, 51.505275 ], [ -0.046413, 51.505211 ], [ -0.046331, 51.505132 ], [ -0.046123, 51.504947 ], [ -0.046157, 51.504925 ], [ -0.046142, 51.50491 ], [ -0.046196, 51.50488 ], [ -0.046078, 51.504775 ], [ -0.046189, 51.504741 ], [ -0.046406, 51.504922 ], [ -0.046436, 51.504918 ], [ -0.046491, 51.50494 ], [ -0.046526, 51.504919 ], [ -0.046716, 51.505107 ], [ -0.046697, 51.505142 ], [ -0.046475, 51.505275 ] ] ] } },
{ "type": "Feature", "properties": { "Map_Name": "Marine Brewery", "First_Date": 1860, "Last_Date": 0, "Type": "Brewing", "Products": null, "QualityCon": "1", "Full_name": null, "Short_name": null, "Web_Link": null, "London_Fir": 1, "Londo_1st_": 1, "Web_refere": null }, "geometry": { "type": "Polygon", "coordinates": [ [ [ -0.04318, 51.510335 ], [ -0.043158, 51.510263 ], [ -0.043073, 51.510271 ], [ -0.043049, 51.510216 ], [ -0.042972, 51.509873 ], [ -0.043329, 51.50986 ], [ -0.043474, 51.509831 ], [ -0.04359, 51.510298 ], [ -0.04318, 51.510335 ] ] ] } },
{ "type": "Feature", "properties": { "Map_Name": "The Linde British Refrigeration Works", "First_Date": 1890, "Last_Date": 0, "Type": "Engineering", "Products": null, "QualityCon": "1", "Full_name": null, "Short_name": null, "Web_Link": null, "London_Fir": 0, "Londo_1st_": 1, "Web_refere": null }, "geometry": { "type": "Polygon", "coordinates": [ [ [ -0.048508, 51.508767 ], [ -0.048421, 51.508843 ], [ -0.04833, 51.508892 ], [ -0.048, 51.508974 ], [ -0.047817, 51.508703 ], [ -0.04813, 51.508589 ], [ -0.048421, 51.508738 ], [ -0.048508, 51.508767 ] ] ] } },
{ "type": "Feature", "properties": { "Map_Name": "Phoenix Biscuit Works", "First_Date": 1890, "Last_Date": 0, "Type": "Food", "Products": null, "QualityCon": "1", "Full_name": null, "Short_name": null, "Web_Link": null, "London_Fir": 0, "Londo_1st_": 1, "Web_refere": null }, "geometry": { "type": "Polygon", "coordinates": [ [ [ -0.041238, 51.510539 ], [ -0.041185, 51.510359 ], [ -0.041271, 51.510351 ], [ -0.041267, 51.51029 ], [ -0.041393, 51.510281 ], [ -0.041367, 51.510113 ], [ -0.041476, 51.510111 ], [ -0.041601, 51.51012 ], [ -0.041698, 51.5102 ], [ -0.041816, 51.51045 ], [ -0.041831, 51.510518 ], [ -0.041818, 51.510531 ], [ -0.041556, 51.510538 ], [ -0.041238, 51.510539 ] ] ] } },
{ "type": "Feature", "properties": { "Map_Name": "London & Burton Brewery", "First_Date": 1860, "Last_Date": 0, "Type": "Brewing", "Products": null, "QualityCon": "1", "Full_name": null, "Short_name": null, "Web_Link": null, "London_Fir": 1, "Londo_1st_": 1, "Web_refere": null }, "geometry": { "type": "Polygon", "coordinates": [ [ [ -0.040939, 51.510545 ], [ -0.040887, 51.510552 ], [ -0.040753, 51.510552 ], [ -0.040696, 51.51055 ], [ -0.040635, 51.510553 ], [ -0.040628, 51.510475 ], [ -0.040629, 51.510171 ], [ -0.040636, 51.510076 ], [ -0.040758, 51.51008 ], [ -0.040867, 51.510087 ], [ -0.040873, 51.510103 ], [ -0.041013, 51.510101 ], [ -0.041024, 51.510185 ], [ -0.041031, 51.51023 ], [ -0.041003, 51.51023 ], [ -0.041001, 51.510246 ], [ -0.041027, 51.510419 ], [ -0.041045, 51.510435 ], [ -0.041046, 51.510455 ], [ -0.041041, 51.510467 ], [ -0.041071, 51.510532 ], [ -0.040939, 51.510545 ] ] ] } },
{ "type": "Feature", "properties": { "Map_Name": "Ratcliff Cross Flour Mills", "First_Date": 1860, "Last_Date": 0, "Type": "Grain Mill", "Products": null, "QualityCon": "1", "Full_name": null, "Short_name": null, "Web_Link": null, "London_Fir": 1, "Londo_1st_": 1, "Web_refere": null }, "geometry": { "type": "Polygon", "coordinates": [ [ [ -0.040731, 51.510029 ], [ -0.040744, 51.509874 ], [ -0.04094, 51.509888 ], [ -0.040913, 51.51004 ], [ -0.040731, 51.510029 ] ] ] } },
{ "type": "Feature", "properties": { "Map_Name": "Globe Flour Mills", "First_Date": 1860, "Last_Date": 0, "Type": "Grain Mill", "Products": null, "QualityCon": "1", "Full_name": null, "Short_name": null, "Web_Link": null, "London_Fir": 1, "Londo_1st_": 1, "Web_refere": null }, "geometry": { "type": "Polygon", "coordinates": [ [ [ -0.040742, 51.509871 ], [ -0.040729, 51.510027 ], [ -0.040728, 51.510033 ], [ -0.040627, 51.510027 ], [ -0.040646, 51.509864 ], [ -0.040739, 51.509871 ], [ -0.040742, 51.509871 ] ] ] } },
{ "type": "Feature", "properties": { "Map_Name": "London Soda Works", "First_Date": 1890, "Last_Date": 0, "Type": "Chemical", "Products": null, "QualityCon": "1", "Full_name": null, "Short_name": null, "Web_Link": null, "London_Fir": 0, "Londo_1st_": 1, "Web_refere": null }, "geometry": { "type": "Polygon", "coordinates": [ [ [ -0.037781, 51.510159 ], [ -0.037145, 51.510049 ], [ -0.037224, 51.509988 ], [ -0.037286, 51.509977 ], [ -0.037503, 51.509812 ], [ -0.037832, 51.509872 ], [ -0.037781, 51.510159 ] ] ] } },
{ "type": "Feature", "properties": { "Map_Name": "Ratcliff Engine Works", "First_Date": 1890, "Last_Date": 0, "Type": "Engineering", "Products": null, "QualityCon": "1", "Full_name": null, "Short_name": null, "Web_Link": null, "London_Fir": 0, "Londo_1st_": 1, "Web_refere": null }, "geometry": { "type": "Polygon", "coordinates": [ [ [ -0.041093, 51.51059 ], [ -0.041144, 51.510776 ], [ -0.041037, 51.510787 ], [ -0.040818, 51.510787 ], [ -0.040817, 51.510773 ], [ -0.040619, 51.510776 ], [ -0.040602, 51.510612 ], [ -0.041093, 51.51059 ] ] ] } },
{ "type": "Feature", "properties": { "Map_Name": "Metroplolitan Confectionery Works", "First_Date": 1890, "Last_Date": 0, "Type": "Food", "Products": null, "QualityCon": "1", "Full_name": null, "Short_name": null, "Web_Link": null, "London_Fir": 0, "Londo_1st_": 1, "Web_refere": null }, "geometry": { "type": "Polygon", "coordinates": [ [ [ -0.043482, 51.511121 ], [ -0.042883, 51.511224 ], [ -0.042926, 51.511299 ], [ -0.042828, 51.511297 ], [ -0.042567, 51.511346 ], [ -0.042419, 51.511094 ], [ -0.042724, 51.511029 ], [ -0.042628, 51.510835 ], [ -0.04288, 51.510803 ], [ -0.042908, 51.510861 ], [ -0.043081, 51.51081 ], [ -0.043067, 51.510774 ], [ -0.04311, 51.510767 ], [ -0.043113, 51.51071 ], [ -0.043143, 51.510708 ], [ -0.043096, 51.510597 ], [ -0.043164, 51.510587 ], [ -0.043188, 51.510662 ], [ -0.043338, 51.510641 ], [ -0.043392, 51.510804 ], [ -0.043263, 51.510825 ], [ -0.043293, 51.510907 ], [ -0.043441, 51.510883 ], [ -0.043501, 51.511048 ], [ -0.043467, 51.511053 ], [ -0.043482, 51.511121 ] ] ] } },
{ "type": "Feature", "properties": { "Map_Name": "Preserved Provision Manufactory", "First_Date": 1890, "Last_Date": 0, "Type": "Food", "Products": null, "QualityCon": "1", "Full_name": null, "Short_name": null, "Web_Link": null, "London_Fir": 0, "Londo_1st_": 1, "Web_refere": null }, "geometry": { "type": "Polygon", "coordinates": [ [ [ -0.046803, 51.510655 ], [ -0.046309, 51.510729 ], [ -0.046251, 51.510501 ], [ -0.046718, 51.510427 ], [ -0.046803, 51.510655 ] ] ] } },
{ "type": "Feature", "properties": { "Map_Name": "Preserved Provision Manufactory", "First_Date": 1890, "Last_Date": 0, "Type": "Food", "Products": null, "QualityCon": "1", "Full_name": null, "Short_name": null, "Web_Link": null, "London_Fir": 0, "Londo_1st_": 1, "Web_refere": null }, "geometry": { "type": "Polygon", "coordinates": [ [ [ -0.046824, 51.510387 ], [ -0.047182, 51.510303 ], [ -0.04738, 51.510732 ], [ -0.047559, 51.511133 ], [ -0.047488, 51.511142 ], [ -0.047352, 51.511148 ], [ -0.04726, 51.511163 ], [ -0.047289, 51.511215 ], [ -0.047458, 51.511191 ], [ -0.047512, 51.511194 ], [ -0.04752, 51.511213 ], [ -0.04756, 51.511206 ], [ -0.047573, 51.511234 ], [ -0.047619, 51.511231 ], [ -0.047638, 51.511278 ], [ -0.047374, 51.511317 ], [ -0.047366, 51.511303 ], [ -0.04727, 51.511315 ], [ -0.047193, 51.511122 ], [ -0.047162, 51.511034 ], [ -0.047252, 51.511016 ], [ -0.047183, 51.51087 ], [ -0.047236, 51.510859 ], [ -0.047203, 51.510788 ], [ -0.047149, 51.510796 ], [ -0.047117, 51.510723 ], [ -0.047173, 51.510713 ], [ -0.047162, 51.510688 ], [ -0.047074, 51.510699 ], [ -0.047067, 51.510665 ], [ -0.046931, 51.510684 ], [ -0.046824, 51.510387 ] ] ] } },
{ "type": "Feature", "properties": { "Map_Name": "Glass Works", "First_Date": 1890, "Last_Date": 0, "Type": "Glass", "Products": null, "QualityCon": "1", "Full_name": null, "Short_name": null, "Web_Link": null, "London_Fir": 0, "Londo_1st_": 1, "Web_refere": null }, "geometry": { "type": "Polygon", "coordinates": [ [ [ -0.046803, 51.510655 ], [ -0.046865, 51.510804 ], [ -0.046643, 51.51084 ], [ -0.046627, 51.510819 ], [ -0.046417, 51.510845 ], [ -0.046444, 51.510909 ], [ -0.046538, 51.510895 ], [ -0.046644, 51.510931 ], [ -0.046672, 51.511057 ], [ -0.046644, 51.511062 ], [ -0.046646, 51.511093 ], [ -0.046706, 51.511087 ], [ -0.046722, 51.511172 ], [ -0.046617, 51.511177 ], [ -0.046597, 51.511145 ], [ -0.046422, 51.511163 ], [ -0.046373, 51.510968 ], [ -0.046146, 51.510982 ], [ -0.0461, 51.510838 ], [ -0.046328, 51.510804 ], [ -0.046309, 51.510729 ], [ -0.046803, 51.510655 ] ] ] } },
{ "type": "Feature", "properties": { "Map_Name": "Crown Lead Works", "First_Date": 1890, "Last_Date": 0, "Type": "Metal", "Products": null, "QualityCon": "1", "Full_name": null, "Short_name": null, "Web_Link": null, "London_Fir": 0, "Londo_1st_": 1, "Web_refere": null }, "geometry": { "type": "Polygon", "coordinates": [ [ [ -0.040544, 51.507161 ], [ -0.039733, 51.507139 ], [ -0.039761, 51.506955 ], [ -0.040512, 51.506991 ], [ -0.040544, 51.507161 ] ] ] } },
{ "type": "Feature", "properties": { "Map_Name": "Barley Mow Brewery", "First_Date": 1890, "Last_Date": 0, "Type": "Brewing", "Products": null, "QualityCon": "1", "Full_name": null, "Short_name": null, "Web_Link": null, "London_Fir": 0, "Londo_1st_": 1, "Web_refere": null }, "geometry": { "type": "Polygon", "coordinates": [ [ [ -0.03226, 51.509201 ], [ -0.032345, 51.509469 ], [ -0.03267, 51.509392 ], [ -0.032745, 51.509669 ], [ -0.032519, 51.509702 ], [ -0.03259, 51.509931 ], [ -0.031776, 51.510071 ], [ -0.031795, 51.510116 ], [ -0.031359, 51.510184 ], [ -0.031215, 51.510337 ], [ -0.031116, 51.510303 ], [ -0.031138, 51.510267 ], [ -0.031164, 51.510253 ], [ -0.031155, 51.510206 ], [ -0.031179, 51.510175 ], [ -0.031068, 51.509888 ], [ -0.031324, 51.509844 ], [ -0.031247, 51.50967 ], [ -0.031248, 51.50967 ], [ -0.031239, 51.509653 ], [ -0.031247, 51.50967 ], [ -0.031127, 51.509688 ], [ -0.031066, 51.509544 ], [ -0.031007, 51.509556 ], [ -0.03099, 51.509516 ], [ -0.031056, 51.509509 ], [ -0.031052, 51.509498 ], [ -0.03085, 51.509528 ], [ -0.030785, 51.509419 ], [ -0.030895, 51.509399 ], [ -0.030844, 51.509332 ], [ -0.03077, 51.5092 ], [ -0.03082, 51.509189 ], [ -0.030794, 51.50916 ], [ -0.030991, 51.509108 ], [ -0.030819, 51.508863 ], [ -0.030881, 51.50883 ], [ -0.030867, 51.508806 ], [ -0.03077, 51.508665 ], [ -0.0313, 51.508483 ], [ -0.031569, 51.508442 ], [ -0.03162, 51.508591 ], [ -0.031728, 51.50873 ], [ -0.03177, 51.508895 ], [ -0.031791, 51.50896 ], [ -0.031752, 51.508962 ], [ -0.031797, 51.509074 ], [ -0.031873, 51.509254 ], [ -0.03194, 51.509246 ], [ -0.03226, 51.509201 ] ] ] } },
{ "type": "Feature", "properties": { "Map_Name": "Poplar Brewery", "First_Date": 1860, "Last_Date": 0, "Type": "Brewing", "Products": null, "QualityCon": "1", "Full_name": null, "Short_name": null, "Web_Link": null, "London_Fir": 1, "Londo_1st_": 1, "Web_refere": null }, "geometry": { "type": "Polygon", "coordinates": [ [ [ -0.014095, 51.509306 ], [ -0.013514, 51.509276 ], [ -0.013528, 51.509124 ], [ -0.01377, 51.50911 ], [ -0.013772, 51.509071 ], [ -0.01386, 51.509062 ], [ -0.013961, 51.509063 ], [ -0.013966, 51.50893 ], [ -0.01408, 51.508936 ], [ -0.014058, 51.509059 ], [ -0.014062, 51.509093 ], [ -0.014095, 51.509306 ] ] ] } },
{ "type": "Feature", "properties": { "Map_Name": "Atlas Chemical Works", "First_Date": 1860, "Last_Date": 0, "Type": "Chemical", "Products": null, "QualityCon": "1", "Full_name": null, "Short_name": null, "Web_Link": null, "London_Fir": 1, "Londo_1st_": 1, "Web_refere": null }, "geometry": { "type": "Polygon", "coordinates": [ [ [ -0.027524, 51.496069 ], [ -0.027395, 51.496075 ], [ -0.027107, 51.496107 ], [ -0.025889, 51.496271 ], [ -0.025864, 51.495975 ], [ -0.026546, 51.49589 ], [ -0.026543, 51.495834 ], [ -0.02612, 51.495887 ], [ -0.026078, 51.495743 ], [ -0.027312, 51.4956 ], [ -0.027559, 51.495574 ], [ -0.027736, 51.495564 ], [ -0.027766, 51.495572 ], [ -0.027766, 51.495591 ], [ -0.027731, 51.495842 ], [ -0.027717, 51.495933 ], [ -0.027692, 51.496057 ], [ -0.027524, 51.496069 ] ] ] } },
{ "type": "Feature", "properties": { "Map_Name": "Lead Works", "First_Date": 1890, "Last_Date": 0, "Type": "Metal", "Products": "Lead", "QualityCon": "1", "Full_name": null, "Short_name": null, "Web_Link": null, "London_Fir": 0, "Londo_1st_": 1, "Web_refere": null }, "geometry": { "type": "Polygon", "coordinates": [ [ [ -0.0273, 51.498527 ], [ -0.026054, 51.498556 ], [ -0.026027, 51.498197 ], [ -0.026298, 51.498179 ], [ -0.026316, 51.498306 ], [ -0.026879, 51.498272 ], [ -0.027501, 51.498222 ], [ -0.02751, 51.498516 ], [ -0.0273, 51.498527 ] ] ] } },
{ "type": "Feature", "properties": { "Map_Name": "Iron Works", "First_Date": 1890, "Last_Date": 0, "Type": "Metal", "Products": "Iron", "QualityCon": "1", "Full_name": null, "Short_name": null, "Web_Link": null, "London_Fir": 0, "Londo_1st_": 1, "Web_refere": null }, "geometry": { "type": "Polygon", "coordinates": [ [ [ -0.026298, 51.498179 ], [ -0.027497, 51.498095 ], [ -0.027501, 51.498222 ], [ -0.026879, 51.498272 ], [ -0.026316, 51.498306 ], [ -0.026298, 51.498179 ] ] ] } },
{ "type": "Feature", "properties": { "Map_Name": "White Lead Works", "First_Date": 1890, "Last_Date": 0, "Type": "Varnish Colour and Paint", "Products": "Lead", "QualityCon": "1", "Full_name": null, "Short_name": null, "Web_Link": null, "London_Fir": 0, "Londo_1st_": 1, "Web_refere": null }, "geometry": { "type": "Polygon", "coordinates": [ [ [ -0.026054, 51.498556 ], [ -0.0273, 51.498527 ], [ -0.0273, 51.498578 ], [ -0.027284, 51.49858 ], [ -0.027291, 51.49867 ], [ -0.027159, 51.498672 ], [ -0.027153, 51.4986 ], [ -0.027104, 51.498601 ], [ -0.027076, 51.498637 ], [ -0.02708, 51.49869 ], [ -0.026065, 51.498713 ], [ -0.026054, 51.498556 ] ] ] } },
{ "type": "Feature", "properties": { "Map_Name": "West Ferry Mills", "First_Date": 1890, "Last_Date": 0, "Type": "General", "Products": null, "QualityCon": "1", "Full_name": null, "Short_name": null, "Web_Link": null, "London_Fir": 0, "Londo_1st_": 1, "Web_refere": null }, "geometry": { "type": "Polygon", "coordinates": [ [ [ -0.026672, 51.499166 ], [ -0.026407, 51.499176 ], [ -0.026391, 51.498822 ], [ -0.026666, 51.498816 ], [ -0.026672, 51.49889 ], [ -0.026659, 51.49889 ], [ -0.026672, 51.499166 ] ] ] } },
{ "type": "Feature", "properties": { "Map_Name": "Wire Rope Works", "First_Date": 1890, "Last_Date": 0, "Type": "Rope", "Products": null, "QualityCon": "1", "Full_name": null, "Short_name": null, "Web_Link": null, "London_Fir": 0, "Londo_1st_": 1, "Web_refere": null }, "geometry": { "type": "Polygon", "coordinates": [ [ [ -0.027487, 51.49957 ], [ -0.027246, 51.499573 ], [ -0.027212, 51.49963 ], [ -0.027191, 51.499825 ], [ -0.026677, 51.499831 ], [ -0.026374, 51.499833 ], [ -0.026163, 51.499836 ], [ -0.026135, 51.499528 ], [ -0.026114, 51.499294 ], [ -0.027477, 51.499297 ], [ -0.027487, 51.49957 ] ] ] } },
{ "type": "Feature", "properties": { "Map_Name": "Mast & Block Works", "First_Date": 1890, "Last_Date": 0, "Type": "Shipyard", "Products": null, "QualityCon": "1", "Full_name": null, "Short_name": null, "Web_Link": null, "London_Fir": 0, "Londo_1st_": 1, "Web_refere": null }, "geometry": { "type": "Polygon", "coordinates": [ [ [ -0.027153, 51.500429 ], [ -0.026175, 51.500432 ], [ -0.026175, 51.500315 ], [ -0.027153, 51.500315 ], [ -0.027153, 51.500429 ] ] ] } },
{ "type": "Feature", "properties": { "Map_Name": "Royal Iron Works", "First_Date": 1890, "Last_Date": 0, "Type": "Metal", "Products": null, "QualityCon": "1", "Full_name": null, "Short_name": null, "Web_Link": null, "London_Fir": 0, "Londo_1st_": 1, "Web_refere": null }, "geometry": { "type": "Polygon", "coordinates": [ [ [ -0.024837, 51.501908 ], [ -0.02484, 51.501898 ], [ -0.024894, 51.50157 ], [ -0.025904, 51.501619 ], [ -0.025871, 51.501961 ], [ -0.025871, 51.501967 ], [ -0.024837, 51.501908 ] ] ] } },
{ "type": "Feature", "properties": { "Map_Name": "Dockside Preserving Factory", "First_Date": 1890, "Last_Date": 0, "Type": "Food", "Products": null, "QualityCon": "1", "Full_name": null, "Short_name": null, "Web_Link": null, "London_Fir": 0, "Londo_1st_": 1, "Web_refere": null }, "geometry": { "type": "Polygon", "coordinates": [ [ [ -0.024837, 51.501907 ], [ -0.025871, 51.501966 ], [ -0.025848, 51.502359 ], [ -0.025699, 51.502342 ], [ -0.025715, 51.502245 ], [ -0.025673, 51.502235 ], [ -0.025131, 51.502212 ], [ -0.025133, 51.502231 ], [ -0.024984, 51.502225 ], [ -0.024963, 51.502287 ], [ -0.024739, 51.502263 ], [ -0.024837, 51.501907 ] ] ] } },
{ "type": "Feature", "properties": { "Map_Name": "Capewell Horse Nail Works", "First_Date": 1890, "Last_Date": 0, "Type": "Metal", "Products": null, "QualityCon": "1", "Full_name": null, "Short_name": null, "Web_Link": null, "London_Fir": 0, "Londo_1st_": 1, "Web_refere": null }, "geometry": { "type": "Polygon", "coordinates": [ [ [ -0.020302, 51.496159 ], [ -0.019569, 51.496171 ], [ -0.019558, 51.495869 ], [ -0.019627, 51.495812 ], [ -0.019715, 51.495811 ], [ -0.019885, 51.495803 ], [ -0.019888, 51.495795 ], [ -0.019988, 51.495787 ], [ -0.019985, 51.495797 ], [ -0.020082, 51.495798 ], [ -0.020087, 51.495755 ], [ -0.020286, 51.495755 ], [ -0.020302, 51.496159 ] ] ] } },
{ "type": "Feature", "properties": { "Map_Name": "Copper & Brass Foundry", "First_Date": 1890, "Last_Date": 0, "Type": "Metal", "Products": null, "QualityCon": "1", "Full_name": null, "Short_name": null, "Web_Link": null, "London_Fir": 0, "Londo_1st_": 1, "Web_refere": null }, "geometry": { "type": "Polygon", "coordinates": [ [ [ -0.021474, 51.508743 ], [ -0.021424, 51.508737 ], [ -0.021434, 51.508699 ], [ -0.021359, 51.508691 ], [ -0.021338, 51.508771 ], [ -0.021079, 51.508741 ], [ -0.021094, 51.508681 ], [ -0.021023, 51.508672 ], [ -0.021057, 51.508556 ], [ -0.021176, 51.508566 ], [ -0.021174, 51.508577 ], [ -0.021385, 51.508599 ], [ -0.02139, 51.508591 ], [ -0.021432, 51.508597 ], [ -0.02143, 51.508606 ], [ -0.02151, 51.508614 ], [ -0.021474, 51.508743 ] ] ] } },
{ "type": "Feature", "properties": { "Map_Name": "Crown Works Iron", "First_Date": 1890, "Last_Date": 0, "Type": "Metal", "Products": "Iron", "QualityCon": "1", "Full_name": null, "Short_name": null, "Web_Link": null, "London_Fir": 0, "Londo_1st_": 1, "Web_refere": null }, "geometry": { "type": "Polygon", "coordinates": [ [ [ -0.020309, 51.509773 ], [ -0.020388, 51.509705 ], [ -0.020368, 51.509692 ], [ -0.020492, 51.509587 ], [ -0.020596, 51.509391 ], [ -0.020649, 51.509395 ], [ -0.020582, 51.509543 ], [ -0.020728, 51.509581 ], [ -0.020718, 51.509594 ], [ -0.020706, 51.5096 ], [ -0.020668, 51.509839 ], [ -0.020282, 51.50981 ], [ -0.020309, 51.509773 ] ] ] } },
{ "type": "Feature", "properties": { "Map_Name": "Glengall Iron Works", "First_Date": 1890, "Last_Date": 0, "Type": "Metal", "Products": "Iron", "QualityCon": "1", "Full_name": null, "Short_name": null, "Web_Link": null, "London_Fir": 0, "Londo_1st_": 1, "Web_refere": null }, "geometry": { "type": "Polygon", "coordinates": [ [ [ -0.024189, 51.496294 ], [ -0.023388, 51.496314 ], [ -0.02338, 51.495798 ], [ -0.024063, 51.495778 ], [ -0.024197, 51.496192 ], [ -0.024189, 51.496294 ] ] ] } },
{ "type": "Feature", "properties": { "Map_Name": "Indurated Stone Works", "First_Date": 1890, "Last_Date": 0, "Type": "Building", "Products": null, "QualityCon": "1", "Full_name": null, "Short_name": null, "Web_Link": null, "London_Fir": 0, "Londo_1st_": 1, "Web_refere": null }, "geometry": { "type": "Polygon", "coordinates": [ [ [ -0.025178, 51.495796 ], [ -0.024846, 51.495846 ], [ -0.024693, 51.495858 ], [ -0.024283, 51.495925 ], [ -0.024208, 51.495666 ], [ -0.024113, 51.495669 ], [ -0.024121, 51.495424 ], [ -0.024849, 51.495412 ], [ -0.024854, 51.495506 ], [ -0.02486, 51.495558 ], [ -0.024837, 51.495577 ], [ -0.024791, 51.49559 ], [ -0.024748, 51.495629 ], [ -0.025112, 51.495598 ], [ -0.025178, 51.495796 ] ] ] } },
{ "type": "Feature", "properties": { "Map_Name": "Chemical Works", "First_Date": 1890, "Last_Date": 0, "Type": "Chemical", "Products": null, "QualityCon": "1", "Full_name": null, "Short_name": null, "Web_Link": null, "London_Fir": 0, "Londo_1st_": 1, "Web_refere": null }, "geometry": { "type": "Polygon", "coordinates": [ [ [ -0.024849, 51.495412 ], [ -0.024858, 51.495398 ], [ -0.025594, 51.495351 ], [ -0.025619, 51.495554 ], [ -0.025297, 51.495572 ], [ -0.024748, 51.495629 ], [ -0.024733, 51.495593 ], [ -0.024791, 51.49559 ], [ -0.024837, 51.495577 ], [ -0.02486, 51.495558 ], [ -0.024854, 51.495506 ], [ -0.024849, 51.495412 ] ] ] } },
{ "type": "Feature", "properties": { "Map_Name": "Engineering & Boiler Works", "First_Date": 1890, "Last_Date": 0, "Type": "Engineering", "Products": null, "QualityCon": "1", "Full_name": null, "Short_name": null, "Web_Link": null, "London_Fir": 0, "Londo_1st_": 1, "Web_refere": null }, "geometry": { "type": "Polygon", "coordinates": [ [ [ -0.025629, 51.495639 ], [ -0.025662, 51.495904 ], [ -0.025703, 51.496238 ], [ -0.024992, 51.496265 ], [ -0.024942, 51.495772 ], [ -0.025153, 51.495744 ], [ -0.025141, 51.495695 ], [ -0.025352, 51.495664 ], [ -0.025362, 51.495682 ], [ -0.025629, 51.495639 ] ] ] } },
{ "type": "Feature", "properties": { "Map_Name": "Carlton Chemical works", "First_Date": 1890, "Last_Date": 0, "Type": "Chemical", "Products": null, "QualityCon": "1", "Full_name": null, "Short_name": null, "Web_Link": null, "London_Fir": 0, "Londo_1st_": 1, "Web_refere": null }, "geometry": { "type": "Polygon", "coordinates": [ [ [ -0.024693, 51.495858 ], [ -0.024691, 51.49578 ], [ -0.024942, 51.495772 ], [ -0.024992, 51.496265 ], [ -0.024983, 51.496265 ], [ -0.024734, 51.496272 ], [ -0.024693, 51.495858 ] ] ] } },
{ "type": "Feature", "properties": { "Map_Name": "Ploughbridge Works", "First_Date": 1860, "Last_Date": 0, "Type": "General", "Products": null, "QualityCon": "1", "Full_name": null, "Short_name": null, "Web_Link": null, "London_Fir": 1, "Londo_1st_": 1, "Web_refere": null }, "geometry": { "type": "Polygon", "coordinates": [ [ [ -0.039911, 51.494642 ], [ -0.039892, 51.494758 ], [ -0.039915, 51.494759 ], [ -0.039907, 51.49481 ], [ -0.039928, 51.494811 ], [ -0.0399, 51.494957 ], [ -0.039985, 51.494965 ], [ -0.039953, 51.495122 ], [ -0.039871, 51.495117 ], [ -0.039857, 51.495199 ], [ -0.039686, 51.495196 ], [ -0.039729, 51.494936 ], [ -0.039688, 51.494932 ], [ -0.039715, 51.494791 ], [ -0.039677, 51.494789 ], [ -0.039708, 51.494631 ], [ -0.039911, 51.494642 ] ] ] } },
{ "type": "Feature", "properties": { "Map_Name": "Foundry and Engineering Works", "First_Date": 1860, "Last_Date": 0, "Type": "General", "Products": null, "QualityCon": "1", "Full_name": null, "Short_name": null, "Web_Link": null, "London_Fir": 1, "Londo_1st_": 1, "Web_refere": null }, "geometry": { "type": "Polygon", "coordinates": [ [ [ -0.024484, 51.484833 ], [ -0.024063, 51.485309 ], [ -0.023963, 51.48527 ], [ -0.023809, 51.485211 ], [ -0.023574, 51.48512 ], [ -0.023566, 51.485114 ], [ -0.022895, 51.484858 ], [ -0.022708, 51.484787 ], [ -0.02264, 51.484762 ], [ -0.022794, 51.484591 ], [ -0.022774, 51.484582 ], [ -0.022838, 51.48447 ], [ -0.022852, 51.484443 ], [ -0.02289, 51.484381 ], [ -0.022915, 51.48434 ], [ -0.022938, 51.484294 ], [ -0.022951, 51.484274 ], [ -0.022965, 51.484249 ], [ -0.022974, 51.484229 ], [ -0.022979, 51.484223 ], [ -0.023107, 51.484255 ], [ -0.023201, 51.484279 ], [ -0.023327, 51.484308 ], [ -0.023471, 51.484343 ], [ -0.0236, 51.484374 ], [ -0.023758, 51.484411 ], [ -0.023913, 51.484443 ], [ -0.024056, 51.484476 ], [ -0.024157, 51.484499 ], [ -0.024264, 51.484521 ], [ -0.024337, 51.48454 ], [ -0.024348, 51.484552 ], [ -0.024356, 51.484608 ], [ -0.024357, 51.484641 ], [ -0.024353, 51.484647 ], [ -0.024342, 51.484673 ], [ -0.024345, 51.484692 ], [ -0.024355, 51.484709 ], [ -0.024371, 51.484727 ], [ -0.024429, 51.484765 ], [ -0.02446, 51.484794 ], [ -0.024484, 51.484833 ] ] ] } },
{ "type": "Feature", "properties": { "Map_Name": "Red Lion Brewery", "First_Date": 1860, "Last_Date": 0, "Type": "Brewing", "Products": null, "QualityCon": "1", "Full_name": null, "Short_name": null, "Web_Link": null, "London_Fir": 1, "Londo_1st_": 1, "Web_refere": null }, "geometry": { "type": "Polygon", "coordinates": [ [ [ -0.067894, 51.50611 ], [ -0.067774, 51.506051 ], [ -0.067774, 51.506046 ], [ -0.067792, 51.506028 ], [ -0.067833, 51.505991 ], [ -0.067888, 51.505941 ], [ -0.067941, 51.505898 ], [ -0.067986, 51.505857 ], [ -0.06802, 51.505825 ], [ -0.068061, 51.505775 ], [ -0.068095, 51.505729 ], [ -0.068144, 51.505664 ], [ -0.06817, 51.505615 ], [ -0.068177, 51.505598 ], [ -0.068198, 51.50555 ], [ -0.068217, 51.505498 ], [ -0.068236, 51.505459 ], [ -0.068252, 51.50542 ], [ -0.068266, 51.505381 ], [ -0.06827, 51.505374 ], [ -0.068286, 51.505331 ], [ -0.068304, 51.505287 ], [ -0.068314, 51.505288 ], [ -0.068322, 51.505275 ], [ -0.068341, 51.50523 ], [ -0.068364, 51.505171 ], [ -0.068377, 51.505171 ], [ -0.068387, 51.505137 ], [ -0.068399, 51.505131 ], [ -0.068504, 51.505135 ], [ -0.068509, 51.50513 ], [ -0.068552, 51.505125 ], [ -0.068647, 51.505119 ], [ -0.068734, 51.505111 ], [ -0.068854, 51.5051 ], [ -0.069022, 51.505098 ], [ -0.069208, 51.505099 ], [ -0.069302, 51.505125 ], [ -0.069562, 51.505211 ], [ -0.0697, 51.505257 ], [ -0.069669, 51.5053 ], [ -0.069794, 51.50534 ], [ -0.069757, 51.505379 ], [ -0.069724, 51.505413 ], [ -0.069665, 51.505463 ], [ -0.069615, 51.505504 ], [ -0.069528, 51.505574 ], [ -0.069442, 51.505647 ], [ -0.06934, 51.505729 ], [ -0.069044, 51.505712 ], [ -0.069061, 51.505758 ], [ -0.069082, 51.505756 ], [ -0.069098, 51.505795 ], [ -0.067894, 51.50611 ] ] ] } },
{ "type": "Feature", "properties": { "Map_Name": "Phoenix Distillery", "First_Date": 1860, "Last_Date": 0, "Type": "Distillery", "Products": null, "QualityCon": "1", "Full_name": null, "Short_name": null, "Web_Link": null, "London_Fir": 1, "Londo_1st_": 1, "Web_refere": null }, "geometry": { "type": "Polygon", "coordinates": [ [ [ -0.052502, 51.522461 ], [ -0.052185, 51.522591 ], [ -0.052191, 51.522596 ], [ -0.052035, 51.522664 ], [ -0.052029, 51.522661 ], [ -0.051737, 51.522794 ], [ -0.051692, 51.522754 ], [ -0.051571, 51.522649 ], [ -0.051511, 51.522592 ], [ -0.051697, 51.52251 ], [ -0.051853, 51.522443 ], [ -0.05193, 51.522409 ], [ -0.051925, 51.522404 ], [ -0.05197, 51.522384 ], [ -0.051978, 51.522387 ], [ -0.051995, 51.52238 ], [ -0.052, 51.522375 ], [ -0.051998, 51.522366 ], [ -0.052011, 51.522363 ], [ -0.052006, 51.522359 ], [ -0.051996, 51.522343 ], [ -0.051998, 51.522332 ], [ -0.052018, 51.522317 ], [ -0.052093, 51.522282 ], [ -0.05215, 51.522256 ], [ -0.052198, 51.522238 ], [ -0.05223, 51.522238 ], [ -0.052264, 51.522249 ], [ -0.052288, 51.52227 ], [ -0.052502, 51.522461 ] ] ] } },
{ "type": "Feature", "properties": { "Map_Name": "Anchor Brewery", "First_Date": 1860, "Last_Date": 0, "Type": "Brewing", "Products": null, "QualityCon": "check 1860 shape", "Full_name": null, "Short_name": null, "Web_Link": null, "London_Fir": 1, "Londo_1st_": 1, "Web_refere": null }, "geometry": { "type": "Polygon", "coordinates": [ [ [ -0.049849, 51.521387 ], [ -0.049856, 51.52142 ], [ -0.049919, 51.521416 ], [ -0.049968, 51.521563 ], [ -0.050001, 51.521646 ], [ -0.050101, 51.52164 ], [ -0.050105, 51.521648 ], [ -0.05032, 51.521647 ], [ -0.050318, 51.521723 ], [ -0.050466, 51.52173 ], [ -0.050488, 51.521643 ], [ -0.050894, 51.521666 ], [ -0.050905, 51.521669 ], [ -0.051022, 51.521676 ], [ -0.050983, 51.5219 ], [ -0.05082, 51.521891 ], [ -0.050819, 51.521909 ], [ -0.050729, 51.521903 ], [ -0.050726, 51.521956 ], [ -0.050724, 51.522051 ], [ -0.050721, 51.522137 ], [ -0.05072, 51.522212 ], [ -0.050609, 51.522212 ], [ -0.050443, 51.522209 ], [ -0.050312, 51.522208 ], [ -0.050162, 51.522205 ], [ -0.050013, 51.522219 ], [ -0.04997, 51.522222 ], [ -0.04997, 51.522227 ], [ -0.049677, 51.522238 ], [ -0.049677, 51.522181 ], [ -0.049676, 51.522097 ], [ -0.049676, 51.521973 ], [ -0.049678, 51.52186 ], [ -0.049676, 51.521754 ], [ -0.049678, 51.521636 ], [ -0.049677, 51.521488 ], [ -0.049678, 51.521393 ], [ -0.049771, 51.521388 ], [ -0.049849, 51.521387 ] ] ] } },
{ "type": "Feature", "properties": { "Map_Name": "Antimony Works", "First_Date": 1860, "Last_Date": 0, "Type": "Chemical", "Products": null, "QualityCon": "1", "Full_name": null, "Short_name": null, "Web_Link": null, "London_Fir": 1, "Londo_1st_": 1, "Web_refere": null }, "geometry": { "type": "Polygon", "coordinates": [ [ [ -0.049419, 51.50293 ], [ -0.048947, 51.5026 ], [ -0.049117, 51.502498 ], [ -0.04923, 51.502572 ], [ -0.049425, 51.502462 ], [ -0.049504, 51.502515 ], [ -0.049551, 51.502487 ], [ -0.049576, 51.502529 ], [ -0.049391, 51.502652 ], [ -0.049451, 51.502687 ], [ -0.049595, 51.502599 ], [ -0.049647, 51.502629 ], [ -0.049661, 51.502619 ], [ -0.049699, 51.502632 ], [ -0.049716, 51.502642 ], [ -0.049674, 51.502678 ], [ -0.049718, 51.502703 ], [ -0.049745, 51.502688 ], [ -0.049782, 51.502716 ], [ -0.049419, 51.50293 ] ] ] } },
{ "type": "Feature", "properties": { "Map_Name": "Flour Mill", "First_Date": 1860, "Last_Date": 0, "Type": "Grain Mill", "Products": null, "QualityCon": "1", "Full_name": null, "Short_name": null, "Web_Link": null, "London_Fir": 1, "Londo_1st_": 1, "Web_refere": null }, "geometry": { "type": "Polygon", "coordinates": [ [ [ -0.060495, 51.500124 ], [ -0.060614, 51.500125 ], [ -0.060615, 51.500402 ], [ -0.060529, 51.500403 ], [ -0.060529, 51.500379 ], [ -0.060267, 51.500374 ], [ -0.060274, 51.500224 ], [ -0.060479, 51.500225 ], [ -0.060495, 51.500124 ] ] ] } },
{ "type": "Feature", "properties": { "Map_Name": "Iron Foundry", "First_Date": 1860, "Last_Date": 0, "Type": "Metal", "Products": "Iron", "QualityCon": "1", "Full_name": null, "Short_name": null, "Web_Link": null, "London_Fir": 1, "Londo_1st_": 1, "Web_refere": null }, "geometry": { "type": "Polygon", "coordinates": [ [ [ -0.07068, 51.499954 ], [ -0.070773, 51.499955 ], [ -0.070777, 51.499967 ], [ -0.071073, 51.499962 ], [ -0.071072, 51.499996 ], [ -0.070913, 51.5 ], [ -0.070908, 51.500064 ], [ -0.070811, 51.500058 ], [ -0.070488, 51.50004 ], [ -0.070485, 51.499948 ], [ -0.07068, 51.499954 ] ] ] } },
{ "type": "Feature", "properties": { "Map_Name": "Acetic Acid Works", "First_Date": 1860, "Last_Date": 0, "Type": "Chemical", "Products": null, "QualityCon": "1", "Full_name": null, "Short_name": null, "Web_Link": null, "London_Fir": 1, "Londo_1st_": 1, "Web_refere": null }, "geometry": { "type": "Polygon", "coordinates": [ [ [ -0.154364, 51.469102 ], [ -0.154518, 51.469481 ], [ -0.154565, 51.469587 ], [ -0.154536, 51.46963 ], [ -0.154655, 51.469806 ], [ -0.153044, 51.470043 ], [ -0.152999, 51.469701 ], [ -0.152924, 51.469625 ], [ -0.152951, 51.469484 ], [ -0.152949, 51.46948 ], [ -0.152972, 51.46948 ], [ -0.152978, 51.469404 ], [ -0.153072, 51.469405 ], [ -0.153113, 51.469319 ], [ -0.154364, 51.469102 ] ] ] } },
{ "type": "Feature", "properties": { "Map_Name": "Longhedge Works (Locomotive)", "First_Date": 1862, "Last_Date": 1950, "Type": "Engineering", "Products": "Engineering", "QualityCon": "1", "Full_name": null, "Short_name": "Longhedge Locomotive Works", "Web_Link": null, "London_Fir": 1, "Londo_1st_": 1, "Web_refere": "http://en.wikipedia.org/wiki/Longhedge_Railway_Works_%28Battersea%29" }, "geometry": { "type": "Polygon", "coordinates": [ [ [ -0.148147, 51.473235 ], [ -0.148056, 51.47342 ], [ -0.147898, 51.473384 ], [ -0.146531, 51.473633 ], [ -0.145696, 51.473744 ], [ -0.145277, 51.473733 ], [ -0.145078, 51.473723 ], [ -0.145044, 51.473617 ], [ -0.144464, 51.473196 ], [ -0.144158, 51.472963 ], [ -0.143685, 51.472599 ], [ -0.143852, 51.472444 ], [ -0.144107, 51.471211 ], [ -0.146538, 51.470655 ], [ -0.146662, 51.470771 ], [ -0.146786, 51.470911 ], [ -0.146872, 51.47105 ], [ -0.147024, 51.471243 ], [ -0.147153, 51.47144 ], [ -0.147554, 51.471898 ], [ -0.14778, 51.47253 ], [ -0.148147, 51.473235 ] ] ] } },
{ "type": "Feature", "properties": { "Map_Name": "Brewery", "First_Date": 1860, "Last_Date": 0, "Type": "Brewing", "Products": null, "QualityCon": "1", "Full_name": null, "Short_name": null, "Web_Link": null, "London_Fir": 1, "Londo_1st_": 1, "Web_refere": null }, "geometry": { "type": "Polygon", "coordinates": [ [ [ -0.093514, 51.475735 ], [ -0.093519, 51.475768 ], [ -0.093449, 51.475776 ], [ -0.09345, 51.4758 ], [ -0.093462, 51.475844 ], [ -0.093561, 51.475836 ], [ -0.09357, 51.475872 ], [ -0.093402, 51.475885 ], [ -0.093412, 51.475921 ], [ -0.093345, 51.475924 ], [ -0.093351, 51.475956 ], [ -0.093215, 51.475965 ], [ -0.093201, 51.475899 ], [ -0.093184, 51.4759 ], [ -0.093138, 51.475718 ], [ -0.093295, 51.475701 ], [ -0.09331, 51.47575 ], [ -0.093514, 51.475735 ] ] ] } },
{ "type": "Feature", "properties": { "Map_Name": "Lime Works", "First_Date": 1860, "Last_Date": 0, "Type": "Chemical", "Products": "Lime", "QualityCon": "1", "Full_name": null, "Short_name": null, "Web_Link": null, "London_Fir": 1, "Londo_1st_": 1, "Web_refere": null }, "geometry": { "type": "Polygon", "coordinates": [ [ [ -0.088642, 51.482075 ], [ -0.088675, 51.482278 ], [ -0.088646, 51.482281 ], [ -0.088603, 51.482226 ], [ -0.088022, 51.482254 ], [ -0.088085, 51.482409 ], [ -0.087915, 51.482439 ], [ -0.087922, 51.482462 ], [ -0.0877, 51.482499 ], [ -0.087628, 51.482268 ], [ -0.087691, 51.48226 ], [ -0.087685, 51.482207 ], [ -0.087671, 51.482119 ], [ -0.087968, 51.48211 ], [ -0.088642, 51.482075 ] ] ] } },
{ "type": "Feature", "properties": { "Map_Name": "Wool Works", "First_Date": 1860, "Last_Date": 0, "Type": "Cloth and Clothing", "Products": null, "QualityCon": "1", "Full_name": null, "Short_name": null, "Web_Link": null, "London_Fir": 1, "Londo_1st_": 1, "Web_refere": null }, "geometry": { "type": "Polygon", "coordinates": [ [ [ -0.081357, 51.482495 ], [ -0.081217, 51.482752 ], [ -0.081128, 51.482742 ], [ -0.081127, 51.482737 ], [ -0.081038, 51.48274 ], [ -0.08093, 51.482742 ], [ -0.080821, 51.482746 ], [ -0.080656, 51.482752 ], [ -0.080502, 51.482758 ], [ -0.080336, 51.482765 ], [ -0.080187, 51.48277 ], [ -0.08004, 51.482778 ], [ -0.079874, 51.482785 ], [ -0.079848, 51.482618 ], [ -0.080952, 51.482511 ], [ -0.081282, 51.482477 ], [ -0.081357, 51.482495 ] ] ] } },
{ "type": "Feature", "properties": { "Map_Name": "Tannery", "First_Date": 1860, "Last_Date": 0, "Type": "Leather and Skins", "Products": null, "QualityCon": "1", "Full_name": null, "Short_name": null, "Web_Link": null, "London_Fir": 1, "Londo_1st_": 1, "Web_refere": null }, "geometry": { "type": "Polygon", "coordinates": [ [ [ -0.079468, 51.483909 ], [ -0.07898, 51.483908 ], [ -0.07896, 51.483638 ], [ -0.079437, 51.48362 ], [ -0.079468, 51.483909 ] ] ] } },
{ "type": "Feature", "properties": { "Map_Name": "Parchment Manufactory", "First_Date": 1860, "Last_Date": 0, "Type": "Paper", "Products": null, "QualityCon": "1", "Full_name": null, "Short_name": null, "Web_Link": null, "London_Fir": 1, "Londo_1st_": 1, "Web_refere": null }, "geometry": { "type": "Polygon", "coordinates": [ [ [ -0.0803, 51.483818 ], [ -0.080244, 51.484068 ], [ -0.080318, 51.484071 ], [ -0.08031, 51.484186 ], [ -0.079697, 51.484174 ], [ -0.079472, 51.484171 ], [ -0.079041, 51.484159 ], [ -0.079036, 51.483908 ], [ -0.079468, 51.483909 ], [ -0.079604, 51.48391 ], [ -0.079829, 51.483879 ], [ -0.079937, 51.483863 ], [ -0.080275, 51.483819 ], [ -0.0803, 51.483818 ] ] ] } },
{ "type": "Feature", "properties": { "Map_Name": "Mineral Water Manufactory", "First_Date": 1860, "Last_Date": 0, "Type": "General", "Products": "Books", "QualityCon": "1", "Full_name": null, "Short_name": null, "Web_Link": null, "London_Fir": 1, "Londo_1st_": 1, "Web_refere": null }, "geometry": { "type": "Polygon", "coordinates": [ [ [ -0.08847, 51.480973 ], [ -0.088237, 51.481155 ], [ -0.088398, 51.481246 ], [ -0.088266, 51.481331 ], [ -0.088049, 51.481219 ], [ -0.087978, 51.48127 ], [ -0.08787, 51.481215 ], [ -0.087702, 51.481341 ], [ -0.087682, 51.481356 ], [ -0.087644, 51.481355 ], [ -0.087574, 51.481316 ], [ -0.087783, 51.481165 ], [ -0.088273, 51.480797 ], [ -0.088328, 51.480828 ], [ -0.088272, 51.48087 ], [ -0.08847, 51.480973 ] ] ] } },
{ "type": "Feature", "properties": { "Map_Name": "Glengall Works (Patent Safe Manufactory)", "First_Date": 1866, "Last_Date": 0, "Type": "Metal", "Products": "Patent Safe", "QualityCon": "1", "Full_name": null, "Short_name": null, "Web_Link": null, "London_Fir": 1, "Londo_1st_": 1, "Web_refere": null }, "geometry": { "type": "Polygon", "coordinates": [ [ [ -0.072515, 51.483893 ], [ -0.072495, 51.483907 ], [ -0.072207, 51.483926 ], [ -0.071845, 51.483951 ], [ -0.071458, 51.483974 ], [ -0.071462, 51.483755 ], [ -0.071468, 51.483284 ], [ -0.072247, 51.483241 ], [ -0.07241, 51.483628 ], [ -0.072494, 51.483615 ], [ -0.072558, 51.48377 ], [ -0.072471, 51.483783 ], [ -0.072515, 51.483893 ] ] ] } },
{ "type": "Feature", "properties": { "Map_Name": "Cumberland Oil Mills", "First_Date": 1860, "Last_Date": 0, "Type": "Soap Candle Tallow and Oil", "Products": null, "QualityCon": "1", "Full_name": null, "Short_name": "Cumberland Oil Mills", "Web_Link": null, "London_Fir": 1, "Londo_1st_": 1, "Web_refere": null }, "geometry": { "type": "Polygon", "coordinates": [ [ [ -0.005164, 51.48782 ], [ -0.00582, 51.488234 ], [ -0.005774, 51.488315 ], [ -0.005768, 51.488315 ], [ -0.005746, 51.488356 ], [ -0.005681, 51.48848 ], [ -0.005672, 51.488504 ], [ -0.005647, 51.488547 ], [ -0.005638, 51.488555 ], [ -0.005627, 51.488566 ], [ -0.00561, 51.488576 ], [ -0.00559, 51.488582 ], [ -0.005574, 51.48858 ], [ -0.005312, 51.488452 ], [ -0.00485, 51.488227 ], [ -0.004681, 51.488145 ], [ -0.004667, 51.488137 ], [ -0.004666, 51.488127 ], [ -0.004707, 51.488098 ], [ -0.004822, 51.488022 ], [ -0.005004, 51.487915 ], [ -0.005106, 51.487853 ], [ -0.005125, 51.48784 ], [ -0.005164, 51.48782 ] ] ] } },
{ "type": "Feature", "properties": { "Map_Name": "White Lead, Sulphur, and Saltpeter Works", "First_Date": 1860, "Last_Date": 0, "Type": "Chemical", "Products": "Chemical", "QualityCon": "1", "Full_name": null, "Short_name": null, "Web_Link": null, "London_Fir": 1, "Londo_1st_": 1, "Web_refere": null }, "geometry": { "type": "Polygon", "coordinates": [ [ [ -0.052417, 51.49836 ], [ -0.051418, 51.498917 ], [ -0.051132, 51.498531 ], [ -0.051105, 51.498523 ], [ -0.051039, 51.498512 ], [ -0.050966, 51.498524 ], [ -0.050817, 51.498544 ], [ -0.050772, 51.498527 ], [ -0.050714, 51.498445 ], [ -0.050559, 51.498247 ], [ -0.050381, 51.498027 ], [ -0.050213, 51.497816 ], [ -0.050074, 51.497633 ], [ -0.050142, 51.4976 ], [ -0.050305, 51.497515 ], [ -0.050492, 51.49742 ], [ -0.050603, 51.49736 ], [ -0.05077, 51.497272 ], [ -0.050942, 51.497182 ], [ -0.051383, 51.497518 ], [ -0.051444, 51.497495 ], [ -0.05148, 51.497524 ], [ -0.051554, 51.497485 ], [ -0.051811, 51.497679 ], [ -0.051718, 51.497736 ], [ -0.051756, 51.497765 ], [ -0.051773, 51.49776 ], [ -0.051807, 51.497777 ], [ -0.05179, 51.497794 ], [ -0.051795, 51.4978 ], [ -0.051657, 51.497875 ], [ -0.051866, 51.498022 ], [ -0.051963, 51.498089 ], [ -0.051981, 51.498081 ], [ -0.052017, 51.4981 ], [ -0.052078, 51.498071 ], [ -0.052224, 51.498171 ], [ -0.052141, 51.498216 ], [ -0.052245, 51.498291 ], [ -0.052266, 51.498275 ], [ -0.052282, 51.498283 ], [ -0.052302, 51.498274 ], [ -0.052423, 51.498358 ], [ -0.052417, 51.49836 ] ] ] } },
{ "type": "Feature", "properties": { "Map_Name": "Universe Rope Works", "First_Date": 1860, "Last_Date": 0, "Type": "Rope", "Products": null, "QualityCon": "1", "Full_name": null, "Short_name": null, "Web_Link": null, "London_Fir": 1, "Londo_1st_": 1, "Web_refere": null }, "geometry": { "type": "Polygon", "coordinates": [ [ [ -0.025361, 51.496613 ], [ -0.019615, 51.496742 ], [ -0.019598, 51.496512 ], [ -0.019603, 51.496508 ], [ -0.019823, 51.496503 ], [ -0.020295, 51.496495 ], [ -0.0208, 51.496481 ], [ -0.021326, 51.496471 ], [ -0.022041, 51.496453 ], [ -0.022732, 51.496434 ], [ -0.02346, 51.496419 ], [ -0.023897, 51.49641 ], [ -0.024358, 51.496401 ], [ -0.025104, 51.496387 ], [ -0.025348, 51.496382 ], [ -0.025361, 51.496613 ] ] ] } },
{ "type": "Feature", "properties": { "Map_Name": "Ship Building Yard", "First_Date": 1860, "Last_Date": 0, "Type": "Shipyard", "Products": "Shipyard", "QualityCon": "1", "Full_name": null, "Short_name": null, "Web_Link": null, "London_Fir": 1, "Londo_1st_": 1, "Web_refere": null }, "geometry": { "type": "Polygon", "coordinates": [ [ [ -0.0088, 51.495177 ], [ -0.009113, 51.496052 ], [ -0.006786, 51.496654 ], [ -0.006599, 51.496445 ], [ -0.006474, 51.49625 ], [ -0.00622, 51.495836 ], [ -0.0088, 51.495177 ] ] ] } },
{ "type": "Feature", "properties": { "Map_Name": "Electric Telegraph Works", "First_Date": 1860, "Last_Date": 0, "Type": "Electrical", "Products": "Telegraph", "QualityCon": "1", "Full_name": null, "Short_name": null, "Web_Link": null, "London_Fir": 1, "Londo_1st_": 1, "Web_refere": null }, "geometry": { "type": "Polygon", "coordinates": [ [ [ 0.00309, 51.493531 ], [ 0.002329, 51.493333 ], [ 0.002289, 51.493271 ], [ 0.002326, 51.493133 ], [ 0.00234, 51.493026 ], [ 0.001951, 51.492936 ], [ 0.001804, 51.493199 ], [ 0.001624, 51.493528 ], [ 0.001544, 51.493654 ], [ 0.001675, 51.49369 ], [ 0.00217, 51.493818 ], [ 0.002775, 51.493968 ], [ 0.00309, 51.493531 ] ] ] } },
{ "type": "Feature", "properties": { "Map_Name": "Boat Building Yard", "First_Date": 1860, "Last_Date": 0, "Type": "Shipyard", "Products": null, "QualityCon": "1", "Full_name": null, "Short_name": null, "Web_Link": null, "London_Fir": 1, "Londo_1st_": 1, "Web_refere": null }, "geometry": { "type": "Polygon", "coordinates": [ [ [ -0.007706, 51.499885 ], [ -0.007575, 51.499291 ], [ -0.007545, 51.499142 ], [ -0.007934, 51.499102 ], [ -0.007975, 51.499226 ], [ -0.008026, 51.499461 ], [ -0.008063, 51.499632 ], [ -0.008112, 51.499855 ], [ -0.007706, 51.499885 ] ] ] } },
{ "type": "Feature", "properties": { "Map_Name": "Ship Building Yard", "First_Date": 1860, "Last_Date": 0, "Type": "Shipyard", "Products": "Shipyard", "QualityCon": "1", "Full_name": null, "Short_name": null, "Web_Link": null, "London_Fir": 1, "Londo_1st_": 1, "Web_refere": null }, "geometry": { "type": "Polygon", "coordinates": [ [ [ -0.003665, 51.506579 ], [ -0.003933, 51.506833 ], [ -0.004032, 51.506955 ], [ -0.004155, 51.507156 ], [ -0.004273, 51.507358 ], [ -0.004136, 51.507398 ], [ -0.004255, 51.507601 ], [ -0.004336, 51.507758 ], [ -0.00474, 51.507729 ], [ -0.004778, 51.507936 ], [ -0.004441, 51.507962 ], [ -0.004214, 51.507971 ], [ -0.003847, 51.507993 ], [ -0.003426, 51.508018 ], [ -0.003352, 51.508024 ], [ -0.002944, 51.508021 ], [ -0.002657, 51.507992 ], [ -0.002397, 51.507962 ], [ -0.002221, 51.507944 ], [ -0.001986, 51.507816 ], [ -0.001914, 51.507676 ], [ -0.001818, 51.507489 ], [ -0.002007, 51.507431 ], [ -0.002183, 51.507381 ], [ -0.002141, 51.507305 ], [ -0.002245, 51.50725 ], [ -0.00246, 51.507176 ], [ -0.002513, 51.507152 ], [ -0.002659, 51.507081 ], [ -0.002768, 51.507028 ], [ -0.002923, 51.506926 ], [ -0.003046, 51.506867 ], [ -0.003207, 51.506799 ], [ -0.003416, 51.506693 ], [ -0.003665, 51.506579 ] ] ] } },
{ "type": "Feature", "properties": { "Map_Name": "Iron Foundry", "First_Date": 1860, "Last_Date": 0, "Type": "Metal", "Products": "Iron", "QualityCon": "1", "Full_name": null, "Short_name": null, "Web_Link": null, "London_Fir": 1, "Londo_1st_": 1, "Web_refere": null }, "geometry": { "type": "Polygon", "coordinates": [ [ [ 0.005949, 51.51208 ], [ 0.006163, 51.512045 ], [ 0.006798, 51.511955 ], [ 0.006876, 51.511931 ], [ 0.006787, 51.511837 ], [ 0.006639, 51.511581 ], [ 0.005807, 51.511702 ], [ 0.005891, 51.511915 ], [ 0.00593, 51.512027 ], [ 0.005949, 51.51208 ] ] ] } },
{ "type": "Feature", "properties": { "Map_Name": "Malt House", "First_Date": 1860, "Last_Date": 0, "Type": "Brewing", "Products": null, "QualityCon": "1", "Full_name": null, "Short_name": null, "Web_Link": null, "London_Fir": 1, "Londo_1st_": 1, "Web_refere": null }, "geometry": { "type": "Polygon", "coordinates": [ [ [ -0.009753, 51.522711 ], [ -0.009711, 51.522991 ], [ -0.00974, 51.522995 ], [ -0.00969, 51.523298 ], [ -0.009274, 51.523273 ], [ -0.009263, 51.523292 ], [ -0.008842, 51.52327 ], [ -0.00874, 51.523255 ], [ -0.008654, 51.523239 ], [ -0.008705, 51.523111 ], [ -0.008716, 51.523064 ], [ -0.008797, 51.522963 ], [ -0.008937, 51.522817 ], [ -0.009019, 51.52273 ], [ -0.009066, 51.522648 ], [ -0.009102, 51.522583 ], [ -0.009122, 51.522588 ], [ -0.009329, 51.52259 ], [ -0.009372, 51.5226 ], [ -0.009436, 51.522604 ], [ -0.009419, 51.52269 ], [ -0.009589, 51.5227 ], [ -0.009753, 51.522711 ] ] ] } },
{ "type": "Feature", "properties": { "Map_Name": "Imperial Works (washing chemicals)", "First_Date": 1860, "Last_Date": 0, "Type": "Chemical", "Products": null, "QualityCon": "1", "Full_name": null, "Short_name": null, "Web_Link": null, "London_Fir": 1, "Londo_1st_": 1, "Web_refere": null }, "geometry": { "type": "Polygon", "coordinates": [ [ [ -0.008997, 51.526122 ], [ -0.009048, 51.526102 ], [ -0.00916, 51.526067 ], [ -0.009335, 51.526025 ], [ -0.009372, 51.526084 ], [ -0.009422, 51.526067 ], [ -0.009457, 51.526114 ], [ -0.009493, 51.526351 ], [ -0.009625, 51.526457 ], [ -0.009889, 51.526324 ], [ -0.01005, 51.526488 ], [ -0.010107, 51.526545 ], [ -0.009601, 51.526778 ], [ -0.009558, 51.526817 ], [ -0.009537, 51.526835 ], [ -0.00935, 51.526918 ], [ -0.009137, 51.527007 ], [ -0.009144, 51.527016 ], [ -0.008773, 51.527125 ], [ -0.008768, 51.527116 ], [ -0.008571, 51.527143 ], [ -0.008508, 51.526978 ], [ -0.008456, 51.526863 ], [ -0.008349, 51.526731 ], [ -0.008395, 51.526687 ], [ -0.008602, 51.526628 ], [ -0.008591, 51.526612 ], [ -0.008692, 51.52658 ], [ -0.008682, 51.526548 ], [ -0.008626, 51.526455 ], [ -0.008639, 51.526433 ], [ -0.00874, 51.52641 ], [ -0.008759, 51.526424 ], [ -0.008818, 51.526409 ], [ -0.008834, 51.526162 ], [ -0.008997, 51.526122 ] ] ] } },
{ "type": "Feature", "properties": { "Map_Name": "Grinding Mill (chemicals)", "First_Date": 1860, "Last_Date": 0, "Type": "Chemical", "Products": null, "QualityCon": "1", "Full_name": null, "Short_name": null, "Web_Link": null, "London_Fir": 1, "Londo_1st_": 1, "Web_refere": null }, "geometry": { "type": "Polygon", "coordinates": [ [ [ 0.011282, 51.498402 ], [ 0.011462, 51.498272 ], [ 0.011477, 51.498283 ], [ 0.011652, 51.49815 ], [ 0.011443, 51.49804 ], [ 0.011137, 51.498254 ], [ 0.011213, 51.49829 ], [ 0.011157, 51.49834 ], [ 0.011282, 51.498402 ] ] ] } },
{ "type": "Feature", "properties": { "Map_Name": "Rope Manufactory", "First_Date": 1860, "Last_Date": 0, "Type": "Rope", "Products": null, "QualityCon": "1", "Full_name": null, "Short_name": null, "Web_Link": null, "London_Fir": 1, "Londo_1st_": 1, "Web_refere": null }, "geometry": { "type": "Polygon", "coordinates": [ [ [ 0.024713, 51.49295 ], [ 0.028525, 51.493508 ], [ 0.028849, 51.493567 ], [ 0.028971, 51.493585 ], [ 0.028935, 51.493651 ], [ 0.029066, 51.493668 ], [ 0.029134, 51.49348 ], [ 0.029014, 51.493463 ], [ 0.029004, 51.493485 ], [ 0.024678, 51.492825 ], [ 0.024713, 51.49295 ] ] ] } },
{ "type": "Feature", "properties": { "Map_Name": "Iron Works", "First_Date": 1860, "Last_Date": 0, "Type": "Metal", "Products": "Iron", "QualityCon": "1", "Full_name": null, "Short_name": null, "Web_Link": null, "London_Fir": 1, "Londo_1st_": 1, "Web_refere": null }, "geometry": { "type": "Polygon", "coordinates": [ [ [ 0.031604, 51.502791 ], [ 0.032516, 51.502864 ], [ 0.032565, 51.50258 ], [ 0.03166, 51.502513 ], [ 0.031604, 51.502791 ] ] ] } },
{ "type": "Feature", "properties": { "Map_Name": "Manure Works", "First_Date": 1860, "Last_Date": 0, "Type": "Chemical", "Products": "Fertilizer", "QualityCon": "1", "Full_name": null, "Short_name": null, "Web_Link": null, "London_Fir": 1, "Londo_1st_": 1, "Web_refere": null }, "geometry": { "type": "Polygon", "coordinates": [ [ [ 0.015829, 51.504066 ], [ 0.01607, 51.503843 ], [ 0.016101, 51.503853 ], [ 0.016132, 51.503827 ], [ 0.014714, 51.50324 ], [ 0.01469, 51.503253 ], [ 0.014727, 51.503271 ], [ 0.014701, 51.503303 ], [ 0.014526, 51.503232 ], [ 0.014432, 51.50332 ], [ 0.01485, 51.503501 ], [ 0.014713, 51.50363 ], [ 0.015829, 51.504066 ] ] ] } },
{ "type": "Feature", "properties": { "Map_Name": "Thames Iron Works (shipbuilding)", "First_Date": 1837, "Last_Date": 1912, "Type": "Shipyard", "Products": "Shipyard", "QualityCon": "1", "Full_name": null, "Short_name": "Thames Ironworks", "Web_Link": null, "London_Fir": 1, "Londo_1st_": 1, "Web_refere": "http://en.wikipedia.org/wiki/Thames_Ironworks_and_Shipbuilding_Company" }, "geometry": { "type": "Polygon", "coordinates": [ [ [ 0.010164, 51.508071 ], [ 0.010309, 51.508284 ], [ 0.010448, 51.508476 ], [ 0.010537, 51.5086 ], [ 0.010522, 51.508622 ], [ 0.010405, 51.508657 ], [ 0.010364, 51.508647 ], [ 0.010258, 51.508682 ], [ 0.010037, 51.508781 ], [ 0.009916, 51.508972 ], [ 0.009723, 51.509212 ], [ 0.009649, 51.509268 ], [ 0.009583, 51.50931 ], [ 0.009484, 51.509373 ], [ 0.009337, 51.509438 ], [ 0.009262, 51.509474 ], [ 0.009066, 51.509512 ], [ 0.008843, 51.509548 ], [ 0.008559, 51.509547 ], [ 0.008406, 51.509494 ], [ 0.008201, 51.50955 ], [ 0.008005, 51.509605 ], [ 0.007884, 51.509712 ], [ 0.007417, 51.509802 ], [ 0.006869, 51.509887 ], [ 0.006445, 51.510013 ], [ 0.006435, 51.510025 ], [ 0.006431, 51.51005 ], [ 0.00644, 51.510141 ], [ 0.006445, 51.510218 ], [ 0.006504, 51.510303 ], [ 0.006584, 51.510342 ], [ 0.006681, 51.510488 ], [ 0.006701, 51.510517 ], [ 0.006802, 51.510596 ], [ 0.006894, 51.510699 ], [ 0.00699, 51.510806 ], [ 0.007063, 51.510842 ], [ 0.00708, 51.510925 ], [ 0.007096, 51.511017 ], [ 0.007352, 51.511019 ], [ 0.007346, 51.511129 ], [ 0.007359, 51.511245 ], [ 0.007459, 51.51136 ], [ 0.007553, 51.51148 ], [ 0.007724, 51.511759 ], [ 0.007816, 51.511895 ], [ 0.007884, 51.51189 ], [ 0.007962, 51.512142 ], [ 0.008033, 51.512357 ], [ 0.007972, 51.512369 ], [ 0.007963, 51.512383 ], [ 0.007992, 51.512476 ], [ 0.008043, 51.512475 ], [ 0.008139, 51.512782 ], [ 0.008318, 51.512765 ], [ 0.008327, 51.512955 ], [ 0.008362, 51.513094 ], [ 0.008448, 51.513112 ], [ 0.008441, 51.513119 ], [ 0.008503, 51.513145 ], [ 0.008606, 51.513164 ], [ 0.008657, 51.513182 ], [ 0.0087, 51.513207 ], [ 0.008754, 51.513147 ], [ 0.009007, 51.512812 ], [ 0.009263, 51.51242 ], [ 0.00941, 51.512218 ], [ 0.009616, 51.511939 ], [ 0.009732, 51.511737 ], [ 0.009839, 51.511594 ], [ 0.010059, 51.511261 ], [ 0.010197, 51.511037 ], [ 0.01032, 51.510933 ], [ 0.010537, 51.51058 ], [ 0.010715, 51.510272 ], [ 0.010888, 51.509994 ], [ 0.011141, 51.50962 ], [ 0.011341, 51.509347 ], [ 0.011572, 51.509021 ], [ 0.011639, 51.508915 ], [ 0.011721, 51.508726 ], [ 0.011784, 51.508507 ], [ 0.011809, 51.508277 ], [ 0.011792, 51.508063 ], [ 0.011759, 51.507884 ], [ 0.011725, 51.507773 ], [ 0.011684, 51.507677 ], [ 0.011479, 51.507307 ], [ 0.011262, 51.507043 ], [ 0.010889, 51.506699 ], [ 0.01041, 51.506317 ], [ 0.010309, 51.506388 ], [ 0.01018, 51.506497 ], [ 0.009995, 51.506637 ], [ 0.009797, 51.506783 ], [ 0.00969, 51.506835 ], [ 0.009679, 51.507017 ], [ 0.009797, 51.507336 ], [ 0.009952, 51.507708 ], [ 0.010164, 51.508071 ] ] ] } },
{ "type": "Feature", "properties": { "Map_Name": "Saw Mill", "First_Date": 1860, "Last_Date": 0, "Type": "Timber Mill", "Products": null, "QualityCon": "1", "Full_name": null, "Short_name": null, "Web_Link": null, "London_Fir": 1, "Londo_1st_": 1, "Web_refere": null }, "geometry": { "type": "Polygon", "coordinates": [ [ [ -0.031106, 51.511209 ], [ -0.031011, 51.511216 ], [ -0.030907, 51.511219 ], [ -0.030832, 51.511223 ], [ -0.030673, 51.511206 ], [ -0.030699, 51.511015 ], [ -0.030724, 51.510994 ], [ -0.031116, 51.511109 ], [ -0.031106, 51.511209 ] ] ] } },
{ "type": "Feature", "properties": { "Map_Name": "Lea Cut Works (Iron)", "First_Date": 1860, "Last_Date": 0, "Type": "Metal", "Products": null, "QualityCon": "1", "Full_name": null, "Short_name": null, "Web_Link": null, "London_Fir": 1, "Londo_1st_": 1, "Web_refere": null }, "geometry": { "type": "Polygon", "coordinates": [ [ [ -0.032599, 51.511126 ], [ -0.032584, 51.51117 ], [ -0.03252, 51.511264 ], [ -0.032441, 51.511376 ], [ -0.032294, 51.511342 ], [ -0.032211, 51.511321 ], [ -0.031885, 51.511239 ], [ -0.031706, 51.511192 ], [ -0.031966, 51.51115 ], [ -0.031963, 51.511132 ], [ -0.032014, 51.51113 ], [ -0.032019, 51.511098 ], [ -0.032092, 51.511101 ], [ -0.032092, 51.511076 ], [ -0.032159, 51.511079 ], [ -0.032158, 51.511107 ], [ -0.032272, 51.511109 ], [ -0.032272, 51.511115 ], [ -0.032356, 51.511117 ], [ -0.032599, 51.511126 ] ] ] } },
{ "type": "Feature", "properties": { "Map_Name": "Patent Galvanized Iron Works", "First_Date": 1860, "Last_Date": 0, "Type": "Metal", "Products": null, "QualityCon": "1", "Full_name": null, "Short_name": null, "Web_Link": null, "London_Fir": 1, "Londo_1st_": 1, "Web_refere": null }, "geometry": { "type": "Polygon", "coordinates": [ [ [ -0.037015, 51.512738 ], [ -0.037498, 51.512766 ], [ -0.037502, 51.513139 ], [ -0.037354, 51.513142 ], [ -0.037348, 51.513268 ], [ -0.037091, 51.513261 ], [ -0.037053, 51.513288 ], [ -0.036849, 51.513276 ], [ -0.036805, 51.513249 ], [ -0.036798, 51.513157 ], [ -0.037091, 51.513154 ], [ -0.037076, 51.513053 ], [ -0.037086, 51.513046 ], [ -0.03708, 51.512961 ], [ -0.036919, 51.512969 ], [ -0.036918, 51.512926 ], [ -0.036781, 51.512925 ], [ -0.036773, 51.512827 ], [ -0.037006, 51.512836 ], [ -0.037015, 51.512738 ] ] ] } },
{ "type": "Feature", "properties": { "Map_Name": "Iron Roofing Works", "First_Date": 1860, "Last_Date": 0, "Type": "General", "Products": null, "QualityCon": "1", "Full_name": null, "Short_name": null, "Web_Link": null, "London_Fir": 1, "Londo_1st_": 1, "Web_refere": null }, "geometry": { "type": "Polygon", "coordinates": [ [ [ -0.036087, 51.512906 ], [ -0.036145, 51.512913 ], [ -0.03611, 51.512991 ], [ -0.036042, 51.513118 ], [ -0.035904, 51.5133 ], [ -0.035832, 51.513397 ], [ -0.035804, 51.513426 ], [ -0.035767, 51.513406 ], [ -0.03565, 51.513344 ], [ -0.035458, 51.512901 ], [ -0.036015, 51.512948 ], [ -0.036025, 51.512936 ], [ -0.036068, 51.512938 ], [ -0.036087, 51.512906 ] ] ] } },
{ "type": "Feature", "properties": { "Map_Name": "Vulcan Iron Works", "First_Date": 1860, "Last_Date": 0, "Type": "Metal", "Products": null, "QualityCon": "1", "Full_name": null, "Short_name": null, "Web_Link": null, "London_Fir": 1, "Londo_1st_": 1, "Web_refere": null }, "geometry": { "type": "Polygon", "coordinates": [ [ [ -0.032469, 51.514331 ], [ -0.032204, 51.514358 ], [ -0.032159, 51.514228 ], [ -0.032428, 51.514181 ], [ -0.032469, 51.514331 ] ] ] } },
{ "type": "Feature", "properties": { "Map_Name": "India Rubber and Oil Skin Manufactory", "First_Date": 1860, "Last_Date": 0, "Type": "Rubber and Gutta-Percha", "Products": null, "QualityCon": "1", "Full_name": null, "Short_name": null, "Web_Link": null, "London_Fir": 1, "Londo_1st_": 1, "Web_refere": null }, "geometry": { "type": "Polygon", "coordinates": [ [ [ -0.026688, 51.513789 ], [ -0.02634, 51.513472 ], [ -0.026862, 51.513257 ], [ -0.027204, 51.513568 ], [ -0.026688, 51.513789 ] ] ] } },
{ "type": "Feature", "properties": { "Map_Name": "Cabinet Works", "First_Date": 1860, "Last_Date": 0, "Type": "Furnishings", "Products": null, "QualityCon": "1", "Full_name": null, "Short_name": null, "Web_Link": null, "London_Fir": 1, "Londo_1st_": 1, "Web_refere": null }, "geometry": { "type": "Polygon", "coordinates": [ [ [ -0.026746, 51.513898 ], [ -0.027087, 51.514223 ], [ -0.026048, 51.514659 ], [ -0.025697, 51.514333 ], [ -0.026746, 51.513898 ] ] ] } },
{ "type": "Feature", "properties": { "Map_Name": "Gold and Silver Refinery", "First_Date": 1860, "Last_Date": 0, "Type": "Metal", "Products": null, "QualityCon": "1", "Full_name": null, "Short_name": null, "Web_Link": null, "London_Fir": 1, "Londo_1st_": 1, "Web_refere": null }, "geometry": { "type": "Polygon", "coordinates": [ [ [ -0.025328, 51.515195 ], [ -0.025828, 51.515668 ], [ -0.024568, 51.516198 ], [ -0.024076, 51.515711 ], [ -0.025328, 51.515195 ] ] ] } },
{ "type": "Feature", "properties": { "Map_Name": "Chemical Works", "First_Date": 1860, "Last_Date": 0, "Type": "Chemical", "Products": null, "QualityCon": "1", "Full_name": null, "Short_name": null, "Web_Link": null, "London_Fir": 1, "Londo_1st_": 1, "Web_refere": null }, "geometry": { "type": "Polygon", "coordinates": [ [ [ -0.023889, 51.516473 ], [ -0.02257, 51.516999 ], [ -0.022335, 51.517092 ], [ -0.022224, 51.516989 ], [ -0.021984, 51.51679 ], [ -0.021831, 51.516673 ], [ -0.021751, 51.516628 ], [ -0.0221, 51.516495 ], [ -0.022503, 51.516341 ], [ -0.023031, 51.516139 ], [ -0.023346, 51.516022 ], [ -0.023889, 51.516473 ] ] ] } },
{ "type": "Feature", "properties": { "Map_Name": "Imperial Tar Works", "First_Date": 1860, "Last_Date": 0, "Type": "Tar", "Products": null, "QualityCon": "1", "Full_name": null, "Short_name": null, "Web_Link": null, "London_Fir": 1, "Londo_1st_": 1, "Web_refere": null }, "geometry": { "type": "Polygon", "coordinates": [ [ [ -0.019754, 51.517473 ], [ -0.019751, 51.517907 ], [ -0.019772, 51.518011 ], [ -0.0198, 51.518051 ], [ -0.019878, 51.518151 ], [ -0.019869, 51.518238 ], [ -0.019867, 51.518333 ], [ -0.019907, 51.518428 ], [ -0.019934, 51.518484 ], [ -0.019948, 51.518533 ], [ -0.019665, 51.518618 ], [ -0.019433, 51.518349 ], [ -0.019228, 51.518414 ], [ -0.019149, 51.518323 ], [ -0.019178, 51.518289 ], [ -0.019331, 51.518242 ], [ -0.019295, 51.518188 ], [ -0.019226, 51.5182 ], [ -0.019175, 51.517845 ], [ -0.019039, 51.517853 ], [ -0.019029, 51.517768 ], [ -0.019754, 51.517473 ] ] ] } },
{ "type": "Feature", "properties": { "Map_Name": "Eagle Chemical Works", "First_Date": 1860, "Last_Date": 0, "Type": "Chemical", "Products": null, "QualityCon": "1", "Full_name": null, "Short_name": null, "Web_Link": null, "London_Fir": 1, "Londo_1st_": 1, "Web_refere": null }, "geometry": { "type": "Polygon", "coordinates": [ [ [ -0.018414, 51.517766 ], [ -0.01767, 51.518068 ], [ -0.01694, 51.51759 ], [ -0.01758, 51.517209 ], [ -0.018414, 51.517766 ] ] ] } },
{ "type": "Feature", "properties": { "Map_Name": "Felt Works", "First_Date": 1860, "Last_Date": 0, "Type": "Cloth and Clothing", "Products": null, "QualityCon": "1", "Full_name": null, "Short_name": null, "Web_Link": null, "London_Fir": 1, "Londo_1st_": 1, "Web_refere": null }, "geometry": { "type": "Polygon", "coordinates": [ [ [ -0.01767, 51.518068 ], [ -0.016463, 51.518563 ], [ -0.01635, 51.517937 ], [ -0.016744, 51.517703 ], [ -0.01694, 51.51759 ], [ -0.01767, 51.518068 ] ] ] } },
{ "type": "Feature", "properties": { "Map_Name": "Oakum Works", "First_Date": 1860, "Last_Date": 0, "Type": "General", "Products": null, "QualityCon": "1", "Full_name": null, "Short_name": null, "Web_Link": null, "London_Fir": 1, "Londo_1st_": 1, "Web_refere": null }, "geometry": { "type": "Polygon", "coordinates": [ [ [ -0.017146, 51.516746 ], [ -0.016794, 51.51653 ], [ -0.017589, 51.516073 ], [ -0.017902, 51.516299 ], [ -0.017146, 51.516746 ] ] ] } },
{ "type": "Feature", "properties": { "Map_Name": "Commerical Gas Works", "First_Date": 1860, "Last_Date": 0, "Type": "Coal Gas", "Products": "Gas", "QualityCon": "1", "Full_name": null, "Short_name": null, "Web_Link": null, "London_Fir": 1, "Londo_1st_": 1, "Web_refere": null }, "geometry": { "type": "Polygon", "coordinates": [ [ [ -0.038847, 51.520079 ], [ -0.036537, 51.520234 ], [ -0.03653, 51.520183 ], [ -0.036541, 51.520155 ], [ -0.036558, 51.5201 ], [ -0.036536, 51.519995 ], [ -0.036509, 51.519904 ], [ -0.036554, 51.519876 ], [ -0.036538, 51.519776 ], [ -0.036521, 51.519493 ], [ -0.03649, 51.519379 ], [ -0.036544, 51.519371 ], [ -0.03652, 51.519218 ], [ -0.03649, 51.519015 ], [ -0.03655, 51.519012 ], [ -0.036524, 51.518774 ], [ -0.036477, 51.518753 ], [ -0.036435, 51.518757 ], [ -0.036382, 51.518753 ], [ -0.036374, 51.518711 ], [ -0.036365, 51.518652 ], [ -0.036347, 51.518577 ], [ -0.036338, 51.518515 ], [ -0.036331, 51.518471 ], [ -0.036328, 51.518451 ], [ -0.035984, 51.518476 ], [ -0.035963, 51.518422 ], [ -0.035811, 51.518444 ], [ -0.035804, 51.518395 ], [ -0.035984, 51.51837 ], [ -0.036731, 51.518308 ], [ -0.037654, 51.518252 ], [ -0.038465, 51.518191 ], [ -0.038517, 51.518227 ], [ -0.038591, 51.518553 ], [ -0.038632, 51.5187 ], [ -0.038736, 51.519218 ], [ -0.038847, 51.520079 ] ] ] } },
{ "type": "Feature", "properties": { "Map_Name": "Starch Works (rice)", "First_Date": 1860, "Last_Date": 0, "Type": "General", "Products": null, "QualityCon": "1", "Full_name": null, "Short_name": null, "Web_Link": null, "London_Fir": 1, "Londo_1st_": 1, "Web_refere": null }, "geometry": { "type": "Polygon", "coordinates": [ [ [ -0.0137, 51.526233 ], [ -0.012744, 51.52646 ], [ -0.012552, 51.526134 ], [ -0.012447, 51.525915 ], [ -0.012646, 51.525863 ], [ -0.012612, 51.525804 ], [ -0.01311, 51.525686 ], [ -0.013094, 51.525649 ], [ -0.013305, 51.525607 ], [ -0.0137, 51.526233 ] ] ] } },
{ "type": "Feature", "properties": { "Map_Name": "Iron Foundry", "First_Date": 1860, "Last_Date": 0, "Type": "Metal", "Products": "Iron", "QualityCon": "1", "Full_name": null, "Short_name": null, "Web_Link": null, "London_Fir": 1, "Londo_1st_": 1, "Web_refere": null }, "geometry": { "type": "Polygon", "coordinates": [ [ [ -0.016302, 51.527565 ], [ -0.016035, 51.527624 ], [ -0.015678, 51.527706 ], [ -0.015545, 51.527483 ], [ -0.016162, 51.527303 ], [ -0.016302, 51.527565 ] ] ] } },
{ "type": "Feature", "properties": { "Map_Name": "Abbey Mill (corn)", "First_Date": 1860, "Last_Date": 0, "Type": "Grain Mill", "Products": null, "QualityCon": "1", "Full_name": null, "Short_name": null, "Web_Link": null, "London_Fir": 1, "Londo_1st_": 1, "Web_refere": null }, "geometry": { "type": "Polygon", "coordinates": [ [ [ 0.000612, 51.531378 ], [ 0.000665, 51.53139 ], [ 0.000818, 51.531239 ], [ 0.001025, 51.531254 ], [ 0.001047, 51.531153 ], [ 0.000733, 51.531138 ], [ 0.000612, 51.531378 ] ] ] } },
{ "type": "Feature", "properties": { "Map_Name": "Abbey Bleaching and Chemical Works", "First_Date": 1860, "Last_Date": 0, "Type": "Chemical", "Products": null, "QualityCon": "1", "Full_name": null, "Short_name": null, "Web_Link": null, "London_Fir": 1, "Londo_1st_": 1, "Web_refere": null }, "geometry": { "type": "Polygon", "coordinates": [ [ [ 0.001313, 51.531989 ], [ 0.00198, 51.532164 ], [ 0.002069, 51.532146 ], [ 0.002186, 51.531884 ], [ 0.00222, 51.531889 ], [ 0.002323, 51.531643 ], [ 0.002278, 51.531578 ], [ 0.002295, 51.531544 ], [ 0.002271, 51.531522 ], [ 0.002233, 51.531508 ], [ 0.002127, 51.531485 ], [ 0.002031, 51.53159 ], [ 0.001598, 51.531427 ], [ 0.001521, 51.5314 ], [ 0.001211, 51.531881 ], [ 0.000883, 51.531781 ], [ 0.000857, 51.531814 ], [ 0.001331, 51.53196 ], [ 0.001313, 51.531989 ] ] ] } },
{ "type": "Feature", "properties": { "Map_Name": "Chemical Works", "First_Date": 1860, "Last_Date": 0, "Type": "Chemical", "Products": null, "QualityCon": "1", "Full_name": null, "Short_name": null, "Web_Link": null, "London_Fir": 1, "Londo_1st_": 1, "Web_refere": null }, "geometry": { "type": "Polygon", "coordinates": [ [ [ -0.010924, 51.530492 ], [ -0.010869, 51.530525 ], [ -0.010585, 51.530361 ], [ -0.010584, 51.53034 ], [ -0.010586, 51.530189 ], [ -0.010517, 51.530057 ], [ -0.010465, 51.530011 ], [ -0.010475, 51.530006 ], [ -0.01027, 51.529832 ], [ -0.010265, 51.529832 ], [ -0.010248, 51.529816 ], [ -0.010204, 51.529755 ], [ -0.010211, 51.529752 ], [ -0.010096, 51.529614 ], [ -0.010087, 51.529614 ], [ -0.009848, 51.529314 ], [ -0.009728, 51.529155 ], [ -0.009684, 51.529095 ], [ -0.009915, 51.529044 ], [ -0.010181, 51.52899 ], [ -0.01021, 51.529049 ], [ -0.010221, 51.529229 ], [ -0.010308, 51.529334 ], [ -0.010324, 51.529328 ], [ -0.010365, 51.529373 ], [ -0.010298, 51.529404 ], [ -0.010481, 51.529604 ], [ -0.010596, 51.52972 ], [ -0.010667, 51.5298 ], [ -0.010642, 51.529807 ], [ -0.010796, 51.529906 ], [ -0.010806, 51.529901 ], [ -0.010894, 51.529956 ], [ -0.011144, 51.530115 ], [ -0.011211, 51.530179 ], [ -0.010964, 51.53034 ], [ -0.011073, 51.530409 ], [ -0.010924, 51.530492 ] ] ] } },
{ "type": "Feature", "properties": { "Map_Name": "Lime Works", "First_Date": 1860, "Last_Date": 0, "Type": "Chemical", "Products": null, "QualityCon": "1", "Full_name": null, "Short_name": null, "Web_Link": null, "London_Fir": 0, "Londo_1st_": 1, "Web_refere": null }, "geometry": { "type": "Polygon", "coordinates": [ [ [ -0.010907, 51.529485 ], [ -0.011568, 51.529582 ], [ -0.01184, 51.529616 ], [ -0.01247, 51.529671 ], [ -0.012672, 51.529693 ], [ -0.012652, 51.529772 ], [ -0.012633, 51.529835 ], [ -0.012625, 51.52987 ], [ -0.012511, 51.529985 ], [ -0.012084, 51.530232 ], [ -0.012004, 51.530191 ], [ -0.011958, 51.530184 ], [ -0.011923, 51.530138 ], [ -0.011772, 51.530057 ], [ -0.011741, 51.530053 ], [ -0.011692, 51.530038 ], [ -0.011655, 51.529998 ], [ -0.011604, 51.529994 ], [ -0.011515, 51.530002 ], [ -0.011488, 51.530022 ], [ -0.011422, 51.530069 ], [ -0.011371, 51.530079 ], [ -0.011069, 51.529951 ], [ -0.010856, 51.529807 ], [ -0.010733, 51.529701 ], [ -0.010678, 51.529605 ], [ -0.010662, 51.529494 ], [ -0.010684, 51.529474 ], [ -0.010749, 51.529465 ], [ -0.010907, 51.529485 ] ] ] } },
{ "type": "Feature", "properties": { "Map_Name": "Starch Works", "First_Date": 1860, "Last_Date": 0, "Type": "General", "Products": null, "QualityCon": "1", "Full_name": null, "Short_name": null, "Web_Link": null, "London_Fir": 1, "Londo_1st_": 1, "Web_refere": null }, "geometry": { "type": "Polygon", "coordinates": [ [ [ -0.010319, 51.531055 ], [ -0.010354, 51.530955 ], [ -0.010429, 51.530977 ], [ -0.010447, 51.530992 ], [ -0.010476, 51.530972 ], [ -0.010604, 51.530892 ], [ -0.010613, 51.530897 ], [ -0.01085, 51.531043 ], [ -0.011071, 51.531187 ], [ -0.010795, 51.531359 ], [ -0.010568, 51.531213 ], [ -0.010319, 51.531055 ] ] ] } },
{ "type": "Feature", "properties": { "Map_Name": "St. Thomas Mill (corn)", "First_Date": 1860, "Last_Date": 0, "Type": "Grain Mill", "Products": null, "QualityCon": "1", "Full_name": null, "Short_name": null, "Web_Link": null, "London_Fir": 1, "Londo_1st_": 1, "Web_refere": null }, "geometry": { "type": "Polygon", "coordinates": [ [ [ -0.011621, 51.532906 ], [ -0.011522, 51.532814 ], [ -0.011478, 51.532776 ], [ -0.01138, 51.532666 ], [ -0.011438, 51.532647 ], [ -0.011538, 51.532614 ], [ -0.011679, 51.532567 ], [ -0.011768, 51.53267 ], [ -0.011796, 51.532801 ], [ -0.011745, 51.532811 ], [ -0.011668, 51.53287 ], [ -0.011679, 51.53289 ], [ -0.011621, 51.532906 ] ] ] } },
{ "type": "Feature", "properties": { "Map_Name": "Brush and Mat Manufactory", "First_Date": 1860, "Last_Date": 0, "Type": "General", "Products": null, "QualityCon": "1", "Full_name": null, "Short_name": null, "Web_Link": null, "London_Fir": 1, "Londo_1st_": 1, "Web_refere": null }, "geometry": { "type": "Polygon", "coordinates": [ [ [ -0.012144, 51.533529 ], [ -0.011906, 51.53363 ], [ -0.011798, 51.533568 ], [ -0.011693, 51.533496 ], [ -0.011596, 51.533425 ], [ -0.011444, 51.533317 ], [ -0.011291, 51.533202 ], [ -0.01118, 51.533117 ], [ -0.011108, 51.533073 ], [ -0.011028, 51.533007 ], [ -0.011029, 51.532975 ], [ -0.011079, 51.532929 ], [ -0.011193, 51.532872 ], [ -0.011203, 51.532866 ], [ -0.011231, 51.532838 ], [ -0.011323, 51.532776 ], [ -0.01139, 51.532736 ], [ -0.011555, 51.532891 ], [ -0.011834, 51.53321 ], [ -0.012081, 51.533466 ], [ -0.012144, 51.533529 ] ] ] } },
{ "type": "Feature", "properties": { "Map_Name": "Bow Brewery", "First_Date": 1860, "Last_Date": 0, "Type": "Brewing", "Products": null, "QualityCon": "1", "Full_name": null, "Short_name": null, "Web_Link": null, "London_Fir": 1, "Londo_1st_": 1, "Web_refere": null }, "geometry": { "type": "Polygon", "coordinates": [ [ [ -0.013445, 51.52911 ], [ -0.01353, 51.529077 ], [ -0.013792, 51.528975 ], [ -0.013914, 51.528924 ], [ -0.013968, 51.528971 ], [ -0.014248, 51.528882 ], [ -0.014387, 51.528987 ], [ -0.014307, 51.52903 ], [ -0.014412, 51.529119 ], [ -0.014414, 51.52913 ], [ -0.014338, 51.529158 ], [ -0.014411, 51.529241 ], [ -0.014467, 51.529221 ], [ -0.014672, 51.529412 ], [ -0.014594, 51.529443 ], [ -0.014437, 51.529494 ], [ -0.014289, 51.529526 ], [ -0.014188, 51.52952 ], [ -0.014003, 51.529496 ], [ -0.013865, 51.529453 ], [ -0.013783, 51.529411 ], [ -0.013704, 51.529355 ], [ -0.013445, 51.52911 ] ] ] } },
{ "type": "Feature", "properties": { "Map_Name": "Howard & Sons", "First_Date": 1860, "Last_Date": 0, "Type": "Chemical", "Products": null, "QualityCon": "Name?", "Full_name": null, "Short_name": null, "Web_Link": null, "London_Fir": 1, "Londo_1st_": 1, "Web_refere": null }, "geometry": { "type": "Polygon", "coordinates": [ [ [ -0.008709, 51.533149 ], [ -0.008906, 51.532989 ], [ -0.009223, 51.533011 ], [ -0.009338, 51.532998 ], [ -0.00937, 51.532629 ], [ -0.009542, 51.532499 ], [ -0.009557, 51.532526 ], [ -0.009613, 51.532498 ], [ -0.009891, 51.53241 ], [ -0.009951, 51.532439 ], [ -0.009995, 51.532495 ], [ -0.010011, 51.532719 ], [ -0.01, 51.532783 ], [ -0.010012, 51.532981 ], [ -0.009972, 51.533068 ], [ -0.009903, 51.533124 ], [ -0.00972, 51.533195 ], [ -0.009631, 51.533261 ], [ -0.00957, 51.533347 ], [ -0.009522, 51.533351 ], [ -0.009438, 51.533213 ], [ -0.009314, 51.533228 ], [ -0.00936, 51.533333 ], [ -0.009379, 51.533378 ], [ -0.009382, 51.533392 ], [ -0.009397, 51.53357 ], [ -0.010032, 51.534347 ], [ -0.009527, 51.534497 ], [ -0.008978, 51.534387 ], [ -0.008803, 51.53422 ], [ -0.008754, 51.53416 ], [ -0.008739, 51.534158 ], [ -0.008673, 51.534061 ], [ -0.008508, 51.533855 ], [ -0.008394, 51.533706 ], [ -0.008559, 51.533658 ], [ -0.008549, 51.533627 ], [ -0.008489, 51.533548 ], [ -0.008599, 51.533447 ], [ -0.008802, 51.533415 ], [ -0.008701, 51.53315 ], [ -0.008709, 51.533149 ] ] ] } },
{ "type": "Feature", "properties": { "Map_Name": "Printing Ink Works", "First_Date": 1860, "Last_Date": 0, "Type": "Chemical", "Products": "Ink", "QualityCon": "1", "Full_name": null, "Short_name": null, "Web_Link": null, "London_Fir": 1, "Londo_1st_": 1, "Web_refere": null }, "geometry": { "type": "Polygon", "coordinates": [ [ [ -0.02164, 51.535605 ], [ -0.021804, 51.535839 ], [ -0.021664, 51.53588 ], [ -0.021649, 51.535903 ], [ -0.021858, 51.536021 ], [ -0.021768, 51.536085 ], [ -0.021696, 51.536093 ], [ -0.021665, 51.536123 ], [ -0.021614, 51.536126 ], [ -0.021441, 51.536134 ], [ -0.021224, 51.536216 ], [ -0.021212, 51.536202 ], [ -0.021194, 51.536185 ], [ -0.021128, 51.536154 ], [ -0.021036, 51.536111 ], [ -0.020971, 51.536081 ], [ -0.020885, 51.53604 ], [ -0.020828, 51.536012 ], [ -0.020708, 51.535981 ], [ -0.020607, 51.535954 ], [ -0.020458, 51.535924 ], [ -0.021017, 51.535776 ], [ -0.02164, 51.535605 ] ] ] } },
{ "type": "Feature", "properties": { "Map_Name": "Glass Manufactory", "First_Date": 1860, "Last_Date": 0, "Type": "Glass", "Products": null, "QualityCon": "1", "Full_name": null, "Short_name": null, "Web_Link": null, "London_Fir": 1, "Londo_1st_": 1, "Web_refere": null }, "geometry": { "type": "Polygon", "coordinates": [ [ [ -0.107035, 51.512942 ], [ -0.107023, 51.512891 ], [ -0.107003, 51.512827 ], [ -0.107002, 51.512706 ], [ -0.107003, 51.512618 ], [ -0.107019, 51.512601 ], [ -0.107043, 51.512595 ], [ -0.107157, 51.512592 ], [ -0.107486, 51.512586 ], [ -0.107633, 51.512583 ], [ -0.107664, 51.512906 ], [ -0.107035, 51.512942 ] ] ] } },
{ "type": "Feature", "properties": { "Map_Name": "Saniftary Engineering Works", "First_Date": 1860, "Last_Date": 0, "Type": "Engineering", "Products": null, "QualityCon": "1", "Full_name": null, "Short_name": null, "Web_Link": null, "London_Fir": 1, "Londo_1st_": 1, "Web_refere": null }, "geometry": { "type": "Polygon", "coordinates": [ [ [ -0.118425, 51.499125 ], [ -0.117977, 51.49895 ], [ -0.117999, 51.498926 ], [ -0.118016, 51.498932 ], [ -0.118132, 51.498777 ], [ -0.118264, 51.498602 ], [ -0.118621, 51.498649 ], [ -0.118578, 51.498769 ], [ -0.118543, 51.498877 ], [ -0.118485, 51.499004 ], [ -0.11844, 51.4991 ], [ -0.118425, 51.499125 ] ] ] } },
{ "type": "Feature", "properties": { "Map_Name": "London Gas Works", "First_Date": 1860, "Last_Date": 0, "Type": "Coal Gas", "Products": null, "QualityCon": "1", "Full_name": null, "Short_name": null, "Web_Link": null, "London_Fir": 1, "Londo_1st_": 1, "Web_refere": null }, "geometry": { "type": "Polygon", "coordinates": [ [ [ -0.122143, 51.489731 ], [ -0.121295, 51.489585 ], [ -0.121378, 51.489367 ], [ -0.120955, 51.489321 ], [ -0.120614, 51.489291 ], [ -0.120732, 51.488971 ], [ -0.12076, 51.488975 ], [ -0.120764, 51.488914 ], [ -0.121188, 51.488956 ], [ -0.121223, 51.488796 ], [ -0.121242, 51.488707 ], [ -0.121359, 51.488722 ], [ -0.121327, 51.488846 ], [ -0.121749, 51.488893 ], [ -0.122194, 51.488946 ], [ -0.122222, 51.488863 ], [ -0.122391, 51.488879 ], [ -0.122287, 51.489375 ], [ -0.122199, 51.48962 ], [ -0.122143, 51.489731 ] ] ] } },
{ "type": "Feature", "properties": { "Map_Name": "Thames Bank Distillery", "First_Date": 1860, "Last_Date": 0, "Type": "Distillery", "Products": "Distillery", "QualityCon": "1", "Full_name": null, "Short_name": null, "Web_Link": null, "London_Fir": 1, "Londo_1st_": 1, "Web_refere": null }, "geometry": { "type": "Polygon", "coordinates": [ [ [ -0.143949, 51.487236 ], [ -0.143776, 51.487256 ], [ -0.143463, 51.487286 ], [ -0.143079, 51.487324 ], [ -0.142918, 51.487341 ], [ -0.142833, 51.487256 ], [ -0.142774, 51.487147 ], [ -0.142676, 51.486935 ], [ -0.142585, 51.48675 ], [ -0.14243, 51.486443 ], [ -0.142297, 51.486173 ], [ -0.142236, 51.486018 ], [ -0.142164, 51.485892 ], [ -0.14216, 51.485857 ], [ -0.142162, 51.485823 ], [ -0.142363, 51.485847 ], [ -0.142389, 51.485833 ], [ -0.142476, 51.485845 ], [ -0.142503, 51.485809 ], [ -0.142673, 51.485846 ], [ -0.142731, 51.485749 ], [ -0.142958, 51.485789 ], [ -0.143141, 51.485835 ], [ -0.143185, 51.485826 ], [ -0.143227, 51.485823 ], [ -0.1434, 51.485858 ], [ -0.143454, 51.485834 ], [ -0.143545, 51.485831 ], [ -0.143885, 51.485906 ], [ -0.143736, 51.486113 ], [ -0.143635, 51.486309 ], [ -0.143634, 51.48633 ], [ -0.143655, 51.486444 ], [ -0.143689, 51.486624 ], [ -0.143705, 51.486711 ], [ -0.143808, 51.486894 ], [ -0.143909, 51.487095 ], [ -0.143934, 51.487157 ], [ -0.143949, 51.487236 ] ] ] } },
{ "type": "Feature", "properties": { "Map_Name": "Phoenix Gas Works", "First_Date": 1860, "Last_Date": 0, "Type": "Coal Gas", "Products": "Gas", "QualityCon": "1", "Full_name": null, "Short_name": null, "Web_Link": null, "London_Fir": 1, "Londo_1st_": 1, "Web_refere": null }, "geometry": { "type": "Polygon", "coordinates": [ [ [ -0.126963, 51.485864 ], [ -0.125771, 51.486765 ], [ -0.125633, 51.486712 ], [ -0.125609, 51.486728 ], [ -0.125406, 51.48664 ], [ -0.12534, 51.486637 ], [ -0.125149, 51.4866 ], [ -0.12482, 51.486537 ], [ -0.124634, 51.4865 ], [ -0.124534, 51.486476 ], [ -0.124507, 51.486469 ], [ -0.124326, 51.48643 ], [ -0.12423, 51.486409 ], [ -0.124221, 51.486421 ], [ -0.123977, 51.486369 ], [ -0.123858, 51.486345 ], [ -0.123766, 51.486318 ], [ -0.123709, 51.486282 ], [ -0.123677, 51.486246 ], [ -0.123676, 51.486208 ], [ -0.12372, 51.486134 ], [ -0.123771, 51.486072 ], [ -0.123869, 51.485995 ], [ -0.123997, 51.485948 ], [ -0.124406, 51.485796 ], [ -0.12461, 51.4857 ], [ -0.124777, 51.485609 ], [ -0.124841, 51.485569 ], [ -0.125074, 51.485426 ], [ -0.125219, 51.485344 ], [ -0.125256, 51.485325 ], [ -0.125249, 51.485307 ], [ -0.125307, 51.485268 ], [ -0.125528, 51.485118 ], [ -0.12568, 51.485017 ], [ -0.12579, 51.485086 ], [ -0.12591, 51.485176 ], [ -0.126023, 51.485271 ], [ -0.126251, 51.48541 ], [ -0.126399, 51.4855 ], [ -0.126677, 51.48567 ], [ -0.126894, 51.485812 ], [ -0.126963, 51.485864 ] ] ] } },
{ "type": "Feature", "properties": { "Map_Name": "Tar and Chemical Works", "First_Date": 1860, "Last_Date": 0, "Type": "Chemical", "Products": null, "QualityCon": "1", "Full_name": null, "Short_name": null, "Web_Link": null, "London_Fir": 1, "Londo_1st_": 1, "Web_refere": null }, "geometry": { "type": "Polygon", "coordinates": [ [ [ -0.023874, 51.543289 ], [ -0.022444, 51.543344 ], [ -0.022298, 51.543404 ], [ -0.022155, 51.543414 ], [ -0.022061, 51.543068 ], [ -0.022012, 51.542881 ], [ -0.021934, 51.542859 ], [ -0.021872, 51.542831 ], [ -0.022052, 51.542798 ], [ -0.022523, 51.542717 ], [ -0.023021, 51.542622 ], [ -0.023539, 51.542531 ], [ -0.023595, 51.542562 ], [ -0.023684, 51.542757 ], [ -0.023778, 51.54295 ], [ -0.02381, 51.543021 ], [ -0.023843, 51.543036 ], [ -0.023845, 51.54305 ], [ -0.023859, 51.543184 ], [ -0.023874, 51.543289 ] ] ] } },
{ "type": "Feature", "properties": { "Map_Name": "Distillery", "First_Date": 1860, "Last_Date": 0, "Type": "Distillery", "Products": null, "QualityCon": "1", "Full_name": null, "Short_name": null, "Web_Link": null, "London_Fir": 1, "Londo_1st_": 1, "Web_refere": null }, "geometry": { "type": "Polygon", "coordinates": [ [ [ -0.118303, 51.494892 ], [ -0.117835, 51.494942 ], [ -0.117822, 51.494747 ], [ -0.117805, 51.494668 ], [ -0.117656, 51.494677 ], [ -0.117653, 51.494802 ], [ -0.117505, 51.494785 ], [ -0.117642, 51.494524 ], [ -0.117542, 51.494509 ], [ -0.117587, 51.494412 ], [ -0.117483, 51.494389 ], [ -0.117545, 51.494329 ], [ -0.117566, 51.494313 ], [ -0.117571, 51.494289 ], [ -0.117652, 51.494221 ], [ -0.11766, 51.494198 ], [ -0.117686, 51.494115 ], [ -0.117717, 51.494033 ], [ -0.117761, 51.494021 ], [ -0.11817, 51.49407 ], [ -0.118217, 51.494003 ], [ -0.118267, 51.494006 ], [ -0.118254, 51.494547 ], [ -0.118235, 51.494551 ], [ -0.11825, 51.49463 ], [ -0.118303, 51.494892 ] ] ] } },
{ "type": "Feature", "properties": { "Map_Name": "Saw Mill", "First_Date": 1860, "Last_Date": 0, "Type": "Timber Mill", "Products": null, "QualityCon": "1", "Full_name": null, "Short_name": null, "Web_Link": null, "London_Fir": 1, "Londo_1st_": 1, "Web_refere": null }, "geometry": { "type": "Polygon", "coordinates": [ [ [ -0.116428, 51.502206 ], [ -0.116221, 51.502096 ], [ -0.116206, 51.502105 ], [ -0.116179, 51.502089 ], [ -0.116115, 51.502133 ], [ -0.116023, 51.502083 ], [ -0.116215, 51.501939 ], [ -0.116346, 51.501977 ], [ -0.116431, 51.501924 ], [ -0.116617, 51.502016 ], [ -0.116559, 51.502088 ], [ -0.116535, 51.502077 ], [ -0.116428, 51.502206 ] ] ] } },
{ "type": "Feature", "properties": { "Map_Name": "Engineering Works", "First_Date": 1860, "Last_Date": 0, "Type": "Engineering", "Products": null, "QualityCon": "1", "Full_name": null, "Short_name": null, "Web_Link": null, "London_Fir": 1, "Londo_1st_": 1, "Web_refere": null }, "geometry": { "type": "Polygon", "coordinates": [ [ [ -0.11647, 51.50357 ], [ -0.116407, 51.503635 ], [ -0.116208, 51.503562 ], [ -0.116071, 51.503705 ], [ -0.115869, 51.503627 ], [ -0.115918, 51.503573 ], [ -0.115893, 51.503563 ], [ -0.115902, 51.503556 ], [ -0.115888, 51.503549 ], [ -0.115884, 51.503536 ], [ -0.115893, 51.503526 ], [ -0.115914, 51.503521 ], [ -0.115922, 51.503528 ], [ -0.115929, 51.503522 ], [ -0.115949, 51.503533 ], [ -0.116009, 51.503481 ], [ -0.115938, 51.503455 ], [ -0.116001, 51.503397 ], [ -0.11647, 51.50357 ] ] ] } },
{ "type": "Feature", "properties": { "Map_Name": "Waterloo Flour Mill", "First_Date": 1860, "Last_Date": 0, "Type": "Grain Mill", "Products": null, "QualityCon": "1", "Full_name": null, "Short_name": null, "Web_Link": null, "London_Fir": 1, "Londo_1st_": 1, "Web_refere": null }, "geometry": { "type": "Polygon", "coordinates": [ [ [ -0.114804, 51.507277 ], [ -0.114604, 51.506965 ], [ -0.114388, 51.506641 ], [ -0.114475, 51.50661 ], [ -0.114767, 51.506476 ], [ -0.115289, 51.506912 ], [ -0.115421, 51.50707 ], [ -0.115358, 51.507093 ], [ -0.115352, 51.507125 ], [ -0.114804, 51.507277 ] ] ] } },
{ "type": "Feature", "properties": { "Map_Name": "Japan Works", "First_Date": 1860, "Last_Date": 0, "Type": "Varnish Colour and Paint", "Products": null, "QualityCon": "1", "Full_name": null, "Short_name": null, "Web_Link": null, "London_Fir": 1, "Londo_1st_": 1, "Web_refere": null }, "geometry": { "type": "Polygon", "coordinates": [ [ [ -0.109777, 51.503089 ], [ -0.108695, 51.503296 ], [ -0.108634, 51.503157 ], [ -0.108518, 51.502975 ], [ -0.108816, 51.502882 ], [ -0.109176, 51.502775 ], [ -0.109593, 51.50267 ], [ -0.109684, 51.502879 ], [ -0.109777, 51.503089 ] ] ] } },
{ "type": "Feature", "properties": { "Map_Name": "Saw Mill", "First_Date": 1860, "Last_Date": 0, "Type": "Timber Mill", "Products": null, "QualityCon": "1", "Full_name": null, "Short_name": null, "Web_Link": null, "London_Fir": 1, "Londo_1st_": 1, "Web_refere": null }, "geometry": { "type": "Polygon", "coordinates": [ [ [ -0.106947, 51.500976 ], [ -0.106648, 51.500878 ], [ -0.106774, 51.500778 ], [ -0.107031, 51.500906 ], [ -0.106947, 51.500976 ] ] ] } },
{ "type": "Feature", "properties": { "Map_Name": "Foundry (Iron)", "First_Date": 1860, "Last_Date": 0, "Type": "Metal", "Products": "Iron", "QualityCon": "1", "Full_name": null, "Short_name": null, "Web_Link": null, "London_Fir": 1, "Londo_1st_": 1, "Web_refere": null }, "geometry": { "type": "Polygon", "coordinates": [ [ [ -0.105496, 51.500605 ], [ -0.105728, 51.50082 ], [ -0.105702, 51.500831 ], [ -0.105663, 51.50081 ], [ -0.10547, 51.500942 ], [ -0.105399, 51.500935 ], [ -0.105347, 51.500933 ], [ -0.105167, 51.500838 ], [ -0.105496, 51.500605 ] ] ] } },
{ "type": "Feature", "properties": { "Map_Name": "Printing Works", "First_Date": 1860, "Last_Date": 0, "Type": "Printing", "Products": null, "QualityCon": "1", "Full_name": null, "Short_name": null, "Web_Link": null, "London_Fir": 1, "Londo_1st_": 1, "Web_refere": null }, "geometry": { "type": "Polygon", "coordinates": [ [ [ -0.106036, 51.502339 ], [ -0.105471, 51.502352 ], [ -0.104866, 51.502364 ], [ -0.104877, 51.502251 ], [ -0.10537, 51.502203 ], [ -0.105786, 51.502163 ], [ -0.105892, 51.502176 ], [ -0.105962, 51.502197 ], [ -0.106004, 51.502233 ], [ -0.106019, 51.502258 ], [ -0.106036, 51.502339 ] ] ] } },
{ "type": "Feature", "properties": { "Map_Name": "Engineering Works", "First_Date": 1860, "Last_Date": 0, "Type": "Engineering", "Products": null, "QualityCon": "1", "Full_name": null, "Short_name": null, "Web_Link": null, "London_Fir": 1, "Londo_1st_": 1, "Web_refere": null }, "geometry": { "type": "Polygon", "coordinates": [ [ [ -0.106481, 51.503032 ], [ -0.106449, 51.502961 ], [ -0.106879, 51.502822 ], [ -0.1068, 51.502724 ], [ -0.106632, 51.502502 ], [ -0.106552, 51.502403 ], [ -0.106608, 51.502375 ], [ -0.10668, 51.502467 ], [ -0.106723, 51.502456 ], [ -0.106772, 51.502518 ], [ -0.106891, 51.502674 ], [ -0.107024, 51.502637 ], [ -0.107121, 51.502761 ], [ -0.10728, 51.502965 ], [ -0.107133, 51.503017 ], [ -0.107144, 51.503038 ], [ -0.107031, 51.503073 ], [ -0.106885, 51.502896 ], [ -0.106481, 51.503032 ] ] ] } },
{ "type": "Feature", "properties": { "Map_Name": "Distillery", "First_Date": 1860, "Last_Date": 0, "Type": "Distillery", "Products": null, "QualityCon": "1", "Full_name": null, "Short_name": null, "Web_Link": null, "London_Fir": 1, "Londo_1st_": 1, "Web_refere": null }, "geometry": { "type": "Polygon", "coordinates": [ [ [ -0.103202, 51.500969 ], [ -0.103286, 51.500954 ], [ -0.10333, 51.500994 ], [ -0.103372, 51.500976 ], [ -0.103377, 51.500962 ], [ -0.10341, 51.500956 ], [ -0.103484, 51.500929 ], [ -0.103539, 51.500914 ], [ -0.103746, 51.501139 ], [ -0.103632, 51.501188 ], [ -0.103664, 51.50122 ], [ -0.103584, 51.501261 ], [ -0.10364, 51.501313 ], [ -0.103655, 51.501309 ], [ -0.103761, 51.501405 ], [ -0.103735, 51.501416 ], [ -0.10375, 51.501439 ], [ -0.103711, 51.501454 ], [ -0.103202, 51.500969 ] ] ] } },
{ "type": "Feature", "properties": { "Map_Name": "Soap Manufactory", "First_Date": 1860, "Last_Date": 0, "Type": "Soap Candle Tallow and Oil", "Products": null, "QualityCon": "1", "Full_name": null, "Short_name": "Soap Manufactory", "Web_Link": null, "London_Fir": 1, "Londo_1st_": 1, "Web_refere": null }, "geometry": { "type": "Polygon", "coordinates": [ [ [ -0.100571, 51.501376 ], [ -0.100428, 51.501451 ], [ -0.100455, 51.501466 ], [ -0.100394, 51.50152 ], [ -0.100173, 51.501399 ], [ -0.100066, 51.501339 ], [ -0.100148, 51.50128 ], [ -0.100056, 51.501208 ], [ -0.099981, 51.501248 ], [ -0.099968, 51.501237 ], [ -0.099929, 51.501259 ], [ -0.099902, 51.501264 ], [ -0.099879, 51.501253 ], [ -0.099864, 51.50124 ], [ -0.099866, 51.50123 ], [ -0.099856, 51.501218 ], [ -0.099821, 51.501213 ], [ -0.099808, 51.501199 ], [ -0.099812, 51.501181 ], [ -0.099829, 51.50117 ], [ -0.099688, 51.501067 ], [ -0.09974, 51.50104 ], [ -0.099674, 51.500999 ], [ -0.099895, 51.500879 ], [ -0.100571, 51.501376 ] ] ] } },
{ "type": "Feature", "properties": { "Map_Name": "Hair and Flock Works", "First_Date": 1860, "Last_Date": 0, "Type": "General", "Products": "Hair and Flock", "QualityCon": "1", "Full_name": null, "Short_name": null, "Web_Link": null, "London_Fir": 1, "Londo_1st_": 1, "Web_refere": null }, "geometry": { "type": "Polygon", "coordinates": [ [ [ -0.101248, 51.50079 ], [ -0.101084, 51.500896 ], [ -0.100969, 51.500983 ], [ -0.100897, 51.500933 ], [ -0.100843, 51.500727 ], [ -0.10119, 51.500742 ], [ -0.101248, 51.50079 ] ] ] } },
{ "type": "Feature", "properties": { "Map_Name": "South London Brewery", "First_Date": 1860, "Last_Date": 0, "Type": "Brewing", "Products": null, "QualityCon": "1", "Full_name": null, "Short_name": null, "Web_Link": null, "London_Fir": 1, "Londo_1st_": 1, "Web_refere": null }, "geometry": { "type": "Polygon", "coordinates": [ [ [ -0.099466, 51.500259 ], [ -0.099626, 51.500332 ], [ -0.099742, 51.500417 ], [ -0.099954, 51.500556 ], [ -0.09965, 51.500702 ], [ -0.099584, 51.500734 ], [ -0.099613, 51.500761 ], [ -0.099418, 51.500788 ], [ -0.099405, 51.500753 ], [ -0.099349, 51.500722 ], [ -0.099306, 51.500729 ], [ -0.099206, 51.500686 ], [ -0.099056, 51.500609 ], [ -0.099466, 51.500259 ] ] ] } },
{ "type": "Feature", "properties": { "Map_Name": "Engineering Works", "First_Date": 1860, "Last_Date": 0, "Type": "Engineering", "Products": null, "QualityCon": "1", "Full_name": null, "Short_name": null, "Web_Link": null, "London_Fir": 1, "Londo_1st_": 1, "Web_refere": null }, "geometry": { "type": "Polygon", "coordinates": [ [ [ -0.096613, 51.500726 ], [ -0.096384, 51.50066 ], [ -0.096654, 51.500309 ], [ -0.096794, 51.500351 ], [ -0.096777, 51.500382 ], [ -0.096726, 51.500371 ], [ -0.096519, 51.500632 ], [ -0.096651, 51.500673 ], [ -0.096613, 51.500726 ] ] ] } },
{ "type": "Feature", "properties": { "Map_Name": "Whitelead Works", "First_Date": 1860, "Last_Date": 0, "Type": "Varnish Colour and Paint", "Products": null, "QualityCon": "1", "Full_name": null, "Short_name": null, "Web_Link": null, "London_Fir": 1, "Londo_1st_": 1, "Web_refere": null }, "geometry": { "type": "Polygon", "coordinates": [ [ [ -0.096146, 51.500454 ], [ -0.096048, 51.50053 ], [ -0.095599, 51.500268 ], [ -0.095713, 51.500199 ], [ -0.096146, 51.500454 ] ] ] } },
{ "type": "Feature", "properties": { "Map_Name": "Boot and Shoe Manufactory", "First_Date": 1860, "Last_Date": 0, "Type": "Leather and Skins", "Products": null, "QualityCon": "1", "Full_name": null, "Short_name": null, "Web_Link": null, "London_Fir": 1, "Londo_1st_": 1, "Web_refere": null }, "geometry": { "type": "Polygon", "coordinates": [ [ [ -0.092788, 51.499864 ], [ -0.093095, 51.49998 ], [ -0.093115, 51.499997 ], [ -0.093086, 51.50001 ], [ -0.093071, 51.500002 ], [ -0.093053, 51.500009 ], [ -0.093042, 51.500016 ], [ -0.092997, 51.500042 ], [ -0.093072, 51.500096 ], [ -0.09293, 51.500173 ], [ -0.092905, 51.500133 ], [ -0.092873, 51.50014 ], [ -0.092824, 51.500072 ], [ -0.092607, 51.500135 ], [ -0.092585, 51.500106 ], [ -0.092476, 51.499954 ], [ -0.09258, 51.499924 ], [ -0.092788, 51.499864 ] ] ] } },
{ "type": "Feature", "properties": { "Map_Name": "Cart and Wheel Works", "First_Date": 1860, "Last_Date": 0, "Type": "General", "Products": null, "QualityCon": "1", "Full_name": null, "Short_name": null, "Web_Link": null, "London_Fir": 1, "Londo_1st_": 1, "Web_refere": null }, "geometry": { "type": "Polygon", "coordinates": [ [ [ -0.099366, 51.498802 ], [ -0.098781, 51.498843 ], [ -0.098435, 51.49887 ], [ -0.098395, 51.498657 ], [ -0.098373, 51.498647 ], [ -0.098315, 51.498622 ], [ -0.098489, 51.498452 ], [ -0.0986, 51.498332 ], [ -0.099004, 51.498504 ], [ -0.099398, 51.498676 ], [ -0.099532, 51.498853 ], [ -0.099377, 51.498863 ], [ -0.099366, 51.498802 ] ] ] } },
{ "type": "Feature", "properties": { "Map_Name": "Boot and Shoe Manufactory", "First_Date": 1860, "Last_Date": 0, "Type": "Leather and Skins", "Products": "Boot and Shoe", "QualityCon": "1", "Full_name": null, "Short_name": null, "Web_Link": null, "London_Fir": 1, "Londo_1st_": 1, "Web_refere": null }, "geometry": { "type": "Polygon", "coordinates": [ [ [ -0.099877, 51.498522 ], [ -0.099706, 51.498506 ], [ -0.099743, 51.498335 ], [ -0.099587, 51.49832 ], [ -0.099517, 51.49829 ], [ -0.099435, 51.498257 ], [ -0.099444, 51.498248 ], [ -0.099386, 51.498222 ], [ -0.099351, 51.49819 ], [ -0.099395, 51.498161 ], [ -0.099613, 51.498258 ], [ -0.099929, 51.498283 ], [ -0.099877, 51.498522 ] ] ] } },
{ "type": "Feature", "properties": { "Map_Name": "Engineering Works", "First_Date": 1860, "Last_Date": 0, "Type": "Engineering", "Products": null, "QualityCon": "1", "Full_name": null, "Short_name": null, "Web_Link": null, "London_Fir": 1, "Londo_1st_": 1, "Web_refere": null }, "geometry": { "type": "Polygon", "coordinates": [ [ [ -0.099929, 51.498283 ], [ -0.099613, 51.498258 ], [ -0.099395, 51.498161 ], [ -0.099351, 51.49819 ], [ -0.099103, 51.497807 ], [ -0.099024, 51.49762 ], [ -0.09904, 51.497608 ], [ -0.099283, 51.497723 ], [ -0.099217, 51.49778 ], [ -0.099437, 51.497947 ], [ -0.09946, 51.497959 ], [ -0.099575, 51.497907 ], [ -0.099644, 51.497962 ], [ -0.099664, 51.497954 ], [ -0.099812, 51.498029 ], [ -0.099802, 51.498072 ], [ -0.099972, 51.498089 ], [ -0.099953, 51.498185 ], [ -0.09994, 51.498247 ], [ -0.099929, 51.498283 ] ] ] } },
{ "type": "Feature", "properties": { "Map_Name": "Railway Signal Manufactory", "First_Date": 1860, "Last_Date": 0, "Type": "Electrical", "Products": "Railway Signals", "QualityCon": "1", "Full_name": null, "Short_name": null, "Web_Link": null, "London_Fir": 1, "Londo_1st_": 1, "Web_refere": null }, "geometry": { "type": "Polygon", "coordinates": [ [ [ -0.100756, 51.497676 ], [ -0.100742, 51.497724 ], [ -0.100834, 51.4978 ], [ -0.100497, 51.497972 ], [ -0.10037, 51.497875 ], [ -0.100306, 51.497821 ], [ -0.100309, 51.497773 ], [ -0.100413, 51.497782 ], [ -0.100413, 51.497775 ], [ -0.100496, 51.497784 ], [ -0.100534, 51.497761 ], [ -0.100555, 51.497657 ], [ -0.100756, 51.497676 ] ] ] } },
{ "type": "Feature", "properties": { "Map_Name": "Brewery", "First_Date": 1860, "Last_Date": 0, "Type": "Brewing", "Products": null, "QualityCon": "1", "Full_name": null, "Short_name": null, "Web_Link": null, "London_Fir": 1, "Londo_1st_": 1, "Web_refere": null }, "geometry": { "type": "Polygon", "coordinates": [ [ [ -0.102942, 51.494886 ], [ -0.102904, 51.49504 ], [ -0.103034, 51.495066 ], [ -0.102999, 51.495132 ], [ -0.102822, 51.495095 ], [ -0.102832, 51.495044 ], [ -0.102597, 51.495023 ], [ -0.102631, 51.494858 ], [ -0.102942, 51.494886 ] ] ] } },
{ "type": "Feature", "properties": { "Map_Name": "Carriage Manufactory", "First_Date": 1860, "Last_Date": 0, "Type": "General", "Products": null, "QualityCon": "1", "Full_name": null, "Short_name": null, "Web_Link": null, "London_Fir": 1, "Londo_1st_": 1, "Web_refere": null }, "geometry": { "type": "Polygon", "coordinates": [ [ [ -0.100482, 51.493794 ], [ -0.100251, 51.493797 ], [ -0.099915, 51.493825 ], [ -0.099826, 51.493641 ], [ -0.100124, 51.493613 ], [ -0.100111, 51.493566 ], [ -0.100277, 51.493576 ], [ -0.100268, 51.49367 ], [ -0.100494, 51.493673 ], [ -0.100482, 51.493794 ] ] ] } },
{ "type": "Feature", "properties": { "Map_Name": "Cart and Wheel Works", "First_Date": 1860, "Last_Date": 0, "Type": "General", "Products": null, "QualityCon": "1", "Full_name": null, "Short_name": null, "Web_Link": null, "London_Fir": 1, "Londo_1st_": 1, "Web_refere": null }, "geometry": { "type": "Polygon", "coordinates": [ [ [ -0.096197, 51.501466 ], [ -0.096106, 51.501573 ], [ -0.096033, 51.50165 ], [ -0.095967, 51.501638 ], [ -0.095977, 51.501622 ], [ -0.095817, 51.501582 ], [ -0.095809, 51.501596 ], [ -0.095494, 51.501518 ], [ -0.09549, 51.501525 ], [ -0.095282, 51.501475 ], [ -0.094974, 51.50137 ], [ -0.095106, 51.501226 ], [ -0.09529, 51.501285 ], [ -0.095333, 51.501246 ], [ -0.095201, 51.501119 ], [ -0.095241, 51.501103 ], [ -0.095414, 51.501258 ], [ -0.096197, 51.501466 ] ] ] } },
{ "type": "Feature", "properties": { "Map_Name": "Fur Factory", "First_Date": 1860, "Last_Date": 0, "Type": "Leather and Skins", "Products": "Fur", "QualityCon": "1", "Full_name": null, "Short_name": null, "Web_Link": null, "London_Fir": 1, "Londo_1st_": 1, "Web_refere": null }, "geometry": { "type": "Polygon", "coordinates": [ [ [ -0.101012, 51.502771 ], [ -0.100851, 51.502778 ], [ -0.100368, 51.502792 ], [ -0.100367, 51.502754 ], [ -0.100325, 51.502753 ], [ -0.100318, 51.502652 ], [ -0.100314, 51.502598 ], [ -0.100306, 51.502592 ], [ -0.100308, 51.50255 ], [ -0.100386, 51.502547 ], [ -0.100382, 51.502518 ], [ -0.100759, 51.502502 ], [ -0.100755, 51.502484 ], [ -0.100333, 51.502497 ], [ -0.100331, 51.502488 ], [ -0.10023, 51.502492 ], [ -0.100232, 51.502454 ], [ -0.10091, 51.502434 ], [ -0.100934, 51.502722 ], [ -0.101006, 51.502725 ], [ -0.101012, 51.502771 ] ] ] } },
{ "type": "Feature", "properties": { "Map_Name": "Cooperage", "First_Date": 1860, "Last_Date": 0, "Type": "Cooperage", "Products": null, "QualityCon": "1", "Full_name": null, "Short_name": null, "Web_Link": null, "London_Fir": 1, "Londo_1st_": 1, "Web_refere": null }, "geometry": { "type": "Polygon", "coordinates": [ [ [ -0.094533, 51.492018 ], [ -0.094182, 51.492135 ], [ -0.094212, 51.492176 ], [ -0.094174, 51.49219 ], [ -0.094078, 51.492052 ], [ -0.09439, 51.491954 ], [ -0.094432, 51.492011 ], [ -0.094522, 51.491999 ], [ -0.094533, 51.492018 ] ] ] } },
{ "type": "Feature", "properties": { "Map_Name": "Iron Foundry", "First_Date": 1860, "Last_Date": 0, "Type": "Metal", "Products": null, "QualityCon": "1", "Full_name": null, "Short_name": null, "Web_Link": null, "London_Fir": 1, "Londo_1st_": 1, "Web_refere": null }, "geometry": { "type": "Polygon", "coordinates": [ [ [ -0.093336, 51.491911 ], [ -0.093347, 51.491912 ], [ -0.093368, 51.491939 ], [ -0.093552, 51.492147 ], [ -0.093394, 51.492194 ], [ -0.09329, 51.492083 ], [ -0.093261, 51.492049 ], [ -0.093245, 51.492055 ], [ -0.093168, 51.491966 ], [ -0.093336, 51.491911 ] ] ] } },
{ "type": "Feature", "properties": { "Map_Name": "Falcon Works (Wadding Manufactory)", "First_Date": 1860, "Last_Date": 0, "Type": "General", "Products": "Wadding", "QualityCon": "1", "Full_name": null, "Short_name": null, "Web_Link": null, "London_Fir": 1, "Londo_1st_": 1, "Web_refere": null }, "geometry": { "type": "Polygon", "coordinates": [ [ [ -0.092132, 51.491162 ], [ -0.092316, 51.491403 ], [ -0.091914, 51.49152 ], [ -0.091885, 51.491585 ], [ -0.091692, 51.491539 ], [ -0.091575, 51.491512 ], [ -0.091521, 51.491472 ], [ -0.091434, 51.491647 ], [ -0.091246, 51.491596 ], [ -0.091334, 51.491473 ], [ -0.091187, 51.491435 ], [ -0.092132, 51.491162 ] ] ] } },
{ "type": "Feature", "properties": { "Map_Name": "Saw Mill", "First_Date": 1860, "Last_Date": 0, "Type": "Timber Mill", "Products": null, "QualityCon": "1", "Full_name": null, "Short_name": null, "Web_Link": null, "London_Fir": 1, "Londo_1st_": 1, "Web_refere": null }, "geometry": { "type": "Polygon", "coordinates": [ [ [ -0.090563, 51.495362 ], [ -0.090664, 51.495595 ], [ -0.090377, 51.49567 ], [ -0.090161, 51.495725 ], [ -0.090136, 51.495703 ], [ -0.090305, 51.495629 ], [ -0.090313, 51.495617 ], [ -0.09031, 51.495606 ], [ -0.090279, 51.495583 ], [ -0.090265, 51.49559 ], [ -0.090005, 51.495365 ], [ -0.090158, 51.495317 ], [ -0.090217, 51.495391 ], [ -0.090331, 51.495358 ], [ -0.090338, 51.495371 ], [ -0.09037, 51.49541 ], [ -0.090563, 51.495362 ] ] ] } },
{ "type": "Feature", "properties": { "Map_Name": "Wire Manufactory", "First_Date": 1860, "Last_Date": 0, "Type": "Metal", "Products": "Wire", "QualityCon": "1", "Full_name": null, "Short_name": null, "Web_Link": null, "London_Fir": 1, "Londo_1st_": 1, "Web_refere": null }, "geometry": { "type": "Polygon", "coordinates": [ [ [ -0.089172, 51.500539 ], [ -0.089113, 51.500593 ], [ -0.088773, 51.500461 ], [ -0.088854, 51.500383 ], [ -0.0889, 51.500398 ], [ -0.088988, 51.500314 ], [ -0.089036, 51.500333 ], [ -0.089166, 51.500214 ], [ -0.089111, 51.500185 ], [ -0.089135, 51.500156 ], [ -0.08922, 51.500167 ], [ -0.089231, 51.500167 ], [ -0.089265, 51.500183 ], [ -0.08925, 51.500197 ], [ -0.089299, 51.500223 ], [ -0.089435, 51.500301 ], [ -0.08937, 51.500369 ], [ -0.08934, 51.500405 ], [ -0.089172, 51.500539 ] ] ] } },
{ "type": "Feature", "properties": { "Map_Name": "Vinegar Works", "First_Date": 1860, "Last_Date": 0, "Type": "Food", "Products": null, "QualityCon": "1", "Full_name": null, "Short_name": null, "Web_Link": null, "London_Fir": 1, "Londo_1st_": 1, "Web_refere": null }, "geometry": { "type": "Polygon", "coordinates": [ [ [ -0.088592, 51.500563 ], [ -0.088529, 51.50064 ], [ -0.088414, 51.500609 ], [ -0.08831, 51.50076 ], [ -0.088267, 51.500838 ], [ -0.088219, 51.50083 ], [ -0.088234, 51.500792 ], [ -0.08811, 51.500764 ], [ -0.08823, 51.500577 ], [ -0.088295, 51.500466 ], [ -0.08839, 51.50049 ], [ -0.088465, 51.500517 ], [ -0.088592, 51.500563 ] ] ] } },
{ "type": "Feature", "properties": { "Map_Name": "Tannery", "First_Date": 1860, "Last_Date": 0, "Type": "Leather and Skins", "Products": null, "QualityCon": "1", "Full_name": null, "Short_name": null, "Web_Link": null, "London_Fir": 1, "Londo_1st_": 1, "Web_refere": null }, "geometry": { "type": "Polygon", "coordinates": [ [ [ -0.086847, 51.499964 ], [ -0.087219, 51.500084 ], [ -0.08712, 51.50041 ], [ -0.086942, 51.500798 ], [ -0.086835, 51.50106 ], [ -0.086469, 51.50099 ], [ -0.086847, 51.499964 ] ] ] } },
{ "type": "Feature", "properties": { "Map_Name": "Blacklead and Emery Works", "First_Date": 1860, "Last_Date": 0, "Type": "Chemical", "Products": "Blacklead and Emery", "QualityCon": "1", "Full_name": null, "Short_name": null, "Web_Link": null, "London_Fir": 1, "Londo_1st_": 1, "Web_refere": null }, "geometry": { "type": "Polygon", "coordinates": [ [ [ -0.086007, 51.501155 ], [ -0.085686, 51.501121 ], [ -0.085658, 51.501067 ], [ -0.085777, 51.501035 ], [ -0.085921, 51.500496 ], [ -0.086197, 51.500533 ], [ -0.086109, 51.500822 ], [ -0.086043, 51.501036 ], [ -0.086007, 51.501155 ] ] ] } },
{ "type": "Feature", "properties": { "Map_Name": "Tannery", "First_Date": 1860, "Last_Date": 0, "Type": "Leather and Skins", "Products": null, "QualityCon": "1", "Full_name": null, "Short_name": null, "Web_Link": null, "London_Fir": 1, "Londo_1st_": 1, "Web_refere": null }, "geometry": { "type": "Polygon", "coordinates": [ [ [ -0.083547, 51.500532 ], [ -0.083695, 51.500542 ], [ -0.083788, 51.500544 ], [ -0.083792, 51.500521 ], [ -0.084149, 51.500559 ], [ -0.084153, 51.500537 ], [ -0.084583, 51.500587 ], [ -0.084574, 51.50064 ], [ -0.084772, 51.50066 ], [ -0.085144, 51.500697 ], [ -0.085091, 51.501003 ], [ -0.085072, 51.501041 ], [ -0.085076, 51.501164 ], [ -0.084847, 51.501139 ], [ -0.084744, 51.501154 ], [ -0.084593, 51.501139 ], [ -0.084497, 51.501085 ], [ -0.084317, 51.501059 ], [ -0.083948, 51.501028 ], [ -0.083903, 51.500984 ], [ -0.08359, 51.50093 ], [ -0.083509, 51.500873 ], [ -0.083547, 51.500532 ] ] ] } },
{ "type": "Feature", "properties": { "Map_Name": "Tannery", "First_Date": 1860, "Last_Date": 0, "Type": "Leather and Skins", "Products": null, "QualityCon": "1", "Full_name": null, "Short_name": null, "Web_Link": null, "London_Fir": 1, "Londo_1st_": 1, "Web_refere": null }, "geometry": { "type": "Polygon", "coordinates": [ [ [ -0.083385, 51.501017 ], [ -0.083334, 51.501249 ], [ -0.083087, 51.501303 ], [ -0.082857, 51.501351 ], [ -0.082749, 51.501342 ], [ -0.082723, 51.501257 ], [ -0.08274, 51.501247 ], [ -0.082704, 51.501163 ], [ -0.082632, 51.501176 ], [ -0.082601, 51.501123 ], [ -0.082715, 51.501104 ], [ -0.082723, 51.501111 ], [ -0.082886, 51.501085 ], [ -0.083092, 51.501054 ], [ -0.083228, 51.501031 ], [ -0.083313, 51.501024 ], [ -0.083385, 51.501017 ] ] ] } },
{ "type": "Feature", "properties": { "Map_Name": "Tannery", "First_Date": 1860, "Last_Date": 0, "Type": "Leather and Skins", "Products": null, "QualityCon": "1", "Full_name": null, "Short_name": null, "Web_Link": null, "London_Fir": 1, "Londo_1st_": 1, "Web_refere": null }, "geometry": { "type": "Polygon", "coordinates": [ [ [ -0.083442, 51.500669 ], [ -0.083438, 51.500675 ], [ -0.083428, 51.50072 ], [ -0.083408, 51.50072 ], [ -0.083386, 51.500872 ], [ -0.082882, 51.500929 ], [ -0.082874, 51.500905 ], [ -0.082478, 51.50097 ], [ -0.082428, 51.500977 ], [ -0.082359, 51.500814 ], [ -0.08228, 51.500827 ], [ -0.08229, 51.500816 ], [ -0.082284, 51.500804 ], [ -0.082203, 51.500825 ], [ -0.082209, 51.500837 ], [ -0.082135, 51.500843 ], [ -0.082127, 51.500822 ], [ -0.082329, 51.500775 ], [ -0.082404, 51.500757 ], [ -0.082389, 51.500729 ], [ -0.082674, 51.500686 ], [ -0.083062, 51.500669 ], [ -0.083442, 51.500669 ] ] ] } },
{ "type": "Feature", "properties": { "Map_Name": "Tannery", "First_Date": 1860, "Last_Date": 0, "Type": "Leather and Skins", "Products": null, "QualityCon": "1", "Full_name": null, "Short_name": null, "Web_Link": null, "London_Fir": 1, "Londo_1st_": 1, "Web_refere": null }, "geometry": { "type": "Polygon", "coordinates": [ [ [ -0.082393, 51.500385 ], [ -0.082392, 51.500373 ], [ -0.082383, 51.500368 ], [ -0.082425, 51.500324 ], [ -0.082434, 51.500327 ], [ -0.082456, 51.500309 ], [ -0.082447, 51.500303 ], [ -0.08257, 51.50018 ], [ -0.082618, 51.500141 ], [ -0.082685, 51.500102 ], [ -0.082741, 51.500088 ], [ -0.082955, 51.500103 ], [ -0.083393, 51.500132 ], [ -0.083462, 51.50014 ], [ -0.08347, 51.500132 ], [ -0.083574, 51.500149 ], [ -0.083555, 51.500202 ], [ -0.083531, 51.500199 ], [ -0.083479, 51.500362 ], [ -0.082393, 51.500385 ] ] ] } },
{ "type": "Feature", "properties": { "Map_Name": "Bedding Manufactory", "First_Date": 1860, "Last_Date": 0, "Type": "Cloth and Clothing", "Products": null, "QualityCon": "1", "Full_name": null, "Short_name": null, "Web_Link": null, "London_Fir": 1, "Londo_1st_": 1, "Web_refere": null }, "geometry": { "type": "Polygon", "coordinates": [ [ [ -0.101885, 51.492122 ], [ -0.101573, 51.491936 ], [ -0.101593, 51.491917 ], [ -0.1013, 51.491789 ], [ -0.101282, 51.491782 ], [ -0.10122, 51.491808 ], [ -0.101191, 51.491775 ], [ -0.101217, 51.491771 ], [ -0.101143, 51.491688 ], [ -0.10133, 51.491625 ], [ -0.101258, 51.49154 ], [ -0.101423, 51.491477 ], [ -0.10145, 51.491508 ], [ -0.101453, 51.491518 ], [ -0.101599, 51.491599 ], [ -0.101688, 51.491651 ], [ -0.101899, 51.491769 ], [ -0.102031, 51.491847 ], [ -0.102169, 51.491926 ], [ -0.101885, 51.492122 ] ] ] } },
{ "type": "Feature", "properties": { "Map_Name": "Tin and Zinc Works", "First_Date": 1860, "Last_Date": 0, "Type": "Metal", "Products": "Tin and Zinc", "QualityCon": "1", "Full_name": null, "Short_name": null, "Web_Link": null, "London_Fir": 1, "Londo_1st_": 1, "Web_refere": null }, "geometry": { "type": "Polygon", "coordinates": [ [ [ -0.080453, 51.498641 ], [ -0.080788, 51.498665 ], [ -0.080795, 51.498746 ], [ -0.081023, 51.498733 ], [ -0.081036, 51.498805 ], [ -0.080835, 51.498824 ], [ -0.080831, 51.498906 ], [ -0.080394, 51.498876 ], [ -0.080453, 51.498641 ] ] ] } },
{ "type": "Feature", "properties": { "Map_Name": "Tanniery", "First_Date": 1860, "Last_Date": 0, "Type": "Leather and Skins", "Products": null, "QualityCon": "1", "Full_name": null, "Short_name": null, "Web_Link": null, "London_Fir": 1, "Londo_1st_": 1, "Web_refere": null }, "geometry": { "type": "Polygon", "coordinates": [ [ [ -0.080453, 51.498641 ], [ -0.080394, 51.498876 ], [ -0.080035, 51.498853 ], [ -0.080097, 51.49861 ], [ -0.080453, 51.498641 ] ] ] } },
{ "type": "Feature", "properties": { "Map_Name": "Curriery", "First_Date": 1860, "Last_Date": 0, "Type": "Leather and Skins", "Products": null, "QualityCon": "1", "Full_name": null, "Short_name": null, "Web_Link": null, "London_Fir": 1, "Londo_1st_": 1, "Web_refere": null }, "geometry": { "type": "Polygon", "coordinates": [ [ [ -0.084103, 51.49869 ], [ -0.084173, 51.498716 ], [ -0.083986, 51.498949 ], [ -0.083875, 51.499095 ], [ -0.083965, 51.499127 ], [ -0.083928, 51.499179 ], [ -0.083761, 51.49912 ], [ -0.084103, 51.49869 ] ] ] } },
{ "type": "Feature", "properties": { "Map_Name": "India Rubber Works", "First_Date": 1860, "Last_Date": 0, "Type": "Rubber and Gutta-Percha", "Products": null, "QualityCon": "1", "Full_name": null, "Short_name": null, "Web_Link": null, "London_Fir": 1, "Londo_1st_": 1, "Web_refere": null }, "geometry": { "type": "Polygon", "coordinates": [ [ [ -0.076971, 51.494129 ], [ -0.076291, 51.494477 ], [ -0.076137, 51.494316 ], [ -0.076335, 51.494189 ], [ -0.076253, 51.494136 ], [ -0.076594, 51.493936 ], [ -0.076633, 51.493953 ], [ -0.076817, 51.493815 ], [ -0.077132, 51.494023 ], [ -0.076971, 51.494129 ] ] ] } },
{ "type": "Feature", "properties": { "Map_Name": "Engineer Works", "First_Date": 1860, "Last_Date": 0, "Type": "Engineering", "Products": null, "QualityCon": "1", "Full_name": null, "Short_name": null, "Web_Link": null, "London_Fir": 1, "Londo_1st_": 1, "Web_refere": null }, "geometry": { "type": "Polygon", "coordinates": [ [ [ -0.070405, 51.493368 ], [ -0.070927, 51.493246 ], [ -0.070999, 51.49336 ], [ -0.070917, 51.493379 ], [ -0.070937, 51.493421 ], [ -0.070643, 51.493491 ], [ -0.070677, 51.493548 ], [ -0.070531, 51.493577 ], [ -0.070405, 51.493368 ] ] ] } },
{ "type": "Feature", "properties": { "Map_Name": "Brewery", "First_Date": 1860, "Last_Date": 0, "Type": "Brewing", "Products": "Brewing", "QualityCon": "1", "Full_name": null, "Short_name": null, "Web_Link": null, "London_Fir": 1, "Londo_1st_": 1, "Web_refere": null }, "geometry": { "type": "Polygon", "coordinates": [ [ [ -0.067299, 51.485567 ], [ -0.066995, 51.485565 ], [ -0.066999, 51.485466 ], [ -0.066954, 51.485465 ], [ -0.066935, 51.485088 ], [ -0.06736, 51.485093 ], [ -0.067342, 51.485397 ], [ -0.067298, 51.485399 ], [ -0.067299, 51.485567 ] ] ] } },
{ "type": "Feature", "properties": { "Map_Name": "Malthouse Granary", "First_Date": 1860, "Last_Date": 0, "Type": "Brewing", "Products": null, "QualityCon": "1", "Full_name": null, "Short_name": null, "Web_Link": null, "London_Fir": 1, "Londo_1st_": 1, "Web_refere": null }, "geometry": { "type": "Polygon", "coordinates": [ [ [ -0.05069, 51.501933 ], [ -0.050877, 51.501842 ], [ -0.050861, 51.50183 ], [ -0.051051, 51.50174 ], [ -0.051403, 51.502049 ], [ -0.051384, 51.502079 ], [ -0.051368, 51.502088 ], [ -0.051461, 51.502132 ], [ -0.051603, 51.502263 ], [ -0.05141, 51.502347 ], [ -0.051271, 51.502222 ], [ -0.051129, 51.502299 ], [ -0.05069, 51.501933 ] ] ] } },
{ "type": "Feature", "properties": { "Map_Name": "Pottery", "First_Date": 1860, "Last_Date": 0, "Type": "General", "Products": null, "QualityCon": "1", "Full_name": null, "Short_name": null, "Web_Link": null, "London_Fir": 1, "Londo_1st_": 1, "Web_refere": null }, "geometry": { "type": "Polygon", "coordinates": [ [ [ -0.063274, 51.499877 ], [ -0.063456, 51.499863 ], [ -0.063457, 51.499869 ], [ -0.063474, 51.499928 ], [ -0.063888, 51.499902 ], [ -0.063912, 51.500021 ], [ -0.063954, 51.500141 ], [ -0.06387, 51.500276 ], [ -0.063874, 51.500295 ], [ -0.063895, 51.500304 ], [ -0.063695, 51.500323 ], [ -0.063694, 51.500338 ], [ -0.063602, 51.500343 ], [ -0.063502, 51.500347 ], [ -0.063504, 51.500341 ], [ -0.063498, 51.500306 ], [ -0.063488, 51.500256 ], [ -0.063476, 51.500192 ], [ -0.063466, 51.500138 ], [ -0.063464, 51.500124 ], [ -0.063416, 51.500128 ], [ -0.063263, 51.50014 ], [ -0.063274, 51.499877 ] ] ] } },
{ "type": "Feature", "properties": { "Map_Name": "Slate Works", "First_Date": 1860, "Last_Date": 0, "Type": "Building", "Products": null, "QualityCon": "1", "Full_name": null, "Short_name": null, "Web_Link": null, "London_Fir": 1, "Londo_1st_": 1, "Web_refere": null }, "geometry": { "type": "Polygon", "coordinates": [ [ [ -0.068512, 51.501032 ], [ -0.068654, 51.501068 ], [ -0.068559, 51.501223 ], [ -0.06844, 51.501192 ], [ -0.068423, 51.501225 ], [ -0.068247, 51.501185 ], [ -0.068294, 51.501089 ], [ -0.068464, 51.501065 ], [ -0.068491, 51.501026 ], [ -0.068512, 51.501032 ] ] ] } },
{ "type": "Feature", "properties": { "Map_Name": "Fur & Skin Dye Works", "First_Date": 1860, "Last_Date": 0, "Type": "Leather and Skins", "Products": "Fur", "QualityCon": "1", "Full_name": null, "Short_name": null, "Web_Link": null, "London_Fir": 1, "Londo_1st_": 1, "Web_refere": null }, "geometry": { "type": "Polygon", "coordinates": [ [ [ -0.076146, 51.50002 ], [ -0.075836, 51.500126 ], [ -0.075759, 51.50015 ], [ -0.075713, 51.500098 ], [ -0.075665, 51.50004 ], [ -0.075637, 51.5 ], [ -0.075446, 51.499941 ], [ -0.075427, 51.499952 ], [ -0.075392, 51.499862 ], [ -0.075311, 51.499718 ], [ -0.075206, 51.499514 ], [ -0.076146, 51.50002 ] ] ] } },
{ "type": "Feature", "properties": { "Map_Name": "Cooperage", "First_Date": 1860, "Last_Date": 0, "Type": "Cooperage", "Products": null, "QualityCon": "1", "Full_name": null, "Short_name": null, "Web_Link": null, "London_Fir": 1, "Londo_1st_": 1, "Web_refere": null }, "geometry": { "type": "Polygon", "coordinates": [ [ [ -0.075206, 51.499514 ], [ -0.075418, 51.499929 ], [ -0.0754, 51.499928 ], [ -0.075078, 51.499979 ], [ -0.075062, 51.499978 ], [ -0.075022, 51.499987 ], [ -0.075002, 51.49996 ], [ -0.074927, 51.499973 ], [ -0.074931, 51.499984 ], [ -0.074903, 51.499992 ], [ -0.074927, 51.500037 ], [ -0.074799, 51.500066 ], [ -0.074629, 51.499699 ], [ -0.074533, 51.499491 ], [ -0.074944, 51.499523 ], [ -0.075012, 51.499508 ], [ -0.075002, 51.4995 ], [ -0.075029, 51.499496 ], [ -0.075035, 51.499505 ], [ -0.075149, 51.499484 ], [ -0.075206, 51.499514 ] ] ] } },
{ "type": "Feature", "properties": { "Map_Name": "Tannery", "First_Date": 1860, "Last_Date": 0, "Type": "Leather and Skins", "Products": null, "QualityCon": "1", "Full_name": null, "Short_name": null, "Web_Link": null, "London_Fir": 1, "Londo_1st_": 1, "Web_refere": null }, "geometry": { "type": "Polygon", "coordinates": [ [ [ -0.07737, 51.495748 ], [ -0.076993, 51.495769 ], [ -0.076976, 51.495604 ], [ -0.076962, 51.495461 ], [ -0.077212, 51.495481 ], [ -0.077233, 51.495447 ], [ -0.077224, 51.495443 ], [ -0.077263, 51.495389 ], [ -0.07744, 51.495447 ], [ -0.077386, 51.49555 ], [ -0.077361, 51.495669 ], [ -0.07737, 51.495748 ] ] ] } },
{ "type": "Feature", "properties": { "Map_Name": "Tannery", "First_Date": 1860, "Last_Date": 0, "Type": "Leather and Skins", "Products": null, "QualityCon": "1", "Full_name": null, "Short_name": null, "Web_Link": null, "London_Fir": 1, "Londo_1st_": 1, "Web_refere": null }, "geometry": { "type": "Polygon", "coordinates": [ [ [ -0.076157, 51.496606 ], [ -0.075937, 51.496341 ], [ -0.076166, 51.496274 ], [ -0.076287, 51.496407 ], [ -0.076372, 51.496378 ], [ -0.076249, 51.496223 ], [ -0.076776, 51.496067 ], [ -0.076889, 51.4962 ], [ -0.076904, 51.496277 ], [ -0.076601, 51.49637 ], [ -0.076634, 51.496424 ], [ -0.076456, 51.496515 ], [ -0.076157, 51.496606 ] ] ] } },
{ "type": "Feature", "properties": { "Map_Name": "Tannery", "First_Date": 1860, "Last_Date": 0, "Type": "Leather and Skins", "Products": null, "QualityCon": "1", "Full_name": null, "Short_name": null, "Web_Link": null, "London_Fir": 1, "Londo_1st_": 1, "Web_refere": null }, "geometry": { "type": "Polygon", "coordinates": [ [ [ -0.078871, 51.494393 ], [ -0.078712, 51.494362 ], [ -0.078443, 51.49431 ], [ -0.078059, 51.49424 ], [ -0.077956, 51.494219 ], [ -0.077994, 51.494151 ], [ -0.078077, 51.49399 ], [ -0.078122, 51.493902 ], [ -0.078133, 51.493903 ], [ -0.078219, 51.493767 ], [ -0.07811, 51.493704 ], [ -0.077964, 51.493616 ], [ -0.078008, 51.493565 ], [ -0.078141, 51.493452 ], [ -0.078306, 51.493307 ], [ -0.078432, 51.493211 ], [ -0.078501, 51.493239 ], [ -0.078677, 51.493324 ], [ -0.079024, 51.49355 ], [ -0.079087, 51.493596 ], [ -0.078903, 51.49369 ], [ -0.079066, 51.493811 ], [ -0.079273, 51.493971 ], [ -0.079307, 51.494001 ], [ -0.079223, 51.494129 ], [ -0.079169, 51.494124 ], [ -0.079124, 51.494198 ], [ -0.079165, 51.494207 ], [ -0.079144, 51.494244 ], [ -0.07931, 51.494278 ], [ -0.079255, 51.494379 ], [ -0.079269, 51.494408 ], [ -0.079262, 51.494424 ], [ -0.079092, 51.494394 ], [ -0.079067, 51.494435 ], [ -0.078871, 51.494393 ] ] ] } },
{ "type": "Feature", "properties": { "Map_Name": "Alaska Factory (seal skin dressings etc)", "First_Date": 1860, "Last_Date": 0, "Type": "Leather and Skins", "Products": null, "QualityCon": "1", "Full_name": null, "Short_name": null, "Web_Link": null, "London_Fir": 1, "Londo_1st_": 1, "Web_refere": null }, "geometry": { "type": "Polygon", "coordinates": [ [ [ -0.077956, 51.494219 ], [ -0.078122, 51.494252 ], [ -0.07789, 51.49464 ], [ -0.077808, 51.494771 ], [ -0.077655, 51.495016 ], [ -0.077719, 51.495039 ], [ -0.077515, 51.495275 ], [ -0.077449, 51.495253 ], [ -0.077288, 51.495206 ], [ -0.077403, 51.495021 ], [ -0.077463, 51.494843 ], [ -0.077496, 51.494712 ], [ -0.077369, 51.494686 ], [ -0.077181, 51.494653 ], [ -0.07697, 51.494629 ], [ -0.076956, 51.494625 ], [ -0.077035, 51.494495 ], [ -0.077169, 51.494291 ], [ -0.077249, 51.494178 ], [ -0.077346, 51.494166 ], [ -0.077486, 51.494172 ], [ -0.077715, 51.494195 ], [ -0.077882, 51.494211 ], [ -0.077956, 51.494219 ] ] ] } },
{ "type": "Feature", "properties": { "Map_Name": "Floor Cloth Manufactory", "First_Date": 1860, "Last_Date": 0, "Type": "Cloth and Clothing", "Products": null, "QualityCon": "1", "Full_name": null, "Short_name": null, "Web_Link": null, "London_Fir": 1, "Londo_1st_": 1, "Web_refere": null }, "geometry": { "type": "Polygon", "coordinates": [ [ [ -0.083488, 51.49384 ], [ -0.083307, 51.4939 ], [ -0.083064, 51.494005 ], [ -0.08283, 51.493869 ], [ -0.082642, 51.493766 ], [ -0.0824, 51.493629 ], [ -0.082479, 51.493576 ], [ -0.082548, 51.493525 ], [ -0.082425, 51.493456 ], [ -0.08252, 51.493397 ], [ -0.08251, 51.493391 ], [ -0.082556, 51.493356 ], [ -0.082567, 51.493361 ], [ -0.082593, 51.493343 ], [ -0.082562, 51.493326 ], [ -0.082591, 51.493306 ], [ -0.082621, 51.493323 ], [ -0.08265, 51.493308 ], [ -0.082646, 51.493301 ], [ -0.082698, 51.493272 ], [ -0.082797, 51.493212 ], [ -0.08286, 51.493173 ], [ -0.08287, 51.493173 ], [ -0.082878, 51.493169 ], [ -0.08282, 51.493135 ], [ -0.082926, 51.493066 ], [ -0.082977, 51.493126 ], [ -0.083167, 51.493407 ], [ -0.083287, 51.493598 ], [ -0.083323, 51.493651 ], [ -0.083437, 51.493775 ], [ -0.0835, 51.493813 ], [ -0.083488, 51.49384 ] ] ] } },
{ "type": "Feature", "properties": { "Map_Name": "Patent Leather Works", "First_Date": 1860, "Last_Date": 0, "Type": "Leather and Skins", "Products": null, "QualityCon": "1", "Full_name": null, "Short_name": null, "Web_Link": null, "London_Fir": 1, "Londo_1st_": 1, "Web_refere": null }, "geometry": { "type": "Polygon", "coordinates": [ [ [ -0.082885, 51.494238 ], [ -0.08285, 51.494254 ], [ -0.082713, 51.494321 ], [ -0.08255, 51.494412 ], [ -0.08245, 51.494347 ], [ -0.082771, 51.494161 ], [ -0.082885, 51.494238 ] ] ] } },
{ "type": "Feature", "properties": { "Map_Name": "Tannery", "First_Date": 1860, "Last_Date": 0, "Type": "Leather and Skins", "Products": null, "QualityCon": "1", "Full_name": null, "Short_name": null, "Web_Link": null, "London_Fir": 1, "Londo_1st_": 1, "Web_refere": null }, "geometry": { "type": "Polygon", "coordinates": [ [ [ -0.082326, 51.49442 ], [ -0.082404, 51.494475 ], [ -0.082628, 51.494619 ], [ -0.082462, 51.494712 ], [ -0.082329, 51.494788 ], [ -0.082263, 51.494829 ], [ -0.082013, 51.494973 ], [ -0.081935, 51.495018 ], [ -0.08186, 51.494963 ], [ -0.081798, 51.494923 ], [ -0.081705, 51.494856 ], [ -0.081591, 51.494885 ], [ -0.081491, 51.494934 ], [ -0.081407, 51.494871 ], [ -0.081458, 51.494843 ], [ -0.081483, 51.494813 ], [ -0.081721, 51.494693 ], [ -0.081936, 51.494583 ], [ -0.081952, 51.494593 ], [ -0.082203, 51.494464 ], [ -0.082258, 51.494462 ], [ -0.082326, 51.49442 ] ] ] } },
{ "type": "Feature", "properties": { "Map_Name": "Tannery", "First_Date": 1860, "Last_Date": 0, "Type": "Leather and Skins", "Products": null, "QualityCon": "1", "Full_name": null, "Short_name": null, "Web_Link": null, "London_Fir": 1, "Londo_1st_": 1, "Web_refere": null }, "geometry": { "type": "Polygon", "coordinates": [ [ [ -0.081656, 51.495457 ], [ -0.08153, 51.49562 ], [ -0.081361, 51.495846 ], [ -0.081306, 51.495921 ], [ -0.081105, 51.49586 ], [ -0.080899, 51.495792 ], [ -0.080812, 51.495768 ], [ -0.080747, 51.49571 ], [ -0.080579, 51.495683 ], [ -0.080473, 51.495666 ], [ -0.080555, 51.495496 ], [ -0.080639, 51.495309 ], [ -0.0807, 51.495166 ], [ -0.080781, 51.494987 ], [ -0.080882, 51.494775 ], [ -0.081161, 51.494945 ], [ -0.081361, 51.494837 ], [ -0.08141, 51.494868 ], [ -0.081494, 51.494931 ], [ -0.081468, 51.494941 ], [ -0.081478, 51.494959 ], [ -0.081608, 51.49505 ], [ -0.081618, 51.495079 ], [ -0.081813, 51.495215 ], [ -0.081885, 51.495263 ], [ -0.081706, 51.495347 ], [ -0.081671, 51.495326 ], [ -0.081591, 51.495362 ], [ -0.081662, 51.495414 ], [ -0.081814, 51.495522 ], [ -0.081801, 51.495531 ], [ -0.081656, 51.495457 ] ] ] } },
{ "type": "Feature", "properties": { "Map_Name": "Glue and Size Works", "First_Date": 1860, "Last_Date": 0, "Type": "Chemical", "Products": "Gllue", "QualityCon": "1", "Full_name": null, "Short_name": null, "Web_Link": null, "London_Fir": 1, "Londo_1st_": 1, "Web_refere": null }, "geometry": { "type": "Polygon", "coordinates": [ [ [ -0.072196, 51.49468 ], [ -0.071643, 51.494805 ], [ -0.071701, 51.494976 ], [ -0.071677, 51.495009 ], [ -0.071712, 51.495128 ], [ -0.07164, 51.495129 ], [ -0.071657, 51.495197 ], [ -0.071409, 51.495148 ], [ -0.071092, 51.495218 ], [ -0.070929, 51.495257 ], [ -0.070411, 51.495375 ], [ -0.070328, 51.495388 ], [ -0.070284, 51.495254 ], [ -0.070215, 51.495263 ], [ -0.070181, 51.495188 ], [ -0.070224, 51.49518 ], [ -0.070142, 51.495071 ], [ -0.070058, 51.494907 ], [ -0.070038, 51.494906 ], [ -0.070023, 51.494869 ], [ -0.07009, 51.494852 ], [ -0.070051, 51.49477 ], [ -0.070497, 51.494682 ], [ -0.070453, 51.494578 ], [ -0.070781, 51.494521 ], [ -0.070746, 51.494419 ], [ -0.071993, 51.494244 ], [ -0.072196, 51.49468 ] ] ] } },
{ "type": "Feature", "properties": { "Map_Name": "Rug and Mat Manufactory", "First_Date": 1860, "Last_Date": 0, "Type": "Furnishings", "Products": "Rug and Mat", "QualityCon": "1", "Full_name": null, "Short_name": null, "Web_Link": null, "London_Fir": 1, "Londo_1st_": 1, "Web_refere": null }, "geometry": { "type": "Polygon", "coordinates": [ [ [ -0.063919, 51.493641 ], [ -0.062814, 51.493157 ], [ -0.063303, 51.492918 ], [ -0.063447, 51.493018 ], [ -0.063712, 51.493273 ], [ -0.064068, 51.493542 ], [ -0.063919, 51.493641 ] ] ] } },
{ "type": "Feature", "properties": { "Map_Name": "Curriery", "First_Date": 1860, "Last_Date": 0, "Type": "Leather and Skins", "Products": null, "QualityCon": "1", "Full_name": null, "Short_name": null, "Web_Link": null, "London_Fir": 1, "Londo_1st_": 1, "Web_refere": null }, "geometry": { "type": "Polygon", "coordinates": [ [ [ -0.07032, 51.499188 ], [ -0.070367, 51.499705 ], [ -0.069917, 51.499701 ], [ -0.069507, 51.499693 ], [ -0.069472, 51.499324 ], [ -0.06945, 51.499237 ], [ -0.06966, 51.499229 ], [ -0.07032, 51.499188 ] ] ] } },
{ "type": "Feature", "properties": { "Map_Name": "Tannery", "First_Date": 1860, "Last_Date": 0, "Type": "Leather and Skins", "Products": null, "QualityCon": "1", "Full_name": null, "Short_name": null, "Web_Link": null, "London_Fir": 1, "Londo_1st_": 1, "Web_refere": null }, "geometry": { "type": "Polygon", "coordinates": [ [ [ -0.075217, 51.496972 ], [ -0.075289, 51.497277 ], [ -0.075407, 51.4978 ], [ -0.075066, 51.497835 ], [ -0.074863, 51.497026 ], [ -0.075217, 51.496972 ] ] ] } },
{ "type": "Feature", "properties": { "Map_Name": "Tannery", "First_Date": 1860, "Last_Date": 0, "Type": "Leather and Skins", "Products": null, "QualityCon": "1", "Full_name": null, "Short_name": null, "Web_Link": null, "London_Fir": 1, "Londo_1st_": 1, "Web_refere": null }, "geometry": { "type": "Polygon", "coordinates": [ [ [ -0.074456, 51.496649 ], [ -0.075145, 51.49649 ], [ -0.075059, 51.496327 ], [ -0.075782, 51.496214 ], [ -0.075848, 51.496461 ], [ -0.075946, 51.496452 ], [ -0.075971, 51.496595 ], [ -0.07599, 51.496598 ], [ -0.076035, 51.496783 ], [ -0.075837, 51.496812 ], [ -0.075534, 51.496856 ], [ -0.075217, 51.496903 ], [ -0.075205, 51.49691 ], [ -0.074595, 51.497 ], [ -0.07453, 51.496816 ], [ -0.074504, 51.496751 ], [ -0.074514, 51.496752 ], [ -0.074491, 51.496705 ], [ -0.074456, 51.496649 ] ] ] } },
{ "type": "Feature", "properties": { "Map_Name": "Cooperage", "First_Date": 1860, "Last_Date": 0, "Type": "Cooperage", "Products": null, "QualityCon": "1", "Full_name": null, "Short_name": null, "Web_Link": null, "London_Fir": 1, "Londo_1st_": 1, "Web_refere": null }, "geometry": { "type": "Polygon", "coordinates": [ [ [ -0.074014, 51.501355 ], [ -0.073564, 51.501158 ], [ -0.07346, 51.501111 ], [ -0.073494, 51.501085 ], [ -0.073546, 51.501056 ], [ -0.073627, 51.501009 ], [ -0.073813, 51.5008 ], [ -0.073897, 51.500826 ], [ -0.073931, 51.500792 ], [ -0.074352, 51.50096 ], [ -0.0745, 51.501014 ], [ -0.07463, 51.501069 ], [ -0.074551, 51.50114 ], [ -0.074526, 51.50115 ], [ -0.074408, 51.501268 ], [ -0.07433, 51.501232 ], [ -0.074294, 51.501241 ], [ -0.074122, 51.501409 ], [ -0.074014, 51.501355 ] ] ] } },
{ "type": "Feature", "properties": { "Map_Name": "Cooperage", "First_Date": 1860, "Last_Date": 0, "Type": "Cooperage", "Products": null, "QualityCon": "1", "Full_name": null, "Short_name": null, "Web_Link": null, "London_Fir": 1, "Londo_1st_": 1, "Web_refere": null }, "geometry": { "type": "Polygon", "coordinates": [ [ [ -0.074132, 51.501491 ], [ -0.074302, 51.501584 ], [ -0.074462, 51.501693 ], [ -0.07437, 51.501705 ], [ -0.07438, 51.501715 ], [ -0.074354, 51.501731 ], [ -0.074343, 51.501723 ], [ -0.074321, 51.501734 ], [ -0.074148, 51.501838 ], [ -0.074131, 51.501834 ], [ -0.074113, 51.501849 ], [ -0.073962, 51.501768 ], [ -0.073939, 51.501777 ], [ -0.073859, 51.501729 ], [ -0.073811, 51.501704 ], [ -0.073899, 51.501629 ], [ -0.073954, 51.501614 ], [ -0.073978, 51.501591 ], [ -0.073994, 51.501599 ], [ -0.074083, 51.50152 ], [ -0.074132, 51.501491 ] ] ] } },
{ "type": "Feature", "properties": { "Map_Name": "Dyeing and Caldendering Works", "First_Date": 1860, "Last_Date": 0, "Type": "Chemical", "Products": null, "QualityCon": "1", "Full_name": null, "Short_name": null, "Web_Link": null, "London_Fir": 1, "Londo_1st_": 1, "Web_refere": null }, "geometry": { "type": "Polygon", "coordinates": [ [ [ -0.077625, 51.503515 ], [ -0.077661, 51.503483 ], [ -0.077692, 51.503494 ], [ -0.077739, 51.503457 ], [ -0.077797, 51.503449 ], [ -0.077841, 51.503413 ], [ -0.077915, 51.503444 ], [ -0.078168, 51.503563 ], [ -0.078154, 51.503577 ], [ -0.0782, 51.503598 ], [ -0.078176, 51.503619 ], [ -0.078272, 51.503657 ], [ -0.07837, 51.503573 ], [ -0.078396, 51.50358 ], [ -0.078417, 51.503563 ], [ -0.078448, 51.503575 ], [ -0.078461, 51.503568 ], [ -0.078527, 51.503588 ], [ -0.078501, 51.50361 ], [ -0.078474, 51.503597 ], [ -0.078454, 51.503612 ], [ -0.078445, 51.503607 ], [ -0.078406, 51.503642 ], [ -0.078383, 51.503639 ], [ -0.07833, 51.503682 ], [ -0.078059, 51.503915 ], [ -0.077753, 51.503787 ], [ -0.077921, 51.503635 ], [ -0.077744, 51.503551 ], [ -0.07773, 51.503561 ], [ -0.077625, 51.503515 ] ] ] } },
{ "type": "Feature", "properties": { "Map_Name": "Glue and Size Works", "First_Date": 1860, "Last_Date": 0, "Type": "Chemical", "Products": "Glue", "QualityCon": "1", "Full_name": null, "Short_name": null, "Web_Link": null, "London_Fir": 1, "Londo_1st_": 1, "Web_refere": null }, "geometry": { "type": "Polygon", "coordinates": [ [ [ -0.072054, 51.492893 ], [ -0.072155, 51.492915 ], [ -0.072214, 51.492901 ], [ -0.072287, 51.493037 ], [ -0.072388, 51.493164 ], [ -0.072493, 51.493302 ], [ -0.072792, 51.493216 ], [ -0.072865, 51.493304 ], [ -0.072948, 51.493417 ], [ -0.073076, 51.493571 ], [ -0.073244, 51.493644 ], [ -0.073562, 51.493665 ], [ -0.073632, 51.493699 ], [ -0.073713, 51.493791 ], [ -0.073815, 51.493918 ], [ -0.073657, 51.493976 ], [ -0.072857, 51.49421 ], [ -0.072316, 51.494368 ], [ -0.072081, 51.494436 ], [ -0.07199, 51.494242 ], [ -0.071986, 51.494212 ], [ -0.071838, 51.49392 ], [ -0.071762, 51.493725 ], [ -0.071905, 51.493678 ], [ -0.07182, 51.493539 ], [ -0.071697, 51.493342 ], [ -0.071709, 51.493334 ], [ -0.071644, 51.493245 ], [ -0.071496, 51.492978 ], [ -0.072054, 51.492893 ] ] ] } },
{ "type": "Feature", "properties": { "Map_Name": "Tannery", "First_Date": 1860, "Last_Date": 0, "Type": "Leather and Skins", "Products": null, "QualityCon": "1", "Full_name": null, "Short_name": null, "Web_Link": null, "London_Fir": 1, "Londo_1st_": 1, "Web_refere": null }, "geometry": { "type": "Polygon", "coordinates": [ [ [ -0.077176, 51.499067 ], [ -0.077178, 51.499081 ], [ -0.077284, 51.499074 ], [ -0.077296, 51.499173 ], [ -0.077189, 51.499178 ], [ -0.0772, 51.499285 ], [ -0.07708, 51.499299 ], [ -0.077173, 51.499491 ], [ -0.077283, 51.499488 ], [ -0.077235, 51.499684 ], [ -0.077232, 51.499726 ], [ -0.077201, 51.499731 ], [ -0.077196, 51.499722 ], [ -0.076999, 51.499763 ], [ -0.076773, 51.499828 ], [ -0.076491, 51.499689 ], [ -0.076334, 51.499611 ], [ -0.076573, 51.499579 ], [ -0.076515, 51.499405 ], [ -0.076435, 51.499161 ], [ -0.076341, 51.498856 ], [ -0.077124, 51.498689 ], [ -0.077124, 51.498698 ], [ -0.077145, 51.498852 ], [ -0.077168, 51.499009 ], [ -0.077176, 51.499067 ] ] ] } },
{ "type": "Feature", "properties": { "Map_Name": "Ropery", "First_Date": 1860, "Last_Date": 0, "Type": "Rope", "Products": null, "QualityCon": "1", "Full_name": null, "Short_name": null, "Web_Link": null, "London_Fir": 1, "Londo_1st_": 1, "Web_refere": null }, "geometry": { "type": "Polygon", "coordinates": [ [ [ -0.078308, 51.501265 ], [ -0.077985, 51.501218 ], [ -0.077622, 51.501168 ], [ -0.077143, 51.501099 ], [ -0.076499, 51.501005 ], [ -0.076493, 51.501019 ], [ -0.076418, 51.501012 ], [ -0.076424, 51.500989 ], [ -0.076345, 51.500978 ], [ -0.076365, 51.500921 ], [ -0.076437, 51.500928 ], [ -0.076438, 51.500944 ], [ -0.076607, 51.500969 ], [ -0.076613, 51.500926 ], [ -0.077103, 51.500994 ], [ -0.077101, 51.501047 ], [ -0.077545, 51.501109 ], [ -0.077952, 51.501166 ], [ -0.078089, 51.501185 ], [ -0.078173, 51.501196 ], [ -0.078168, 51.501215 ], [ -0.078236, 51.501225 ], [ -0.078308, 51.501265 ] ] ] } },
{ "type": "Feature", "properties": { "Map_Name": "Cooperage", "First_Date": 1860, "Last_Date": 0, "Type": "Cooperage", "Products": null, "QualityCon": "1", "Full_name": null, "Short_name": null, "Web_Link": null, "London_Fir": 1, "Londo_1st_": 1, "Web_refere": null }, "geometry": { "type": "Polygon", "coordinates": [ [ [ -0.077103, 51.500992 ], [ -0.077024, 51.500981 ], [ -0.076613, 51.500924 ], [ -0.076607, 51.500967 ], [ -0.076438, 51.500942 ], [ -0.076437, 51.500926 ], [ -0.076365, 51.500919 ], [ -0.076271, 51.500909 ], [ -0.07628, 51.500786 ], [ -0.076353, 51.500779 ], [ -0.076351, 51.500738 ], [ -0.076374, 51.500733 ], [ -0.07637, 51.500672 ], [ -0.076434, 51.500677 ], [ -0.076424, 51.500732 ], [ -0.076458, 51.500742 ], [ -0.076451, 51.50078 ], [ -0.076828, 51.500807 ], [ -0.077163, 51.500834 ], [ -0.077122, 51.500964 ], [ -0.077103, 51.500992 ] ] ] } },
{ "type": "Feature", "properties": { "Map_Name": "Tannery", "First_Date": 1860, "Last_Date": 0, "Type": "Leather and Skins", "Products": null, "QualityCon": "1", "Full_name": null, "Short_name": null, "Web_Link": null, "London_Fir": 1, "Londo_1st_": 1, "Web_refere": null }, "geometry": { "type": "Polygon", "coordinates": [ [ [ -0.080662, 51.500841 ], [ -0.080535, 51.500838 ], [ -0.080509, 51.500937 ], [ -0.080379, 51.50093 ], [ -0.08038, 51.500914 ], [ -0.080146, 51.500908 ], [ -0.080143, 51.500935 ], [ -0.080067, 51.500932 ], [ -0.080063, 51.500855 ], [ -0.080016, 51.500851 ], [ -0.080023, 51.500721 ], [ -0.080023, 51.500586 ], [ -0.08058, 51.500648 ], [ -0.080582, 51.500594 ], [ -0.080709, 51.500609 ], [ -0.080662, 51.500841 ] ] ] } },
{ "type": "Feature", "properties": { "Map_Name": "Tannery", "First_Date": 1860, "Last_Date": 0, "Type": "Leather and Skins", "Products": null, "QualityCon": "1", "Full_name": null, "Short_name": null, "Web_Link": null, "London_Fir": 1, "Londo_1st_": 1, "Web_refere": null }, "geometry": { "type": "Polygon", "coordinates": [ [ [ -0.082041, 51.501354 ], [ -0.0816, 51.501426 ], [ -0.081559, 51.501413 ], [ -0.081527, 51.501338 ], [ -0.081486, 51.501317 ], [ -0.081467, 51.501058 ], [ -0.081545, 51.501045 ], [ -0.081539, 51.501016 ], [ -0.081642, 51.500998 ], [ -0.081655, 51.501007 ], [ -0.081893, 51.500971 ], [ -0.082041, 51.501354 ] ] ] } },
{ "type": "Feature", "properties": { "Map_Name": "Hat Manufactory", "First_Date": 1860, "Last_Date": 0, "Type": "Cloth and Clothing", "Products": "Hats", "QualityCon": "1", "Full_name": null, "Short_name": null, "Web_Link": null, "London_Fir": 1, "Londo_1st_": 1, "Web_refere": null }, "geometry": { "type": "Polygon", "coordinates": [ [ [ -0.080335, 51.49973 ], [ -0.079884, 51.499699 ], [ -0.079925, 51.499559 ], [ -0.080008, 51.499319 ], [ -0.080005, 51.499309 ], [ -0.080039, 51.499113 ], [ -0.080294, 51.499132 ], [ -0.080362, 51.49914 ], [ -0.080354, 51.49922 ], [ -0.080388, 51.499253 ], [ -0.080379, 51.49936 ], [ -0.08038, 51.499474 ], [ -0.080335, 51.49973 ] ] ] } },
{ "type": "Feature", "properties": { "Map_Name": "Hat Manufactory", "First_Date": 1860, "Last_Date": 0, "Type": "Cloth and Clothing", "Products": "Hats", "QualityCon": "1", "Full_name": null, "Short_name": null, "Web_Link": null, "London_Fir": 1, "Londo_1st_": 1, "Web_refere": null }, "geometry": { "type": "Polygon", "coordinates": [ [ [ -0.081193, 51.49926 ], [ -0.081213, 51.499317 ], [ -0.081043, 51.499316 ], [ -0.080715, 51.499316 ], [ -0.080382, 51.499318 ], [ -0.080388, 51.499253 ], [ -0.080354, 51.49922 ], [ -0.080362, 51.49914 ], [ -0.080299, 51.499133 ], [ -0.080147, 51.499121 ], [ -0.080039, 51.499113 ], [ -0.080025, 51.499106 ], [ -0.080044, 51.498943 ], [ -0.080111, 51.498949 ], [ -0.080115, 51.498935 ], [ -0.080281, 51.49895 ], [ -0.080553, 51.49895 ], [ -0.080773, 51.498952 ], [ -0.080802, 51.498948 ], [ -0.081051, 51.498933 ], [ -0.081069, 51.498938 ], [ -0.081193, 51.49926 ] ] ] } },
{ "type": "Feature", "properties": { "Map_Name": "Tannery", "First_Date": 1860, "Last_Date": 0, "Type": "Leather and Skins", "Products": null, "QualityCon": "1", "Full_name": null, "Short_name": null, "Web_Link": null, "London_Fir": 1, "Londo_1st_": 1, "Web_refere": null }, "geometry": { "type": "Polygon", "coordinates": [ [ [ -0.083847, 51.497712 ], [ -0.084074, 51.49745 ], [ -0.084211, 51.497282 ], [ -0.084232, 51.497256 ], [ -0.084245, 51.497266 ], [ -0.084789, 51.497428 ], [ -0.084849, 51.497445 ], [ -0.084871, 51.49748 ], [ -0.084865, 51.497532 ], [ -0.084594, 51.497832 ], [ -0.084516, 51.497817 ], [ -0.084321, 51.497859 ], [ -0.083847, 51.497712 ] ] ] } },
{ "type": "Feature", "properties": { "Map_Name": "Tannery", "First_Date": 1860, "Last_Date": 0, "Type": "Leather and Skins", "Products": null, "QualityCon": "1", "Full_name": null, "Short_name": null, "Web_Link": null, "London_Fir": 1, "Londo_1st_": 1, "Web_refere": null }, "geometry": { "type": "Polygon", "coordinates": [ [ [ -0.083746, 51.497839 ], [ -0.083457, 51.498177 ], [ -0.083419, 51.498223 ], [ -0.083227, 51.498179 ], [ -0.083275, 51.498095 ], [ -0.083217, 51.498078 ], [ -0.083236, 51.498057 ], [ -0.083186, 51.498042 ], [ -0.083343, 51.497893 ], [ -0.08348, 51.497763 ], [ -0.083629, 51.497817 ], [ -0.083645, 51.497804 ], [ -0.083746, 51.497839 ] ] ] } },
{ "type": "Feature", "properties": { "Map_Name": "Tannery", "First_Date": 1860, "Last_Date": 0, "Type": "Leather and Skins", "Products": "Tanning", "QualityCon": "1", "Full_name": null, "Short_name": null, "Web_Link": null, "London_Fir": 1, "Londo_1st_": 1, "Web_refere": null }, "geometry": { "type": "Polygon", "coordinates": [ [ [ -0.082143, 51.498114 ], [ -0.082609, 51.498194 ], [ -0.083184, 51.498284 ], [ -0.083387, 51.498341 ], [ -0.08398, 51.498518 ], [ -0.08418, 51.498598 ], [ -0.084103, 51.49869 ], [ -0.084023, 51.49879 ], [ -0.083761, 51.49912 ], [ -0.083928, 51.499179 ], [ -0.084085, 51.499241 ], [ -0.083885, 51.499411 ], [ -0.083786, 51.499389 ], [ -0.083741, 51.499446 ], [ -0.083281, 51.499318 ], [ -0.082899, 51.499316 ], [ -0.082854, 51.499384 ], [ -0.082569, 51.499365 ], [ -0.082568, 51.499374 ], [ -0.082551, 51.499564 ], [ -0.082234, 51.499555 ], [ -0.082053, 51.499566 ], [ -0.082006, 51.499649 ], [ -0.081966, 51.499753 ], [ -0.081782, 51.499748 ], [ -0.081797, 51.499537 ], [ -0.081744, 51.499531 ], [ -0.081704, 51.499432 ], [ -0.081651, 51.499302 ], [ -0.081736, 51.499236 ], [ -0.081803, 51.499131 ], [ -0.081773, 51.498896 ], [ -0.081803, 51.498735 ], [ -0.081825, 51.498718 ], [ -0.08193, 51.498722 ], [ -0.081999, 51.498508 ], [ -0.082056, 51.49833 ], [ -0.082071, 51.498317 ], [ -0.082096, 51.498252 ], [ -0.082143, 51.498114 ] ] ] } },
{ "type": "Feature", "properties": { "Map_Name": "Tannery", "First_Date": 1860, "Last_Date": 0, "Type": "Leather and Skins", "Products": null, "QualityCon": "1", "Full_name": null, "Short_name": null, "Web_Link": null, "London_Fir": 1, "Londo_1st_": 1, "Web_refere": null }, "geometry": { "type": "Polygon", "coordinates": [ [ [ -0.078583, 51.500911 ], [ -0.077937, 51.500576 ], [ -0.077675, 51.50044 ], [ -0.077696, 51.500427 ], [ -0.077655, 51.500409 ], [ -0.077641, 51.500417 ], [ -0.076714, 51.499926 ], [ -0.077025, 51.499847 ], [ -0.077232, 51.499816 ], [ -0.077356, 51.49982 ], [ -0.077673, 51.499862 ], [ -0.077878, 51.499932 ], [ -0.078686, 51.500227 ], [ -0.07872, 51.500256 ], [ -0.078643, 51.500703 ], [ -0.078616, 51.500736 ], [ -0.078583, 51.500911 ] ] ] } },
{ "type": "Feature", "properties": { "Map_Name": "Tannery", "First_Date": 1860, "Last_Date": 0, "Type": "Leather and Skins", "Products": null, "QualityCon": "1", "Full_name": null, "Short_name": null, "Web_Link": null, "London_Fir": 1, "Londo_1st_": 1, "Web_refere": null }, "geometry": { "type": "Polygon", "coordinates": [ [ [ -0.078325, 51.500014 ], [ -0.077776, 51.499788 ], [ -0.077808, 51.49968 ], [ -0.077873, 51.499589 ], [ -0.077906, 51.499592 ], [ -0.07797, 51.499447 ], [ -0.078184, 51.499482 ], [ -0.078219, 51.499404 ], [ -0.078275, 51.49935 ], [ -0.078587, 51.499391 ], [ -0.078528, 51.499568 ], [ -0.078433, 51.499819 ], [ -0.078375, 51.49997 ], [ -0.078325, 51.500014 ] ] ] } },
{ "type": "Feature", "properties": { "Map_Name": "Curriery", "First_Date": 1860, "Last_Date": 0, "Type": "Leather and Skins", "Products": null, "QualityCon": "1", "Full_name": null, "Short_name": null, "Web_Link": null, "London_Fir": 1, "Londo_1st_": 1, "Web_refere": null }, "geometry": { "type": "Polygon", "coordinates": [ [ [ -0.078881, 51.500158 ], [ -0.078825, 51.500153 ], [ -0.078817, 51.500162 ], [ -0.0787, 51.500128 ], [ -0.078487, 51.500061 ], [ -0.078401, 51.500026 ], [ -0.078449, 51.49998 ], [ -0.078466, 51.49993 ], [ -0.078498, 51.499845 ], [ -0.078545, 51.499713 ], [ -0.078586, 51.499597 ], [ -0.078652, 51.499425 ], [ -0.078661, 51.499394 ], [ -0.078699, 51.499394 ], [ -0.078716, 51.499361 ], [ -0.078737, 51.499272 ], [ -0.078413, 51.499221 ], [ -0.07828, 51.499199 ], [ -0.078399, 51.498924 ], [ -0.078799, 51.498984 ], [ -0.078979, 51.499011 ], [ -0.079069, 51.499009 ], [ -0.079028, 51.499122 ], [ -0.07895, 51.499336 ], [ -0.078903, 51.499329 ], [ -0.078877, 51.49943 ], [ -0.078854, 51.499502 ], [ -0.078864, 51.499555 ], [ -0.078871, 51.499613 ], [ -0.078853, 51.499722 ], [ -0.078876, 51.499725 ], [ -0.078873, 51.499778 ], [ -0.078923, 51.499811 ], [ -0.078981, 51.499819 ], [ -0.078924, 51.499978 ], [ -0.078881, 51.500158 ] ] ] } },
{ "type": "Feature", "properties": { "Map_Name": "Tannery", "First_Date": 1860, "Last_Date": 0, "Type": "Leather and Skins", "Products": null, "QualityCon": "1", "Full_name": null, "Short_name": null, "Web_Link": null, "London_Fir": 1, "Londo_1st_": 1, "Web_refere": null }, "geometry": { "type": "Polygon", "coordinates": [ [ [ -0.078399, 51.498924 ], [ -0.078404, 51.498903 ], [ -0.078434, 51.498825 ], [ -0.078476, 51.498719 ], [ -0.078523, 51.498613 ], [ -0.07854, 51.498557 ], [ -0.078761, 51.498558 ], [ -0.079056, 51.498539 ], [ -0.079086, 51.498538 ], [ -0.079114, 51.498549 ], [ -0.079389, 51.49856 ], [ -0.079406, 51.498504 ], [ -0.079622, 51.498534 ], [ -0.07961, 51.498558 ], [ -0.080097, 51.49861 ], [ -0.080035, 51.498853 ], [ -0.080044, 51.498943 ], [ -0.080025, 51.499106 ], [ -0.080039, 51.499113 ], [ -0.080012, 51.499267 ], [ -0.080005, 51.499309 ], [ -0.080008, 51.499319 ], [ -0.079946, 51.499497 ], [ -0.079884, 51.499699 ], [ -0.07966, 51.499681 ], [ -0.079488, 51.499658 ], [ -0.079432, 51.49981 ], [ -0.079418, 51.49981 ], [ -0.079386, 51.499985 ], [ -0.079362, 51.499989 ], [ -0.079229, 51.49997 ], [ -0.079105, 51.499955 ], [ -0.079087, 51.500027 ], [ -0.079047, 51.500021 ], [ -0.079041, 51.500031 ], [ -0.078915, 51.500015 ], [ -0.078981, 51.499819 ], [ -0.078923, 51.499811 ], [ -0.078873, 51.499778 ], [ -0.078876, 51.499725 ], [ -0.078853, 51.499722 ], [ -0.078859, 51.499685 ], [ -0.078871, 51.499613 ], [ -0.078864, 51.499555 ], [ -0.078857, 51.499517 ], [ -0.078858, 51.49949 ], [ -0.078875, 51.499435 ], [ -0.078882, 51.499407 ], [ -0.078892, 51.49937 ], [ -0.078901, 51.499336 ], [ -0.078903, 51.499329 ], [ -0.07895, 51.499336 ], [ -0.078977, 51.499263 ], [ -0.078999, 51.499203 ], [ -0.079016, 51.499156 ], [ -0.079039, 51.499092 ], [ -0.079052, 51.499055 ], [ -0.079065, 51.499021 ], [ -0.079069, 51.499009 ], [ -0.078979, 51.499011 ], [ -0.078399, 51.498924 ] ] ] } },
{ "type": "Feature", "properties": { "Map_Name": "Engineering Works", "First_Date": 1860, "Last_Date": 0, "Type": "Engineering", "Products": null, "QualityCon": "1", "Full_name": null, "Short_name": null, "Web_Link": null, "London_Fir": 1, "Londo_1st_": 1, "Web_refere": null }, "geometry": { "type": "Polygon", "coordinates": [ [ [ -0.098639, 51.502408 ], [ -0.098866, 51.502407 ], [ -0.098862, 51.502279 ], [ -0.099238, 51.502279 ], [ -0.099578, 51.502279 ], [ -0.10022, 51.502273 ], [ -0.100212, 51.502339 ], [ -0.10022, 51.502449 ], [ -0.100232, 51.502454 ], [ -0.10023, 51.502492 ], [ -0.100232, 51.502514 ], [ -0.100266, 51.502514 ], [ -0.100308, 51.50255 ], [ -0.100306, 51.502592 ], [ -0.100314, 51.502598 ], [ -0.100325, 51.502753 ], [ -0.100367, 51.502754 ], [ -0.100368, 51.502792 ], [ -0.100059, 51.502801 ], [ -0.099347, 51.502817 ], [ -0.099016, 51.502826 ], [ -0.09902, 51.502693 ], [ -0.099002, 51.502692 ], [ -0.099004, 51.502649 ], [ -0.098955, 51.502647 ], [ -0.098957, 51.502595 ], [ -0.098637, 51.502593 ], [ -0.098639, 51.502408 ] ] ] } },
{ "type": "Feature", "properties": { "Map_Name": "Boiler Works", "First_Date": 1860, "Last_Date": 0, "Type": "Engineering", "Products": null, "QualityCon": "1", "Full_name": null, "Short_name": null, "Web_Link": null, "London_Fir": 1, "Londo_1st_": 1, "Web_refere": null }, "geometry": { "type": "Polygon", "coordinates": [ [ [ -0.095337, 51.502987 ], [ -0.095321, 51.502989 ], [ -0.095273, 51.502973 ], [ -0.09528, 51.502957 ], [ -0.095133, 51.502904 ], [ -0.095197, 51.502818 ], [ -0.095422, 51.502884 ], [ -0.095395, 51.50294 ], [ -0.095379, 51.502974 ], [ -0.095337, 51.502987 ] ] ] } },
{ "type": "Feature", "properties": { "Map_Name": "Tannery", "First_Date": 1860, "Last_Date": 0, "Type": "Leather and Skins", "Products": null, "QualityCon": "1", "Full_name": null, "Short_name": null, "Web_Link": null, "London_Fir": 1, "Londo_1st_": 1, "Web_refere": null }, "geometry": { "type": "Polygon", "coordinates": [ [ [ -0.08477, 51.49575 ], [ -0.085039, 51.496237 ], [ -0.084949, 51.496293 ], [ -0.084603, 51.496507 ], [ -0.084336, 51.496673 ], [ -0.084132, 51.496544 ], [ -0.083804, 51.496339 ], [ -0.083902, 51.496286 ], [ -0.084235, 51.496071 ], [ -0.084595, 51.495847 ], [ -0.08477, 51.49575 ] ] ] } },
{ "type": "Feature", "properties": { "Map_Name": "Tannery", "First_Date": 1860, "Last_Date": 0, "Type": "Leather and Skins", "Products": null, "QualityCon": "1", "Full_name": null, "Short_name": null, "Web_Link": null, "London_Fir": 1, "Londo_1st_": 1, "Web_refere": null }, "geometry": { "type": "Polygon", "coordinates": [ [ [ -0.080544, 51.495681 ], [ -0.080745, 51.495713 ], [ -0.08081, 51.495771 ], [ -0.080951, 51.495813 ], [ -0.080792, 51.49613 ], [ -0.080751, 51.496187 ], [ -0.080355, 51.496076 ], [ -0.080447, 51.495877 ], [ -0.080544, 51.495681 ] ] ] } },
{ "type": "Feature", "properties": { "Map_Name": "Iron Foundry", "First_Date": 1860, "Last_Date": 0, "Type": "Metal", "Products": "Iron", "QualityCon": "1", "Full_name": null, "Short_name": null, "Web_Link": null, "London_Fir": 1, "Londo_1st_": 1, "Web_refere": null }, "geometry": { "type": "Polygon", "coordinates": [ [ [ -0.080108, 51.494413 ], [ -0.080025, 51.494578 ], [ -0.079985, 51.494658 ], [ -0.079839, 51.494617 ], [ -0.079876, 51.494546 ], [ -0.079886, 51.494545 ], [ -0.079926, 51.4945 ], [ -0.079992, 51.494426 ], [ -0.080043, 51.494367 ], [ -0.080108, 51.494413 ] ] ] } },
{ "type": "Feature", "properties": { "Map_Name": "Surrey Consumer's Gas Works", "First_Date": 1860, "Last_Date": 0, "Type": "Coal Gas", "Products": "Gas", "QualityCon": "1", "Full_name": null, "Short_name": null, "Web_Link": null, "London_Fir": 1, "Londo_1st_": 1, "Web_refere": null }, "geometry": { "type": "Polygon", "coordinates": [ [ [ -0.048271, 51.501395 ], [ -0.048342, 51.501508 ], [ -0.04818, 51.501594 ], [ -0.048303, 51.501674 ], [ -0.048209, 51.501723 ], [ -0.048474, 51.501911 ], [ -0.04866, 51.502043 ], [ -0.048693, 51.502079 ], [ -0.048774, 51.502198 ], [ -0.049042, 51.502388 ], [ -0.048698, 51.502592 ], [ -0.049226, 51.502956 ], [ -0.049668, 51.503269 ], [ -0.049362, 51.503432 ], [ -0.049385, 51.503511 ], [ -0.049571, 51.503619 ], [ -0.04976, 51.503744 ], [ -0.049291, 51.503979 ], [ -0.049117, 51.503854 ], [ -0.04882, 51.504013 ], [ -0.048436, 51.503736 ], [ -0.047896, 51.503341 ], [ -0.047634, 51.503146 ], [ -0.047751, 51.503071 ], [ -0.047697, 51.502989 ], [ -0.047805, 51.502918 ], [ -0.047554, 51.502734 ], [ -0.047636, 51.502689 ], [ -0.047558, 51.502508 ], [ -0.04747, 51.502293 ], [ -0.047368, 51.501966 ], [ -0.047319, 51.501809 ], [ -0.047666, 51.501708 ], [ -0.048271, 51.501395 ] ] ] } },
{ "type": "Feature", "properties": { "Map_Name": "Animal Charcoal Works", "First_Date": 1860, "Last_Date": 0, "Type": "Chemical", "Products": null, "QualityCon": "1", "Full_name": null, "Short_name": null, "Web_Link": null, "London_Fir": 1, "Londo_1st_": 1, "Web_refere": null }, "geometry": { "type": "Polygon", "coordinates": [ [ [ -0.054959, 51.507444 ], [ -0.054518, 51.5075 ], [ -0.054337, 51.507512 ], [ -0.05433, 51.507487 ], [ -0.053859, 51.507491 ], [ -0.053369, 51.507488 ], [ -0.053293, 51.507218 ], [ -0.053132, 51.507235 ], [ -0.053121, 51.507221 ], [ -0.052845, 51.507257 ], [ -0.052827, 51.507197 ], [ -0.052908, 51.507185 ], [ -0.052918, 51.507158 ], [ -0.052891, 51.507081 ], [ -0.052845, 51.506944 ], [ -0.052808, 51.50683 ], [ -0.052943, 51.50681 ], [ -0.053266, 51.506726 ], [ -0.053702, 51.506652 ], [ -0.053772, 51.506633 ], [ -0.053817, 51.506696 ], [ -0.053863, 51.506686 ], [ -0.053878, 51.506699 ], [ -0.053894, 51.506709 ], [ -0.053948, 51.506707 ], [ -0.05405, 51.506681 ], [ -0.05414, 51.506859 ], [ -0.054688, 51.506795 ], [ -0.054796, 51.507027 ], [ -0.054959, 51.507444 ] ] ] } },
{ "type": "Feature", "properties": { "Map_Name": "Ratcliff Gas Works", "First_Date": 1860, "Last_Date": 0, "Type": "Coal Gas", "Products": null, "QualityCon": "1", "Full_name": null, "Short_name": null, "Web_Link": null, "London_Fir": 1, "Londo_1st_": 1, "Web_refere": null }, "geometry": { "type": "Polygon", "coordinates": [ [ [ -0.055839, 51.505561 ], [ -0.05599, 51.505887 ], [ -0.056025, 51.505985 ], [ -0.05575, 51.506068 ], [ -0.055472, 51.506147 ], [ -0.055369, 51.506146 ], [ -0.055321, 51.506088 ], [ -0.055159, 51.506135 ], [ -0.055127, 51.506128 ], [ -0.054789, 51.506212 ], [ -0.054737, 51.506151 ], [ -0.054677, 51.506134 ], [ -0.054646, 51.506067 ], [ -0.054483, 51.506099 ], [ -0.054509, 51.506056 ], [ -0.054441, 51.505861 ], [ -0.054342, 51.505643 ], [ -0.054464, 51.505557 ], [ -0.054602, 51.505483 ], [ -0.054841, 51.505394 ], [ -0.055133, 51.505515 ], [ -0.055496, 51.505551 ], [ -0.055839, 51.505561 ] ] ] } },
{ "type": "Feature", "properties": { "Map_Name": "Distillery", "First_Date": 1860, "Last_Date": 0, "Type": "Distillery", "Products": null, "QualityCon": "1", "Full_name": null, "Short_name": null, "Web_Link": null, "London_Fir": 1, "Londo_1st_": 1, "Web_refere": null }, "geometry": { "type": "Polygon", "coordinates": [ [ [ -0.052548, 51.520357 ], [ -0.052471, 51.520204 ], [ -0.052376, 51.520048 ], [ -0.052531, 51.520014 ], [ -0.052525, 51.519994 ], [ -0.052685, 51.519961 ], [ -0.052726, 51.520036 ], [ -0.052778, 51.520027 ], [ -0.052807, 51.520059 ], [ -0.052834, 51.520051 ], [ -0.052843, 51.520065 ], [ -0.052691, 51.520099 ], [ -0.052708, 51.520129 ], [ -0.052677, 51.520142 ], [ -0.052717, 51.520206 ], [ -0.052706, 51.520209 ], [ -0.052721, 51.520245 ], [ -0.052698, 51.520251 ], [ -0.052678, 51.520254 ], [ -0.052739, 51.520359 ], [ -0.052623, 51.520385 ], [ -0.052595, 51.520349 ], [ -0.052548, 51.520357 ] ] ] } },
{ "type": "Feature", "properties": { "Map_Name": "Chemical Works", "First_Date": 1860, "Last_Date": 0, "Type": "Chemical", "Products": null, "QualityCon": "1", "Full_name": null, "Short_name": null, "Web_Link": null, "London_Fir": 1, "Londo_1st_": 1, "Web_refere": null }, "geometry": { "type": "Polygon", "coordinates": [ [ [ -0.070314, 51.517851 ], [ -0.070438, 51.518108 ], [ -0.070235, 51.518145 ], [ -0.070243, 51.518159 ], [ -0.070351, 51.51814 ], [ -0.070372, 51.518194 ], [ -0.070332, 51.518204 ], [ -0.070349, 51.518245 ], [ -0.070205, 51.518264 ], [ -0.070023, 51.517904 ], [ -0.070314, 51.517851 ] ] ] } },
{ "type": "Feature", "properties": { "Map_Name": "Chocolate and Mustard Mill", "First_Date": 1860, "Last_Date": 0, "Type": "Food", "Products": null, "QualityCon": "1", "Full_name": null, "Short_name": null, "Web_Link": null, "London_Fir": 1, "Londo_1st_": 1, "Web_refere": null }, "geometry": { "type": "Polygon", "coordinates": [ [ [ -0.07141, 51.517211 ], [ -0.071437, 51.517257 ], [ -0.071474, 51.517345 ], [ -0.071511, 51.517337 ], [ -0.071541, 51.517394 ], [ -0.071604, 51.517549 ], [ -0.071222, 51.517596 ], [ -0.071051, 51.517646 ], [ -0.070785, 51.517397 ], [ -0.070696, 51.517314 ], [ -0.07071, 51.517293 ], [ -0.07141, 51.517211 ] ] ] } },
{ "type": "Feature", "properties": { "Map_Name": "Iron Foundry", "First_Date": 1860, "Last_Date": 0, "Type": "Metal", "Products": "Iron", "QualityCon": "1", "Full_name": null, "Short_name": null, "Web_Link": null, "London_Fir": 1, "Londo_1st_": 1, "Web_refere": null }, "geometry": { "type": "Polygon", "coordinates": [ [ [ -0.070839, 51.516241 ], [ -0.071113, 51.516654 ], [ -0.070992, 51.516675 ], [ -0.070775, 51.516689 ], [ -0.070479, 51.516775 ], [ -0.07047, 51.516758 ], [ -0.070291, 51.516806 ], [ -0.070063, 51.516449 ], [ -0.070839, 51.516241 ] ] ] } },
{ "type": "Feature", "properties": { "Map_Name": "Brewery", "First_Date": 1860, "Last_Date": 0, "Type": "Brewing", "Products": null, "QualityCon": "1", "Full_name": null, "Short_name": null, "Web_Link": null, "London_Fir": 1, "Londo_1st_": 1, "Web_refere": null }, "geometry": { "type": "Polygon", "coordinates": [ [ [ -0.071422, 51.519267 ], [ -0.07097, 51.519321 ], [ -0.07094, 51.519261 ], [ -0.07093, 51.519221 ], [ -0.070887, 51.51911 ], [ -0.07083, 51.518952 ], [ -0.070962, 51.518932 ], [ -0.071051, 51.518923 ], [ -0.071211, 51.518905 ], [ -0.07133, 51.518872 ], [ -0.071349, 51.518939 ], [ -0.071294, 51.518946 ], [ -0.071317, 51.519013 ], [ -0.071422, 51.519267 ] ] ] } },
{ "type": "Feature", "properties": { "Map_Name": "Iron Foundry", "First_Date": 1860, "Last_Date": 0, "Type": "Metal", "Products": null, "QualityCon": "1", "Full_name": null, "Short_name": null, "Web_Link": null, "London_Fir": 1, "Londo_1st_": 1, "Web_refere": null }, "geometry": { "type": "Polygon", "coordinates": [ [ [ -0.065817, 51.520079 ], [ -0.065216, 51.520089 ], [ -0.065215, 51.520036 ], [ -0.065389, 51.520038 ], [ -0.065384, 51.519981 ], [ -0.065797, 51.519976 ], [ -0.065817, 51.520079 ] ] ] } },
{ "type": "Feature", "properties": { "Map_Name": "Ropery", "First_Date": 1860, "Last_Date": 0, "Type": "General", "Products": null, "QualityCon": "1", "Full_name": null, "Short_name": null, "Web_Link": null, "London_Fir": 1, "Londo_1st_": 1, "Web_refere": null }, "geometry": { "type": "Polygon", "coordinates": [ [ [ -0.044431, 51.513507 ], [ -0.044826, 51.513539 ], [ -0.044921, 51.513551 ], [ -0.044822, 51.5139 ], [ -0.044597, 51.514667 ], [ -0.044427, 51.515238 ], [ -0.04426, 51.515812 ], [ -0.044188, 51.516061 ], [ -0.044104, 51.51605 ], [ -0.044168, 51.515822 ], [ -0.044259, 51.515517 ], [ -0.044365, 51.515142 ], [ -0.044471, 51.514759 ], [ -0.044576, 51.5144 ], [ -0.044698, 51.513986 ], [ -0.044728, 51.513858 ], [ -0.044753, 51.51378 ], [ -0.044715, 51.513778 ], [ -0.044708, 51.513802 ], [ -0.044476, 51.513789 ], [ -0.044484, 51.513779 ], [ -0.044387, 51.51377 ], [ -0.044402, 51.513742 ], [ -0.044668, 51.513762 ], [ -0.044704, 51.51362 ], [ -0.0446, 51.513606 ], [ -0.044606, 51.513558 ], [ -0.044443, 51.513543 ], [ -0.044431, 51.513507 ] ] ] } },
{ "type": "Feature", "properties": { "Map_Name": "Ropery", "First_Date": 1860, "Last_Date": 0, "Type": "Rope", "Products": null, "QualityCon": "1", "Full_name": null, "Short_name": null, "Web_Link": null, "London_Fir": 1, "Londo_1st_": 1, "Web_refere": null }, "geometry": { "type": "Polygon", "coordinates": [ [ [ -0.041791, 51.513298 ], [ -0.041894, 51.513082 ], [ -0.042292, 51.513147 ], [ -0.042289, 51.513442 ], [ -0.042271, 51.513619 ], [ -0.042422, 51.513621 ], [ -0.042424, 51.513718 ], [ -0.042286, 51.513721 ], [ -0.042287, 51.513844 ], [ -0.042386, 51.513842 ], [ -0.042383, 51.513863 ], [ -0.042308, 51.51387 ], [ -0.042314, 51.51388 ], [ -0.042287, 51.513882 ], [ -0.042315, 51.51446 ], [ -0.042311, 51.514929 ], [ -0.042343, 51.515554 ], [ -0.042361, 51.516026 ], [ -0.042288, 51.516028 ], [ -0.042336, 51.51633 ], [ -0.042414, 51.516332 ], [ -0.042413, 51.516358 ], [ -0.042333, 51.516358 ], [ -0.042368, 51.516478 ], [ -0.042339, 51.516481 ], [ -0.042286, 51.516443 ], [ -0.042247, 51.516331 ], [ -0.042221, 51.516074 ], [ -0.042212, 51.515759 ], [ -0.042176, 51.515179 ], [ -0.042152, 51.514705 ], [ -0.042141, 51.514478 ], [ -0.042071, 51.514473 ], [ -0.042051, 51.513965 ], [ -0.041955, 51.513963 ], [ -0.041947, 51.513674 ], [ -0.041935, 51.513319 ], [ -0.041791, 51.513298 ] ] ] } },
{ "type": "Feature", "properties": { "Map_Name": "Blood Works", "First_Date": 1860, "Last_Date": 0, "Type": "Chemical", "Products": null, "QualityCon": "1", "Full_name": null, "Short_name": null, "Web_Link": null, "London_Fir": 1, "Londo_1st_": 1, "Web_refere": null }, "geometry": { "type": "Polygon", "coordinates": [ [ [ -0.026098, 51.519845 ], [ -0.025923, 51.520129 ], [ -0.025514, 51.519984 ], [ -0.025311, 51.519915 ], [ -0.025416, 51.519668 ], [ -0.026098, 51.519845 ] ] ] } },
{ "type": "Feature", "properties": { "Map_Name": "Saw Mill", "First_Date": 1860, "Last_Date": 0, "Type": "Timber Mill", "Products": null, "QualityCon": "1", "Full_name": null, "Short_name": null, "Web_Link": null, "London_Fir": 1, "Londo_1st_": 1, "Web_refere": null }, "geometry": { "type": "Polygon", "coordinates": [ [ [ -0.042492, 51.529825 ], [ -0.04227, 51.529862 ], [ -0.042223, 51.52977 ], [ -0.042449, 51.529733 ], [ -0.042492, 51.529825 ] ] ] } },
{ "type": "Feature", "properties": { "Map_Name": "Barge Building Works", "First_Date": 1860, "Last_Date": 0, "Type": "Shipyard", "Products": null, "QualityCon": "1", "Full_name": null, "Short_name": null, "Web_Link": null, "London_Fir": 1, "Londo_1st_": 1, "Web_refere": null }, "geometry": { "type": "Polygon", "coordinates": [ [ [ -0.043192, 51.530822 ], [ -0.042945, 51.530907 ], [ -0.042721, 51.530688 ], [ -0.042853, 51.530651 ], [ -0.042747, 51.530492 ], [ -0.042875, 51.530455 ], [ -0.042829, 51.53038 ], [ -0.042812, 51.530382 ], [ -0.042803, 51.530359 ], [ -0.042817, 51.530356 ], [ -0.042778, 51.530291 ], [ -0.042843, 51.530272 ], [ -0.042941, 51.530435 ], [ -0.043078, 51.530652 ], [ -0.043192, 51.530822 ] ] ] } },
{ "type": "Feature", "properties": { "Map_Name": "Imperial Gas Works", "First_Date": 1860, "Last_Date": 0, "Type": "Coal Gas", "Products": "Gas", "QualityCon": "1", "Full_name": null, "Short_name": null, "Web_Link": null, "London_Fir": 1, "Londo_1st_": 1, "Web_refere": null }, "geometry": { "type": "Polygon", "coordinates": [ [ [ -0.0608, 51.534394 ], [ -0.060705, 51.534342 ], [ -0.060526, 51.534208 ], [ -0.060372, 51.534098 ], [ -0.060262, 51.534082 ], [ -0.060239, 51.5341 ], [ -0.060108, 51.53409 ], [ -0.059777, 51.534043 ], [ -0.059629, 51.534037 ], [ -0.059586, 51.533692 ], [ -0.059599, 51.533474 ], [ -0.059609, 51.533077 ], [ -0.059963, 51.532986 ], [ -0.060382, 51.532873 ], [ -0.060915, 51.532724 ], [ -0.061245, 51.532943 ], [ -0.061455, 51.533131 ], [ -0.061512, 51.533211 ], [ -0.061735, 51.53366 ], [ -0.061461, 51.53388 ], [ -0.061206, 51.534082 ], [ -0.061027, 51.534219 ], [ -0.0608, 51.534394 ] ] ] } },
{ "type": "Feature", "properties": { "Map_Name": "Soda Water Manufactory", "First_Date": 1860, "Last_Date": 0, "Type": "Food", "Products": null, "QualityCon": "1", "Full_name": null, "Short_name": null, "Web_Link": null, "London_Fir": 1, "Londo_1st_": 1, "Web_refere": null }, "geometry": { "type": "Polygon", "coordinates": [ [ [ -0.076639, 51.535162 ], [ -0.07665, 51.535288 ], [ -0.076227, 51.535311 ], [ -0.076211, 51.535189 ], [ -0.076639, 51.535162 ] ] ] } },
{ "type": "Feature", "properties": { "Map_Name": "Gas Meter Manufactory", "First_Date": 1860, "Last_Date": 0, "Type": "Engineering", "Products": null, "QualityCon": "1", "Full_name": null, "Short_name": null, "Web_Link": null, "London_Fir": 1, "Londo_1st_": 1, "Web_refere": null }, "geometry": { "type": "Polygon", "coordinates": [ [ [ -0.076144, 51.536036 ], [ -0.076147, 51.535811 ], [ -0.076842, 51.535814 ], [ -0.076828, 51.536051 ], [ -0.076827, 51.536059 ], [ -0.076771, 51.536058 ], [ -0.076772, 51.536051 ], [ -0.076144, 51.536036 ] ] ] } },
{ "type": "Feature", "properties": { "Map_Name": "Independant Gas Works", "First_Date": 1860, "Last_Date": 0, "Type": "Coal Gas", "Products": "Gas", "QualityCon": "1", "Full_name": null, "Short_name": null, "Web_Link": null, "London_Fir": 1, "Londo_1st_": 1, "Web_refere": null }, "geometry": { "type": "Polygon", "coordinates": [ [ [ -0.075683, 51.536251 ], [ -0.074884, 51.536168 ], [ -0.073643, 51.536064 ], [ -0.073177, 51.536043 ], [ -0.072243, 51.535965 ], [ -0.072151, 51.535982 ], [ -0.072044, 51.535986 ], [ -0.072071, 51.535484 ], [ -0.073008, 51.53542 ], [ -0.074235, 51.535339 ], [ -0.075356, 51.535241 ], [ -0.075677, 51.535231 ], [ -0.075683, 51.536251 ] ] ] } },
{ "type": "Feature", "properties": { "Map_Name": "Vegetable Black Manufactory", "First_Date": 1860, "Last_Date": 0, "Type": "Chemical", "Products": null, "QualityCon": "1", "Full_name": null, "Short_name": null, "Web_Link": null, "London_Fir": 1, "Londo_1st_": 1, "Web_refere": null }, "geometry": { "type": "Polygon", "coordinates": [ [ [ -0.068982, 51.53348 ], [ -0.068993, 51.533582 ], [ -0.068038, 51.533609 ], [ -0.068036, 51.533581 ], [ -0.067975, 51.533576 ], [ -0.067965, 51.53352 ], [ -0.068982, 51.53348 ] ] ] } },
{ "type": "Feature", "properties": { "Map_Name": "Imperial Gas Works", "First_Date": 1860, "Last_Date": 0, "Type": "Coal Gas", "Products": "Gas", "QualityCon": "1", "Full_name": null, "Short_name": null, "Web_Link": null, "London_Fir": 1, "Londo_1st_": 1, "Web_refere": null }, "geometry": { "type": "Polygon", "coordinates": [ [ [ -0.069321, 51.53495 ], [ -0.0686, 51.534948 ], [ -0.068148, 51.534944 ], [ -0.068001, 51.534948 ], [ -0.06745, 51.53494 ], [ -0.067451, 51.5347 ], [ -0.066831, 51.534699 ], [ -0.066851, 51.534364 ], [ -0.066889, 51.53369 ], [ -0.066778, 51.533686 ], [ -0.066793, 51.533433 ], [ -0.066836, 51.533414 ], [ -0.066945, 51.533408 ], [ -0.067659, 51.533385 ], [ -0.067666, 51.533528 ], [ -0.067965, 51.533519 ], [ -0.067975, 51.533574 ], [ -0.068036, 51.53358 ], [ -0.068038, 51.533608 ], [ -0.068993, 51.533581 ], [ -0.068987, 51.533648 ], [ -0.069203, 51.533638 ], [ -0.069289, 51.533638 ], [ -0.069321, 51.53495 ] ] ] } },
{ "type": "Feature", "properties": { "Map_Name": "Dye and Bleach Works", "First_Date": 1860, "Last_Date": 0, "Type": "Chemical", "Products": null, "QualityCon": "1", "Full_name": null, "Short_name": null, "Web_Link": null, "London_Fir": 1, "Londo_1st_": 1, "Web_refere": null }, "geometry": { "type": "Polygon", "coordinates": [ [ [ -0.079722, 51.536415 ], [ -0.079702, 51.536555 ], [ -0.079673, 51.536782 ], [ -0.079526, 51.536773 ], [ -0.079572, 51.536399 ], [ -0.079722, 51.536415 ] ] ] } },
{ "type": "Feature", "properties": { "Map_Name": "Dye Works", "First_Date": 1860, "Last_Date": 0, "Type": "Chemical", "Products": null, "QualityCon": "1", "Full_name": null, "Short_name": null, "Web_Link": null, "London_Fir": 1, "Londo_1st_": 1, "Web_refere": null }, "geometry": { "type": "Polygon", "coordinates": [ [ [ -0.082562, 51.533677 ], [ -0.081875, 51.533835 ], [ -0.08188, 51.533844 ], [ -0.081834, 51.533855 ], [ -0.081821, 51.533839 ], [ -0.081523, 51.533903 ], [ -0.081368, 51.533598 ], [ -0.081786, 51.53353 ], [ -0.082437, 51.533433 ], [ -0.082562, 51.533677 ] ] ] } },
{ "type": "Feature", "properties": { "Map_Name": "Whiting Works", "First_Date": 1860, "Last_Date": 0, "Type": "Varnish Colour and Paint", "Products": null, "QualityCon": "1", "Full_name": null, "Short_name": null, "Web_Link": null, "London_Fir": 1, "Londo_1st_": 1, "Web_refere": null }, "geometry": { "type": "Polygon", "coordinates": [ [ [ -0.078333, 51.537019 ], [ -0.079227, 51.537139 ], [ -0.079175, 51.537299 ], [ -0.078313, 51.537183 ], [ -0.078333, 51.537019 ] ] ] } },
{ "type": "Feature", "properties": { "Map_Name": "Foundry (Iron and Brass)", "First_Date": 1860, "Last_Date": 0, "Type": "Metal", "Products": null, "QualityCon": "1", "Full_name": null, "Short_name": null, "Web_Link": null, "London_Fir": 1, "Londo_1st_": 1, "Web_refere": null }, "geometry": { "type": "Polygon", "coordinates": [ [ [ -0.077805, 51.537919 ], [ -0.076959, 51.537889 ], [ -0.076966, 51.537745 ], [ -0.07732, 51.537746 ], [ -0.077326, 51.537736 ], [ -0.077416, 51.537736 ], [ -0.077421, 51.537753 ], [ -0.077686, 51.53776 ], [ -0.077683, 51.537796 ], [ -0.077819, 51.537803 ], [ -0.077805, 51.537919 ] ] ] } },
{ "type": "Feature", "properties": { "Map_Name": "Coach Manufactory", "First_Date": 1860, "Last_Date": 0, "Type": "General", "Products": null, "QualityCon": "1", "Full_name": null, "Short_name": null, "Web_Link": null, "London_Fir": 1, "Londo_1st_": 1, "Web_refere": null }, "geometry": { "type": "Polygon", "coordinates": [ [ [ -0.077899, 51.537231 ], [ -0.077, 51.537195 ], [ -0.077008, 51.537029 ], [ -0.077918, 51.537069 ], [ -0.077899, 51.537231 ] ] ] } },
{ "type": "Feature", "properties": { "Map_Name": "Tent Manufactory", "First_Date": 1860, "Last_Date": 0, "Type": "General", "Products": null, "QualityCon": "1", "Full_name": null, "Short_name": null, "Web_Link": null, "London_Fir": 1, "Londo_1st_": 1, "Web_refere": null }, "geometry": { "type": "Polygon", "coordinates": [ [ [ -0.086304, 51.537732 ], [ -0.086158, 51.537747 ], [ -0.085757, 51.537814 ], [ -0.085476, 51.537859 ], [ -0.085379, 51.537577 ], [ -0.0864, 51.53743 ], [ -0.086304, 51.537732 ] ] ] } },
{ "type": "Feature", "properties": { "Map_Name": "Whitelead Works", "First_Date": 1860, "Last_Date": 0, "Type": "Metal", "Products": "Lead", "QualityCon": "1", "Full_name": null, "Short_name": null, "Web_Link": null, "London_Fir": 1, "Londo_1st_": 1, "Web_refere": null }, "geometry": { "type": "Polygon", "coordinates": [ [ [ -0.088153, 51.53912 ], [ -0.087165, 51.539052 ], [ -0.087029, 51.539039 ], [ -0.087151, 51.538456 ], [ -0.087248, 51.538474 ], [ -0.087269, 51.538407 ], [ -0.088309, 51.538505 ], [ -0.088153, 51.53912 ] ] ] } },
{ "type": "Feature", "properties": { "Map_Name": "Bridge Mills", "First_Date": 1860, "Last_Date": 0, "Type": "General", "Products": null, "QualityCon": "1", "Full_name": null, "Short_name": null, "Web_Link": null, "London_Fir": 1, "Londo_1st_": 1, "Web_refere": null }, "geometry": { "type": "Polygon", "coordinates": [ [ [ -0.089492, 51.535888 ], [ -0.089376, 51.535924 ], [ -0.089228, 51.535731 ], [ -0.089178, 51.535671 ], [ -0.08912, 51.535686 ], [ -0.089098, 51.535664 ], [ -0.089284, 51.535605 ], [ -0.089492, 51.535888 ] ] ] } },
{ "type": "Feature", "properties": { "Map_Name": "Lock Manufactory", "First_Date": 1860, "Last_Date": 0, "Type": "General", "Products": "Locks", "QualityCon": "1", "Full_name": null, "Short_name": null, "Web_Link": null, "London_Fir": 1, "Londo_1st_": 1, "Web_refere": null }, "geometry": { "type": "Polygon", "coordinates": [ [ [ -0.095794, 51.533543 ], [ -0.095251, 51.533793 ], [ -0.095083, 51.533633 ], [ -0.095673, 51.533419 ], [ -0.095794, 51.533543 ] ] ] } },
{ "type": "Feature", "properties": { "Map_Name": "Saw Mill", "First_Date": 1860, "Last_Date": 0, "Type": "Timber Mill", "Products": null, "QualityCon": "1", "Full_name": null, "Short_name": null, "Web_Link": null, "London_Fir": 1, "Londo_1st_": 1, "Web_refere": null }, "geometry": { "type": "Polygon", "coordinates": [ [ [ -0.09484, 51.532502 ], [ -0.095112, 51.532856 ], [ -0.095268, 51.532809 ], [ -0.095139, 51.532621 ], [ -0.095556, 51.5325 ], [ -0.095669, 51.532666 ], [ -0.095815, 51.532879 ], [ -0.095901, 51.533001 ], [ -0.095221, 51.533247 ], [ -0.095, 51.533336 ], [ -0.094924, 51.533367 ], [ -0.09482, 51.533398 ], [ -0.094663, 51.53347 ], [ -0.094185, 51.533662 ], [ -0.094108, 51.533729 ], [ -0.094061, 51.533632 ], [ -0.093979, 51.533523 ], [ -0.093882, 51.533383 ], [ -0.094195, 51.533298 ], [ -0.093785, 51.532689 ], [ -0.09477, 51.532408 ], [ -0.09484, 51.532502 ] ] ] } },
{ "type": "Feature", "properties": { "Map_Name": "Foundry", "First_Date": 1860, "Last_Date": 0, "Type": "Metal", "Products": null, "QualityCon": "1", "Full_name": null, "Short_name": null, "Web_Link": null, "London_Fir": 1, "Londo_1st_": 1, "Web_refere": null }, "geometry": { "type": "Polygon", "coordinates": [ [ [ -0.095076, 51.531855 ], [ -0.094651, 51.531982 ], [ -0.09453, 51.531819 ], [ -0.094957, 51.531694 ], [ -0.095076, 51.531855 ] ] ] } },
{ "type": "Feature", "properties": { "Map_Name": "Zinc Works", "First_Date": 1860, "Last_Date": 0, "Type": "Metal", "Products": "Zinc", "QualityCon": "1", "Full_name": null, "Short_name": null, "Web_Link": null, "London_Fir": 1, "Londo_1st_": 1, "Web_refere": null }, "geometry": { "type": "Polygon", "coordinates": [ [ [ -0.095542, 51.532487 ], [ -0.095119, 51.53261 ], [ -0.095013, 51.53247 ], [ -0.09476, 51.532135 ], [ -0.094651, 51.531982 ], [ -0.095076, 51.531855 ], [ -0.095542, 51.532487 ] ] ] } },
{ "type": "Feature", "properties": { "Map_Name": "Gutta Percha Works", "First_Date": 1860, "Last_Date": 0, "Type": "Rubber and Gutta-Percha", "Products": "Gutta-Percha", "QualityCon": "1", "Full_name": null, "Short_name": null, "Web_Link": null, "London_Fir": 1, "Londo_1st_": 1, "Web_refere": null }, "geometry": { "type": "Polygon", "coordinates": [ [ [ -0.09579, 51.531279 ], [ -0.096249, 51.531957 ], [ -0.095778, 51.532074 ], [ -0.095512, 51.531716 ], [ -0.095295, 51.531417 ], [ -0.09579, 51.531279 ] ] ] } },
{ "type": "Feature", "properties": { "Map_Name": "Patent Capsule Manufactory", "First_Date": 1860, "Last_Date": 0, "Type": "General", "Products": "Patent Capsule", "QualityCon": "1", "Full_name": null, "Short_name": null, "Web_Link": null, "London_Fir": 1, "Londo_1st_": 1, "Web_refere": null }, "geometry": { "type": "Polygon", "coordinates": [ [ [ -0.094895, 51.529173 ], [ -0.095264, 51.529269 ], [ -0.095031, 51.529658 ], [ -0.094627, 51.529676 ], [ -0.09458, 51.529463 ], [ -0.094556, 51.529391 ], [ -0.094523, 51.529281 ], [ -0.094577, 51.52928 ], [ -0.094588, 51.529265 ], [ -0.094802, 51.529318 ], [ -0.094895, 51.529173 ] ] ] } },
{ "type": "Feature", "properties": { "Map_Name": "Galvanized Ironworks", "First_Date": 1860, "Last_Date": 0, "Type": "Metal", "Products": "Iron", "QualityCon": "1", "Full_name": null, "Short_name": null, "Web_Link": null, "London_Fir": 1, "Londo_1st_": 1, "Web_refere": null }, "geometry": { "type": "Polygon", "coordinates": [ [ [ -0.097212, 51.531448 ], [ -0.096251, 51.531684 ], [ -0.096128, 51.531506 ], [ -0.096719, 51.531364 ], [ -0.097086, 51.531272 ], [ -0.097212, 51.531448 ] ] ] } },
{ "type": "Feature", "properties": { "Map_Name": "Coach and Harness Manufactory", "First_Date": 1860, "Last_Date": 0, "Type": "General", "Products": null, "QualityCon": "1", "Full_name": null, "Short_name": null, "Web_Link": null, "London_Fir": 1, "Londo_1st_": 1, "Web_refere": null }, "geometry": { "type": "Polygon", "coordinates": [ [ [ -0.10167, 51.535735 ], [ -0.101668, 51.535675 ], [ -0.101696, 51.535608 ], [ -0.102276, 51.535923 ], [ -0.102248, 51.535938 ], [ -0.102158, 51.53589 ], [ -0.102117, 51.53592 ], [ -0.10195, 51.535838 ], [ -0.101903, 51.535873 ], [ -0.10167, 51.535735 ] ] ] } },
{ "type": "Feature", "properties": { "Map_Name": "Mineral Water Works", "First_Date": 1860, "Last_Date": 0, "Type": "General", "Products": "Mineral Water", "QualityCon": "1", "Full_name": null, "Short_name": null, "Web_Link": null, "London_Fir": 1, "Londo_1st_": 1, "Web_refere": null }, "geometry": { "type": "Polygon", "coordinates": [ [ [ -0.101688, 51.535608 ], [ -0.101753, 51.535523 ], [ -0.1018, 51.535485 ], [ -0.101736, 51.535449 ], [ -0.101833, 51.535323 ], [ -0.101899, 51.535348 ], [ -0.102177, 51.535489 ], [ -0.102537, 51.535661 ], [ -0.102797, 51.535777 ], [ -0.1026, 51.535888 ], [ -0.10236, 51.535776 ], [ -0.102295, 51.535813 ], [ -0.102266, 51.535806 ], [ -0.102174, 51.535872 ], [ -0.101688, 51.535608 ] ] ] } },
{ "type": "Feature", "properties": { "Map_Name": "Paper Staining Works", "First_Date": 1860, "Last_Date": 0, "Type": "Paper", "Products": null, "QualityCon": "1", "Full_name": null, "Short_name": null, "Web_Link": null, "London_Fir": 1, "Londo_1st_": 1, "Web_refere": null }, "geometry": { "type": "Polygon", "coordinates": [ [ [ -0.098479, 51.531553 ], [ -0.097903, 51.531706 ], [ -0.097595, 51.531244 ], [ -0.098158, 51.531085 ], [ -0.098479, 51.531553 ] ] ] } },
{ "type": "Feature", "properties": { "Map_Name": "Percussion Cap and Cartridge Manufactory", "First_Date": 1860, "Last_Date": 0, "Type": "Chemical", "Products": null, "QualityCon": "1", "Full_name": null, "Short_name": null, "Web_Link": null, "London_Fir": 1, "Londo_1st_": 1, "Web_refere": null }, "geometry": { "type": "Polygon", "coordinates": [ [ [ -0.11744, 51.525994 ], [ -0.117392, 51.52601 ], [ -0.116718, 51.526429 ], [ -0.116187, 51.526084 ], [ -0.117068, 51.525547 ], [ -0.11744, 51.525994 ] ] ] } },
{ "type": "Feature", "properties": { "Map_Name": "Chemical Works", "First_Date": 1860, "Last_Date": 0, "Type": "Chemical", "Products": null, "QualityCon": "1", "Full_name": null, "Short_name": null, "Web_Link": null, "London_Fir": 1, "Londo_1st_": 1, "Web_refere": null }, "geometry": { "type": "Polygon", "coordinates": [ [ [ -0.117878, 51.529312 ], [ -0.11785, 51.529251 ], [ -0.11859, 51.529118 ], [ -0.118707, 51.529094 ], [ -0.118676, 51.529025 ], [ -0.118911, 51.528983 ], [ -0.118857, 51.528875 ], [ -0.119256, 51.528795 ], [ -0.119262, 51.528833 ], [ -0.119226, 51.528841 ], [ -0.119275, 51.528927 ], [ -0.11936, 51.528911 ], [ -0.119367, 51.528928 ], [ -0.11926, 51.528956 ], [ -0.119282, 51.529015 ], [ -0.119311, 51.529024 ], [ -0.11937, 51.529109 ], [ -0.11971, 51.529018 ], [ -0.11977, 51.529105 ], [ -0.11937, 51.529218 ], [ -0.119204, 51.529267 ], [ -0.119207, 51.529317 ], [ -0.119125, 51.529317 ], [ -0.118794, 51.529294 ], [ -0.118769, 51.52929 ], [ -0.118715, 51.529163 ], [ -0.117878, 51.529312 ] ] ] } },
{ "type": "Feature", "properties": { "Map_Name": "Brewery", "First_Date": 1860, "Last_Date": 0, "Type": "Brewing", "Products": null, "QualityCon": "1", "Full_name": null, "Short_name": null, "Web_Link": null, "London_Fir": 1, "Londo_1st_": 1, "Web_refere": null }, "geometry": { "type": "Polygon", "coordinates": [ [ [ -0.112039, 51.521707 ], [ -0.111087, 51.52188 ], [ -0.110873, 51.521915 ], [ -0.110754, 51.521913 ], [ -0.110499, 51.521868 ], [ -0.110088, 51.521253 ], [ -0.111254, 51.521043 ], [ -0.11131, 51.521124 ], [ -0.11149, 51.521108 ], [ -0.111523, 51.521139 ], [ -0.111716, 51.521113 ], [ -0.111725, 51.521125 ], [ -0.11201, 51.521078 ], [ -0.111948, 51.52093 ], [ -0.112247, 51.520889 ], [ -0.112367, 51.521074 ], [ -0.11204, 51.52113 ], [ -0.112114, 51.521335 ], [ -0.11189, 51.521386 ], [ -0.112039, 51.521707 ] ] ] } },
{ "type": "Feature", "properties": { "Map_Name": "Foundry (Brass)", "First_Date": 1860, "Last_Date": 0, "Type": "Metal", "Products": null, "QualityCon": "1", "Full_name": null, "Short_name": null, "Web_Link": null, "London_Fir": 1, "Londo_1st_": 1, "Web_refere": null }, "geometry": { "type": "Polygon", "coordinates": [ [ [ -0.113276, 51.523782 ], [ -0.112876, 51.523576 ], [ -0.113003, 51.523479 ], [ -0.113201, 51.523541 ], [ -0.113279, 51.523565 ], [ -0.113372, 51.523612 ], [ -0.113276, 51.523782 ] ] ] } },
{ "type": "Feature", "properties": { "Map_Name": "Saw Mill", "First_Date": 1860, "Last_Date": 0, "Type": "Timber Mill", "Products": null, "QualityCon": "1", "Full_name": null, "Short_name": null, "Web_Link": null, "London_Fir": 1, "Londo_1st_": 1, "Web_refere": null }, "geometry": { "type": "Polygon", "coordinates": [ [ [ -0.052424, 51.534621 ], [ -0.052392, 51.534622 ], [ -0.05239, 51.534603 ], [ -0.052237, 51.534615 ], [ -0.052194, 51.534423 ], [ -0.052337, 51.534411 ], [ -0.052327, 51.534381 ], [ -0.052338, 51.53438 ], [ -0.05233, 51.534351 ], [ -0.05237, 51.534349 ], [ -0.052373, 51.534377 ], [ -0.052424, 51.534621 ] ] ] } },
{ "type": "Feature", "properties": { "Map_Name": "Color Works", "First_Date": 1860, "Last_Date": 0, "Type": "Varnish Colour and Paint", "Products": null, "QualityCon": "1", "Full_name": null, "Short_name": null, "Web_Link": null, "London_Fir": 1, "Londo_1st_": 1, "Web_refere": null }, "geometry": { "type": "Polygon", "coordinates": [ [ [ -0.071295, 51.516419 ], [ -0.071338, 51.516463 ], [ -0.071215, 51.51649 ], [ -0.071067, 51.516521 ], [ -0.070789, 51.516132 ], [ -0.070831, 51.516117 ], [ -0.070889, 51.51619 ], [ -0.071046, 51.516145 ], [ -0.071295, 51.516419 ] ] ] } },
{ "type": "Feature", "properties": { "Map_Name": "Cocoa Manufactory", "First_Date": 1860, "Last_Date": 0, "Type": "Food", "Products": null, "QualityCon": "1", "Full_name": null, "Short_name": null, "Web_Link": null, "London_Fir": 1, "Londo_1st_": 1, "Web_refere": null }, "geometry": { "type": "Polygon", "coordinates": [ [ [ -0.075547, 51.521541 ], [ -0.075158, 51.521527 ], [ -0.075185, 51.521356 ], [ -0.075389, 51.521273 ], [ -0.075415, 51.521295 ], [ -0.075569, 51.521433 ], [ -0.075547, 51.521541 ] ] ] } },
{ "type": "Feature", "properties": { "Map_Name": "Abbey Mill Distillery", "First_Date": 1860, "Last_Date": 0, "Type": "Distillery", "Products": null, "QualityCon": "1", "Full_name": null, "Short_name": null, "Web_Link": null, "London_Fir": 1, "Londo_1st_": 1, "Web_refere": null }, "geometry": { "type": "Polygon", "coordinates": [ [ [ 0.006242, 51.537128 ], [ 0.006418, 51.537192 ], [ 0.006624, 51.53728 ], [ 0.006676, 51.537298 ], [ 0.006798, 51.537366 ], [ 0.007138, 51.537538 ], [ 0.00719, 51.53752 ], [ 0.008344, 51.538198 ], [ 0.008593, 51.538035 ], [ 0.008219, 51.537604 ], [ 0.00816, 51.537444 ], [ 0.008133, 51.537452 ], [ 0.007962, 51.537312 ], [ 0.007876, 51.537228 ], [ 0.007895, 51.537206 ], [ 0.007329, 51.536924 ], [ 0.007298, 51.536892 ], [ 0.006638, 51.536665 ], [ 0.006516, 51.536816 ], [ 0.006242, 51.537128 ] ] ] } },
{ "type": "Feature", "properties": { "Map_Name": "Chemical Works", "First_Date": 1860, "Last_Date": 0, "Type": "Chemical", "Products": null, "QualityCon": "1", "Full_name": null, "Short_name": null, "Web_Link": null, "London_Fir": 1, "Londo_1st_": 1, "Web_refere": null }, "geometry": { "type": "Polygon", "coordinates": [ [ [ -0.011218, 51.532133 ], [ -0.01118, 51.532071 ], [ -0.011142, 51.531905 ], [ -0.011117, 51.531859 ], [ -0.01129, 51.531782 ], [ -0.011586, 51.531651 ], [ -0.011786, 51.531831 ], [ -0.011885, 51.531919 ], [ -0.011984, 51.531958 ], [ -0.012042, 51.531984 ], [ -0.011982, 51.532046 ], [ -0.011994, 51.532092 ], [ -0.012078, 51.532087 ], [ -0.012364, 51.532272 ], [ -0.012214, 51.532385 ], [ -0.012258, 51.532417 ], [ -0.012089, 51.532536 ], [ -0.012023, 51.532511 ], [ -0.011835, 51.532636 ], [ -0.01161, 51.532455 ], [ -0.011719, 51.532398 ], [ -0.011497, 51.532236 ], [ -0.011369, 51.532129 ], [ -0.011324, 51.532096 ], [ -0.011218, 51.532133 ] ] ] } },
{ "type": "Feature", "properties": { "Map_Name": "Drug Works", "First_Date": 1860, "Last_Date": 0, "Type": "Chemical", "Products": "Drugs", "QualityCon": "1", "Full_name": null, "Short_name": null, "Web_Link": null, "London_Fir": 1, "Londo_1st_": 1, "Web_refere": null }, "geometry": { "type": "Polygon", "coordinates": [ [ [ -0.066133, 51.513479 ], [ -0.065794, 51.513495 ], [ -0.065775, 51.5134 ], [ -0.065722, 51.513401 ], [ -0.065675, 51.513059 ], [ -0.066143, 51.513031 ], [ -0.066133, 51.513479 ] ] ] } },
{ "type": "Feature", "properties": { "Map_Name": "Pickle Manufactory", "First_Date": 1860, "Last_Date": 0, "Type": "Food", "Products": null, "QualityCon": "1", "Full_name": null, "Short_name": null, "Web_Link": null, "London_Fir": 1, "Londo_1st_": 1, "Web_refere": null }, "geometry": { "type": "Polygon", "coordinates": [ [ [ -0.093332, 51.497996 ], [ -0.093075, 51.498262 ], [ -0.093014, 51.498311 ], [ -0.092807, 51.498523 ], [ -0.092807, 51.498549 ], [ -0.092698, 51.498656 ], [ -0.092389, 51.498533 ], [ -0.092719, 51.498194 ], [ -0.093088, 51.497814 ], [ -0.093332, 51.497996 ] ] ] } },
{ "type": "Feature", "properties": { "Map_Name": "Oil Mills", "First_Date": 1890, "Last_Date": 0, "Type": "Soap Candle Tallow and Oil", "Products": null, "QualityCon": "1", "Full_name": null, "Short_name": "Oil Mills", "Web_Link": null, "London_Fir": 0, "Londo_1st_": 1, "Web_refere": null }, "geometry": { "type": "Polygon", "coordinates": [ [ [ 0.000534, 51.50051 ], [ 0.000572, 51.500131 ], [ -0.001705, 51.499726 ], [ -0.001789, 51.499826 ], [ -0.001833, 51.499884 ], [ -0.00178, 51.500169 ], [ 0.000534, 51.50051 ] ] ] } },
{ "type": "Feature", "properties": { "Map_Name": "Grinding Mills (Drugs)", "First_Date": 1890, "Last_Date": 0, "Type": "Chemical", "Products": "Drugs", "QualityCon": "1", "Full_name": null, "Short_name": null, "Web_Link": null, "London_Fir": 0, "Londo_1st_": 1, "Web_refere": null }, "geometry": { "type": "Polygon", "coordinates": [ [ [ -0.080347, 51.501497 ], [ -0.079977, 51.50145 ], [ -0.080001, 51.501265 ], [ -0.080405, 51.501287 ], [ -0.080347, 51.501497 ] ] ] } },
{ "type": "Feature", "properties": { "Map_Name": "Soda Works", "First_Date": 1890, "Last_Date": 0, "Type": "Chemical", "Products": null, "QualityCon": "1", "Full_name": null, "Short_name": null, "Web_Link": null, "London_Fir": 0, "Londo_1st_": 1, "Web_refere": null }, "geometry": { "type": "Polygon", "coordinates": [ [ [ -0.027052, 51.492985 ], [ -0.026662, 51.493079 ], [ -0.026263, 51.492564 ], [ -0.026737, 51.492479 ], [ -0.027052, 51.492985 ] ] ] } },
{ "type": "Feature", "properties": { "Map_Name": "Mineral Water Works", "First_Date": 1890, "Last_Date": 0, "Type": "Food", "Products": null, "QualityCon": "1", "Full_name": null, "Short_name": null, "Web_Link": null, "London_Fir": 0, "Londo_1st_": 1, "Web_refere": null }, "geometry": { "type": "Polygon", "coordinates": [ [ [ -0.054864, 51.517136 ], [ -0.054844, 51.517336 ], [ -0.054651, 51.517292 ], [ -0.054584, 51.51745 ], [ -0.054516, 51.517436 ], [ -0.054576, 51.517301 ], [ -0.054515, 51.517289 ], [ -0.054384, 51.517266 ], [ -0.054438, 51.51713 ], [ -0.054864, 51.517136 ] ] ] } },
{ "type": "Feature", "properties": { "Map_Name": "Chemical Works", "First_Date": 1890, "Last_Date": 0, "Type": "Chemical", "Products": null, "QualityCon": "1", "Full_name": null, "Short_name": null, "Web_Link": null, "London_Fir": 0, "Londo_1st_": 1, "Web_refere": null }, "geometry": { "type": "Polygon", "coordinates": [ [ [ -0.054175, 51.519238 ], [ -0.054067, 51.519001 ], [ -0.054255, 51.518969 ], [ -0.054359, 51.519202 ], [ -0.05432, 51.519209 ], [ -0.054344, 51.519264 ], [ -0.054273, 51.519275 ], [ -0.05429, 51.519306 ], [ -0.054212, 51.519321 ], [ -0.054175, 51.519238 ] ] ] } },
{ "type": "Feature", "properties": { "Map_Name": "Pickle Works", "First_Date": 1890, "Last_Date": 0, "Type": "Food", "Products": null, "QualityCon": "1", "Full_name": null, "Short_name": null, "Web_Link": null, "London_Fir": 0, "Londo_1st_": 1, "Web_refere": null }, "geometry": { "type": "Polygon", "coordinates": [ [ [ -0.054143, 51.519174 ], [ -0.053631, 51.519264 ], [ -0.053535, 51.519091 ], [ -0.054064, 51.519001 ], [ -0.054143, 51.519174 ] ] ] } },
{ "type": "Feature", "properties": { "Map_Name": "London Road Car Company", "First_Date": 1890, "Last_Date": 0, "Type": "Engineering", "Products": "Road Car", "QualityCon": "check name", "Full_name": null, "Short_name": null, "Web_Link": null, "London_Fir": 0, "Londo_1st_": 1, "Web_refere": null }, "geometry": { "type": "Polygon", "coordinates": [ [ [ -0.171049, 51.480055 ], [ -0.170797, 51.480158 ], [ -0.17078, 51.480134 ], [ -0.170593, 51.480202 ], [ -0.170588, 51.480183 ], [ -0.170246, 51.480287 ], [ -0.170153, 51.480192 ], [ -0.170098, 51.480206 ], [ -0.169988, 51.480087 ], [ -0.169958, 51.480092 ], [ -0.169863, 51.479974 ], [ -0.169948, 51.479947 ], [ -0.169871, 51.479848 ], [ -0.170603, 51.479654 ], [ -0.170652, 51.479724 ], [ -0.170995, 51.480043 ], [ -0.171022, 51.480032 ], [ -0.171049, 51.480055 ] ] ] } },
{ "type": "Feature", "properties": { "Map_Name": "Copper Depositing Works", "First_Date": 1890, "Last_Date": 0, "Type": "Metal", "Products": null, "QualityCon": "1", "Full_name": null, "Short_name": null, "Web_Link": null, "London_Fir": 0, "Londo_1st_": 1, "Web_refere": null }, "geometry": { "type": "Polygon", "coordinates": [ [ [ -0.014864, 51.487152 ], [ -0.013783, 51.487153 ], [ -0.013653, 51.486383 ], [ -0.014316, 51.486355 ], [ -0.014321, 51.486334 ], [ -0.014915, 51.486382 ], [ -0.014864, 51.487152 ] ] ] } },
{ "type": "Feature", "properties": { "Map_Name": "Packing Case Manufactory", "First_Date": 1890, "Last_Date": 0, "Type": "General", "Products": null, "QualityCon": "1", "Full_name": null, "Short_name": null, "Web_Link": null, "London_Fir": 0, "Londo_1st_": 1, "Web_refere": null }, "geometry": { "type": "Polygon", "coordinates": [ [ [ -0.039908, 51.511733 ], [ -0.039253, 51.5117 ], [ -0.039287, 51.511512 ], [ -0.039934, 51.511535 ], [ -0.039908, 51.511733 ] ] ] } },
{ "type": "Feature", "properties": { "Map_Name": "Carron Works (Iron)", "First_Date": 1890, "Last_Date": 0, "Type": "Metal", "Products": "Iron", "QualityCon": "1", "Full_name": null, "Short_name": null, "Web_Link": null, "London_Fir": 0, "Londo_1st_": 1, "Web_refere": null }, "geometry": { "type": "Polygon", "coordinates": [ [ [ -0.039652, 51.51172 ], [ -0.039606, 51.511926 ], [ -0.039204, 51.511924 ], [ -0.039253, 51.5117 ], [ -0.039652, 51.51172 ] ] ] } },
{ "type": "Feature", "properties": { "Map_Name": "Victoria Lead Works", "First_Date": 1890, "Last_Date": 0, "Type": "Metal", "Products": "Lead", "QualityCon": "1", "Full_name": null, "Short_name": null, "Web_Link": null, "London_Fir": 0, "Londo_1st_": 1, "Web_refere": null }, "geometry": { "type": "Polygon", "coordinates": [ [ [ -0.028841, 51.513751 ], [ -0.029052, 51.514587 ], [ -0.029111, 51.514813 ], [ -0.02873, 51.514852 ], [ -0.028709, 51.514846 ], [ -0.028676, 51.514784 ], [ -0.028601, 51.514646 ], [ -0.028276, 51.514024 ], [ -0.028233, 51.514013 ], [ -0.028841, 51.513751 ] ] ] } },
{ "type": "Feature", "properties": { "Map_Name": "Engineering Works", "First_Date": 1890, "Last_Date": 0, "Type": "Engineering", "Products": null, "QualityCon": "1", "Full_name": null, "Short_name": null, "Web_Link": null, "London_Fir": 0, "Londo_1st_": 1, "Web_refere": null }, "geometry": { "type": "Polygon", "coordinates": [ [ [ -0.174894, 51.477731 ], [ -0.174627, 51.478051 ], [ -0.174311, 51.477873 ], [ -0.174067, 51.477736 ], [ -0.174265, 51.47755 ], [ -0.174206, 51.477525 ], [ -0.174208, 51.477521 ], [ -0.174138, 51.477483 ], [ -0.17415, 51.477468 ], [ -0.174183, 51.477482 ], [ -0.174223, 51.477441 ], [ -0.174112, 51.477396 ], [ -0.174153, 51.477357 ], [ -0.174302, 51.47744 ], [ -0.174644, 51.477637 ], [ -0.174807, 51.477698 ], [ -0.174894, 51.477731 ] ] ] } },
{ "type": "Feature", "properties": { "Map_Name": "Invicta Works", "First_Date": 1890, "Last_Date": 0, "Type": "General", "Products": null, "QualityCon": "1", "Full_name": null, "Short_name": null, "Web_Link": null, "London_Fir": 0, "Londo_1st_": 1, "Web_refere": null }, "geometry": { "type": "Polygon", "coordinates": [ [ [ -0.023955, 51.517503 ], [ -0.023339, 51.517707 ], [ -0.023585, 51.518008 ], [ -0.02304, 51.518152 ], [ -0.022885, 51.517853 ], [ -0.022757, 51.517611 ], [ -0.022498, 51.517227 ], [ -0.023069, 51.517086 ], [ -0.023448, 51.517061 ], [ -0.023585, 51.517067 ], [ -0.023955, 51.517503 ] ] ] } },
{ "type": "Feature", "properties": { "Map_Name": "Chemical Manure Works", "First_Date": 1890, "Last_Date": 0, "Type": "Chemical", "Products": null, "QualityCon": "1", "Full_name": null, "Short_name": null, "Web_Link": null, "London_Fir": 0, "Londo_1st_": 1, "Web_refere": null }, "geometry": { "type": "Polygon", "coordinates": [ [ [ -0.018827, 51.518624 ], [ -0.018632, 51.51868 ], [ -0.018335, 51.518767 ], [ -0.017987, 51.518205 ], [ -0.018475, 51.517999 ], [ -0.018587, 51.517954 ], [ -0.018798, 51.518346 ], [ -0.01869, 51.518388 ], [ -0.018827, 51.518624 ] ] ] } },
{ "type": "Feature", "properties": { "Map_Name": "Varnish Works", "First_Date": 1890, "Last_Date": 0, "Type": "Varnish Colour and Paint", "Products": null, "QualityCon": "1", "Full_name": null, "Short_name": null, "Web_Link": null, "London_Fir": 0, "Londo_1st_": 1, "Web_refere": null }, "geometry": { "type": "Polygon", "coordinates": [ [ [ -0.017599, 51.518891 ], [ -0.01754, 51.518907 ], [ -0.016995, 51.519123 ], [ -0.016759, 51.51868 ], [ -0.017332, 51.518443 ], [ -0.017599, 51.518891 ] ] ] } },
{ "type": "Feature", "properties": { "Map_Name": "Phoenix Saw Mills", "First_Date": 1890, "Last_Date": 0, "Type": "Timber Mill", "Products": null, "QualityCon": "1", "Full_name": null, "Short_name": null, "Web_Link": null, "London_Fir": 0, "Londo_1st_": 1, "Web_refere": null }, "geometry": { "type": "Polygon", "coordinates": [ [ [ -0.010846, 51.516311 ], [ -0.010895, 51.516679 ], [ -0.01097, 51.517199 ], [ -0.011018, 51.51753 ], [ -0.010227, 51.517574 ], [ -0.010208, 51.517338 ], [ -0.010156, 51.516868 ], [ -0.010116, 51.516474 ], [ -0.010404, 51.516462 ], [ -0.010387, 51.516336 ], [ -0.010846, 51.516311 ] ] ] } },
{ "type": "Feature", "properties": { "Map_Name": "Four Mills Distillery", "First_Date": 1860, "Last_Date": 0, "Type": "Distillery", "Products": null, "QualityCon": "1", "Full_name": null, "Short_name": null, "Web_Link": null, "London_Fir": 1, "Londo_1st_": 1, "Web_refere": null }, "geometry": { "type": "Polygon", "coordinates": [ [ [ -0.009434, 51.521843 ], [ -0.00937, 51.52155 ], [ -0.0092, 51.521428 ], [ -0.009101, 51.521282 ], [ -0.009096, 51.521238 ], [ -0.009059, 51.52124 ], [ -0.009048, 51.521179 ], [ -0.00912, 51.52103 ], [ -0.009194, 51.520856 ], [ -0.009247, 51.520735 ], [ -0.009252, 51.520659 ], [ -0.009272, 51.520493 ], [ -0.009295, 51.520327 ], [ -0.009314, 51.52032 ], [ -0.009306, 51.520193 ], [ -0.009471, 51.52019 ], [ -0.009748, 51.520182 ], [ -0.009748, 51.520132 ], [ -0.00982, 51.520131 ], [ -0.009903, 51.520117 ], [ -0.010029, 51.52041 ], [ -0.010086, 51.520549 ], [ -0.010107, 51.520712 ], [ -0.010157, 51.521168 ], [ -0.010227, 51.521539 ], [ -0.010229, 51.521587 ], [ -0.01016, 51.521598 ], [ -0.009859, 51.521797 ], [ -0.009492, 51.522012 ], [ -0.00951, 51.521918 ], [ -0.009507, 51.521845 ], [ -0.009434, 51.521843 ] ] ] } },
{ "type": "Feature", "properties": { "Map_Name": "Bromley Mills (Flour)", "First_Date": 1890, "Last_Date": 0, "Type": "Grain Mill", "Products": null, "QualityCon": "1", "Full_name": null, "Short_name": null, "Web_Link": null, "London_Fir": 0, "Londo_1st_": 1, "Web_refere": null }, "geometry": { "type": "Polygon", "coordinates": [ [ [ -0.009492, 51.522012 ], [ -0.009253, 51.522011 ], [ -0.009248, 51.522024 ], [ -0.009225, 51.522033 ], [ -0.009173, 51.522036 ], [ -0.009169, 51.522051 ], [ -0.008916, 51.522057 ], [ -0.008876, 51.522098 ], [ -0.008878, 51.522106 ], [ -0.008888, 51.522111 ], [ -0.008886, 51.522122 ], [ -0.008877, 51.522124 ], [ -0.008861, 51.522298 ], [ -0.008774, 51.522431 ], [ -0.008705, 51.522541 ], [ -0.008718, 51.52255 ], [ -0.00871, 51.522563 ], [ -0.008682, 51.522568 ], [ -0.008658, 51.522561 ], [ -0.008575, 51.522692 ], [ -0.008405, 51.522639 ], [ -0.00848, 51.522474 ], [ -0.008538, 51.522347 ], [ -0.008607, 51.522148 ], [ -0.00862, 51.522112 ], [ -0.008635, 51.521984 ], [ -0.008658, 51.521828 ], [ -0.00868, 51.521811 ], [ -0.00871, 51.521807 ], [ -0.008827, 51.521818 ], [ -0.008948, 51.521826 ], [ -0.009098, 51.521808 ], [ -0.009189, 51.521806 ], [ -0.009269, 51.521812 ], [ -0.009313, 51.521843 ], [ -0.009434, 51.521843 ], [ -0.009507, 51.521845 ], [ -0.00951, 51.521918 ], [ -0.009492, 51.522012 ] ] ] } },
{ "type": "Feature", "properties": { "Map_Name": "Three Mills Distillery", "First_Date": 1890, "Last_Date": 0, "Type": "Distillery", "Products": "Distillery", "QualityCon": "1", "Full_name": null, "Short_name": null, "Web_Link": null, "London_Fir": 0, "Londo_1st_": 1, "Web_refere": null }, "geometry": { "type": "Polygon", "coordinates": [ [ [ -0.007228, 51.527764 ], [ -0.006504, 51.527851 ], [ -0.005677, 51.527958 ], [ -0.005402, 51.527809 ], [ -0.005034, 51.527867 ], [ -0.00493, 51.527673 ], [ -0.004857, 51.527553 ], [ -0.004818, 51.527412 ], [ -0.004739, 51.527165 ], [ -0.004703, 51.527055 ], [ -0.004713, 51.527025 ], [ -0.004877, 51.526885 ], [ -0.004917, 51.526861 ], [ -0.004916, 51.526841 ], [ -0.004899, 51.526761 ], [ -0.004858, 51.526635 ], [ -0.004823, 51.526551 ], [ -0.004825, 51.526534 ], [ -0.004838, 51.526511 ], [ -0.004922, 51.526484 ], [ -0.005035, 51.52646 ], [ -0.005207, 51.526418 ], [ -0.005409, 51.526375 ], [ -0.005684, 51.526318 ], [ -0.005908, 51.52628 ], [ -0.006028, 51.526276 ], [ -0.00612, 51.52628 ], [ -0.00631, 51.526304 ], [ -0.006472, 51.526333 ], [ -0.006537, 51.526345 ], [ -0.006586, 51.526368 ], [ -0.00663, 51.526412 ], [ -0.006851, 51.526871 ], [ -0.006962, 51.527102 ], [ -0.007228, 51.527764 ] ] ] } },
{ "type": "Feature", "properties": { "Map_Name": "Ratner Safe Works", "First_Date": 1890, "Last_Date": 0, "Type": "Metal", "Products": "Patent Safe", "QualityCon": "1", "Full_name": null, "Short_name": null, "Web_Link": null, "London_Fir": 0, "Londo_1st_": 1, "Web_refere": null }, "geometry": { "type": "Polygon", "coordinates": [ [ [ -0.012745, 51.529221 ], [ -0.012433, 51.529402 ], [ -0.012399, 51.52939 ], [ -0.012351, 51.529418 ], [ -0.011864, 51.529373 ], [ -0.011312, 51.529321 ], [ -0.011192, 51.529308 ], [ -0.011091, 51.529274 ], [ -0.011022, 51.529227 ], [ -0.011267, 51.529142 ], [ -0.011542, 51.529047 ], [ -0.011736, 51.52898 ], [ -0.011644, 51.528874 ], [ -0.011745, 51.528836 ], [ -0.011843, 51.528944 ], [ -0.011962, 51.528904 ], [ -0.011992, 51.528936 ], [ -0.012304, 51.528824 ], [ -0.012745, 51.529221 ] ] ] } },
{ "type": "Feature", "properties": { "Map_Name": "Albion Works (Oil and Grease)", "First_Date": 1890, "Last_Date": 0, "Type": "Oil and Petroleum", "Products": null, "QualityCon": "1", "Full_name": null, "Short_name": null, "Web_Link": null, "London_Fir": 0, "Londo_1st_": 1, "Web_refere": null }, "geometry": { "type": "Polygon", "coordinates": [ [ [ -0.012304, 51.528824 ], [ -0.011992, 51.528936 ], [ -0.011962, 51.528904 ], [ -0.011843, 51.528944 ], [ -0.011745, 51.528836 ], [ -0.011644, 51.528874 ], [ -0.011736, 51.52898 ], [ -0.011022, 51.529227 ], [ -0.010966, 51.529206 ], [ -0.010912, 51.529147 ], [ -0.010844, 51.529015 ], [ -0.011043, 51.528951 ], [ -0.011083, 51.52899 ], [ -0.011297, 51.528918 ], [ -0.011266, 51.528878 ], [ -0.011497, 51.5288 ], [ -0.01184, 51.528689 ], [ -0.011928, 51.528666 ], [ -0.012011, 51.528628 ], [ -0.012021, 51.528635 ], [ -0.012069, 51.528614 ], [ -0.012304, 51.528824 ] ] ] } },
{ "type": "Feature", "properties": { "Map_Name": "Bow Flour Mills", "First_Date": 1890, "Last_Date": 0, "Type": "Grain Mill", "Products": null, "QualityCon": "1", "Full_name": null, "Short_name": null, "Web_Link": null, "London_Fir": 0, "Londo_1st_": 1, "Web_refere": null }, "geometry": { "type": "Polygon", "coordinates": [ [ [ -0.014805, 51.529754 ], [ -0.014407, 51.530123 ], [ -0.014365, 51.530081 ], [ -0.014214, 51.529927 ], [ -0.014216, 51.529904 ], [ -0.014317, 51.529818 ], [ -0.014411, 51.529739 ], [ -0.014425, 51.529743 ], [ -0.014462, 51.529718 ], [ -0.014441, 51.529703 ], [ -0.014553, 51.529637 ], [ -0.014805, 51.529754 ] ] ] } },
{ "type": "Feature", "properties": { "Map_Name": "Indiarubber and Oilskin Manufactory", "First_Date": 1890, "Last_Date": 0, "Type": "Rubber and Gutta-Percha", "Products": null, "QualityCon": "1", "Full_name": null, "Short_name": null, "Web_Link": null, "London_Fir": 0, "Londo_1st_": 1, "Web_refere": null }, "geometry": { "type": "Polygon", "coordinates": [ [ [ -0.017175, 51.529939 ], [ -0.016555, 51.530296 ], [ -0.016388, 51.530175 ], [ -0.016533, 51.530068 ], [ -0.016403, 51.529982 ], [ -0.016439, 51.529957 ], [ -0.016347, 51.529897 ], [ -0.016459, 51.529828 ], [ -0.016645, 51.529718 ], [ -0.016371, 51.529539 ], [ -0.016283, 51.529472 ], [ -0.01611, 51.529298 ], [ -0.016325, 51.529223 ], [ -0.01647, 51.529346 ], [ -0.016779, 51.529588 ], [ -0.016987, 51.529773 ], [ -0.017175, 51.529939 ] ] ] } },
{ "type": "Feature", "properties": { "Map_Name": "Felt Works", "First_Date": 1890, "Last_Date": 0, "Type": "Cloth and Clothing", "Products": null, "QualityCon": "1", "Full_name": null, "Short_name": null, "Web_Link": null, "London_Fir": 0, "Londo_1st_": 1, "Web_refere": null }, "geometry": { "type": "Polygon", "coordinates": [ [ [ -0.015688, 51.530083 ], [ -0.016084, 51.529878 ], [ -0.016141, 51.529848 ], [ -0.016277, 51.52994 ], [ -0.016347, 51.529897 ], [ -0.016439, 51.529957 ], [ -0.016403, 51.529982 ], [ -0.016533, 51.530068 ], [ -0.016388, 51.530175 ], [ -0.016235, 51.53028 ], [ -0.015995, 51.530124 ], [ -0.015773, 51.53024 ], [ -0.015727, 51.530212 ], [ -0.015802, 51.53017 ], [ -0.015688, 51.530083 ] ] ] } },
{ "type": "Feature", "properties": { "Map_Name": "Vinegar Distillery", "First_Date": 1890, "Last_Date": 0, "Type": "Food", "Products": null, "QualityCon": "1", "Full_name": null, "Short_name": null, "Web_Link": null, "London_Fir": 0, "Londo_1st_": 1, "Web_refere": null }, "geometry": { "type": "Polygon", "coordinates": [ [ [ -0.097824, 51.506575 ], [ -0.097092, 51.506523 ], [ -0.096783, 51.506492 ], [ -0.096496, 51.506434 ], [ -0.095933, 51.506312 ], [ -0.095416, 51.506199 ], [ -0.095493, 51.505931 ], [ -0.095794, 51.505973 ], [ -0.09583, 51.505864 ], [ -0.096328, 51.505953 ], [ -0.096751, 51.50603 ], [ -0.096985, 51.506007 ], [ -0.097238, 51.505978 ], [ -0.097205, 51.505916 ], [ -0.097493, 51.505862 ], [ -0.097579, 51.506043 ], [ -0.097737, 51.506376 ], [ -0.097824, 51.506575 ] ] ] } },
{ "type": "Feature", "properties": { "Map_Name": "Castle Yard factory", "First_Date": 1890, "Last_Date": 0, "Type": "General", "Products": null, "QualityCon": "1", "Full_name": null, "Short_name": null, "Web_Link": null, "London_Fir": 0, "Londo_1st_": 1, "Web_refere": null }, "geometry": { "type": "Polygon", "coordinates": [ [ [ -0.101879, 51.507165 ], [ -0.101843, 51.507165 ], [ -0.101834, 51.507105 ], [ -0.101663, 51.507115 ], [ -0.101687, 51.507258 ], [ -0.101624, 51.50726 ], [ -0.101628, 51.50728 ], [ -0.101392, 51.507293 ], [ -0.101367, 51.507214 ], [ -0.101424, 51.507216 ], [ -0.101422, 51.507169 ], [ -0.10138, 51.507171 ], [ -0.10138, 51.507123 ], [ -0.101403, 51.507121 ], [ -0.101385, 51.506825 ], [ -0.101483, 51.506823 ], [ -0.101484, 51.506809 ], [ -0.101808, 51.506802 ], [ -0.101828, 51.506984 ], [ -0.10186, 51.506984 ], [ -0.101879, 51.507165 ] ] ] } },
{ "type": "Feature", "properties": { "Map_Name": "Alpha Works (Collar Manufactory)", "First_Date": 1890, "Last_Date": 0, "Type": "Cloth and Clothing", "Products": "Collars", "QualityCon": "1", "Full_name": null, "Short_name": null, "Web_Link": null, "London_Fir": 0, "Londo_1st_": 1, "Web_refere": null }, "geometry": { "type": "Polygon", "coordinates": [ [ [ -0.076589, 51.484933 ], [ -0.076394, 51.484919 ], [ -0.076399, 51.484904 ], [ -0.076309, 51.484898 ], [ -0.076277, 51.485055 ], [ -0.075712, 51.485015 ], [ -0.075764, 51.484774 ], [ -0.075811, 51.484633 ], [ -0.07602, 51.484655 ], [ -0.07632, 51.484683 ], [ -0.076326, 51.484679 ], [ -0.076637, 51.484703 ], [ -0.076589, 51.484933 ] ] ] } },
{ "type": "Feature", "properties": { "Map_Name": "Jam Factory", "First_Date": 1890, "Last_Date": 0, "Type": "Food", "Products": null, "QualityCon": "1", "Full_name": null, "Short_name": null, "Web_Link": null, "London_Fir": 0, "Londo_1st_": 1, "Web_refere": null }, "geometry": { "type": "Polygon", "coordinates": [ [ [ -0.072496, 51.493304 ], [ -0.07235, 51.493111 ], [ -0.07229, 51.493038 ], [ -0.072217, 51.492903 ], [ -0.072262, 51.492904 ], [ -0.072446, 51.49291 ], [ -0.072517, 51.492917 ], [ -0.072611, 51.49293 ], [ -0.072667, 51.492943 ], [ -0.072775, 51.492987 ], [ -0.072829, 51.492945 ], [ -0.073042, 51.493059 ], [ -0.073062, 51.493069 ], [ -0.073331, 51.492991 ], [ -0.073385, 51.493039 ], [ -0.073372, 51.493054 ], [ -0.073128, 51.493118 ], [ -0.07315, 51.493149 ], [ -0.073188, 51.493156 ], [ -0.07344, 51.493079 ], [ -0.073533, 51.49319 ], [ -0.073377, 51.493242 ], [ -0.073285, 51.493272 ], [ -0.073133, 51.49334 ], [ -0.07317, 51.493381 ], [ -0.073205, 51.493402 ], [ -0.073029, 51.493485 ], [ -0.072954, 51.4934 ], [ -0.072836, 51.493259 ], [ -0.072795, 51.493218 ], [ -0.072496, 51.493304 ] ] ] } },
{ "type": "Feature", "properties": { "Map_Name": "Engineering Works", "First_Date": 1890, "Last_Date": 0, "Type": "Engineering", "Products": null, "QualityCon": "1", "Full_name": null, "Short_name": null, "Web_Link": null, "London_Fir": 0, "Londo_1st_": 1, "Web_refere": null }, "geometry": { "type": "Polygon", "coordinates": [ [ [ -0.070219, 51.493072 ], [ -0.071072, 51.493019 ], [ -0.071108, 51.493095 ], [ -0.071098, 51.493097 ], [ -0.071119, 51.493142 ], [ -0.071288, 51.493119 ], [ -0.071345, 51.493208 ], [ -0.071632, 51.493735 ], [ -0.071105, 51.493801 ], [ -0.071208, 51.494017 ], [ -0.070758, 51.494077 ], [ -0.070651, 51.493853 ], [ -0.070517, 51.493879 ], [ -0.070402, 51.493604 ], [ -0.070531, 51.493577 ], [ -0.070219, 51.493072 ] ] ] } },
{ "type": "Feature", "properties": { "Map_Name": "Fruit Preserving Works", "First_Date": 1890, "Last_Date": 0, "Type": "Food", "Products": null, "QualityCon": "1", "Full_name": null, "Short_name": null, "Web_Link": null, "London_Fir": 0, "Londo_1st_": 1, "Web_refere": null }, "geometry": { "type": "Polygon", "coordinates": [ [ [ -0.071472, 51.49653 ], [ -0.07109, 51.496588 ], [ -0.070896, 51.496425 ], [ -0.070748, 51.496306 ], [ -0.070526, 51.496328 ], [ -0.070456, 51.49608 ], [ -0.07131, 51.495972 ], [ -0.071472, 51.49653 ] ] ] } },
{ "type": "Feature", "properties": { "Map_Name": "Tin and Japan Works", "First_Date": 1890, "Last_Date": 0, "Type": "Metal", "Products": "Tin", "QualityCon": "1", "Full_name": null, "Short_name": null, "Web_Link": null, "London_Fir": 0, "Londo_1st_": 1, "Web_refere": null }, "geometry": { "type": "Polygon", "coordinates": [ [ [ -0.090975, 51.501574 ], [ -0.090479, 51.501529 ], [ -0.090438, 51.501526 ], [ -0.090406, 51.501505 ], [ -0.090396, 51.501437 ], [ -0.090622, 51.501427 ], [ -0.090619, 51.501286 ], [ -0.090532, 51.501284 ], [ -0.090543, 51.501197 ], [ -0.090387, 51.501189 ], [ -0.090399, 51.501119 ], [ -0.090416, 51.501105 ], [ -0.09086, 51.501145 ], [ -0.091029, 51.501147 ], [ -0.091025, 51.501327 ], [ -0.091082, 51.501329 ], [ -0.091084, 51.501473 ], [ -0.090981, 51.501473 ], [ -0.090975, 51.501574 ] ] ] } },
{ "type": "Feature", "properties": { "Map_Name": "Confectionery, Chocolate and Jam Works", "First_Date": 1890, "Last_Date": 0, "Type": "Food", "Products": null, "QualityCon": "1", "Full_name": null, "Short_name": null, "Web_Link": null, "London_Fir": 0, "Londo_1st_": 1, "Web_refere": null }, "geometry": { "type": "Polygon", "coordinates": [ [ [ -0.094715, 51.501611 ], [ -0.094599, 51.501568 ], [ -0.0943, 51.501485 ], [ -0.094494, 51.501292 ], [ -0.09482, 51.501411 ], [ -0.094715, 51.501611 ] ] ] } },
{ "type": "Feature", "properties": { "Map_Name": "Canadian Cooperage", "First_Date": 1890, "Last_Date": 0, "Type": "Cooperage", "Products": null, "QualityCon": "1", "Full_name": null, "Short_name": null, "Web_Link": null, "London_Fir": 0, "Londo_1st_": 1, "Web_refere": null }, "geometry": { "type": "Polygon", "coordinates": [ [ [ -0.021443, 51.489416 ], [ -0.021255, 51.489329 ], [ -0.021741, 51.489063 ], [ -0.022162, 51.488835 ], [ -0.022677, 51.488555 ], [ -0.023067, 51.488363 ], [ -0.023257, 51.488505 ], [ -0.021443, 51.489416 ] ] ] } },
{ "type": "Feature", "properties": { "Map_Name": "Millwall Lead Works", "First_Date": 1890, "Last_Date": 0, "Type": "Metal", "Products": "Lead", "QualityCon": "1", "Full_name": null, "Short_name": null, "Web_Link": null, "London_Fir": 0, "Londo_1st_": 1, "Web_refere": null }, "geometry": { "type": "Polygon", "coordinates": [ [ [ -0.016008, 51.487247 ], [ -0.015667, 51.487202 ], [ -0.015446, 51.487182 ], [ -0.015156, 51.48716 ], [ -0.014864, 51.487152 ], [ -0.014874, 51.487123 ], [ -0.014882, 51.486984 ], [ -0.014895, 51.486741 ], [ -0.014915, 51.486347 ], [ -0.015082, 51.486362 ], [ -0.015089, 51.486359 ], [ -0.015118, 51.486103 ], [ -0.015345, 51.486102 ], [ -0.015355, 51.486056 ], [ -0.015556, 51.486072 ], [ -0.015776, 51.486091 ], [ -0.016081, 51.486113 ], [ -0.016273, 51.486129 ], [ -0.01641, 51.48614 ], [ -0.016477, 51.486155 ], [ -0.016375, 51.486395 ], [ -0.01623, 51.486735 ], [ -0.016095, 51.487051 ], [ -0.016008, 51.487247 ] ] ] } },
{ "type": "Feature", "properties": { "Map_Name": "Iron Bridge Works", "First_Date": 1890, "Last_Date": 0, "Type": "Metal", "Products": "Iron", "QualityCon": "1", "Full_name": null, "Short_name": null, "Web_Link": null, "London_Fir": 0, "Londo_1st_": 1, "Web_refere": null }, "geometry": { "type": "Polygon", "coordinates": [ [ [ -0.016931, 51.487504 ], [ -0.01652, 51.487363 ], [ -0.016529, 51.487357 ], [ -0.016621, 51.487143 ], [ -0.016748, 51.486842 ], [ -0.016862, 51.486567 ], [ -0.016991, 51.486263 ], [ -0.017416, 51.486346 ], [ -0.017305, 51.486569 ], [ -0.017201, 51.486789 ], [ -0.017287, 51.486803 ], [ -0.017151, 51.487072 ], [ -0.017044, 51.487289 ], [ -0.016931, 51.487504 ] ] ] } },
{ "type": "Feature", "properties": { "Map_Name": "Manure Works", "First_Date": 1890, "Last_Date": 0, "Type": "Chemical", "Products": "Fertilizer", "QualityCon": "1", "Full_name": null, "Short_name": null, "Web_Link": null, "London_Fir": 0, "Londo_1st_": 1, "Web_refere": null }, "geometry": { "type": "Polygon", "coordinates": [ [ [ -0.018739, 51.48072 ], [ -0.018503, 51.480762 ], [ -0.018255, 51.480786 ], [ -0.017895, 51.480828 ], [ -0.017802, 51.48069 ], [ -0.018048, 51.480606 ], [ -0.017933, 51.48047 ], [ -0.017646, 51.480124 ], [ -0.017941, 51.48007 ], [ -0.018163, 51.480028 ], [ -0.018577, 51.480521 ], [ -0.018739, 51.48072 ] ] ] } },
{ "type": "Feature", "properties": { "Map_Name": "Soap Works", "First_Date": 1860, "Last_Date": 0, "Type": "Soap Candle Tallow and Oil", "Products": null, "QualityCon": "1", "Full_name": null, "Short_name": "Soap Works", "Web_Link": null, "London_Fir": 1, "Londo_1st_": 1, "Web_refere": null }, "geometry": { "type": "Polygon", "coordinates": [ [ [ -0.019602, 51.480437 ], [ -0.018932, 51.480661 ], [ -0.018739, 51.48072 ], [ -0.018502, 51.480432 ], [ -0.018163, 51.480028 ], [ -0.018431, 51.479961 ], [ -0.01867, 51.479901 ], [ -0.01877, 51.479875 ], [ -0.019067, 51.479805 ], [ -0.019312, 51.480093 ], [ -0.019475, 51.480286 ], [ -0.019602, 51.480437 ] ] ] } },
{ "type": "Feature", "properties": { "Map_Name": "Chemical Works", "First_Date": 1860, "Last_Date": 0, "Type": "Chemical", "Products": null, "QualityCon": "1", "Full_name": null, "Short_name": null, "Web_Link": null, "London_Fir": 1, "Londo_1st_": 1, "Web_refere": null }, "geometry": { "type": "Polygon", "coordinates": [ [ [ -0.020742, 51.47777 ], [ -0.019982, 51.477861 ], [ -0.019902, 51.477885 ], [ -0.019863, 51.477929 ], [ -0.019717, 51.477935 ], [ -0.019588, 51.477939 ], [ -0.019516, 51.477916 ], [ -0.019485, 51.477829 ], [ -0.019444, 51.477732 ], [ -0.019412, 51.477617 ], [ -0.01942, 51.477608 ], [ -0.019403, 51.47748 ], [ -0.019423, 51.477474 ], [ -0.019396, 51.477357 ], [ -0.019403, 51.477302 ], [ -0.019445, 51.477246 ], [ -0.019506, 51.477213 ], [ -0.019584, 51.477189 ], [ -0.019679, 51.477175 ], [ -0.019789, 51.477173 ], [ -0.020042, 51.47718 ], [ -0.020078, 51.477155 ], [ -0.020161, 51.477166 ], [ -0.020233, 51.477173 ], [ -0.020258, 51.477149 ], [ -0.020261, 51.47713 ], [ -0.020252, 51.477117 ], [ -0.020146, 51.477102 ], [ -0.020173, 51.477072 ], [ -0.020317, 51.476978 ], [ -0.020759, 51.476736 ], [ -0.020783, 51.476707 ], [ -0.021051, 51.476466 ], [ -0.021179, 51.476583 ], [ -0.021003, 51.476678 ], [ -0.021092, 51.476731 ], [ -0.021088, 51.476938 ], [ -0.021077, 51.477372 ], [ -0.020944, 51.477372 ], [ -0.020942, 51.477458 ], [ -0.020745, 51.477457 ], [ -0.020742, 51.47777 ] ] ] } },
{ "type": "Feature", "properties": { "Map_Name": "Surrey Branch Gas Works", "First_Date": 1860, "Last_Date": 0, "Type": "Coal Gas", "Products": null, "QualityCon": "1", "Full_name": null, "Short_name": null, "Web_Link": null, "London_Fir": 1, "Londo_1st_": 1, "Web_refere": null }, "geometry": { "type": "Polygon", "coordinates": [ [ [ -0.021008, 51.478152 ], [ -0.019904, 51.478053 ], [ -0.019863, 51.477931 ], [ -0.019588, 51.47794 ], [ -0.019982, 51.477862 ], [ -0.020137, 51.477843 ], [ -0.020385, 51.477814 ], [ -0.020742, 51.477771 ], [ -0.021023, 51.477736 ], [ -0.021038, 51.477955 ], [ -0.021036, 51.478001 ], [ -0.021008, 51.478152 ] ] ] } },
{ "type": "Feature", "properties": { "Map_Name": "Phoenix Gas Works", "First_Date": 1860, "Last_Date": 0, "Type": "Coal Gas", "Products": "Gas", "QualityCon": "1", "Full_name": null, "Short_name": null, "Web_Link": null, "London_Fir": 1, "Londo_1st_": 1, "Web_refere": null }, "geometry": { "type": "Polygon", "coordinates": [ [ [ -0.01642, 51.483012 ], [ -0.01648, 51.482705 ], [ -0.016401, 51.482342 ], [ -0.015722, 51.482399 ], [ -0.015877, 51.482121 ], [ -0.015969, 51.481933 ], [ -0.016184, 51.481983 ], [ -0.01653, 51.482064 ], [ -0.016915, 51.482154 ], [ -0.017192, 51.482221 ], [ -0.01737, 51.4823 ], [ -0.017553, 51.482383 ], [ -0.017806, 51.482498 ], [ -0.01798, 51.482573 ], [ -0.018023, 51.482606 ], [ -0.018078, 51.482715 ], [ -0.018115, 51.48285 ], [ -0.018082, 51.482996 ], [ -0.018063, 51.483081 ], [ -0.018024, 51.483142 ], [ -0.017908, 51.483227 ], [ -0.017756, 51.483256 ], [ -0.017673, 51.483258 ], [ -0.01688, 51.483247 ], [ -0.016411, 51.483245 ], [ -0.016408, 51.483088 ], [ -0.01642, 51.483012 ] ] ] } },
{ "type": "Feature", "properties": { "Map_Name": "General Steam Navigation Company's Works", "First_Date": 1860, "Last_Date": 0, "Type": "Engineering", "Products": "Engineering", "QualityCon": "1", "Full_name": null, "Short_name": null, "Web_Link": null, "London_Fir": 1, "Londo_1st_": 1, "Web_refere": null }, "geometry": { "type": "Polygon", "coordinates": [ [ [ -0.020211, 51.481631 ], [ -0.020209, 51.48165 ], [ -0.020144, 51.481781 ], [ -0.020089, 51.481946 ], [ -0.019952, 51.482334 ], [ -0.019905, 51.482486 ], [ -0.019862, 51.482616 ], [ -0.019758, 51.482908 ], [ -0.019701, 51.483066 ], [ -0.01962, 51.483253 ], [ -0.019547, 51.48342 ], [ -0.019519, 51.483484 ], [ -0.019416, 51.483646 ], [ -0.019311, 51.483618 ], [ -0.019087, 51.483561 ], [ -0.018943, 51.483522 ], [ -0.018918, 51.48349 ], [ -0.018889, 51.483435 ], [ -0.018863, 51.48338 ], [ -0.018971, 51.48338 ], [ -0.019113, 51.483408 ], [ -0.019143, 51.483344 ], [ -0.01883, 51.48329 ], [ -0.018779, 51.483143 ], [ -0.018735, 51.483026 ], [ -0.018715, 51.482901 ], [ -0.018675, 51.48269 ], [ -0.01866, 51.48268 ], [ -0.018649, 51.482662 ], [ -0.018648, 51.482645 ], [ -0.018667, 51.48262 ], [ -0.018652, 51.482569 ], [ -0.018628, 51.482511 ], [ -0.01859, 51.482391 ], [ -0.018537, 51.482314 ], [ -0.018448, 51.482203 ], [ -0.018339, 51.48209 ], [ -0.018236, 51.48199 ], [ -0.018211, 51.481975 ], [ -0.017986, 51.481916 ], [ -0.017983, 51.481906 ], [ -0.017989, 51.481895 ], [ -0.017976, 51.481711 ], [ -0.018123, 51.481729 ], [ -0.018288, 51.481739 ], [ -0.01846, 51.48176 ], [ -0.018524, 51.481779 ], [ -0.018645, 51.48182 ], [ -0.018682, 51.481831 ], [ -0.018746, 51.481845 ], [ -0.01885, 51.481818 ], [ -0.019034, 51.481729 ], [ -0.019212, 51.481644 ], [ -0.01932, 51.481595 ], [ -0.019344, 51.481586 ], [ -0.019392, 51.481575 ], [ -0.019455, 51.481573 ], [ -0.019448, 51.481618 ], [ -0.019517, 51.481627 ], [ -0.019543, 51.481608 ], [ -0.020211, 51.481631 ] ] ] } },
{ "type": "Feature", "properties": { "Map_Name": "Flour Mill", "First_Date": 1860, "Last_Date": 0, "Type": "Grain Mill", "Products": null, "QualityCon": "1", "Full_name": null, "Short_name": null, "Web_Link": null, "London_Fir": 1, "Londo_1st_": 1, "Web_refere": null }, "geometry": { "type": "Polygon", "coordinates": [ [ [ -0.021548, 51.475311 ], [ -0.021403, 51.475339 ], [ -0.021282, 51.475243 ], [ -0.021217, 51.475253 ], [ -0.02117, 51.475216 ], [ -0.02098, 51.475082 ], [ -0.021058, 51.475043 ], [ -0.02115, 51.475109 ], [ -0.021381, 51.475059 ], [ -0.021487, 51.475222 ], [ -0.021548, 51.475311 ] ] ] } },
{ "type": "Feature", "properties": { "Map_Name": "Deptford Brewery", "First_Date": 1860, "Last_Date": 0, "Type": "Brewing", "Products": null, "QualityCon": "1", "Full_name": null, "Short_name": null, "Web_Link": null, "London_Fir": 1, "Londo_1st_": 1, "Web_refere": null }, "geometry": { "type": "Polygon", "coordinates": [ [ [ -0.023615, 51.474193 ], [ -0.023687, 51.473923 ], [ -0.023593, 51.473748 ], [ -0.023567, 51.473689 ], [ -0.023483, 51.473543 ], [ -0.023458, 51.473547 ], [ -0.023427, 51.473496 ], [ -0.023646, 51.473416 ], [ -0.023876, 51.473338 ], [ -0.023919, 51.473388 ], [ -0.023976, 51.473505 ], [ -0.024044, 51.473639 ], [ -0.02408, 51.473746 ], [ -0.024132, 51.473909 ], [ -0.024145, 51.474115 ], [ -0.024128, 51.474266 ], [ -0.024118, 51.474428 ], [ -0.024098, 51.474441 ], [ -0.024057, 51.474449 ], [ -0.023864, 51.474433 ], [ -0.023886, 51.474347 ], [ -0.023895, 51.474264 ], [ -0.023882, 51.474207 ], [ -0.023615, 51.474193 ] ] ] } },
{ "type": "Feature", "properties": { "Map_Name": "Color Works", "First_Date": 1860, "Last_Date": 0, "Type": "Varnish Colour and Paint", "Products": null, "QualityCon": "1", "Full_name": null, "Short_name": null, "Web_Link": null, "London_Fir": 1, "Londo_1st_": 1, "Web_refere": null }, "geometry": { "type": "Polygon", "coordinates": [ [ [ -0.027836, 51.474009 ], [ -0.027749, 51.474201 ], [ -0.027637, 51.474181 ], [ -0.027618, 51.474223 ], [ -0.027455, 51.474193 ], [ -0.027503, 51.474083 ], [ -0.027609, 51.474029 ], [ -0.027836, 51.474009 ] ] ] } },
{ "type": "Feature", "properties": { "Map_Name": "Engine Works", "First_Date": 1860, "Last_Date": 0, "Type": "Engineering", "Products": "Engineering", "QualityCon": "1", "Full_name": null, "Short_name": null, "Web_Link": null, "London_Fir": 1, "Londo_1st_": 1, "Web_refere": null }, "geometry": { "type": "Polygon", "coordinates": [ [ [ -0.019107, 51.471372 ], [ -0.019178, 51.471668 ], [ -0.019278, 51.472078 ], [ -0.01939, 51.472544 ], [ -0.019434, 51.472725 ], [ -0.019439, 51.472796 ], [ -0.019358, 51.472896 ], [ -0.019204, 51.472905 ], [ -0.018766, 51.472918 ], [ -0.018516, 51.472921 ], [ -0.018458, 51.472947 ], [ -0.018375, 51.472927 ], [ -0.018371, 51.472955 ], [ -0.01831, 51.472949 ], [ -0.018259, 51.472981 ], [ -0.018084, 51.472994 ], [ -0.018099, 51.473045 ], [ -0.018072, 51.473134 ], [ -0.017618, 51.473095 ], [ -0.017158, 51.473057 ], [ -0.016834, 51.473038 ], [ -0.016813, 51.473031 ], [ -0.016823, 51.472875 ], [ -0.016807, 51.472853 ], [ -0.016448, 51.472842 ], [ -0.016401, 51.472839 ], [ -0.016402, 51.472822 ], [ -0.016202, 51.472821 ], [ -0.016199, 51.472907 ], [ -0.016039, 51.472898 ], [ -0.016068, 51.472646 ], [ -0.015986, 51.47264 ], [ -0.015889, 51.472624 ], [ -0.015912, 51.472492 ], [ -0.015629, 51.472448 ], [ -0.015638, 51.472416 ], [ -0.015965, 51.472328 ], [ -0.015992, 51.47233 ], [ -0.016029, 51.472344 ], [ -0.016265, 51.472293 ], [ -0.016273, 51.472276 ], [ -0.016321, 51.472263 ], [ -0.016451, 51.472256 ], [ -0.01645, 51.472211 ], [ -0.019107, 51.471372 ] ] ] } },
{ "type": "Feature", "properties": { "Map_Name": "Engine Works", "First_Date": 1860, "Last_Date": 0, "Type": "Engineering", "Products": "Engineering", "QualityCon": "1", "Full_name": null, "Short_name": null, "Web_Link": null, "London_Fir": 1, "Londo_1st_": 1, "Web_refere": null }, "geometry": { "type": "Polygon", "coordinates": [ [ [ -0.017608, 51.478621 ], [ -0.017591, 51.478993 ], [ -0.017361, 51.479152 ], [ -0.017142, 51.479306 ], [ -0.016759, 51.479577 ], [ -0.016706, 51.479614 ], [ -0.016489, 51.47952 ], [ -0.016287, 51.479431 ], [ -0.016167, 51.479382 ], [ -0.015854, 51.479224 ], [ -0.015682, 51.47914 ], [ -0.016211, 51.478897 ], [ -0.015485, 51.478404 ], [ -0.015764, 51.478388 ], [ -0.015755, 51.478292 ], [ -0.016218, 51.47828 ], [ -0.016847, 51.478268 ], [ -0.017329, 51.478264 ], [ -0.017311, 51.478571 ], [ -0.017418, 51.478616 ], [ -0.01746, 51.478617 ], [ -0.017608, 51.478621 ] ] ] } },
{ "type": "Feature", "properties": { "Map_Name": "Asphalt and Paving Works", "First_Date": 1890, "Last_Date": 0, "Type": "Asphalt", "Products": null, "QualityCon": "1", "Full_name": null, "Short_name": null, "Web_Link": null, "London_Fir": 0, "Londo_1st_": 1, "Web_refere": null }, "geometry": { "type": "Polygon", "coordinates": [ [ [ -0.019837, 51.479262 ], [ -0.019286, 51.479214 ], [ -0.019343, 51.479023 ], [ -0.01937, 51.478935 ], [ -0.019397, 51.478821 ], [ -0.019428, 51.478681 ], [ -0.019453, 51.478584 ], [ -0.019797, 51.478612 ], [ -0.02032, 51.47865 ], [ -0.020303, 51.478761 ], [ -0.020286, 51.478835 ], [ -0.020171, 51.478851 ], [ -0.020054, 51.478948 ], [ -0.020028, 51.478994 ], [ -0.019969, 51.479011 ], [ -0.019837, 51.479262 ] ] ] } },
{ "type": "Feature", "properties": { "Map_Name": "Sack and bag Works", "First_Date": 1890, "Last_Date": 0, "Type": "Fiber", "Products": null, "QualityCon": "1", "Full_name": null, "Short_name": null, "Web_Link": null, "London_Fir": 0, "Londo_1st_": 1, "Web_refere": null }, "geometry": { "type": "Polygon", "coordinates": [ [ [ 0.006183, 51.512985 ], [ 0.007257, 51.512831 ], [ 0.007264, 51.512816 ], [ 0.007301, 51.512815 ], [ 0.007308, 51.512721 ], [ 0.007262, 51.512716 ], [ 0.007241, 51.512659 ], [ 0.006123, 51.512833 ], [ 0.006183, 51.512985 ] ] ] } },
{ "type": "Feature", "properties": { "Map_Name": "Oil Refinery", "First_Date": 1890, "Last_Date": 0, "Type": "Oil and Petroleum", "Products": null, "QualityCon": "1", "Full_name": null, "Short_name": null, "Web_Link": null, "London_Fir": 0, "Londo_1st_": 1, "Web_refere": null }, "geometry": { "type": "Polygon", "coordinates": [ [ [ 0.006061, 51.512664 ], [ 0.005868, 51.512153 ], [ 0.005124, 51.512275 ], [ 0.005142, 51.512328 ], [ 0.005166, 51.512481 ], [ 0.0052, 51.512685 ], [ 0.005218, 51.512787 ], [ 0.006061, 51.512664 ] ] ] } },
{ "type": "Feature", "properties": { "Map_Name": "Galvanized Iron Works", "First_Date": 1890, "Last_Date": 0, "Type": "Metal", "Products": "Iron", "QualityCon": "1", "Full_name": null, "Short_name": null, "Web_Link": null, "London_Fir": 0, "Londo_1st_": 1, "Web_refere": null }, "geometry": { "type": "Polygon", "coordinates": [ [ [ 0.006218, 51.512655 ], [ 0.007198, 51.512511 ], [ 0.007159, 51.512427 ], [ 0.007149, 51.512425 ], [ 0.007129, 51.51238 ], [ 0.007044, 51.512188 ], [ 0.006874, 51.511939 ], [ 0.005994, 51.512073 ], [ 0.006102, 51.512345 ], [ 0.006218, 51.512655 ] ] ] } },
{ "type": "Feature", "properties": { "Map_Name": "Oil Mills", "First_Date": 1890, "Last_Date": 0, "Type": "Soap Candle Tallow and Oil", "Products": null, "QualityCon": "1", "Full_name": null, "Short_name": "Oil Mills", "Web_Link": null, "London_Fir": 0, "Londo_1st_": 1, "Web_refere": null }, "geometry": { "type": "Polygon", "coordinates": [ [ [ 0.005807, 51.511702 ], [ 0.006571, 51.511594 ], [ 0.00664, 51.511583 ], [ 0.00654, 51.511371 ], [ 0.00646, 51.511231 ], [ 0.006299, 51.511107 ], [ 0.006121, 51.510968 ], [ 0.005906, 51.510792 ], [ 0.005844, 51.510732 ], [ 0.005747, 51.510624 ], [ 0.005349, 51.510721 ], [ 0.005298, 51.510733 ], [ 0.00537, 51.510847 ], [ 0.00544, 51.510956 ], [ 0.005498, 51.511055 ], [ 0.005575, 51.511192 ], [ 0.005652, 51.51133 ], [ 0.005724, 51.511463 ], [ 0.005807, 51.511702 ] ] ] } },
{ "type": "Feature", "properties": { "Map_Name": "Biscuit Manufactory", "First_Date": 1890, "Last_Date": 0, "Type": "Food", "Products": null, "QualityCon": "1", "Full_name": null, "Short_name": null, "Web_Link": null, "London_Fir": 0, "Londo_1st_": 1, "Web_refere": null }, "geometry": { "type": "Polygon", "coordinates": [ [ [ -0.051384, 51.509737 ], [ -0.051443, 51.510132 ], [ -0.050968, 51.510152 ], [ -0.050926, 51.50975 ], [ -0.051384, 51.509737 ] ] ] } },
{ "type": "Feature", "properties": { "Map_Name": "Brass Foundry", "First_Date": 1890, "Last_Date": 0, "Type": "Metal", "Products": null, "QualityCon": "1", "Full_name": null, "Short_name": null, "Web_Link": null, "London_Fir": 0, "Londo_1st_": 1, "Web_refere": null }, "geometry": { "type": "Polygon", "coordinates": [ [ [ -0.070827, 51.518713 ], [ -0.070624, 51.518746 ], [ -0.070657, 51.518824 ], [ -0.070532, 51.518839 ], [ -0.070509, 51.518793 ], [ -0.070472, 51.518797 ], [ -0.070344, 51.518531 ], [ -0.070365, 51.518527 ], [ -0.070317, 51.518425 ], [ -0.070582, 51.518381 ], [ -0.070692, 51.518612 ], [ -0.07078, 51.518601 ], [ -0.070827, 51.518713 ] ] ] } },
{ "type": "Feature", "properties": { "Map_Name": "Fur Skin Dressing and Dye Works", "First_Date": 1890, "Last_Date": 0, "Type": "Leather and Skins", "Products": null, "QualityCon": "1", "Full_name": null, "Short_name": null, "Web_Link": null, "London_Fir": 0, "Londo_1st_": 1, "Web_refere": null }, "geometry": { "type": "Polygon", "coordinates": [ [ [ -0.070354, 51.519313 ], [ -0.070312, 51.519319 ], [ -0.07027, 51.519321 ], [ -0.070232, 51.519322 ], [ -0.070022, 51.519345 ], [ -0.069785, 51.51937 ], [ -0.069699, 51.519374 ], [ -0.069676, 51.519316 ], [ -0.070328, 51.519221 ], [ -0.070354, 51.519313 ] ] ] } },
{ "type": "Feature", "properties": { "Map_Name": "Cresent Foundry", "First_Date": 1890, "Last_Date": 0, "Type": "Metal", "Products": null, "QualityCon": "1", "Full_name": null, "Short_name": null, "Web_Link": null, "London_Fir": 0, "Londo_1st_": 1, "Web_refere": null }, "geometry": { "type": "Polygon", "coordinates": [ [ [ -0.068962, 51.519616 ], [ -0.068967, 51.519653 ], [ -0.068941, 51.519644 ], [ -0.068929, 51.51963 ], [ -0.068888, 51.519636 ], [ -0.06867, 51.519648 ], [ -0.068522, 51.519656 ], [ -0.068481, 51.519645 ], [ -0.068433, 51.519539 ], [ -0.068389, 51.51944 ], [ -0.068354, 51.519444 ], [ -0.068346, 51.519425 ], [ -0.068701, 51.519364 ], [ -0.068693, 51.519335 ], [ -0.069027, 51.519289 ], [ -0.069048, 51.519357 ], [ -0.069073, 51.519407 ], [ -0.069109, 51.519402 ], [ -0.069119, 51.519434 ], [ -0.068915, 51.519461 ], [ -0.068962, 51.519616 ] ] ] } },
{ "type": "Feature", "properties": { "Map_Name": "Saw Mill", "First_Date": 1890, "Last_Date": 0, "Type": "Timber Mill", "Products": null, "QualityCon": "1", "Full_name": null, "Short_name": null, "Web_Link": null, "London_Fir": 0, "Londo_1st_": 1, "Web_refere": null }, "geometry": { "type": "Polygon", "coordinates": [ [ [ -0.072655, 51.523766 ], [ -0.072457, 51.523762 ], [ -0.072308, 51.523754 ], [ -0.072307, 51.523689 ], [ -0.072467, 51.52369 ], [ -0.072469, 51.523684 ], [ -0.072663, 51.523687 ], [ -0.072655, 51.523766 ] ] ] } },
{ "type": "Feature", "properties": { "Map_Name": "Silk Dye Works", "First_Date": 1890, "Last_Date": 0, "Type": "Cloth and Clothing", "Products": null, "QualityCon": "1", "Full_name": null, "Short_name": null, "Web_Link": null, "London_Fir": 0, "Londo_1st_": 1, "Web_refere": null }, "geometry": { "type": "Polygon", "coordinates": [ [ [ -0.055055, 51.530118 ], [ -0.055118, 51.530106 ], [ -0.055124, 51.53011 ], [ -0.055374, 51.530065 ], [ -0.055455, 51.530345 ], [ -0.055395, 51.530354 ], [ -0.055393, 51.530339 ], [ -0.055311, 51.530363 ], [ -0.055321, 51.530387 ], [ -0.055258, 51.530392 ], [ -0.055215, 51.530335 ], [ -0.055097, 51.530343 ], [ -0.055073, 51.530295 ], [ -0.055133, 51.530281 ], [ -0.055055, 51.530118 ] ] ] } },
{ "type": "Feature", "properties": { "Map_Name": "Bethnal Green Starch Works", "First_Date": 1890, "Last_Date": 0, "Type": "General", "Products": null, "QualityCon": "1", "Full_name": null, "Short_name": null, "Web_Link": null, "London_Fir": 0, "Londo_1st_": 1, "Web_refere": null }, "geometry": { "type": "Polygon", "coordinates": [ [ [ -0.055668, 51.530299 ], [ -0.055448, 51.53032 ], [ -0.055374, 51.530064 ], [ -0.055238, 51.530088 ], [ -0.055212, 51.530034 ], [ -0.05514, 51.529876 ], [ -0.055087, 51.529765 ], [ -0.055103, 51.529763 ], [ -0.055094, 51.529744 ], [ -0.055105, 51.529742 ], [ -0.055095, 51.529721 ], [ -0.055239, 51.529695 ], [ -0.055202, 51.52959 ], [ -0.055645, 51.529526 ], [ -0.05573, 51.529866 ], [ -0.055847, 51.530285 ], [ -0.055668, 51.530299 ] ] ] } },
{ "type": "Feature", "properties": { "Map_Name": "White Lead Works", "First_Date": 1890, "Last_Date": 0, "Type": "Varnish Colour and Paint", "Products": null, "QualityCon": "1", "Full_name": null, "Short_name": null, "Web_Link": null, "London_Fir": 0, "Londo_1st_": 1, "Web_refere": null }, "geometry": { "type": "Polygon", "coordinates": [ [ [ -0.057373, 51.529286 ], [ -0.05697, 51.529331 ], [ -0.056936, 51.529207 ], [ -0.056882, 51.529212 ], [ -0.056833, 51.52902 ], [ -0.056796, 51.528875 ], [ -0.05674, 51.52865 ], [ -0.057318, 51.528561 ], [ -0.057395, 51.528843 ], [ -0.057506, 51.529278 ], [ -0.0575, 51.529291 ], [ -0.057378, 51.529303 ], [ -0.057373, 51.529286 ] ] ] } },
{ "type": "Feature", "properties": { "Map_Name": "Trimming Manufactory", "First_Date": 1890, "Last_Date": 0, "Type": "General", "Products": null, "QualityCon": "1", "Full_name": null, "Short_name": null, "Web_Link": null, "London_Fir": 0, "Londo_1st_": 1, "Web_refere": null }, "geometry": { "type": "Polygon", "coordinates": [ [ [ -0.057164, 51.528052 ], [ -0.056917, 51.528085 ], [ -0.056876, 51.527952 ], [ -0.05683, 51.527955 ], [ -0.056789, 51.527803 ], [ -0.056822, 51.527799 ], [ -0.056827, 51.527794 ], [ -0.057082, 51.527768 ], [ -0.057164, 51.528052 ] ] ] } },
{ "type": "Feature", "properties": { "Map_Name": "Saw Mill", "First_Date": 1890, "Last_Date": 0, "Type": "Timber Mill", "Products": null, "QualityCon": "1", "Full_name": null, "Short_name": null, "Web_Link": null, "London_Fir": 0, "Londo_1st_": 1, "Web_refere": null }, "geometry": { "type": "Polygon", "coordinates": [ [ [ -0.062082, 51.532132 ], [ -0.061748, 51.532192 ], [ -0.061722, 51.53215 ], [ -0.061772, 51.532137 ], [ -0.061758, 51.532105 ], [ -0.061853, 51.53209 ], [ -0.061837, 51.532071 ], [ -0.061886, 51.532062 ], [ -0.061884, 51.532053 ], [ -0.061923, 51.532046 ], [ -0.06193, 51.532054 ], [ -0.061979, 51.532047 ], [ -0.06196, 51.532001 ], [ -0.062021, 51.531992 ], [ -0.062082, 51.532132 ] ] ] } },
{ "type": "Feature", "properties": { "Map_Name": "Brewery", "First_Date": 1860, "Last_Date": 0, "Type": "Brewing", "Products": null, "QualityCon": "1", "Full_name": null, "Short_name": null, "Web_Link": null, "London_Fir": 1, "Londo_1st_": 1, "Web_refere": null }, "geometry": { "type": "Polygon", "coordinates": [ [ [ -0.066745, 51.53141 ], [ -0.066801, 51.531744 ], [ -0.06667, 51.53175 ], [ -0.066681, 51.531815 ], [ -0.066545, 51.531815 ], [ -0.066544, 51.531663 ], [ -0.066522, 51.531664 ], [ -0.066497, 51.531614 ], [ -0.066445, 51.531474 ], [ -0.066483, 51.531469 ], [ -0.066473, 51.531422 ], [ -0.066686, 51.531402 ], [ -0.066688, 51.531412 ], [ -0.066745, 51.53141 ] ] ] } },
{ "type": "Feature", "properties": { "Map_Name": "Cassland Rope Works", "First_Date": 1860, "Last_Date": 0, "Type": "Rope", "Products": null, "QualityCon": "1", "Full_name": null, "Short_name": null, "Web_Link": null, "London_Fir": 1, "Londo_1st_": 1, "Web_refere": null }, "geometry": { "type": "Polygon", "coordinates": [ [ [ -0.041983, 51.544799 ], [ -0.041985, 51.544845 ], [ -0.040778, 51.544831 ], [ -0.04004, 51.544824 ], [ -0.03921, 51.544809 ], [ -0.039208, 51.544769 ], [ -0.041983, 51.544799 ] ] ] } },
{ "type": "Feature", "properties": { "Map_Name": "Cassland Rope Works", "First_Date": 1890, "Last_Date": 0, "Type": "Rope", "Products": null, "QualityCon": "1", "Full_name": null, "Short_name": null, "Web_Link": null, "London_Fir": 0, "Londo_1st_": 1, "Web_refere": null }, "geometry": { "type": "Polygon", "coordinates": [ [ [ -0.045259, 51.544804 ], [ -0.044829, 51.544733 ], [ -0.044382, 51.544701 ], [ -0.043878, 51.544716 ], [ -0.043116, 51.544816 ], [ -0.042743, 51.54487 ], [ -0.042365, 51.544895 ], [ -0.042355, 51.544803 ], [ -0.042586, 51.544797 ], [ -0.042768, 51.544787 ], [ -0.042719, 51.544638 ], [ -0.043454, 51.544532 ], [ -0.043813, 51.544484 ], [ -0.043803, 51.544416 ], [ -0.044167, 51.544455 ], [ -0.044675, 51.544505 ], [ -0.044971, 51.54453 ], [ -0.045033, 51.544514 ], [ -0.045165, 51.544588 ], [ -0.04521, 51.544612 ], [ -0.045291, 51.544593 ], [ -0.045446, 51.544718 ], [ -0.045259, 51.544804 ] ] ] } },
{ "type": "Feature", "properties": { "Map_Name": "Color Works", "First_Date": 1890, "Last_Date": 0, "Type": "Varnish Colour and Paint", "Products": "Color Works", "QualityCon": "1", "Full_name": null, "Short_name": null, "Web_Link": null, "London_Fir": 0, "Londo_1st_": 1, "Web_refere": null }, "geometry": { "type": "Polygon", "coordinates": [ [ [ -0.045848, 51.544993 ], [ -0.045882, 51.544997 ], [ -0.045965, 51.545031 ], [ -0.046051, 51.54511 ], [ -0.046074, 51.545186 ], [ -0.046071, 51.545356 ], [ -0.046065, 51.54544 ], [ -0.046136, 51.545533 ], [ -0.046203, 51.54562 ], [ -0.046321, 51.545756 ], [ -0.046404, 51.545866 ], [ -0.046477, 51.545986 ], [ -0.046529, 51.546113 ], [ -0.046611, 51.546287 ], [ -0.046744, 51.546468 ], [ -0.046902, 51.546626 ], [ -0.046971, 51.546694 ], [ -0.046929, 51.546717 ], [ -0.047001, 51.546799 ], [ -0.047105, 51.546877 ], [ -0.047202, 51.546929 ], [ -0.047465, 51.547046 ], [ -0.047501, 51.547068 ], [ -0.047577, 51.547179 ], [ -0.047536, 51.547331 ], [ -0.047512, 51.547452 ], [ -0.047472, 51.547446 ], [ -0.047447, 51.547577 ], [ -0.047435, 51.547691 ], [ -0.047397, 51.54772 ], [ -0.047331, 51.547717 ], [ -0.04733, 51.547695 ], [ -0.047243, 51.547691 ], [ -0.047236, 51.547758 ], [ -0.047198, 51.547791 ], [ -0.04709, 51.547788 ], [ -0.046973, 51.547765 ], [ -0.046923, 51.547764 ], [ -0.046801, 51.547728 ], [ -0.046711, 51.547718 ], [ -0.046703, 51.547708 ], [ -0.046644, 51.547714 ], [ -0.046562, 51.547705 ], [ -0.046516, 51.547709 ], [ -0.046513, 51.547671 ], [ -0.046438, 51.547679 ], [ -0.046322, 51.54749 ], [ -0.046182, 51.547292 ], [ -0.045958, 51.547 ], [ -0.045687, 51.546685 ], [ -0.045399, 51.546321 ], [ -0.045174, 51.545999 ], [ -0.045132, 51.545962 ], [ -0.04501, 51.545787 ], [ -0.044956, 51.545707 ], [ -0.045361, 51.545474 ], [ -0.045616, 51.54522 ], [ -0.045622, 51.545175 ], [ -0.04575, 51.545042 ], [ -0.045801, 51.545004 ], [ -0.045848, 51.544993 ] ] ] } },
{ "type": "Feature", "properties": { "Map_Name": "Lea Chemical Works", "First_Date": 1890, "Last_Date": 0, "Type": "Chemical", "Products": null, "QualityCon": "1", "Full_name": null, "Short_name": null, "Web_Link": null, "London_Fir": 0, "Londo_1st_": 1, "Web_refere": null }, "geometry": { "type": "Polygon", "coordinates": [ [ [ -0.023123, 51.542527 ], [ -0.021914, 51.542748 ], [ -0.021845, 51.542648 ], [ -0.021609, 51.542176 ], [ -0.021621, 51.542121 ], [ -0.021668, 51.542076 ], [ -0.021881, 51.54196 ], [ -0.022308, 51.541765 ], [ -0.022661, 51.541626 ], [ -0.022979, 51.542056 ], [ -0.023042, 51.542287 ], [ -0.023123, 51.542527 ] ] ] } },
{ "type": "Feature", "properties": { "Map_Name": "Pharos Chemical Works", "First_Date": 1890, "Last_Date": 0, "Type": "Chemical", "Products": null, "QualityCon": "1", "Full_name": null, "Short_name": null, "Web_Link": null, "London_Fir": 0, "Londo_1st_": 1, "Web_refere": null }, "geometry": { "type": "Polygon", "coordinates": [ [ [ -0.023086, 51.541426 ], [ -0.023456, 51.541891 ], [ -0.022934, 51.541996 ], [ -0.022661, 51.541626 ], [ -0.023086, 51.541426 ] ] ] } },
{ "type": "Feature", "properties": { "Map_Name": "London and Provincial Dye Works", "First_Date": 1890, "Last_Date": 0, "Type": "Chemical", "Products": "Dyes", "QualityCon": "1", "Full_name": null, "Short_name": null, "Web_Link": null, "London_Fir": 0, "Londo_1st_": 1, "Web_refere": null }, "geometry": { "type": "Polygon", "coordinates": [ [ [ -0.024094, 51.541684 ], [ -0.023423, 51.541849 ], [ -0.023086, 51.541426 ], [ -0.023454, 51.541258 ], [ -0.023511, 51.541311 ], [ -0.023683, 51.541257 ], [ -0.024094, 51.541684 ] ] ] } },
{ "type": "Feature", "properties": { "Map_Name": "London India Rubber Works", "First_Date": 1890, "Last_Date": 0, "Type": "Rubber and Gutta-Percha", "Products": null, "QualityCon": "1", "Full_name": null, "Short_name": null, "Web_Link": null, "London_Fir": 0, "Londo_1st_": 1, "Web_refere": null }, "geometry": { "type": "Polygon", "coordinates": [ [ [ -0.02816, 51.54415 ], [ -0.028148, 51.544175 ], [ -0.027323, 51.544266 ], [ -0.026947, 51.544308 ], [ -0.025995, 51.544412 ], [ -0.025768, 51.544079 ], [ -0.025907, 51.544075 ], [ -0.026412, 51.544024 ], [ -0.026878, 51.54398 ], [ -0.026897, 51.544031 ], [ -0.027611, 51.543917 ], [ -0.027783, 51.543872 ], [ -0.027902, 51.54404 ], [ -0.028017, 51.544107 ], [ -0.02816, 51.54415 ] ] ] } },
{ "type": "Feature", "properties": { "Map_Name": "Wick Lane Works (Paper Hangings)", "First_Date": 1890, "Last_Date": 0, "Type": "Paper", "Products": null, "QualityCon": "1", "Full_name": null, "Short_name": null, "Web_Link": null, "London_Fir": 0, "Londo_1st_": 1, "Web_refere": null }, "geometry": { "type": "Polygon", "coordinates": [ [ [ -0.026007, 51.537475 ], [ -0.025357, 51.537416 ], [ -0.024545, 51.537342 ], [ -0.024518, 51.537336 ], [ -0.024436, 51.537259 ], [ -0.024319, 51.537133 ], [ -0.024223, 51.536963 ], [ -0.024159, 51.536915 ], [ -0.024413, 51.536866 ], [ -0.024423, 51.536878 ], [ -0.025083, 51.536789 ], [ -0.025047, 51.536709 ], [ -0.024905, 51.536451 ], [ -0.024797, 51.536258 ], [ -0.024838, 51.536236 ], [ -0.024882, 51.536228 ], [ -0.024902, 51.536186 ], [ -0.025533, 51.536125 ], [ -0.02595, 51.536098 ], [ -0.026045, 51.536632 ], [ -0.026113, 51.537003 ], [ -0.026178, 51.53739 ], [ -0.0262, 51.537501 ], [ -0.026007, 51.537475 ] ] ] } },
{ "type": "Feature", "properties": { "Map_Name": "Wick Lane Color Works", "First_Date": 1890, "Last_Date": 0, "Type": "Varnish Colour and Paint", "Products": null, "QualityCon": "1", "Full_name": null, "Short_name": null, "Web_Link": null, "London_Fir": 0, "Londo_1st_": 1, "Web_refere": null }, "geometry": { "type": "Polygon", "coordinates": [ [ [ -0.024413, 51.536866 ], [ -0.024159, 51.536915 ], [ -0.0241, 51.536797 ], [ -0.024021, 51.536562 ], [ -0.024048, 51.53656 ], [ -0.024043, 51.536535 ], [ -0.024213, 51.536506 ], [ -0.02422, 51.536526 ], [ -0.024239, 51.536523 ], [ -0.024413, 51.536866 ] ] ] } },
{ "type": "Feature", "properties": { "Map_Name": "Iron Building and Roofing Works", "First_Date": 1890, "Last_Date": 0, "Type": "Metal", "Products": null, "QualityCon": "1", "Full_name": null, "Short_name": null, "Web_Link": null, "London_Fir": 0, "Londo_1st_": 1, "Web_refere": null }, "geometry": { "type": "Polygon", "coordinates": [ [ [ -0.02196, 51.530541 ], [ -0.021848, 51.530423 ], [ -0.021899, 51.5304 ], [ -0.022013, 51.53032 ], [ -0.022115, 51.530228 ], [ -0.022228, 51.53012 ], [ -0.022246, 51.530131 ], [ -0.022382, 51.530016 ], [ -0.022341, 51.529995 ], [ -0.022403, 51.529938 ], [ -0.022492, 51.529893 ], [ -0.02271, 51.530192 ], [ -0.022799, 51.53031 ], [ -0.02271, 51.530325 ], [ -0.02196, 51.530541 ] ] ] } },
{ "type": "Feature", "properties": { "Map_Name": "Bow Tank Works", "First_Date": 1890, "Last_Date": 0, "Type": "Engineering", "Products": null, "QualityCon": "1", "Full_name": null, "Short_name": null, "Web_Link": null, "London_Fir": 0, "Londo_1st_": 1, "Web_refere": null }, "geometry": { "type": "Polygon", "coordinates": [ [ [ -0.015746, 51.527848 ], [ -0.015176, 51.527976 ], [ -0.014983, 51.527694 ], [ -0.01495, 51.527657 ], [ -0.015324, 51.527532 ], [ -0.015545, 51.527483 ], [ -0.015746, 51.527848 ] ] ] } },
{ "type": "Feature", "properties": { "Map_Name": "Brass and Iron Foundry", "First_Date": 1890, "Last_Date": 0, "Type": "Metal", "Products": null, "QualityCon": "1", "Full_name": null, "Short_name": null, "Web_Link": null, "London_Fir": 0, "Londo_1st_": 1, "Web_refere": null }, "geometry": { "type": "Polygon", "coordinates": [ [ [ -0.016755, 51.527236 ], [ -0.016817, 51.527352 ], [ -0.01673, 51.527368 ], [ -0.016751, 51.52741 ], [ -0.016687, 51.527426 ], [ -0.016666, 51.527384 ], [ -0.016648, 51.527386 ], [ -0.016638, 51.52737 ], [ -0.016432, 51.527408 ], [ -0.01638, 51.527315 ], [ -0.016755, 51.527236 ] ] ] } },
{ "type": "Feature", "properties": { "Map_Name": "Match Manufactory", "First_Date": 1890, "Last_Date": 0, "Type": "Chemical", "Products": null, "QualityCon": "1", "Full_name": null, "Short_name": null, "Web_Link": null, "London_Fir": 0, "Londo_1st_": 1, "Web_refere": null }, "geometry": { "type": "Polygon", "coordinates": [ [ [ -0.013016, 51.521385 ], [ -0.012141, 51.521502 ], [ -0.011897, 51.520715 ], [ -0.01264, 51.520406 ], [ -0.012795, 51.520555 ], [ -0.013016, 51.521385 ] ] ] } },
{ "type": "Feature", "properties": { "Map_Name": "Oil Works", "First_Date": 1890, "Last_Date": 0, "Type": "Oil and Petroleum", "Products": null, "QualityCon": "1", "Full_name": null, "Short_name": null, "Web_Link": null, "London_Fir": 0, "Londo_1st_": 1, "Web_refere": null }, "geometry": { "type": "Polygon", "coordinates": [ [ [ -0.049391, 51.509055 ], [ -0.049464, 51.509384 ], [ -0.049373, 51.509389 ], [ -0.049373, 51.50941 ], [ -0.049087, 51.509432 ], [ -0.049072, 51.509395 ], [ -0.049031, 51.509354 ], [ -0.048996, 51.509283 ], [ -0.04898, 51.50926 ], [ -0.04894, 51.509086 ], [ -0.049391, 51.509055 ] ] ] } },
{ "type": "Feature", "properties": { "Map_Name": "Tower Works (Cork)", "First_Date": 1890, "Last_Date": 0, "Type": "General", "Products": null, "QualityCon": "1", "Full_name": null, "Short_name": null, "Web_Link": null, "London_Fir": 0, "Londo_1st_": 1, "Web_refere": null }, "geometry": { "type": "Polygon", "coordinates": [ [ [ -0.065205, 51.504192 ], [ -0.065098, 51.504369 ], [ -0.064932, 51.504336 ], [ -0.064905, 51.504347 ], [ -0.06473, 51.504318 ], [ -0.064847, 51.50409 ], [ -0.065205, 51.504192 ] ] ] } },
{ "type": "Feature", "properties": { "Map_Name": "Leather Factory", "First_Date": 1890, "Last_Date": 0, "Type": "Leather and Skins", "Products": null, "QualityCon": "1", "Full_name": null, "Short_name": null, "Web_Link": null, "London_Fir": 0, "Londo_1st_": 1, "Web_refere": null }, "geometry": { "type": "Polygon", "coordinates": [ [ [ -0.081448, 51.501688 ], [ -0.081189, 51.501674 ], [ -0.081188, 51.50166 ], [ -0.081088, 51.501654 ], [ -0.081099, 51.501438 ], [ -0.081466, 51.501436 ], [ -0.081471, 51.501538 ], [ -0.081448, 51.501688 ] ] ] } },
{ "type": "Feature", "properties": { "Map_Name": "Jam Manufactory", "First_Date": 1890, "Last_Date": 0, "Type": "Food", "Products": null, "QualityCon": "1", "Full_name": null, "Short_name": null, "Web_Link": null, "London_Fir": 0, "Londo_1st_": 1, "Web_refere": null }, "geometry": { "type": "Polygon", "coordinates": [ [ [ -0.08685, 51.498873 ], [ -0.086511, 51.498713 ], [ -0.086298, 51.498626 ], [ -0.086444, 51.498591 ], [ -0.086525, 51.498555 ], [ -0.086486, 51.498488 ], [ -0.086492, 51.498455 ], [ -0.086469, 51.498404 ], [ -0.086404, 51.49828 ], [ -0.086353, 51.498233 ], [ -0.086341, 51.498216 ], [ -0.086467, 51.498106 ], [ -0.086984, 51.498373 ], [ -0.086966, 51.498445 ], [ -0.087085, 51.498504 ], [ -0.087143, 51.498543 ], [ -0.087376, 51.498541 ], [ -0.087737, 51.498741 ], [ -0.087989, 51.498892 ], [ -0.087921, 51.499073 ], [ -0.087894, 51.499158 ], [ -0.087698, 51.499331 ], [ -0.087515, 51.499262 ], [ -0.087572, 51.499217 ], [ -0.087442, 51.499155 ], [ -0.087543, 51.499064 ], [ -0.086954, 51.49879 ], [ -0.08685, 51.498873 ] ] ] } },
{ "type": "Feature", "properties": { "Map_Name": "Engineering Works", "First_Date": 1890, "Last_Date": 0, "Type": "Engineering", "Products": null, "QualityCon": "1", "Full_name": null, "Short_name": null, "Web_Link": null, "London_Fir": 0, "Londo_1st_": 1, "Web_refere": null }, "geometry": { "type": "Polygon", "coordinates": [ [ [ -0.085894, 51.497979 ], [ -0.085778, 51.49777 ], [ -0.08602, 51.497707 ], [ -0.086062, 51.497681 ], [ -0.086254, 51.497795 ], [ -0.08633, 51.497863 ], [ -0.086279, 51.497894 ], [ -0.086246, 51.497868 ], [ -0.086113, 51.49792 ], [ -0.086116, 51.497927 ], [ -0.085894, 51.497979 ] ] ] } },
{ "type": "Feature", "properties": { "Map_Name": "Tannery", "First_Date": 1890, "Last_Date": 0, "Type": "Leather and Skins", "Products": null, "QualityCon": "1", "Full_name": null, "Short_name": null, "Web_Link": null, "London_Fir": 0, "Londo_1st_": 1, "Web_refere": null }, "geometry": { "type": "Polygon", "coordinates": [ [ [ -0.084492, 51.498033 ], [ -0.084954, 51.497475 ], [ -0.084926, 51.497426 ], [ -0.085067, 51.497329 ], [ -0.085296, 51.497411 ], [ -0.085398, 51.497579 ], [ -0.085071, 51.497976 ], [ -0.084919, 51.498161 ], [ -0.084492, 51.498033 ] ] ] } },
{ "type": "Feature", "properties": { "Map_Name": "Tannery", "First_Date": 1890, "Last_Date": 0, "Type": "Leather and Skins", "Products": null, "QualityCon": "1", "Full_name": null, "Short_name": null, "Web_Link": null, "London_Fir": 0, "Londo_1st_": 1, "Web_refere": null }, "geometry": { "type": "Polygon", "coordinates": [ [ [ -0.084487, 51.497216 ], [ -0.083928, 51.496884 ], [ -0.084064, 51.49679 ], [ -0.084162, 51.496837 ], [ -0.084307, 51.496742 ], [ -0.084777, 51.497026 ], [ -0.084487, 51.497216 ] ] ] } },
{ "type": "Feature", "properties": { "Map_Name": "Spelter Manufactory", "First_Date": 1890, "Last_Date": 0, "Type": "Metal", "Products": "Zinc", "QualityCon": "1", "Full_name": null, "Short_name": null, "Web_Link": null, "London_Fir": 0, "Londo_1st_": 1, "Web_refere": null }, "geometry": { "type": "Polygon", "coordinates": [ [ [ -0.083928, 51.496884 ], [ -0.084487, 51.497216 ], [ -0.084404, 51.497278 ], [ -0.084384, 51.497307 ], [ -0.084232, 51.497256 ], [ -0.084169, 51.497211 ], [ -0.084105, 51.497181 ], [ -0.083863, 51.497055 ], [ -0.083793, 51.496974 ], [ -0.083928, 51.496884 ] ] ] } },
{ "type": "Feature", "properties": { "Map_Name": "Leather Factory", "First_Date": 1890, "Last_Date": 0, "Type": "Leather and Skins", "Products": null, "QualityCon": "1", "Full_name": null, "Short_name": null, "Web_Link": null, "London_Fir": 0, "Londo_1st_": 1, "Web_refere": null }, "geometry": { "type": "Polygon", "coordinates": [ [ [ -0.085239, 51.497204 ], [ -0.084778, 51.496944 ], [ -0.085024, 51.496761 ], [ -0.085072, 51.496762 ], [ -0.085277, 51.496634 ], [ -0.085254, 51.496597 ], [ -0.085278, 51.496589 ], [ -0.085339, 51.496683 ], [ -0.085373, 51.496674 ], [ -0.08541, 51.496735 ], [ -0.085377, 51.496745 ], [ -0.085403, 51.49679 ], [ -0.085446, 51.496777 ], [ -0.085485, 51.496809 ], [ -0.085546, 51.49678 ], [ -0.085598, 51.49682 ], [ -0.085679, 51.49678 ], [ -0.085696, 51.496793 ], [ -0.085535, 51.497119 ], [ -0.085482, 51.497224 ], [ -0.085443, 51.497314 ], [ -0.085239, 51.497204 ] ] ] } },
{ "type": "Feature", "properties": { "Map_Name": "Glass Works", "First_Date": 1890, "Last_Date": 0, "Type": "Glass", "Products": null, "QualityCon": "1", "Full_name": null, "Short_name": null, "Web_Link": null, "London_Fir": 0, "Londo_1st_": 1, "Web_refere": null }, "geometry": { "type": "Polygon", "coordinates": [ [ [ -0.096195, 51.495998 ], [ -0.096326, 51.495874 ], [ -0.096487, 51.495688 ], [ -0.096667, 51.495746 ], [ -0.096473, 51.495953 ], [ -0.096365, 51.496073 ], [ -0.096195, 51.495998 ] ] ] } },
{ "type": "Feature", "properties": { "Map_Name": "Rockingham Basket Works", "First_Date": 1890, "Last_Date": 0, "Type": "General", "Products": null, "QualityCon": "1", "Full_name": null, "Short_name": null, "Web_Link": null, "London_Fir": 0, "Londo_1st_": 1, "Web_refere": null }, "geometry": { "type": "Polygon", "coordinates": [ [ [ -0.096625, 51.496203 ], [ -0.096365, 51.496074 ], [ -0.09645, 51.49598 ], [ -0.096667, 51.495747 ], [ -0.096825, 51.495773 ], [ -0.097001, 51.495806 ], [ -0.097158, 51.495834 ], [ -0.09737, 51.495858 ], [ -0.09736, 51.495868 ], [ -0.0972, 51.495932 ], [ -0.096893, 51.496071 ], [ -0.096625, 51.496203 ] ] ] } },
{ "type": "Feature", "properties": { "Map_Name": "Engineering Works", "First_Date": 1860, "Last_Date": 0, "Type": "Engineering", "Products": null, "QualityCon": "1", "Full_name": null, "Short_name": null, "Web_Link": null, "London_Fir": 1, "Londo_1st_": 1, "Web_refere": null }, "geometry": { "type": "Polygon", "coordinates": [ [ [ -0.102552, 51.49557 ], [ -0.102452, 51.495722 ], [ -0.102408, 51.495715 ], [ -0.102265, 51.495671 ], [ -0.102347, 51.495522 ], [ -0.102552, 51.49557 ] ] ] } },
{ "type": "Feature", "properties": { "Map_Name": "Printing Machine Works", "First_Date": 1890, "Last_Date": 0, "Type": "Printing", "Products": null, "QualityCon": "1", "Full_name": null, "Short_name": null, "Web_Link": null, "London_Fir": 0, "Londo_1st_": 1, "Web_refere": null }, "geometry": { "type": "Polygon", "coordinates": [ [ [ -0.103353, 51.498695 ], [ -0.103013, 51.498717 ], [ -0.102714, 51.498467 ], [ -0.102504, 51.498291 ], [ -0.102524, 51.498281 ], [ -0.102511, 51.498268 ], [ -0.102538, 51.498259 ], [ -0.102557, 51.498268 ], [ -0.102594, 51.498248 ], [ -0.102748, 51.498374 ], [ -0.102793, 51.498355 ], [ -0.102857, 51.498407 ], [ -0.102974, 51.498349 ], [ -0.10309, 51.498441 ], [ -0.103076, 51.49845 ], [ -0.103231, 51.498575 ], [ -0.103356, 51.498678 ], [ -0.103353, 51.498695 ] ] ] } },
{ "type": "Feature", "properties": { "Map_Name": "Atlas Paper Works", "First_Date": 1890, "Last_Date": 0, "Type": "Paper", "Products": null, "QualityCon": "1", "Full_name": null, "Short_name": null, "Web_Link": null, "London_Fir": 0, "Londo_1st_": 1, "Web_refere": null }, "geometry": { "type": "Polygon", "coordinates": [ [ [ -0.099398, 51.498676 ], [ -0.098853, 51.498439 ], [ -0.0986, 51.498332 ], [ -0.098351, 51.49822 ], [ -0.098766, 51.497843 ], [ -0.098819, 51.497867 ], [ -0.098842, 51.497887 ], [ -0.098994, 51.498129 ], [ -0.099188, 51.498367 ], [ -0.099398, 51.498676 ] ] ] } },
{ "type": "Feature", "properties": { "Map_Name": "Blacking Manufactory", "First_Date": 1890, "Last_Date": 0, "Type": "Chemical", "Products": "Lamp Black", "QualityCon": "1", "Full_name": null, "Short_name": null, "Web_Link": null, "London_Fir": 0, "Londo_1st_": 1, "Web_refere": null }, "geometry": { "type": "Polygon", "coordinates": [ [ [ -0.09936, 51.499803 ], [ -0.098117, 51.499338 ], [ -0.098105, 51.499316 ], [ -0.098644, 51.499283 ], [ -0.098937, 51.499266 ], [ -0.099686, 51.49921 ], [ -0.099712, 51.499214 ], [ -0.09972, 51.499241 ], [ -0.099697, 51.499314 ], [ -0.09968, 51.49932 ], [ -0.099667, 51.499428 ], [ -0.099445, 51.499433 ], [ -0.099413, 51.499557 ], [ -0.09936, 51.499803 ] ] ] } },
{ "type": "Feature", "properties": { "Map_Name": "Brass Foundry", "First_Date": 1890, "Last_Date": 0, "Type": "Metal", "Products": "Brass", "QualityCon": "1", "Full_name": null, "Short_name": null, "Web_Link": null, "London_Fir": 0, "Londo_1st_": 1, "Web_refere": null }, "geometry": { "type": "Polygon", "coordinates": [ [ [ -0.098512, 51.503676 ], [ -0.098222, 51.50367 ], [ -0.098222, 51.503663 ], [ -0.098152, 51.503656 ], [ -0.098195, 51.503437 ], [ -0.098545, 51.503447 ], [ -0.098512, 51.503676 ] ] ] } },
{ "type": "Feature", "properties": { "Map_Name": "Hat Manufactory", "First_Date": 1890, "Last_Date": 0, "Type": "Cloth and Clothing", "Products": "Hats", "QualityCon": "1", "Full_name": null, "Short_name": null, "Web_Link": null, "London_Fir": 0, "Londo_1st_": 1, "Web_refere": null }, "geometry": { "type": "Polygon", "coordinates": [ [ [ -0.098979, 51.503449 ], [ -0.098772, 51.503443 ], [ -0.098771, 51.503447 ], [ -0.09868, 51.503447 ], [ -0.098676, 51.503468 ], [ -0.098648, 51.503469 ], [ -0.098655, 51.503449 ], [ -0.098585, 51.503445 ], [ -0.098586, 51.503404 ], [ -0.098985, 51.503415 ], [ -0.098979, 51.503449 ] ] ] } },
{ "type": "Feature", "properties": { "Map_Name": "Surrey Works (engineering etc.)", "First_Date": 1890, "Last_Date": 0, "Type": "Engineering", "Products": null, "QualityCon": "1", "Full_name": null, "Short_name": null, "Web_Link": null, "London_Fir": 0, "Londo_1st_": 1, "Web_refere": null }, "geometry": { "type": "Polygon", "coordinates": [ [ [ -0.104397, 51.504055 ], [ -0.103679, 51.504043 ], [ -0.103681, 51.503941 ], [ -0.103686, 51.503839 ], [ -0.10377, 51.50384 ], [ -0.103773, 51.50373 ], [ -0.104346, 51.503745 ], [ -0.104393, 51.503754 ], [ -0.104408, 51.503774 ], [ -0.104397, 51.504055 ] ] ] } },
{ "type": "Feature", "properties": { "Map_Name": "Cement Works", "First_Date": 1890, "Last_Date": 0, "Type": "Building", "Products": null, "QualityCon": "1", "Full_name": null, "Short_name": null, "Web_Link": null, "London_Fir": 0, "Londo_1st_": 1, "Web_refere": null }, "geometry": { "type": "Polygon", "coordinates": [ [ [ -0.108324, 51.508399 ], [ -0.10819, 51.508406 ], [ -0.108176, 51.508198 ], [ -0.108297, 51.508193 ], [ -0.108324, 51.508399 ] ] ] } },
{ "type": "Feature", "properties": { "Map_Name": "Jam Factory", "First_Date": 1890, "Last_Date": 0, "Type": "Food", "Products": null, "QualityCon": "1", "Full_name": null, "Short_name": null, "Web_Link": null, "London_Fir": 0, "Londo_1st_": 1, "Web_refere": null }, "geometry": { "type": "Polygon", "coordinates": [ [ [ -0.00197, 51.539904 ], [ -0.001944, 51.540178 ], [ -0.000996, 51.540357 ], [ -0.000561, 51.54044 ], [ -0.000428, 51.540393 ], [ -0.000402, 51.540376 ], [ -0.00028, 51.540359 ], [ -0.000365, 51.540335 ], [ -0.000286, 51.540195 ], [ -0.000301, 51.540178 ], [ -0.000216, 51.540141 ], [ -0.000268, 51.54008 ], [ -0.000272, 51.540026 ], [ -0.000027, 51.539943 ], [ -0.000348, 51.539545 ], [ -0.000589, 51.539623 ], [ -0.000758, 51.539493 ], [ -0.000676, 51.539452 ], [ -0.00075, 51.539395 ], [ -0.000786, 51.539416 ], [ -0.000803, 51.5394 ], [ -0.001025, 51.53954 ], [ -0.00112, 51.539626 ], [ -0.001228, 51.539615 ], [ -0.001529, 51.539558 ], [ -0.001713, 51.539523 ], [ -0.00197, 51.539904 ] ] ] } },
{ "type": "Feature", "properties": { "Map_Name": "Crayford Mills", "First_Date": 1890, "Last_Date": 0, "Type": "Chemical", "Products": null, "QualityCon": "1", "Full_name": null, "Short_name": null, "Web_Link": null, "London_Fir": 0, "Londo_1st_": 1, "Web_refere": null }, "geometry": { "type": "Polygon", "coordinates": [ [ [ -0.001228, 51.539615 ], [ -0.00112, 51.539626 ], [ -0.001025, 51.53954 ], [ -0.000925, 51.539477 ], [ -0.000844, 51.539425 ], [ -0.000803, 51.5394 ], [ -0.00077, 51.539376 ], [ -0.000974, 51.539255 ], [ -0.001166, 51.539393 ], [ -0.001216, 51.539372 ], [ -0.001318, 51.539304 ], [ -0.001349, 51.539322 ], [ -0.001136, 51.539451 ], [ -0.001139, 51.539493 ], [ -0.001228, 51.539615 ] ] ] } },
{ "type": "Feature", "properties": { "Map_Name": "Victoria Mills (Corn)", "First_Date": 1890, "Last_Date": 0, "Type": "Grain Mill", "Products": null, "QualityCon": "1", "Full_name": null, "Short_name": null, "Web_Link": null, "London_Fir": 0, "Londo_1st_": 1, "Web_refere": null }, "geometry": { "type": "Polygon", "coordinates": [ [ [ -0.001746, 51.536426 ], [ -0.001775, 51.536659 ], [ -0.001385, 51.536691 ], [ -0.001217, 51.536707 ], [ -0.001188, 51.536775 ], [ -0.001027, 51.536844 ], [ -0.00082, 51.536659 ], [ -0.001161, 51.536515 ], [ -0.001249, 51.536471 ], [ -0.001746, 51.536426 ] ] ] } },
{ "type": "Feature", "properties": { "Map_Name": "Channel Sea Tallow Works", "First_Date": 1890, "Last_Date": 0, "Type": "Soap Candle Tallow and Oil", "Products": null, "QualityCon": "1", "Full_name": null, "Short_name": "Channel Sea Tallow Works", "Web_Link": null, "London_Fir": 0, "Londo_1st_": 1, "Web_refere": null }, "geometry": { "type": "Polygon", "coordinates": [ [ [ -0.014418, 51.541689 ], [ -0.014098, 51.542044 ], [ -0.013915, 51.542255 ], [ -0.013228, 51.541987 ], [ -0.013648, 51.541653 ], [ -0.013944, 51.541414 ], [ -0.014418, 51.541689 ] ] ] } },
{ "type": "Feature", "properties": { "Map_Name": "Virgemont Chemical Works", "First_Date": 1890, "Last_Date": 0, "Type": "Chemical", "Products": null, "QualityCon": "1", "Full_name": null, "Short_name": null, "Web_Link": null, "London_Fir": 0, "Londo_1st_": 1, "Web_refere": null }, "geometry": { "type": "Polygon", "coordinates": [ [ [ -0.013944, 51.541414 ], [ -0.013228, 51.541987 ], [ -0.012717, 51.541742 ], [ -0.012176, 51.541443 ], [ -0.01255, 51.541262 ], [ -0.013114, 51.540982 ], [ -0.013389, 51.541118 ], [ -0.013795, 51.54133 ], [ -0.013944, 51.541414 ] ] ] } },
{ "type": "Feature", "properties": { "Map_Name": "Engineering Works", "First_Date": 1890, "Last_Date": 0, "Type": "Engineering", "Products": null, "QualityCon": "1", "Full_name": null, "Short_name": null, "Web_Link": null, "London_Fir": 0, "Londo_1st_": 1, "Web_refere": null }, "geometry": { "type": "Polygon", "coordinates": [ [ [ -0.012569, 51.540727 ], [ -0.012255, 51.540881 ], [ -0.011707, 51.541154 ], [ -0.01145, 51.540996 ], [ -0.011259, 51.540875 ], [ -0.011097, 51.540778 ], [ -0.011486, 51.540606 ], [ -0.011907, 51.540421 ], [ -0.011994, 51.540384 ], [ -0.011999, 51.540397 ], [ -0.012086, 51.540367 ], [ -0.01223, 51.540489 ], [ -0.012269, 51.540542 ], [ -0.01239, 51.540629 ], [ -0.012569, 51.540727 ] ] ] } },
{ "type": "Feature", "properties": { "Map_Name": "Tallow Works", "First_Date": 1890, "Last_Date": 0, "Type": "Soap Candle Tallow and Oil", "Products": null, "QualityCon": "1", "Full_name": null, "Short_name": "Tallow Works", "Web_Link": null, "London_Fir": 0, "Londo_1st_": 1, "Web_refere": null }, "geometry": { "type": "Polygon", "coordinates": [ [ [ -0.012092, 51.540367 ], [ -0.011103, 51.540778 ], [ -0.010976, 51.540716 ], [ -0.010773, 51.540612 ], [ -0.010458, 51.540487 ], [ -0.010164, 51.540388 ], [ -0.009761, 51.540268 ], [ -0.009574, 51.540228 ], [ -0.010256, 51.540024 ], [ -0.010941, 51.539818 ], [ -0.01143, 51.53967 ], [ -0.011527, 51.539762 ], [ -0.011887, 51.540127 ], [ -0.011869, 51.540136 ], [ -0.011867, 51.540151 ], [ -0.011951, 51.540232 ], [ -0.012092, 51.540367 ] ] ] } },
{ "type": "Feature", "properties": { "Map_Name": "Lea Valley Distillery", "First_Date": 1890, "Last_Date": 0, "Type": "Distillery", "Products": null, "QualityCon": "1", "Full_name": null, "Short_name": null, "Web_Link": null, "London_Fir": 0, "Londo_1st_": 1, "Web_refere": null }, "geometry": { "type": "Polygon", "coordinates": [ [ [ -0.011424, 51.53967 ], [ -0.009568, 51.540228 ], [ -0.009383, 51.540187 ], [ -0.009272, 51.540166 ], [ -0.009191, 51.540127 ], [ -0.009095, 51.540061 ], [ -0.009344, 51.539986 ], [ -0.009808, 51.539845 ], [ -0.010336, 51.539688 ], [ -0.01115, 51.539448 ], [ -0.011291, 51.539575 ], [ -0.011424, 51.53967 ] ] ] } },
{ "type": "Feature", "properties": { "Map_Name": "Lea Bank Soap and Candle Works", "First_Date": 1890, "Last_Date": 0, "Type": "Soap Candle Tallow and Oil", "Products": null, "QualityCon": "1", "Full_name": null, "Short_name": "Lea Bank Soap and Candle Works", "Web_Link": null, "London_Fir": 0, "Londo_1st_": 1, "Web_refere": null }, "geometry": { "type": "Polygon", "coordinates": [ [ [ -0.01115, 51.539448 ], [ -0.009095, 51.540061 ], [ -0.008912, 51.539909 ], [ -0.008783, 51.539814 ], [ -0.00935, 51.539657 ], [ -0.009736, 51.539559 ], [ -0.009795, 51.539643 ], [ -0.010025, 51.539583 ], [ -0.01033, 51.539493 ], [ -0.010782, 51.539368 ], [ -0.010775, 51.539359 ], [ -0.011022, 51.539295 ], [ -0.01115, 51.539448 ] ] ] } },
{ "type": "Feature", "properties": { "Map_Name": "Lea Valley Distillery", "First_Date": 1890, "Last_Date": 0, "Type": "Distillery", "Products": null, "QualityCon": "1", "Full_name": null, "Short_name": null, "Web_Link": null, "London_Fir": 0, "Londo_1st_": 1, "Web_refere": null }, "geometry": { "type": "Polygon", "coordinates": [ [ [ -0.009736, 51.539559 ], [ -0.009671, 51.53944 ], [ -0.009637, 51.539392 ], [ -0.009565, 51.539413 ], [ -0.009372, 51.539108 ], [ -0.009419, 51.539054 ], [ -0.009932, 51.53892 ], [ -0.010561, 51.538753 ], [ -0.010656, 51.538728 ], [ -0.010799, 51.538977 ], [ -0.010848, 51.539 ], [ -0.011022, 51.539295 ], [ -0.010775, 51.539359 ], [ -0.010782, 51.539368 ], [ -0.009795, 51.539643 ], [ -0.009736, 51.539559 ] ] ] } },
{ "type": "Feature", "properties": { "Map_Name": "Victoria Oil and Candle Works", "First_Date": 1890, "Last_Date": 0, "Type": "Soap Candle Tallow and Oil", "Products": null, "QualityCon": "1", "Full_name": null, "Short_name": "Victoria Oil and Candle Works", "Web_Link": null, "London_Fir": 0, "Londo_1st_": 1, "Web_refere": null }, "geometry": { "type": "Polygon", "coordinates": [ [ [ -0.010656, 51.538728 ], [ -0.009419, 51.539054 ], [ -0.009461, 51.539002 ], [ -0.009539, 51.538838 ], [ -0.009572, 51.538748 ], [ -0.00964, 51.538609 ], [ -0.009714, 51.538595 ], [ -0.010112, 51.538436 ], [ -0.010379, 51.538327 ], [ -0.010413, 51.538322 ], [ -0.010656, 51.538728 ] ] ] } },
{ "type": "Feature", "properties": { "Map_Name": "Oil and Chemical Works", "First_Date": 1890, "Last_Date": 0, "Type": "Chemical", "Products": null, "QualityCon": "1", "Full_name": null, "Short_name": null, "Web_Link": null, "London_Fir": 0, "Londo_1st_": 1, "Web_refere": null }, "geometry": { "type": "Polygon", "coordinates": [ [ [ -0.009329, 51.538895 ], [ -0.009036, 51.538787 ], [ -0.009141, 51.538679 ], [ -0.009267, 51.538549 ], [ -0.009452, 51.538619 ], [ -0.009329, 51.538895 ] ] ] } },
{ "type": "Feature", "properties": { "Map_Name": "Hudson Bay Works (Fur)", "First_Date": 1890, "Last_Date": 0, "Type": "Leather and Skins", "Products": "Fur", "QualityCon": "1", "Full_name": null, "Short_name": null, "Web_Link": null, "London_Fir": 0, "Londo_1st_": 1, "Web_refere": null }, "geometry": { "type": "Polygon", "coordinates": [ [ [ -0.009036, 51.538787 ], [ -0.009329, 51.538895 ], [ -0.0093, 51.53896 ], [ -0.009285, 51.538979 ], [ -0.009157, 51.53911 ], [ -0.008978, 51.539303 ], [ -0.008749, 51.539544 ], [ -0.008621, 51.539676 ], [ -0.008381, 51.539482 ], [ -0.008515, 51.539345 ], [ -0.008685, 51.539167 ], [ -0.008888, 51.538953 ], [ -0.009036, 51.538787 ] ] ] } },
{ "type": "Feature", "properties": { "Map_Name": "Chemical Works", "First_Date": 1890, "Last_Date": 0, "Type": "Chemical", "Products": null, "QualityCon": "1", "Full_name": null, "Short_name": null, "Web_Link": null, "London_Fir": 0, "Londo_1st_": 1, "Web_refere": null }, "geometry": { "type": "Polygon", "coordinates": [ [ [ -0.009372, 51.539108 ], [ -0.009565, 51.539413 ], [ -0.009637, 51.539392 ], [ -0.009736, 51.539559 ], [ -0.009521, 51.539614 ], [ -0.009164, 51.539709 ], [ -0.008783, 51.539814 ], [ -0.008743, 51.539775 ], [ -0.008794, 51.539723 ], [ -0.008909, 51.5396 ], [ -0.009046, 51.539454 ], [ -0.009166, 51.53932 ], [ -0.009277, 51.539201 ], [ -0.009372, 51.539108 ] ] ] } },
{ "type": "Feature", "properties": { "Map_Name": "Varnish and Japan Works", "First_Date": 1890, "Last_Date": 0, "Type": "Varnish Colour and Paint", "Products": null, "QualityCon": "1", "Full_name": null, "Short_name": null, "Web_Link": null, "London_Fir": 0, "Londo_1st_": 1, "Web_refere": null }, "geometry": { "type": "Polygon", "coordinates": [ [ [ -0.008381, 51.539482 ], [ -0.008278, 51.539397 ], [ -0.008086, 51.539239 ], [ -0.008023, 51.539183 ], [ -0.008243, 51.538957 ], [ -0.008479, 51.538713 ], [ -0.00865, 51.538539 ], [ -0.008838, 51.538338 ], [ -0.0093, 51.538508 ], [ -0.009267, 51.538549 ], [ -0.008381, 51.539482 ] ] ] } },
{ "type": "Feature", "properties": { "Map_Name": "City of London Match Works", "First_Date": 1890, "Last_Date": 0, "Type": "Chemical", "Products": null, "QualityCon": "1", "Full_name": null, "Short_name": null, "Web_Link": null, "London_Fir": 0, "Londo_1st_": 1, "Web_refere": null }, "geometry": { "type": "Polygon", "coordinates": [ [ [ -0.008023, 51.539183 ], [ -0.007795, 51.53899 ], [ -0.00764, 51.538838 ], [ -0.008033, 51.538444 ], [ -0.008371, 51.538162 ], [ -0.008719, 51.538291 ], [ -0.008838, 51.538338 ], [ -0.008023, 51.539183 ] ] ] } },
{ "type": "Feature", "properties": { "Map_Name": "Varnish Works", "First_Date": 1890, "Last_Date": 0, "Type": "Varnish Colour and Paint", "Products": null, "QualityCon": "1", "Full_name": null, "Short_name": null, "Web_Link": null, "London_Fir": 0, "Londo_1st_": 1, "Web_refere": null }, "geometry": { "type": "Polygon", "coordinates": [ [ [ -0.009176, 51.537501 ], [ -0.009556, 51.538279 ], [ -0.009542, 51.53834 ], [ -0.009506, 51.538482 ], [ -0.009452, 51.538619 ], [ -0.009267, 51.538549 ], [ -0.0093, 51.538508 ], [ -0.008838, 51.538338 ], [ -0.008371, 51.538162 ], [ -0.008763, 51.537826 ], [ -0.009176, 51.537501 ] ] ] } },
{ "type": "Feature", "properties": { "Map_Name": "Phoenix Black Works", "First_Date": 1890, "Last_Date": 0, "Type": "Chemical", "Products": "Lamp Black", "QualityCon": "1", "Full_name": null, "Short_name": null, "Web_Link": null, "London_Fir": 0, "Londo_1st_": 1, "Web_refere": null }, "geometry": { "type": "Polygon", "coordinates": [ [ [ 0.002611, 51.529577 ], [ 0.002833, 51.530135 ], [ 0.003181, 51.530077 ], [ 0.00384, 51.529956 ], [ 0.003716, 51.529744 ], [ 0.003555, 51.529584 ], [ 0.003361, 51.529414 ], [ 0.002832, 51.529527 ], [ 0.002611, 51.529577 ] ] ] } },
{ "type": "Feature", "properties": { "Map_Name": "Printing Ink Works", "First_Date": 1890, "Last_Date": 0, "Type": "Chemical", "Products": "Ink", "QualityCon": "1", "Full_name": null, "Short_name": null, "Web_Link": null, "London_Fir": 0, "Londo_1st_": 1, "Web_refere": null }, "geometry": { "type": "Polygon", "coordinates": [ [ [ 0.00305, 51.529172 ], [ 0.002557, 51.529271 ], [ 0.002719, 51.529553 ], [ 0.003361, 51.529414 ], [ 0.00305, 51.529172 ] ] ] } },
{ "type": "Feature", "properties": { "Map_Name": "Imperial Spining Mills (Hemp and Jute)", "First_Date": 1890, "Last_Date": 0, "Type": "Fiber", "Products": null, "QualityCon": "1", "Full_name": null, "Short_name": null, "Web_Link": null, "London_Fir": 0, "Londo_1st_": 1, "Web_refere": null }, "geometry": { "type": "Polygon", "coordinates": [ [ [ -0.00958, 51.525964 ], [ -0.009197, 51.525607 ], [ -0.009393, 51.525551 ], [ -0.00969, 51.525468 ], [ -0.010108, 51.525355 ], [ -0.010519, 51.525242 ], [ -0.010567, 51.525317 ], [ -0.010668, 51.525495 ], [ -0.010731, 51.525599 ], [ -0.010795, 51.525676 ], [ -0.010655, 51.52573 ], [ -0.010629, 51.525701 ], [ -0.010612, 51.525707 ], [ -0.010526, 51.525606 ], [ -0.010014, 51.525801 ], [ -0.00958, 51.525964 ] ] ] } },
{ "type": "Feature", "properties": { "Map_Name": "Asbestos Works", "First_Date": 1890, "Last_Date": 0, "Type": "Chemical", "Products": null, "QualityCon": "1", "Full_name": null, "Short_name": null, "Web_Link": null, "London_Fir": 0, "Londo_1st_": 1, "Web_refere": null }, "geometry": { "type": "Polygon", "coordinates": [ [ [ -0.010849, 51.52599 ], [ -0.010478, 51.526134 ], [ -0.010461, 51.526122 ], [ -0.010441, 51.526127 ], [ -0.010391, 51.52608 ], [ -0.01038, 51.526082 ], [ -0.010306, 51.526002 ], [ -0.010727, 51.525843 ], [ -0.010849, 51.52599 ] ] ] } },
{ "type": "Feature", "properties": { "Map_Name": "Iron Works", "First_Date": 1890, "Last_Date": 0, "Type": "Metal", "Products": null, "QualityCon": "1", "Full_name": null, "Short_name": null, "Web_Link": null, "London_Fir": 0, "Londo_1st_": 1, "Web_refere": null }, "geometry": { "type": "Polygon", "coordinates": [ [ [ -0.011216, 51.525434 ], [ -0.011005, 51.525503 ], [ -0.010729, 51.525595 ], [ -0.010666, 51.525492 ], [ -0.010932, 51.525421 ], [ -0.010945, 51.525439 ], [ -0.011142, 51.525381 ], [ -0.011173, 51.525412 ], [ -0.011193, 51.525407 ], [ -0.011216, 51.525434 ] ] ] } },
{ "type": "Feature", "properties": { "Map_Name": "Phoenix Cement Works", "First_Date": 1890, "Last_Date": 0, "Type": "Building", "Products": null, "QualityCon": "1", "Full_name": null, "Short_name": null, "Web_Link": null, "London_Fir": 0, "Londo_1st_": 1, "Web_refere": null }, "geometry": { "type": "Polygon", "coordinates": [ [ [ -0.021474, 51.516524 ], [ -0.021089, 51.516687 ], [ -0.020945, 51.516592 ], [ -0.020691, 51.516417 ], [ -0.02058, 51.516341 ], [ -0.020687, 51.516277 ], [ -0.020632, 51.516245 ], [ -0.020871, 51.516124 ], [ -0.021474, 51.516524 ] ] ] } },
{ "type": "Feature", "properties": { "Map_Name": "Standard Saw Mills", "First_Date": 1890, "Last_Date": 0, "Type": "Timber Mill", "Products": null, "QualityCon": "1", "Full_name": null, "Short_name": null, "Web_Link": null, "London_Fir": 0, "Londo_1st_": 1, "Web_refere": null }, "geometry": { "type": "Polygon", "coordinates": [ [ [ -0.032085, 51.514645 ], [ -0.031656, 51.514686 ], [ -0.031552, 51.514281 ], [ -0.031987, 51.514251 ], [ -0.032085, 51.514645 ] ] ] } },
{ "type": "Feature", "properties": { "Map_Name": "New Sun Iron Works", "First_Date": 1890, "Last_Date": 0, "Type": "Metal", "Products": null, "QualityCon": "1", "Full_name": null, "Short_name": null, "Web_Link": null, "London_Fir": 0, "Londo_1st_": 1, "Web_refere": null }, "geometry": { "type": "Polygon", "coordinates": [ [ [ -0.032035, 51.519312 ], [ -0.031791, 51.5194 ], [ -0.031548, 51.519041 ], [ -0.031408, 51.518853 ], [ -0.031954, 51.51882 ], [ -0.032035, 51.519312 ] ] ] } },
{ "type": "Feature", "properties": { "Map_Name": "Commercial Factory", "First_Date": 1890, "Last_Date": 0, "Type": "General", "Products": null, "QualityCon": "1", "Full_name": null, "Short_name": null, "Web_Link": null, "London_Fir": 0, "Londo_1st_": 1, "Web_refere": null }, "geometry": { "type": "Polygon", "coordinates": [ [ [ -0.036222, 51.52068 ], [ -0.035953, 51.520695 ], [ -0.035903, 51.520384 ], [ -0.036189, 51.520372 ], [ -0.036222, 51.52068 ] ] ] } },
{ "type": "Feature", "properties": { "Map_Name": "Confectionary Works", "First_Date": 1890, "Last_Date": 0, "Type": "Food", "Products": null, "QualityCon": "1", "Full_name": null, "Short_name": null, "Web_Link": null, "London_Fir": 0, "Londo_1st_": 1, "Web_refere": null }, "geometry": { "type": "Polygon", "coordinates": [ [ [ -0.036189, 51.520372 ], [ -0.035903, 51.520384 ], [ -0.035833, 51.519942 ], [ -0.035806, 51.519731 ], [ -0.036106, 51.519713 ], [ -0.036163, 51.520106 ], [ -0.036189, 51.520372 ] ] ] } },
{ "type": "Feature", "properties": { "Map_Name": "Confectionary Works", "First_Date": 1890, "Last_Date": 0, "Type": "Food", "Products": null, "QualityCon": "1", "Full_name": null, "Short_name": null, "Web_Link": null, "London_Fir": 0, "Londo_1st_": 1, "Web_refere": null }, "geometry": { "type": "Polygon", "coordinates": [ [ [ -0.036096, 51.519607 ], [ -0.035786, 51.519624 ], [ -0.035763, 51.519515 ], [ -0.035737, 51.519334 ], [ -0.035706, 51.519123 ], [ -0.035671, 51.51892 ], [ -0.035931, 51.518894 ], [ -0.036005, 51.519089 ], [ -0.036077, 51.519421 ], [ -0.036089, 51.519487 ], [ -0.036096, 51.519607 ] ] ] } },
{ "type": "Feature", "properties": { "Map_Name": "Chemical Works", "First_Date": 1890, "Last_Date": 0, "Type": "Chemical", "Products": null, "QualityCon": "1", "Full_name": null, "Short_name": null, "Web_Link": null, "London_Fir": 0, "Londo_1st_": 1, "Web_refere": null }, "geometry": { "type": "Polygon", "coordinates": [ [ [ -0.042514, 51.518667 ], [ -0.042487, 51.518902 ], [ -0.042445, 51.518901 ], [ -0.042446, 51.518898 ], [ -0.042403, 51.518896 ], [ -0.042225, 51.518885 ], [ -0.042222, 51.518888 ], [ -0.042194, 51.518887 ], [ -0.042192, 51.51889 ], [ -0.0423, 51.519193 ], [ -0.042035, 51.519225 ], [ -0.042017, 51.519177 ], [ -0.041827, 51.519194 ], [ -0.041818, 51.519187 ], [ -0.041767, 51.518982 ], [ -0.04175, 51.518882 ], [ -0.041735, 51.518707 ], [ -0.041735, 51.518615 ], [ -0.04213, 51.518637 ], [ -0.042514, 51.518667 ] ] ] } },
{ "type": "Feature", "properties": { "Map_Name": "Burdett Wheel Works", "First_Date": 1890, "Last_Date": 0, "Type": "Engineering", "Products": null, "QualityCon": "1", "Full_name": null, "Short_name": null, "Web_Link": null, "London_Fir": 0, "Londo_1st_": 1, "Web_refere": null }, "geometry": { "type": "Polygon", "coordinates": [ [ [ -0.02815, 51.515374 ], [ -0.027751, 51.515464 ], [ -0.027636, 51.515246 ], [ -0.027845, 51.515202 ], [ -0.027849, 51.515212 ], [ -0.027829, 51.515217 ], [ -0.027866, 51.515275 ], [ -0.027875, 51.515271 ], [ -0.027886, 51.515281 ], [ -0.028079, 51.515239 ], [ -0.02815, 51.515374 ] ] ] } },
{ "type": "Feature", "properties": { "Map_Name": "Engineering Works", "First_Date": 1890, "Last_Date": 0, "Type": "Engineering", "Products": null, "QualityCon": "1", "Full_name": null, "Short_name": null, "Web_Link": null, "London_Fir": 0, "Londo_1st_": 1, "Web_refere": null }, "geometry": { "type": "Polygon", "coordinates": [ [ [ -0.035918, 51.512103 ], [ -0.036435, 51.512173 ], [ -0.036371, 51.512439 ], [ -0.036308, 51.512436 ], [ -0.036299, 51.512493 ], [ -0.03614, 51.512484 ], [ -0.036146, 51.512296 ], [ -0.035907, 51.512283 ], [ -0.035918, 51.512103 ] ] ] } },
{ "type": "Feature", "properties": { "Map_Name": "Engineering Works", "First_Date": 1890, "Last_Date": 0, "Type": "Engineering", "Products": null, "QualityCon": "1", "Full_name": null, "Short_name": null, "Web_Link": null, "London_Fir": 0, "Londo_1st_": 1, "Web_refere": null }, "geometry": { "type": "Polygon", "coordinates": [ [ [ -0.013815, 51.497933 ], [ -0.013675, 51.497853 ], [ -0.013463, 51.49773 ], [ -0.013109, 51.497527 ], [ -0.01277, 51.497328 ], [ -0.013063, 51.497143 ], [ -0.013375, 51.496944 ], [ -0.01343, 51.496912 ], [ -0.013464, 51.49689 ], [ -0.013534, 51.496788 ], [ -0.013623, 51.496659 ], [ -0.01374, 51.49648 ], [ -0.013981, 51.496107 ], [ -0.014003, 51.496098 ], [ -0.014313, 51.496119 ], [ -0.014247, 51.496439 ], [ -0.014231, 51.496633 ], [ -0.01421, 51.496856 ], [ -0.01418, 51.497136 ], [ -0.014166, 51.497321 ], [ -0.014138, 51.497627 ], [ -0.013922, 51.497918 ], [ -0.013815, 51.497933 ] ] ] } },
{ "type": "Feature", "properties": { "Map_Name": "Cocoa Nut Fibre Manufactory", "First_Date": 1890, "Last_Date": 0, "Type": "Fiber", "Products": null, "QualityCon": "1", "Full_name": null, "Short_name": null, "Web_Link": null, "London_Fir": 0, "Londo_1st_": 1, "Web_refere": null }, "geometry": { "type": "Polygon", "coordinates": [ [ [ -0.021116, 51.490316 ], [ -0.020584, 51.489995 ], [ -0.02043, 51.4899 ], [ -0.020854, 51.489705 ], [ -0.021477, 51.490078 ], [ -0.021116, 51.490316 ] ] ] } },
{ "type": "Feature", "properties": { "Map_Name": "Antimony Works", "First_Date": 1890, "Last_Date": 0, "Type": "Chemical", "Products": null, "QualityCon": "1", "Full_name": null, "Short_name": null, "Web_Link": null, "London_Fir": 0, "Londo_1st_": 1, "Web_refere": null }, "geometry": { "type": "Polygon", "coordinates": [ [ [ -0.013977, 51.486018 ], [ -0.014072, 51.486322 ], [ -0.013939, 51.486333 ], [ -0.013896, 51.486198 ], [ -0.013514, 51.486228 ], [ -0.013533, 51.486284 ], [ -0.013479, 51.486288 ], [ -0.013512, 51.486376 ], [ -0.013365, 51.486392 ], [ -0.013308, 51.486226 ], [ -0.013226, 51.48599 ], [ -0.013305, 51.485986 ], [ -0.013545, 51.485998 ], [ -0.013977, 51.486018 ] ] ] } },
{ "type": "Feature", "properties": { "Map_Name": "Midwall Boiler Works", "First_Date": 1890, "Last_Date": 0, "Type": "Engineering", "Products": null, "QualityCon": "1", "Full_name": null, "Short_name": null, "Web_Link": null, "London_Fir": 0, "Londo_1st_": 1, "Web_refere": null }, "geometry": { "type": "Polygon", "coordinates": [ [ [ -0.012192, 51.486533 ], [ -0.011856, 51.486589 ], [ -0.01174, 51.486109 ], [ -0.012089, 51.486081 ], [ -0.012192, 51.486533 ] ] ] } },
{ "type": "Feature", "properties": { "Map_Name": "Headley Oil Mills", "First_Date": 1890, "Last_Date": 0, "Type": "Soap Candle Tallow and Oil", "Products": null, "QualityCon": "1", "Full_name": null, "Short_name": "Headley Oil Mills", "Web_Link": null, "London_Fir": 0, "Londo_1st_": 1, "Web_refere": null }, "geometry": { "type": "Polygon", "coordinates": [ [ [ -0.016377, 51.480106 ], [ -0.01673, 51.480248 ], [ -0.016686, 51.480321 ], [ -0.01666, 51.480361 ], [ -0.016359, 51.480715 ], [ -0.015952, 51.480541 ], [ -0.016147, 51.480342 ], [ -0.016377, 51.480106 ] ] ] } },
{ "type": "Feature", "properties": { "Map_Name": "Corn mill", "First_Date": 1890, "Last_Date": 0, "Type": "Grain Mill", "Products": null, "QualityCon": "1", "Full_name": null, "Short_name": null, "Web_Link": null, "London_Fir": 0, "Londo_1st_": 1, "Web_refere": null }, "geometry": { "type": "Polygon", "coordinates": [ [ [ -0.022558, 51.474941 ], [ -0.022579, 51.47501 ], [ -0.022663, 51.475001 ], [ -0.022819, 51.474979 ], [ -0.022921, 51.475284 ], [ -0.022776, 51.475303 ], [ -0.022748, 51.47522 ], [ -0.022491, 51.475245 ], [ -0.022392, 51.474924 ], [ -0.022494, 51.474913 ], [ -0.022504, 51.474947 ], [ -0.022558, 51.474941 ] ] ] } },
{ "type": "Feature", "properties": { "Map_Name": "Lime Cement and Slate Works", "First_Date": 1890, "Last_Date": 0, "Type": "Building", "Products": null, "QualityCon": "1", "Full_name": null, "Short_name": null, "Web_Link": null, "London_Fir": 0, "Londo_1st_": 1, "Web_refere": null }, "geometry": { "type": "Polygon", "coordinates": [ [ [ 0.002139, 51.487499 ], [ 0.002118, 51.487357 ], [ 0.002353, 51.487344 ], [ 0.002186, 51.487163 ], [ 0.002153, 51.487139 ], [ 0.00214, 51.487126 ], [ 0.00215, 51.487087 ], [ 0.002016, 51.486952 ], [ 0.001963, 51.486901 ], [ 0.001805, 51.486881 ], [ 0.001488, 51.487 ], [ 0.001324, 51.486948 ], [ 0.00116, 51.486982 ], [ 0.001136, 51.486829 ], [ 0.000296, 51.486879 ], [ 0.000225, 51.486885 ], [ 0.000232, 51.486901 ], [ 0.00041, 51.487068 ], [ 0.000584, 51.487233 ], [ 0.000754, 51.487407 ], [ 0.000825, 51.487483 ], [ 0.000892, 51.487555 ], [ 0.001231, 51.487631 ], [ 0.001273, 51.487644 ], [ 0.001664, 51.487622 ], [ 0.002037, 51.4876 ], [ 0.002153, 51.487565 ], [ 0.002139, 51.487499 ] ] ] } },
{ "type": "Feature", "properties": { "Map_Name": "Brewery", "First_Date": 1860, "Last_Date": 0, "Type": "Brewing", "Products": null, "QualityCon": "1", "Full_name": null, "Short_name": null, "Web_Link": null, "London_Fir": 1, "Londo_1st_": 1, "Web_refere": null }, "geometry": { "type": "Polygon", "coordinates": [ [ [ -0.119361, 51.466944 ], [ -0.119099, 51.467147 ], [ -0.119263, 51.467237 ], [ -0.119086, 51.467372 ], [ -0.119033, 51.467461 ], [ -0.118929, 51.467535 ], [ -0.118866, 51.467499 ], [ -0.118846, 51.467512 ], [ -0.11862, 51.467404 ], [ -0.118447, 51.467534 ], [ -0.11838, 51.467502 ], [ -0.118762, 51.467202 ], [ -0.118968, 51.467049 ], [ -0.119276, 51.466841 ], [ -0.119361, 51.466944 ] ] ] } },
{ "type": "Feature", "properties": { "Map_Name": "Marble Laundry", "First_Date": 1890, "Last_Date": 0, "Type": "General", "Products": null, "QualityCon": "1", "Full_name": null, "Short_name": null, "Web_Link": null, "London_Fir": 0, "Londo_1st_": 1, "Web_refere": null }, "geometry": { "type": "Polygon", "coordinates": [ [ [ -0.116764, 51.474967 ], [ -0.117451, 51.475312 ], [ -0.117237, 51.475479 ], [ -0.117416, 51.475557 ], [ -0.117383, 51.47558 ], [ -0.117354, 51.475571 ], [ -0.117324, 51.475585 ], [ -0.11729, 51.475575 ], [ -0.117259, 51.475593 ], [ -0.117196, 51.475571 ], [ -0.117101, 51.475659 ], [ -0.117043, 51.475634 ], [ -0.117017, 51.475648 ], [ -0.116928, 51.475645 ], [ -0.116764, 51.474967 ] ] ] } },
{ "type": "Feature", "properties": { "Map_Name": "Crown Works", "First_Date": 1890, "Last_Date": 0, "Type": "General", "Products": null, "QualityCon": "1", "Full_name": null, "Short_name": null, "Web_Link": null, "London_Fir": 0, "Londo_1st_": 1, "Web_refere": null }, "geometry": { "type": "Polygon", "coordinates": [ [ [ -0.118347, 51.484165 ], [ -0.118101, 51.483766 ], [ -0.118026, 51.483636 ], [ -0.118221, 51.483573 ], [ -0.118549, 51.483476 ], [ -0.118974, 51.483373 ], [ -0.119566, 51.48322 ], [ -0.120098, 51.4831 ], [ -0.120523, 51.483022 ], [ -0.12049, 51.48317 ], [ -0.12049, 51.48345 ], [ -0.120528, 51.483682 ], [ -0.120551, 51.483683 ], [ -0.120565, 51.48376 ], [ -0.120015, 51.483837 ], [ -0.119393, 51.483941 ], [ -0.118347, 51.484165 ] ] ] } },
{ "type": "Feature", "properties": { "Map_Name": "Saw Mill", "First_Date": 1860, "Last_Date": 0, "Type": "Timber Mill", "Products": null, "QualityCon": "1", "Full_name": null, "Short_name": null, "Web_Link": null, "London_Fir": 1, "Londo_1st_": 1, "Web_refere": null }, "geometry": { "type": "Polygon", "coordinates": [ [ [ -0.105474, 51.504607 ], [ -0.105835, 51.504652 ], [ -0.106175, 51.504699 ], [ -0.10616, 51.504755 ], [ -0.106035, 51.50474 ], [ -0.106026, 51.504813 ], [ -0.105828, 51.504784 ], [ -0.105799, 51.504882 ], [ -0.105492, 51.504884 ], [ -0.105481, 51.504884 ], [ -0.105465, 51.504786 ], [ -0.105474, 51.504607 ] ] ] } },
{ "type": "Feature", "properties": { "Map_Name": "Eagle Works", "First_Date": 1890, "Last_Date": 0, "Type": "General", "Products": null, "QualityCon": "1", "Full_name": null, "Short_name": null, "Web_Link": null, "London_Fir": 0, "Londo_1st_": 1, "Web_refere": null }, "geometry": { "type": "Polygon", "coordinates": [ [ [ -0.093414, 51.493472 ], [ -0.093468, 51.493684 ], [ -0.093493, 51.493779 ], [ -0.093499, 51.493859 ], [ -0.093282, 51.493872 ], [ -0.093266, 51.49375 ], [ -0.093162, 51.493495 ], [ -0.093414, 51.493472 ] ] ] } },
{ "type": "Feature", "properties": { "Map_Name": "Tannery", "First_Date": 1890, "Last_Date": 0, "Type": "Leather and Skins", "Products": null, "QualityCon": "1", "Full_name": null, "Short_name": null, "Web_Link": null, "London_Fir": 0, "Londo_1st_": 1, "Web_refere": null }, "geometry": { "type": "Polygon", "coordinates": [ [ [ -0.091251, 51.493273 ], [ -0.091309, 51.493407 ], [ -0.091063, 51.493448 ], [ -0.091, 51.493315 ], [ -0.091251, 51.493273 ] ] ] } },
{ "type": "Feature", "properties": { "Map_Name": "Soap Works", "First_Date": 1890, "Last_Date": 0, "Type": "Soap Candle Tallow and Oil", "Products": null, "QualityCon": "1", "Full_name": null, "Short_name": "Soap Works", "Web_Link": null, "London_Fir": 0, "Londo_1st_": 1, "Web_refere": null }, "geometry": { "type": "Polygon", "coordinates": [ [ [ -0.085694, 51.494844 ], [ -0.085303, 51.495026 ], [ -0.085139, 51.494867 ], [ -0.085248, 51.494826 ], [ -0.085275, 51.49484 ], [ -0.085379, 51.494789 ], [ -0.08538, 51.494777 ], [ -0.085373, 51.494771 ], [ -0.085414, 51.494749 ], [ -0.085399, 51.494738 ], [ -0.085486, 51.494685 ], [ -0.085694, 51.494844 ] ] ] } },
{ "type": "Feature", "properties": { "Map_Name": "Engineering Works", "First_Date": 1890, "Last_Date": 0, "Type": "Engineering", "Products": null, "QualityCon": "1", "Full_name": null, "Short_name": null, "Web_Link": null, "London_Fir": 0, "Londo_1st_": 1, "Web_refere": null }, "geometry": { "type": "Polygon", "coordinates": [ [ [ -0.079874, 51.496231 ], [ -0.079883, 51.496223 ], [ -0.080028, 51.496283 ], [ -0.07997, 51.496338 ], [ -0.079906, 51.496407 ], [ -0.079767, 51.496545 ], [ -0.079633, 51.496494 ], [ -0.079874, 51.496231 ] ] ] } },
{ "type": "Feature", "properties": { "Map_Name": "Tannery", "First_Date": 1890, "Last_Date": 0, "Type": "Leather and Skins", "Products": null, "QualityCon": "1", "Full_name": null, "Short_name": null, "Web_Link": null, "London_Fir": 0, "Londo_1st_": 1, "Web_refere": null }, "geometry": { "type": "Polygon", "coordinates": [ [ [ -0.076834, 51.495509 ], [ -0.076844, 51.495639 ], [ -0.076886, 51.49579 ], [ -0.07667, 51.495807 ], [ -0.076533, 51.495817 ], [ -0.076311, 51.495822 ], [ -0.076185, 51.495817 ], [ -0.07615, 51.49553 ], [ -0.076265, 51.495521 ], [ -0.07647, 51.495511 ], [ -0.076834, 51.495509 ] ] ] } },
{ "type": "Feature", "properties": { "Map_Name": "Tannery", "First_Date": 1860, "Last_Date": 0, "Type": "Leather and Skins", "Products": null, "QualityCon": "1", "Full_name": null, "Short_name": null, "Web_Link": null, "London_Fir": 1, "Londo_1st_": 1, "Web_refere": null }, "geometry": { "type": "Polygon", "coordinates": [ [ [ -0.072674, 51.494599 ], [ -0.072418, 51.494653 ], [ -0.072196, 51.49468 ], [ -0.072087, 51.494446 ], [ -0.072241, 51.494402 ], [ -0.072442, 51.494347 ], [ -0.07262, 51.494295 ], [ -0.072677, 51.494387 ], [ -0.072674, 51.494391 ], [ -0.072691, 51.494424 ], [ -0.072712, 51.49442 ], [ -0.072752, 51.494482 ], [ -0.07265, 51.494504 ], [ -0.072643, 51.49454 ], [ -0.072674, 51.494599 ] ] ] } },
{ "type": "Feature", "properties": { "Map_Name": "Tin Works", "First_Date": 1890, "Last_Date": 0, "Type": "Metal", "Products": "Tin", "QualityCon": "1", "Full_name": null, "Short_name": null, "Web_Link": null, "London_Fir": 0, "Londo_1st_": 1, "Web_refere": null }, "geometry": { "type": "Polygon", "coordinates": [ [ [ -0.069489, 51.49573 ], [ -0.069498, 51.495776 ], [ -0.069336, 51.495798 ], [ -0.068835, 51.495862 ], [ -0.068749, 51.495824 ], [ -0.06847, 51.495694 ], [ -0.068735, 51.495686 ], [ -0.068759, 51.495768 ], [ -0.068856, 51.495813 ], [ -0.069162, 51.495773 ], [ -0.069489, 51.49573 ] ] ] } },
{ "type": "Feature", "properties": { "Map_Name": "Metalic Cask Works", "First_Date": 1890, "Last_Date": 0, "Type": "Metal", "Products": "Matalic Cask", "QualityCon": "1", "Full_name": null, "Short_name": null, "Web_Link": null, "London_Fir": 0, "Londo_1st_": 1, "Web_refere": null }, "geometry": { "type": "Polygon", "coordinates": [ [ [ -0.069334, 51.495798 ], [ -0.069379, 51.49593 ], [ -0.069305, 51.495941 ], [ -0.069357, 51.496081 ], [ -0.069271, 51.496092 ], [ -0.069257, 51.496083 ], [ -0.069259, 51.49608 ], [ -0.06923, 51.496064 ], [ -0.069223, 51.496068 ], [ -0.069027, 51.495976 ], [ -0.068801, 51.495871 ], [ -0.068409, 51.49569 ], [ -0.068425, 51.495675 ], [ -0.06847, 51.495694 ], [ -0.068573, 51.495742 ], [ -0.068755, 51.495826 ], [ -0.068835, 51.495862 ], [ -0.069334, 51.495798 ] ] ] } },
{ "type": "Feature", "properties": { "Map_Name": "Deep Stamping Works", "First_Date": 1890, "Last_Date": 0, "Type": "General", "Products": null, "QualityCon": "1", "Full_name": null, "Short_name": null, "Web_Link": null, "London_Fir": 0, "Londo_1st_": 1, "Web_refere": null }, "geometry": { "type": "Polygon", "coordinates": [ [ [ -0.068608, 51.49553 ], [ -0.068417, 51.495582 ], [ -0.068399, 51.495557 ], [ -0.068254, 51.495596 ], [ -0.0679, 51.495429 ], [ -0.068085, 51.495425 ], [ -0.068319, 51.495407 ], [ -0.068343, 51.495401 ], [ -0.068565, 51.495363 ], [ -0.068608, 51.49553 ] ] ] } },
{ "type": "Feature", "properties": { "Map_Name": "Crown Works", "First_Date": 1890, "Last_Date": 0, "Type": "Furnishings", "Products": null, "QualityCon": "1", "Full_name": null, "Short_name": null, "Web_Link": null, "London_Fir": 0, "Londo_1st_": 1, "Web_refere": null }, "geometry": { "type": "Polygon", "coordinates": [ [ [ -0.064495, 51.494714 ], [ -0.064312, 51.49425 ], [ -0.064281, 51.494169 ], [ -0.064636, 51.494321 ], [ -0.065026, 51.494493 ], [ -0.065179, 51.49456 ], [ -0.065243, 51.494676 ], [ -0.065097, 51.494645 ], [ -0.064878, 51.494688 ], [ -0.06451, 51.494764 ], [ -0.064495, 51.494714 ] ] ] } },
{ "type": "Feature", "properties": { "Map_Name": "Saw Mill", "First_Date": 1890, "Last_Date": 0, "Type": "Timber Mill", "Products": null, "QualityCon": "1", "Full_name": null, "Short_name": null, "Web_Link": null, "London_Fir": 0, "Londo_1st_": 1, "Web_refere": null }, "geometry": { "type": "Polygon", "coordinates": [ [ [ -0.075914, 51.498918 ], [ -0.075936, 51.498986 ], [ -0.075762, 51.49902 ], [ -0.075818, 51.499141 ], [ -0.075653, 51.499172 ], [ -0.075571, 51.498972 ], [ -0.07591, 51.498905 ], [ -0.075914, 51.498918 ] ] ] } },
{ "type": "Feature", "properties": { "Map_Name": "Saw Mills", "First_Date": 1890, "Last_Date": 0, "Type": "Timber Mill", "Products": null, "QualityCon": "1", "Full_name": null, "Short_name": null, "Web_Link": null, "London_Fir": 0, "Londo_1st_": 1, "Web_refere": null }, "geometry": { "type": "Polygon", "coordinates": [ [ [ -0.059826, 51.498916 ], [ -0.059943, 51.498916 ], [ -0.059942, 51.499136 ], [ -0.05994, 51.49921 ], [ -0.059934, 51.499211 ], [ -0.059934, 51.499297 ], [ -0.059874, 51.499301 ], [ -0.059851, 51.499209 ], [ -0.059827, 51.499171 ], [ -0.059777, 51.49917 ], [ -0.05975, 51.499048 ], [ -0.059819, 51.499043 ], [ -0.059826, 51.498916 ] ] ] } },
{ "type": "Feature", "properties": { "Map_Name": "Thames Silicated Stone Works", "First_Date": 1890, "Last_Date": 0, "Type": "Building", "Products": null, "QualityCon": "1", "Full_name": null, "Short_name": null, "Web_Link": null, "London_Fir": 0, "Londo_1st_": 1, "Web_refere": null }, "geometry": { "type": "Polygon", "coordinates": [ [ [ -0.000631, 51.496325 ], [ -0.000633, 51.496379 ], [ -0.000587, 51.496425 ], [ -0.000507, 51.496532 ], [ -0.000524, 51.496621 ], [ -0.000584, 51.496761 ], [ -0.000716, 51.497047 ], [ 0.001549, 51.497448 ], [ 0.001673, 51.496864 ], [ 0.001634, 51.496847 ], [ 0.001686, 51.496738 ], [ 0.001701, 51.496705 ], [ 0.001242, 51.496627 ], [ 0.001225, 51.496666 ], [ -0.000631, 51.496325 ] ] ] } },
{ "type": "Feature", "properties": { "Map_Name": "South Metropolitan Gas Works", "First_Date": 1890, "Last_Date": 0, "Type": "Coal Gas", "Products": "Gas", "QualityCon": "1", "Full_name": null, "Short_name": "South Metropolitan", "Web_Link": null, "London_Fir": 0, "Londo_1st_": 1, "Web_refere": null }, "geometry": { "type": "Polygon", "coordinates": [ [ [ 0.00592, 51.499162 ], [ 0.005617, 51.500247 ], [ 0.004006, 51.50316 ], [ 0.003794, 51.503334 ], [ 0.003705, 51.503388 ], [ 0.00365, 51.503431 ], [ 0.003635, 51.503489 ], [ 0.003642, 51.503554 ], [ 0.003736, 51.503605 ], [ 0.003792, 51.503636 ], [ 0.003779, 51.503671 ], [ 0.003865, 51.503725 ], [ 0.003929, 51.503795 ], [ 0.003968, 51.503863 ], [ 0.003945, 51.503899 ], [ 0.003986, 51.503931 ], [ 0.004089, 51.503932 ], [ 0.004216, 51.503962 ], [ 0.00435, 51.504015 ], [ 0.004493, 51.504103 ], [ 0.004603, 51.504179 ], [ 0.00502, 51.504343 ], [ 0.00519, 51.50425 ], [ 0.005513, 51.504005 ], [ 0.005866, 51.50371 ], [ 0.006266, 51.503357 ], [ 0.006791, 51.502908 ], [ 0.007099, 51.502631 ], [ 0.00761, 51.502198 ], [ 0.007974, 51.501891 ], [ 0.00817, 51.501725 ], [ 0.008503, 51.501441 ], [ 0.008914, 51.501075 ], [ 0.009375, 51.500679 ], [ 0.009765, 51.500331 ], [ 0.01015, 51.499995 ], [ 0.010335, 51.499826 ], [ 0.010128, 51.499694 ], [ 0.009804, 51.499471 ], [ 0.009351, 51.499135 ], [ 0.008818, 51.498727 ], [ 0.008399, 51.498418 ], [ 0.007931, 51.498063 ], [ 0.007692, 51.497879 ], [ 0.007619, 51.497826 ], [ 0.007591, 51.497768 ], [ 0.007622, 51.497698 ], [ 0.007395, 51.497593 ], [ 0.007116, 51.497319 ], [ 0.005851, 51.496269 ], [ 0.005555, 51.496042 ], [ 0.005068, 51.495574 ], [ 0.004816, 51.495698 ], [ 0.003289, 51.495878 ], [ 0.00314, 51.495946 ], [ 0.002255, 51.496639 ], [ 0.002267, 51.496687 ], [ 0.002269, 51.496943 ], [ 0.002774, 51.49716 ], [ 0.00261, 51.497335 ], [ 0.002842, 51.497421 ], [ 0.006159, 51.498195 ], [ 0.00592, 51.499162 ] ] ] } },
{ "type": "Feature", "properties": { "Map_Name": "Barge Building Works", "First_Date": 1890, "Last_Date": 0, "Type": "Shipyard", "Products": null, "QualityCon": "1", "Full_name": null, "Short_name": null, "Web_Link": null, "London_Fir": 0, "Londo_1st_": 1, "Web_refere": null }, "geometry": { "type": "Polygon", "coordinates": [ [ [ 0.02677, 51.493751 ], [ 0.026749, 51.493476 ], [ 0.026739, 51.493465 ], [ 0.026741, 51.49345 ], [ 0.026867, 51.49346 ], [ 0.02688, 51.493431 ], [ 0.026624, 51.493394 ], [ 0.026403, 51.493403 ], [ 0.026175, 51.493414 ], [ 0.025752, 51.49347 ], [ 0.025328, 51.49352 ], [ 0.025285, 51.49388 ], [ 0.02677, 51.493751 ] ] ] } },
{ "type": "Feature", "properties": { "Map_Name": "Silicate Paint Works", "First_Date": 1890, "Last_Date": 0, "Type": "Varnish Colour and Paint", "Products": null, "QualityCon": "1", "Full_name": null, "Short_name": null, "Web_Link": null, "London_Fir": 0, "Londo_1st_": 1, "Web_refere": null }, "geometry": { "type": "Polygon", "coordinates": [ [ [ 0.032349, 51.493134 ], [ 0.031985, 51.494131 ], [ 0.032839, 51.494257 ], [ 0.032938, 51.493992 ], [ 0.033118, 51.493505 ], [ 0.033235, 51.493168 ], [ 0.032393, 51.493011 ], [ 0.032349, 51.493134 ] ] ] } },
{ "type": "Feature", "properties": { "Map_Name": "St. George's Brewery", "First_Date": 1860, "Last_Date": 0, "Type": "Brewing", "Products": null, "QualityCon": "1", "Full_name": null, "Short_name": null, "Web_Link": null, "London_Fir": 1, "Londo_1st_": 1, "Web_refere": null }, "geometry": { "type": "Polygon", "coordinates": [ [ [ -0.067692, 51.515405 ], [ -0.067579, 51.515046 ], [ -0.068622, 51.515084 ], [ -0.068638, 51.515108 ], [ -0.068417, 51.515168 ], [ -0.06849, 51.515278 ], [ -0.068429, 51.515297 ], [ -0.068384, 51.515215 ], [ -0.067692, 51.515405 ] ] ] } },
{ "type": "Feature", "properties": { "Map_Name": "Globe Works (Printing)", "First_Date": 1890, "Last_Date": 0, "Type": "Printing", "Products": null, "QualityCon": "1", "Full_name": null, "Short_name": null, "Web_Link": null, "London_Fir": 0, "Londo_1st_": 1, "Web_refere": null }, "geometry": { "type": "Polygon", "coordinates": [ [ [ -0.06974, 51.513948 ], [ -0.069549, 51.514009 ], [ -0.069454, 51.514039 ], [ -0.069352, 51.514075 ], [ -0.069288, 51.514097 ], [ -0.069256, 51.514107 ], [ -0.069232, 51.514045 ], [ -0.069174, 51.513877 ], [ -0.069278, 51.513848 ], [ -0.069262, 51.513803 ], [ -0.069428, 51.513758 ], [ -0.06947, 51.513824 ], [ -0.069636, 51.513785 ], [ -0.06974, 51.513948 ] ] ] } },
{ "type": "Feature", "properties": { "Map_Name": "Biscuit Manufactory", "First_Date": 1860, "Last_Date": 0, "Type": "Food", "Products": null, "QualityCon": "1", "Full_name": null, "Short_name": null, "Web_Link": null, "London_Fir": 1, "Londo_1st_": 1, "Web_refere": null }, "geometry": { "type": "Polygon", "coordinates": [ [ [ -0.064535, 51.513246 ], [ -0.064556, 51.513548 ], [ -0.064544, 51.513555 ], [ -0.064301, 51.513566 ], [ -0.064297, 51.513434 ], [ -0.064291, 51.513254 ], [ -0.064535, 51.513246 ] ] ] } },
{ "type": "Feature", "properties": { "Map_Name": "Engineering Works", "First_Date": 1860, "Last_Date": 0, "Type": "Engineering", "Products": null, "QualityCon": "1", "Full_name": null, "Short_name": null, "Web_Link": null, "London_Fir": 1, "Londo_1st_": 1, "Web_refere": null }, "geometry": { "type": "Polygon", "coordinates": [ [ [ -0.064137, 51.51278 ], [ -0.064139, 51.512818 ], [ -0.063858, 51.512824 ], [ -0.06386, 51.512899 ], [ -0.064143, 51.512897 ], [ -0.064151, 51.513023 ], [ -0.063859, 51.513029 ], [ -0.063862, 51.513151 ], [ -0.063787, 51.513152 ], [ -0.063785, 51.513127 ], [ -0.063766, 51.513126 ], [ -0.063762, 51.513031 ], [ -0.063665, 51.513032 ], [ -0.063656, 51.512908 ], [ -0.063705, 51.512906 ], [ -0.063703, 51.512827 ], [ -0.063597, 51.512828 ], [ -0.063597, 51.512751 ], [ -0.063909, 51.512745 ], [ -0.063913, 51.512782 ], [ -0.064137, 51.51278 ] ] ] } },
{ "type": "Feature", "properties": { "Map_Name": "Waterproof Cloth Works", "First_Date": 1890, "Last_Date": 0, "Type": "Rubber and Gutta-Percha", "Products": null, "QualityCon": "1", "Full_name": null, "Short_name": null, "Web_Link": null, "London_Fir": 0, "Londo_1st_": 1, "Web_refere": null }, "geometry": { "type": "Polygon", "coordinates": [ [ [ -0.024046, 51.544476 ], [ -0.024484, 51.544436 ], [ -0.024522, 51.544595 ], [ -0.024935, 51.544556 ], [ -0.0249, 51.544396 ], [ -0.024984, 51.544387 ], [ -0.02506, 51.544282 ], [ -0.025339, 51.544716 ], [ -0.02414, 51.54483 ], [ -0.024046, 51.544476 ] ] ] } },
{ "type": "Feature", "properties": { "Map_Name": "Imperial Glass Bottle Works", "First_Date": 1890, "Last_Date": 0, "Type": "Glass", "Products": null, "QualityCon": "1", "Full_name": null, "Short_name": null, "Web_Link": null, "London_Fir": 0, "Londo_1st_": 1, "Web_refere": null }, "geometry": { "type": "Polygon", "coordinates": [ [ [ -0.025784, 51.543513 ], [ -0.025985, 51.543509 ], [ -0.026287, 51.543511 ], [ -0.026616, 51.543524 ], [ -0.026821, 51.54354 ], [ -0.027171, 51.543571 ], [ -0.027535, 51.543619 ], [ -0.027822, 51.543653 ], [ -0.027873, 51.54373 ], [ -0.027565, 51.543812 ], [ -0.026884, 51.543917 ], [ -0.026876, 51.543901 ], [ -0.026858, 51.543904 ], [ -0.026878, 51.54398 ], [ -0.025907, 51.544075 ], [ -0.025768, 51.544079 ], [ -0.025509, 51.544141 ], [ -0.02555, 51.544073 ], [ -0.025251, 51.544055 ], [ -0.025312, 51.543972 ], [ -0.025513, 51.543711 ], [ -0.025628, 51.543535 ], [ -0.025708, 51.54353 ], [ -0.025784, 51.543513 ] ] ] } },
{ "type": "Feature", "properties": { "Map_Name": "Falcon Works (Brewing Materials etc.)", "First_Date": 1890, "Last_Date": 0, "Type": "Brewing", "Products": null, "QualityCon": "1", "Full_name": null, "Short_name": null, "Web_Link": null, "London_Fir": 0, "Londo_1st_": 1, "Web_refere": null }, "geometry": { "type": "Polygon", "coordinates": [ [ [ -0.02327, 51.544426 ], [ -0.022816, 51.544465 ], [ -0.022549, 51.544461 ], [ -0.022494, 51.544364 ], [ -0.022439, 51.544275 ], [ -0.022486, 51.544272 ], [ -0.02241, 51.544138 ], [ -0.022379, 51.544069 ], [ -0.022559, 51.544048 ], [ -0.022705, 51.544021 ], [ -0.022874, 51.543978 ], [ -0.022978, 51.543953 ], [ -0.023008, 51.543986 ], [ -0.023017, 51.543986 ], [ -0.02303, 51.544001 ], [ -0.023146, 51.544217 ], [ -0.02323, 51.544364 ], [ -0.02327, 51.544426 ] ] ] } },
{ "type": "Feature", "properties": { "Map_Name": "Brush Works", "First_Date": 1890, "Last_Date": 0, "Type": "General", "Products": null, "QualityCon": "1", "Full_name": null, "Short_name": null, "Web_Link": null, "London_Fir": 0, "Londo_1st_": 1, "Web_refere": null }, "geometry": { "type": "Polygon", "coordinates": [ [ [ 0.001714, 51.533189 ], [ 0.001998, 51.533252 ], [ 0.002145, 51.533284 ], [ 0.002282, 51.53311 ], [ 0.002184, 51.53308 ], [ 0.002209, 51.533053 ], [ 0.002149, 51.533034 ], [ 0.002139, 51.533046 ], [ 0.002149, 51.53305 ], [ 0.002131, 51.533076 ], [ 0.002055, 51.533058 ], [ 0.001963, 51.533037 ], [ 0.001927, 51.533093 ], [ 0.001779, 51.533061 ], [ 0.001714, 51.533189 ] ] ] } },
{ "type": "Feature", "properties": { "Map_Name": "Hardware Manufactory", "First_Date": 1890, "Last_Date": 0, "Type": "General", "Products": null, "QualityCon": "1", "Full_name": null, "Short_name": null, "Web_Link": null, "London_Fir": 0, "Londo_1st_": 1, "Web_refere": null }, "geometry": { "type": "Polygon", "coordinates": [ [ [ 0.002242, 51.532509 ], [ 0.001808, 51.533009 ], [ 0.001779, 51.533061 ], [ 0.001927, 51.533093 ], [ 0.001963, 51.533037 ], [ 0.002055, 51.533058 ], [ 0.002098, 51.53301 ], [ 0.002134, 51.533006 ], [ 0.002306, 51.533059 ], [ 0.00235, 51.533042 ], [ 0.002457, 51.53282 ], [ 0.002569, 51.532609 ], [ 0.002242, 51.532509 ] ] ] } },
{ "type": "Feature", "properties": { "Map_Name": "Varnish and Japan Works", "First_Date": 1890, "Last_Date": 0, "Type": "Varnish Colour and Paint", "Products": null, "QualityCon": "1", "Full_name": null, "Short_name": null, "Web_Link": null, "London_Fir": 0, "Londo_1st_": 1, "Web_refere": null }, "geometry": { "type": "Polygon", "coordinates": [ [ [ 0.00004, 51.532642 ], [ 0.000053, 51.532659 ], [ 0.00024, 51.532671 ], [ 0.000572, 51.532275 ], [ 0.000727, 51.532222 ], [ 0.001181, 51.532355 ], [ 0.00143, 51.53238 ], [ 0.00177, 51.532474 ], [ 0.002011, 51.532408 ], [ 0.002132, 51.532461 ], [ 0.002178, 51.53247 ], [ 0.002238, 51.532476 ], [ 0.002385, 51.532239 ], [ 0.00198, 51.532164 ], [ 0.001313, 51.531989 ], [ 0.001331, 51.53196 ], [ 0.000857, 51.531814 ], [ 0.000743, 51.531937 ], [ 0.00065, 51.531981 ], [ 0.000435, 51.532053 ], [ 0.000219, 51.53221 ], [ 0.000201, 51.532205 ], [ 0.000112, 51.532298 ], [ 0.000086, 51.532376 ], [ 0.00004, 51.532642 ] ] ] } },
{ "type": "Feature", "properties": { "Map_Name": "London and Glasgow Foundry", "First_Date": 1890, "Last_Date": 0, "Type": "Metal", "Products": null, "QualityCon": "1", "Full_name": null, "Short_name": null, "Web_Link": null, "London_Fir": 0, "Londo_1st_": 1, "Web_refere": null }, "geometry": { "type": "Polygon", "coordinates": [ [ [ -0.010702, 51.528601 ], [ -0.010603, 51.528488 ], [ -0.010456, 51.52832 ], [ -0.010941, 51.528172 ], [ -0.011501, 51.527993 ], [ -0.011644, 51.528152 ], [ -0.011746, 51.528266 ], [ -0.010702, 51.528601 ] ] ] } },
{ "type": "Feature", "properties": { "Map_Name": "Bow Bridge Soap Works", "First_Date": 1890, "Last_Date": 0, "Type": "Soap Candle Tallow and Oil", "Products": null, "QualityCon": "1", "Full_name": null, "Short_name": "Bow Bridge Soap Works", "Web_Link": null, "London_Fir": 0, "Londo_1st_": 1, "Web_refere": null }, "geometry": { "type": "Polygon", "coordinates": [ [ [ -0.009842, 51.528318 ], [ -0.010048, 51.528455 ], [ -0.010141, 51.528529 ], [ -0.010215, 51.528613 ], [ -0.010283, 51.52869 ], [ -0.010304, 51.528735 ], [ -0.010313, 51.528784 ], [ -0.010344, 51.52892 ], [ -0.010354, 51.528954 ], [ -0.010391, 51.529034 ], [ -0.010211, 51.529073 ], [ -0.009697, 51.529221 ], [ -0.009614, 51.529099 ], [ -0.009467, 51.528929 ], [ -0.009403, 51.528833 ], [ -0.009192, 51.528524 ], [ -0.009842, 51.528318 ] ] ] } },
{ "type": "Feature", "properties": { "Map_Name": "Stone Works", "First_Date": 1890, "Last_Date": 0, "Type": "Building", "Products": null, "QualityCon": "1", "Full_name": null, "Short_name": null, "Web_Link": null, "London_Fir": 0, "Londo_1st_": 1, "Web_refere": null }, "geometry": { "type": "Polygon", "coordinates": [ [ [ -0.008749, 51.528799 ], [ -0.008971, 51.528737 ], [ -0.009044, 51.528846 ], [ -0.008879, 51.528892 ], [ -0.008894, 51.528919 ], [ -0.008696, 51.528971 ], [ -0.008681, 51.528946 ], [ -0.008506, 51.528987 ], [ -0.00844, 51.528885 ], [ -0.008518, 51.528864 ], [ -0.008488, 51.528817 ], [ -0.008717, 51.528752 ], [ -0.008749, 51.528799 ] ] ] } },
{ "type": "Feature", "properties": { "Map_Name": "Blue Works", "First_Date": 1890, "Last_Date": 0, "Type": "Varnish Colour and Paint", "Products": null, "QualityCon": "1", "Full_name": null, "Short_name": null, "Web_Link": null, "London_Fir": 0, "Londo_1st_": 1, "Web_refere": null }, "geometry": { "type": "Polygon", "coordinates": [ [ [ -0.008161, 51.528742 ], [ -0.008461, 51.529167 ], [ -0.008153, 51.529246 ], [ -0.008065, 51.529115 ], [ -0.008046, 51.529118 ], [ -0.008095, 51.529207 ], [ -0.008043, 51.529224 ], [ -0.007992, 51.529131 ], [ -0.007801, 51.529188 ], [ -0.007779, 51.529156 ], [ -0.00742, 51.52925 ], [ -0.007441, 51.529086 ], [ -0.007767, 51.528997 ], [ -0.007724, 51.528932 ], [ -0.007888, 51.528883 ], [ -0.007847, 51.528829 ], [ -0.00793, 51.528801 ], [ -0.008161, 51.528742 ] ] ] } },
{ "type": "Feature", "properties": { "Map_Name": "Oil Refinery", "First_Date": 1890, "Last_Date": 0, "Type": "Oil and Petroleum", "Products": null, "QualityCon": "1", "Full_name": null, "Short_name": null, "Web_Link": null, "London_Fir": 0, "Londo_1st_": 1, "Web_refere": null }, "geometry": { "type": "Polygon", "coordinates": [ [ [ -0.009993, 51.530012 ], [ -0.009327, 51.530184 ], [ -0.009152, 51.52992 ], [ -0.009753, 51.52977 ], [ -0.009782, 51.529802 ], [ -0.009993, 51.530012 ] ] ] } },
{ "type": "Feature", "properties": { "Map_Name": "Asphalte Works", "First_Date": 1890, "Last_Date": 0, "Type": "Asphalt", "Products": null, "QualityCon": "1", "Full_name": null, "Short_name": null, "Web_Link": null, "London_Fir": 0, "Londo_1st_": 1, "Web_refere": null }, "geometry": { "type": "Polygon", "coordinates": [ [ [ -0.009235, 51.530218 ], [ -0.007587, 51.530644 ], [ -0.007553, 51.53048 ], [ -0.007448, 51.530296 ], [ -0.007408, 51.530154 ], [ -0.007455, 51.530138 ], [ -0.00745, 51.530115 ], [ -0.007391, 51.530097 ], [ -0.007314, 51.529845 ], [ -0.007304, 51.52976 ], [ -0.007815, 51.529625 ], [ -0.008627, 51.529406 ], [ -0.009235, 51.530218 ] ] ] } },
{ "type": "Feature", "properties": { "Map_Name": "Boiler Works", "First_Date": 1890, "Last_Date": 0, "Type": "Engineering", "Products": null, "QualityCon": "1", "Full_name": null, "Short_name": null, "Web_Link": null, "London_Fir": 0, "Londo_1st_": 1, "Web_refere": null }, "geometry": { "type": "Polygon", "coordinates": [ [ [ -0.009755, 51.529514 ], [ -0.009895, 51.529732 ], [ -0.009152, 51.52992 ], [ -0.009006, 51.529713 ], [ -0.009755, 51.529514 ] ] ] } },
{ "type": "Feature", "properties": { "Map_Name": "Printing Ink Works", "First_Date": 1890, "Last_Date": 0, "Type": "Chemical", "Products": "Ink", "QualityCon": "1", "Full_name": null, "Short_name": null, "Web_Link": null, "London_Fir": 0, "Londo_1st_": 1, "Web_refere": null }, "geometry": { "type": "Polygon", "coordinates": [ [ [ -0.009658, 51.529385 ], [ -0.009755, 51.529514 ], [ -0.00904, 51.529704 ], [ -0.008952, 51.529581 ], [ -0.009658, 51.529385 ] ] ] } },
{ "type": "Feature", "properties": { "Map_Name": "Boiler Works", "First_Date": 1890, "Last_Date": 0, "Type": "Engineering", "Products": null, "QualityCon": "1", "Full_name": null, "Short_name": null, "Web_Link": null, "London_Fir": 0, "Londo_1st_": 1, "Web_refere": null }, "geometry": { "type": "Polygon", "coordinates": [ [ [ -0.009658, 51.529385 ], [ -0.008952, 51.529581 ], [ -0.008741, 51.529279 ], [ -0.009013, 51.529207 ], [ -0.009337, 51.529124 ], [ -0.009423, 51.529108 ], [ -0.009588, 51.529311 ], [ -0.009642, 51.529364 ], [ -0.009658, 51.529385 ] ] ] } },
{ "type": "Feature", "properties": { "Map_Name": "Tin Box Manufactory", "First_Date": 1890, "Last_Date": 0, "Type": "Metal", "Products": null, "QualityCon": "1", "Full_name": null, "Short_name": null, "Web_Link": null, "London_Fir": 0, "Londo_1st_": 1, "Web_refere": null }, "geometry": { "type": "Polygon", "coordinates": [ [ [ -0.011429, 51.530324 ], [ -0.011735, 51.530519 ], [ -0.011893, 51.530504 ], [ -0.011899, 51.530511 ], [ -0.011931, 51.530551 ], [ -0.011605, 51.530715 ], [ -0.011615, 51.53073 ], [ -0.011542, 51.53076 ], [ -0.011513, 51.530739 ], [ -0.011446, 51.530776 ], [ -0.011366, 51.530719 ], [ -0.011098, 51.530524 ], [ -0.011429, 51.530324 ] ] ] } },
{ "type": "Feature", "properties": { "Map_Name": "Aberdeen Works (Jams etc.)", "First_Date": 1890, "Last_Date": 0, "Type": "Food", "Products": null, "QualityCon": "1", "Full_name": null, "Short_name": null, "Web_Link": null, "London_Fir": 0, "Londo_1st_": 1, "Web_refere": null }, "geometry": { "type": "Polygon", "coordinates": [ [ [ -0.01139, 51.530833 ], [ -0.011136, 51.530987 ], [ -0.010993, 51.530895 ], [ -0.010798, 51.530776 ], [ -0.010633, 51.530673 ], [ -0.010448, 51.530555 ], [ -0.010476, 51.530377 ], [ -0.010513, 51.530387 ], [ -0.010628, 51.530437 ], [ -0.010751, 51.530363 ], [ -0.010923, 51.530474 ], [ -0.010908, 51.530482 ], [ -0.011012, 51.530547 ], [ -0.011087, 51.530589 ], [ -0.011161, 51.530685 ], [ -0.01139, 51.530833 ] ] ] } },
{ "type": "Feature", "properties": { "Map_Name": "Eagle Foundry", "First_Date": 1890, "Last_Date": 0, "Type": "Metal", "Products": null, "QualityCon": "1", "Full_name": null, "Short_name": null, "Web_Link": null, "London_Fir": 0, "Londo_1st_": 1, "Web_refere": null }, "geometry": { "type": "Polygon", "coordinates": [ [ [ -0.097995, 51.530836 ], [ -0.097413, 51.530991 ], [ -0.097276, 51.530775 ], [ -0.097844, 51.53062 ], [ -0.097995, 51.530836 ] ] ] } },
{ "type": "Feature", "properties": { "Map_Name": "Saw Mill", "First_Date": 1890, "Last_Date": 0, "Type": "Timber Mill", "Products": null, "QualityCon": "1", "Full_name": null, "Short_name": null, "Web_Link": null, "London_Fir": 0, "Londo_1st_": 1, "Web_refere": null }, "geometry": { "type": "Polygon", "coordinates": [ [ [ -0.097378, 51.531694 ], [ -0.097577, 51.531985 ], [ -0.096639, 51.532234 ], [ -0.096433, 51.531937 ], [ -0.097378, 51.531694 ] ] ] } },
{ "type": "Feature", "properties": { "Map_Name": "Wenlock Brewery", "First_Date": 1860, "Last_Date": 0, "Type": "Brewing", "Products": null, "QualityCon": "1", "Full_name": null, "Short_name": null, "Web_Link": null, "London_Fir": 1, "Londo_1st_": 1, "Web_refere": null }, "geometry": { "type": "Polygon", "coordinates": [ [ [ -0.093651, 51.530189 ], [ -0.093711, 51.53051 ], [ -0.09377, 51.530667 ], [ -0.093318, 51.530729 ], [ -0.093217, 51.530453 ], [ -0.093143, 51.530253 ], [ -0.093651, 51.530189 ] ] ] } },
{ "type": "Feature", "properties": { "Map_Name": "Excelsoir Works", "First_Date": 1890, "Last_Date": 0, "Type": "General", "Products": null, "QualityCon": "1", "Full_name": null, "Short_name": null, "Web_Link": null, "London_Fir": 0, "Londo_1st_": 1, "Web_refere": null }, "geometry": { "type": "Polygon", "coordinates": [ [ [ -0.094805, 51.531467 ], [ -0.094354, 51.531565 ], [ -0.094314, 51.531499 ], [ -0.094226, 51.531304 ], [ -0.094686, 51.531215 ], [ -0.094805, 51.531467 ] ] ] } },
{ "type": "Feature", "properties": { "Map_Name": "Printing Works", "First_Date": 1860, "Last_Date": 0, "Type": "Printing", "Products": null, "QualityCon": "1", "Full_name": null, "Short_name": null, "Web_Link": null, "London_Fir": 1, "Londo_1st_": 1, "Web_refere": null }, "geometry": { "type": "Polygon", "coordinates": [ [ [ -0.099939, 51.529997 ], [ -0.099985, 51.530077 ], [ -0.099892, 51.530216 ], [ -0.099881, 51.530219 ], [ -0.099149, 51.530033 ], [ -0.099323, 51.529761 ], [ -0.099345, 51.529689 ], [ -0.099434, 51.529668 ], [ -0.099643, 51.529964 ], [ -0.099691, 51.529955 ], [ -0.099702, 51.52997 ], [ -0.099779, 51.529952 ], [ -0.099826, 51.530011 ], [ -0.099939, 51.529997 ] ] ] } },
{ "type": "Feature", "properties": { "Map_Name": "Gas Meter Manufactory", "First_Date": 1860, "Last_Date": 0, "Type": "General", "Products": "Gas Meters", "QualityCon": "1", "Full_name": null, "Short_name": null, "Web_Link": null, "London_Fir": 1, "Londo_1st_": 1, "Web_refere": null }, "geometry": { "type": "Polygon", "coordinates": [ [ [ -0.100503, 51.529363 ], [ -0.10038, 51.529428 ], [ -0.100162, 51.529558 ], [ -0.09987, 51.529615 ], [ -0.099821, 51.529539 ], [ -0.099822, 51.529483 ], [ -0.099846, 51.529466 ], [ -0.099831, 51.529447 ], [ -0.099819, 51.529444 ], [ -0.099808, 51.529425 ], [ -0.099786, 51.529427 ], [ -0.099689, 51.529278 ], [ -0.100082, 51.529167 ], [ -0.100063, 51.529146 ], [ -0.100279, 51.529084 ], [ -0.100503, 51.529363 ] ] ] } },
{ "type": "Feature", "properties": { "Map_Name": "Vulcanized India Rubber Works", "First_Date": 1860, "Last_Date": 0, "Type": "Rubber and Gutta-Percha", "Products": null, "QualityCon": "1", "Full_name": null, "Short_name": null, "Web_Link": null, "London_Fir": 1, "Londo_1st_": 1, "Web_refere": null }, "geometry": { "type": "Polygon", "coordinates": [ [ [ -0.100063, 51.529146 ], [ -0.0998, 51.529224 ], [ -0.09981, 51.529235 ], [ -0.099683, 51.529272 ], [ -0.099565, 51.529097 ], [ -0.099523, 51.529078 ], [ -0.09948, 51.529088 ], [ -0.099473, 51.529077 ], [ -0.099431, 51.529013 ], [ -0.099693, 51.52894 ], [ -0.099896, 51.528887 ], [ -0.099944, 51.528951 ], [ -0.099972, 51.528949 ], [ -0.100105, 51.52891 ], [ -0.100341, 51.528843 ], [ -0.100623, 51.528758 ], [ -0.100821, 51.528701 ], [ -0.100904, 51.528816 ], [ -0.101085, 51.528769 ], [ -0.101135, 51.528839 ], [ -0.100063, 51.529146 ] ] ] } },
{ "type": "Feature", "properties": { "Map_Name": "Distillery", "First_Date": 1860, "Last_Date": 0, "Type": "Distillery", "Products": null, "QualityCon": "1", "Full_name": null, "Short_name": null, "Web_Link": null, "London_Fir": 1, "Londo_1st_": 1, "Web_refere": null }, "geometry": { "type": "Polygon", "coordinates": [ [ [ -0.099333, 51.524958 ], [ -0.099382, 51.525074 ], [ -0.099301, 51.525087 ], [ -0.099293, 51.525079 ], [ -0.099145, 51.525102 ], [ -0.099168, 51.525157 ], [ -0.099012, 51.525188 ], [ -0.098611, 51.525266 ], [ -0.098475, 51.525064 ], [ -0.098986, 51.524916 ], [ -0.098986, 51.52491 ], [ -0.099108, 51.524889 ], [ -0.099112, 51.5249 ], [ -0.099298, 51.524873 ], [ -0.099333, 51.524958 ] ] ] } },
{ "type": "Feature", "properties": { "Map_Name": "Brass Foundry", "First_Date": 1860, "Last_Date": 0, "Type": "Metal", "Products": null, "QualityCon": "1", "Full_name": null, "Short_name": null, "Web_Link": null, "London_Fir": 1, "Londo_1st_": 1, "Web_refere": null }, "geometry": { "type": "Polygon", "coordinates": [ [ [ -0.100886, 51.524738 ], [ -0.100582, 51.524834 ], [ -0.100544, 51.524846 ], [ -0.100553, 51.524857 ], [ -0.100521, 51.524871 ], [ -0.100395, 51.524641 ], [ -0.100336, 51.524542 ], [ -0.100676, 51.524464 ], [ -0.100886, 51.524738 ] ] ] } },
{ "type": "Feature", "properties": { "Map_Name": "Iron Foundry", "First_Date": 1860, "Last_Date": 0, "Type": "Metal", "Products": null, "QualityCon": "1", "Full_name": null, "Short_name": null, "Web_Link": null, "London_Fir": 1, "Londo_1st_": 1, "Web_refere": null }, "geometry": { "type": "Polygon", "coordinates": [ [ [ -0.102091, 51.524553 ], [ -0.101853, 51.524625 ], [ -0.101736, 51.524484 ], [ -0.101619, 51.524315 ], [ -0.101583, 51.524257 ], [ -0.101563, 51.524229 ], [ -0.101579, 51.524203 ], [ -0.101602, 51.524207 ], [ -0.101704, 51.524181 ], [ -0.101727, 51.524218 ], [ -0.101859, 51.524187 ], [ -0.101901, 51.524253 ], [ -0.101884, 51.524291 ], [ -0.101974, 51.524404 ], [ -0.102079, 51.52437 ], [ -0.102182, 51.52451 ], [ -0.102091, 51.524553 ] ] ] } },
{ "type": "Feature", "properties": { "Map_Name": "Cannon Brewery", "First_Date": 1890, "Last_Date": 0, "Type": "Brewing", "Products": null, "QualityCon": "1", "Full_name": null, "Short_name": null, "Web_Link": null, "London_Fir": 0, "Londo_1st_": 1, "Web_refere": null }, "geometry": { "type": "Polygon", "coordinates": [ [ [ -0.102418, 51.523551 ], [ -0.102699, 51.523914 ], [ -0.102388, 51.52397 ], [ -0.102409, 51.524009 ], [ -0.102334, 51.524029 ], [ -0.102372, 51.524089 ], [ -0.102268, 51.524113 ], [ -0.102271, 51.524123 ], [ -0.101985, 51.524183 ], [ -0.102024, 51.524229 ], [ -0.101901, 51.524253 ], [ -0.101859, 51.524187 ], [ -0.101727, 51.524218 ], [ -0.101704, 51.524181 ], [ -0.101602, 51.524207 ], [ -0.101579, 51.524203 ], [ -0.101542, 51.524197 ], [ -0.101523, 51.524168 ], [ -0.101502, 51.524172 ], [ -0.101441, 51.524051 ], [ -0.10129, 51.523775 ], [ -0.101367, 51.523756 ], [ -0.10143, 51.523731 ], [ -0.101581, 51.523682 ], [ -0.101783, 51.523639 ], [ -0.101982, 51.523599 ], [ -0.101989, 51.523614 ], [ -0.102078, 51.523591 ], [ -0.102099, 51.523629 ], [ -0.102418, 51.523551 ] ] ] } },
{ "type": "Feature", "properties": { "Map_Name": "Drug Mills", "First_Date": 1860, "Last_Date": 0, "Type": "Chemical", "Products": "Drugs", "QualityCon": "1", "Full_name": null, "Short_name": null, "Web_Link": null, "London_Fir": 1, "Londo_1st_": 1, "Web_refere": null }, "geometry": { "type": "Polygon", "coordinates": [ [ [ -0.101157, 51.523496 ], [ -0.101032, 51.523529 ], [ -0.101058, 51.523572 ], [ -0.101035, 51.523579 ], [ -0.101084, 51.523664 ], [ -0.101064, 51.523668 ], [ -0.101074, 51.52369 ], [ -0.101061, 51.523693 ], [ -0.101045, 51.523672 ], [ -0.100817, 51.523727 ], [ -0.10081, 51.523723 ], [ -0.100674, 51.52376 ], [ -0.100514, 51.523558 ], [ -0.100609, 51.52353 ], [ -0.100807, 51.523474 ], [ -0.100841, 51.523452 ], [ -0.100885, 51.52344 ], [ -0.100894, 51.52345 ], [ -0.100929, 51.52344 ], [ -0.100929, 51.523435 ], [ -0.100959, 51.523428 ], [ -0.100962, 51.523429 ], [ -0.101092, 51.523395 ], [ -0.101157, 51.523496 ] ] ] } },
{ "type": "Feature", "properties": { "Map_Name": "Varnish Japan and White Lead Works", "First_Date": 1890, "Last_Date": 0, "Type": "Varnish Colour and Paint", "Products": null, "QualityCon": "1", "Full_name": null, "Short_name": null, "Web_Link": null, "London_Fir": 0, "Londo_1st_": 1, "Web_refere": null }, "geometry": { "type": "Polygon", "coordinates": [ [ [ -0.100218, 51.524034 ], [ -0.100439, 51.52446 ], [ -0.100091, 51.524521 ], [ -0.099709, 51.524584 ], [ -0.099405, 51.524619 ], [ -0.099309, 51.524369 ], [ -0.099458, 51.524348 ], [ -0.099461, 51.524343 ], [ -0.099529, 51.524333 ], [ -0.099535, 51.524328 ], [ -0.099545, 51.524319 ], [ -0.099542, 51.524312 ], [ -0.099519, 51.524314 ], [ -0.099473, 51.524306 ], [ -0.099464, 51.524287 ], [ -0.099432, 51.524206 ], [ -0.099504, 51.52419 ], [ -0.099969, 51.524084 ], [ -0.100218, 51.524034 ] ] ] } },
{ "type": "Feature", "properties": { "Map_Name": "Engineering Works", "First_Date": 1890, "Last_Date": 0, "Type": "Engineering", "Products": null, "QualityCon": "1", "Full_name": null, "Short_name": null, "Web_Link": null, "London_Fir": 0, "Londo_1st_": 1, "Web_refere": null }, "geometry": { "type": "Polygon", "coordinates": [ [ [ -0.098895, 51.523742 ], [ -0.098475, 51.523869 ], [ -0.098467, 51.523865 ], [ -0.098094, 51.523994 ], [ -0.098106, 51.524011 ], [ -0.098016, 51.524041 ], [ -0.097648, 51.523674 ], [ -0.097875, 51.523582 ], [ -0.098271, 51.523425 ], [ -0.098385, 51.52338 ], [ -0.098448, 51.523443 ], [ -0.09841, 51.523457 ], [ -0.09843, 51.523485 ], [ -0.098416, 51.523492 ], [ -0.098477, 51.523562 ], [ -0.098438, 51.523578 ], [ -0.098593, 51.523733 ], [ -0.098826, 51.523654 ], [ -0.098895, 51.523742 ] ] ] } },
{ "type": "Feature", "properties": { "Map_Name": "Bed and Mattress Manufactory", "First_Date": 1860, "Last_Date": 0, "Type": "General", "Products": null, "QualityCon": "1", "Full_name": null, "Short_name": null, "Web_Link": null, "London_Fir": 1, "Londo_1st_": 1, "Web_refere": null }, "geometry": { "type": "Polygon", "coordinates": [ [ [ -0.095191, 51.523789 ], [ -0.095272, 51.523918 ], [ -0.095326, 51.523909 ], [ -0.09544, 51.524076 ], [ -0.095203, 51.524141 ], [ -0.095285, 51.524261 ], [ -0.095086, 51.524315 ], [ -0.094984, 51.524154 ], [ -0.094884, 51.524004 ], [ -0.094875, 51.524006 ], [ -0.0948, 51.523892 ], [ -0.09489, 51.523886 ], [ -0.094919, 51.523899 ], [ -0.095191, 51.523789 ] ] ] } },
{ "type": "Feature", "properties": { "Map_Name": "Distillery", "First_Date": 1860, "Last_Date": 0, "Type": "Distillery", "Products": null, "QualityCon": "1", "Full_name": null, "Short_name": null, "Web_Link": null, "London_Fir": 1, "Londo_1st_": 1, "Web_refere": null }, "geometry": { "type": "Polygon", "coordinates": [ [ [ -0.094536, 51.523804 ], [ -0.094321, 51.523857 ], [ -0.094374, 51.523947 ], [ -0.093763, 51.524103 ], [ -0.093574, 51.523824 ], [ -0.093822, 51.523758 ], [ -0.094186, 51.523657 ], [ -0.09426, 51.523763 ], [ -0.094474, 51.523708 ], [ -0.094536, 51.523804 ] ] ] } },
{ "type": "Feature", "properties": { "Map_Name": "Star Works (Postage Stamps)", "First_Date": 1890, "Last_Date": 0, "Type": "General", "Products": null, "QualityCon": "1", "Full_name": null, "Short_name": null, "Web_Link": null, "London_Fir": 0, "Londo_1st_": 1, "Web_refere": null }, "geometry": { "type": "Polygon", "coordinates": [ [ [ -0.090983, 51.524043 ], [ -0.090442, 51.524173 ], [ -0.090235, 51.523744 ], [ -0.090172, 51.52362 ], [ -0.090364, 51.523586 ], [ -0.09119, 51.523396 ], [ -0.091247, 51.523487 ], [ -0.090777, 51.523603 ], [ -0.090798, 51.523633 ], [ -0.090775, 51.523638 ], [ -0.090884, 51.523832 ], [ -0.090862, 51.523836 ], [ -0.090983, 51.524043 ] ] ] } },
{ "type": "Feature", "properties": { "Map_Name": "Distillery", "First_Date": 1890, "Last_Date": 0, "Type": "Distillery", "Products": null, "QualityCon": "1", "Full_name": null, "Short_name": null, "Web_Link": null, "London_Fir": 0, "Londo_1st_": 1, "Web_refere": null }, "geometry": { "type": "Polygon", "coordinates": [ [ [ -0.103889, 51.524025 ], [ -0.104104, 51.524226 ], [ -0.104307, 51.524414 ], [ -0.104388, 51.524504 ], [ -0.104418, 51.524551 ], [ -0.104435, 51.524604 ], [ -0.104239, 51.524619 ], [ -0.104243, 51.524781 ], [ -0.104131, 51.524778 ], [ -0.104199, 51.524844 ], [ -0.104206, 51.524883 ], [ -0.104005, 51.524961 ], [ -0.103942, 51.524895 ], [ -0.103863, 51.524809 ], [ -0.103783, 51.524725 ], [ -0.103685, 51.524623 ], [ -0.103569, 51.524509 ], [ -0.103492, 51.524432 ], [ -0.103394, 51.524335 ], [ -0.103463, 51.524307 ], [ -0.103459, 51.524297 ], [ -0.103569, 51.524243 ], [ -0.103512, 51.524188 ], [ -0.103889, 51.524025 ] ] ] } },
{ "type": "Feature", "properties": { "Map_Name": "Patent Dry Gas Meter Manufactory", "First_Date": 1860, "Last_Date": 0, "Type": "Engineering", "Products": null, "QualityCon": "1", "Full_name": null, "Short_name": null, "Web_Link": null, "London_Fir": 1, "Londo_1st_": 1, "Web_refere": null }, "geometry": { "type": "Polygon", "coordinates": [ [ [ -0.103973, 51.525419 ], [ -0.103605, 51.52548 ], [ -0.103498, 51.525248 ], [ -0.10388, 51.525175 ], [ -0.103973, 51.525419 ] ] ] } },
{ "type": "Feature", "properties": { "Map_Name": "Brewery", "First_Date": 1890, "Last_Date": 0, "Type": "Brewing", "Products": null, "QualityCon": "1", "Full_name": null, "Short_name": null, "Web_Link": null, "London_Fir": 0, "Londo_1st_": 1, "Web_refere": null }, "geometry": { "type": "Polygon", "coordinates": [ [ [ -0.109792, 51.521931 ], [ -0.109622, 51.521666 ], [ -0.109497, 51.52144 ], [ -0.109681, 51.521378 ], [ -0.109744, 51.521465 ], [ -0.109784, 51.521453 ], [ -0.109859, 51.521555 ], [ -0.109832, 51.521564 ], [ -0.109852, 51.52159 ], [ -0.109906, 51.521577 ], [ -0.109965, 51.521652 ], [ -0.110122, 51.521617 ], [ -0.110159, 51.521679 ], [ -0.110232, 51.521806 ], [ -0.110197, 51.521852 ], [ -0.110184, 51.521852 ], [ -0.109792, 51.521931 ] ] ] } },
{ "type": "Feature", "properties": { "Map_Name": "St. Andrew's Distillery", "First_Date": 1890, "Last_Date": 0, "Type": "Distillery", "Products": null, "QualityCon": "1", "Full_name": null, "Short_name": null, "Web_Link": null, "London_Fir": 0, "Londo_1st_": 1, "Web_refere": null }, "geometry": { "type": "Polygon", "coordinates": [ [ [ -0.10883, 51.521971 ], [ -0.108581, 51.521992 ], [ -0.108449, 51.521851 ], [ -0.108641, 51.52178 ], [ -0.10883, 51.521971 ] ] ] } },
{ "type": "Feature", "properties": { "Map_Name": "Printing Works", "First_Date": 1890, "Last_Date": 0, "Type": "Printing", "Products": null, "QualityCon": "1", "Full_name": null, "Short_name": null, "Web_Link": null, "London_Fir": 0, "Londo_1st_": 1, "Web_refere": null }, "geometry": { "type": "Polygon", "coordinates": [ [ [ -0.107158, 51.519689 ], [ -0.107229, 51.519913 ], [ -0.106821, 51.519956 ], [ -0.106784, 51.519846 ], [ -0.10665, 51.519863 ], [ -0.106627, 51.51983 ], [ -0.106482, 51.519874 ], [ -0.106449, 51.51983 ], [ -0.106602, 51.519785 ], [ -0.106585, 51.519753 ], [ -0.106758, 51.519731 ], [ -0.107158, 51.519689 ] ] ] } },
{ "type": "Feature", "properties": { "Map_Name": "Printing Works", "First_Date": 1860, "Last_Date": 0, "Type": "Printing", "Products": null, "QualityCon": "1", "Full_name": null, "Short_name": null, "Web_Link": null, "London_Fir": 1, "Londo_1st_": 1, "Web_refere": null }, "geometry": { "type": "Polygon", "coordinates": [ [ [ -0.105332, 51.521304 ], [ -0.105473, 51.521416 ], [ -0.105413, 51.521442 ], [ -0.105401, 51.521431 ], [ -0.104877, 51.521702 ], [ -0.104775, 51.521618 ], [ -0.104867, 51.521547 ], [ -0.105332, 51.521304 ] ] ] } },
{ "type": "Feature", "properties": { "Map_Name": "Distillery", "First_Date": 1890, "Last_Date": 0, "Type": "Distillery", "Products": null, "QualityCon": "1", "Full_name": null, "Short_name": null, "Web_Link": null, "London_Fir": 0, "Londo_1st_": 1, "Web_refere": null }, "geometry": { "type": "Polygon", "coordinates": [ [ [ -0.105101, 51.521141 ], [ -0.105041, 51.521176 ], [ -0.104978, 51.521271 ], [ -0.104902, 51.52138 ], [ -0.104761, 51.521501 ], [ -0.104691, 51.521561 ], [ -0.104551, 51.521471 ], [ -0.104532, 51.521479 ], [ -0.104382, 51.521358 ], [ -0.104347, 51.521367 ], [ -0.104177, 51.521233 ], [ -0.104122, 51.52119 ], [ -0.104174, 51.521168 ], [ -0.104215, 51.521193 ], [ -0.104287, 51.521162 ], [ -0.104629, 51.520999 ], [ -0.10484, 51.520917 ], [ -0.104936, 51.521027 ], [ -0.105101, 51.521141 ] ] ] } },
{ "type": "Feature", "properties": { "Map_Name": "Type Foundry", "First_Date": 1860, "Last_Date": 0, "Type": "Metal", "Products": null, "QualityCon": "1", "Full_name": null, "Short_name": null, "Web_Link": null, "London_Fir": 1, "Londo_1st_": 1, "Web_refere": null }, "geometry": { "type": "Polygon", "coordinates": [ [ [ -0.108661, 51.523004 ], [ -0.108282, 51.523024 ], [ -0.108262, 51.522855 ], [ -0.108464, 51.52283 ], [ -0.108653, 51.522818 ], [ -0.108658, 51.522875 ], [ -0.108636, 51.522878 ], [ -0.108661, 51.523004 ] ] ] } },
{ "type": "Feature", "properties": { "Map_Name": "Horse Shoe Brewery", "First_Date": 1860, "Last_Date": 0, "Type": "Brewing", "Products": null, "QualityCon": "1", "Full_name": null, "Short_name": null, "Web_Link": null, "London_Fir": 1, "Londo_1st_": 1, "Web_refere": null }, "geometry": { "type": "Polygon", "coordinates": [ [ [ -0.129872, 51.516563 ], [ -0.129895, 51.516615 ], [ -0.129825, 51.516648 ], [ -0.129907, 51.516698 ], [ -0.129964, 51.516746 ], [ -0.129981, 51.516787 ], [ -0.130057, 51.516867 ], [ -0.130141, 51.516832 ], [ -0.130373, 51.517043 ], [ -0.130053, 51.517121 ], [ -0.129753, 51.517177 ], [ -0.129129, 51.517291 ], [ -0.128643, 51.517381 ], [ -0.128567, 51.517233 ], [ -0.128441, 51.517258 ], [ -0.128391, 51.51716 ], [ -0.128447, 51.51714 ], [ -0.128387, 51.517037 ], [ -0.12863, 51.516989 ], [ -0.128962, 51.516924 ], [ -0.12925, 51.516838 ], [ -0.129652, 51.516704 ], [ -0.129607, 51.516603 ], [ -0.129872, 51.516563 ] ] ] } },
{ "type": "Feature", "properties": { "Map_Name": "Foundry (Iron)", "First_Date": 1890, "Last_Date": 0, "Type": "Metal", "Products": null, "QualityCon": "1", "Full_name": null, "Short_name": null, "Web_Link": null, "London_Fir": 0, "Londo_1st_": 1, "Web_refere": null }, "geometry": { "type": "Polygon", "coordinates": [ [ [ -0.13777, 51.525707 ], [ -0.137285, 51.525869 ], [ -0.137192, 51.525736 ], [ -0.137652, 51.525589 ], [ -0.13777, 51.525707 ] ] ] } },
{ "type": "Feature", "properties": { "Map_Name": "Saw Mill", "First_Date": 1860, "Last_Date": 0, "Type": "Timber Mill", "Products": null, "QualityCon": "1", "Full_name": null, "Short_name": null, "Web_Link": null, "London_Fir": 1, "Londo_1st_": 1, "Web_refere": null }, "geometry": { "type": "Polygon", "coordinates": [ [ [ -0.136751, 51.526688 ], [ -0.136869, 51.526803 ], [ -0.136912, 51.526817 ], [ -0.13694, 51.526831 ], [ -0.136316, 51.527076 ], [ -0.136162, 51.526925 ], [ -0.136297, 51.526869 ], [ -0.136751, 51.526688 ] ] ] } },
{ "type": "Feature", "properties": { "Map_Name": "Wagon Works", "First_Date": 1890, "Last_Date": 0, "Type": "General", "Products": null, "QualityCon": "1", "Full_name": null, "Short_name": null, "Web_Link": null, "London_Fir": 0, "Londo_1st_": 1, "Web_refere": null }, "geometry": { "type": "Polygon", "coordinates": [ [ [ -0.135953, 51.527675 ], [ -0.136203, 51.527921 ], [ -0.136161, 51.527929 ], [ -0.136004, 51.52793 ], [ -0.136002, 51.528005 ], [ -0.135639, 51.528003 ], [ -0.13561, 51.527975 ], [ -0.135914, 51.527844 ], [ -0.135814, 51.527734 ], [ -0.135953, 51.527675 ] ] ] } },
{ "type": "Feature", "properties": { "Map_Name": "Carriage Works", "First_Date": 1890, "Last_Date": 0, "Type": "General", "Products": null, "QualityCon": "1", "Full_name": null, "Short_name": null, "Web_Link": null, "London_Fir": 0, "Londo_1st_": 1, "Web_refere": null }, "geometry": { "type": "Polygon", "coordinates": [ [ [ -0.135742, 51.527437 ], [ -0.135695, 51.527455 ], [ -0.135602, 51.527363 ], [ -0.13543, 51.527433 ], [ -0.135435, 51.52744 ], [ -0.135281, 51.527498 ], [ -0.135183, 51.527395 ], [ -0.135142, 51.527409 ], [ -0.135101, 51.527375 ], [ -0.135188, 51.527345 ], [ -0.135248, 51.52732 ], [ -0.135221, 51.527296 ], [ -0.135282, 51.52727 ], [ -0.135276, 51.527259 ], [ -0.135494, 51.527175 ], [ -0.135553, 51.527232 ], [ -0.135611, 51.52729 ], [ -0.135656, 51.527339 ], [ -0.135653, 51.52735 ], [ -0.135742, 51.527437 ] ] ] } },
{ "type": "Feature", "properties": { "Map_Name": "Foundry (Brass and Iron)", "First_Date": 1860, "Last_Date": 0, "Type": "Metal", "Products": null, "QualityCon": "1", "Full_name": null, "Short_name": null, "Web_Link": null, "London_Fir": 1, "Londo_1st_": 1, "Web_refere": null }, "geometry": { "type": "Polygon", "coordinates": [ [ [ -0.093998, 51.521035 ], [ -0.093754, 51.521057 ], [ -0.093758, 51.521069 ], [ -0.093639, 51.52108 ], [ -0.093651, 51.520963 ], [ -0.093837, 51.520947 ], [ -0.093819, 51.520905 ], [ -0.093911, 51.520885 ], [ -0.093943, 51.520957 ], [ -0.093984, 51.520956 ], [ -0.093977, 51.520938 ], [ -0.094017, 51.520929 ], [ -0.094036, 51.520955 ], [ -0.094323, 51.520968 ], [ -0.09432, 51.52098 ], [ -0.094128, 51.520972 ], [ -0.094125, 51.521003 ], [ -0.093994, 51.521003 ], [ -0.093998, 51.521035 ] ] ] } },
{ "type": "Feature", "properties": { "Map_Name": "Brewery", "First_Date": 1890, "Last_Date": 0, "Type": "Brewing", "Products": null, "QualityCon": "1", "Full_name": null, "Short_name": null, "Web_Link": null, "London_Fir": 0, "Londo_1st_": 1, "Web_refere": null }, "geometry": { "type": "Polygon", "coordinates": [ [ [ -0.090803, 51.520573 ], [ -0.090831, 51.520492 ], [ -0.090879, 51.520378 ], [ -0.090964, 51.520202 ], [ -0.091044, 51.520053 ], [ -0.09113, 51.519885 ], [ -0.091179, 51.519865 ], [ -0.091623, 51.519968 ], [ -0.091773, 51.520002 ], [ -0.09225, 51.520079 ], [ -0.092587, 51.520133 ], [ -0.092596, 51.520154 ], [ -0.092503, 51.520327 ], [ -0.092482, 51.520362 ], [ -0.092408, 51.520594 ], [ -0.092371, 51.520704 ], [ -0.092215, 51.520689 ], [ -0.092179, 51.520823 ], [ -0.092232, 51.520832 ], [ -0.092233, 51.520869 ], [ -0.092222, 51.520908 ], [ -0.092152, 51.520904 ], [ -0.092145, 51.520944 ], [ -0.091706, 51.520902 ], [ -0.091384, 51.520871 ], [ -0.091259, 51.520856 ], [ -0.091282, 51.520778 ], [ -0.090871, 51.520733 ], [ -0.090872, 51.520726 ], [ -0.09075, 51.520712 ], [ -0.090803, 51.520573 ] ] ] } },
{ "type": "Feature", "properties": { "Map_Name": "Finsbury Steam Mills", "First_Date": 1890, "Last_Date": 0, "Type": "General", "Products": null, "QualityCon": "1", "Full_name": null, "Short_name": null, "Web_Link": null, "London_Fir": 0, "Londo_1st_": 1, "Web_refere": null }, "geometry": { "type": "Polygon", "coordinates": [ [ [ -0.089962, 51.520019 ], [ -0.089882, 51.520207 ], [ -0.08956, 51.520175 ], [ -0.089639, 51.519926 ], [ -0.089962, 51.520019 ] ] ] } },
{ "type": "Feature", "properties": { "Map_Name": "Finsbury Distillery", "First_Date": 1860, "Last_Date": 0, "Type": "Distillery", "Products": null, "QualityCon": "1", "Full_name": null, "Short_name": null, "Web_Link": null, "London_Fir": 1, "Londo_1st_": 1, "Web_refere": null }, "geometry": { "type": "Polygon", "coordinates": [ [ [ -0.088877, 51.519711 ], [ -0.088862, 51.5198 ], [ -0.08876, 51.519791 ], [ -0.08872, 51.519789 ], [ -0.088713, 51.519805 ], [ -0.088689, 51.519799 ], [ -0.088657, 51.519932 ], [ -0.088543, 51.519921 ], [ -0.088544, 51.519905 ], [ -0.088091, 51.519843 ], [ -0.087969, 51.519828 ], [ -0.087968, 51.519821 ], [ -0.087942, 51.519816 ], [ -0.087972, 51.519697 ], [ -0.088019, 51.519522 ], [ -0.088125, 51.519547 ], [ -0.088134, 51.519592 ], [ -0.088269, 51.519635 ], [ -0.088343, 51.519539 ], [ -0.088877, 51.519711 ] ] ] } },
{ "type": "Feature", "properties": { "Map_Name": "Scotch Soda Manufactory", "First_Date": 1890, "Last_Date": 0, "Type": "Food", "Products": null, "QualityCon": "1", "Full_name": null, "Short_name": null, "Web_Link": null, "London_Fir": 0, "Londo_1st_": 1, "Web_refere": null }, "geometry": { "type": "Polygon", "coordinates": [ [ [ -0.037345, 51.512275 ], [ -0.037316, 51.512514 ], [ -0.036855, 51.512495 ], [ -0.036861, 51.512414 ], [ -0.036835, 51.512399 ], [ -0.036772, 51.512397 ], [ -0.036786, 51.512387 ], [ -0.036744, 51.512382 ], [ -0.036778, 51.512216 ], [ -0.037345, 51.512275 ] ] ] } },
{ "type": "Feature", "properties": { "Map_Name": "Rolling Mills (lead)", "First_Date": 1890, "Last_Date": 0, "Type": "Metal", "Products": null, "QualityCon": "1", "Full_name": null, "Short_name": null, "Web_Link": null, "London_Fir": 0, "Londo_1st_": 1, "Web_refere": null }, "geometry": { "type": "Polygon", "coordinates": [ [ [ -0.03379, 51.513082 ], [ -0.033723, 51.513101 ], [ -0.033743, 51.513124 ], [ -0.033717, 51.513131 ], [ -0.033553, 51.512972 ], [ -0.033167, 51.513122 ], [ -0.033083, 51.513049 ], [ -0.033143, 51.513023 ], [ -0.032999, 51.512881 ], [ -0.032848, 51.51294 ], [ -0.032792, 51.51289 ], [ -0.033014, 51.512798 ], [ -0.033049, 51.512539 ], [ -0.033127, 51.51254 ], [ -0.03313, 51.512546 ], [ -0.033169, 51.512547 ], [ -0.033302, 51.512692 ], [ -0.033452, 51.512649 ], [ -0.03379, 51.513082 ] ] ] } },
{ "type": "Feature", "properties": { "Map_Name": "Tar and Resin Distillery", "First_Date": 1890, "Last_Date": 0, "Type": "Tar", "Products": null, "QualityCon": "1", "Full_name": null, "Short_name": null, "Web_Link": null, "London_Fir": 0, "Londo_1st_": 1, "Web_refere": null }, "geometry": { "type": "Polygon", "coordinates": [ [ [ -0.019876, 51.517173 ], [ -0.019646, 51.517011 ], [ -0.01934, 51.516796 ], [ -0.019777, 51.516535 ], [ -0.02007, 51.516376 ], [ -0.020261, 51.516494 ], [ -0.020533, 51.516318 ], [ -0.02058, 51.516341 ], [ -0.020758, 51.516463 ], [ -0.020966, 51.516606 ], [ -0.021089, 51.516687 ], [ -0.019876, 51.517173 ] ] ] } },
{ "type": "Feature", "properties": { "Map_Name": "Cake and Biscuit Factory", "First_Date": 1890, "Last_Date": 0, "Type": "Food", "Products": null, "QualityCon": "1", "Full_name": null, "Short_name": null, "Web_Link": null, "London_Fir": 0, "Londo_1st_": 1, "Web_refere": null }, "geometry": { "type": "Polygon", "coordinates": [ [ [ -0.014661, 51.515944 ], [ -0.014689, 51.51605 ], [ -0.014709, 51.516057 ], [ -0.01473, 51.516054 ], [ -0.014933, 51.516008 ], [ -0.015089, 51.516272 ], [ -0.015061, 51.516287 ], [ -0.015149, 51.516375 ], [ -0.015245, 51.516341 ], [ -0.015283, 51.516373 ], [ -0.015191, 51.516413 ], [ -0.014972, 51.516499 ], [ -0.014699, 51.51655 ], [ -0.014585, 51.516208 ], [ -0.014511, 51.515973 ], [ -0.014661, 51.515944 ] ] ] } },
{ "type": "Feature", "properties": { "Map_Name": "Sack Works", "First_Date": 1890, "Last_Date": 0, "Type": "Fiber", "Products": null, "QualityCon": "1", "Full_name": null, "Short_name": null, "Web_Link": null, "London_Fir": 0, "Londo_1st_": 1, "Web_refere": null }, "geometry": { "type": "Polygon", "coordinates": [ [ [ -0.015252, 51.515475 ], [ -0.014906, 51.515555 ], [ -0.014565, 51.515623 ], [ -0.014595, 51.515728 ], [ -0.014451, 51.515746 ], [ -0.01441, 51.515596 ], [ -0.014375, 51.515455 ], [ -0.014411, 51.515447 ], [ -0.014425, 51.515477 ], [ -0.015124, 51.515337 ], [ -0.015252, 51.515475 ] ] ] } },
{ "type": "Feature", "properties": { "Map_Name": "Poplar Gas Works", "First_Date": 1890, "Last_Date": 0, "Type": "Coal Gas", "Products": null, "QualityCon": "1", "Full_name": null, "Short_name": "Poplar Gas", "Web_Link": null, "London_Fir": 0, "Londo_1st_": 1, "Web_refere": null }, "geometry": { "type": "Polygon", "coordinates": [ [ [ -0.005049, 51.515461 ], [ -0.004744, 51.515877 ], [ -0.004458, 51.516294 ], [ -0.004254, 51.516575 ], [ -0.003988, 51.516952 ], [ -0.003632, 51.51745 ], [ -0.003516, 51.517593 ], [ -0.003291, 51.517728 ], [ -0.003011, 51.5178 ], [ -0.00278, 51.517792 ], [ -0.002516, 51.517756 ], [ -0.00226, 51.51765 ], [ -0.002291, 51.517622 ], [ -0.002032, 51.517489 ], [ -0.001708, 51.517323 ], [ -0.001238, 51.517079 ], [ -0.000676, 51.516794 ], [ -0.000642, 51.516816 ], [ -0.000398, 51.516694 ], [ -0.000096, 51.516543 ], [ 0.000197, 51.516407 ], [ -0.000127, 51.515956 ], [ -0.000383, 51.51558 ], [ -0.000798, 51.515015 ], [ -0.001094, 51.514595 ], [ -0.001229, 51.514408 ], [ -0.005049, 51.515461 ] ] ] } },
{ "type": "Feature", "properties": { "Map_Name": "Crown Saw Mills", "First_Date": 1890, "Last_Date": 0, "Type": "Timber Mill", "Products": null, "QualityCon": "1", "Full_name": null, "Short_name": null, "Web_Link": null, "London_Fir": 0, "Londo_1st_": 1, "Web_refere": null }, "geometry": { "type": "Polygon", "coordinates": [ [ [ 0.003693, 51.516041 ], [ 0.004072, 51.516182 ], [ 0.004331, 51.516279 ], [ 0.004391, 51.516281 ], [ 0.004563, 51.516142 ], [ 0.0043, 51.516048 ], [ 0.003908, 51.5159 ], [ 0.003693, 51.516041 ] ] ] } },
{ "type": "Feature", "properties": { "Map_Name": "Peruvian Guano Works", "First_Date": 1890, "Last_Date": 0, "Type": "Chemical", "Products": "Fertilizer", "QualityCon": "1", "Full_name": null, "Short_name": null, "Web_Link": null, "London_Fir": 0, "Londo_1st_": 1, "Web_refere": null }, "geometry": { "type": "Polygon", "coordinates": [ [ [ 0.020797, 51.502825 ], [ 0.016988, 51.501332 ], [ 0.01669, 51.501622 ], [ 0.016375, 51.501928 ], [ 0.01626, 51.502036 ], [ 0.016171, 51.502109 ], [ 0.016329, 51.502173 ], [ 0.016916, 51.502404 ], [ 0.017402, 51.502595 ], [ 0.017918, 51.502798 ], [ 0.018231, 51.502919 ], [ 0.018533, 51.503039 ], [ 0.018821, 51.503151 ], [ 0.019337, 51.503361 ], [ 0.019726, 51.503513 ], [ 0.01995, 51.503606 ], [ 0.020174, 51.503527 ], [ 0.020578, 51.503394 ], [ 0.020914, 51.503281 ], [ 0.021165, 51.503192 ], [ 0.021128, 51.503088 ], [ 0.02105, 51.502923 ], [ 0.020797, 51.502825 ] ] ] } },
{ "type": "Feature", "properties": { "Map_Name": "Royal Primrose Soap Works John Knight Ltd.", "First_Date": 1880, "Last_Date": 0, "Type": "Soap Candle Tallow and Oil", "Products": null, "QualityCon": "1", "Full_name": null, "Short_name": "John Knight Soap Works", "Web_Link": null, "London_Fir": 0, "Londo_1st_": 1, "Web_refere": "http://www.british-history.ac.uk/vch/essex/vol6/pp76-89" }, "geometry": { "type": "Polygon", "coordinates": [ [ [ 0.019148, 51.499858 ], [ 0.018001, 51.500479 ], [ 0.018348, 51.500652 ], [ 0.018618, 51.500772 ], [ 0.018765, 51.50084 ], [ 0.018974, 51.500934 ], [ 0.01917, 51.501021 ], [ 0.019642, 51.501238 ], [ 0.02009, 51.501455 ], [ 0.020599, 51.501683 ], [ 0.021305, 51.502008 ], [ 0.021536, 51.501818 ], [ 0.021075, 51.501622 ], [ 0.021372, 51.501354 ], [ 0.021146, 51.50125 ], [ 0.020674, 51.501035 ], [ 0.020337, 51.500883 ], [ 0.020678, 51.500592 ], [ 0.020248, 51.500397 ], [ 0.019923, 51.500252 ], [ 0.01955, 51.500082 ], [ 0.019316, 51.499975 ], [ 0.019148, 51.499858 ] ] ] } },
{ "type": "Feature", "properties": { "Map_Name": "Bloomsbury Varnish Works", "First_Date": 1890, "Last_Date": 0, "Type": "Varnish Colour and Paint", "Products": null, "QualityCon": "1", "Full_name": null, "Short_name": null, "Web_Link": null, "London_Fir": 0, "Londo_1st_": 1, "Web_refere": null }, "geometry": { "type": "Polygon", "coordinates": [ [ [ 0.022733, 51.500945 ], [ 0.024748, 51.501864 ], [ 0.024351, 51.501077 ], [ 0.024126, 51.50064 ], [ 0.023431, 51.500792 ], [ 0.022733, 51.500945 ] ] ] } },
{ "type": "Feature", "properties": { "Map_Name": "Color Works", "First_Date": 1890, "Last_Date": 0, "Type": "Varnish Colour and Paint", "Products": null, "QualityCon": "1", "Full_name": null, "Short_name": null, "Web_Link": null, "London_Fir": 0, "Londo_1st_": 1, "Web_refere": null }, "geometry": { "type": "Polygon", "coordinates": [ [ [ 0.031199, 51.502245 ], [ 0.033477, 51.502427 ], [ 0.033487, 51.50238 ], [ 0.03357, 51.502136 ], [ 0.033401, 51.502119 ], [ 0.03347, 51.501945 ], [ 0.033441, 51.50194 ], [ 0.033516, 51.501673 ], [ 0.033639, 51.501221 ], [ 0.03372, 51.500916 ], [ 0.03376, 51.500753 ], [ 0.033733, 51.500751 ], [ 0.033496, 51.500735 ], [ 0.03298, 51.500699 ], [ 0.032435, 51.500658 ], [ 0.031969, 51.500625 ], [ 0.031321, 51.500582 ], [ 0.031298, 51.50095 ], [ 0.031276, 51.501231 ], [ 0.031248, 51.501592 ], [ 0.031228, 51.501871 ], [ 0.031212, 51.502049 ], [ 0.031199, 51.502245 ] ] ] } },
{ "type": "Feature", "properties": { "Map_Name": "Chemical Works`", "First_Date": 1890, "Last_Date": 0, "Type": "Chemical", "Products": null, "QualityCon": "1", "Full_name": null, "Short_name": null, "Web_Link": null, "London_Fir": 0, "Londo_1st_": 1, "Web_refere": null }, "geometry": { "type": "Polygon", "coordinates": [ [ [ 0.037355, 51.499967 ], [ 0.03644, 51.499942 ], [ 0.036004, 51.499921 ], [ 0.035738, 51.499896 ], [ 0.035594, 51.499938 ], [ 0.03559, 51.499976 ], [ 0.035568, 51.500256 ], [ 0.035551, 51.500533 ], [ 0.035534, 51.500803 ], [ 0.035515, 51.501097 ], [ 0.035493, 51.501364 ], [ 0.035472, 51.501676 ], [ 0.035453, 51.501948 ], [ 0.035439, 51.502152 ], [ 0.035428, 51.502331 ], [ 0.035413, 51.502493 ], [ 0.035757, 51.502503 ], [ 0.035796, 51.502476 ], [ 0.035853, 51.502498 ], [ 0.035868, 51.502507 ], [ 0.036798, 51.502528 ], [ 0.036858, 51.502499 ], [ 0.036946, 51.502531 ], [ 0.037123, 51.502533 ], [ 0.037825, 51.50254 ], [ 0.037858, 51.501963 ], [ 0.037198, 51.501954 ], [ 0.037217, 51.501661 ], [ 0.037237, 51.501368 ], [ 0.037251, 51.501171 ], [ 0.037266, 51.500976 ], [ 0.037282, 51.500729 ], [ 0.037293, 51.500592 ], [ 0.037299, 51.500463 ], [ 0.037314, 51.500252 ], [ 0.03733, 51.500097 ], [ 0.037355, 51.499967 ] ] ] } },
{ "type": "Feature", "properties": { "Map_Name": "Mathematical Instument Works", "First_Date": 1890, "Last_Date": 0, "Type": "General", "Products": null, "QualityCon": "1", "Full_name": null, "Short_name": null, "Web_Link": null, "London_Fir": 0, "Londo_1st_": 1, "Web_refere": null }, "geometry": { "type": "Polygon", "coordinates": [ [ [ 0.027592, 51.486812 ], [ 0.027482, 51.487249 ], [ 0.027442, 51.487378 ], [ 0.028016, 51.487423 ], [ 0.028362, 51.487458 ], [ 0.028399, 51.487299 ], [ 0.028255, 51.487287 ], [ 0.028283, 51.487149 ], [ 0.028433, 51.487164 ], [ 0.028497, 51.486889 ], [ 0.027592, 51.486812 ] ] ] } },
{ "type": "Feature", "properties": { "Map_Name": "Victoria Works (Electrical and Telegraph Engineeri", "First_Date": 1890, "Last_Date": 0, "Type": "Electrical", "Products": null, "QualityCon": "1", "Full_name": null, "Short_name": null, "Web_Link": null, "London_Fir": 0, "Londo_1st_": 1, "Web_refere": null }, "geometry": { "type": "Polygon", "coordinates": [ [ [ 0.024221, 51.485974 ], [ 0.02459, 51.486067 ], [ 0.025045, 51.48618 ], [ 0.025122, 51.486062 ], [ 0.025268, 51.485831 ], [ 0.02531, 51.485769 ], [ 0.025159, 51.48573 ], [ 0.02522, 51.48564 ], [ 0.025106, 51.485611 ], [ 0.025136, 51.485571 ], [ 0.025133, 51.485564 ], [ 0.025116, 51.48556 ], [ 0.02522, 51.485402 ], [ 0.025304, 51.485282 ], [ 0.024839, 51.485054 ], [ 0.024221, 51.485974 ] ] ] } },
{ "type": "Feature", "properties": { "Map_Name": "Victoria Works", "First_Date": 1890, "Last_Date": 0, "Type": "Electrical", "Products": null, "QualityCon": "1", "Full_name": null, "Short_name": null, "Web_Link": null, "London_Fir": 0, "Londo_1st_": 1, "Web_refere": null }, "geometry": { "type": "Polygon", "coordinates": [ [ [ 0.025313, 51.48405 ], [ 0.025137, 51.484387 ], [ 0.025047, 51.48467 ], [ 0.025231, 51.48479 ], [ 0.025482, 51.48495 ], [ 0.025736, 51.485015 ], [ 0.02657, 51.485122 ], [ 0.027083, 51.485271 ], [ 0.027234, 51.485076 ], [ 0.027139, 51.48505 ], [ 0.026634, 51.484902 ], [ 0.026151, 51.484767 ], [ 0.025998, 51.484713 ], [ 0.025943, 51.484698 ], [ 0.026007, 51.484603 ], [ 0.026058, 51.484614 ], [ 0.026263, 51.484299 ], [ 0.025967, 51.484223 ], [ 0.025609, 51.484131 ], [ 0.025313, 51.48405 ] ] ] } },
{ "type": "Feature", "properties": { "Map_Name": "Disinfectant Works", "First_Date": 1890, "Last_Date": 0, "Type": "Chemical", "Products": null, "QualityCon": "1", "Full_name": null, "Short_name": null, "Web_Link": null, "London_Fir": 0, "Londo_1st_": 1, "Web_refere": null }, "geometry": { "type": "Polygon", "coordinates": [ [ [ 0.033977, 51.486709 ], [ 0.033929, 51.486759 ], [ 0.033889, 51.486752 ], [ 0.033765, 51.486909 ], [ 0.033806, 51.486921 ], [ 0.033794, 51.486929 ], [ 0.034366, 51.487109 ], [ 0.034455, 51.487 ], [ 0.034767, 51.487099 ], [ 0.03485, 51.48699 ], [ 0.033977, 51.486709 ] ] ] } },
{ "type": "Feature", "properties": { "Map_Name": "Candle and Soap Works", "First_Date": 1890, "Last_Date": 0, "Type": "Soap Candle Tallow and Oil", "Products": null, "QualityCon": "1", "Full_name": null, "Short_name": "Candle and Soap Works", "Web_Link": null, "London_Fir": 0, "Londo_1st_": 1, "Web_refere": null }, "geometry": { "type": "Polygon", "coordinates": [ [ [ -0.025528, 51.477254 ], [ -0.02554, 51.477437 ], [ -0.025124, 51.477432 ], [ -0.02512, 51.477562 ], [ -0.024907, 51.477561 ], [ -0.024907, 51.477431 ], [ -0.024876, 51.477428 ], [ -0.024873, 51.477259 ], [ -0.025528, 51.477254 ] ] ] } },
{ "type": "Feature", "properties": { "Map_Name": "Glass Works", "First_Date": 1890, "Last_Date": 0, "Type": "Glass", "Products": null, "QualityCon": "1", "Full_name": null, "Short_name": null, "Web_Link": null, "London_Fir": 0, "Londo_1st_": 1, "Web_refere": null }, "geometry": { "type": "Polygon", "coordinates": [ [ [ -0.029892, 51.47693 ], [ -0.029597, 51.476884 ], [ -0.029702, 51.476625 ], [ -0.029763, 51.476635 ], [ -0.029758, 51.476646 ], [ -0.029869, 51.476668 ], [ -0.02988, 51.476635 ], [ -0.030009, 51.476652 ], [ -0.029892, 51.47693 ] ] ] } },
{ "type": "Feature", "properties": { "Map_Name": "Engineering Works", "First_Date": 1890, "Last_Date": 0, "Type": "Engineering", "Products": null, "QualityCon": "1", "Full_name": null, "Short_name": null, "Web_Link": null, "London_Fir": 0, "Londo_1st_": 1, "Web_refere": null }, "geometry": { "type": "Polygon", "coordinates": [ [ [ -0.029293, 51.477251 ], [ -0.02905, 51.477254 ], [ -0.029099, 51.477141 ], [ -0.029161, 51.476968 ], [ -0.029269, 51.476702 ], [ -0.029282, 51.476663 ], [ -0.029281, 51.476546 ], [ -0.029285, 51.476354 ], [ -0.029288, 51.476224 ], [ -0.029267, 51.476168 ], [ -0.029243, 51.476104 ], [ -0.02931, 51.476111 ], [ -0.029355, 51.476106 ], [ -0.029342, 51.476215 ], [ -0.029358, 51.476224 ], [ -0.029616, 51.476252 ], [ -0.029599, 51.476282 ], [ -0.029662, 51.476292 ], [ -0.029293, 51.477251 ] ] ] } },
{ "type": "Feature", "properties": { "Map_Name": "Metallic Cask Works", "First_Date": 1890, "Last_Date": 0, "Type": "Metal", "Products": null, "QualityCon": "1", "Full_name": null, "Short_name": null, "Web_Link": null, "London_Fir": 0, "Londo_1st_": 1, "Web_refere": null }, "geometry": { "type": "Polygon", "coordinates": [ [ [ -0.043572, 51.486036 ], [ -0.043117, 51.486082 ], [ -0.043082, 51.485998 ], [ -0.043047, 51.485863 ], [ -0.042987, 51.485643 ], [ -0.042907, 51.485641 ], [ -0.042867, 51.485518 ], [ -0.042553, 51.485545 ], [ -0.042547, 51.485517 ], [ -0.043597, 51.485439 ], [ -0.043572, 51.486036 ] ] ] } },
{ "type": "Feature", "properties": { "Map_Name": "Varnish Works", "First_Date": 1890, "Last_Date": 0, "Type": "Varnish Colour and Paint", "Products": null, "QualityCon": "1", "Full_name": null, "Short_name": null, "Web_Link": null, "London_Fir": 0, "Londo_1st_": 1, "Web_refere": null }, "geometry": { "type": "Polygon", "coordinates": [ [ [ -0.043467, 51.484775 ], [ -0.04297, 51.484822 ], [ -0.043007, 51.484927 ], [ -0.042284, 51.48464 ], [ -0.042504, 51.484622 ], [ -0.043017, 51.484573 ], [ -0.043015, 51.484567 ], [ -0.043373, 51.484536 ], [ -0.043442, 51.48468 ], [ -0.043467, 51.484775 ] ] ] } },
{ "type": "Feature", "properties": { "Map_Name": "Whiting and Asphalte Works", "First_Date": 1890, "Last_Date": 0, "Type": "Asphalt", "Products": null, "QualityCon": "1", "Full_name": null, "Short_name": null, "Web_Link": null, "London_Fir": 0, "Londo_1st_": 1, "Web_refere": null }, "geometry": { "type": "Polygon", "coordinates": [ [ [ -0.039537, 51.484742 ], [ -0.03961, 51.484997 ], [ -0.038489, 51.485287 ], [ -0.038247, 51.485045 ], [ -0.038596, 51.484922 ], [ -0.038853, 51.484847 ], [ -0.039537, 51.484742 ] ] ] } },
{ "type": "Feature", "properties": { "Map_Name": "Neptune Tar and Chemical Works", "First_Date": 1890, "Last_Date": 0, "Type": "Chemical", "Products": null, "QualityCon": "1", "Full_name": null, "Short_name": null, "Web_Link": null, "London_Fir": 0, "Londo_1st_": 1, "Web_refere": null }, "geometry": { "type": "Polygon", "coordinates": [ [ [ -0.03961, 51.484996 ], [ -0.039583, 51.4849 ], [ -0.040314, 51.484805 ], [ -0.040266, 51.484659 ], [ -0.040866, 51.484587 ], [ -0.041387, 51.484518 ], [ -0.041818, 51.484692 ], [ -0.042146, 51.484824 ], [ -0.042155, 51.484868 ], [ -0.041799, 51.484727 ], [ -0.041447, 51.484768 ], [ -0.040333, 51.484892 ], [ -0.03961, 51.484996 ] ] ] } },
{ "type": "Feature", "properties": { "Map_Name": "Brewery", "First_Date": 1890, "Last_Date": 0, "Type": "Brewing", "Products": null, "QualityCon": "1", "Full_name": null, "Short_name": null, "Web_Link": null, "London_Fir": 0, "Londo_1st_": 1, "Web_refere": null }, "geometry": { "type": "Polygon", "coordinates": [ [ [ -0.044434, 51.489277 ], [ -0.044129, 51.489358 ], [ -0.04397, 51.489144 ], [ -0.044285, 51.489055 ], [ -0.044434, 51.489277 ] ] ] } },
{ "type": "Feature", "properties": { "Map_Name": "Printing Works (Fabric)", "First_Date": 1890, "Last_Date": 0, "Type": "Printing", "Products": null, "QualityCon": "1", "Full_name": null, "Short_name": null, "Web_Link": null, "London_Fir": 0, "Londo_1st_": 1, "Web_refere": null }, "geometry": { "type": "Polygon", "coordinates": [ [ [ -0.044129, 51.489358 ], [ -0.043871, 51.489437 ], [ -0.043651, 51.48952 ], [ -0.043159, 51.489725 ], [ -0.042702, 51.48988 ], [ -0.04231, 51.490006 ], [ -0.04199, 51.489786 ], [ -0.042171, 51.489679 ], [ -0.042427, 51.489537 ], [ -0.042872, 51.489377 ], [ -0.043451, 51.489169 ], [ -0.043874, 51.489017 ], [ -0.044129, 51.489358 ] ] ] } },
{ "type": "Feature", "properties": { "Map_Name": "Waterproof Works", "First_Date": 1890, "Last_Date": 0, "Type": "Rubber and Gutta-Percha", "Products": null, "QualityCon": "1", "Full_name": null, "Short_name": null, "Web_Link": null, "London_Fir": 0, "Londo_1st_": 1, "Web_refere": null }, "geometry": { "type": "Polygon", "coordinates": [ [ [ -0.041725, 51.488892 ], [ -0.041879, 51.489013 ], [ -0.041915, 51.488997 ], [ -0.04193, 51.48901 ], [ -0.041984, 51.488988 ], [ -0.042155, 51.489118 ], [ -0.042143, 51.489126 ], [ -0.042174, 51.489156 ], [ -0.042105, 51.489186 ], [ -0.042131, 51.489208 ], [ -0.04186, 51.489331 ], [ -0.041634, 51.489437 ], [ -0.041646, 51.489445 ], [ -0.041606, 51.489464 ], [ -0.041592, 51.489453 ], [ -0.041566, 51.48947 ], [ -0.041553, 51.489487 ], [ -0.041513, 51.489508 ], [ -0.041501, 51.489498 ], [ -0.041538, 51.489482 ], [ -0.041388, 51.489395 ], [ -0.041376, 51.4894 ], [ -0.041348, 51.48938 ], [ -0.041356, 51.489377 ], [ -0.041285, 51.489335 ], [ -0.041062, 51.48921 ], [ -0.041131, 51.489161 ], [ -0.041725, 51.488892 ] ] ] } },
{ "type": "Feature", "properties": { "Map_Name": "India Rubber Works", "First_Date": 1890, "Last_Date": 0, "Type": "Rubber and Gutta-Percha", "Products": null, "QualityCon": "1", "Full_name": null, "Short_name": null, "Web_Link": null, "London_Fir": 0, "Londo_1st_": 1, "Web_refere": null }, "geometry": { "type": "Polygon", "coordinates": [ [ [ -0.041271, 51.49032 ], [ -0.040705, 51.490522 ], [ -0.040741, 51.49056 ], [ -0.040524, 51.490635 ], [ -0.040479, 51.490653 ], [ -0.040269, 51.490725 ], [ -0.040092, 51.490546 ], [ -0.040019, 51.490468 ], [ -0.03989, 51.490339 ], [ -0.039822, 51.490269 ], [ -0.040314, 51.490243 ], [ -0.040819, 51.490234 ], [ -0.041125, 51.490257 ], [ -0.041208, 51.490249 ], [ -0.041271, 51.49032 ] ] ] } },
{ "type": "Feature", "properties": { "Map_Name": "Soap Works", "First_Date": 1890, "Last_Date": 0, "Type": "Soap Candle Tallow and Oil", "Products": null, "QualityCon": "1", "Full_name": null, "Short_name": "Soap Works", "Web_Link": null, "London_Fir": 0, "Londo_1st_": 1, "Web_refere": null }, "geometry": { "type": "Polygon", "coordinates": [ [ [ -0.040055, 51.490506 ], [ -0.039891, 51.490562 ], [ -0.039855, 51.490591 ], [ -0.039716, 51.490631 ], [ -0.039667, 51.490503 ], [ -0.039628, 51.490353 ], [ -0.039634, 51.490287 ], [ -0.039653, 51.490277 ], [ -0.039822, 51.490269 ], [ -0.040055, 51.490506 ] ] ] } },
{ "type": "Feature", "properties": { "Map_Name": "Saw Mill", "First_Date": 1890, "Last_Date": 0, "Type": "Timber Mill", "Products": null, "QualityCon": "1", "Full_name": null, "Short_name": null, "Web_Link": null, "London_Fir": 0, "Londo_1st_": 1, "Web_refere": null }, "geometry": { "type": "Polygon", "coordinates": [ [ [ -0.038308, 51.489705 ], [ -0.038414, 51.489817 ], [ -0.038083, 51.489932 ], [ -0.038016, 51.489862 ], [ -0.038001, 51.489869 ], [ -0.037971, 51.489838 ], [ -0.037982, 51.489831 ], [ -0.03785, 51.489687 ], [ -0.038183, 51.489567 ], [ -0.038308, 51.489705 ] ] ] } },
{ "type": "Feature", "properties": { "Map_Name": "Tar, Pitch, Naptha and Creosote Works", "First_Date": 1860, "Last_Date": 0, "Type": "Tar", "Products": null, "QualityCon": "1", "Full_name": null, "Short_name": null, "Web_Link": null, "London_Fir": 1, "Londo_1st_": 1, "Web_refere": null }, "geometry": { "type": "Polygon", "coordinates": [ [ [ -0.039887, 51.491013 ], [ -0.040083, 51.49139 ], [ -0.0401, 51.491387 ], [ -0.040113, 51.491435 ], [ -0.039671, 51.491564 ], [ -0.039541, 51.491392 ], [ -0.03946, 51.491403 ], [ -0.039434, 51.491369 ], [ -0.039397, 51.491138 ], [ -0.039661, 51.49103 ], [ -0.039702, 51.491053 ], [ -0.039887, 51.491013 ] ] ] } },
{ "type": "Feature", "properties": { "Map_Name": "Tar Works", "First_Date": 1890, "Last_Date": 0, "Type": "Tar", "Products": null, "QualityCon": "1", "Full_name": null, "Short_name": null, "Web_Link": null, "London_Fir": 0, "Londo_1st_": 1, "Web_refere": null }, "geometry": { "type": "Polygon", "coordinates": [ [ [ -0.039887, 51.491012 ], [ -0.039702, 51.491052 ], [ -0.039661, 51.491029 ], [ -0.039397, 51.491137 ], [ -0.039434, 51.491368 ], [ -0.03946, 51.491402 ], [ -0.039264, 51.491608 ], [ -0.039135, 51.491748 ], [ -0.039027, 51.491828 ], [ -0.038812, 51.49202 ], [ -0.038756, 51.492024 ], [ -0.038472, 51.49161 ], [ -0.038377, 51.491477 ], [ -0.03822, 51.491256 ], [ -0.038101, 51.491084 ], [ -0.038078, 51.491045 ], [ -0.038253, 51.491001 ], [ -0.038193, 51.490904 ], [ -0.038191, 51.4909 ], [ -0.038511, 51.49082 ], [ -0.038494, 51.490785 ], [ -0.038606, 51.490755 ], [ -0.038545, 51.490661 ], [ -0.037932, 51.49083 ], [ -0.037836, 51.490699 ], [ -0.038169, 51.490613 ], [ -0.038036, 51.490428 ], [ -0.03837, 51.490351 ], [ -0.038371, 51.490346 ], [ -0.038451, 51.490334 ], [ -0.038522, 51.490331 ], [ -0.038509, 51.490276 ], [ -0.038518, 51.49027 ], [ -0.038509, 51.490258 ], [ -0.038543, 51.49026 ], [ -0.038894, 51.490296 ], [ -0.039332, 51.490337 ], [ -0.039502, 51.490352 ], [ -0.039584, 51.490348 ], [ -0.039628, 51.490353 ], [ -0.039716, 51.490631 ], [ -0.039887, 51.491012 ] ] ] } },
{ "type": "Feature", "properties": { "Map_Name": "Sawing, Planing, and Moulding Mills", "First_Date": 1890, "Last_Date": 0, "Type": "Timber Mill", "Products": null, "QualityCon": "1", "Full_name": null, "Short_name": null, "Web_Link": null, "London_Fir": 0, "Londo_1st_": 1, "Web_refere": null }, "geometry": { "type": "Polygon", "coordinates": [ [ [ -0.039445, 51.491976 ], [ -0.03975, 51.492371 ], [ -0.039679, 51.492409 ], [ -0.039456, 51.492482 ], [ -0.039467, 51.4925 ], [ -0.039413, 51.492529 ], [ -0.03915, 51.492605 ], [ -0.03904, 51.492434 ], [ -0.038869, 51.492182 ], [ -0.039061, 51.492114 ], [ -0.039445, 51.491976 ] ] ] } },
{ "type": "Feature", "properties": { "Map_Name": "Whiting and Asphalte Works", "First_Date": 1890, "Last_Date": 0, "Type": "Asphalt", "Products": null, "QualityCon": "1", "Full_name": null, "Short_name": null, "Web_Link": null, "London_Fir": 0, "Londo_1st_": 1, "Web_refere": null }, "geometry": { "type": "Polygon", "coordinates": [ [ [ -0.036909, 51.490028 ], [ -0.03711, 51.49034 ], [ -0.036775, 51.49045 ], [ -0.036392, 51.490577 ], [ -0.036361, 51.49046 ], [ -0.036341, 51.490332 ], [ -0.036342, 51.490273 ], [ -0.036342, 51.490157 ], [ -0.03635, 51.489992 ], [ -0.036334, 51.489928 ], [ -0.036354, 51.489926 ], [ -0.036567, 51.489967 ], [ -0.036886, 51.490025 ], [ -0.036909, 51.490028 ] ] ] } },
{ "type": "Feature", "properties": { "Map_Name": "Whiting Works", "First_Date": 1890, "Last_Date": 0, "Type": "Varnish Colour and Paint", "Products": null, "QualityCon": "1", "Full_name": null, "Short_name": null, "Web_Link": null, "London_Fir": 0, "Londo_1st_": 1, "Web_refere": null }, "geometry": { "type": "Polygon", "coordinates": [ [ [ -0.038509, 51.490259 ], [ -0.038518, 51.490271 ], [ -0.038509, 51.490277 ], [ -0.038522, 51.490332 ], [ -0.038371, 51.490347 ], [ -0.03837, 51.490353 ], [ -0.038036, 51.490429 ], [ -0.038169, 51.490614 ], [ -0.037836, 51.4907 ], [ -0.037677, 51.490477 ], [ -0.037613, 51.490395 ], [ -0.037602, 51.490376 ], [ -0.037675, 51.490352 ], [ -0.037877, 51.490286 ], [ -0.037946, 51.490262 ], [ -0.038108, 51.490208 ], [ -0.038156, 51.49021 ], [ -0.038333, 51.490233 ], [ -0.038342, 51.490238 ], [ -0.038458, 51.490253 ], [ -0.038509, 51.490259 ] ] ] } },
{ "type": "Feature", "properties": { "Map_Name": "Wood Wool Manufactory", "First_Date": 1890, "Last_Date": 0, "Type": "General", "Products": null, "QualityCon": "1", "Full_name": null, "Short_name": null, "Web_Link": null, "London_Fir": 0, "Londo_1st_": 1, "Web_refere": null }, "geometry": { "type": "Polygon", "coordinates": [ [ [ -0.035765, 51.488195 ], [ -0.035421, 51.488171 ], [ -0.035067, 51.488149 ], [ -0.035038, 51.488149 ], [ -0.035016, 51.488145 ], [ -0.035016, 51.488123 ], [ -0.034575, 51.488116 ], [ -0.034505, 51.488003 ], [ -0.034525, 51.488001 ], [ -0.034648, 51.487976 ], [ -0.034911, 51.487899 ], [ -0.035097, 51.487762 ], [ -0.035186, 51.487712 ], [ -0.035345, 51.48764 ], [ -0.035371, 51.487632 ], [ -0.035765, 51.488195 ] ] ] } },
{ "type": "Feature", "properties": { "Map_Name": "Deptford Distillery", "First_Date": 1890, "Last_Date": 0, "Type": "Distillery", "Products": null, "QualityCon": "1", "Full_name": null, "Short_name": null, "Web_Link": null, "London_Fir": 0, "Londo_1st_": 1, "Web_refere": null }, "geometry": { "type": "Polygon", "coordinates": [ [ [ -0.023436, 51.47351 ], [ -0.023458, 51.473547 ], [ -0.023483, 51.473543 ], [ -0.02352, 51.473607 ], [ -0.023603, 51.473766 ], [ -0.023687, 51.473923 ], [ -0.023663, 51.474015 ], [ -0.023626, 51.474152 ], [ -0.023524, 51.474142 ], [ -0.023388, 51.474116 ], [ -0.023341, 51.474147 ], [ -0.023121, 51.474116 ], [ -0.022804, 51.474077 ], [ -0.022804, 51.474032 ], [ -0.022882, 51.473942 ], [ -0.022974, 51.473836 ], [ -0.022975, 51.47383 ], [ -0.022981, 51.473814 ], [ -0.023002, 51.473813 ], [ -0.023007, 51.473754 ], [ -0.023009, 51.473662 ], [ -0.022975, 51.473632 ], [ -0.023156, 51.473585 ], [ -0.023436, 51.47351 ] ] ] } },
{ "type": "Feature", "properties": { "Map_Name": "Victoria Works (linoleum)", "First_Date": 1890, "Last_Date": 0, "Type": "Furnishings", "Products": "Linoleum", "QualityCon": "1", "Full_name": null, "Short_name": null, "Web_Link": null, "London_Fir": 0, "Londo_1st_": 1, "Web_refere": null }, "geometry": { "type": "Polygon", "coordinates": [ [ [ -0.000631, 51.496325 ], [ 0.001225, 51.496666 ], [ 0.001242, 51.496627 ], [ 0.001701, 51.496705 ], [ 0.001828, 51.496467 ], [ 0.001958, 51.496286 ], [ 0.002092, 51.49615 ], [ 0.001636, 51.496015 ], [ 0.001208, 51.495892 ], [ 0.000646, 51.495728 ], [ 0.000317, 51.495632 ], [ 0.000151, 51.495584 ], [ 0.000166, 51.495553 ], [ 0.000027, 51.495512 ], [ -0.000014, 51.495513 ], [ -0.00003, 51.495541 ], [ -0.000006, 51.49556 ], [ -0.000052, 51.495619 ], [ -0.000346, 51.496018 ], [ -0.000465, 51.496178 ], [ -0.000538, 51.496162 ], [ -0.000631, 51.496325 ] ] ] } },
{ "type": "Feature", "properties": { "Map_Name": "James Gibbs and Co. Chemical Manure Works", "First_Date": 1860, "Last_Date": 0, "Type": "Chemical", "Products": "Fertilizer", "QualityCon": "1", "Full_name": null, "Short_name": null, "Web_Link": null, "London_Fir": 1, "Londo_1st_": 1, "Web_refere": null }, "geometry": { "type": "Polygon", "coordinates": [ [ [ 0.016039, 51.505458 ], [ 0.016234, 51.50535 ], [ 0.016558, 51.505165 ], [ 0.01653, 51.505147 ], [ 0.016541, 51.505125 ], [ 0.016453, 51.505098 ], [ 0.01646, 51.505095 ], [ 0.016437, 51.505082 ], [ 0.016262, 51.505034 ], [ 0.016249, 51.50505 ], [ 0.016099, 51.505002 ], [ 0.01578, 51.504886 ], [ 0.01545, 51.504767 ], [ 0.014829, 51.504547 ], [ 0.014408, 51.504402 ], [ 0.014456, 51.50436 ], [ 0.014375, 51.504327 ], [ 0.014377, 51.504321 ], [ 0.014332, 51.504306 ], [ 0.014166, 51.504246 ], [ 0.014058, 51.504204 ], [ 0.013983, 51.504176 ], [ 0.013599, 51.504039 ], [ 0.013566, 51.504065 ], [ 0.013532, 51.504102 ], [ 0.013538, 51.504112 ], [ 0.013559, 51.504122 ], [ 0.013485, 51.504196 ], [ 0.013353, 51.504327 ], [ 0.013311, 51.504366 ], [ 0.013455, 51.504419 ], [ 0.013733, 51.504519 ], [ 0.013711, 51.504545 ], [ 0.01398, 51.504649 ], [ 0.013949, 51.504689 ], [ 0.014259, 51.504795 ], [ 0.014216, 51.504847 ], [ 0.016039, 51.505458 ] ] ] } },
{ "type": "Feature", "properties": { "Map_Name": "Odam's Wharf (Chemical Manure Works)", "First_Date": 1890, "Last_Date": 0, "Type": "Chemical", "Products": "Fertilizer", "QualityCon": "1", "Full_name": null, "Short_name": null, "Web_Link": null, "London_Fir": 0, "Londo_1st_": 1, "Web_refere": null }, "geometry": { "type": "Polygon", "coordinates": [ [ [ 0.013577, 51.504032 ], [ 0.013925, 51.504155 ], [ 0.014054, 51.504205 ], [ 0.014194, 51.504259 ], [ 0.014373, 51.504321 ], [ 0.014371, 51.504327 ], [ 0.014452, 51.50436 ], [ 0.014404, 51.504402 ], [ 0.014663, 51.504492 ], [ 0.014889, 51.50457 ], [ 0.015226, 51.50469 ], [ 0.015562, 51.504809 ], [ 0.015818, 51.504902 ], [ 0.01602, 51.504975 ], [ 0.016178, 51.505029 ], [ 0.016245, 51.50505 ], [ 0.016258, 51.505034 ], [ 0.016433, 51.505082 ], [ 0.016456, 51.505095 ], [ 0.016449, 51.505098 ], [ 0.016537, 51.505125 ], [ 0.016526, 51.505147 ], [ 0.016554, 51.505165 ], [ 0.016627, 51.505123 ], [ 0.016885, 51.504995 ], [ 0.017026, 51.504924 ], [ 0.017129, 51.504871 ], [ 0.01712, 51.504866 ], [ 0.016878, 51.504714 ], [ 0.016898, 51.504695 ], [ 0.017025, 51.504562 ], [ 0.017234, 51.504647 ], [ 0.017315, 51.504567 ], [ 0.017545, 51.504655 ], [ 0.017666, 51.50459 ], [ 0.017788, 51.504523 ], [ 0.017682, 51.50448 ], [ 0.017495, 51.504403 ], [ 0.017536, 51.504361 ], [ 0.017373, 51.504294 ], [ 0.017347, 51.504317 ], [ 0.017295, 51.504298 ], [ 0.017276, 51.504317 ], [ 0.017158, 51.504272 ], [ 0.01689, 51.504167 ], [ 0.01661, 51.504057 ], [ 0.016293, 51.50393 ], [ 0.016071, 51.503844 ], [ 0.015944, 51.503964 ], [ 0.015832, 51.504075 ], [ 0.015811, 51.504086 ], [ 0.015571, 51.503993 ], [ 0.015262, 51.503873 ], [ 0.015041, 51.503787 ], [ 0.0147, 51.503653 ], [ 0.014689, 51.503626 ], [ 0.014202, 51.503429 ], [ 0.014125, 51.503496 ], [ 0.014029, 51.50359 ], [ 0.013983, 51.503593 ], [ 0.013923, 51.503573 ], [ 0.013893, 51.503602 ], [ 0.013947, 51.503624 ], [ 0.013956, 51.503655 ], [ 0.013782, 51.503811 ], [ 0.013707, 51.50378 ], [ 0.013644, 51.503837 ], [ 0.013725, 51.503871 ], [ 0.013625, 51.503978 ], [ 0.013577, 51.504032 ] ] ] } },
{ "type": "Feature", "properties": { "Map_Name": "Clyde Wharf (Sugar refinery)", "First_Date": 1890, "Last_Date": 0, "Type": "Food", "Products": null, "QualityCon": "1", "Full_name": null, "Short_name": null, "Web_Link": null, "London_Fir": 0, "Londo_1st_": 1, "Web_refere": null }, "geometry": { "type": "Polygon", "coordinates": [ [ [ 0.015175, 51.50254 ], [ 0.014206, 51.503429 ], [ 0.014693, 51.503626 ], [ 0.014713, 51.50363 ], [ 0.014988, 51.503371 ], [ 0.01511, 51.503419 ], [ 0.015417, 51.503542 ], [ 0.015664, 51.50364 ], [ 0.015925, 51.503745 ], [ 0.016132, 51.503827 ], [ 0.016101, 51.503853 ], [ 0.016459, 51.503995 ], [ 0.01681, 51.504134 ], [ 0.017071, 51.504236 ], [ 0.017281, 51.504317 ], [ 0.017299, 51.504298 ], [ 0.017351, 51.504317 ], [ 0.017377, 51.504294 ], [ 0.01754, 51.504361 ], [ 0.017499, 51.504403 ], [ 0.01768, 51.504478 ], [ 0.018233, 51.504206 ], [ 0.018518, 51.504064 ], [ 0.018759, 51.503944 ], [ 0.01856, 51.503867 ], [ 0.018405, 51.504018 ], [ 0.018188, 51.503934 ], [ 0.018187, 51.503928 ], [ 0.018335, 51.503778 ], [ 0.018074, 51.503676 ], [ 0.017658, 51.503513 ], [ 0.017413, 51.503415 ], [ 0.017252, 51.503354 ], [ 0.016873, 51.503205 ], [ 0.01667, 51.503122 ], [ 0.016137, 51.50292 ], [ 0.015771, 51.502775 ], [ 0.015529, 51.502676 ], [ 0.015175, 51.50254 ] ] ] } },
{ "type": "Feature", "properties": { "Map_Name": "Crescent Wharf Brunner Mond & Co", "First_Date": 1893, "Last_Date": 0, "Type": "Chemical", "Products": "Caustic Soda", "QualityCon": "1", "Full_name": null, "Short_name": null, "Web_Link": null, "London_Fir": 0, "Londo_1st_": 1, "Web_refere": "http://www.british-history.ac.uk/vch/essex/vol6/pp76-89" }, "geometry": { "type": "Polygon", "coordinates": [ [ [ 0.027061, 51.498661 ], [ 0.027575, 51.501961 ], [ 0.027988, 51.501967 ], [ 0.028263, 51.501971 ], [ 0.028421, 51.501971 ], [ 0.02848, 51.501972 ], [ 0.028768, 51.501978 ], [ 0.029002, 51.501979 ], [ 0.029004, 51.501944 ], [ 0.029116, 51.501945 ], [ 0.029091, 51.501795 ], [ 0.029024, 51.50133 ], [ 0.028958, 51.500914 ], [ 0.028897, 51.500466 ], [ 0.028818, 51.500016 ], [ 0.028731, 51.499399 ], [ 0.028659, 51.499037 ], [ 0.028623, 51.498783 ], [ 0.027723, 51.498702 ], [ 0.027061, 51.498661 ] ] ] } },
{ "type": "Feature", "properties": { "Map_Name": "Tay Wharf (Jam Factory)", "First_Date": 1890, "Last_Date": 0, "Type": "Food", "Products": null, "QualityCon": "1", "Full_name": null, "Short_name": null, "Web_Link": null, "London_Fir": 0, "Londo_1st_": 1, "Web_refere": null }, "geometry": { "type": "Polygon", "coordinates": [ [ [ 0.041647, 51.50129 ], [ 0.041795, 51.501883 ], [ 0.042009, 51.501865 ], [ 0.042123, 51.502325 ], [ 0.043005, 51.502247 ], [ 0.042938, 51.501986 ], [ 0.042791, 51.501397 ], [ 0.04273, 51.501158 ], [ 0.042677, 51.500939 ], [ 0.042908, 51.500918 ], [ 0.042853, 51.500702 ], [ 0.042618, 51.500723 ], [ 0.042574, 51.500548 ], [ 0.042328, 51.500561 ], [ 0.042416, 51.500904 ], [ 0.042336, 51.500915 ], [ 0.042318, 51.500828 ], [ 0.041778, 51.500886 ], [ 0.041779, 51.500916 ], [ 0.041564, 51.500938 ], [ 0.041647, 51.50129 ] ] ] } },
{ "type": "Feature", "properties": { "Map_Name": "Royal Arsenal", "First_Date": 1855, "Last_Date": 0, "Type": "Arms and Munitions", "Products": null, "QualityCon": "1", "Full_name": null, "Short_name": "Royal Arsenal", "Web_Link": null, "London_Fir": 1, "Londo_1st_": 1, "Web_refere": null }, "geometry": { "type": "Polygon", "coordinates": [ [ [ 0.068857, 51.494997 ], [ 0.075856, 51.496045 ], [ 0.078685, 51.497066 ], [ 0.083911, 51.500494 ], [ 0.08804, 51.497827 ], [ 0.088431, 51.495839 ], [ 0.088395, 51.495797 ], [ 0.088138, 51.495363 ], [ 0.087828, 51.494734 ], [ 0.087491, 51.49413 ], [ 0.08712, 51.493423 ], [ 0.08704, 51.493175 ], [ 0.08685, 51.492617 ], [ 0.086575, 51.492091 ], [ 0.08617, 51.491313 ], [ 0.085716, 51.49055 ], [ 0.085377, 51.490076 ], [ 0.085262, 51.489975 ], [ 0.085167, 51.489965 ], [ 0.08483, 51.490114 ], [ 0.084598, 51.490204 ], [ 0.084248, 51.490305 ], [ 0.083682, 51.490429 ], [ 0.082685, 51.490625 ], [ 0.082021, 51.490766 ], [ 0.081066, 51.490968 ], [ 0.080759, 51.491012 ], [ 0.080272, 51.49103 ], [ 0.079283, 51.491078 ], [ 0.078598, 51.491107 ], [ 0.077858, 51.491182 ], [ 0.07729, 51.491247 ], [ 0.077072, 51.491229 ], [ 0.076693, 51.491191 ], [ 0.07582, 51.491026 ], [ 0.075306, 51.490968 ], [ 0.074602, 51.490892 ], [ 0.073846, 51.49087 ], [ 0.072232, 51.490989 ], [ 0.070835, 51.491128 ], [ 0.069735, 51.49124 ], [ 0.069354, 51.491404 ], [ 0.069291, 51.491543 ], [ 0.068924, 51.492014 ], [ 0.068717, 51.492329 ], [ 0.06838, 51.492794 ], [ 0.068083, 51.49313 ], [ 0.068041, 51.493226 ], [ 0.067982, 51.493427 ], [ 0.068032, 51.493533 ], [ 0.068402, 51.494031 ], [ 0.068745, 51.494546 ], [ 0.068797, 51.494683 ], [ 0.068857, 51.494997 ] ] ] } },
{ "type": "Feature", "properties": { "Map_Name": "Dye Works", "First_Date": 1890, "Last_Date": 0, "Type": "Chemical", "Products": "Dyes", "QualityCon": "1", "Full_name": null, "Short_name": null, "Web_Link": null, "London_Fir": 0, "Londo_1st_": 1, "Web_refere": null }, "geometry": { "type": "Polygon", "coordinates": [ [ [ -0.058409, 51.493109 ], [ -0.058552, 51.493385 ], [ -0.058543, 51.493428 ], [ -0.058552, 51.493581 ], [ -0.058097, 51.493728 ], [ -0.057747, 51.493846 ], [ -0.057723, 51.493844 ], [ -0.05771, 51.493826 ], [ -0.057729, 51.493733 ], [ -0.057775, 51.493596 ], [ -0.057802, 51.493501 ], [ -0.057872, 51.493313 ], [ -0.058026, 51.493331 ], [ -0.058029, 51.49331 ], [ -0.058188, 51.493281 ], [ -0.058117, 51.493151 ], [ -0.058409, 51.493109 ] ] ] } },
{ "type": "Feature", "properties": { "Map_Name": "Metallic Cask Works", "First_Date": 1890, "Last_Date": 0, "Type": "Metal", "Products": null, "QualityCon": "1", "Full_name": null, "Short_name": null, "Web_Link": null, "London_Fir": 0, "Londo_1st_": 1, "Web_refere": null }, "geometry": { "type": "Polygon", "coordinates": [ [ [ -0.05714, 51.48995 ], [ -0.056909, 51.490077 ], [ -0.056633, 51.489864 ], [ -0.056865, 51.489744 ], [ -0.05714, 51.48995 ] ] ] } },
{ "type": "Feature", "properties": { "Map_Name": "Shirt and Collar Manufactory", "First_Date": 1890, "Last_Date": 0, "Type": "Cloth and Clothing", "Products": null, "QualityCon": "1", "Full_name": null, "Short_name": null, "Web_Link": null, "London_Fir": 0, "Londo_1st_": 1, "Web_refere": null }, "geometry": { "type": "Polygon", "coordinates": [ [ [ -0.056434, 51.487625 ], [ -0.056475, 51.487819 ], [ -0.056097, 51.487776 ], [ -0.05603, 51.487731 ], [ -0.055898, 51.487664 ], [ -0.056434, 51.487625 ] ] ] } },
{ "type": "Feature", "properties": { "Map_Name": "Sawing Planning and Moulding Mills", "First_Date": 1890, "Last_Date": 0, "Type": "Timber Mill", "Products": null, "QualityCon": "1", "Full_name": null, "Short_name": null, "Web_Link": null, "London_Fir": 0, "Londo_1st_": 1, "Web_refere": null }, "geometry": { "type": "Polygon", "coordinates": [ [ [ -0.059669, 51.485059 ], [ -0.059741, 51.485573 ], [ -0.058603, 51.485629 ], [ -0.058446, 51.485018 ], [ -0.059669, 51.485059 ] ] ] } },
{ "type": "Feature", "properties": { "Map_Name": "Glue and Size Works", "First_Date": 1890, "Last_Date": 0, "Type": "Chemical", "Products": "Glue", "QualityCon": "1", "Full_name": null, "Short_name": null, "Web_Link": null, "London_Fir": 0, "Londo_1st_": 1, "Web_refere": null }, "geometry": { "type": "Polygon", "coordinates": [ [ [ -0.060623, 51.485749 ], [ -0.060005, 51.485768 ], [ -0.060004, 51.485732 ], [ -0.060074, 51.48573 ], [ -0.060073, 51.485648 ], [ -0.059995, 51.48565 ], [ -0.059997, 51.485641 ], [ -0.0599, 51.485641 ], [ -0.059894, 51.485597 ], [ -0.059748, 51.485601 ], [ -0.059741, 51.485573 ], [ -0.059679, 51.485132 ], [ -0.060534, 51.485152 ], [ -0.060623, 51.485749 ] ] ] } },
{ "type": "Feature", "properties": { "Map_Name": "Ink Sealing Wax and Tag Factories", "First_Date": 1890, "Last_Date": 0, "Type": "Chemical", "Products": "Ink", "QualityCon": "1", "Full_name": null, "Short_name": null, "Web_Link": null, "London_Fir": 0, "Londo_1st_": 1, "Web_refere": null }, "geometry": { "type": "Polygon", "coordinates": [ [ [ -0.061537, 51.485714 ], [ -0.060623, 51.485749 ], [ -0.060534, 51.485152 ], [ -0.061443, 51.485146 ], [ -0.061537, 51.485714 ] ] ] } },
{ "type": "Feature", "properties": { "Map_Name": "Soap Works", "First_Date": 1890, "Last_Date": 0, "Type": "Soap Candle Tallow and Oil", "Products": "Soap", "QualityCon": "1", "Full_name": null, "Short_name": "Soap Works", "Web_Link": null, "London_Fir": 0, "Londo_1st_": 1, "Web_refere": null }, "geometry": { "type": "Polygon", "coordinates": [ [ [ -0.062285, 51.485672 ], [ -0.061537, 51.485714 ], [ -0.061443, 51.485146 ], [ -0.062186, 51.48511 ], [ -0.062285, 51.485672 ] ] ] } },
{ "type": "Feature", "properties": { "Map_Name": "Grease and Disinfectant Works", "First_Date": 1890, "Last_Date": 0, "Type": "Chemical", "Products": "Grease and Disinfectant", "QualityCon": "1", "Full_name": null, "Short_name": null, "Web_Link": null, "London_Fir": 0, "Londo_1st_": 1, "Web_refere": null }, "geometry": { "type": "Polygon", "coordinates": [ [ [ -0.062257, 51.485512 ], [ -0.06218, 51.485041 ], [ -0.062937, 51.484993 ], [ -0.062953, 51.485055 ], [ -0.062673, 51.485076 ], [ -0.062743, 51.485438 ], [ -0.062789, 51.485538 ], [ -0.062803, 51.48563 ], [ -0.06275, 51.485629 ], [ -0.06274, 51.485542 ], [ -0.062713, 51.485481 ], [ -0.062257, 51.485512 ] ] ] } },
{ "type": "Feature", "properties": { "Map_Name": "Hair and Felt Works", "First_Date": 1890, "Last_Date": 0, "Type": "Cloth and Clothing", "Products": "Felt", "QualityCon": "1", "Full_name": null, "Short_name": null, "Web_Link": null, "London_Fir": 0, "Londo_1st_": 1, "Web_refere": null }, "geometry": { "type": "Polygon", "coordinates": [ [ [ -0.063934, 51.485396 ], [ -0.063622, 51.485523 ], [ -0.063536, 51.485556 ], [ -0.063019, 51.485612 ], [ -0.062803, 51.48563 ], [ -0.062789, 51.485538 ], [ -0.062746, 51.485445 ], [ -0.062673, 51.485076 ], [ -0.062953, 51.485055 ], [ -0.062937, 51.484993 ], [ -0.063704, 51.48492 ], [ -0.063934, 51.485396 ] ] ] } },
{ "type": "Feature", "properties": { "Map_Name": "Canal Potteries", "First_Date": 1890, "Last_Date": 0, "Type": "General", "Products": null, "QualityCon": "1", "Full_name": null, "Short_name": null, "Web_Link": null, "London_Fir": 0, "Londo_1st_": 1, "Web_refere": null }, "geometry": { "type": "Polygon", "coordinates": [ [ [ -0.064898, 51.484962 ], [ -0.064521, 51.485132 ], [ -0.063934, 51.485396 ], [ -0.063704, 51.48492 ], [ -0.064183, 51.484859 ], [ -0.064619, 51.484769 ], [ -0.064898, 51.484962 ] ] ] } },
{ "type": "Feature", "properties": { "Map_Name": "Lime and Cement Works", "First_Date": 1860, "Last_Date": 0, "Type": "Building", "Products": null, "QualityCon": "1", "Full_name": null, "Short_name": null, "Web_Link": null, "London_Fir": 1, "Londo_1st_": 1, "Web_refere": null }, "geometry": { "type": "Polygon", "coordinates": [ [ [ -0.066007, 51.484192 ], [ -0.065876, 51.484659 ], [ -0.065607, 51.484637 ], [ -0.0656, 51.484657 ], [ -0.06561, 51.484679 ], [ -0.065583, 51.484736 ], [ -0.065527, 51.484744 ], [ -0.065456, 51.484718 ], [ -0.065404, 51.484699 ], [ -0.065389, 51.484685 ], [ -0.065058, 51.484604 ], [ -0.065279, 51.484504 ], [ -0.065485, 51.484405 ], [ -0.065665, 51.484286 ], [ -0.065813, 51.484161 ], [ -0.066007, 51.484192 ] ] ] } },
{ "type": "Feature", "properties": { "Map_Name": "Oil and Japaning Works", "First_Date": 1860, "Last_Date": 0, "Type": "Varnish Colour and Paint", "Products": "Lacquer", "QualityCon": "1", "Full_name": null, "Short_name": null, "Web_Link": null, "London_Fir": 1, "Londo_1st_": 1, "Web_refere": null }, "geometry": { "type": "Polygon", "coordinates": [ [ [ -0.067668, 51.486707 ], [ -0.067606, 51.487115 ], [ -0.067835, 51.487298 ], [ -0.067812, 51.487322 ], [ -0.067536, 51.48721 ], [ -0.067342, 51.48713 ], [ -0.067359, 51.487051 ], [ -0.067374, 51.486981 ], [ -0.067378, 51.48698 ], [ -0.067395, 51.486822 ], [ -0.067406, 51.486754 ], [ -0.067414, 51.486702 ], [ -0.067668, 51.486707 ] ] ] } },
{ "type": "Feature", "properties": { "Map_Name": "Vellum Works", "First_Date": 1890, "Last_Date": 0, "Type": "General", "Products": null, "QualityCon": "1", "Full_name": null, "Short_name": null, "Web_Link": null, "London_Fir": 0, "Londo_1st_": 1, "Web_refere": null }, "geometry": { "type": "Polygon", "coordinates": [ [ [ -0.06773, 51.486044 ], [ -0.067723, 51.486211 ], [ -0.067382, 51.486206 ], [ -0.06737, 51.486043 ], [ -0.06773, 51.486044 ] ] ] } },
{ "type": "Feature", "properties": { "Map_Name": "New Mills", "First_Date": 1890, "Last_Date": 0, "Type": "General", "Products": null, "QualityCon": "1", "Full_name": null, "Short_name": null, "Web_Link": null, "London_Fir": 0, "Londo_1st_": 1, "Web_refere": null }, "geometry": { "type": "Polygon", "coordinates": [ [ [ -0.06737, 51.486043 ], [ -0.067395, 51.486376 ], [ -0.067705, 51.48638 ], [ -0.067703, 51.486409 ], [ -0.067685, 51.486707 ], [ -0.067491, 51.486704 ], [ -0.067414, 51.486702 ], [ -0.06738, 51.486957 ], [ -0.067342, 51.48713 ], [ -0.067068, 51.487021 ], [ -0.067064, 51.486909 ], [ -0.067053, 51.486595 ], [ -0.067043, 51.486371 ], [ -0.067036, 51.486113 ], [ -0.067034, 51.48605 ], [ -0.06737, 51.486043 ] ] ] } },
{ "type": "Feature", "properties": { "Map_Name": "Japaning Works", "First_Date": 1890, "Last_Date": 0, "Type": "Varnish Colour and Paint", "Products": null, "QualityCon": "1", "Full_name": null, "Short_name": null, "Web_Link": null, "London_Fir": 0, "Londo_1st_": 1, "Web_refere": null }, "geometry": { "type": "Polygon", "coordinates": [ [ [ -0.067062, 51.487016 ], [ -0.067035, 51.487004 ], [ -0.066982, 51.486983 ], [ -0.066921, 51.486963 ], [ -0.066838, 51.486946 ], [ -0.066712, 51.486927 ], [ -0.06671, 51.486899 ], [ -0.066691, 51.486793 ], [ -0.066672, 51.486654 ], [ -0.066646, 51.486499 ], [ -0.066621, 51.486354 ], [ -0.066617, 51.486338 ], [ -0.06678, 51.486327 ], [ -0.066875, 51.486334 ], [ -0.067035, 51.486329 ], [ -0.067062, 51.487016 ] ] ] } },
{ "type": "Feature", "properties": { "Map_Name": "Albert Iron Works", "First_Date": 1890, "Last_Date": 0, "Type": "Metal", "Products": "Iron", "QualityCon": "1", "Full_name": null, "Short_name": null, "Web_Link": null, "London_Fir": 0, "Londo_1st_": 1, "Web_refere": null }, "geometry": { "type": "Polygon", "coordinates": [ [ [ -0.066719, 51.486932 ], [ -0.06664, 51.487026 ], [ -0.066585, 51.487088 ], [ -0.066293, 51.486996 ], [ -0.066315, 51.48692 ], [ -0.066327, 51.48692 ], [ -0.066338, 51.486878 ], [ -0.066719, 51.486932 ] ] ] } },
{ "type": "Feature", "properties": { "Map_Name": "Whiting Works", "First_Date": 1860, "Last_Date": 0, "Type": "Varnish Colour and Paint", "Products": null, "QualityCon": "1", "Full_name": null, "Short_name": null, "Web_Link": null, "London_Fir": 1, "Londo_1st_": 1, "Web_refere": null }, "geometry": { "type": "Polygon", "coordinates": [ [ [ -0.06672, 51.485959 ], [ -0.066563, 51.48597 ], [ -0.066525, 51.485769 ], [ -0.066481, 51.485531 ], [ -0.066437, 51.485311 ], [ -0.066573, 51.485303 ], [ -0.066623, 51.485585 ], [ -0.066649, 51.485583 ], [ -0.066661, 51.485646 ], [ -0.066637, 51.485646 ], [ -0.066644, 51.485687 ], [ -0.066682, 51.485703 ], [ -0.06672, 51.485959 ] ] ] } },
{ "type": "Feature", "properties": { "Map_Name": "Wool Works", "First_Date": 1890, "Last_Date": 0, "Type": "Cloth and Clothing", "Products": null, "QualityCon": "1", "Full_name": null, "Short_name": null, "Web_Link": null, "London_Fir": 0, "Londo_1st_": 1, "Web_refere": null }, "geometry": { "type": "Polygon", "coordinates": [ [ [ -0.06654, 51.485889 ], [ -0.066167, 51.485915 ], [ -0.066152, 51.485824 ], [ -0.066158, 51.485786 ], [ -0.066185, 51.485773 ], [ -0.066156, 51.485623 ], [ -0.066148, 51.485578 ], [ -0.066122, 51.485566 ], [ -0.066119, 51.485534 ], [ -0.066469, 51.485511 ], [ -0.06654, 51.485889 ] ] ] } },
{ "type": "Feature", "properties": { "Map_Name": "Varnish and Japan Works", "First_Date": 1860, "Last_Date": 0, "Type": "Varnish Colour and Paint", "Products": null, "QualityCon": "1", "Full_name": null, "Short_name": null, "Web_Link": null, "London_Fir": 1, "Londo_1st_": 1, "Web_refere": null }, "geometry": { "type": "Polygon", "coordinates": [ [ [ -0.066397, 51.48512 ], [ -0.066472, 51.485509 ], [ -0.066122, 51.485532 ], [ -0.066067, 51.485534 ], [ -0.065788, 51.485553 ], [ -0.065761, 51.485395 ], [ -0.065771, 51.48532 ], [ -0.065787, 51.485271 ], [ -0.065819, 51.4852 ], [ -0.065857, 51.485127 ], [ -0.065981, 51.485151 ], [ -0.066148, 51.48514 ], [ -0.066397, 51.48512 ] ] ] } },
{ "type": "Feature", "properties": { "Map_Name": "Sauce and Pickle Works", "First_Date": 1890, "Last_Date": 0, "Type": "Food", "Products": null, "QualityCon": "1", "Full_name": null, "Short_name": null, "Web_Link": null, "London_Fir": 0, "Londo_1st_": 1, "Web_refere": null }, "geometry": { "type": "Polygon", "coordinates": [ [ [ -0.069561, 51.484552 ], [ -0.069487, 51.484545 ], [ -0.069394, 51.484546 ], [ -0.06939, 51.484431 ], [ -0.069421, 51.484429 ], [ -0.069415, 51.484301 ], [ -0.069786, 51.484294 ], [ -0.069798, 51.484567 ], [ -0.069561, 51.484571 ], [ -0.069561, 51.484552 ] ] ] } },
{ "type": "Feature", "properties": { "Map_Name": "White Lead Works", "First_Date": 1890, "Last_Date": 0, "Type": "Varnish Colour and Paint", "Products": null, "QualityCon": "1", "Full_name": null, "Short_name": null, "Web_Link": null, "London_Fir": 0, "Londo_1st_": 1, "Web_refere": null }, "geometry": { "type": "Polygon", "coordinates": [ [ [ -0.071472, 51.483029 ], [ -0.071468, 51.483284 ], [ -0.071464, 51.483612 ], [ -0.071459, 51.483901 ], [ -0.071184, 51.483901 ], [ -0.071174, 51.483907 ], [ -0.071172, 51.483921 ], [ -0.071148, 51.483922 ], [ -0.071145, 51.483813 ], [ -0.071151, 51.483529 ], [ -0.071158, 51.483209 ], [ -0.071147, 51.483208 ], [ -0.071146, 51.483183 ], [ -0.071062, 51.483182 ], [ -0.071062, 51.483175 ], [ -0.071011, 51.483174 ], [ -0.071013, 51.483184 ], [ -0.071003, 51.483185 ], [ -0.070993, 51.483177 ], [ -0.07098, 51.483178 ], [ -0.070963, 51.483184 ], [ -0.070954, 51.483183 ], [ -0.070956, 51.483167 ], [ -0.07081, 51.483167 ], [ -0.070773, 51.483126 ], [ -0.070685, 51.483133 ], [ -0.070654, 51.483089 ], [ -0.071472, 51.483029 ] ] ] } },
{ "type": "Feature", "properties": { "Map_Name": "Rug Manufactory", "First_Date": 1890, "Last_Date": 0, "Type": "Furnishings", "Products": "Rugs", "QualityCon": "1", "Full_name": null, "Short_name": null, "Web_Link": null, "London_Fir": 0, "Londo_1st_": 1, "Web_refere": null }, "geometry": { "type": "Polygon", "coordinates": [ [ [ -0.075067, 51.483473 ], [ -0.075796, 51.483453 ], [ -0.075803, 51.483326 ], [ -0.075924, 51.483321 ], [ -0.075937, 51.483451 ], [ -0.075945, 51.483526 ], [ -0.075989, 51.483526 ], [ -0.075988, 51.483576 ], [ -0.075862, 51.483578 ], [ -0.075067, 51.483588 ], [ -0.075067, 51.483473 ] ] ] } },
{ "type": "Feature", "properties": { "Map_Name": "Saw Mills", "First_Date": 1890, "Last_Date": 0, "Type": "Timber Mill", "Products": null, "QualityCon": "1", "Full_name": null, "Short_name": null, "Web_Link": null, "London_Fir": 0, "Londo_1st_": 1, "Web_refere": null }, "geometry": { "type": "Polygon", "coordinates": [ [ [ -0.078213, 51.482907 ], [ -0.077921, 51.4829 ], [ -0.077936, 51.482779 ], [ -0.078206, 51.482752 ], [ -0.078213, 51.482907 ] ] ] } },
{ "type": "Feature", "properties": { "Map_Name": "Furnature Maufactory", "First_Date": 1890, "Last_Date": 0, "Type": "Furnishings", "Products": null, "QualityCon": "1", "Full_name": null, "Short_name": null, "Web_Link": null, "London_Fir": 0, "Londo_1st_": 1, "Web_refere": null }, "geometry": { "type": "Polygon", "coordinates": [ [ [ -0.073626, 51.482516 ], [ -0.073461, 51.482527 ], [ -0.073453, 51.482403 ], [ -0.073436, 51.48209 ], [ -0.073468, 51.482096 ], [ -0.073569, 51.482085 ], [ -0.073571, 51.482104 ], [ -0.073618, 51.482102 ], [ -0.073623, 51.482187 ], [ -0.073609, 51.482188 ], [ -0.073617, 51.482331 ], [ -0.073626, 51.482516 ] ] ] } },
{ "type": "Feature", "properties": { "Map_Name": "Boot Factory", "First_Date": 1890, "Last_Date": 0, "Type": "Leather and Skins", "Products": "Boots", "QualityCon": "1", "Full_name": null, "Short_name": null, "Web_Link": null, "London_Fir": 0, "Londo_1st_": 1, "Web_refere": null }, "geometry": { "type": "Polygon", "coordinates": [ [ [ -0.073649, 51.483105 ], [ -0.073434, 51.483114 ], [ -0.073418, 51.482995 ], [ -0.073708, 51.482977 ], [ -0.073954, 51.482961 ], [ -0.073955, 51.482994 ], [ -0.073709, 51.483009 ], [ -0.073708, 51.48302 ], [ -0.073639, 51.483024 ], [ -0.073649, 51.483105 ] ] ] } },
{ "type": "Feature", "properties": { "Map_Name": "Glengall cabinet manufactory", "First_Date": 1893, "Last_Date": 0, "Type": "Furnishings", "Products": null, "QualityCon": "1", "Full_name": null, "Short_name": null, "Web_Link": null, "London_Fir": 0, "Londo_1st_": 1, "Web_refere": null }, "geometry": { "type": "Polygon", "coordinates": [ [ [ -0.073081, 51.483479 ], [ -0.07269, 51.483517 ], [ -0.07262, 51.48331 ], [ -0.072566, 51.483158 ], [ -0.072513, 51.483008 ], [ -0.073037, 51.482962 ], [ -0.073081, 51.483479 ] ] ] } },
{ "type": "Feature", "properties": { "Map_Name": "Glass Works", "First_Date": 1890, "Last_Date": 0, "Type": "Glass", "Products": null, "QualityCon": "1", "Full_name": null, "Short_name": null, "Web_Link": null, "London_Fir": 0, "Londo_1st_": 1, "Web_refere": null }, "geometry": { "type": "Polygon", "coordinates": [ [ [ -0.071405, 51.48267 ], [ -0.071085, 51.4827 ], [ -0.070992, 51.482377 ], [ -0.071321, 51.482348 ], [ -0.071405, 51.48267 ] ] ] } },
{ "type": "Feature", "properties": { "Map_Name": "Saw Mill", "First_Date": 1890, "Last_Date": 0, "Type": "Timber Mill", "Products": null, "QualityCon": "1", "Full_name": null, "Short_name": null, "Web_Link": null, "London_Fir": 0, "Londo_1st_": 1, "Web_refere": null }, "geometry": { "type": "Polygon", "coordinates": [ [ [ -0.071085, 51.4827 ], [ -0.070985, 51.482706 ], [ -0.070783, 51.482723 ], [ -0.070703, 51.482403 ], [ -0.070992, 51.482377 ], [ -0.071085, 51.4827 ] ] ] } },
{ "type": "Feature", "properties": { "Map_Name": "Metal Works", "First_Date": 1890, "Last_Date": 0, "Type": "Metal", "Products": null, "QualityCon": "1", "Full_name": null, "Short_name": null, "Web_Link": null, "London_Fir": 0, "Londo_1st_": 1, "Web_refere": null }, "geometry": { "type": "Polygon", "coordinates": [ [ [ -0.070166, 51.482722 ], [ -0.069838, 51.482745 ], [ -0.069803, 51.482583 ], [ -0.070112, 51.482561 ], [ -0.070135, 51.482598 ], [ -0.070166, 51.482722 ] ] ] } },
{ "type": "Feature", "properties": { "Map_Name": "Sawing and Planning Mill", "First_Date": 1860, "Last_Date": 0, "Type": "Timber Mill", "Products": null, "QualityCon": "1", "Full_name": null, "Short_name": null, "Web_Link": null, "London_Fir": 1, "Londo_1st_": 1, "Web_refere": null }, "geometry": { "type": "Polygon", "coordinates": [ [ [ -0.067585, 51.482837 ], [ -0.067597, 51.482872 ], [ -0.067644, 51.48287 ], [ -0.067687, 51.482902 ], [ -0.0677, 51.482962 ], [ -0.067663, 51.482965 ], [ -0.067688, 51.483075 ], [ -0.067669, 51.483076 ], [ -0.067667, 51.483091 ], [ -0.067645, 51.483094 ], [ -0.06765, 51.483106 ], [ -0.067413, 51.483127 ], [ -0.067379, 51.482929 ], [ -0.067421, 51.482922 ], [ -0.067408, 51.482853 ], [ -0.067585, 51.482837 ] ] ] } },
{ "type": "Feature", "properties": { "Map_Name": "Colour and Paint Works", "First_Date": 1860, "Last_Date": 0, "Type": "Varnish Colour and Paint", "Products": null, "QualityCon": "1", "Full_name": null, "Short_name": null, "Web_Link": null, "London_Fir": 1, "Londo_1st_": 1, "Web_refere": null }, "geometry": { "type": "Polygon", "coordinates": [ [ [ -0.056181, 51.484109 ], [ -0.05618, 51.484318 ], [ -0.056132, 51.484315 ], [ -0.056133, 51.484419 ], [ -0.056097, 51.484421 ], [ -0.056087, 51.484456 ], [ -0.055744, 51.484434 ], [ -0.055761, 51.48411 ], [ -0.056082, 51.484114 ], [ -0.056084, 51.484107 ], [ -0.056181, 51.484109 ] ] ] } },
{ "type": "Feature", "properties": { "Map_Name": "Oil Works", "First_Date": 1890, "Last_Date": 0, "Type": "Oil and Petroleum", "Products": null, "QualityCon": "1", "Full_name": null, "Short_name": null, "Web_Link": null, "London_Fir": 0, "Londo_1st_": 1, "Web_refere": null }, "geometry": { "type": "Polygon", "coordinates": [ [ [ -0.055586, 51.484048 ], [ -0.055586, 51.484116 ], [ -0.055582, 51.484205 ], [ -0.055576, 51.484331 ], [ -0.055572, 51.484422 ], [ -0.055453, 51.484416 ], [ -0.055355, 51.484411 ], [ -0.055314, 51.484401 ], [ -0.055014, 51.484387 ], [ -0.055018, 51.484287 ], [ -0.055077, 51.484283 ], [ -0.05508, 51.484202 ], [ -0.055146, 51.4842 ], [ -0.055149, 51.484049 ], [ -0.055586, 51.484048 ] ] ] } },
{ "type": "Feature", "properties": { "Map_Name": "White Lead Works", "First_Date": 1890, "Last_Date": 0, "Type": "Varnish Colour and Paint", "Products": null, "QualityCon": "1", "Full_name": null, "Short_name": null, "Web_Link": null, "London_Fir": 0, "Londo_1st_": 1, "Web_refere": null }, "geometry": { "type": "Polygon", "coordinates": [ [ [ -0.055154, 51.483888 ], [ -0.055147, 51.484157 ], [ -0.054845, 51.484157 ], [ -0.054854, 51.483885 ], [ -0.055154, 51.483888 ] ] ] } },
{ "type": "Feature", "properties": { "Map_Name": "Mat and Matting Manufactory", "First_Date": 1890, "Last_Date": 0, "Type": "Fiber", "Products": null, "QualityCon": "1", "Full_name": null, "Short_name": null, "Web_Link": null, "London_Fir": 0, "Londo_1st_": 1, "Web_refere": null }, "geometry": { "type": "Polygon", "coordinates": [ [ [ -0.055154, 51.483887 ], [ -0.054854, 51.483884 ], [ -0.054861, 51.483748 ], [ -0.055158, 51.483756 ], [ -0.055154, 51.483887 ] ] ] } },
{ "type": "Feature", "properties": { "Map_Name": "Enamel and Japaning Works (Leather)", "First_Date": 1860, "Last_Date": 0, "Type": "Leather and Skins", "Products": null, "QualityCon": "1", "Full_name": null, "Short_name": null, "Web_Link": null, "London_Fir": 1, "Londo_1st_": 1, "Web_refere": null }, "geometry": { "type": "Polygon", "coordinates": [ [ [ -0.056084, 51.484107 ], [ -0.056082, 51.484114 ], [ -0.055761, 51.48411 ], [ -0.05573, 51.484109 ], [ -0.055735, 51.483938 ], [ -0.055747, 51.483681 ], [ -0.055751, 51.483545 ], [ -0.056055, 51.483549 ], [ -0.056062, 51.483542 ], [ -0.056137, 51.483543 ], [ -0.056137, 51.483555 ], [ -0.056149, 51.483558 ], [ -0.056149, 51.483688 ], [ -0.056128, 51.483688 ], [ -0.056127, 51.483869 ], [ -0.056131, 51.484108 ], [ -0.056084, 51.484107 ] ] ] } },
{ "type": "Feature", "properties": { "Map_Name": "Hatcham Saw Mills", "First_Date": 1860, "Last_Date": 0, "Type": "Timber Mill", "Products": null, "QualityCon": "1", "Full_name": null, "Short_name": null, "Web_Link": null, "London_Fir": 1, "Londo_1st_": 1, "Web_refere": null }, "geometry": { "type": "Polygon", "coordinates": [ [ [ -0.055596, 51.483276 ], [ -0.055218, 51.483266 ], [ -0.055217, 51.483232 ], [ -0.05517, 51.48323 ], [ -0.055178, 51.483027 ], [ -0.05518, 51.482862 ], [ -0.055243, 51.482863 ], [ -0.055238, 51.482983 ], [ -0.055523, 51.482988 ], [ -0.055524, 51.48295 ], [ -0.055608, 51.482952 ], [ -0.055596, 51.483276 ] ] ] } },
{ "type": "Feature", "properties": { "Map_Name": "Jam Pickle and Sauce Works", "First_Date": 1890, "Last_Date": 0, "Type": "Food", "Products": null, "QualityCon": "1", "Full_name": null, "Short_name": null, "Web_Link": null, "London_Fir": 0, "Londo_1st_": 1, "Web_refere": null }, "geometry": { "type": "Polygon", "coordinates": [ [ [ -0.053404, 51.482037 ], [ -0.053408, 51.48205 ], [ -0.053403, 51.482407 ], [ -0.053402, 51.482445 ], [ -0.053051, 51.482435 ], [ -0.053045, 51.48264 ], [ -0.05299, 51.482641 ], [ -0.053009, 51.482332 ], [ -0.053037, 51.482063 ], [ -0.053404, 51.482037 ] ] ] } },
{ "type": "Feature", "properties": { "Map_Name": "Leather Japaning Works", "First_Date": 1890, "Last_Date": 0, "Type": "Leather and Skins", "Products": null, "QualityCon": "1", "Full_name": null, "Short_name": null, "Web_Link": null, "London_Fir": 0, "Londo_1st_": 1, "Web_refere": null }, "geometry": { "type": "Polygon", "coordinates": [ [ [ -0.053747, 51.481749 ], [ -0.053737, 51.481867 ], [ -0.053477, 51.481879 ], [ -0.053497, 51.482031 ], [ -0.05349, 51.482031 ], [ -0.053404, 51.482037 ], [ -0.053395, 51.482038 ], [ -0.053037, 51.482063 ], [ -0.053084, 51.481784 ], [ -0.05342, 51.481769 ], [ -0.053668, 51.481755 ], [ -0.053747, 51.481749 ] ] ] } },
{ "type": "Feature", "properties": { "Map_Name": "Printing Works", "First_Date": 1890, "Last_Date": 0, "Type": "Printing", "Products": null, "QualityCon": "1", "Full_name": null, "Short_name": null, "Web_Link": null, "London_Fir": 0, "Londo_1st_": 1, "Web_refere": null }, "geometry": { "type": "Polygon", "coordinates": [ [ [ -0.054554, 51.480595 ], [ -0.054377, 51.480774 ], [ -0.054391, 51.480783 ], [ -0.054351, 51.48082 ], [ -0.054332, 51.480813 ], [ -0.054229, 51.48091 ], [ -0.05415, 51.480875 ], [ -0.054169, 51.480856 ], [ -0.054142, 51.480845 ], [ -0.054213, 51.480768 ], [ -0.054129, 51.480732 ], [ -0.054351, 51.480514 ], [ -0.054554, 51.480595 ] ] ] } },
{ "type": "Feature", "properties": { "Map_Name": "Mineral Water Works", "First_Date": 1890, "Last_Date": 0, "Type": "General", "Products": "Mineral Water", "QualityCon": "1", "Full_name": null, "Short_name": null, "Web_Link": null, "London_Fir": 0, "Londo_1st_": 1, "Web_refere": null }, "geometry": { "type": "Polygon", "coordinates": [ [ [ -0.060775, 51.482053 ], [ -0.060753, 51.482063 ], [ -0.06074, 51.482058 ], [ -0.060484, 51.482166 ], [ -0.060322, 51.482216 ], [ -0.060279, 51.481984 ], [ -0.060289, 51.481972 ], [ -0.060305, 51.48196 ], [ -0.060368, 51.481948 ], [ -0.060592, 51.481879 ], [ -0.060772, 51.481833 ], [ -0.06078, 51.481816 ], [ -0.060782, 51.4818 ], [ -0.060699, 51.481665 ], [ -0.06088, 51.481586 ], [ -0.060775, 51.482053 ] ] ] } },
{ "type": "Feature", "properties": { "Map_Name": "Tar Paving and Artificial Stone Works", "First_Date": 1890, "Last_Date": 0, "Type": "Asphalt", "Products": null, "QualityCon": "1", "Full_name": null, "Short_name": null, "Web_Link": null, "London_Fir": 0, "Londo_1st_": 1, "Web_refere": null }, "geometry": { "type": "Polygon", "coordinates": [ [ [ -0.052462, 51.485055 ], [ -0.050086, 51.484911 ], [ -0.050025, 51.484925 ], [ -0.049978, 51.484948 ], [ -0.049748, 51.485338 ], [ -0.049457, 51.485273 ], [ -0.049604, 51.48494 ], [ -0.049643, 51.484762 ], [ -0.049696, 51.48457 ], [ -0.050255, 51.484574 ], [ -0.050265, 51.484523 ], [ -0.050794, 51.484554 ], [ -0.05154, 51.4846 ], [ -0.052111, 51.484637 ], [ -0.052528, 51.484668 ], [ -0.052462, 51.485055 ] ] ] } },
{ "type": "Feature", "properties": { "Map_Name": "Cliffton Mills (Cotton Waste Manufactory)", "First_Date": 1890, "Last_Date": 0, "Type": "Fiber", "Products": null, "QualityCon": "1", "Full_name": null, "Short_name": null, "Web_Link": null, "London_Fir": 0, "Londo_1st_": 1, "Web_refere": null }, "geometry": { "type": "Polygon", "coordinates": [ [ [ -0.052528, 51.484668 ], [ -0.052667, 51.484675 ], [ -0.052655, 51.484725 ], [ -0.052657, 51.484771 ], [ -0.052625, 51.484854 ], [ -0.052622, 51.484873 ], [ -0.052716, 51.48507 ], [ -0.052462, 51.485055 ], [ -0.052528, 51.484668 ] ] ] } },
{ "type": "Feature", "properties": { "Map_Name": "Leather Cleaning Works", "First_Date": 1890, "Last_Date": 0, "Type": "Leather and Skins", "Products": null, "QualityCon": "1", "Full_name": null, "Short_name": null, "Web_Link": null, "London_Fir": 0, "Londo_1st_": 1, "Web_refere": null }, "geometry": { "type": "Polygon", "coordinates": [ [ [ -0.051595, 51.483899 ], [ -0.051526, 51.484274 ], [ -0.050941, 51.484237 ], [ -0.051028, 51.483815 ], [ -0.05161, 51.483813 ], [ -0.051595, 51.483899 ] ] ] } },
{ "type": "Feature", "properties": { "Map_Name": "Composition Works", "First_Date": 1890, "Last_Date": 0, "Type": "General", "Products": null, "QualityCon": "1", "Full_name": null, "Short_name": null, "Web_Link": null, "London_Fir": 0, "Londo_1st_": 1, "Web_refere": null }, "geometry": { "type": "Polygon", "coordinates": [ [ [ 0.043684, 51.504423 ], [ 0.043651, 51.503984 ], [ 0.042461, 51.504012 ], [ 0.04249, 51.504448 ], [ 0.043684, 51.504423 ] ] ] } },
{ "type": "Feature", "properties": { "Map_Name": "Foundry (Iron and Brass)", "First_Date": 1890, "Last_Date": 0, "Type": "Metal", "Products": "Iron", "QualityCon": "1", "Full_name": null, "Short_name": null, "Web_Link": null, "London_Fir": 0, "Londo_1st_": 1, "Web_refere": null }, "geometry": { "type": "Polygon", "coordinates": [ [ [ 0.043806, 51.503565 ], [ 0.04382, 51.503814 ], [ 0.044085, 51.503813 ], [ 0.044071, 51.503559 ], [ 0.043806, 51.503565 ] ] ] } },
{ "type": "Feature", "properties": { "Map_Name": "Henry Tate & Sons Thames Sugar Refinery", "First_Date": 1878, "Last_Date": 0, "Type": "Food", "Products": null, "QualityCon": "1", "Full_name": null, "Short_name": null, "Web_Link": null, "London_Fir": 0, "Londo_1st_": 1, "Web_refere": "http://en.wikipedia.org/wiki/Tate_%26_Lyle" }, "geometry": { "type": "Polygon", "coordinates": [ [ [ 0.046279, 51.499787 ], [ 0.046358, 51.499997 ], [ 0.046447, 51.500245 ], [ 0.046542, 51.500503 ], [ 0.046638, 51.50076 ], [ 0.04679, 51.501171 ], [ 0.046926, 51.501551 ], [ 0.046986, 51.501717 ], [ 0.047348, 51.501674 ], [ 0.047801, 51.501623 ], [ 0.048152, 51.501587 ], [ 0.048416, 51.501555 ], [ 0.048819, 51.501514 ], [ 0.049399, 51.501447 ], [ 0.049359, 51.501312 ], [ 0.049264, 51.501 ], [ 0.049222, 51.500852 ], [ 0.049307, 51.500843 ], [ 0.049248, 51.500623 ], [ 0.049158, 51.50063 ], [ 0.049049, 51.500281 ], [ 0.049098, 51.500273 ], [ 0.049077, 51.500212 ], [ 0.049037, 51.500216 ], [ 0.049006, 51.500123 ], [ 0.049032, 51.50012 ], [ 0.049028, 51.500106 ], [ 0.049001, 51.500107 ], [ 0.04897, 51.500001 ], [ 0.048857, 51.499605 ], [ 0.04815, 51.499664 ], [ 0.046279, 51.499787 ] ] ] } },
{ "type": "Feature", "properties": { "Map_Name": "Gas Works", "First_Date": 1890, "Last_Date": 0, "Type": "Coal Gas", "Products": null, "QualityCon": "1", "Full_name": null, "Short_name": null, "Web_Link": null, "London_Fir": 1, "Londo_1st_": 1, "Web_refere": null }, "geometry": { "type": "Polygon", "coordinates": [ [ [ 0.048857, 51.499605 ], [ 0.049001, 51.500107 ], [ 0.049028, 51.500106 ], [ 0.049032, 51.50012 ], [ 0.049006, 51.500123 ], [ 0.049037, 51.500216 ], [ 0.049077, 51.500212 ], [ 0.049098, 51.500273 ], [ 0.049049, 51.500281 ], [ 0.049158, 51.50063 ], [ 0.049248, 51.500623 ], [ 0.049307, 51.500843 ], [ 0.049222, 51.500852 ], [ 0.049399, 51.501447 ], [ 0.050049, 51.501376 ], [ 0.051022, 51.501269 ], [ 0.051826, 51.50118 ], [ 0.051777, 51.50103 ], [ 0.051711, 51.501035 ], [ 0.051626, 51.500976 ], [ 0.051389, 51.5007 ], [ 0.051216, 51.500494 ], [ 0.051046, 51.500241 ], [ 0.050934, 51.499994 ], [ 0.050849, 51.499752 ], [ 0.050744, 51.499415 ], [ 0.050034, 51.499489 ], [ 0.049316, 51.499566 ], [ 0.048857, 51.499605 ] ] ] } },
{ "type": "Feature", "properties": { "Map_Name": "District Chemical Works", "First_Date": 1890, "Last_Date": 0, "Type": "Chemical", "Products": null, "QualityCon": "1", "Full_name": null, "Short_name": null, "Web_Link": null, "London_Fir": 0, "Londo_1st_": 1, "Web_refere": null }, "geometry": { "type": "Polygon", "coordinates": [ [ [ 0.05492, 51.498884 ], [ 0.055361, 51.500014 ], [ 0.055475, 51.500319 ], [ 0.055585, 51.500623 ], [ 0.056921, 51.500428 ], [ 0.056847, 51.500233 ], [ 0.056678, 51.499787 ], [ 0.056566, 51.499498 ], [ 0.056466, 51.499244 ], [ 0.056346, 51.498924 ], [ 0.056252, 51.498681 ], [ 0.055857, 51.498742 ], [ 0.055888, 51.498835 ], [ 0.055462, 51.49891 ], [ 0.055138, 51.498961 ], [ 0.055098, 51.49886 ], [ 0.05492, 51.498884 ] ] ] } },
{ "type": "Feature", "properties": { "Map_Name": "Electric Cable Works", "First_Date": 1890, "Last_Date": 0, "Type": "Electrical", "Products": null, "QualityCon": "1", "Full_name": null, "Short_name": null, "Web_Link": null, "London_Fir": 1, "Londo_1st_": 1, "Web_refere": null }, "geometry": { "type": "Polygon", "coordinates": [ [ [ 0.056921, 51.500428 ], [ 0.057209, 51.500384 ], [ 0.057637, 51.500322 ], [ 0.058257, 51.500229 ], [ 0.058193, 51.500072 ], [ 0.05809, 51.499801 ], [ 0.058006, 51.499594 ], [ 0.057881, 51.499265 ], [ 0.057778, 51.499031 ], [ 0.057647, 51.49869 ], [ 0.05758, 51.498481 ], [ 0.056827, 51.498596 ], [ 0.056252, 51.498681 ], [ 0.056921, 51.500428 ] ] ] } },
{ "type": "Feature", "properties": { "Map_Name": "Telegraph and Electric Cable Works", "First_Date": 1890, "Last_Date": 0, "Type": "Electrical", "Products": null, "QualityCon": "1", "Full_name": null, "Short_name": null, "Web_Link": null, "London_Fir": 0, "Londo_1st_": 1, "Web_refere": null }, "geometry": { "type": "Polygon", "coordinates": [ [ [ 0.058208, 51.499715 ], [ 0.05838, 51.500177 ], [ 0.05916, 51.50006 ], [ 0.059696, 51.499984 ], [ 0.059802, 51.499965 ], [ 0.059489, 51.499306 ], [ 0.059013, 51.499384 ], [ 0.059075, 51.499567 ], [ 0.059017, 51.499576 ], [ 0.059017, 51.499566 ], [ 0.058759, 51.499604 ], [ 0.058769, 51.499629 ], [ 0.058208, 51.499715 ] ] ] } },
{ "type": "Feature", "properties": { "Map_Name": "Telegraph and Electric Cable Works", "First_Date": 1890, "Last_Date": 0, "Type": "Electrical", "Products": null, "QualityCon": "1", "Full_name": null, "Short_name": null, "Web_Link": null, "London_Fir": 0, "Londo_1st_": 1, "Web_refere": null }, "geometry": { "type": "Polygon", "coordinates": [ [ [ 0.057817, 51.498686 ], [ 0.058023, 51.499233 ], [ 0.058299, 51.499185 ], [ 0.0587, 51.499127 ], [ 0.058711, 51.499146 ], [ 0.058894, 51.499119 ], [ 0.058966, 51.499276 ], [ 0.059435, 51.499204 ], [ 0.059295, 51.4989 ], [ 0.059162, 51.498639 ], [ 0.059093, 51.498637 ], [ 0.058765, 51.498638 ], [ 0.058484, 51.498623 ], [ 0.058147, 51.498638 ], [ 0.057817, 51.498686 ] ] ] } },
{ "type": "Feature", "properties": { "Map_Name": "Engine Works", "First_Date": 1890, "Last_Date": 0, "Type": "Engineering", "Products": null, "QualityCon": "1", "Full_name": null, "Short_name": null, "Web_Link": null, "London_Fir": 0, "Londo_1st_": 1, "Web_refere": null }, "geometry": { "type": "Polygon", "coordinates": [ [ [ 0.040413, 51.5062 ], [ 0.040969, 51.506181 ], [ 0.040938, 51.505789 ], [ 0.040441, 51.505758 ], [ 0.040386, 51.505809 ], [ 0.040413, 51.5062 ] ] ] } },
{ "type": "Feature", "properties": { "Map_Name": "Paragon Works (Printing)", "First_Date": 1890, "Last_Date": 0, "Type": "Printing", "Products": null, "QualityCon": "1", "Full_name": null, "Short_name": null, "Web_Link": null, "London_Fir": 0, "Londo_1st_": 1, "Web_refere": null }, "geometry": { "type": "Polygon", "coordinates": [ [ [ 0.01876, 51.514358 ], [ 0.019192, 51.514335 ], [ 0.019101, 51.513755 ], [ 0.018672, 51.513786 ], [ 0.01876, 51.514358 ] ] ] } },
{ "type": "Feature", "properties": { "Map_Name": "Ceylon Mills (mat making)", "First_Date": 1890, "Last_Date": 0, "Type": "Fiber", "Products": "Mats", "QualityCon": "1", "Full_name": null, "Short_name": null, "Web_Link": null, "London_Fir": 0, "Londo_1st_": 1, "Web_refere": null }, "geometry": { "type": "Polygon", "coordinates": [ [ [ 0.023064, 51.515066 ], [ 0.023865, 51.515067 ], [ 0.024261, 51.51507 ], [ 0.024238, 51.514666 ], [ 0.024205, 51.514078 ], [ 0.023702, 51.514073 ], [ 0.023693, 51.514243 ], [ 0.022274, 51.514232 ], [ 0.022361, 51.514326 ], [ 0.022787, 51.514507 ], [ 0.023064, 51.515066 ] ] ] } },
{ "type": "Feature", "properties": { "Map_Name": "Glass Bottle Works", "First_Date": 1890, "Last_Date": 0, "Type": "Glass", "Products": null, "QualityCon": "1", "Full_name": null, "Short_name": null, "Web_Link": null, "London_Fir": 0, "Londo_1st_": 1, "Web_refere": null }, "geometry": { "type": "Polygon", "coordinates": [ [ [ 0.017145, 51.515673 ], [ 0.017714, 51.51558 ], [ 0.017716, 51.515569 ], [ 0.017695, 51.515569 ], [ 0.01769, 51.515553 ], [ 0.017627, 51.515551 ], [ 0.017625, 51.515537 ], [ 0.017555, 51.515529 ], [ 0.01743, 51.515501 ], [ 0.017308, 51.515487 ], [ 0.01726, 51.515495 ], [ 0.01725, 51.515465 ], [ 0.017203, 51.515472 ], [ 0.0172, 51.515459 ], [ 0.016998, 51.515505 ], [ 0.017065, 51.515559 ], [ 0.017107, 51.515613 ], [ 0.017129, 51.515639 ], [ 0.017145, 51.515673 ] ] ] } },
{ "type": "Feature", "properties": { "Map_Name": "St. Leonard's Wharf (Oil Works)", "First_Date": 1890, "Last_Date": 0, "Type": "Oil and Petroleum", "Products": null, "QualityCon": "1", "Full_name": null, "Short_name": null, "Web_Link": null, "London_Fir": 0, "Londo_1st_": 1, "Web_refere": null }, "geometry": { "type": "Polygon", "coordinates": [ [ [ -0.009108, 51.518432 ], [ -0.009145, 51.51926 ], [ -0.009211, 51.519374 ], [ -0.00928, 51.519371 ], [ -0.009277, 51.519594 ], [ -0.009065, 51.519676 ], [ -0.008212, 51.519247 ], [ -0.007549, 51.518925 ], [ -0.007134, 51.518625 ], [ -0.007439, 51.518502 ], [ -0.008143, 51.518475 ], [ -0.009108, 51.518432 ] ] ] } },
{ "type": "Feature", "properties": { "Map_Name": "Printing Works", "First_Date": 1890, "Last_Date": 0, "Type": "Printing", "Products": null, "QualityCon": "1", "Full_name": null, "Short_name": null, "Web_Link": null, "London_Fir": 0, "Londo_1st_": 1, "Web_refere": null }, "geometry": { "type": "Polygon", "coordinates": [ [ [ 0.024771, 51.530745 ], [ 0.024469, 51.530917 ], [ 0.024822, 51.531031 ], [ 0.024852, 51.531032 ], [ 0.024857, 51.53105 ], [ 0.025154, 51.531048 ], [ 0.025213, 51.530949 ], [ 0.025192, 51.530943 ], [ 0.025234, 51.53086 ], [ 0.025022, 51.530816 ], [ 0.024985, 51.530802 ], [ 0.024771, 51.530745 ] ] ] } },
{ "type": "Feature", "properties": { "Map_Name": "Enamel Works", "First_Date": 1890, "Last_Date": 0, "Type": "General", "Products": null, "QualityCon": "1", "Full_name": null, "Short_name": null, "Web_Link": null, "London_Fir": 0, "Londo_1st_": 1, "Web_refere": null }, "geometry": { "type": "Polygon", "coordinates": [ [ [ 0.022843, 51.531501 ], [ 0.023003, 51.531496 ], [ 0.023128, 51.531494 ], [ 0.02325, 51.531488 ], [ 0.023319, 51.53148 ], [ 0.023448, 51.531442 ], [ 0.023515, 51.531399 ], [ 0.023392, 51.53127 ], [ 0.023332, 51.531209 ], [ 0.022998, 51.531218 ], [ 0.022849, 51.531342 ], [ 0.022843, 51.531501 ] ] ] } },
{ "type": "Feature", "properties": { "Map_Name": "Sanitary Compounds Works", "First_Date": 1890, "Last_Date": 0, "Type": "Chemical", "Products": null, "QualityCon": "1", "Full_name": null, "Short_name": null, "Web_Link": null, "London_Fir": 0, "Londo_1st_": 1, "Web_refere": null }, "geometry": { "type": "Polygon", "coordinates": [ [ [ 0.022641, 51.530644 ], [ 0.02256, 51.530722 ], [ 0.022293, 51.53075 ], [ 0.022299, 51.530769 ], [ 0.022275, 51.530946 ], [ 0.022282, 51.531185 ], [ 0.022298, 51.531177 ], [ 0.022388, 51.531175 ], [ 0.022685, 51.531172 ], [ 0.022719, 51.531507 ], [ 0.022844, 51.531502 ], [ 0.022849, 51.531343 ], [ 0.022986, 51.53123 ], [ 0.022861, 51.531152 ], [ 0.023195, 51.530884 ], [ 0.022641, 51.530644 ] ] ] } },
{ "type": "Feature", "properties": { "Map_Name": "North Kent brewery", "First_Date": 1890, "Last_Date": 0, "Type": "Brewing", "Products": null, "QualityCon": "1", "Full_name": null, "Short_name": null, "Web_Link": null, "London_Fir": 0, "Londo_1st_": 1, "Web_refere": null }, "geometry": { "type": "Polygon", "coordinates": [ [ [ 0.089218, 51.486679 ], [ 0.090264, 51.4866 ], [ 0.0902, 51.486387 ], [ 0.090597, 51.486326 ], [ 0.09061, 51.48631 ], [ 0.090625, 51.486291 ], [ 0.090551, 51.486121 ], [ 0.09049, 51.486095 ], [ 0.090508, 51.486036 ], [ 0.090309, 51.485873 ], [ 0.090056, 51.485746 ], [ 0.089789, 51.485603 ], [ 0.089148, 51.485288 ], [ 0.088976, 51.485427 ], [ 0.08907, 51.485936 ], [ 0.089146, 51.486299 ], [ 0.089218, 51.486679 ] ] ] } },
{ "type": "Feature", "properties": { "Map_Name": "Brick and Tile Works", "First_Date": 1890, "Last_Date": 0, "Type": "Building", "Products": null, "QualityCon": "1", "Full_name": null, "Short_name": null, "Web_Link": null, "London_Fir": 0, "Londo_1st_": 1, "Web_refere": null }, "geometry": { "type": "Polygon", "coordinates": [ [ [ 0.08148, 51.479693 ], [ 0.081453, 51.479701 ], [ 0.081459, 51.479724 ], [ 0.081346, 51.479744 ], [ 0.081553, 51.480211 ], [ 0.081506, 51.48022 ], [ 0.081448, 51.480126 ], [ 0.081247, 51.480153 ], [ 0.081274, 51.480206 ], [ 0.081028, 51.480248 ], [ 0.08118, 51.480588 ], [ 0.081818, 51.480473 ], [ 0.081977, 51.480457 ], [ 0.082408, 51.480436 ], [ 0.082467, 51.480425 ], [ 0.082353, 51.480142 ], [ 0.082102, 51.47953 ], [ 0.081958, 51.479491 ], [ 0.081624, 51.479587 ], [ 0.081447, 51.479619 ], [ 0.08148, 51.479693 ] ] ] } },
{ "type": "Feature", "properties": { "Map_Name": "Saw Mills", "First_Date": 1890, "Last_Date": 0, "Type": "Timber Mill", "Products": null, "QualityCon": "1", "Full_name": null, "Short_name": null, "Web_Link": null, "London_Fir": 0, "Londo_1st_": 1, "Web_refere": null }, "geometry": { "type": "Polygon", "coordinates": [ [ [ 0.058714, 51.494268 ], [ 0.059108, 51.494281 ], [ 0.05916, 51.494266 ], [ 0.059159, 51.49424 ], [ 0.05921, 51.494238 ], [ 0.059233, 51.49415 ], [ 0.059238, 51.493968 ], [ 0.059128, 51.493963 ], [ 0.059125, 51.493955 ], [ 0.058881, 51.49394 ], [ 0.058878, 51.49397 ], [ 0.05885, 51.493973 ], [ 0.058843, 51.494028 ], [ 0.058851, 51.494038 ], [ 0.058854, 51.494058 ], [ 0.058869, 51.494059 ], [ 0.058857, 51.494089 ], [ 0.05874, 51.494081 ], [ 0.058714, 51.494268 ] ] ] } },
{ "type": "Feature", "properties": { "Map_Name": "India Rubber, Gutta Percha and Telegraph Works", "First_Date": 1890, "Last_Date": 0, "Type": "Rubber and Gutta-Percha", "Products": null, "QualityCon": "1", "Full_name": null, "Short_name": null, "Web_Link": null, "London_Fir": 0, "Londo_1st_": 1, "Web_refere": null }, "geometry": { "type": "Polygon", "coordinates": [ [ [ 0.046986, 51.501717 ], [ 0.046279, 51.499787 ], [ 0.045473, 51.499824 ], [ 0.045493, 51.499873 ], [ 0.045442, 51.499881 ], [ 0.045518, 51.500098 ], [ 0.045507, 51.50011 ], [ 0.04514, 51.500166 ], [ 0.045032, 51.499844 ], [ 0.04473, 51.499867 ], [ 0.044246, 51.499894 ], [ 0.043811, 51.499923 ], [ 0.043323, 51.499922 ], [ 0.042533, 51.499918 ], [ 0.042568, 51.500416 ], [ 0.042582, 51.500546 ], [ 0.042574, 51.500548 ], [ 0.042618, 51.500723 ], [ 0.042853, 51.500702 ], [ 0.042908, 51.500918 ], [ 0.042677, 51.500939 ], [ 0.042988, 51.501058 ], [ 0.043234, 51.501036 ], [ 0.043224, 51.501018 ], [ 0.043473, 51.500996 ], [ 0.043517, 51.501178 ], [ 0.04355, 51.501295 ], [ 0.043984, 51.50125 ], [ 0.044, 51.501317 ], [ 0.044306, 51.501291 ], [ 0.044367, 51.501528 ], [ 0.044456, 51.501891 ], [ 0.044549, 51.501881 ], [ 0.044576, 51.501991 ], [ 0.046986, 51.501717 ] ] ] } },
{ "type": "Feature", "properties": { "Map_Name": "Prince Regent's Wharf (Chemical Works etc.)", "First_Date": 1890, "Last_Date": 0, "Type": "Chemical", "Products": null, "QualityCon": "1", "Full_name": null, "Short_name": null, "Web_Link": null, "London_Fir": 0, "Londo_1st_": 1, "Web_refere": "http://www.british-history.ac.uk/vch/essex/vol6/pp76-89" }, "geometry": { "type": "Polygon", "coordinates": [ [ [ 0.031424, 51.499155 ], [ 0.031402, 51.499577 ], [ 0.03138, 51.499917 ], [ 0.031346, 51.500273 ], [ 0.031321, 51.500582 ], [ 0.031969, 51.500625 ], [ 0.032491, 51.500663 ], [ 0.033245, 51.500718 ], [ 0.03376, 51.500753 ], [ 0.033656, 51.501157 ], [ 0.033561, 51.501508 ], [ 0.033441, 51.50194 ], [ 0.03347, 51.501945 ], [ 0.033401, 51.502119 ], [ 0.03357, 51.502136 ], [ 0.033477, 51.502427 ], [ 0.033673, 51.502433 ], [ 0.034006, 51.502446 ], [ 0.034349, 51.50246 ], [ 0.034855, 51.502479 ], [ 0.035107, 51.502489 ], [ 0.035138, 51.502476 ], [ 0.035413, 51.502493 ], [ 0.035443, 51.502093 ], [ 0.035472, 51.501668 ], [ 0.035492, 51.501376 ], [ 0.035519, 51.501036 ], [ 0.03554, 51.5007 ], [ 0.035567, 51.500269 ], [ 0.03559, 51.499982 ], [ 0.035653, 51.49963 ], [ 0.034882, 51.499545 ], [ 0.034757, 51.499917 ], [ 0.034555, 51.500509 ], [ 0.033453, 51.500289 ], [ 0.033482, 51.500166 ], [ 0.034088, 51.500291 ], [ 0.034268, 51.499489 ], [ 0.031424, 51.499155 ] ] ] } },
{ "type": "Feature", "properties": { "Map_Name": "Blenheim Works (small arms)", "First_Date": 1890, "Last_Date": 0, "Type": "Arms and Munitions", "Products": null, "QualityCon": "1", "Full_name": null, "Short_name": null, "Web_Link": null, "London_Fir": 0, "Londo_1st_": 1, "Web_refere": null }, "geometry": { "type": "Polygon", "coordinates": [ [ [ -0.092402, 51.534351 ], [ -0.091755, 51.534617 ], [ -0.091862, 51.534724 ], [ -0.091648, 51.534822 ], [ -0.091427, 51.534924 ], [ -0.090949, 51.534502 ], [ -0.091246, 51.534348 ], [ -0.091492, 51.53425 ], [ -0.092051, 51.534021 ], [ -0.092402, 51.534351 ] ] ] } },
{ "type": "Feature", "properties": { "Map_Name": "City Engine Works", "First_Date": 1890, "Last_Date": 0, "Type": "Engineering", "Products": "City Engine", "QualityCon": "1", "Full_name": null, "Short_name": null, "Web_Link": null, "London_Fir": 0, "Londo_1st_": 1, "Web_refere": null }, "geometry": { "type": "Polygon", "coordinates": [ [ [ -0.092852, 51.534166 ], [ -0.092402, 51.534351 ], [ -0.092051, 51.534021 ], [ -0.092493, 51.533834 ], [ -0.092852, 51.534166 ] ] ] } },
{ "type": "Feature", "properties": { "Map_Name": "Iron Works", "First_Date": 1890, "Last_Date": 0, "Type": "Metal", "Products": "Ironn", "QualityCon": "1", "Full_name": null, "Short_name": null, "Web_Link": null, "London_Fir": 0, "Londo_1st_": 1, "Web_refere": null }, "geometry": { "type": "Polygon", "coordinates": [ [ [ -0.091427, 51.534924 ], [ -0.091308, 51.534976 ], [ -0.091171, 51.534852 ], [ -0.091059, 51.534901 ], [ -0.091099, 51.534934 ], [ -0.090977, 51.534989 ], [ -0.090935, 51.534954 ], [ -0.090928, 51.534956 ], [ -0.090899, 51.534937 ], [ -0.090906, 51.534923 ], [ -0.090924, 51.534908 ], [ -0.090818, 51.534811 ], [ -0.090825, 51.534806 ], [ -0.09079, 51.534782 ], [ -0.090731, 51.53481 ], [ -0.090698, 51.534788 ], [ -0.09072, 51.534779 ], [ -0.090625, 51.534712 ], [ -0.090597, 51.534728 ], [ -0.090567, 51.534709 ], [ -0.090567, 51.534698 ], [ -0.090625, 51.534668 ], [ -0.090939, 51.5345 ], [ -0.091427, 51.534924 ] ] ] } },
{ "type": "Feature", "properties": { "Map_Name": "Saw Mill", "First_Date": 1890, "Last_Date": 0, "Type": "Timber Mill", "Products": null, "QualityCon": "1", "Full_name": null, "Short_name": null, "Web_Link": null, "London_Fir": 0, "Londo_1st_": 1, "Web_refere": null }, "geometry": { "type": "Polygon", "coordinates": [ [ [ -0.090614, 51.535635 ], [ -0.09118, 51.535368 ], [ -0.091226, 51.535409 ], [ -0.091182, 51.535431 ], [ -0.091175, 51.535426 ], [ -0.091146, 51.535438 ], [ -0.09116, 51.535448 ], [ -0.091118, 51.535467 ], [ -0.091103, 51.535457 ], [ -0.091062, 51.535476 ], [ -0.091092, 51.535503 ], [ -0.090683, 51.535693 ], [ -0.090614, 51.535635 ] ] ] } },
{ "type": "Feature", "properties": { "Map_Name": "Britannia Works (engineering)", "First_Date": 1890, "Last_Date": 0, "Type": "Engineering", "Products": null, "QualityCon": "1", "Full_name": null, "Short_name": null, "Web_Link": null, "London_Fir": 0, "Londo_1st_": 1, "Web_refere": null }, "geometry": { "type": "Polygon", "coordinates": [ [ [ -0.095946, 51.533415 ], [ -0.095883, 51.533338 ], [ -0.09631, 51.533191 ], [ -0.096471, 51.533143 ], [ -0.096689, 51.533083 ], [ -0.096745, 51.533144 ], [ -0.095946, 51.533415 ] ] ] } },
{ "type": "Feature", "properties": { "Map_Name": "Saw Mill", "First_Date": 1890, "Last_Date": 0, "Type": "Timber Mill", "Products": null, "QualityCon": "1", "Full_name": null, "Short_name": null, "Web_Link": null, "London_Fir": 0, "Londo_1st_": 1, "Web_refere": null }, "geometry": { "type": "Polygon", "coordinates": [ [ [ -0.095287, 51.530531 ], [ -0.095449, 51.530785 ], [ -0.095005, 51.530873 ], [ -0.094935, 51.530736 ], [ -0.09483, 51.530753 ], [ -0.094772, 51.530636 ], [ -0.094871, 51.530619 ], [ -0.095287, 51.530531 ] ] ] } },
{ "type": "Feature", "properties": { "Map_Name": "Foundry (Iron)", "First_Date": 1860, "Last_Date": 0, "Type": "Metal", "Products": "Iron", "QualityCon": "1", "Full_name": null, "Short_name": null, "Web_Link": null, "London_Fir": 1, "Londo_1st_": 1, "Web_refere": null }, "geometry": { "type": "Polygon", "coordinates": [ [ [ -0.099649, 51.529269 ], [ -0.099472, 51.529322 ], [ -0.099459, 51.529296 ], [ -0.099302, 51.52934 ], [ -0.099244, 51.529257 ], [ -0.099254, 51.529253 ], [ -0.099186, 51.529158 ], [ -0.099247, 51.529139 ], [ -0.099473, 51.529077 ], [ -0.09948, 51.529088 ], [ -0.099523, 51.529078 ], [ -0.099649, 51.529269 ] ] ] } },
{ "type": "Feature", "properties": { "Map_Name": "Gas Works", "First_Date": 1890, "Last_Date": 0, "Type": "Coal Gas", "Products": null, "QualityCon": "1", "Full_name": null, "Short_name": null, "Web_Link": null, "London_Fir": 0, "Londo_1st_": 1, "Web_refere": null }, "geometry": { "type": "Polygon", "coordinates": [ [ [ -0.126526, 51.534559 ], [ -0.126523, 51.534561 ], [ -0.126339, 51.534556 ], [ -0.126322, 51.53459 ], [ -0.126102, 51.534593 ], [ -0.125952, 51.534607 ], [ -0.125616, 51.534639 ], [ -0.12541, 51.534688 ], [ -0.124722, 51.534855 ], [ -0.124243, 51.534972 ], [ -0.124156, 51.534997 ], [ -0.124097, 51.534958 ], [ -0.124093, 51.534872 ], [ -0.124029, 51.534738 ], [ -0.124055, 51.534679 ], [ -0.123822, 51.534206 ], [ -0.123965, 51.534173 ], [ -0.123918, 51.53411 ], [ -0.123663, 51.534175 ], [ -0.12361, 51.534091 ], [ -0.123745, 51.534053 ], [ -0.123684, 51.533952 ], [ -0.123583, 51.533803 ], [ -0.123792, 51.533751 ], [ -0.123816, 51.533742 ], [ -0.124419, 51.53357 ], [ -0.124893, 51.533421 ], [ -0.125316, 51.533295 ], [ -0.125677, 51.533192 ], [ -0.126077, 51.533096 ], [ -0.126396, 51.533023 ], [ -0.126751, 51.532941 ], [ -0.126976, 51.532891 ], [ -0.127183, 51.533094 ], [ -0.127593, 51.533458 ], [ -0.127919, 51.533751 ], [ -0.128137, 51.533941 ], [ -0.128274, 51.534274 ], [ -0.128639, 51.5353 ], [ -0.128779, 51.535795 ], [ -0.128001, 51.536061 ], [ -0.127074, 51.534947 ], [ -0.126687, 51.53462 ], [ -0.126526, 51.534559 ] ] ] } },
{ "type": "Feature", "properties": { "Map_Name": "Color Works", "First_Date": 1890, "Last_Date": 0, "Type": "Varnish Colour and Paint", "Products": null, "QualityCon": "1", "Full_name": null, "Short_name": null, "Web_Link": null, "London_Fir": 0, "Londo_1st_": 1, "Web_refere": null }, "geometry": { "type": "Polygon", "coordinates": [ [ [ -0.086141, 51.482191 ], [ -0.086532, 51.482177 ], [ -0.086545, 51.482304 ], [ -0.086555, 51.482306 ], [ -0.086574, 51.482401 ], [ -0.086511, 51.482413 ], [ -0.086198, 51.482456 ], [ -0.086165, 51.48232 ], [ -0.08615, 51.482319 ], [ -0.086141, 51.482191 ] ] ] } },
{ "type": "Feature", "properties": { "Map_Name": "Whiting Works", "First_Date": 1890, "Last_Date": 0, "Type": "Varnish Colour and Paint", "Products": null, "QualityCon": "1", "Full_name": null, "Short_name": null, "Web_Link": null, "London_Fir": 0, "Londo_1st_": 1, "Web_refere": null }, "geometry": { "type": "Polygon", "coordinates": [ [ [ -0.086532, 51.482177 ], [ -0.0867, 51.482168 ], [ -0.087155, 51.482147 ], [ -0.087354, 51.482142 ], [ -0.087365, 51.482278 ], [ -0.087148, 51.482288 ], [ -0.086812, 51.482301 ], [ -0.086555, 51.482306 ], [ -0.086545, 51.482304 ], [ -0.086532, 51.482177 ] ] ] } },
{ "type": "Feature", "properties": { "Map_Name": "Sauce and Pickle Manufactory", "First_Date": 1890, "Last_Date": 0, "Type": "Food", "Products": "Sauce and Pickle", "QualityCon": "1", "Full_name": null, "Short_name": null, "Web_Link": null, "London_Fir": 0, "Londo_1st_": 1, "Web_refere": null }, "geometry": { "type": "Polygon", "coordinates": [ [ [ -0.088316, 51.483135 ], [ -0.08827, 51.483149 ], [ -0.088199, 51.483049 ], [ -0.08815, 51.482929 ], [ -0.088077, 51.482758 ], [ -0.088034, 51.482643 ], [ -0.088573, 51.482522 ], [ -0.08892, 51.482446 ], [ -0.08902, 51.482631 ], [ -0.089635, 51.48253 ], [ -0.089659, 51.482606 ], [ -0.089393, 51.482632 ], [ -0.08919, 51.482667 ], [ -0.08898, 51.482712 ], [ -0.08898, 51.482715 ], [ -0.088905, 51.482731 ], [ -0.088547, 51.48282 ], [ -0.088475, 51.482839 ], [ -0.088221, 51.482903 ], [ -0.088223, 51.482926 ], [ -0.088243, 51.483028 ], [ -0.088257, 51.483057 ], [ -0.088316, 51.483135 ] ] ] } },
{ "type": "Feature", "properties": { "Map_Name": "Mineral Water Works", "First_Date": 1890, "Last_Date": 0, "Type": "General", "Products": "Mineral Water", "QualityCon": "1", "Full_name": null, "Short_name": null, "Web_Link": null, "London_Fir": 0, "Londo_1st_": 1, "Web_refere": null }, "geometry": { "type": "Polygon", "coordinates": [ [ [ -0.083624, 51.48231 ], [ -0.083633, 51.4824 ], [ -0.083354, 51.482411 ], [ -0.083373, 51.482589 ], [ -0.082682, 51.482622 ], [ -0.082427, 51.482635 ], [ -0.082405, 51.48245 ], [ -0.082711, 51.482435 ], [ -0.082705, 51.482363 ], [ -0.083624, 51.48231 ] ] ] } },
{ "type": "Feature", "properties": { "Map_Name": "Soap Works", "First_Date": 1890, "Last_Date": 0, "Type": "Soap Candle Tallow and Oil", "Products": null, "QualityCon": "1", "Full_name": null, "Short_name": "Soap Works", "Web_Link": null, "London_Fir": 0, "Londo_1st_": 1, "Web_refere": null }, "geometry": { "type": "Polygon", "coordinates": [ [ [ -0.080964, 51.483372 ], [ -0.080806, 51.483375 ], [ -0.080786, 51.483415 ], [ -0.080669, 51.483423 ], [ -0.080681, 51.483382 ], [ -0.080659, 51.483381 ], [ -0.080636, 51.48317 ], [ -0.080659, 51.48317 ], [ -0.080658, 51.483122 ], [ -0.080632, 51.483124 ], [ -0.080626, 51.48306 ], [ -0.080691, 51.483059 ], [ -0.080701, 51.483158 ], [ -0.080751, 51.483154 ], [ -0.08075, 51.483182 ], [ -0.080937, 51.48318 ], [ -0.080923, 51.483234 ], [ -0.080999, 51.483243 ], [ -0.080964, 51.483372 ] ] ] } },
{ "type": "Feature", "properties": { "Map_Name": "Dermatine Works", "First_Date": 1890, "Last_Date": 0, "Type": "General", "Products": null, "QualityCon": "1", "Full_name": null, "Short_name": null, "Web_Link": null, "London_Fir": 0, "Londo_1st_": 1, "Web_refere": null }, "geometry": { "type": "Polygon", "coordinates": [ [ [ -0.080574, 51.483755 ], [ -0.080333, 51.483763 ], [ -0.080302, 51.483584 ], [ -0.080286, 51.483582 ], [ -0.07993, 51.483613 ], [ -0.079609, 51.483619 ], [ -0.079602, 51.483582 ], [ -0.079804, 51.483576 ], [ -0.079806, 51.483552 ], [ -0.079701, 51.483553 ], [ -0.079696, 51.483538 ], [ -0.079924, 51.483533 ], [ -0.079913, 51.483432 ], [ -0.079904, 51.483365 ], [ -0.079827, 51.483363 ], [ -0.079821, 51.483299 ], [ -0.080065, 51.483289 ], [ -0.080188, 51.483283 ], [ -0.080185, 51.483272 ], [ -0.080296, 51.483267 ], [ -0.080467, 51.48326 ], [ -0.080645, 51.483253 ], [ -0.080659, 51.483381 ], [ -0.080681, 51.483382 ], [ -0.080669, 51.483423 ], [ -0.080639, 51.483522 ], [ -0.080574, 51.483755 ] ] ] } },
{ "type": "Feature", "properties": { "Map_Name": "Mineral Water Factory", "First_Date": 1890, "Last_Date": 0, "Type": "General", "Products": "Mineral Water", "QualityCon": "1", "Full_name": null, "Short_name": null, "Web_Link": null, "London_Fir": 0, "Londo_1st_": 1, "Web_refere": null }, "geometry": { "type": "Polygon", "coordinates": [ [ [ -0.082594, 51.485629 ], [ -0.081612, 51.485965 ], [ -0.081556, 51.485907 ], [ -0.081592, 51.485895 ], [ -0.081544, 51.485842 ], [ -0.081548, 51.485832 ], [ -0.081831, 51.485736 ], [ -0.082491, 51.485512 ], [ -0.082594, 51.485629 ] ] ] } },
{ "type": "Feature", "properties": { "Map_Name": "Mould Works", "First_Date": 1890, "Last_Date": 0, "Type": "General", "Products": "Mould", "QualityCon": "1", "Full_name": null, "Short_name": null, "Web_Link": null, "London_Fir": 0, "Londo_1st_": 1, "Web_refere": null }, "geometry": { "type": "Polygon", "coordinates": [ [ [ -0.08129, 51.486066 ], [ -0.081095, 51.486132 ], [ -0.081033, 51.48606 ], [ -0.081154, 51.486021 ], [ -0.081072, 51.485913 ], [ -0.081145, 51.485889 ], [ -0.08129, 51.486066 ] ] ] } },
{ "type": "Feature", "properties": { "Map_Name": "Malvern Mineral Water Works", "First_Date": 1890, "Last_Date": 0, "Type": "General", "Products": null, "QualityCon": "1", "Full_name": null, "Short_name": null, "Web_Link": null, "London_Fir": 0, "Londo_1st_": 1, "Web_refere": null }, "geometry": { "type": "Polygon", "coordinates": [ [ [ -0.09763, 51.472503 ], [ -0.098284, 51.472176 ], [ -0.098514, 51.472361 ], [ -0.098675, 51.472493 ], [ -0.098799, 51.472585 ], [ -0.098822, 51.472577 ], [ -0.098869, 51.472649 ], [ -0.098909, 51.472704 ], [ -0.09892, 51.472748 ], [ -0.098912, 51.47276 ], [ -0.098875, 51.472786 ], [ -0.098623, 51.472912 ], [ -0.098442, 51.472991 ], [ -0.098397, 51.472958 ], [ -0.098341, 51.472984 ], [ -0.098297, 51.473002 ], [ -0.098288, 51.472994 ], [ -0.098241, 51.473012 ], [ -0.098197, 51.472978 ], [ -0.097994, 51.472805 ], [ -0.097767, 51.472617 ], [ -0.09763, 51.472503 ] ] ] } },
{ "type": "Feature", "properties": { "Map_Name": "Dye Works", "First_Date": 1890, "Last_Date": 0, "Type": "Chemical", "Products": "Dyes", "QualityCon": "1", "Full_name": null, "Short_name": null, "Web_Link": null, "London_Fir": 0, "Londo_1st_": 1, "Web_refere": null }, "geometry": { "type": "Polygon", "coordinates": [ [ [ -0.068301, 51.485421 ], [ -0.068658, 51.485544 ], [ -0.068644, 51.485638 ], [ -0.068926, 51.485734 ], [ -0.06892, 51.485771 ], [ -0.068995, 51.485797 ], [ -0.068986, 51.485805 ], [ -0.069375, 51.485945 ], [ -0.069373, 51.485953 ], [ -0.069421, 51.485971 ], [ -0.069086, 51.486351 ], [ -0.068974, 51.486478 ], [ -0.068845, 51.486467 ], [ -0.068848, 51.486416 ], [ -0.068873, 51.486415 ], [ -0.068917, 51.486091 ], [ -0.068887, 51.486077 ], [ -0.068496, 51.486068 ], [ -0.068226, 51.486063 ], [ -0.068214, 51.486025 ], [ -0.068724, 51.486043 ], [ -0.068737, 51.485957 ], [ -0.068596, 51.485944 ], [ -0.068633, 51.485661 ], [ -0.068271, 51.485642 ], [ -0.068301, 51.485421 ] ] ] } },
{ "type": "Feature", "properties": { "Map_Name": "Sauce and Pickle Manufactory", "First_Date": 1890, "Last_Date": 0, "Type": "Food", "Products": null, "QualityCon": "1", "Full_name": null, "Short_name": null, "Web_Link": null, "London_Fir": 0, "Londo_1st_": 1, "Web_refere": null }, "geometry": { "type": "Polygon", "coordinates": [ [ [ -0.061891, 51.489205 ], [ -0.061117, 51.489493 ], [ -0.06088, 51.489293 ], [ -0.060989, 51.489248 ], [ -0.061035, 51.489242 ], [ -0.06106, 51.489228 ], [ -0.061048, 51.489222 ], [ -0.061219, 51.489143 ], [ -0.061379, 51.489093 ], [ -0.061568, 51.489022 ], [ -0.061768, 51.489029 ], [ -0.06188, 51.489017 ], [ -0.061891, 51.489205 ] ] ] } },
{ "type": "Feature", "properties": { "Map_Name": "Oil and Size Works", "First_Date": 1890, "Last_Date": 0, "Type": "Oil and Petroleum", "Products": null, "QualityCon": "1", "Full_name": null, "Short_name": null, "Web_Link": null, "London_Fir": 0, "Londo_1st_": 1, "Web_refere": null }, "geometry": { "type": "Polygon", "coordinates": [ [ [ -0.061117, 51.489492 ], [ -0.060325, 51.489801 ], [ -0.059975, 51.489926 ], [ -0.059909, 51.489869 ], [ -0.06015, 51.489761 ], [ -0.059735, 51.489444 ], [ -0.059497, 51.489267 ], [ -0.05936, 51.489197 ], [ -0.059394, 51.489161 ], [ -0.059449, 51.489182 ], [ -0.05967, 51.489092 ], [ -0.059839, 51.489046 ], [ -0.059898, 51.48904 ], [ -0.060046, 51.489007 ], [ -0.060248, 51.488995 ], [ -0.060461, 51.489003 ], [ -0.060537, 51.489011 ], [ -0.06088, 51.489292 ], [ -0.061117, 51.489492 ] ] ] } },
{ "type": "Feature", "properties": { "Map_Name": "Rope Works", "First_Date": 1890, "Last_Date": 0, "Type": "General", "Products": null, "QualityCon": "1", "Full_name": null, "Short_name": null, "Web_Link": null, "London_Fir": 0, "Londo_1st_": 1, "Web_refere": null }, "geometry": { "type": "Polygon", "coordinates": [ [ [ -0.063011, 51.489272 ], [ -0.062863, 51.489287 ], [ -0.062724, 51.489307 ], [ -0.062472, 51.489363 ], [ -0.062174, 51.489438 ], [ -0.062321, 51.489619 ], [ -0.062272, 51.489634 ], [ -0.06203, 51.489394 ], [ -0.061852, 51.489219 ], [ -0.061891, 51.489205 ], [ -0.061897, 51.489199 ], [ -0.062229, 51.489244 ], [ -0.062489, 51.489243 ], [ -0.063007, 51.489243 ], [ -0.063011, 51.489272 ] ] ] } },
{ "type": "Feature", "properties": { "Map_Name": "Bleach and Dye Works", "First_Date": 1890, "Last_Date": 0, "Type": "Chemical", "Products": "Dyes and Bleach", "QualityCon": "1", "Full_name": null, "Short_name": null, "Web_Link": null, "London_Fir": 0, "Londo_1st_": 1, "Web_refere": null }, "geometry": { "type": "Polygon", "coordinates": [ [ [ -0.058559, 51.478273 ], [ -0.058328, 51.478383 ], [ -0.058058, 51.47851 ], [ -0.057806, 51.478629 ], [ -0.057568, 51.478745 ], [ -0.057311, 51.478881 ], [ -0.057281, 51.4789 ], [ -0.057181, 51.47894 ], [ -0.057079, 51.478984 ], [ -0.056817, 51.478826 ], [ -0.057052, 51.478685 ], [ -0.057095, 51.478659 ], [ -0.057087, 51.478652 ], [ -0.057133, 51.478625 ], [ -0.057124, 51.478619 ], [ -0.057144, 51.478606 ], [ -0.057152, 51.478611 ], [ -0.057192, 51.478587 ], [ -0.057202, 51.478591 ], [ -0.057279, 51.478546 ], [ -0.057241, 51.478524 ], [ -0.057184, 51.478423 ], [ -0.057238, 51.478389 ], [ -0.057261, 51.478312 ], [ -0.058559, 51.478273 ] ] ] } },
{ "type": "Feature", "properties": { "Map_Name": "Peckham Brewery", "First_Date": 1860, "Last_Date": 0, "Type": "Brewing", "Products": null, "QualityCon": "1", "Full_name": null, "Short_name": null, "Web_Link": null, "London_Fir": 1, "Londo_1st_": 1, "Web_refere": null }, "geometry": { "type": "Polygon", "coordinates": [ [ [ -0.069046, 51.475356 ], [ -0.069123, 51.475587 ], [ -0.068308, 51.475725 ], [ -0.068207, 51.475468 ], [ -0.069046, 51.475356 ] ] ] } },
{ "type": "Feature", "properties": { "Map_Name": "Marlborbough Works", "First_Date": 1890, "Last_Date": 0, "Type": "General", "Products": null, "QualityCon": "1", "Full_name": null, "Short_name": null, "Web_Link": null, "London_Fir": 0, "Londo_1st_": 1, "Web_refere": null }, "geometry": { "type": "Polygon", "coordinates": [ [ [ -0.065866, 51.474466 ], [ -0.065742, 51.475358 ], [ -0.065725, 51.475358 ], [ -0.065407, 51.4754 ], [ -0.065149, 51.475365 ], [ -0.065236, 51.475127 ], [ -0.065493, 51.475166 ], [ -0.065559, 51.474973 ], [ -0.065625, 51.474803 ], [ -0.065695, 51.474614 ], [ -0.065772, 51.47446 ], [ -0.065866, 51.474466 ] ] ] } },
{ "type": "Feature", "properties": { "Map_Name": "Peckham Flour Mill", "First_Date": 1890, "Last_Date": 0, "Type": "Grain Mill", "Products": null, "QualityCon": "1", "Full_name": null, "Short_name": null, "Web_Link": null, "London_Fir": 0, "Londo_1st_": 1, "Web_refere": null }, "geometry": { "type": "Polygon", "coordinates": [ [ [ -0.065522, 51.473649 ], [ -0.065518, 51.473721 ], [ -0.065441, 51.473723 ], [ -0.065433, 51.473783 ], [ -0.065398, 51.473781 ], [ -0.065396, 51.473775 ], [ -0.065309, 51.473772 ], [ -0.065305, 51.473775 ], [ -0.065309, 51.473739 ], [ -0.065282, 51.473742 ], [ -0.06528, 51.473722 ], [ -0.065218, 51.473721 ], [ -0.065212, 51.473798 ], [ -0.065046, 51.473795 ], [ -0.065073, 51.473523 ], [ -0.065531, 51.473528 ], [ -0.065533, 51.473558 ], [ -0.065522, 51.473649 ] ] ] } },
{ "type": "Feature", "properties": { "Map_Name": "Sports Manufactory", "First_Date": 1890, "Last_Date": 0, "Type": "General", "Products": null, "QualityCon": "1", "Full_name": null, "Short_name": null, "Web_Link": null, "London_Fir": 0, "Londo_1st_": 1, "Web_refere": null }, "geometry": { "type": "Polygon", "coordinates": [ [ [ -0.068348, 51.469888 ], [ -0.067562, 51.469983 ], [ -0.06689, 51.470062 ], [ -0.066841, 51.469951 ], [ -0.068289, 51.469772 ], [ -0.068348, 51.469888 ] ] ] } },
{ "type": "Feature", "properties": { "Map_Name": "British Wine Manufactory", "First_Date": 1890, "Last_Date": 0, "Type": "Food", "Products": null, "QualityCon": "1", "Full_name": null, "Short_name": null, "Web_Link": null, "London_Fir": 0, "Londo_1st_": 1, "Web_refere": null }, "geometry": { "type": "Polygon", "coordinates": [ [ [ -0.065087, 51.469467 ], [ -0.06465, 51.469522 ], [ -0.06425, 51.469578 ], [ -0.064195, 51.469373 ], [ -0.065018, 51.469253 ], [ -0.065087, 51.469467 ] ] ] } },
{ "type": "Feature", "properties": { "Map_Name": "Enamel Works", "First_Date": 1890, "Last_Date": 0, "Type": "General", "Products": null, "QualityCon": "1", "Full_name": null, "Short_name": null, "Web_Link": null, "London_Fir": 0, "Londo_1st_": 1, "Web_refere": null }, "geometry": { "type": "Polygon", "coordinates": [ [ [ -0.058505, 51.469991 ], [ -0.057899, 51.470085 ], [ -0.057834, 51.46989 ], [ -0.057874, 51.469872 ], [ -0.058441, 51.469798 ], [ -0.058505, 51.469991 ] ] ] } },
{ "type": "Feature", "properties": { "Map_Name": "Brass Copper and Iron Works", "First_Date": 1890, "Last_Date": 0, "Type": "Metal", "Products": null, "QualityCon": "1", "Full_name": null, "Short_name": null, "Web_Link": null, "London_Fir": 0, "Londo_1st_": 1, "Web_refere": null }, "geometry": { "type": "Polygon", "coordinates": [ [ [ -0.034193, 51.481636 ], [ -0.034312, 51.481522 ], [ -0.034695, 51.481131 ], [ -0.034989, 51.481017 ], [ -0.035383, 51.481347 ], [ -0.035602, 51.48149 ], [ -0.03604, 51.481715 ], [ -0.036245, 51.48181 ], [ -0.036557, 51.482146 ], [ -0.036341, 51.482377 ], [ -0.035555, 51.482081 ], [ -0.035507, 51.482138 ], [ -0.03526, 51.482046 ], [ -0.034193, 51.481636 ] ] ] } },
{ "type": "Feature", "properties": { "Map_Name": "Ida Wharf (Galvanized Iron and Zinc Works)", "First_Date": 1890, "Last_Date": 0, "Type": "Metal", "Products": null, "QualityCon": "1", "Full_name": null, "Short_name": null, "Web_Link": null, "London_Fir": 0, "Londo_1st_": 1, "Web_refere": null }, "geometry": { "type": "Polygon", "coordinates": [ [ [ -0.038247, 51.485044 ], [ -0.038489, 51.485286 ], [ -0.038493, 51.485424 ], [ -0.038589, 51.48538 ], [ -0.038699, 51.485479 ], [ -0.037703, 51.485935 ], [ -0.037293, 51.486114 ], [ -0.036706, 51.486368 ], [ -0.036583, 51.486419 ], [ -0.036469, 51.486464 ], [ -0.036135, 51.486681 ], [ -0.035544, 51.486323 ], [ -0.035696, 51.486191 ], [ -0.035842, 51.486101 ], [ -0.036543, 51.485801 ], [ -0.037667, 51.48528 ], [ -0.038247, 51.485044 ] ] ] } },
{ "type": "Feature", "properties": { "Map_Name": "Barge Building Works", "First_Date": 1890, "Last_Date": 0, "Type": "Shipyard", "Products": null, "QualityCon": "1", "Full_name": null, "Short_name": null, "Web_Link": null, "London_Fir": 0, "Londo_1st_": 1, "Web_refere": null }, "geometry": { "type": "Polygon", "coordinates": [ [ [ -0.035371, 51.487631 ], [ -0.035345, 51.487639 ], [ -0.035307, 51.487656 ], [ -0.035231, 51.487691 ], [ -0.035133, 51.487741 ], [ -0.035026, 51.487814 ], [ -0.034933, 51.487882 ], [ -0.034567, 51.487553 ], [ -0.034531, 51.487567 ], [ -0.034294, 51.487362 ], [ -0.034069, 51.487152 ], [ -0.033693, 51.48682 ], [ -0.03407, 51.486659 ], [ -0.034245, 51.486803 ], [ -0.034564, 51.486658 ], [ -0.034724, 51.486796 ], [ -0.034742, 51.486808 ], [ -0.034793, 51.486794 ], [ -0.034925, 51.486947 ], [ -0.035058, 51.487148 ], [ -0.035225, 51.487421 ], [ -0.035371, 51.487631 ] ] ] } },
{ "type": "Feature", "properties": { "Map_Name": "Tank and Boiler Works", "First_Date": 1890, "Last_Date": 0, "Type": "Engineering", "Products": null, "QualityCon": "1", "Full_name": null, "Short_name": null, "Web_Link": null, "London_Fir": 0, "Londo_1st_": 1, "Web_refere": null }, "geometry": { "type": "Polygon", "coordinates": [ [ [ -0.025405, 51.500973 ], [ -0.025272, 51.500967 ], [ -0.025145, 51.500962 ], [ -0.025018, 51.500963 ], [ -0.025018, 51.500955 ], [ -0.024791, 51.500964 ], [ -0.02469, 51.500957 ], [ -0.024584, 51.500941 ], [ -0.024385, 51.500888 ], [ -0.024271, 51.500866 ], [ -0.023996, 51.500794 ], [ -0.023809, 51.500744 ], [ -0.023698, 51.500717 ], [ -0.023605, 51.500725 ], [ -0.023298, 51.500883 ], [ -0.023234, 51.500919 ], [ -0.023217, 51.500919 ], [ -0.023203, 51.500788 ], [ -0.023187, 51.500598 ], [ -0.023577, 51.500597 ], [ -0.024054, 51.500592 ], [ -0.024647, 51.500584 ], [ -0.024909, 51.500582 ], [ -0.024909, 51.500621 ], [ -0.024954, 51.500624 ], [ -0.024956, 51.500677 ], [ -0.025019, 51.500675 ], [ -0.025024, 51.500709 ], [ -0.025443, 51.500707 ], [ -0.025447, 51.500576 ], [ -0.025484, 51.500578 ], [ -0.025487, 51.500753 ], [ -0.025435, 51.500759 ], [ -0.025428, 51.500829 ], [ -0.025232, 51.50082 ], [ -0.025215, 51.500931 ], [ -0.025407, 51.500941 ], [ -0.025405, 51.500973 ] ] ] } },
{ "type": "Feature", "properties": { "Map_Name": "Wire Rope and Galvanizing Works", "First_Date": 1890, "Last_Date": 0, "Type": "Rope", "Products": null, "QualityCon": "1", "Full_name": null, "Short_name": null, "Web_Link": null, "London_Fir": 0, "Londo_1st_": 1, "Web_refere": null }, "geometry": { "type": "Polygon", "coordinates": [ [ [ -0.025539, 51.500305 ], [ -0.025541, 51.500464 ], [ -0.024868, 51.500472 ], [ -0.024404, 51.500476 ], [ -0.023962, 51.50048 ], [ -0.024109, 51.50033 ], [ -0.024237, 51.500214 ], [ -0.024229, 51.500158 ], [ -0.025187, 51.500145 ], [ -0.02519, 51.500298 ], [ -0.025539, 51.500305 ] ] ] } },
{ "type": "Feature", "properties": { "Map_Name": "Electric Power Storage Works", "First_Date": 1890, "Last_Date": 0, "Type": "Electrical", "Products": null, "QualityCon": "1", "Full_name": null, "Short_name": null, "Web_Link": null, "London_Fir": 0, "Londo_1st_": 1, "Web_refere": null }, "geometry": { "type": "Polygon", "coordinates": [ [ [ -0.02755, 51.497471 ], [ -0.027056, 51.497467 ], [ -0.026961, 51.497471 ], [ -0.026547, 51.497488 ], [ -0.026546, 51.49751 ], [ -0.026335, 51.49752 ], [ -0.026331, 51.497499 ], [ -0.025996, 51.497515 ], [ -0.025968, 51.497468 ], [ -0.02627, 51.497459 ], [ -0.026244, 51.497132 ], [ -0.026266, 51.497129 ], [ -0.026264, 51.497102 ], [ -0.026282, 51.497092 ], [ -0.026531, 51.497082 ], [ -0.026643, 51.497078 ], [ -0.026638, 51.49698 ], [ -0.027346, 51.496958 ], [ -0.027495, 51.496944 ], [ -0.027614, 51.496941 ], [ -0.02755, 51.497471 ] ] ] } },
{ "type": "Feature", "properties": { "Map_Name": "Union Iron Works", "First_Date": 1890, "Last_Date": 0, "Type": "Metal", "Products": "Iron", "QualityCon": "1", "Full_name": null, "Short_name": null, "Web_Link": null, "London_Fir": 0, "Londo_1st_": 1, "Web_refere": null }, "geometry": { "type": "Polygon", "coordinates": [ [ [ -0.027622, 51.496937 ], [ -0.027561, 51.496939 ], [ -0.027503, 51.496941 ], [ -0.027446, 51.496946 ], [ -0.027354, 51.496955 ], [ -0.026646, 51.496977 ], [ -0.026651, 51.497075 ], [ -0.026289, 51.497089 ], [ -0.026271, 51.497098 ], [ -0.026273, 51.497125 ], [ -0.026251, 51.497129 ], [ -0.026258, 51.49721 ], [ -0.026199, 51.497211 ], [ -0.026194, 51.497167 ], [ -0.026181, 51.497164 ], [ -0.026183, 51.497158 ], [ -0.026172, 51.497155 ], [ -0.026153, 51.49715 ], [ -0.02613, 51.49715 ], [ -0.026119, 51.497146 ], [ -0.026071, 51.497145 ], [ -0.026072, 51.497134 ], [ -0.025957, 51.497137 ], [ -0.025935, 51.496902 ], [ -0.025919, 51.496611 ], [ -0.025907, 51.496471 ], [ -0.026122, 51.496463 ], [ -0.026157, 51.496467 ], [ -0.02629, 51.496462 ], [ -0.026362, 51.49645 ], [ -0.026468, 51.496434 ], [ -0.026602, 51.496412 ], [ -0.026732, 51.496399 ], [ -0.026795, 51.496399 ], [ -0.026798, 51.496411 ], [ -0.02697, 51.496389 ], [ -0.027135, 51.496372 ], [ -0.02729, 51.496349 ], [ -0.027444, 51.496319 ], [ -0.027544, 51.4963 ], [ -0.027548, 51.496304 ], [ -0.027577, 51.496301 ], [ -0.027682, 51.496287 ], [ -0.027694, 51.496278 ], [ -0.027718, 51.49628 ], [ -0.027769, 51.496301 ], [ -0.027778, 51.496315 ], [ -0.027767, 51.496392 ], [ -0.027754, 51.496479 ], [ -0.027721, 51.496672 ], [ -0.02765, 51.496675 ], [ -0.027656, 51.496731 ], [ -0.027659, 51.496745 ], [ -0.027632, 51.496897 ], [ -0.027622, 51.496937 ] ] ] } },
{ "type": "Feature", "properties": { "Map_Name": "Tank and Cistern Works", "First_Date": 1890, "Last_Date": 0, "Type": "General", "Products": null, "QualityCon": "1", "Full_name": null, "Short_name": null, "Web_Link": null, "London_Fir": 0, "Londo_1st_": 1, "Web_refere": null }, "geometry": { "type": "Polygon", "coordinates": [ [ [ -0.025765, 51.495352 ], [ -0.025877, 51.495353 ], [ -0.026353, 51.495282 ], [ -0.026567, 51.495249 ], [ -0.026583, 51.495285 ], [ -0.026923, 51.495232 ], [ -0.027277, 51.495193 ], [ -0.027545, 51.495173 ], [ -0.027877, 51.495155 ], [ -0.027869, 51.495322 ], [ -0.027277, 51.495369 ], [ -0.027273, 51.495378 ], [ -0.027159, 51.495415 ], [ -0.026884, 51.495449 ], [ -0.02652, 51.4955 ], [ -0.026409, 51.495514 ], [ -0.026381, 51.495514 ], [ -0.026322, 51.495519 ], [ -0.025803, 51.495586 ], [ -0.025765, 51.495352 ] ] ] } },
{ "type": "Feature", "properties": { "Map_Name": "Flour Mills", "First_Date": 1890, "Last_Date": 0, "Type": "Grain Mill", "Products": null, "QualityCon": "1", "Full_name": null, "Short_name": null, "Web_Link": null, "London_Fir": 0, "Londo_1st_": 1, "Web_refere": null }, "geometry": { "type": "Polygon", "coordinates": [ [ [ -0.020615, 51.492648 ], [ -0.017878, 51.492484 ], [ -0.017981, 51.491812 ], [ -0.01832, 51.491836 ], [ -0.01954, 51.491901 ], [ -0.019565, 51.491761 ], [ -0.020012, 51.49179 ], [ -0.020107, 51.491873 ], [ -0.020116, 51.491935 ], [ -0.020721, 51.491974 ], [ -0.020615, 51.492648 ] ] ] } },
{ "type": "Feature", "properties": { "Map_Name": "Globe Rope Works", "First_Date": 1890, "Last_Date": 0, "Type": "Rope", "Products": null, "QualityCon": "1", "Full_name": null, "Short_name": null, "Web_Link": null, "London_Fir": 0, "Londo_1st_": 1, "Web_refere": null }, "geometry": { "type": "Polygon", "coordinates": [ [ [ -0.014867, 51.490639 ], [ -0.009551, 51.490318 ], [ -0.009624, 51.490159 ], [ -0.010192, 51.49019 ], [ -0.011163, 51.490252 ], [ -0.012535, 51.490328 ], [ -0.013787, 51.490405 ], [ -0.013811, 51.490213 ], [ -0.014751, 51.490254 ], [ -0.014904, 51.49043 ], [ -0.014867, 51.490639 ] ] ] } },
{ "type": "Feature", "properties": { "Map_Name": "Horse Shoe Manufactory", "First_Date": 1890, "Last_Date": 0, "Type": "Metal", "Products": "Horse Shoe", "QualityCon": "1", "Full_name": null, "Short_name": null, "Web_Link": null, "London_Fir": 0, "Londo_1st_": 1, "Web_refere": null }, "geometry": { "type": "Polygon", "coordinates": [ [ [ -0.010547, 51.48683 ], [ -0.010465, 51.486647 ], [ -0.010354, 51.4864 ], [ -0.010302, 51.486288 ], [ -0.010977, 51.486177 ], [ -0.011521, 51.486121 ], [ -0.01174, 51.486109 ], [ -0.011856, 51.486589 ], [ -0.010547, 51.48683 ] ] ] } },
{ "type": "Feature", "properties": { "Map_Name": "Manure Works", "First_Date": 1890, "Last_Date": 0, "Type": "Chemical", "Products": null, "QualityCon": "1", "Full_name": null, "Short_name": null, "Web_Link": null, "London_Fir": 0, "Londo_1st_": 1, "Web_refere": null }, "geometry": { "type": "Polygon", "coordinates": [ [ [ -0.00568, 51.4935 ], [ -0.00595, 51.493901 ], [ -0.004644, 51.494243 ], [ -0.004354, 51.493848 ], [ -0.00568, 51.4935 ] ] ] } },
{ "type": "Feature", "properties": { "Map_Name": "Blackwall Iron Works`", "First_Date": 1860, "Last_Date": 0, "Type": "Metal", "Products": "Iron", "QualityCon": "1", "Full_name": null, "Short_name": null, "Web_Link": null, "London_Fir": 1, "Londo_1st_": 1, "Web_refere": null }, "geometry": { "type": "Polygon", "coordinates": [ [ [ -0.007151, 51.498433 ], [ -0.007073, 51.498442 ], [ -0.006939, 51.497972 ], [ -0.007613, 51.49793 ], [ -0.007705, 51.497925 ], [ -0.007712, 51.497918 ], [ -0.0077, 51.497813 ], [ -0.007699, 51.497785 ], [ -0.007699, 51.497781 ], [ -0.007725, 51.497754 ], [ -0.007765, 51.497712 ], [ -0.007836, 51.497656 ], [ -0.0083, 51.497596 ], [ -0.008414, 51.497936 ], [ -0.008486, 51.498163 ], [ -0.008595, 51.498511 ], [ -0.008575, 51.498642 ], [ -0.008558, 51.498755 ], [ -0.008524, 51.498954 ], [ -0.007948, 51.499001 ], [ -0.007897, 51.49901 ], [ -0.007525, 51.499047 ], [ -0.007522, 51.498924 ], [ -0.007497, 51.498782 ], [ -0.007479, 51.498685 ], [ -0.007438, 51.498548 ], [ -0.007372, 51.49838 ], [ -0.007331, 51.498296 ], [ -0.007227, 51.498312 ], [ -0.007262, 51.498427 ], [ -0.007199, 51.49843 ], [ -0.007258, 51.498531 ], [ -0.007203, 51.498544 ], [ -0.007151, 51.498433 ] ] ] } },
{ "type": "Feature", "properties": { "Map_Name": "Poplar Copper and Brass Works", "First_Date": 1890, "Last_Date": 0, "Type": "Metal", "Products": null, "QualityCon": "1", "Full_name": null, "Short_name": null, "Web_Link": null, "London_Fir": 0, "Londo_1st_": 1, "Web_refere": null }, "geometry": { "type": "Polygon", "coordinates": [ [ [ -0.011297, 51.499229 ], [ -0.010955, 51.499305 ], [ -0.010624, 51.499164 ], [ -0.010805, 51.499007 ], [ -0.011297, 51.499229 ] ] ] } },
{ "type": "Feature", "properties": { "Map_Name": "Tower Mills (Flour)", "First_Date": 1890, "Last_Date": 0, "Type": "Grain Mill", "Products": null, "QualityCon": "1", "Full_name": null, "Short_name": null, "Web_Link": null, "London_Fir": 0, "Londo_1st_": 1, "Web_refere": null }, "geometry": { "type": "Polygon", "coordinates": [ [ [ 0.062638, 51.49449 ], [ 0.06275, 51.494231 ], [ 0.062758, 51.494212 ], [ 0.062923, 51.494119 ], [ 0.062936, 51.494099 ], [ 0.062476, 51.493976 ], [ 0.062398, 51.4941 ], [ 0.062402, 51.494117 ], [ 0.062362, 51.494187 ], [ 0.06227, 51.494165 ], [ 0.062122, 51.494407 ], [ 0.062638, 51.49449 ] ] ] } },
{ "type": "Feature", "properties": { "Map_Name": "Bristol Smelting and Refining Works", "First_Date": 1890, "Last_Date": 0, "Type": "Metal", "Products": null, "QualityCon": "1", "Full_name": null, "Short_name": null, "Web_Link": null, "London_Fir": 0, "Londo_1st_": 1, "Web_refere": null }, "geometry": { "type": "Polygon", "coordinates": [ [ [ 0.034169, 51.546961 ], [ 0.034984, 51.547114 ], [ 0.034907, 51.547337 ], [ 0.034931, 51.54737 ], [ 0.035353, 51.547433 ], [ 0.035542, 51.547464 ], [ 0.035602, 51.547469 ], [ 0.03574, 51.547439 ], [ 0.035807, 51.547395 ], [ 0.035794, 51.547358 ], [ 0.035472, 51.547285 ], [ 0.035544, 51.547158 ], [ 0.035667, 51.546944 ], [ 0.035815, 51.546611 ], [ 0.035845, 51.546549 ], [ 0.036172, 51.546598 ], [ 0.036177, 51.546556 ], [ 0.036133, 51.546553 ], [ 0.036165, 51.546512 ], [ 0.035664, 51.546428 ], [ 0.035205, 51.546346 ], [ 0.034528, 51.546226 ], [ 0.034169, 51.546961 ] ] ] } },
{ "type": "Feature", "properties": { "Map_Name": "Red Post Steam Saw Mill", "First_Date": 1890, "Last_Date": 0, "Type": "Timber Mill", "Products": null, "QualityCon": "1", "Full_name": null, "Short_name": null, "Web_Link": null, "London_Fir": 0, "Londo_1st_": 1, "Web_refere": null }, "geometry": { "type": "Polygon", "coordinates": [ [ [ 0.035682, 51.546431 ], [ 0.036165, 51.546512 ], [ 0.036184, 51.546505 ], [ 0.036222, 51.546387 ], [ 0.035748, 51.546307 ], [ 0.035682, 51.546414 ], [ 0.035682, 51.546431 ] ] ] } },
{ "type": "Feature", "properties": { "Map_Name": "Bakery", "First_Date": 1890, "Last_Date": 0, "Type": "Food", "Products": null, "QualityCon": "1", "Full_name": null, "Short_name": null, "Web_Link": null, "London_Fir": 0, "Londo_1st_": 1, "Web_refere": null }, "geometry": { "type": "Polygon", "coordinates": [ [ [ 0.015162, 51.559315 ], [ 0.01537, 51.559302 ], [ 0.015475, 51.559285 ], [ 0.015704, 51.559242 ], [ 0.015768, 51.559223 ], [ 0.015782, 51.55904 ], [ 0.016004, 51.559035 ], [ 0.016015, 51.558492 ], [ 0.015161, 51.558499 ], [ 0.015162, 51.559315 ] ] ] } },
{ "type": "Feature", "properties": { "Map_Name": "Car Works (North Metropolitan Tramway Co.)", "First_Date": 1890, "Last_Date": 0, "Type": "Engineering", "Products": null, "QualityCon": "1", "Full_name": null, "Short_name": null, "Web_Link": null, "London_Fir": 0, "Londo_1st_": 1, "Web_refere": null }, "geometry": { "type": "Polygon", "coordinates": [ [ [ 0.001508, 51.556859 ], [ 0.002008, 51.556475 ], [ 0.001121, 51.555989 ], [ 0.000853, 51.556188 ], [ 0.000518, 51.55601 ], [ 0.000236, 51.556216 ], [ 0.000598, 51.556417 ], [ 0.000593, 51.556425 ], [ 0.000939, 51.55662 ], [ 0.001292, 51.556815 ], [ 0.001342, 51.556778 ], [ 0.001508, 51.556859 ] ] ] } },
{ "type": "Feature", "properties": { "Map_Name": "Essex Brewery", "First_Date": 1890, "Last_Date": 0, "Type": "Brewing", "Products": null, "QualityCon": "1", "Full_name": null, "Short_name": null, "Web_Link": null, "London_Fir": 0, "Londo_1st_": 1, "Web_refere": null }, "geometry": { "type": "Polygon", "coordinates": [ [ [ -0.031777, 51.58057 ], [ -0.031108, 51.580772 ], [ -0.03095, 51.580556 ], [ -0.031332, 51.58045 ], [ -0.03115, 51.580176 ], [ -0.031416, 51.580087 ], [ -0.031777, 51.58057 ] ] ] } },
{ "type": "Feature", "properties": { "Map_Name": "Lea Valley Works (Bleaching and Dyeing)", "First_Date": 1890, "Last_Date": 0, "Type": "Chemical", "Products": "Dyes", "QualityCon": "1", "Full_name": null, "Short_name": null, "Web_Link": null, "London_Fir": 0, "Londo_1st_": 1, "Web_refere": null }, "geometry": { "type": "Polygon", "coordinates": [ [ [ -0.051749, 51.566994 ], [ -0.052483, 51.567164 ], [ -0.05259, 51.567187 ], [ -0.052676, 51.56723 ], [ -0.052447, 51.567333 ], [ -0.051985, 51.567817 ], [ -0.051359, 51.567594 ], [ -0.051749, 51.566994 ] ] ] } },
{ "type": "Feature", "properties": { "Map_Name": "Riverside Works", "First_Date": 1890, "Last_Date": 0, "Type": "General", "Products": null, "QualityCon": "1", "Full_name": null, "Short_name": null, "Web_Link": null, "London_Fir": 0, "Londo_1st_": 1, "Web_refere": null }, "geometry": { "type": "Polygon", "coordinates": [ [ [ -0.050943, 51.567322 ], [ -0.050732, 51.567155 ], [ -0.050379, 51.566898 ], [ -0.04987, 51.566587 ], [ -0.05028, 51.566366 ], [ -0.05036, 51.566426 ], [ -0.050572, 51.566545 ], [ -0.050694, 51.566616 ], [ -0.051113, 51.566806 ], [ -0.051316, 51.56689 ], [ -0.050943, 51.567322 ] ] ] } },
{ "type": "Feature", "properties": { "Map_Name": "Post Office Telegraph Instument Manufactory", "First_Date": 1890, "Last_Date": 0, "Type": "Electrical", "Products": null, "QualityCon": "1", "Full_name": null, "Short_name": null, "Web_Link": null, "London_Fir": 0, "Londo_1st_": 1, "Web_refere": null }, "geometry": { "type": "Polygon", "coordinates": [ [ [ -0.116521, 51.557345 ], [ -0.116047, 51.557045 ], [ -0.116505, 51.556795 ], [ -0.11698, 51.557077 ], [ -0.116521, 51.557345 ] ] ] } },
{ "type": "Feature", "properties": { "Map_Name": "Brush Works", "First_Date": 1890, "Last_Date": 0, "Type": "General", "Products": null, "QualityCon": "1", "Full_name": null, "Short_name": null, "Web_Link": null, "London_Fir": 0, "Londo_1st_": 1, "Web_refere": null }, "geometry": { "type": "Polygon", "coordinates": [ [ [ -0.115548, 51.551274 ], [ -0.114498, 51.551849 ], [ -0.114042, 51.551509 ], [ -0.114068, 51.551493 ], [ -0.114081, 51.551497 ], [ -0.114173, 51.55145 ], [ -0.114187, 51.551465 ], [ -0.114279, 51.551426 ], [ -0.114156, 51.551334 ], [ -0.114461, 51.55116 ], [ -0.115033, 51.550848 ], [ -0.115212, 51.550995 ], [ -0.115548, 51.551274 ] ] ] } },
{ "type": "Feature", "properties": { "Map_Name": "Bedstead Works", "First_Date": 1890, "Last_Date": 0, "Type": "General", "Products": null, "QualityCon": "1", "Full_name": null, "Short_name": null, "Web_Link": null, "London_Fir": 0, "Londo_1st_": 1, "Web_refere": null }, "geometry": { "type": "Polygon", "coordinates": [ [ [ -0.117898, 51.548504 ], [ -0.117645, 51.548505 ], [ -0.117272, 51.548666 ], [ -0.117041, 51.548501 ], [ -0.117473, 51.548308 ], [ -0.117906, 51.54832 ], [ -0.117898, 51.548504 ] ] ] } },
{ "type": "Feature", "properties": { "Map_Name": "Plastic Decoration Works", "First_Date": 1890, "Last_Date": 0, "Type": "General", "Products": null, "QualityCon": "1", "Full_name": null, "Short_name": null, "Web_Link": null, "London_Fir": 0, "Londo_1st_": 1, "Web_refere": null }, "geometry": { "type": "Polygon", "coordinates": [ [ [ -0.118451, 51.546723 ], [ -0.1184, 51.546406 ], [ -0.119192, 51.546356 ], [ -0.11945, 51.546746 ], [ -0.118451, 51.546723 ] ] ] } },
{ "type": "Feature", "properties": { "Map_Name": "Brewery", "First_Date": 1890, "Last_Date": 0, "Type": "Brewing", "Products": null, "QualityCon": "1", "Full_name": null, "Short_name": null, "Web_Link": null, "London_Fir": 0, "Londo_1st_": 1, "Web_refere": null }, "geometry": { "type": "Polygon", "coordinates": [ [ [ -0.119113, 51.545891 ], [ -0.118904, 51.545931 ], [ -0.118724, 51.545675 ], [ -0.11899, 51.54563 ], [ -0.119113, 51.545891 ] ] ] } },
{ "type": "Feature", "properties": { "Map_Name": "Brewery", "First_Date": 1890, "Last_Date": 0, "Type": "Brewing", "Products": null, "QualityCon": "1", "Full_name": null, "Short_name": null, "Web_Link": null, "London_Fir": 0, "Londo_1st_": 1, "Web_refere": null }, "geometry": { "type": "Polygon", "coordinates": [ [ [ -0.119474, 51.545404 ], [ -0.118937, 51.545498 ], [ -0.118451, 51.545569 ], [ -0.118024, 51.545591 ], [ -0.117978, 51.545141 ], [ -0.118364, 51.545074 ], [ -0.118374, 51.545158 ], [ -0.11845, 51.545305 ], [ -0.119341, 51.545112 ], [ -0.119474, 51.545404 ] ] ] } },
{ "type": "Feature", "properties": { "Map_Name": "Vinegar brewery", "First_Date": 1890, "Last_Date": 0, "Type": "Food", "Products": null, "QualityCon": "1", "Full_name": null, "Short_name": null, "Web_Link": null, "London_Fir": 0, "Londo_1st_": 1, "Web_refere": null }, "geometry": { "type": "Polygon", "coordinates": [ [ [ -0.120308, 51.545239 ], [ -0.119474, 51.545405 ], [ -0.119341, 51.545113 ], [ -0.120173, 51.544953 ], [ -0.120308, 51.545239 ] ] ] } },
{ "type": "Feature", "properties": { "Map_Name": "Preserved Provision Manufactory", "First_Date": 1890, "Last_Date": 0, "Type": "Food", "Products": null, "QualityCon": "1", "Full_name": null, "Short_name": null, "Web_Link": null, "London_Fir": 0, "Londo_1st_": 1, "Web_refere": null }, "geometry": { "type": "Polygon", "coordinates": [ [ [ -0.122816, 51.545089 ], [ -0.122206, 51.545259 ], [ -0.122032, 51.545002 ], [ -0.122629, 51.54484 ], [ -0.122816, 51.545089 ] ] ] } },
{ "type": "Feature", "properties": { "Map_Name": "National Bakery", "First_Date": 1890, "Last_Date": 0, "Type": "Food", "Products": null, "QualityCon": "1", "Full_name": null, "Short_name": null, "Web_Link": null, "London_Fir": 0, "Londo_1st_": 1, "Web_refere": null }, "geometry": { "type": "Polygon", "coordinates": [ [ [ -0.123608, 51.544829 ], [ -0.122816, 51.545089 ], [ -0.122629, 51.54484 ], [ -0.123413, 51.544589 ], [ -0.123608, 51.544829 ] ] ] } },
{ "type": "Feature", "properties": { "Map_Name": "York Works (Galvanized Iron)", "First_Date": 1890, "Last_Date": 0, "Type": "Metal", "Products": "Iron", "QualityCon": "1", "Full_name": null, "Short_name": null, "Web_Link": null, "London_Fir": 0, "Londo_1st_": 1, "Web_refere": null }, "geometry": { "type": "Polygon", "coordinates": [ [ [ -0.124686, 51.543615 ], [ -0.124897, 51.543802 ], [ -0.124893, 51.543819 ], [ -0.124616, 51.543945 ], [ -0.124088, 51.544175 ], [ -0.123911, 51.544244 ], [ -0.123682, 51.544024 ], [ -0.124686, 51.543615 ] ] ] } },
{ "type": "Feature", "properties": { "Map_Name": "Pianoforte Works", "First_Date": 1890, "Last_Date": 0, "Type": "General", "Products": null, "QualityCon": "1", "Full_name": null, "Short_name": null, "Web_Link": null, "London_Fir": 0, "Londo_1st_": 1, "Web_refere": null }, "geometry": { "type": "Polygon", "coordinates": [ [ [ -0.123603, 51.544256 ], [ -0.123365, 51.544343 ], [ -0.123232, 51.544205 ], [ -0.123462, 51.544112 ], [ -0.123603, 51.544256 ] ] ] } },
{ "type": "Feature", "properties": { "Map_Name": "Albion Works (engineering etc.)", "First_Date": 1890, "Last_Date": 0, "Type": "Engineering", "Products": null, "QualityCon": "1", "Full_name": null, "Short_name": null, "Web_Link": null, "London_Fir": 0, "Londo_1st_": 1, "Web_refere": null }, "geometry": { "type": "Polygon", "coordinates": [ [ [ -0.12499, 51.543077 ], [ -0.125165, 51.54304 ], [ -0.125602, 51.542957 ], [ -0.125848, 51.542918 ], [ -0.125877, 51.543023 ], [ -0.125913, 51.543094 ], [ -0.125905, 51.543106 ], [ -0.125847, 51.543116 ], [ -0.12578, 51.543129 ], [ -0.125732, 51.543138 ], [ -0.125667, 51.543149 ], [ -0.125621, 51.543167 ], [ -0.125545, 51.543199 ], [ -0.125485, 51.543147 ], [ -0.125467, 51.543141 ], [ -0.125423, 51.543151 ], [ -0.125293, 51.543205 ], [ -0.12523, 51.543222 ], [ -0.124945, 51.543329 ], [ -0.124749, 51.54313 ], [ -0.12499, 51.543077 ] ] ] } },
{ "type": "Feature", "properties": { "Map_Name": "St. Pancras Iron Works", "First_Date": 1890, "Last_Date": 0, "Type": "Metal", "Products": "Iron", "QualityCon": "1", "Full_name": null, "Short_name": null, "Web_Link": null, "London_Fir": 0, "Londo_1st_": 1, "Web_refere": null }, "geometry": { "type": "Polygon", "coordinates": [ [ [ -0.124799, 51.543119 ], [ -0.12365, 51.543389 ], [ -0.12354, 51.543019 ], [ -0.124017, 51.542871 ], [ -0.124656, 51.542676 ], [ -0.124681, 51.542671 ], [ -0.124756, 51.542948 ], [ -0.124799, 51.543119 ] ] ] } },
{ "type": "Feature", "properties": { "Map_Name": "Playing Card and Stationary Manufactory", "First_Date": 1890, "Last_Date": 0, "Type": "Paper", "Products": null, "QualityCon": "1", "Full_name": null, "Short_name": null, "Web_Link": null, "London_Fir": 0, "Londo_1st_": 1, "Web_refere": null }, "geometry": { "type": "Polygon", "coordinates": [ [ [ -0.135041, 51.537871 ], [ -0.134548, 51.53802 ], [ -0.134565, 51.538032 ], [ -0.134594, 51.538023 ], [ -0.1348, 51.538272 ], [ -0.134437, 51.538404 ], [ -0.134211, 51.538486 ], [ -0.134011, 51.538293 ], [ -0.13386, 51.538352 ], [ -0.133787, 51.538345 ], [ -0.133675, 51.538254 ], [ -0.133597, 51.53822 ], [ -0.133473, 51.538094 ], [ -0.133484, 51.538079 ], [ -0.133576, 51.538054 ], [ -0.133587, 51.538048 ], [ -0.133565, 51.538028 ], [ -0.133597, 51.538001 ], [ -0.133679, 51.53799 ], [ -0.133717, 51.537973 ], [ -0.134099, 51.537861 ], [ -0.134389, 51.537776 ], [ -0.134428, 51.537817 ], [ -0.134441, 51.537813 ], [ -0.134553, 51.537947 ], [ -0.134996, 51.537813 ], [ -0.135041, 51.537871 ] ] ] } },
{ "type": "Feature", "properties": { "Map_Name": "Pianoforte Manufactory", "First_Date": 1890, "Last_Date": 0, "Type": "General", "Products": null, "QualityCon": "1", "Full_name": null, "Short_name": null, "Web_Link": null, "London_Fir": 0, "Londo_1st_": 1, "Web_refere": null }, "geometry": { "type": "Polygon", "coordinates": [ [ [ -0.138433, 51.537626 ], [ -0.138256, 51.537686 ], [ -0.1382, 51.537709 ], [ -0.138087, 51.537562 ], [ -0.138029, 51.537576 ], [ -0.137898, 51.537444 ], [ -0.138172, 51.537349 ], [ -0.138433, 51.537626 ] ] ] } },
{ "type": "Feature", "properties": { "Map_Name": "Pianoforte Manufactory", "First_Date": 1890, "Last_Date": 0, "Type": "General", "Products": null, "QualityCon": "1", "Full_name": null, "Short_name": null, "Web_Link": null, "London_Fir": 0, "Londo_1st_": 1, "Web_refere": null }, "geometry": { "type": "Polygon", "coordinates": [ [ [ -0.145478, 51.536961 ], [ -0.144996, 51.537344 ], [ -0.144727, 51.537068 ], [ -0.144924, 51.536997 ], [ -0.145366, 51.536832 ], [ -0.145478, 51.536961 ] ] ] } },
{ "type": "Feature", "properties": { "Map_Name": "Pianoforte Works", "First_Date": 1890, "Last_Date": 0, "Type": "General", "Products": null, "QualityCon": "1", "Full_name": null, "Short_name": null, "Web_Link": null, "London_Fir": 0, "Londo_1st_": 1, "Web_refere": null }, "geometry": { "type": "Polygon", "coordinates": [ [ [ -0.140553, 51.536174 ], [ -0.140252, 51.535843 ], [ -0.140202, 51.535782 ], [ -0.140211, 51.53575 ], [ -0.140361, 51.535706 ], [ -0.140535, 51.535915 ], [ -0.140666, 51.53587 ], [ -0.140497, 51.535663 ], [ -0.141085, 51.535478 ], [ -0.141137, 51.535571 ], [ -0.140899, 51.535647 ], [ -0.140973, 51.535737 ], [ -0.141073, 51.535855 ], [ -0.141124, 51.535922 ], [ -0.141139, 51.535922 ], [ -0.141215, 51.535899 ], [ -0.141218, 51.535905 ], [ -0.141369, 51.535854 ], [ -0.141394, 51.535875 ], [ -0.140553, 51.536174 ] ] ] } },
{ "type": "Feature", "properties": { "Map_Name": "Central Saw Mills", "First_Date": 1890, "Last_Date": 0, "Type": "Timber Mill", "Products": null, "QualityCon": "1", "Full_name": null, "Short_name": null, "Web_Link": null, "London_Fir": 0, "Londo_1st_": 1, "Web_refere": null }, "geometry": { "type": "Polygon", "coordinates": [ [ [ -0.096728, 51.528879 ], [ -0.096734, 51.528877 ], [ -0.096889, 51.529111 ], [ -0.096361, 51.529247 ], [ -0.096238, 51.529217 ], [ -0.096118, 51.529036 ], [ -0.096728, 51.528879 ] ] ] } },
{ "type": "Feature", "properties": { "Map_Name": "Iron Foundry", "First_Date": 1860, "Last_Date": 0, "Type": "Metal", "Products": null, "QualityCon": "1", "Full_name": null, "Short_name": null, "Web_Link": null, "London_Fir": 1, "Londo_1st_": 1, "Web_refere": null }, "geometry": { "type": "Polygon", "coordinates": [ [ [ -0.098834, 51.525741 ], [ -0.09879, 51.525666 ], [ -0.098861, 51.525646 ], [ -0.09887, 51.525651 ], [ -0.098885, 51.525648 ], [ -0.099523, 51.525461 ], [ -0.099621, 51.525637 ], [ -0.099476, 51.525673 ], [ -0.099466, 51.525668 ], [ -0.099011, 51.525771 ], [ -0.098967, 51.525709 ], [ -0.098834, 51.525741 ] ] ] } },
{ "type": "Feature", "properties": { "Map_Name": "Dye Works", "First_Date": 1860, "Last_Date": 0, "Type": "Chemical", "Products": null, "QualityCon": "1", "Full_name": null, "Short_name": null, "Web_Link": null, "London_Fir": 1, "Londo_1st_": 1, "Web_refere": null }, "geometry": { "type": "Polygon", "coordinates": [ [ [ -0.09962, 51.525637 ], [ -0.099682, 51.525752 ], [ -0.099093, 51.525897 ], [ -0.098968, 51.52593 ], [ -0.098934, 51.525874 ], [ -0.098998, 51.52586 ], [ -0.099005, 51.525868 ], [ -0.099063, 51.525854 ], [ -0.09901, 51.525771 ], [ -0.09962, 51.525637 ] ] ] } },
{ "type": "Feature", "properties": { "Map_Name": "Engineering Works", "First_Date": 1860, "Last_Date": 0, "Type": "Engineering", "Products": null, "QualityCon": "1", "Full_name": null, "Short_name": null, "Web_Link": null, "London_Fir": 1, "Londo_1st_": 1, "Web_refere": null }, "geometry": { "type": "Polygon", "coordinates": [ [ [ -0.091809, 51.521999 ], [ -0.09177, 51.521624 ], [ -0.092541, 51.521571 ], [ -0.092602, 51.521858 ], [ -0.091809, 51.521999 ] ] ] } },
{ "type": "Feature", "properties": { "Map_Name": "Brewery", "First_Date": 1890, "Last_Date": 0, "Type": "Brewing", "Products": null, "QualityCon": "1", "Full_name": null, "Short_name": null, "Web_Link": null, "London_Fir": 0, "Londo_1st_": 1, "Web_refere": null }, "geometry": { "type": "Polygon", "coordinates": [ [ [ -0.091777, 51.521062 ], [ -0.091748, 51.521507 ], [ -0.09177, 51.521628 ], [ -0.091787, 51.521786 ], [ -0.091798, 51.521893 ], [ -0.091809, 51.521999 ], [ -0.091811, 51.522015 ], [ -0.091407, 51.522093 ], [ -0.091155, 51.522141 ], [ -0.091044, 51.522077 ], [ -0.091037, 51.522014 ], [ -0.091018, 51.522014 ], [ -0.09101, 51.521896 ], [ -0.090982, 51.521653 ], [ -0.0911, 51.52165 ], [ -0.091102, 51.521615 ], [ -0.09135, 51.521627 ], [ -0.091374, 51.521497 ], [ -0.091413, 51.521263 ], [ -0.091457, 51.52103 ], [ -0.091777, 51.521062 ] ] ] } },
{ "type": "Feature", "properties": { "Map_Name": "Westmoreland Mills", "First_Date": 1890, "Last_Date": 0, "Type": "General", "Products": null, "QualityCon": "1", "Full_name": null, "Short_name": null, "Web_Link": null, "London_Fir": 0, "Londo_1st_": 1, "Web_refere": null }, "geometry": { "type": "Polygon", "coordinates": [ [ [ -0.091384, 51.521439 ], [ -0.091143, 51.521419 ], [ -0.091019, 51.521409 ], [ -0.091068, 51.521205 ], [ -0.091419, 51.521235 ], [ -0.091384, 51.521439 ] ] ] } },
{ "type": "Feature", "properties": { "Map_Name": "Magnet Wharf (Iron Foundry)", "First_Date": 1890, "Last_Date": 0, "Type": "Metal", "Products": "Iron", "QualityCon": "1", "Full_name": null, "Short_name": null, "Web_Link": null, "London_Fir": 0, "Londo_1st_": 1, "Web_refere": null }, "geometry": { "type": "Polygon", "coordinates": [ [ [ -0.01369, 51.530335 ], [ -0.013345, 51.53062 ], [ -0.013168, 51.530714 ], [ -0.012902, 51.530484 ], [ -0.012916, 51.530444 ], [ -0.013474, 51.530184 ], [ -0.01369, 51.530335 ] ] ] } },
{ "type": "Feature", "properties": { "Map_Name": "Bow Bridge Wharf (Soap and Chemical Works)", "First_Date": 1890, "Last_Date": 0, "Type": "Soap Candle Tallow and Oil", "Products": null, "QualityCon": "1", "Full_name": null, "Short_name": "Bow Bridge Wharf Soap", "Web_Link": null, "London_Fir": 0, "Londo_1st_": 1, "Web_refere": null }, "geometry": { "type": "Polygon", "coordinates": [ [ [ -0.012936, 51.530874 ], [ -0.012916, 51.530886 ], [ -0.012863, 51.530966 ], [ -0.012805, 51.531068 ], [ -0.012733, 51.531206 ], [ -0.012773, 51.531257 ], [ -0.012669, 51.531355 ], [ -0.012514, 51.531249 ], [ -0.012378, 51.53116 ], [ -0.012156, 51.531002 ], [ -0.012301, 51.530926 ], [ -0.012134, 51.530808 ], [ -0.012461, 51.530647 ], [ -0.012644, 51.530784 ], [ -0.012936, 51.530874 ] ] ] } },
{ "type": "Feature", "properties": { "Map_Name": "Glue Manufactory", "First_Date": 1890, "Last_Date": 0, "Type": "Chemical", "Products": null, "QualityCon": "1", "Full_name": null, "Short_name": null, "Web_Link": null, "London_Fir": 0, "Londo_1st_": 1, "Web_refere": null }, "geometry": { "type": "Polygon", "coordinates": [ [ [ -0.011345, 51.533367 ], [ -0.010714, 51.5337 ], [ -0.010107, 51.534008 ], [ -0.009932, 51.533827 ], [ -0.010012, 51.533808 ], [ -0.010066, 51.533782 ], [ -0.010438, 51.533591 ], [ -0.011145, 51.533219 ], [ -0.011345, 51.533367 ] ] ] } },
{ "type": "Feature", "properties": { "Map_Name": "Rope Works", "First_Date": 1890, "Last_Date": 0, "Type": "Rope", "Products": null, "QualityCon": "1", "Full_name": null, "Short_name": null, "Web_Link": null, "London_Fir": 0, "Londo_1st_": 1, "Web_refere": null }, "geometry": { "type": "Polygon", "coordinates": [ [ [ -0.013314, 51.534542 ], [ -0.012999, 51.534705 ], [ -0.012855, 51.534585 ], [ -0.012578, 51.534233 ], [ -0.012426, 51.534037 ], [ -0.012142, 51.533762 ], [ -0.012403, 51.533657 ], [ -0.012564, 51.533757 ], [ -0.012656, 51.53381 ], [ -0.012752, 51.533871 ], [ -0.012888, 51.533969 ], [ -0.012953, 51.534035 ], [ -0.013037, 51.534123 ], [ -0.013148, 51.534261 ], [ -0.013229, 51.53439 ], [ -0.013301, 51.534501 ], [ -0.013314, 51.534542 ] ] ] } },
{ "type": "Feature", "properties": { "Map_Name": "Mineral Water Manufactory", "First_Date": 1890, "Last_Date": 0, "Type": "General", "Products": null, "QualityCon": "1", "Full_name": null, "Short_name": null, "Web_Link": null, "London_Fir": 0, "Londo_1st_": 1, "Web_refere": null }, "geometry": { "type": "Polygon", "coordinates": [ [ [ -0.012685, 51.528691 ], [ -0.012355, 51.528808 ], [ -0.012304, 51.528824 ], [ -0.012069, 51.528614 ], [ -0.011901, 51.528464 ], [ -0.011824, 51.528396 ], [ -0.011837, 51.528394 ], [ -0.011855, 51.528324 ], [ -0.011893, 51.528221 ], [ -0.012022, 51.528175 ], [ -0.012189, 51.528378 ], [ -0.012205, 51.528399 ], [ -0.012185, 51.528407 ], [ -0.012165, 51.528403 ], [ -0.012159, 51.528414 ], [ -0.012184, 51.528419 ], [ -0.012184, 51.528429 ], [ -0.012179, 51.528433 ], [ -0.012167, 51.528429 ], [ -0.012157, 51.528431 ], [ -0.012162, 51.528437 ], [ -0.012141, 51.528451 ], [ -0.012132, 51.528452 ], [ -0.012132, 51.528463 ], [ -0.012139, 51.528464 ], [ -0.012148, 51.528483 ], [ -0.012154, 51.528489 ], [ -0.01215, 51.52849 ], [ -0.012162, 51.528494 ], [ -0.012169, 51.52849 ], [ -0.012198, 51.528491 ], [ -0.012203, 51.528496 ], [ -0.012217, 51.528492 ], [ -0.012213, 51.528489 ], [ -0.012231, 51.528483 ], [ -0.012238, 51.528485 ], [ -0.012236, 51.528494 ], [ -0.01225, 51.528498 ], [ -0.012257, 51.528489 ], [ -0.012279, 51.528481 ], [ -0.012308, 51.528512 ], [ -0.012303, 51.528514 ], [ -0.012312, 51.528523 ], [ -0.012327, 51.528519 ], [ -0.012329, 51.528514 ], [ -0.012433, 51.52848 ], [ -0.012685, 51.528691 ] ] ] } },
{ "type": "Feature", "properties": { "Map_Name": "Bow Foundry", "First_Date": 1860, "Last_Date": 0, "Type": "Metal", "Products": null, "QualityCon": "1", "Full_name": null, "Short_name": null, "Web_Link": null, "London_Fir": 1, "Londo_1st_": 1, "Web_refere": null }, "geometry": { "type": "Polygon", "coordinates": [ [ [ -0.014611, 51.528201 ], [ -0.014788, 51.528379 ], [ -0.015024, 51.528627 ], [ -0.014708, 51.528808 ], [ -0.014515, 51.528666 ], [ -0.014372, 51.528529 ], [ -0.014276, 51.528434 ], [ -0.014283, 51.52843 ], [ -0.014212, 51.528348 ], [ -0.014202, 51.528336 ], [ -0.014611, 51.528201 ] ] ] } },
{ "type": "Feature", "properties": { "Map_Name": "St. Leonard's Works", "First_Date": 1890, "Last_Date": 0, "Type": "Metal", "Products": "Iron", "QualityCon": "1", "Full_name": null, "Short_name": null, "Web_Link": null, "London_Fir": 0, "Londo_1st_": 1, "Web_refere": null }, "geometry": { "type": "Polygon", "coordinates": [ [ [ -0.010806, 51.524627 ], [ -0.010519, 51.524702 ], [ -0.009807, 51.524857 ], [ -0.009084, 51.525007 ], [ -0.009027, 51.525002 ], [ -0.008971, 51.52496 ], [ -0.008948, 51.524931 ], [ -0.008867, 51.524936 ], [ -0.008848, 51.52481 ], [ -0.008923, 51.524804 ], [ -0.008896, 51.524719 ], [ -0.008313, 51.524773 ], [ -0.008314, 51.524593 ], [ -0.008359, 51.524592 ], [ -0.008358, 51.524391 ], [ -0.008327, 51.524372 ], [ -0.008327, 51.524329 ], [ -0.008668, 51.524347 ], [ -0.008671, 51.524352 ], [ -0.008813, 51.524363 ], [ -0.00907, 51.524383 ], [ -0.00923, 51.52439 ], [ -0.009526, 51.524388 ], [ -0.009769, 51.524361 ], [ -0.010178, 51.524321 ], [ -0.010608, 51.524221 ], [ -0.010806, 51.524627 ] ] ] } },
{ "type": "Feature", "properties": { "Map_Name": "Steam Boiler Works", "First_Date": 1890, "Last_Date": 0, "Type": "Engineering", "Products": null, "QualityCon": "1", "Full_name": null, "Short_name": null, "Web_Link": null, "London_Fir": 0, "Londo_1st_": 1, "Web_refere": null }, "geometry": { "type": "Polygon", "coordinates": [ [ [ -0.011408, 51.524987 ], [ -0.010352, 51.525288 ], [ -0.009989, 51.525387 ], [ -0.009106, 51.525629 ], [ -0.009099, 51.525617 ], [ -0.009078, 51.525616 ], [ -0.009064, 51.52559 ], [ -0.00908, 51.525587 ], [ -0.009023, 51.525422 ], [ -0.009008, 51.525408 ], [ -0.008613, 51.52549 ], [ -0.007921, 51.525637 ], [ -0.007802, 51.525654 ], [ -0.007783, 51.525651 ], [ -0.008182, 51.525554 ], [ -0.008141, 51.525499 ], [ -0.007887, 51.525559 ], [ -0.007876, 51.525523 ], [ -0.007994, 51.525454 ], [ -0.008054, 51.525469 ], [ -0.008827, 51.525302 ], [ -0.008974, 51.52527 ], [ -0.009253, 51.525195 ], [ -0.009397, 51.525157 ], [ -0.009852, 51.525043 ], [ -0.010402, 51.524918 ], [ -0.010994, 51.524808 ], [ -0.011274, 51.524759 ], [ -0.011291, 51.524786 ], [ -0.011328, 51.524781 ], [ -0.011408, 51.524987 ] ] ] } },
{ "type": "Feature", "properties": { "Map_Name": "East London Soap Works", "First_Date": 1890, "Last_Date": 0, "Type": "Soap Candle Tallow and Oil", "Products": null, "QualityCon": "1", "Full_name": null, "Short_name": "East London Soap Works", "Web_Link": null, "London_Fir": 0, "Londo_1st_": 1, "Web_refere": null }, "geometry": { "type": "Polygon", "coordinates": [ [ [ -0.016911, 51.531289 ], [ -0.017152, 51.531414 ], [ -0.017303, 51.5315 ], [ -0.017453, 51.531603 ], [ -0.017522, 51.531666 ], [ -0.017555, 51.531726 ], [ -0.017575, 51.531783 ], [ -0.017584, 51.531841 ], [ -0.017596, 51.531931 ], [ -0.017631, 51.532001 ], [ -0.017778, 51.532155 ], [ -0.017134, 51.532483 ], [ -0.01644, 51.532851 ], [ -0.016326, 51.532768 ], [ -0.015901, 51.532994 ], [ -0.015517, 51.5332 ], [ -0.01516, 51.533391 ], [ -0.014881, 51.53354 ], [ -0.014672, 51.533654 ], [ -0.014409, 51.533797 ], [ -0.014176, 51.533922 ], [ -0.014122, 51.533895 ], [ -0.013899, 51.534008 ], [ -0.0134, 51.534257 ], [ -0.013247, 51.534079 ], [ -0.013247, 51.534029 ], [ -0.0132, 51.533975 ], [ -0.013298, 51.533961 ], [ -0.01338, 51.533915 ], [ -0.013506, 51.533819 ], [ -0.013728, 51.533654 ], [ -0.013896, 51.533544 ], [ -0.014068, 51.53341 ], [ -0.014202, 51.533297 ], [ -0.014371, 51.533135 ], [ -0.014453, 51.533055 ], [ -0.014533, 51.532971 ], [ -0.014578, 51.532897 ], [ -0.014617, 51.532839 ], [ -0.01466, 51.532799 ], [ -0.014787, 51.532717 ], [ -0.014884, 51.532639 ], [ -0.014904, 51.532598 ], [ -0.014399, 51.53237 ], [ -0.014866, 51.532002 ], [ -0.015067, 51.532101 ], [ -0.015604, 51.53236 ], [ -0.015798, 51.532481 ], [ -0.015999, 51.53235 ], [ -0.016242, 51.532177 ], [ -0.016376, 51.532083 ], [ -0.016427, 51.532061 ], [ -0.016423, 51.532054 ], [ -0.016442, 51.532041 ], [ -0.016386, 51.532014 ], [ -0.016607, 51.531863 ], [ -0.016915, 51.531641 ], [ -0.016761, 51.531566 ], [ -0.016831, 51.531505 ], [ -0.016894, 51.531399 ], [ -0.016892, 51.531359 ], [ -0.016906, 51.531303 ], [ -0.016911, 51.531289 ] ] ] } },
{ "type": "Feature", "properties": { "Map_Name": "New Imperial Saw Mills", "First_Date": 1890, "Last_Date": 0, "Type": "Timber Mill", "Products": null, "QualityCon": "1", "Full_name": null, "Short_name": null, "Web_Link": null, "London_Fir": 0, "Londo_1st_": 1, "Web_refere": null }, "geometry": { "type": "Polygon", "coordinates": [ [ [ -0.014399, 51.53237 ], [ -0.013774, 51.532092 ], [ -0.012677, 51.5316 ], [ -0.01286, 51.531432 ], [ -0.012973, 51.531307 ], [ -0.013041, 51.531182 ], [ -0.013114, 51.531039 ], [ -0.013302, 51.53087 ], [ -0.013318, 51.530877 ], [ -0.01333, 51.530903 ], [ -0.013342, 51.530913 ], [ -0.013416, 51.530938 ], [ -0.013495, 51.530964 ], [ -0.01359, 51.530998 ], [ -0.013683, 51.531032 ], [ -0.013752, 51.531039 ], [ -0.014014, 51.531096 ], [ -0.014275, 51.531173 ], [ -0.014346, 51.531196 ], [ -0.014543, 51.531253 ], [ -0.014858, 51.531373 ], [ -0.015173, 51.531512 ], [ -0.015754, 51.531786 ], [ -0.016028, 51.531929 ], [ -0.015863, 51.532042 ], [ -0.016183, 51.532219 ], [ -0.015798, 51.532481 ], [ -0.015654, 51.532391 ], [ -0.015604, 51.53236 ], [ -0.014866, 51.532002 ], [ -0.014399, 51.53237 ] ] ] } },
{ "type": "Feature", "properties": { "Map_Name": "Glass Bottle Works", "First_Date": 1890, "Last_Date": 0, "Type": "Glass", "Products": null, "QualityCon": "1", "Full_name": null, "Short_name": null, "Web_Link": null, "London_Fir": 0, "Londo_1st_": 1, "Web_refere": null }, "geometry": { "type": "Polygon", "coordinates": [ [ [ -0.048105, 51.524606 ], [ -0.048025, 51.524634 ], [ -0.04775, 51.524729 ], [ -0.047728, 51.524695 ], [ -0.047692, 51.524701 ], [ -0.047673, 51.524658 ], [ -0.047707, 51.524649 ], [ -0.047664, 51.524548 ], [ -0.047784, 51.524505 ], [ -0.047782, 51.524498 ], [ -0.047857, 51.524477 ], [ -0.047845, 51.524438 ], [ -0.047787, 51.524377 ], [ -0.047894, 51.524343 ], [ -0.048105, 51.524606 ] ] ] } },
{ "type": "Feature", "properties": { "Map_Name": "Chemical Works", "First_Date": 1890, "Last_Date": 0, "Type": "Chemical", "Products": null, "QualityCon": "1", "Full_name": null, "Short_name": null, "Web_Link": null, "London_Fir": 0, "Londo_1st_": 1, "Web_refere": null }, "geometry": { "type": "Polygon", "coordinates": [ [ [ -0.040336, 51.528005 ], [ -0.039977, 51.528146 ], [ -0.039811, 51.527968 ], [ -0.040194, 51.527813 ], [ -0.040336, 51.528005 ] ] ] } },
{ "type": "Feature", "properties": { "Map_Name": "Cordova Works (Gum)", "First_Date": 1890, "Last_Date": 0, "Type": "Food", "Products": null, "QualityCon": "1", "Full_name": null, "Short_name": null, "Web_Link": null, "London_Fir": 0, "Londo_1st_": 1, "Web_refere": null }, "geometry": { "type": "Polygon", "coordinates": [ [ [ -0.040336, 51.528005 ], [ -0.040446, 51.528159 ], [ -0.040591, 51.528377 ], [ -0.040536, 51.528397 ], [ -0.04049, 51.528351 ], [ -0.040285, 51.528432 ], [ -0.040074, 51.528247 ], [ -0.039977, 51.528146 ], [ -0.040336, 51.528005 ] ] ] } },
{ "type": "Feature", "properties": { "Map_Name": "Silk Mills", "First_Date": 1890, "Last_Date": 0, "Type": "Cloth and Clothing", "Products": null, "QualityCon": "1", "Full_name": null, "Short_name": null, "Web_Link": null, "London_Fir": 0, "Londo_1st_": 1, "Web_refere": null }, "geometry": { "type": "Polygon", "coordinates": [ [ [ -0.029607, 51.529561 ], [ -0.029806, 51.529807 ], [ -0.029409, 51.529957 ], [ -0.029302, 51.529997 ], [ -0.0295, 51.53024 ], [ -0.029356, 51.530303 ], [ -0.029101, 51.529995 ], [ -0.028848, 51.529685 ], [ -0.029607, 51.529561 ] ] ] } },
{ "type": "Feature", "properties": { "Map_Name": "Saw Mills", "First_Date": 1890, "Last_Date": 0, "Type": "Timber Mill", "Products": null, "QualityCon": "1", "Full_name": null, "Short_name": null, "Web_Link": null, "London_Fir": 0, "Londo_1st_": 1, "Web_refere": null }, "geometry": { "type": "Polygon", "coordinates": [ [ [ -0.029609, 51.529337 ], [ -0.029361, 51.529375 ], [ -0.028712, 51.529449 ], [ -0.028116, 51.52951 ], [ -0.028075, 51.529346 ], [ -0.028161, 51.529338 ], [ -0.028119, 51.529272 ], [ -0.028194, 51.529251 ], [ -0.028318, 51.529398 ], [ -0.028378, 51.529372 ], [ -0.028417, 51.5294 ], [ -0.028557, 51.529345 ], [ -0.028872, 51.529226 ], [ -0.028933, 51.529208 ], [ -0.029094, 51.529161 ], [ -0.029334, 51.529094 ], [ -0.029689, 51.528994 ], [ -0.02971, 51.529021 ], [ -0.029435, 51.529099 ], [ -0.029533, 51.529233 ], [ -0.029609, 51.529337 ] ] ] } },
{ "type": "Feature", "properties": { "Map_Name": "Tredegar Mills", "First_Date": 1890, "Last_Date": 0, "Type": "Timber Mill", "Products": null, "QualityCon": "1", "Full_name": null, "Short_name": null, "Web_Link": null, "London_Fir": 0, "Londo_1st_": 1, "Web_refere": null }, "geometry": { "type": "Polygon", "coordinates": [ [ [ -0.029068, 51.530434 ], [ -0.028786, 51.530561 ], [ -0.02843, 51.530171 ], [ -0.028283, 51.530231 ], [ -0.027846, 51.530406 ], [ -0.02791, 51.530473 ], [ -0.027473, 51.530663 ], [ -0.027433, 51.530632 ], [ -0.027405, 51.530586 ], [ -0.027236, 51.530449 ], [ -0.027124, 51.530362 ], [ -0.026886, 51.530456 ], [ -0.026857, 51.530457 ], [ -0.026788, 51.530401 ], [ -0.026775, 51.530409 ], [ -0.026466, 51.530166 ], [ -0.026092, 51.529868 ], [ -0.026932, 51.529778 ], [ -0.02756, 51.529723 ], [ -0.028443, 51.529651 ], [ -0.028761, 51.530052 ], [ -0.029068, 51.530434 ] ] ] } },
{ "type": "Feature", "properties": { "Map_Name": "Fairfield Works (match)", "First_Date": 1890, "Last_Date": 0, "Type": "Chemical", "Products": null, "QualityCon": "1", "Full_name": null, "Short_name": null, "Web_Link": null, "London_Fir": 0, "Londo_1st_": 1, "Web_refere": null }, "geometry": { "type": "Polygon", "coordinates": [ [ [ -0.0215, 51.530884 ], [ -0.021922, 51.530708 ], [ -0.022232, 51.531009 ], [ -0.022462, 51.531236 ], [ -0.022614, 51.531378 ], [ -0.022662, 51.531423 ], [ -0.022248, 51.531689 ], [ -0.022175, 51.53173 ], [ -0.022073, 51.531799 ], [ -0.021804, 51.531975 ], [ -0.021576, 51.532129 ], [ -0.021334, 51.532293 ], [ -0.021154, 51.532418 ], [ -0.020963, 51.532545 ], [ -0.020868, 51.532483 ], [ -0.020664, 51.532308 ], [ -0.020565, 51.532205 ], [ -0.020384, 51.532015 ], [ -0.020245, 51.531898 ], [ -0.020001, 51.53175 ], [ -0.020208, 51.531621 ], [ -0.020513, 51.531434 ], [ -0.02067, 51.531338 ], [ -0.020965, 51.531165 ], [ -0.021255, 51.531007 ], [ -0.0215, 51.530884 ] ] ] } },
{ "type": "Feature", "properties": { "Map_Name": "Palace Works (matches)", "First_Date": 1890, "Last_Date": 0, "Type": "Chemical", "Products": "Matches", "QualityCon": "1", "Full_name": null, "Short_name": null, "Web_Link": null, "London_Fir": 0, "Londo_1st_": 1, "Web_refere": null }, "geometry": { "type": "Polygon", "coordinates": [ [ [ -0.024111, 51.536216 ], [ -0.023635, 51.536284 ], [ -0.023641, 51.536308 ], [ -0.023268, 51.536335 ], [ -0.02319, 51.536331 ], [ -0.023151, 51.536313 ], [ -0.023079, 51.536301 ], [ -0.023033, 51.536311 ], [ -0.022888, 51.535739 ], [ -0.023338, 51.53569 ], [ -0.023867, 51.535679 ], [ -0.024111, 51.536216 ] ] ] } },
{ "type": "Feature", "properties": { "Map_Name": "Iceland Wharf (Ammonia Works)", "First_Date": 1890, "Last_Date": 0, "Type": "Chemical", "Products": null, "QualityCon": "1", "Full_name": null, "Short_name": null, "Web_Link": null, "London_Fir": 0, "Londo_1st_": 1, "Web_refere": null }, "geometry": { "type": "Polygon", "coordinates": [ [ [ -0.020429, 51.535931 ], [ -0.020222, 51.535614 ], [ -0.020062, 51.535688 ], [ -0.019953, 51.535596 ], [ -0.020265, 51.535438 ], [ -0.020339, 51.535417 ], [ -0.020796, 51.535307 ], [ -0.021299, 51.535184 ], [ -0.021811, 51.535059 ], [ -0.021827, 51.53511 ], [ -0.021615, 51.535204 ], [ -0.021471, 51.535253 ], [ -0.021432, 51.53526 ], [ -0.021543, 51.535427 ], [ -0.021319, 51.535483 ], [ -0.021378, 51.535574 ], [ -0.020974, 51.535676 ], [ -0.021033, 51.535771 ], [ -0.0209, 51.535807 ], [ -0.020458, 51.535924 ], [ -0.020429, 51.535931 ] ] ] } },
{ "type": "Feature", "properties": { "Map_Name": "Ivy Gate Works", "First_Date": 1890, "Last_Date": 0, "Type": "General", "Products": "Roofing", "QualityCon": "1", "Full_name": null, "Short_name": null, "Web_Link": null, "London_Fir": 0, "Londo_1st_": 1, "Web_refere": null }, "geometry": { "type": "Polygon", "coordinates": [ [ [ -0.022881, 51.536767 ], [ -0.022168, 51.536623 ], [ -0.021328, 51.53643 ], [ -0.021271, 51.536343 ], [ -0.021641, 51.536176 ], [ -0.021712, 51.536184 ], [ -0.022033, 51.536132 ], [ -0.022217, 51.536178 ], [ -0.022676, 51.536295 ], [ -0.023022, 51.53637 ], [ -0.022881, 51.536767 ] ] ] } },
{ "type": "Feature", "properties": { "Map_Name": "Match Manufactory", "First_Date": 1890, "Last_Date": 0, "Type": "Chemical", "Products": null, "QualityCon": "1", "Full_name": null, "Short_name": null, "Web_Link": null, "London_Fir": 0, "Londo_1st_": 1, "Web_refere": null }, "geometry": { "type": "Polygon", "coordinates": [ [ [ -0.027836, 51.538028 ], [ -0.027705, 51.538053 ], [ -0.027313, 51.538028 ], [ -0.026848, 51.538 ], [ -0.026796, 51.537736 ], [ -0.0274, 51.537766 ], [ -0.027472, 51.537762 ], [ -0.027872, 51.537788 ], [ -0.027836, 51.538028 ] ] ] } },
{ "type": "Feature", "properties": { "Map_Name": "Wick Lane Rubber Works", "First_Date": 1890, "Last_Date": 0, "Type": "Rubber and Gutta-Percha", "Products": null, "QualityCon": "1", "Full_name": null, "Short_name": null, "Web_Link": null, "London_Fir": 0, "Londo_1st_": 1, "Web_refere": null }, "geometry": { "type": "Polygon", "coordinates": [ [ [ -0.024163, 51.537805 ], [ -0.023958, 51.537889 ], [ -0.023979, 51.537908 ], [ -0.023758, 51.537999 ], [ -0.023791, 51.538067 ], [ -0.023768, 51.53807 ], [ -0.023778, 51.538093 ], [ -0.023716, 51.538105 ], [ -0.023706, 51.538088 ], [ -0.023632, 51.538104 ], [ -0.023468, 51.537841 ], [ -0.023313, 51.537877 ], [ -0.023582, 51.538315 ], [ -0.02289, 51.538646 ], [ -0.02275, 51.538534 ], [ -0.022506, 51.53813 ], [ -0.022972, 51.537944 ], [ -0.023281, 51.537831 ], [ -0.023297, 51.537859 ], [ -0.023455, 51.537821 ], [ -0.023423, 51.53777 ], [ -0.023764, 51.537637 ], [ -0.024006, 51.537681 ], [ -0.024163, 51.537805 ] ] ] } },
{ "type": "Feature", "properties": { "Map_Name": "Crown Wharf (Chemical Works)", "First_Date": 1890, "Last_Date": 0, "Type": "Chemical", "Products": "Chemical", "QualityCon": "1", "Full_name": null, "Short_name": null, "Web_Link": null, "London_Fir": 0, "Londo_1st_": 1, "Web_refere": null }, "geometry": { "type": "Polygon", "coordinates": [ [ [ -0.022132, 51.537044 ], [ -0.022191, 51.537276 ], [ -0.022057, 51.537321 ], [ -0.022039, 51.537299 ], [ -0.021687, 51.537421 ], [ -0.021635, 51.537404 ], [ -0.021582, 51.537379 ], [ -0.021584, 51.537368 ], [ -0.021442, 51.537321 ], [ -0.021354, 51.537302 ], [ -0.021527, 51.537098 ], [ -0.02153, 51.536894 ], [ -0.021733, 51.536924 ], [ -0.022132, 51.537044 ] ] ] } },
{ "type": "Feature", "properties": { "Map_Name": "Iron Foundry", "First_Date": 1890, "Last_Date": 0, "Type": "Metal", "Products": "Iron", "QualityCon": "1", "Full_name": null, "Short_name": null, "Web_Link": null, "London_Fir": 0, "Londo_1st_": 1, "Web_refere": null }, "geometry": { "type": "Polygon", "coordinates": [ [ [ -0.022057, 51.537321 ], [ -0.022097, 51.537369 ], [ -0.02214, 51.537382 ], [ -0.022182, 51.537585 ], [ -0.022214, 51.537712 ], [ -0.022065, 51.537731 ], [ -0.021783, 51.537615 ], [ -0.021445, 51.537473 ], [ -0.021301, 51.537413 ], [ -0.021354, 51.537302 ], [ -0.021436, 51.53732 ], [ -0.021442, 51.537321 ], [ -0.021584, 51.537368 ], [ -0.021582, 51.537379 ], [ -0.021687, 51.537421 ], [ -0.021816, 51.537376 ], [ -0.022039, 51.537299 ], [ -0.022057, 51.537321 ] ] ] } },
{ "type": "Feature", "properties": { "Map_Name": "Hope Chemical Works", "First_Date": 1890, "Last_Date": 0, "Type": "Chemical", "Products": null, "QualityCon": "1", "Full_name": null, "Short_name": null, "Web_Link": null, "London_Fir": 0, "Londo_1st_": 1, "Web_refere": null }, "geometry": { "type": "Polygon", "coordinates": [ [ [ -0.025872, 51.543084 ], [ -0.025748, 51.54292 ], [ -0.025705, 51.542925 ], [ -0.025683, 51.542899 ], [ -0.026026, 51.54277 ], [ -0.026393, 51.542655 ], [ -0.02652, 51.542631 ], [ -0.026642, 51.542661 ], [ -0.026592, 51.542765 ], [ -0.026548, 51.542799 ], [ -0.026365, 51.542868 ], [ -0.026376, 51.542883 ], [ -0.025872, 51.543084 ] ] ] } },
{ "type": "Feature", "properties": { "Map_Name": "Victoria Oil Works", "First_Date": 1890, "Last_Date": 0, "Type": "Soap Candle Tallow and Oil", "Products": null, "QualityCon": "1", "Full_name": null, "Short_name": "Victoria Oil Works", "Web_Link": null, "London_Fir": 0, "Londo_1st_": 1, "Web_refere": null }, "geometry": { "type": "Polygon", "coordinates": [ [ [ -0.025466, 51.543526 ], [ -0.025202, 51.54386 ], [ -0.024864, 51.544289 ], [ -0.024129, 51.544357 ], [ -0.024101, 51.544195 ], [ -0.024074, 51.544034 ], [ -0.024045, 51.543853 ], [ -0.024089, 51.543681 ], [ -0.024112, 51.543582 ], [ -0.025466, 51.543526 ] ] ] } },
{ "type": "Feature", "properties": { "Map_Name": "Phoenix Chemical Works", "First_Date": 1890, "Last_Date": 0, "Type": "Chemical", "Products": null, "QualityCon": "1", "Full_name": null, "Short_name": null, "Web_Link": null, "London_Fir": 0, "Londo_1st_": 1, "Web_refere": null }, "geometry": { "type": "Polygon", "coordinates": [ [ [ -0.024112, 51.543582 ], [ -0.024045, 51.543853 ], [ -0.024129, 51.544357 ], [ -0.023313, 51.544424 ], [ -0.023308, 51.544374 ], [ -0.023286, 51.544376 ], [ -0.023132, 51.544099 ], [ -0.023115, 51.544019 ], [ -0.023092, 51.54402 ], [ -0.023083, 51.543974 ], [ -0.02311, 51.54397 ], [ -0.023101, 51.543934 ], [ -0.023224, 51.543923 ], [ -0.023211, 51.543892 ], [ -0.02345, 51.543879 ], [ -0.023451, 51.543889 ], [ -0.023469, 51.543887 ], [ -0.02346, 51.543858 ], [ -0.023927, 51.54373 ], [ -0.023915, 51.543591 ], [ -0.024112, 51.543582 ] ] ] } },
{ "type": "Feature", "properties": { "Map_Name": "Hackney Wick Works (Confectionary)", "First_Date": 1890, "Last_Date": 0, "Type": "Food", "Products": null, "QualityCon": "1", "Full_name": null, "Short_name": null, "Web_Link": null, "London_Fir": 0, "Londo_1st_": 1, "Web_refere": null }, "geometry": { "type": "Polygon", "coordinates": [ [ [ -0.023915, 51.543591 ], [ -0.023927, 51.54373 ], [ -0.02346, 51.543858 ], [ -0.023469, 51.543887 ], [ -0.023451, 51.543889 ], [ -0.02345, 51.543879 ], [ -0.023211, 51.543892 ], [ -0.023224, 51.543923 ], [ -0.023217, 51.543924 ], [ -0.023101, 51.543934 ], [ -0.022978, 51.543953 ], [ -0.022705, 51.544021 ], [ -0.022559, 51.544048 ], [ -0.022379, 51.544069 ], [ -0.022339, 51.544071 ], [ -0.022311, 51.543976 ], [ -0.022257, 51.543775 ], [ -0.022207, 51.543608 ], [ -0.02233, 51.543598 ], [ -0.022424, 51.543616 ], [ -0.022538, 51.543645 ], [ -0.022958, 51.543628 ], [ -0.023426, 51.543611 ], [ -0.023765, 51.543596 ], [ -0.023915, 51.543591 ] ] ] } },
{ "type": "Feature", "properties": { "Map_Name": "Lea Telegraph Works", "First_Date": 1890, "Last_Date": 0, "Type": "Electrical", "Products": "Telegraph", "QualityCon": "1", "Full_name": null, "Short_name": null, "Web_Link": null, "London_Fir": 0, "Londo_1st_": 1, "Web_refere": null }, "geometry": { "type": "Polygon", "coordinates": [ [ [ -0.02846, 51.548947 ], [ -0.027997, 51.549149 ], [ -0.027187, 51.548414 ], [ -0.027631, 51.548219 ], [ -0.02846, 51.548947 ] ] ] } },
{ "type": "Feature", "properties": { "Map_Name": "Riverside Works (Color)", "First_Date": 1890, "Last_Date": 0, "Type": "Varnish Colour and Paint", "Products": null, "QualityCon": "1", "Full_name": null, "Short_name": null, "Web_Link": null, "London_Fir": 0, "Londo_1st_": 1, "Web_refere": null }, "geometry": { "type": "Polygon", "coordinates": [ [ [ -0.029964, 51.550246 ], [ -0.029462, 51.550468 ], [ -0.029107, 51.550143 ], [ -0.029597, 51.549932 ], [ -0.029964, 51.550246 ] ] ] } },
{ "type": "Feature", "properties": { "Map_Name": "Tallow Works", "First_Date": 1890, "Last_Date": 0, "Type": "Soap Candle Tallow and Oil", "Products": null, "QualityCon": "1", "Full_name": null, "Short_name": "Tallow Works", "Web_Link": null, "London_Fir": 0, "Londo_1st_": 1, "Web_refere": null }, "geometry": { "type": "Polygon", "coordinates": [ [ [ -0.029597, 51.549932 ], [ -0.029107, 51.550143 ], [ -0.028506, 51.549603 ], [ -0.028974, 51.549388 ], [ -0.029597, 51.549932 ] ] ] } },
{ "type": "Feature", "properties": { "Map_Name": "Vegetable Black Works", "First_Date": 1890, "Last_Date": 0, "Type": "Chemical", "Products": "Lamp Black", "QualityCon": "1", "Full_name": null, "Short_name": null, "Web_Link": null, "London_Fir": 0, "Londo_1st_": 1, "Web_refere": null }, "geometry": { "type": "Polygon", "coordinates": [ [ [ -0.028974, 51.549388 ], [ -0.028506, 51.549603 ], [ -0.027997, 51.549149 ], [ -0.02846, 51.548947 ], [ -0.028974, 51.549388 ] ] ] } },
{ "type": "Feature", "properties": { "Map_Name": "Carbonic Acid Works", "First_Date": 1890, "Last_Date": 0, "Type": "Chemical", "Products": null, "QualityCon": "1", "Full_name": null, "Short_name": null, "Web_Link": null, "London_Fir": 0, "Londo_1st_": 1, "Web_refere": null }, "geometry": { "type": "Polygon", "coordinates": [ [ [ -0.046729, 51.561313 ], [ -0.04671, 51.561366 ], [ -0.046425, 51.561504 ], [ -0.045937, 51.561155 ], [ -0.045951, 51.561143 ], [ -0.046249, 51.560987 ], [ -0.046729, 51.561313 ] ] ] } },
{ "type": "Feature", "properties": { "Map_Name": "Glass Bottle Works", "First_Date": 1890, "Last_Date": 0, "Type": "Glass", "Products": null, "QualityCon": "1", "Full_name": null, "Short_name": null, "Web_Link": null, "London_Fir": 0, "Londo_1st_": 1, "Web_refere": null }, "geometry": { "type": "Polygon", "coordinates": [ [ [ -0.048655, 51.560543 ], [ -0.04827, 51.560679 ], [ -0.048031, 51.560416 ], [ -0.048341, 51.560317 ], [ -0.048655, 51.560543 ] ] ] } },
{ "type": "Feature", "properties": { "Map_Name": "Glass Bottle Works", "First_Date": 1890, "Last_Date": 0, "Type": "Glass", "Products": null, "QualityCon": "1", "Full_name": null, "Short_name": null, "Web_Link": null, "London_Fir": 0, "Londo_1st_": 1, "Web_refere": null }, "geometry": { "type": "Polygon", "coordinates": [ [ [ -0.045902, 51.561309 ], [ -0.045748, 51.561398 ], [ -0.04538, 51.561148 ], [ -0.045517, 51.561066 ], [ -0.045554, 51.561089 ], [ -0.045569, 51.561082 ], [ -0.045902, 51.561309 ] ] ] } },
{ "type": "Feature", "properties": { "Map_Name": "India Rubber Works", "First_Date": 1890, "Last_Date": 0, "Type": "Rubber and Gutta-Percha", "Products": null, "QualityCon": "1", "Full_name": null, "Short_name": null, "Web_Link": null, "London_Fir": 0, "Londo_1st_": 1, "Web_refere": null }, "geometry": { "type": "Polygon", "coordinates": [ [ [ -0.048017, 51.560936 ], [ -0.047687, 51.561051 ], [ -0.047621, 51.560984 ], [ -0.047489, 51.561038 ], [ -0.04755, 51.561099 ], [ -0.047517, 51.561111 ], [ -0.047495, 51.561112 ], [ -0.047489, 51.561115 ], [ -0.047408, 51.561146 ], [ -0.047384, 51.561144 ], [ -0.047321, 51.561086 ], [ -0.047296, 51.561078 ], [ -0.047286, 51.56107 ], [ -0.047267, 51.561049 ], [ -0.047254, 51.561052 ], [ -0.047109, 51.560901 ], [ -0.04778, 51.560694 ], [ -0.048017, 51.560936 ] ] ] } },
{ "type": "Feature", "properties": { "Map_Name": "Leabridge Gas Works", "First_Date": 1890, "Last_Date": 0, "Type": "Coal Gas", "Products": null, "QualityCon": "1", "Full_name": null, "Short_name": null, "Web_Link": null, "London_Fir": 0, "Londo_1st_": 1, "Web_refere": null }, "geometry": { "type": "Polygon", "coordinates": [ [ [ -0.032769, 51.566035 ], [ -0.032818, 51.566017 ], [ -0.033192, 51.565869 ], [ -0.033446, 51.565782 ], [ -0.034182, 51.56556 ], [ -0.034306, 51.56561 ], [ -0.034341, 51.565631 ], [ -0.034369, 51.565655 ], [ -0.034415, 51.565639 ], [ -0.034441, 51.565669 ], [ -0.034633, 51.565767 ], [ -0.034659, 51.565774 ], [ -0.034731, 51.565855 ], [ -0.034769, 51.565934 ], [ -0.034532, 51.566027 ], [ -0.035258, 51.566391 ], [ -0.034044, 51.566841 ], [ -0.03364, 51.566466 ], [ -0.033535, 51.566506 ], [ -0.033279, 51.566261 ], [ -0.033169, 51.566207 ], [ -0.032769, 51.566035 ] ] ] } },
{ "type": "Feature", "properties": { "Map_Name": "Mount Works (Printing Ink)", "First_Date": 1890, "Last_Date": 0, "Type": "Chemical", "Products": "Ink", "QualityCon": "1", "Full_name": null, "Short_name": null, "Web_Link": null, "London_Fir": 0, "Londo_1st_": 1, "Web_refere": null }, "geometry": { "type": "Polygon", "coordinates": [ [ [ -0.05779, 51.563411 ], [ -0.057174, 51.563509 ], [ -0.057099, 51.563516 ], [ -0.057042, 51.563321 ], [ -0.057014, 51.563322 ], [ -0.056981, 51.563228 ], [ -0.056872, 51.562938 ], [ -0.05682, 51.562792 ], [ -0.056904, 51.562771 ], [ -0.056889, 51.562735 ], [ -0.057356, 51.562631 ], [ -0.057617, 51.562561 ], [ -0.057711, 51.562652 ], [ -0.057462, 51.562726 ], [ -0.05745, 51.562736 ], [ -0.057514, 51.562883 ], [ -0.05779, 51.563411 ] ] ] } },
{ "type": "Feature", "properties": { "Map_Name": "Tottenham Lager Beer Brewery and Ice Factory", "First_Date": 1890, "Last_Date": 0, "Type": "Brewing", "Products": null, "QualityCon": "1", "Full_name": null, "Short_name": null, "Web_Link": null, "London_Fir": 0, "Londo_1st_": 1, "Web_refere": null }, "geometry": { "type": "Polygon", "coordinates": [ [ [ -0.074816, 51.585594 ], [ -0.074821, 51.585704 ], [ -0.074908, 51.58586 ], [ -0.074995, 51.585859 ], [ -0.074989, 51.586139 ], [ -0.074963, 51.586665 ], [ -0.074945, 51.586707 ], [ -0.07491, 51.586726 ], [ -0.074912, 51.586685 ], [ -0.074477, 51.586743 ], [ -0.074386, 51.586755 ], [ -0.074222, 51.586761 ], [ -0.074222, 51.586767 ], [ -0.073701, 51.586784 ], [ -0.073001, 51.586807 ], [ -0.072988, 51.586458 ], [ -0.072789, 51.586455 ], [ -0.072787, 51.586431 ], [ -0.072795, 51.586428 ], [ -0.072961, 51.586426 ], [ -0.072985, 51.586367 ], [ -0.072812, 51.586346 ], [ -0.07291, 51.586013 ], [ -0.073174, 51.585943 ], [ -0.073179, 51.585307 ], [ -0.072172, 51.585247 ], [ -0.072203, 51.585147 ], [ -0.072432, 51.585175 ], [ -0.072425, 51.585202 ], [ -0.072747, 51.585223 ], [ -0.073207, 51.585252 ], [ -0.07322, 51.585184 ], [ -0.07339, 51.58519 ], [ -0.073632, 51.585214 ], [ -0.074033, 51.585252 ], [ -0.074178, 51.585267 ], [ -0.074289, 51.585272 ], [ -0.07429, 51.585285 ], [ -0.074402, 51.585285 ], [ -0.074653, 51.585288 ], [ -0.074814, 51.585292 ], [ -0.074816, 51.585594 ] ] ] } },
{ "type": "Feature", "properties": { "Map_Name": "Floor Cloth and Linoleum Manufactory", "First_Date": 1890, "Last_Date": 0, "Type": "Furnishings", "Products": "Linoleum", "QualityCon": "1", "Full_name": null, "Short_name": null, "Web_Link": null, "London_Fir": 0, "Londo_1st_": 1, "Web_refere": null }, "geometry": { "type": "Polygon", "coordinates": [ [ [ -0.079561, 51.587569 ], [ -0.078949, 51.587628 ], [ -0.078573, 51.587664 ], [ -0.078492, 51.587396 ], [ -0.078419, 51.58714 ], [ -0.078288, 51.58672 ], [ -0.078193, 51.5864 ], [ -0.078196, 51.586397 ], [ -0.078426, 51.586375 ], [ -0.079077, 51.586312 ], [ -0.079203, 51.586298 ], [ -0.079222, 51.586358 ], [ -0.078803, 51.586402 ], [ -0.078893, 51.586727 ], [ -0.079029, 51.587178 ], [ -0.079242, 51.587161 ], [ -0.079248, 51.587184 ], [ -0.079288, 51.587181 ], [ -0.079298, 51.587195 ], [ -0.079456, 51.587183 ], [ -0.079463, 51.58721 ], [ -0.079561, 51.587569 ] ] ] } },
{ "type": "Feature", "properties": { "Map_Name": "India Rubber Mills", "First_Date": 1890, "Last_Date": 0, "Type": "Rubber and Gutta-Percha", "Products": null, "QualityCon": "1", "Full_name": null, "Short_name": null, "Web_Link": null, "London_Fir": 0, "Londo_1st_": 1, "Web_refere": null }, "geometry": { "type": "Polygon", "coordinates": [ [ [ -0.068942, 51.595226 ], [ -0.068006, 51.595201 ], [ -0.067616, 51.595192 ], [ -0.067617, 51.595259 ], [ -0.066566, 51.595229 ], [ -0.066414, 51.595225 ], [ -0.0664, 51.595217 ], [ -0.066382, 51.59512 ], [ -0.066214, 51.595099 ], [ -0.065684, 51.595049 ], [ -0.065686, 51.595041 ], [ -0.065659, 51.59504 ], [ -0.065536, 51.59502 ], [ -0.065101, 51.594909 ], [ -0.065158, 51.594806 ], [ -0.064535, 51.594642 ], [ -0.063483, 51.594356 ], [ -0.06363, 51.594114 ], [ -0.063795, 51.593785 ], [ -0.064432, 51.5938 ], [ -0.065204, 51.593816 ], [ -0.06614, 51.59385 ], [ -0.066214, 51.59385 ], [ -0.066217, 51.593818 ], [ -0.066338, 51.59382 ], [ -0.066344, 51.594001 ], [ -0.066418, 51.594003 ], [ -0.067026, 51.594015 ], [ -0.06764, 51.594028 ], [ -0.06763, 51.594301 ], [ -0.067904, 51.594308 ], [ -0.067903, 51.59434 ], [ -0.067931, 51.594391 ], [ -0.067939, 51.59446 ], [ -0.068733, 51.594481 ], [ -0.069285, 51.59451 ], [ -0.068942, 51.595226 ] ] ] } },
{ "type": "Feature", "properties": { "Map_Name": "Bell Brewery", "First_Date": 1890, "Last_Date": 0, "Type": "Brewing", "Products": null, "QualityCon": "1", "Full_name": null, "Short_name": null, "Web_Link": null, "London_Fir": 0, "Londo_1st_": 1, "Web_refere": null }, "geometry": { "type": "Polygon", "coordinates": [ [ [ -0.067724, 51.600614 ], [ -0.067274, 51.600615 ], [ -0.067169, 51.600619 ], [ -0.066305, 51.600596 ], [ -0.065269, 51.600555 ], [ -0.065308, 51.60006 ], [ -0.066384, 51.600108 ], [ -0.066423, 51.600095 ], [ -0.066425, 51.600056 ], [ -0.067205, 51.600059 ], [ -0.067265, 51.600056 ], [ -0.067271, 51.599997 ], [ -0.067558, 51.599996 ], [ -0.067622, 51.599971 ], [ -0.067818, 51.599982 ], [ -0.067821, 51.600137 ], [ -0.067817, 51.600228 ], [ -0.06777, 51.60037 ], [ -0.067726, 51.600508 ], [ -0.067724, 51.600614 ] ] ] } },
{ "type": "Feature", "properties": { "Map_Name": "Ink Manufactory", "First_Date": 1890, "Last_Date": 0, "Type": "Chemical", "Products": "Ink", "QualityCon": "1", "Full_name": null, "Short_name": null, "Web_Link": null, "London_Fir": 0, "Londo_1st_": 1, "Web_refere": null }, "geometry": { "type": "Polygon", "coordinates": [ [ [ -0.1047, 51.558968 ], [ -0.104725, 51.558989 ], [ -0.104793, 51.559098 ], [ -0.104975, 51.559402 ], [ -0.105191, 51.55976 ], [ -0.105207, 51.559801 ], [ -0.104946, 51.559876 ], [ -0.104941, 51.559885 ], [ -0.104764, 51.559939 ], [ -0.104735, 51.559901 ], [ -0.104629, 51.559929 ], [ -0.104626, 51.559939 ], [ -0.104415, 51.559998 ], [ -0.104331, 51.559868 ], [ -0.104701, 51.559784 ], [ -0.104536, 51.559508 ], [ -0.104163, 51.559592 ], [ -0.103944, 51.559225 ], [ -0.103816, 51.559008 ], [ -0.104539, 51.558776 ], [ -0.1047, 51.558968 ] ] ] } },
{ "type": "Feature", "properties": { "Map_Name": "North London Carriage Works", "First_Date": 1890, "Last_Date": 0, "Type": "General", "Products": null, "QualityCon": "1", "Full_name": null, "Short_name": null, "Web_Link": null, "London_Fir": 0, "Londo_1st_": 1, "Web_refere": null }, "geometry": { "type": "Polygon", "coordinates": [ [ [ -0.123035, 51.566236 ], [ -0.122743, 51.566388 ], [ -0.122852, 51.566509 ], [ -0.122925, 51.566579 ], [ -0.122567, 51.566753 ], [ -0.122469, 51.56667 ], [ -0.122369, 51.566575 ], [ -0.12208, 51.56627 ], [ -0.122462, 51.566087 ], [ -0.122365, 51.566007 ], [ -0.122355, 51.566008 ], [ -0.122332, 51.565987 ], [ -0.122307, 51.565996 ], [ -0.122281, 51.565977 ], [ -0.122303, 51.565963 ], [ -0.122313, 51.56597 ], [ -0.122412, 51.565921 ], [ -0.122265, 51.565797 ], [ -0.122402, 51.565736 ], [ -0.122557, 51.565868 ], [ -0.122622, 51.565915 ], [ -0.122701, 51.565971 ], [ -0.122721, 51.565972 ], [ -0.12276, 51.565961 ], [ -0.122812, 51.565935 ], [ -0.122954, 51.56587 ], [ -0.123003, 51.56591 ], [ -0.122803, 51.566004 ], [ -0.122791, 51.566017 ], [ -0.12279, 51.566036 ], [ -0.12278, 51.566042 ], [ -0.123035, 51.566236 ] ] ] } },
{ "type": "Feature", "properties": { "Map_Name": "Printing Ink and Varnish Manufactory", "First_Date": 1860, "Last_Date": 0, "Type": "Printing", "Products": null, "QualityCon": "1", "Full_name": null, "Short_name": null, "Web_Link": null, "London_Fir": 1, "Londo_1st_": 1, "Web_refere": null }, "geometry": { "type": "Polygon", "coordinates": [ [ [ -0.123653, 51.567452 ], [ -0.123634, 51.567462 ], [ -0.122788, 51.567762 ], [ -0.122649, 51.567617 ], [ -0.12297, 51.567506 ], [ -0.123137, 51.567445 ], [ -0.123095, 51.5674 ], [ -0.123155, 51.567376 ], [ -0.123195, 51.567421 ], [ -0.123322, 51.567377 ], [ -0.123131, 51.567172 ], [ -0.123159, 51.567162 ], [ -0.12312, 51.567122 ], [ -0.123314, 51.567044 ], [ -0.123653, 51.567452 ] ] ] } },
{ "type": "Feature", "properties": { "Map_Name": "Steam Joinery Works", "First_Date": 1890, "Last_Date": 0, "Type": "General", "Products": null, "QualityCon": "1", "Full_name": null, "Short_name": null, "Web_Link": null, "London_Fir": 0, "Londo_1st_": 1, "Web_refere": null }, "geometry": { "type": "Polygon", "coordinates": [ [ [ -0.125162, 51.568827 ], [ -0.125039, 51.568997 ], [ -0.124598, 51.568648 ], [ -0.12446, 51.568732 ], [ -0.124564, 51.568804 ], [ -0.124493, 51.568841 ], [ -0.124728, 51.56902 ], [ -0.124579, 51.569086 ], [ -0.124451, 51.569152 ], [ -0.124357, 51.569087 ], [ -0.124342, 51.569187 ], [ -0.124427, 51.569349 ], [ -0.124376, 51.569353 ], [ -0.124413, 51.569539 ], [ -0.124326, 51.56956 ], [ -0.124116, 51.568862 ], [ -0.123835, 51.56853 ], [ -0.123949, 51.568501 ], [ -0.124233, 51.568387 ], [ -0.124525, 51.568278 ], [ -0.124533, 51.568314 ], [ -0.124763, 51.568505 ], [ -0.125162, 51.568827 ] ] ] } },
{ "type": "Feature", "properties": { "Map_Name": "Holloway Mills (Sawing and Planning)", "First_Date": 1890, "Last_Date": 0, "Type": "Timber Mill", "Products": null, "QualityCon": "1", "Full_name": null, "Short_name": null, "Web_Link": null, "London_Fir": 0, "Londo_1st_": 1, "Web_refere": null }, "geometry": { "type": "Polygon", "coordinates": [ [ [ -0.131759, 51.565984 ], [ -0.13135, 51.566233 ], [ -0.131027, 51.566047 ], [ -0.131458, 51.56581 ], [ -0.131759, 51.565984 ] ] ] } },
{ "type": "Feature", "properties": { "Map_Name": "Batavia Lead Mills", "First_Date": 1890, "Last_Date": 0, "Type": "Metal", "Products": "Lead", "QualityCon": "1", "Full_name": null, "Short_name": null, "Web_Link": null, "London_Fir": 0, "Londo_1st_": 1, "Web_refere": null }, "geometry": { "type": "Polygon", "coordinates": [ [ [ -0.131526, 51.565631 ], [ -0.131326, 51.565506 ], [ -0.131168, 51.565403 ], [ -0.130991, 51.565298 ], [ -0.131305, 51.565107 ], [ -0.131512, 51.564985 ], [ -0.131571, 51.564954 ], [ -0.131796, 51.564802 ], [ -0.131868, 51.564753 ], [ -0.131945, 51.564687 ], [ -0.132205, 51.564796 ], [ -0.13229, 51.564718 ], [ -0.132606, 51.56485 ], [ -0.132425, 51.564993 ], [ -0.132129, 51.565215 ], [ -0.131888, 51.565402 ], [ -0.131526, 51.565631 ] ] ] } },
{ "type": "Feature", "properties": { "Map_Name": "Midland Works (Road Vehicle)", "First_Date": 1890, "Last_Date": 0, "Type": "General", "Products": null, "QualityCon": "1", "Full_name": null, "Short_name": null, "Web_Link": null, "London_Fir": 0, "Londo_1st_": 1, "Web_refere": null }, "geometry": { "type": "Polygon", "coordinates": [ [ [ -0.148037, 51.550702 ], [ -0.14847, 51.551261 ], [ -0.148627, 51.551452 ], [ -0.147947, 51.551674 ], [ -0.14783, 51.551527 ], [ -0.147797, 51.551518 ], [ -0.147716, 51.551237 ], [ -0.147482, 51.551318 ], [ -0.147474, 51.550922 ], [ -0.14747, 51.55078 ], [ -0.14758, 51.550883 ], [ -0.148037, 51.550702 ] ] ] } },
{ "type": "Feature", "properties": { "Map_Name": "Dye Works", "First_Date": 1890, "Last_Date": 0, "Type": "Chemical", "Products": null, "QualityCon": "1", "Full_name": null, "Short_name": null, "Web_Link": null, "London_Fir": 0, "Londo_1st_": 1, "Web_refere": null }, "geometry": { "type": "Polygon", "coordinates": [ [ [ -0.139139, 51.552359 ], [ -0.139067, 51.552594 ], [ -0.138809, 51.552562 ], [ -0.138748, 51.552748 ], [ -0.138638, 51.552736 ], [ -0.138692, 51.552547 ], [ -0.138338, 51.552507 ], [ -0.138384, 51.552275 ], [ -0.139139, 51.552359 ] ] ] } },
{ "type": "Feature", "properties": { "Map_Name": "Albion Brewery", "First_Date": 1890, "Last_Date": 0, "Type": "Brewing", "Products": null, "QualityCon": "1", "Full_name": null, "Short_name": null, "Web_Link": null, "London_Fir": 0, "Londo_1st_": 1, "Web_refere": null }, "geometry": { "type": "Polygon", "coordinates": [ [ [ -0.119783, 51.55009 ], [ -0.119097, 51.550368 ], [ -0.119091, 51.550365 ], [ -0.119075, 51.550367 ], [ -0.119068, 51.550359 ], [ -0.11907, 51.550351 ], [ -0.118543, 51.550028 ], [ -0.119516, 51.549744 ], [ -0.119783, 51.55009 ] ] ] } },
{ "type": "Feature", "properties": { "Map_Name": "Grafton Printing Works", "First_Date": 1890, "Last_Date": 0, "Type": "Printing", "Products": null, "QualityCon": "1", "Full_name": null, "Short_name": null, "Web_Link": null, "London_Fir": 0, "Londo_1st_": 1, "Web_refere": null }, "geometry": { "type": "Polygon", "coordinates": [ [ [ -0.119516, 51.549744 ], [ -0.120415, 51.549485 ], [ -0.120618, 51.549749 ], [ -0.120367, 51.549853 ], [ -0.119783, 51.55009 ], [ -0.119516, 51.549744 ] ] ] } },
{ "type": "Feature", "properties": { "Map_Name": "Organ Works", "First_Date": 1890, "Last_Date": 0, "Type": "General", "Products": null, "QualityCon": "1", "Full_name": null, "Short_name": null, "Web_Link": null, "London_Fir": 0, "Londo_1st_": 1, "Web_refere": null }, "geometry": { "type": "Polygon", "coordinates": [ [ [ -0.126195, 51.547828 ], [ -0.126171, 51.547805 ], [ -0.126692, 51.547655 ], [ -0.126975, 51.547571 ], [ -0.127178, 51.547818 ], [ -0.126858, 51.548063 ], [ -0.126254, 51.548535 ], [ -0.125977, 51.548169 ], [ -0.126363, 51.548053 ], [ -0.126195, 51.547828 ] ] ] } },
{ "type": "Feature", "properties": { "Map_Name": "Phoenix Match Works", "First_Date": 1890, "Last_Date": 0, "Type": "Chemical", "Products": null, "QualityCon": "1", "Full_name": null, "Short_name": null, "Web_Link": null, "London_Fir": 0, "Londo_1st_": 1, "Web_refere": null }, "geometry": { "type": "Polygon", "coordinates": [ [ [ -0.019948, 51.518533 ], [ -0.019989, 51.518534 ], [ -0.020008, 51.518626 ], [ -0.020005, 51.518673 ], [ -0.020018, 51.518712 ], [ -0.020071, 51.518835 ], [ -0.020121, 51.518944 ], [ -0.020187, 51.519204 ], [ -0.020157, 51.519415 ], [ -0.020141, 51.519483 ], [ -0.019687, 51.519584 ], [ -0.019553, 51.519612 ], [ -0.019435, 51.519391 ], [ -0.019292, 51.519137 ], [ -0.019139, 51.518852 ], [ -0.019097, 51.518787 ], [ -0.019948, 51.518533 ] ] ] } },
{ "type": "Feature", "properties": { "Map_Name": "Phoenix Printing Ink Works", "First_Date": 1890, "Last_Date": 0, "Type": "Chemical", "Products": "Ink", "QualityCon": "1", "Full_name": null, "Short_name": null, "Web_Link": null, "London_Fir": 0, "Londo_1st_": 1, "Web_refere": null }, "geometry": { "type": "Polygon", "coordinates": [ [ [ -0.019403, 51.519677 ], [ -0.018446, 51.519878 ], [ -0.018422, 51.519872 ], [ -0.018107, 51.51932 ], [ -0.018506, 51.51923 ], [ -0.01846, 51.519154 ], [ -0.018812, 51.519078 ], [ -0.018643, 51.518777 ], [ -0.018873, 51.518711 ], [ -0.019167, 51.519244 ], [ -0.018953, 51.519292 ], [ -0.019109, 51.519565 ], [ -0.019319, 51.51952 ], [ -0.019403, 51.519677 ] ] ] } },
{ "type": "Feature", "properties": { "Map_Name": "Paint and Colour Works", "First_Date": 1890, "Last_Date": 0, "Type": "Varnish Colour and Paint", "Products": null, "QualityCon": "1", "Full_name": null, "Short_name": null, "Web_Link": null, "London_Fir": 0, "Londo_1st_": 1, "Web_refere": null }, "geometry": { "type": "Polygon", "coordinates": [ [ [ -0.018417, 51.519079 ], [ -0.018506, 51.51923 ], [ -0.018107, 51.51932 ], [ -0.018063, 51.519242 ], [ -0.018275, 51.519196 ], [ -0.018232, 51.519121 ], [ -0.018417, 51.519079 ] ] ] } },
{ "type": "Feature", "properties": { "Map_Name": "Soap Works", "First_Date": 1890, "Last_Date": 0, "Type": "Soap Candle Tallow and Oil", "Products": null, "QualityCon": "1", "Full_name": null, "Short_name": "Soap Works", "Web_Link": null, "London_Fir": 0, "Londo_1st_": 1, "Web_refere": null }, "geometry": { "type": "Polygon", "coordinates": [ [ [ -0.018417, 51.519079 ], [ -0.018232, 51.519121 ], [ -0.018275, 51.519196 ], [ -0.018063, 51.519242 ], [ -0.017905, 51.518967 ], [ -0.018304, 51.518868 ], [ -0.018417, 51.519079 ] ] ] } },
{ "type": "Feature", "properties": { "Map_Name": "Tallow and Bone Works", "First_Date": 1890, "Last_Date": 0, "Type": "Soap Candle Tallow and Oil", "Products": null, "QualityCon": "1", "Full_name": null, "Short_name": "Tallow and Bone Works", "Web_Link": null, "London_Fir": 0, "Londo_1st_": 1, "Web_refere": null }, "geometry": { "type": "Polygon", "coordinates": [ [ [ -0.018441, 51.518833 ], [ -0.018566, 51.519056 ], [ -0.018422, 51.519087 ], [ -0.018304, 51.518868 ], [ -0.018441, 51.518833 ] ] ] } },
{ "type": "Feature", "properties": { "Map_Name": "Britannia Rubber and Kamptulicon Works", "First_Date": 1890, "Last_Date": 0, "Type": "Rubber and Gutta-Percha", "Products": null, "QualityCon": "1", "Full_name": null, "Short_name": null, "Web_Link": null, "London_Fir": 0, "Londo_1st_": 1, "Web_refere": null }, "geometry": { "type": "Polygon", "coordinates": [ [ [ -0.019403, 51.519677 ], [ -0.019519, 51.519875 ], [ -0.0196, 51.52002 ], [ -0.019662, 51.520129 ], [ -0.019726, 51.520233 ], [ -0.019734, 51.520256 ], [ -0.019813, 51.520277 ], [ -0.019711, 51.520398 ], [ -0.019613, 51.520512 ], [ -0.019515, 51.520625 ], [ -0.019469, 51.520611 ], [ -0.019409, 51.520505 ], [ -0.019338, 51.520375 ], [ -0.019265, 51.520244 ], [ -0.019234, 51.520188 ], [ -0.019159, 51.520054 ], [ -0.019069, 51.519897 ], [ -0.018994, 51.519763 ], [ -0.019403, 51.519677 ] ] ] } },
{ "type": "Feature", "properties": { "Map_Name": "Ailsa Wharf (Oil Works)", "First_Date": 1890, "Last_Date": 0, "Type": "Oil and Petroleum", "Products": null, "QualityCon": "1", "Full_name": null, "Short_name": null, "Web_Link": null, "London_Fir": 0, "Londo_1st_": 1, "Web_refere": null }, "geometry": { "type": "Polygon", "coordinates": [ [ [ -0.007659, 51.518494 ], [ -0.007439, 51.518502 ], [ -0.007134, 51.518625 ], [ -0.006761, 51.518289 ], [ -0.006639, 51.518133 ], [ -0.006405, 51.517812 ], [ -0.007191, 51.51779 ], [ -0.007231, 51.518061 ], [ -0.007646, 51.518297 ], [ -0.007659, 51.518494 ] ] ] } },
{ "type": "Feature", "properties": { "Map_Name": "Glass Bottle Works", "First_Date": 1890, "Last_Date": 0, "Type": "Glass", "Products": null, "QualityCon": "1", "Full_name": null, "Short_name": null, "Web_Link": null, "London_Fir": 0, "Londo_1st_": 1, "Web_refere": null }, "geometry": { "type": "Polygon", "coordinates": [ [ [ 0.017316, 51.514252 ], [ 0.017854, 51.514182 ], [ 0.017763, 51.5137 ], [ 0.017468, 51.513718 ], [ 0.017438, 51.513705 ], [ 0.01726, 51.513723 ], [ 0.017284, 51.514009 ], [ 0.017316, 51.514252 ] ] ] } },
{ "type": "Feature", "properties": { "Map_Name": "Commercial Brewery", "First_Date": 1893, "Last_Date": 0, "Type": "Brewing", "Products": null, "QualityCon": "1", "Full_name": null, "Short_name": null, "Web_Link": null, "London_Fir": 0, "Londo_1st_": 1, "Web_refere": null }, "geometry": { "type": "Polygon", "coordinates": [ [ [ -0.044041, 51.512449 ], [ -0.04409, 51.512449 ], [ -0.044091, 51.512571 ], [ -0.044293, 51.512573 ], [ -0.044293, 51.512778 ], [ -0.044297, 51.512889 ], [ -0.044299, 51.513107 ], [ -0.044019, 51.513112 ], [ -0.043917, 51.513107 ], [ -0.043804, 51.513108 ], [ -0.043795, 51.512736 ], [ -0.044046, 51.512733 ], [ -0.044041, 51.512449 ] ] ] } },
{ "type": "Feature", "properties": { "Map_Name": "Universal Saw and Turning Mills", "First_Date": 1890, "Last_Date": 0, "Type": "Timber Mill", "Products": null, "QualityCon": "1", "Full_name": null, "Short_name": null, "Web_Link": null, "London_Fir": 0, "Londo_1st_": 1, "Web_refere": null }, "geometry": { "type": "Polygon", "coordinates": [ [ [ -0.04348, 51.512345 ], [ -0.043453, 51.512657 ], [ -0.043129, 51.512661 ], [ -0.043133, 51.512544 ], [ -0.042931, 51.512547 ], [ -0.042558, 51.51255 ], [ -0.042561, 51.512657 ], [ -0.042501, 51.512655 ], [ -0.042492, 51.512414 ], [ -0.04247, 51.512413 ], [ -0.042437, 51.512402 ], [ -0.042415, 51.512392 ], [ -0.04348, 51.512345 ] ] ] } },
{ "type": "Feature", "properties": { "Map_Name": "Burrell's Wharf (Color Works)", "First_Date": 1890, "Last_Date": 0, "Type": "Varnish Colour and Paint", "Products": null, "QualityCon": "1", "Full_name": null, "Short_name": null, "Web_Link": null, "London_Fir": 0, "Londo_1st_": 1, "Web_refere": null }, "geometry": { "type": "Polygon", "coordinates": [ [ [ -0.019954, 51.486976 ], [ -0.020434, 51.48713 ], [ -0.02026, 51.487378 ], [ -0.020611, 51.487479 ], [ -0.020506, 51.487628 ], [ -0.020096, 51.488219 ], [ -0.020258, 51.488263 ], [ -0.020096, 51.488498 ], [ -0.019563, 51.488357 ], [ -0.01919, 51.488201 ], [ -0.019026, 51.488134 ], [ -0.019154, 51.487953 ], [ -0.019261, 51.487975 ], [ -0.019329, 51.48786 ], [ -0.019152, 51.487809 ], [ -0.0193, 51.487575 ], [ -0.019443, 51.487612 ], [ -0.019492, 51.487528 ], [ -0.019347, 51.487493 ], [ -0.019954, 51.486976 ] ] ] } },
{ "type": "Feature", "properties": { "Map_Name": "Millwall Yard and Klondyke Yard", "First_Date": 0, "Last_Date": 0, "Type": "General", "Products": null, "QualityCon": "1", "Full_name": null, "Short_name": null, "Web_Link": null, "London_Fir": 0, "Londo_1st_": 1, "Web_refere": null }, "geometry": { "type": "Polygon", "coordinates": [ [ [ -0.018633, 51.488318 ], [ -0.018726, 51.488355 ], [ -0.018848, 51.488395 ], [ -0.01922, 51.488559 ], [ -0.01954, 51.488695 ], [ -0.0192, 51.489004 ], [ -0.019599, 51.489185 ], [ -0.018203, 51.49027 ], [ -0.016989, 51.489776 ], [ -0.017011, 51.489599 ], [ -0.017028, 51.489511 ], [ -0.017061, 51.489451 ], [ -0.017089, 51.489412 ], [ -0.017158, 51.489307 ], [ -0.017179, 51.48927 ], [ -0.017193, 51.489229 ], [ -0.017209, 51.489165 ], [ -0.017244, 51.489044 ], [ -0.017284, 51.488919 ], [ -0.017305, 51.488856 ], [ -0.017378, 51.488567 ], [ -0.017502, 51.488185 ], [ -0.017712, 51.488269 ], [ -0.017764, 51.488237 ], [ -0.017972, 51.488033 ], [ -0.018447, 51.488225 ], [ -0.018586, 51.488299 ], [ -0.018633, 51.488318 ] ] ] } },
{ "type": "Feature", "properties": { "Map_Name": "Cocoa Works", "First_Date": 1890, "Last_Date": 0, "Type": "Food", "Products": null, "QualityCon": "1", "Full_name": null, "Short_name": null, "Web_Link": null, "London_Fir": 0, "Londo_1st_": 1, "Web_refere": null }, "geometry": { "type": "Polygon", "coordinates": [ [ [ -0.053916, 51.48986 ], [ -0.053598, 51.489988 ], [ -0.053504, 51.489849 ], [ -0.053543, 51.489841 ], [ -0.053521, 51.489752 ], [ -0.053375, 51.489688 ], [ -0.053261, 51.489705 ], [ -0.053245, 51.489666 ], [ -0.053344, 51.489618 ], [ -0.053916, 51.48986 ] ] ] } },
{ "type": "Feature", "properties": { "Map_Name": "London Tramway Works", "First_Date": 1890, "Last_Date": 0, "Type": "Engineering", "Products": null, "QualityCon": "1", "Full_name": null, "Short_name": null, "Web_Link": null, "London_Fir": 0, "Londo_1st_": 1, "Web_refere": null }, "geometry": { "type": "Polygon", "coordinates": [ [ [ -0.096815, 51.48753 ], [ -0.096428, 51.487652 ], [ -0.096237, 51.487716 ], [ -0.096249, 51.48773 ], [ -0.096176, 51.48775 ], [ -0.096072, 51.487639 ], [ -0.095982, 51.487495 ], [ -0.095962, 51.487463 ], [ -0.096034, 51.48726 ], [ -0.096062, 51.487177 ], [ -0.09599, 51.487067 ], [ -0.096179, 51.487019 ], [ -0.0961, 51.486904 ], [ -0.09615, 51.48689 ], [ -0.096216, 51.486974 ], [ -0.096463, 51.486911 ], [ -0.096538, 51.487032 ], [ -0.096608, 51.487132 ], [ -0.096815, 51.48753 ] ] ] } },
{ "type": "Feature", "properties": { "Map_Name": "Screw Stopper Factory", "First_Date": 1890, "Last_Date": 0, "Type": "General", "Products": null, "QualityCon": "1", "Full_name": null, "Short_name": null, "Web_Link": null, "London_Fir": 0, "Londo_1st_": 1, "Web_refere": null }, "geometry": { "type": "Polygon", "coordinates": [ [ [ -0.124445, 51.47618 ], [ -0.124387, 51.476397 ], [ -0.123243, 51.476337 ], [ -0.123234, 51.476173 ], [ -0.123641, 51.476152 ], [ -0.124445, 51.47618 ] ] ] } },
{ "type": "Feature", "properties": { "Map_Name": "Saw Mills (Wood and Stone)", "First_Date": 1890, "Last_Date": 0, "Type": "Timber Mill", "Products": null, "QualityCon": "1", "Full_name": null, "Short_name": null, "Web_Link": null, "London_Fir": 0, "Londo_1st_": 1, "Web_refere": null }, "geometry": { "type": "Polygon", "coordinates": [ [ [ -0.144934, 51.487116 ], [ -0.144577, 51.487178 ], [ -0.144377, 51.487212 ], [ -0.144416, 51.487314 ], [ -0.144412, 51.487318 ], [ -0.144071, 51.487362 ], [ -0.144012, 51.487368 ], [ -0.143949, 51.487236 ], [ -0.143935, 51.487152 ], [ -0.143905, 51.487071 ], [ -0.14388, 51.487008 ], [ -0.143827, 51.486918 ], [ -0.143787, 51.486854 ], [ -0.143701, 51.486702 ], [ -0.143671, 51.486514 ], [ -0.143647, 51.486375 ], [ -0.143775, 51.486366 ], [ -0.14391, 51.486452 ], [ -0.144071, 51.486419 ], [ -0.144052, 51.486384 ], [ -0.144635, 51.48646 ], [ -0.144607, 51.486556 ], [ -0.144934, 51.487116 ] ] ] } },
{ "type": "Feature", "properties": { "Map_Name": "Oxygen Works", "First_Date": 1890, "Last_Date": 0, "Type": "Chemical", "Products": null, "QualityCon": "1", "Full_name": null, "Short_name": null, "Web_Link": null, "London_Fir": 0, "Londo_1st_": 1, "Web_refere": null }, "geometry": { "type": "Polygon", "coordinates": [ [ [ -0.133973, 51.494617 ], [ -0.13316, 51.494903 ], [ -0.132992, 51.494717 ], [ -0.133299, 51.494608 ], [ -0.133805, 51.49443 ], [ -0.133973, 51.494617 ] ] ] } },
{ "type": "Feature", "properties": { "Map_Name": "Gas Works", "First_Date": 1890, "Last_Date": 0, "Type": "Coal Gas", "Products": null, "QualityCon": "1", "Full_name": null, "Short_name": null, "Web_Link": null, "London_Fir": 0, "Londo_1st_": 1, "Web_refere": null }, "geometry": { "type": "Polygon", "coordinates": [ [ [ -0.130894, 51.496782 ], [ -0.130503, 51.496782 ], [ -0.129962, 51.4968 ], [ -0.129947, 51.496677 ], [ -0.129909, 51.496496 ], [ -0.129851, 51.4965 ], [ -0.129825, 51.496302 ], [ -0.129781, 51.495986 ], [ -0.129783, 51.49593 ], [ -0.12973, 51.495891 ], [ -0.12971, 51.495733 ], [ -0.129649, 51.495334 ], [ -0.129606, 51.494933 ], [ -0.130114, 51.494946 ], [ -0.130762, 51.494961 ], [ -0.130775, 51.495292 ], [ -0.130783, 51.495632 ], [ -0.130792, 51.495924 ], [ -0.130817, 51.495999 ], [ -0.130894, 51.496782 ] ] ] } },
{ "type": "Feature", "properties": { "Map_Name": "Zinc Works", "First_Date": 1890, "Last_Date": 0, "Type": "Metal", "Products": null, "QualityCon": "1", "Full_name": null, "Short_name": null, "Web_Link": null, "London_Fir": 0, "Londo_1st_": 1, "Web_refere": null }, "geometry": { "type": "Polygon", "coordinates": [ [ [ -0.127484, 51.495645 ], [ -0.127253, 51.495664 ], [ -0.127226, 51.495551 ], [ -0.126958, 51.495569 ], [ -0.12696, 51.49555 ], [ -0.127002, 51.495509 ], [ -0.127128, 51.495502 ], [ -0.127463, 51.495482 ], [ -0.127484, 51.495645 ] ] ] } },
{ "type": "Feature", "properties": { "Map_Name": "Billiard Table Works", "First_Date": 1890, "Last_Date": 0, "Type": "General", "Products": null, "QualityCon": "1", "Full_name": null, "Short_name": null, "Web_Link": null, "London_Fir": 0, "Londo_1st_": 1, "Web_refere": null }, "geometry": { "type": "Polygon", "coordinates": [ [ [ -0.130387, 51.49694 ], [ -0.130428, 51.4972 ], [ -0.130473, 51.497197 ], [ -0.130489, 51.497263 ], [ -0.129972, 51.497295 ], [ -0.129915, 51.496972 ], [ -0.130387, 51.49694 ] ] ] } },
{ "type": "Feature", "properties": { "Map_Name": "Stag Brewery", "First_Date": 1890, "Last_Date": 0, "Type": "Brewing", "Products": null, "QualityCon": "1", "Full_name": null, "Short_name": null, "Web_Link": null, "London_Fir": 0, "Londo_1st_": 1, "Web_refere": null }, "geometry": { "type": "Polygon", "coordinates": [ [ [ -0.139531, 51.497278 ], [ -0.140035, 51.497202 ], [ -0.140269, 51.497171 ], [ -0.140278, 51.497196 ], [ -0.140873, 51.497109 ], [ -0.141515, 51.497013 ], [ -0.141503, 51.496988 ], [ -0.142036, 51.496912 ], [ -0.142052, 51.496945 ], [ -0.142319, 51.496913 ], [ -0.14229, 51.497084 ], [ -0.142284, 51.497094 ], [ -0.142323, 51.497099 ], [ -0.142313, 51.49719 ], [ -0.142427, 51.497197 ], [ -0.142395, 51.497376 ], [ -0.142388, 51.497469 ], [ -0.142346, 51.497477 ], [ -0.142259, 51.497491 ], [ -0.14227, 51.497547 ], [ -0.14234, 51.49784 ], [ -0.14239, 51.498085 ], [ -0.142428, 51.498086 ], [ -0.142413, 51.498191 ], [ -0.142196, 51.498169 ], [ -0.141931, 51.498157 ], [ -0.141564, 51.498139 ], [ -0.141363, 51.498128 ], [ -0.140959, 51.498081 ], [ -0.140629, 51.498044 ], [ -0.140243, 51.497999 ], [ -0.140197, 51.498002 ], [ -0.139992, 51.498096 ], [ -0.139987, 51.498098 ], [ -0.139844, 51.497964 ], [ -0.139732, 51.497857 ], [ -0.139531, 51.497278 ] ] ] } },
{ "type": "Feature", "properties": { "Map_Name": "Printing Ink Works", "First_Date": 1890, "Last_Date": 0, "Type": "Chemical", "Products": "Ink", "QualityCon": "1", "Full_name": null, "Short_name": null, "Web_Link": null, "London_Fir": 0, "Londo_1st_": 1, "Web_refere": null }, "geometry": { "type": "Polygon", "coordinates": [ [ [ -0.100821, 51.504951 ], [ -0.100331, 51.504878 ], [ -0.10003, 51.504874 ], [ -0.099993, 51.504683 ], [ -0.099969, 51.504578 ], [ -0.10011, 51.504566 ], [ -0.100117, 51.504599 ], [ -0.100163, 51.504598 ], [ -0.10017, 51.504607 ], [ -0.100392, 51.504598 ], [ -0.100482, 51.504602 ], [ -0.100579, 51.504608 ], [ -0.100781, 51.504621 ], [ -0.100924, 51.50463 ], [ -0.100883, 51.504795 ], [ -0.100889, 51.504801 ], [ -0.100821, 51.504951 ] ] ] } },
{ "type": "Feature", "properties": { "Map_Name": "Leather Works", "First_Date": 1890, "Last_Date": 0, "Type": "Leather and Skins", "Products": null, "QualityCon": "1", "Full_name": null, "Short_name": null, "Web_Link": null, "London_Fir": 0, "Londo_1st_": 1, "Web_refere": null }, "geometry": { "type": "Polygon", "coordinates": [ [ [ -0.074629, 51.499944 ], [ -0.074416, 51.499981 ], [ -0.074307, 51.500017 ], [ -0.074296, 51.500025 ], [ -0.074146, 51.500053 ], [ -0.074095, 51.500045 ], [ -0.074023, 51.499848 ], [ -0.074067, 51.499817 ], [ -0.074129, 51.499831 ], [ -0.074237, 51.49982 ], [ -0.074478, 51.499794 ], [ -0.074555, 51.49978 ], [ -0.074629, 51.499944 ] ] ] } },
{ "type": "Feature", "properties": { "Map_Name": "Phoenix Wharf (Spice Mills)", "First_Date": 1890, "Last_Date": 0, "Type": "Food", "Products": "Spices", "QualityCon": "1", "Full_name": null, "Short_name": null, "Web_Link": null, "London_Fir": 0, "Londo_1st_": 1, "Web_refere": null }, "geometry": { "type": "Polygon", "coordinates": [ [ [ -0.074455, 51.499973 ], [ -0.074474, 51.500011 ], [ -0.07446, 51.500016 ], [ -0.074525, 51.500224 ], [ -0.074423, 51.500215 ], [ -0.074412, 51.500268 ], [ -0.074169, 51.500243 ], [ -0.074181, 51.500185 ], [ -0.074057, 51.500167 ], [ -0.074012, 51.500222 ], [ -0.073778, 51.500165 ], [ -0.073793, 51.500128 ], [ -0.073825, 51.499912 ], [ -0.074043, 51.499891 ], [ -0.074098, 51.500043 ], [ -0.074149, 51.500051 ], [ -0.0743, 51.500023 ], [ -0.07431, 51.500016 ], [ -0.074419, 51.499979 ], [ -0.074455, 51.499973 ] ] ] } },
{ "type": "Feature", "properties": { "Map_Name": "Leather Cloth Works", "First_Date": 1890, "Last_Date": 0, "Type": "Leather and Skins", "Products": null, "QualityCon": "1", "Full_name": null, "Short_name": null, "Web_Link": null, "London_Fir": 0, "Londo_1st_": 1, "Web_refere": null }, "geometry": { "type": "Polygon", "coordinates": [ [ [ 0.005737, 51.533029 ], [ 0.005427, 51.533326 ], [ 0.005347, 51.533489 ], [ 0.005432, 51.533607 ], [ 0.005643, 51.533891 ], [ 0.005829, 51.53411 ], [ 0.005884, 51.53412 ], [ 0.006005, 51.534082 ], [ 0.006039, 51.534126 ], [ 0.005896, 51.534173 ], [ 0.005891, 51.534191 ], [ 0.005957, 51.534297 ], [ 0.006454, 51.534964 ], [ 0.007294, 51.534716 ], [ 0.007647, 51.534728 ], [ 0.007707, 51.534311 ], [ 0.007769, 51.533946 ], [ 0.00782, 51.533584 ], [ 0.007844, 51.533521 ], [ 0.007896, 51.533399 ], [ 0.007373, 51.533305 ], [ 0.006521, 51.533153 ], [ 0.005737, 51.533029 ] ] ] } },
{ "type": "Feature", "properties": { "Map_Name": "Triton Chemical Works", "First_Date": 1890, "Last_Date": 0, "Type": "Chemical", "Products": null, "QualityCon": "1", "Full_name": null, "Short_name": null, "Web_Link": null, "London_Fir": 0, "Londo_1st_": 1, "Web_refere": null }, "geometry": { "type": "Polygon", "coordinates": [ [ [ -0.055498, 51.570102 ], [ -0.055155, 51.570304 ], [ -0.055116, 51.570315 ], [ -0.055069, 51.570353 ], [ -0.055079, 51.570356 ], [ -0.055085, 51.570368 ], [ -0.054995, 51.570349 ], [ -0.054952, 51.570337 ], [ -0.054889, 51.570318 ], [ -0.054751, 51.570276 ], [ -0.054701, 51.570247 ], [ -0.054665, 51.570239 ], [ -0.05465, 51.570232 ], [ -0.054608, 51.570187 ], [ -0.054577, 51.570169 ], [ -0.054567, 51.570151 ], [ -0.054558, 51.570132 ], [ -0.05454, 51.570116 ], [ -0.054489, 51.570084 ], [ -0.054467, 51.570067 ], [ -0.054448, 51.570047 ], [ -0.054437, 51.570034 ], [ -0.054415, 51.570007 ], [ -0.05445, 51.569998 ], [ -0.054435, 51.569971 ], [ -0.054872, 51.569725 ], [ -0.054901, 51.569713 ], [ -0.054922, 51.569729 ], [ -0.054951, 51.569713 ], [ -0.054973, 51.569728 ], [ -0.054831, 51.569809 ], [ -0.054914, 51.569864 ], [ -0.054912, 51.56987 ], [ -0.055041, 51.569956 ], [ -0.055116, 51.57001 ], [ -0.055071, 51.570046 ], [ -0.055087, 51.570056 ], [ -0.055053, 51.570077 ], [ -0.055119, 51.570121 ], [ -0.055199, 51.570079 ], [ -0.055296, 51.570141 ], [ -0.055405, 51.570081 ], [ -0.055423, 51.570091 ], [ -0.055434, 51.570086 ], [ -0.05545, 51.570098 ], [ -0.055473, 51.570084 ], [ -0.055498, 51.570102 ] ] ] } },
{ "type": "Feature", "properties": { "Map_Name": "Victoria Park Steam Bone Works", "First_Date": 1890, "Last_Date": 0, "Type": "Chemical", "Products": null, "QualityCon": "1", "Full_name": null, "Short_name": null, "Web_Link": null, "London_Fir": 0, "Londo_1st_": 1, "Web_refere": null }, "geometry": { "type": "Polygon", "coordinates": [ [ [ -0.016769, 51.542566 ], [ -0.016705, 51.542564 ], [ -0.01648, 51.542547 ], [ -0.016407, 51.542539 ], [ -0.016422, 51.542336 ], [ -0.016463, 51.542155 ], [ -0.016511, 51.542003 ], [ -0.016532, 51.54199 ], [ -0.016561, 51.541941 ], [ -0.016599, 51.541913 ], [ -0.016659, 51.541904 ], [ -0.016749, 51.541908 ], [ -0.01675, 51.541912 ], [ -0.01693, 51.541923 ], [ -0.016939, 51.541921 ], [ -0.016974, 51.541926 ], [ -0.016991, 51.541948 ], [ -0.017091, 51.542013 ], [ -0.017148, 51.542094 ], [ -0.017145, 51.54213 ], [ -0.017077, 51.542229 ], [ -0.016985, 51.542365 ], [ -0.016868, 51.542532 ], [ -0.01684, 51.54257 ], [ -0.016769, 51.542566 ] ] ] } },
{ "type": "Feature", "properties": { "Map_Name": "Bone Works", "First_Date": 1890, "Last_Date": 0, "Type": "Chemical", "Products": null, "QualityCon": "1", "Full_name": null, "Short_name": null, "Web_Link": null, "London_Fir": 0, "Londo_1st_": 1, "Web_refere": null }, "geometry": { "type": "Polygon", "coordinates": [ [ [ -0.016912, 51.537183 ], [ -0.016884, 51.53719 ], [ -0.016784, 51.537231 ], [ -0.01634, 51.537224 ], [ -0.016108, 51.537041 ], [ -0.016125, 51.537019 ], [ -0.016182, 51.536977 ], [ -0.016227, 51.536932 ], [ -0.01627, 51.536898 ], [ -0.016336, 51.53685 ], [ -0.016383, 51.536821 ], [ -0.016395, 51.536805 ], [ -0.016387, 51.536789 ], [ -0.016362, 51.536764 ], [ -0.016496, 51.536705 ], [ -0.016628, 51.53683 ], [ -0.016737, 51.536951 ], [ -0.016946, 51.537175 ], [ -0.016912, 51.537183 ] ] ] } },
{ "type": "Feature", "properties": { "Map_Name": "Colour Works", "First_Date": 1890, "Last_Date": 0, "Type": "Varnish Colour and Paint", "Products": null, "QualityCon": "1", "Full_name": null, "Short_name": null, "Web_Link": null, "London_Fir": 0, "Londo_1st_": 1, "Web_refere": null }, "geometry": { "type": "Polygon", "coordinates": [ [ [ -0.014304, 51.537106 ], [ -0.015917, 51.536469 ], [ -0.015986, 51.536513 ], [ -0.016074, 51.536575 ], [ -0.016098, 51.536593 ], [ -0.016092, 51.536602 ], [ -0.016128, 51.536629 ], [ -0.01615, 51.53662 ], [ -0.016282, 51.536732 ], [ -0.016329, 51.536781 ], [ -0.016331, 51.5368 ], [ -0.016329, 51.53681 ], [ -0.016296, 51.536822 ], [ -0.01628, 51.536832 ], [ -0.016256, 51.53685 ], [ -0.016225, 51.536873 ], [ -0.01617, 51.536927 ], [ -0.016112, 51.536966 ], [ -0.016031, 51.53702 ], [ -0.015915, 51.537083 ], [ -0.015878, 51.537097 ], [ -0.015804, 51.537128 ], [ -0.01577, 51.537146 ], [ -0.015705, 51.537195 ], [ -0.01562, 51.537252 ], [ -0.01553, 51.537302 ], [ -0.015454, 51.537332 ], [ -0.015248, 51.5374 ], [ -0.014878, 51.537504 ], [ -0.014671, 51.537563 ], [ -0.014608, 51.537586 ], [ -0.01453, 51.537586 ], [ -0.014556, 51.537411 ], [ -0.014547, 51.537354 ], [ -0.014521, 51.537299 ], [ -0.014429, 51.537191 ], [ -0.014399, 51.537201 ], [ -0.014304, 51.537106 ] ] ] } },
{ "type": "Feature", "properties": { "Map_Name": "Black Works", "First_Date": 1890, "Last_Date": 0, "Type": "Chemical", "Products": "Lamp Black", "QualityCon": "1", "Full_name": null, "Short_name": null, "Web_Link": null, "London_Fir": 0, "Londo_1st_": 1, "Web_refere": null }, "geometry": { "type": "Polygon", "coordinates": [ [ [ -0.015917, 51.536469 ], [ -0.015251, 51.536732 ], [ -0.015167, 51.536657 ], [ -0.015115, 51.536676 ], [ -0.015045, 51.53661 ], [ -0.015095, 51.536591 ], [ -0.015019, 51.53652 ], [ -0.015142, 51.53647 ], [ -0.015399, 51.536359 ], [ -0.015616, 51.536271 ], [ -0.015617, 51.536293 ], [ -0.015725, 51.536349 ], [ -0.015752, 51.536368 ], [ -0.015795, 51.536393 ], [ -0.015893, 51.536455 ], [ -0.015917, 51.536469 ] ] ] } },
{ "type": "Feature", "properties": { "Map_Name": "Oil Works", "First_Date": 1890, "Last_Date": 0, "Type": "Oil and Petroleum", "Products": null, "QualityCon": "1", "Full_name": null, "Short_name": null, "Web_Link": null, "London_Fir": 0, "Londo_1st_": 1, "Web_refere": null }, "geometry": { "type": "Polygon", "coordinates": [ [ [ -0.015251, 51.536732 ], [ -0.014812, 51.536905 ], [ -0.014754, 51.536846 ], [ -0.014722, 51.536814 ], [ -0.014535, 51.536756 ], [ -0.014241, 51.536859 ], [ -0.014152, 51.536893 ], [ -0.01409, 51.53681 ], [ -0.014028, 51.536727 ], [ -0.013956, 51.536632 ], [ -0.013855, 51.536512 ], [ -0.014059, 51.536462 ], [ -0.014298, 51.536376 ], [ -0.014362, 51.536348 ], [ -0.01452, 51.536293 ], [ -0.014553, 51.53628 ], [ -0.014558, 51.536284 ], [ -0.014707, 51.536233 ], [ -0.01482, 51.536192 ], [ -0.015022, 51.536125 ], [ -0.015163, 51.536079 ], [ -0.015336, 51.536007 ], [ -0.015373, 51.535991 ], [ -0.015485, 51.536113 ], [ -0.015657, 51.536261 ], [ -0.015616, 51.536271 ], [ -0.015557, 51.536295 ], [ -0.015452, 51.536338 ], [ -0.01536, 51.536376 ], [ -0.015257, 51.53642 ], [ -0.015112, 51.536482 ], [ -0.015019, 51.53652 ], [ -0.015095, 51.536591 ], [ -0.015045, 51.53661 ], [ -0.015115, 51.536676 ], [ -0.015167, 51.536657 ], [ -0.015251, 51.536732 ] ] ] } },
{ "type": "Feature", "properties": { "Map_Name": "Marshgate Works (Soap and Tallow)", "First_Date": 1890, "Last_Date": 0, "Type": "Soap Candle Tallow and Oil", "Products": null, "QualityCon": "1", "Full_name": null, "Short_name": "Marshgate Works (Soap and Tallow)", "Web_Link": null, "London_Fir": 0, "Londo_1st_": 1, "Web_refere": null }, "geometry": { "type": "Polygon", "coordinates": [ [ [ -0.015329, 51.53601 ], [ -0.015163, 51.536079 ], [ -0.015022, 51.536125 ], [ -0.014921, 51.536158 ], [ -0.014791, 51.536202 ], [ -0.014558, 51.536284 ], [ -0.014553, 51.53628 ], [ -0.014445, 51.536319 ], [ -0.014362, 51.536348 ], [ -0.014269, 51.536386 ], [ -0.014059, 51.536462 ], [ -0.013855, 51.536512 ], [ -0.013816, 51.536482 ], [ -0.013607, 51.536314 ], [ -0.013455, 51.536203 ], [ -0.013263, 51.536073 ], [ -0.013113, 51.535976 ], [ -0.01288, 51.535835 ], [ -0.012717, 51.535741 ], [ -0.01252, 51.535644 ], [ -0.012559, 51.535624 ], [ -0.01272, 51.535533 ], [ -0.012951, 51.535575 ], [ -0.013303, 51.535637 ], [ -0.013658, 51.5357 ], [ -0.013949, 51.535754 ], [ -0.014309, 51.535817 ], [ -0.014319, 51.535792 ], [ -0.014399, 51.535805 ], [ -0.014387, 51.535829 ], [ -0.014592, 51.535867 ], [ -0.014757, 51.535896 ], [ -0.014975, 51.53577 ], [ -0.015072, 51.535832 ], [ -0.015171, 51.535897 ], [ -0.015164, 51.535903 ], [ -0.015223, 51.535943 ], [ -0.015232, 51.535941 ], [ -0.015329, 51.53601 ] ] ] } },
{ "type": "Feature", "properties": { "Map_Name": "West Ham Gas Works", "First_Date": 1890, "Last_Date": 0, "Type": "Coal Gas", "Products": null, "QualityCon": "1", "Full_name": null, "Short_name": "West Ham Gas", "Web_Link": null, "London_Fir": 0, "Londo_1st_": 1, "Web_refere": null }, "geometry": { "type": "Polygon", "coordinates": [ [ [ 0.000129, 51.532055 ], [ -0.001055, 51.531914 ], [ -0.00143, 51.531868 ], [ -0.001866, 51.53208 ], [ -0.002413, 51.532341 ], [ -0.002992, 51.532621 ], [ -0.003385, 51.532813 ], [ -0.003393, 51.53299 ], [ -0.003381, 51.533174 ], [ -0.003383, 51.533245 ], [ -0.003343, 51.533421 ], [ -0.003268, 51.533677 ], [ -0.003109, 51.533946 ], [ -0.003371, 51.53409 ], [ -0.003469, 51.53414 ], [ -0.003665, 51.534218 ], [ -0.003799, 51.534239 ], [ -0.003676, 51.534328 ], [ -0.003926, 51.534446 ], [ -0.004052, 51.534509 ], [ -0.00403, 51.534532 ], [ -0.003883, 51.534643 ], [ -0.003741, 51.534702 ], [ -0.003495, 51.534803 ], [ -0.00321, 51.534917 ], [ -0.003327, 51.534953 ], [ -0.003354, 51.534975 ], [ -0.003254, 51.535024 ], [ -0.003156, 51.535069 ], [ -0.003166, 51.535078 ], [ -0.002919, 51.535196 ], [ -0.002755, 51.535279 ], [ -0.002745, 51.535279 ], [ -0.002589, 51.535343 ], [ -0.002397, 51.53544 ], [ -0.002161, 51.535543 ], [ -0.001813, 51.535678 ], [ -0.001798, 51.535653 ], [ -0.001744, 51.535512 ], [ -0.001654, 51.535279 ], [ -0.001533, 51.534971 ], [ -0.001433, 51.534686 ], [ -0.001407, 51.534591 ], [ -0.001362, 51.534464 ], [ -0.001315, 51.534357 ], [ -0.001174, 51.534162 ], [ -0.001045, 51.534 ], [ -0.000926, 51.533853 ], [ -0.000768, 51.53366 ], [ -0.000599, 51.533457 ], [ -0.000567, 51.533413 ], [ -0.000457, 51.533259 ], [ -0.00037, 51.533133 ], [ -0.000284, 51.53297 ], [ -0.000256, 51.532865 ], [ -0.000215, 51.532694 ], [ -0.000199, 51.532624 ], [ -0.00021, 51.532561 ], [ -0.000206, 51.532457 ], [ -0.000159, 51.532327 ], [ -0.000131, 51.532265 ], [ -0.000088, 51.532193 ], [ -0.000044, 51.532153 ], [ 0.000129, 51.532055 ] ] ] } },
{ "type": "Feature", "properties": { "Map_Name": "Stirling Chemical Works", "First_Date": 1890, "Last_Date": 0, "Type": "Chemical", "Products": null, "QualityCon": "1", "Full_name": null, "Short_name": null, "Web_Link": null, "London_Fir": 0, "Londo_1st_": 1, "Web_refere": null }, "geometry": { "type": "Polygon", "coordinates": [ [ [ 0.002709, 51.530953 ], [ 0.00283, 51.53094 ], [ 0.003364, 51.530874 ], [ 0.004079, 51.530786 ], [ 0.004083, 51.530629 ], [ 0.004072, 51.530542 ], [ 0.004021, 51.530331 ], [ 0.003282, 51.530447 ], [ 0.002753, 51.530526 ], [ 0.002671, 51.530872 ], [ 0.002679, 51.530875 ], [ 0.002672, 51.530912 ], [ 0.002712, 51.530938 ], [ 0.002709, 51.530953 ] ] ] } },
{ "type": "Feature", "properties": { "Map_Name": "West Ham Chemical Works", "First_Date": 1890, "Last_Date": 0, "Type": "Chemical", "Products": null, "QualityCon": "1", "Full_name": null, "Short_name": null, "Web_Link": null, "London_Fir": 0, "Londo_1st_": 1, "Web_refere": null }, "geometry": { "type": "Polygon", "coordinates": [ [ [ 0.000721, 51.528798 ], [ 0.000718, 51.528802 ], [ 0.00083, 51.529023 ], [ 0.001066, 51.529055 ], [ 0.001444, 51.529093 ], [ 0.001718, 51.529121 ], [ 0.002053, 51.529157 ], [ 0.002328, 51.529185 ], [ 0.002226, 51.528958 ], [ 0.000721, 51.528798 ] ] ] } },
{ "type": "Feature", "properties": { "Map_Name": "Abbey Mills Chemical Works", "First_Date": 1890, "Last_Date": 0, "Type": "Chemical", "Products": null, "QualityCon": "1", "Full_name": null, "Short_name": null, "Web_Link": null, "London_Fir": 0, "Londo_1st_": 1, "Web_refere": null }, "geometry": { "type": "Polygon", "coordinates": [ [ [ 0.000721, 51.528798 ], [ 0.002226, 51.528958 ], [ 0.002235, 51.528914 ], [ 0.002287, 51.528897 ], [ 0.002304, 51.528862 ], [ 0.00241, 51.528683 ], [ 0.002204, 51.528522 ], [ 0.002018, 51.528382 ], [ 0.001793, 51.52821 ], [ 0.001547, 51.528022 ], [ 0.001456, 51.527977 ], [ 0.001409, 51.527968 ], [ 0.001343, 51.527963 ], [ 0.001291, 51.527996 ], [ 0.001282, 51.528032 ], [ 0.001272, 51.52813 ], [ 0.001257, 51.528139 ], [ 0.001257, 51.528195 ], [ 0.001249, 51.528201 ], [ 0.001245, 51.528284 ], [ 0.001228, 51.528292 ], [ 0.000997, 51.52827 ], [ 0.000996, 51.528276 ], [ 0.000823, 51.52827 ], [ 0.000819, 51.528279 ], [ 0.000718, 51.528295 ], [ 0.000738, 51.528497 ], [ 0.000745, 51.5286 ], [ 0.000735, 51.528747 ], [ 0.000721, 51.528798 ] ] ] } },
{ "type": "Feature", "properties": { "Map_Name": "Crown Works (Cooperage)", "First_Date": 1890, "Last_Date": 0, "Type": "Cooperage", "Products": null, "QualityCon": "1", "Full_name": null, "Short_name": null, "Web_Link": null, "London_Fir": 0, "Londo_1st_": 1, "Web_refere": null }, "geometry": { "type": "Polygon", "coordinates": [ [ [ -0.044311, 51.52528 ], [ -0.04399, 51.525417 ], [ -0.043933, 51.525363 ], [ -0.043835, 51.525293 ], [ -0.043673, 51.525172 ], [ -0.043573, 51.525101 ], [ -0.043735, 51.525012 ], [ -0.043926, 51.524914 ], [ -0.044311, 51.52528 ] ] ] } },
{ "type": "Feature", "properties": { "Map_Name": "Arnold Works (Brass and Iron)", "First_Date": 1890, "Last_Date": 0, "Type": "Metal", "Products": null, "QualityCon": "1", "Full_name": null, "Short_name": null, "Web_Link": null, "London_Fir": 0, "Londo_1st_": 1, "Web_refere": null }, "geometry": { "type": "Polygon", "coordinates": [ [ [ -0.023448, 51.526926 ], [ -0.023578, 51.527169 ], [ -0.02352, 51.527179 ], [ -0.023495, 51.527122 ], [ -0.023015, 51.527216 ], [ -0.022916, 51.527033 ], [ -0.023448, 51.526926 ] ] ] } },
{ "type": "Feature", "properties": { "Map_Name": "Engineering Works", "First_Date": 1860, "Last_Date": 0, "Type": "Engineering", "Products": null, "QualityCon": "1", "Full_name": null, "Short_name": null, "Web_Link": null, "London_Fir": 1, "Londo_1st_": 1, "Web_refere": null }, "geometry": { "type": "Polygon", "coordinates": [ [ [ -0.109765, 51.499818 ], [ -0.110011, 51.499452 ], [ -0.110301, 51.499525 ], [ -0.110445, 51.499334 ], [ -0.110444, 51.499322 ], [ -0.110468, 51.499315 ], [ -0.110498, 51.499271 ], [ -0.110433, 51.499251 ], [ -0.110505, 51.499171 ], [ -0.11072, 51.499233 ], [ -0.110874, 51.499274 ], [ -0.110987, 51.49912 ], [ -0.111217, 51.499144 ], [ -0.111232, 51.499148 ], [ -0.111294, 51.499113 ], [ -0.111301, 51.499071 ], [ -0.111667, 51.499166 ], [ -0.111677, 51.499165 ], [ -0.111834, 51.498948 ], [ -0.111818, 51.498942 ], [ -0.111936, 51.4988 ], [ -0.11205, 51.498842 ], [ -0.112218, 51.498916 ], [ -0.111926, 51.499223 ], [ -0.111834, 51.499318 ], [ -0.111818, 51.499315 ], [ -0.111586, 51.49957 ], [ -0.111414, 51.49975 ], [ -0.111268, 51.49991 ], [ -0.111206, 51.499968 ], [ -0.111169, 51.499952 ], [ -0.11108, 51.500036 ], [ -0.110582, 51.499903 ], [ -0.110169, 51.499791 ], [ -0.110093, 51.499905 ], [ -0.109765, 51.499818 ] ] ] } },
{ "type": "Feature", "properties": { "Map_Name": "Wellington Works (Emery and Black Lead)", "First_Date": 1890, "Last_Date": 0, "Type": "Chemical", "Products": null, "QualityCon": "1", "Full_name": null, "Short_name": null, "Web_Link": null, "London_Fir": 0, "Londo_1st_": 1, "Web_refere": null }, "geometry": { "type": "Polygon", "coordinates": [ [ [ -0.111416, 51.498397 ], [ -0.110787, 51.498225 ], [ -0.11123, 51.497594 ], [ -0.111433, 51.49765 ], [ -0.111442, 51.497635 ], [ -0.111457, 51.497642 ], [ -0.111487, 51.497641 ], [ -0.111508, 51.497677 ], [ -0.11166, 51.497712 ], [ -0.111728, 51.497889 ], [ -0.111703, 51.497926 ], [ -0.111731, 51.497931 ], [ -0.111416, 51.498397 ] ] ] } },
{ "type": "Feature", "properties": { "Map_Name": "Gas Works", "First_Date": 1890, "Last_Date": 0, "Type": "Coal Gas", "Products": null, "QualityCon": "1", "Full_name": null, "Short_name": null, "Web_Link": null, "London_Fir": 0, "Londo_1st_": 1, "Web_refere": null }, "geometry": { "type": "Polygon", "coordinates": [ [ [ -0.131165, 51.486728 ], [ -0.1314, 51.486563 ], [ -0.131426, 51.486583 ], [ -0.131441, 51.48665 ], [ -0.131513, 51.486702 ], [ -0.131656, 51.486811 ], [ -0.131801, 51.486919 ], [ -0.132096, 51.486767 ], [ -0.132285, 51.486915 ], [ -0.132479, 51.487058 ], [ -0.132773, 51.487282 ], [ -0.132963, 51.487429 ], [ -0.133202, 51.487616 ], [ -0.133382, 51.487746 ], [ -0.133585, 51.487902 ], [ -0.133811, 51.488072 ], [ -0.133929, 51.488166 ], [ -0.134063, 51.488266 ], [ -0.13408, 51.488416 ], [ -0.134074, 51.488425 ], [ -0.13395, 51.488549 ], [ -0.134024, 51.488603 ], [ -0.134043, 51.488602 ], [ -0.134078, 51.488572 ], [ -0.134108, 51.48858 ], [ -0.13421, 51.488811 ], [ -0.133986, 51.488845 ], [ -0.133506, 51.488457 ], [ -0.133217, 51.488259 ], [ -0.132952, 51.488114 ], [ -0.132704, 51.487998 ], [ -0.132439, 51.487842 ], [ -0.132022, 51.487589 ], [ -0.131759, 51.487429 ], [ -0.13162, 51.487269 ], [ -0.13139, 51.486985 ], [ -0.131209, 51.48675 ], [ -0.131165, 51.486728 ] ] ] } },
{ "type": "Feature", "properties": { "Map_Name": "Pecamoid Works", "First_Date": 1890, "Last_Date": 0, "Type": "General", "Products": null, "QualityCon": "1", "Full_name": null, "Short_name": null, "Web_Link": null, "London_Fir": 0, "Londo_1st_": 1, "Web_refere": null }, "geometry": { "type": "Polygon", "coordinates": [ [ [ -0.030154, 51.512986 ], [ -0.029571, 51.513212 ], [ -0.029607, 51.513017 ], [ -0.029791, 51.513028 ], [ -0.029814, 51.512914 ], [ -0.029799, 51.512912 ], [ -0.02984, 51.512702 ], [ -0.029883, 51.512477 ], [ -0.029951, 51.512488 ], [ -0.030066, 51.512767 ], [ -0.030154, 51.512986 ] ] ] } },
{ "type": "Feature", "properties": { "Map_Name": "Confectionary Works", "First_Date": 1890, "Last_Date": 0, "Type": "Food", "Products": null, "QualityCon": "1", "Full_name": null, "Short_name": null, "Web_Link": null, "London_Fir": 0, "Londo_1st_": 1, "Web_refere": null }, "geometry": { "type": "Polygon", "coordinates": [ [ [ -0.034745, 51.520799 ], [ -0.034968, 51.521394 ], [ -0.035147, 51.521359 ], [ -0.03518, 51.521404 ], [ -0.035351, 51.521371 ], [ -0.035404, 51.521447 ], [ -0.035515, 51.521686 ], [ -0.035238, 51.521744 ], [ -0.035077, 51.521727 ], [ -0.03507, 51.521746 ], [ -0.034869, 51.521708 ], [ -0.03468, 51.521676 ], [ -0.034522, 51.521636 ], [ -0.034601, 51.521382 ], [ -0.034687, 51.521101 ], [ -0.03469, 51.52107 ], [ -0.034355, 51.521027 ], [ -0.034366, 51.520982 ], [ -0.034648, 51.521013 ], [ -0.034727, 51.520798 ], [ -0.034745, 51.520799 ] ] ] } },
{ "type": "Feature", "properties": { "Map_Name": "Crown Works", "First_Date": 1890, "Last_Date": 0, "Type": "General", "Products": null, "QualityCon": "1", "Full_name": null, "Short_name": null, "Web_Link": null, "London_Fir": 0, "Londo_1st_": 1, "Web_refere": null }, "geometry": { "type": "Polygon", "coordinates": [ [ [ -0.04145, 51.521941 ], [ -0.041524, 51.522059 ], [ -0.041635, 51.522035 ], [ -0.041674, 51.522109 ], [ -0.041567, 51.522132 ], [ -0.041609, 51.522207 ], [ -0.041473, 51.522234 ], [ -0.04141, 51.52213 ], [ -0.04144, 51.522122 ], [ -0.041349, 51.521964 ], [ -0.04145, 51.521941 ] ] ] } },
{ "type": "Feature", "properties": { "Map_Name": "Brush Manufactory", "First_Date": 1890, "Last_Date": 0, "Type": "General", "Products": null, "QualityCon": "1", "Full_name": null, "Short_name": null, "Web_Link": null, "London_Fir": 0, "Londo_1st_": 1, "Web_refere": null }, "geometry": { "type": "Polygon", "coordinates": [ [ [ -0.040417, 51.522561 ], [ -0.04013, 51.522645 ], [ -0.04011, 51.522651 ], [ -0.040126, 51.522672 ], [ -0.039993, 51.522707 ], [ -0.039973, 51.52269 ], [ -0.039934, 51.522698 ], [ -0.039839, 51.522598 ], [ -0.04003, 51.522533 ], [ -0.039997, 51.522499 ], [ -0.040309, 51.522402 ], [ -0.040417, 51.522561 ] ] ] } },
{ "type": "Feature", "properties": { "Map_Name": "Albion Brewery", "First_Date": 1890, "Last_Date": 0, "Type": "Brewing", "Products": null, "QualityCon": "1", "Full_name": null, "Short_name": null, "Web_Link": null, "London_Fir": 0, "Londo_1st_": 1, "Web_refere": null }, "geometry": { "type": "Polygon", "coordinates": [ [ [ -0.058133, 51.519716 ], [ -0.058391, 51.520115 ], [ -0.058579, 51.520407 ], [ -0.058741, 51.520656 ], [ -0.058738, 51.520665 ], [ -0.058038, 51.520902 ], [ -0.057975, 51.520925 ], [ -0.057964, 51.520917 ], [ -0.057767, 51.520981 ], [ -0.057628, 51.520926 ], [ -0.057127, 51.520725 ], [ -0.056694, 51.520807 ], [ -0.05678, 51.520555 ], [ -0.056774, 51.520537 ], [ -0.056758, 51.52054 ], [ -0.05677, 51.520472 ], [ -0.056786, 51.52042 ], [ -0.056831, 51.520257 ], [ -0.05677, 51.520262 ], [ -0.056642, 51.520024 ], [ -0.058133, 51.519716 ] ] ] } },
{ "type": "Feature", "properties": { "Map_Name": "Saw Mill", "First_Date": 1890, "Last_Date": 0, "Type": "Timber Mill", "Products": null, "QualityCon": "1", "Full_name": null, "Short_name": null, "Web_Link": null, "London_Fir": 0, "Londo_1st_": 1, "Web_refere": null }, "geometry": { "type": "Polygon", "coordinates": [ [ [ -0.058178, 51.518834 ], [ -0.058597, 51.518747 ], [ -0.058513, 51.518805 ], [ -0.058534, 51.518842 ], [ -0.058745, 51.518969 ], [ -0.058789, 51.519046 ], [ -0.058607, 51.519084 ], [ -0.05866, 51.519205 ], [ -0.058618, 51.519215 ], [ -0.058491, 51.518963 ], [ -0.058265, 51.519008 ], [ -0.058178, 51.518834 ] ] ] } },
{ "type": "Feature", "properties": { "Map_Name": "Saw Mill", "First_Date": 1890, "Last_Date": 0, "Type": "Timber Mill", "Products": null, "QualityCon": "1", "Full_name": null, "Short_name": null, "Web_Link": null, "London_Fir": 0, "Londo_1st_": 1, "Web_refere": null }, "geometry": { "type": "Polygon", "coordinates": [ [ [ -0.065624, 51.524695 ], [ -0.065646, 51.524776 ], [ -0.065081, 51.524837 ], [ -0.065057, 51.524755 ], [ -0.065624, 51.524695 ] ] ] } },
{ "type": "Feature", "properties": { "Map_Name": "Patent Line Manufactory", "First_Date": 1890, "Last_Date": 0, "Type": "General", "Products": null, "QualityCon": "1", "Full_name": null, "Short_name": null, "Web_Link": null, "London_Fir": 0, "Londo_1st_": 1, "Web_refere": null }, "geometry": { "type": "Polygon", "coordinates": [ [ [ -0.082229, 51.528516 ], [ -0.08185, 51.528533 ], [ -0.081839, 51.528138 ], [ -0.08191, 51.528144 ], [ -0.08193, 51.528116 ], [ -0.081931, 51.528083 ], [ -0.0822, 51.528083 ], [ -0.082229, 51.528516 ] ] ] } },
{ "type": "Feature", "properties": { "Map_Name": "Paper Staining Works", "First_Date": 1890, "Last_Date": 0, "Type": "Paper", "Products": null, "QualityCon": "1", "Full_name": null, "Short_name": null, "Web_Link": null, "London_Fir": 0, "Londo_1st_": 1, "Web_refere": null }, "geometry": { "type": "Polygon", "coordinates": [ [ [ -0.078647, 51.529863 ], [ -0.07805, 51.529837 ], [ -0.077866, 51.529818 ], [ -0.077901, 51.529712 ], [ -0.077635, 51.52968 ], [ -0.077649, 51.529645 ], [ -0.07791, 51.529676 ], [ -0.077932, 51.529603 ], [ -0.07816, 51.529625 ], [ -0.078677, 51.529655 ], [ -0.078647, 51.529863 ] ] ] } },
{ "type": "Feature", "properties": { "Map_Name": "Britannia Printing Works", "First_Date": 1890, "Last_Date": 0, "Type": "General", "Products": null, "QualityCon": "1", "Full_name": null, "Short_name": null, "Web_Link": null, "London_Fir": 0, "Londo_1st_": 1, "Web_refere": null }, "geometry": { "type": "Polygon", "coordinates": [ [ [ -0.079004, 51.52991 ], [ -0.078779, 51.529903 ], [ -0.078803, 51.529742 ], [ -0.078785, 51.529741 ], [ -0.078787, 51.529705 ], [ -0.078807, 51.529707 ], [ -0.07881, 51.529689 ], [ -0.078843, 51.52969 ], [ -0.078847, 51.529666 ], [ -0.079021, 51.529673 ], [ -0.079004, 51.52991 ] ] ] } },
{ "type": "Feature", "properties": { "Map_Name": "Enameling Factory", "First_Date": 1890, "Last_Date": 0, "Type": "General", "Products": null, "QualityCon": "1", "Full_name": null, "Short_name": null, "Web_Link": null, "London_Fir": 0, "Londo_1st_": 1, "Web_refere": null }, "geometry": { "type": "Polygon", "coordinates": [ [ [ -0.079004, 51.52991 ], [ -0.078999, 51.529995 ], [ -0.07848, 51.529973 ], [ -0.078217, 51.529962 ], [ -0.078022, 51.529952 ], [ -0.078029, 51.529908 ], [ -0.078038, 51.529908 ], [ -0.078045, 51.529875 ], [ -0.079004, 51.52991 ] ] ] } },
{ "type": "Feature", "properties": { "Map_Name": "Niagara Works (Engineering)", "First_Date": 1890, "Last_Date": 0, "Type": "Engineering", "Products": null, "QualityCon": "1", "Full_name": null, "Short_name": null, "Web_Link": null, "London_Fir": 0, "Londo_1st_": 1, "Web_refere": null }, "geometry": { "type": "Polygon", "coordinates": [ [ [ -0.091548, 51.534099 ], [ -0.091276, 51.533747 ], [ -0.091703, 51.533623 ], [ -0.091611, 51.533507 ], [ -0.091671, 51.533485 ], [ -0.091642, 51.533447 ], [ -0.091698, 51.533432 ], [ -0.091729, 51.533477 ], [ -0.091787, 51.533462 ], [ -0.091877, 51.53357 ], [ -0.091948, 51.53355 ], [ -0.092084, 51.533718 ], [ -0.09157, 51.533908 ], [ -0.091585, 51.533922 ], [ -0.091564, 51.533929 ], [ -0.091664, 51.534052 ], [ -0.091548, 51.534099 ] ] ] } },
{ "type": "Feature", "properties": { "Map_Name": "Bakery", "First_Date": 1890, "Last_Date": 0, "Type": "Food", "Products": null, "QualityCon": "1", "Full_name": null, "Short_name": null, "Web_Link": null, "London_Fir": 0, "Londo_1st_": 1, "Web_refere": null }, "geometry": { "type": "Polygon", "coordinates": [ [ [ -0.141139, 51.540423 ], [ -0.141276, 51.540376 ], [ -0.141272, 51.540371 ], [ -0.141341, 51.540349 ], [ -0.141474, 51.540499 ], [ -0.140936, 51.540664 ], [ -0.1408, 51.540523 ], [ -0.140823, 51.540493 ], [ -0.140664, 51.540319 ], [ -0.140938, 51.540212 ], [ -0.141139, 51.540423 ] ] ] } },
{ "type": "Feature", "properties": { "Map_Name": "Printing Works", "First_Date": 1860, "Last_Date": 0, "Type": "Printing", "Products": null, "QualityCon": "1", "Full_name": null, "Short_name": null, "Web_Link": null, "London_Fir": 1, "Londo_1st_": 1, "Web_refere": null }, "geometry": { "type": "Polygon", "coordinates": [ [ [ -0.140412, 51.540865 ], [ -0.140307, 51.540747 ], [ -0.140479, 51.540688 ], [ -0.140509, 51.54072 ], [ -0.140588, 51.540696 ], [ -0.140637, 51.540707 ], [ -0.140641, 51.540803 ], [ -0.140596, 51.540803 ], [ -0.140412, 51.540865 ] ] ] } },
{ "type": "Feature", "properties": { "Map_Name": "Camden Brewery", "First_Date": 1890, "Last_Date": 0, "Type": "Brewing", "Products": null, "QualityCon": "1", "Full_name": null, "Short_name": null, "Web_Link": null, "London_Fir": 0, "Londo_1st_": 1, "Web_refere": null }, "geometry": { "type": "Polygon", "coordinates": [ [ [ -0.143086, 51.541558 ], [ -0.142963, 51.541299 ], [ -0.143248, 51.541272 ], [ -0.143428, 51.541242 ], [ -0.143445, 51.541256 ], [ -0.14347, 51.541252 ], [ -0.143472, 51.54124 ], [ -0.143597, 51.541209 ], [ -0.143854, 51.541136 ], [ -0.143819, 51.541076 ], [ -0.143875, 51.541057 ], [ -0.143972, 51.541173 ], [ -0.144009, 51.54121 ], [ -0.144077, 51.541183 ], [ -0.144105, 51.541222 ], [ -0.144035, 51.541244 ], [ -0.144071, 51.541304 ], [ -0.143987, 51.541329 ], [ -0.143968, 51.541309 ], [ -0.143868, 51.541337 ], [ -0.143911, 51.541381 ], [ -0.14372, 51.541431 ], [ -0.143701, 51.541574 ], [ -0.143649, 51.541583 ], [ -0.143086, 51.541558 ] ] ] } },
{ "type": "Feature", "properties": { "Map_Name": "Distillery", "First_Date": 1890, "Last_Date": 0, "Type": "Distillery", "Products": null, "QualityCon": "1", "Full_name": null, "Short_name": null, "Web_Link": null, "London_Fir": 0, "Londo_1st_": 1, "Web_refere": null }, "geometry": { "type": "Polygon", "coordinates": [ [ [ -0.148122, 51.540436 ], [ -0.147814, 51.540456 ], [ -0.147792, 51.540434 ], [ -0.147426, 51.540482 ], [ -0.147372, 51.540399 ], [ -0.147264, 51.540408 ], [ -0.147225, 51.540349 ], [ -0.1472, 51.540242 ], [ -0.147597, 51.540213 ], [ -0.147604, 51.540193 ], [ -0.147568, 51.540065 ], [ -0.147702, 51.540056 ], [ -0.147872, 51.54002 ], [ -0.148122, 51.540436 ] ] ] } },
{ "type": "Feature", "properties": { "Map_Name": "Mineral Water Manufactory", "First_Date": 1890, "Last_Date": 0, "Type": "General", "Products": null, "QualityCon": "1", "Full_name": null, "Short_name": null, "Web_Link": null, "London_Fir": 0, "Londo_1st_": 1, "Web_refere": null }, "geometry": { "type": "Polygon", "coordinates": [ [ [ -0.134419, 51.538468 ], [ -0.135248, 51.539081 ], [ -0.135278, 51.539069 ], [ -0.135363, 51.539116 ], [ -0.135098, 51.539217 ], [ -0.134728, 51.538942 ], [ -0.1342, 51.538552 ], [ -0.134419, 51.538468 ] ] ] } },
{ "type": "Feature", "properties": { "Map_Name": "Foundry (iron)", "First_Date": 1860, "Last_Date": 0, "Type": "Metal", "Products": null, "QualityCon": "1", "Full_name": null, "Short_name": null, "Web_Link": null, "London_Fir": 1, "Londo_1st_": 1, "Web_refere": null }, "geometry": { "type": "Polygon", "coordinates": [ [ [ -0.121626, 51.533987 ], [ -0.121462, 51.533988 ], [ -0.121468, 51.534019 ], [ -0.12119, 51.534022 ], [ -0.121191, 51.533915 ], [ -0.121245, 51.533889 ], [ -0.121298, 51.533891 ], [ -0.121305, 51.533868 ], [ -0.121352, 51.53387 ], [ -0.121378, 51.533862 ], [ -0.121492, 51.533852 ], [ -0.121553, 51.533847 ], [ -0.121629, 51.533851 ], [ -0.121626, 51.533987 ] ] ] } },
{ "type": "Feature", "properties": { "Map_Name": "Printing Works", "First_Date": 1890, "Last_Date": 0, "Type": "Printing", "Products": null, "QualityCon": "1", "Full_name": null, "Short_name": null, "Web_Link": null, "London_Fir": 0, "Londo_1st_": 1, "Web_refere": null }, "geometry": { "type": "Polygon", "coordinates": [ [ [ -0.095948, 51.520816 ], [ -0.095646, 51.520868 ], [ -0.09558, 51.520712 ], [ -0.095673, 51.520692 ], [ -0.095659, 51.520652 ], [ -0.095645, 51.520642 ], [ -0.095643, 51.520633 ], [ -0.095798, 51.520605 ], [ -0.095827, 51.520676 ], [ -0.09588, 51.520669 ], [ -0.095948, 51.520816 ] ] ] } },
{ "type": "Feature", "properties": { "Map_Name": "Distillery", "First_Date": 1860, "Last_Date": 0, "Type": "Distillery", "Products": null, "QualityCon": "1", "Full_name": null, "Short_name": null, "Web_Link": null, "London_Fir": 1, "Londo_1st_": 1, "Web_refere": null }, "geometry": { "type": "Polygon", "coordinates": [ [ [ -0.094507, 51.520239 ], [ -0.095168, 51.520142 ], [ -0.095179, 51.520182 ], [ -0.095208, 51.520191 ], [ -0.09548, 51.520207 ], [ -0.095544, 51.520434 ], [ -0.09527, 51.520474 ], [ -0.095195, 51.520234 ], [ -0.094549, 51.520332 ], [ -0.094507, 51.520239 ] ] ] } },
{ "type": "Feature", "properties": { "Map_Name": "Distillery", "First_Date": 1890, "Last_Date": 0, "Type": "Distillery", "Products": null, "QualityCon": "1", "Full_name": null, "Short_name": null, "Web_Link": null, "London_Fir": 0, "Londo_1st_": 1, "Web_refere": null }, "geometry": { "type": "Polygon", "coordinates": [ [ [ -0.098333, 51.518456 ], [ -0.098076, 51.518615 ], [ -0.098087, 51.518619 ], [ -0.098105, 51.518633 ], [ -0.098104, 51.518642 ], [ -0.098146, 51.518673 ], [ -0.098142, 51.518698 ], [ -0.098098, 51.518716 ], [ -0.098052, 51.518713 ], [ -0.097934, 51.518598 ], [ -0.098024, 51.518572 ], [ -0.097924, 51.518485 ], [ -0.097944, 51.51847 ], [ -0.09791, 51.518447 ], [ -0.098018, 51.518339 ], [ -0.098029, 51.518341 ], [ -0.098098, 51.518297 ], [ -0.098333, 51.518456 ] ] ] } },
{ "type": "Feature", "properties": { "Map_Name": "Distillery", "First_Date": 1860, "Last_Date": 0, "Type": "Distillery", "Products": null, "QualityCon": "1", "Full_name": null, "Short_name": null, "Web_Link": null, "London_Fir": 1, "Londo_1st_": 1, "Web_refere": null }, "geometry": { "type": "Polygon", "coordinates": [ [ [ -0.096032, 51.517714 ], [ -0.096049, 51.517845 ], [ -0.095609, 51.517839 ], [ -0.095717, 51.517688 ], [ -0.095974, 51.517688 ], [ -0.095975, 51.517713 ], [ -0.096032, 51.517714 ] ] ] } },
{ "type": "Feature", "properties": { "Map_Name": "Packing Case Works", "First_Date": 1890, "Last_Date": 0, "Type": "General", "Products": null, "QualityCon": "1", "Full_name": null, "Short_name": null, "Web_Link": null, "London_Fir": 0, "Londo_1st_": 1, "Web_refere": null }, "geometry": { "type": "Polygon", "coordinates": [ [ [ -0.03784, 51.52663 ], [ -0.037662, 51.526716 ], [ -0.037459, 51.526533 ], [ -0.037296, 51.526388 ], [ -0.037258, 51.526355 ], [ -0.037304, 51.526333 ], [ -0.037388, 51.5263 ], [ -0.037232, 51.526163 ], [ -0.037303, 51.526133 ], [ -0.037739, 51.526492 ], [ -0.037838, 51.52657 ], [ -0.037793, 51.526588 ], [ -0.03784, 51.52663 ] ] ] } },
{ "type": "Feature", "properties": { "Map_Name": "Steam Saw Mills", "First_Date": 1890, "Last_Date": 0, "Type": "Timber Mill", "Products": null, "QualityCon": "1", "Full_name": null, "Short_name": null, "Web_Link": null, "London_Fir": 0, "Londo_1st_": 1, "Web_refere": null }, "geometry": { "type": "Polygon", "coordinates": [ [ [ -0.039338, 51.526712 ], [ -0.038958, 51.526829 ], [ -0.038801, 51.526646 ], [ -0.038817, 51.526638 ], [ -0.038745, 51.52655 ], [ -0.03867, 51.526456 ], [ -0.038724, 51.526442 ], [ -0.038668, 51.526374 ], [ -0.038735, 51.526353 ], [ -0.03879, 51.52642 ], [ -0.039042, 51.52634 ], [ -0.039338, 51.526712 ] ] ] } },
{ "type": "Feature", "properties": { "Map_Name": "Fur Works", "First_Date": 1890, "Last_Date": 0, "Type": "Leather and Skins", "Products": "Fur", "QualityCon": "1", "Full_name": null, "Short_name": null, "Web_Link": null, "London_Fir": 0, "Londo_1st_": 1, "Web_refere": null }, "geometry": { "type": "Polygon", "coordinates": [ [ [ -0.039905, 51.533173 ], [ -0.039563, 51.533332 ], [ -0.039359, 51.533166 ], [ -0.039696, 51.533004 ], [ -0.039905, 51.533173 ] ] ] } },
{ "type": "Feature", "properties": { "Map_Name": "Imperial Chemical Color Works", "First_Date": 1890, "Last_Date": 0, "Type": "Varnish Colour and Paint", "Products": null, "QualityCon": "1", "Full_name": null, "Short_name": null, "Web_Link": null, "London_Fir": 0, "Londo_1st_": 1, "Web_refere": null }, "geometry": { "type": "Polygon", "coordinates": [ [ [ -0.036993, 51.534584 ], [ -0.036949, 51.534604 ], [ -0.036888, 51.534615 ], [ -0.036811, 51.534613 ], [ -0.036648, 51.534686 ], [ -0.036579, 51.534721 ], [ -0.03657, 51.534744 ], [ -0.036578, 51.534762 ], [ -0.036559, 51.534787 ], [ -0.036439, 51.53485 ], [ -0.036367, 51.534879 ], [ -0.036288, 51.534904 ], [ -0.03605, 51.534542 ], [ -0.036819, 51.534386 ], [ -0.036993, 51.534584 ] ] ] } },
{ "type": "Feature", "properties": { "Map_Name": "Old Ford Saw Mills", "First_Date": 1890, "Last_Date": 0, "Type": "Timber Mill", "Products": null, "QualityCon": "1", "Full_name": null, "Short_name": null, "Web_Link": null, "London_Fir": 0, "Londo_1st_": 1, "Web_refere": null }, "geometry": { "type": "Polygon", "coordinates": [ [ [ -0.036053, 51.534542 ], [ -0.036291, 51.534905 ], [ -0.036229, 51.534923 ], [ -0.036167, 51.534921 ], [ -0.036023, 51.534984 ], [ -0.035564, 51.535187 ], [ -0.035571, 51.535214 ], [ -0.035567, 51.535229 ], [ -0.035552, 51.535232 ], [ -0.035374, 51.534901 ], [ -0.035269, 51.534705 ], [ -0.036053, 51.534542 ] ] ] } },
{ "type": "Feature", "properties": { "Map_Name": "Imperial Chemical Color Works", "First_Date": 1890, "Last_Date": 0, "Type": "Varnish Colour and Paint", "Products": null, "QualityCon": "1", "Full_name": null, "Short_name": null, "Web_Link": null, "London_Fir": 0, "Londo_1st_": 1, "Web_refere": null }, "geometry": { "type": "Polygon", "coordinates": [ [ [ -0.034181, 51.534961 ], [ -0.034627, 51.535643 ], [ -0.034241, 51.535827 ], [ -0.034158, 51.535705 ], [ -0.034017, 51.535481 ], [ -0.033874, 51.53526 ], [ -0.033766, 51.535087 ], [ -0.034181, 51.534961 ] ] ] } },
{ "type": "Feature", "properties": { "Map_Name": "Albany Works", "First_Date": 1890, "Last_Date": 0, "Type": "General", "Products": null, "QualityCon": "1", "Full_name": null, "Short_name": null, "Web_Link": null, "London_Fir": 0, "Londo_1st_": 1, "Web_refere": null }, "geometry": { "type": "Polygon", "coordinates": [ [ [ -0.033988, 51.535588 ], [ -0.0335, 51.535689 ], [ -0.033415, 51.535532 ], [ -0.033562, 51.535501 ], [ -0.033548, 51.535469 ], [ -0.033873, 51.535396 ], [ -0.033988, 51.535588 ] ] ] } },
{ "type": "Feature", "properties": { "Map_Name": "Victoria Park Mills", "First_Date": 1890, "Last_Date": 0, "Type": "Arms and Munitions", "Products": null, "QualityCon": "1", "Full_name": null, "Short_name": null, "Web_Link": null, "London_Fir": 0, "Londo_1st_": 1, "Web_refere": null }, "geometry": { "type": "Polygon", "coordinates": [ [ [ -0.032484, 51.535706 ], [ -0.033415, 51.535532 ], [ -0.0335, 51.535689 ], [ -0.033988, 51.535588 ], [ -0.034108, 51.535784 ], [ -0.033974, 51.535848 ], [ -0.033957, 51.535853 ], [ -0.033857, 51.535899 ], [ -0.033698, 51.535975 ], [ -0.033644, 51.536002 ], [ -0.033675, 51.536047 ], [ -0.033696, 51.536092 ], [ -0.03369, 51.536107 ], [ -0.03367, 51.536139 ], [ -0.032962, 51.536472 ], [ -0.032847, 51.536378 ], [ -0.032828, 51.536387 ], [ -0.032812, 51.536367 ], [ -0.032767, 51.536282 ], [ -0.032742, 51.536283 ], [ -0.032691, 51.536179 ], [ -0.032591, 51.535948 ], [ -0.032484, 51.535706 ] ] ] } },
{ "type": "Feature", "properties": { "Map_Name": "Victoria Works", "First_Date": 1890, "Last_Date": 0, "Type": "General", "Products": null, "QualityCon": "1", "Full_name": null, "Short_name": null, "Web_Link": null, "London_Fir": 0, "Londo_1st_": 1, "Web_refere": null }, "geometry": { "type": "Polygon", "coordinates": [ [ [ -0.030347, 51.536863 ], [ -0.029731, 51.536978 ], [ -0.029589, 51.536724 ], [ -0.029634, 51.536712 ], [ -0.029928, 51.536654 ], [ -0.029861, 51.536518 ], [ -0.030212, 51.53647 ], [ -0.030309, 51.536747 ], [ -0.030302, 51.53675 ], [ -0.030316, 51.536787 ], [ -0.030325, 51.536787 ], [ -0.030347, 51.536863 ] ] ] } },
{ "type": "Feature", "properties": { "Map_Name": "Wiltshire Brewery", "First_Date": 1890, "Last_Date": 0, "Type": "Brewing", "Products": null, "QualityCon": "1", "Full_name": null, "Short_name": null, "Web_Link": null, "London_Fir": 0, "Londo_1st_": 1, "Web_refere": null }, "geometry": { "type": "Polygon", "coordinates": [ [ [ -0.05777, 51.53263 ], [ -0.057814, 51.532625 ], [ -0.057945, 51.532877 ], [ -0.058059, 51.532854 ], [ -0.058052, 51.532843 ], [ -0.058117, 51.532831 ], [ -0.058123, 51.532838 ], [ -0.058365, 51.532776 ], [ -0.058317, 51.532684 ], [ -0.058312, 51.532655 ], [ -0.058396, 51.532636 ], [ -0.058333, 51.532495 ], [ -0.058404, 51.532485 ], [ -0.058474, 51.532641 ], [ -0.058519, 51.532633 ], [ -0.05851, 51.532603 ], [ -0.058619, 51.532582 ], [ -0.058628, 51.532597 ], [ -0.058684, 51.532587 ], [ -0.058677, 51.532573 ], [ -0.058751, 51.532562 ], [ -0.058736, 51.532528 ], [ -0.058788, 51.532521 ], [ -0.058795, 51.532509 ], [ -0.058826, 51.532568 ], [ -0.059089, 51.532522 ], [ -0.059209, 51.532502 ], [ -0.05922, 51.53253 ], [ -0.059174, 51.532543 ], [ -0.059201, 51.532573 ], [ -0.059229, 51.532606 ], [ -0.059265, 51.532627 ], [ -0.059012, 51.532794 ], [ -0.058722, 51.532982 ], [ -0.058544, 51.533102 ], [ -0.058435, 51.533179 ], [ -0.05842, 51.533171 ], [ -0.058245, 51.53318 ], [ -0.058169, 51.533179 ], [ -0.058138, 51.533101 ], [ -0.05812, 51.5331 ], [ -0.058113, 51.533091 ], [ -0.057987, 51.5331 ], [ -0.058005, 51.533229 ], [ -0.057989, 51.533311 ], [ -0.057944, 51.533312 ], [ -0.057907, 51.533122 ], [ -0.057863, 51.53295 ], [ -0.05777, 51.53263 ] ] ] } },
{ "type": "Feature", "properties": { "Map_Name": "Phoenix Saw Mills", "First_Date": 1890, "Last_Date": 0, "Type": "Timber Mill", "Products": null, "QualityCon": "1", "Full_name": null, "Short_name": null, "Web_Link": null, "London_Fir": 0, "Londo_1st_": 1, "Web_refere": null }, "geometry": { "type": "Polygon", "coordinates": [ [ [ -0.062849, 51.529718 ], [ -0.062745, 51.529529 ], [ -0.062949, 51.529489 ], [ -0.062972, 51.529479 ], [ -0.062979, 51.52946 ], [ -0.062908, 51.529326 ], [ -0.062963, 51.529315 ], [ -0.062975, 51.529329 ], [ -0.063108, 51.529296 ], [ -0.063226, 51.529458 ], [ -0.063295, 51.529555 ], [ -0.063087, 51.5296 ], [ -0.063116, 51.529663 ], [ -0.062849, 51.529718 ] ] ] } },
{ "type": "Feature", "properties": { "Map_Name": "Saw Mill", "First_Date": 1890, "Last_Date": 0, "Type": "Timber Mill", "Products": null, "QualityCon": "1", "Full_name": null, "Short_name": null, "Web_Link": null, "London_Fir": 0, "Londo_1st_": 1, "Web_refere": null }, "geometry": { "type": "Polygon", "coordinates": [ [ [ -0.063108, 51.529296 ], [ -0.063017, 51.529318 ], [ -0.062877, 51.529095 ], [ -0.062961, 51.529078 ], [ -0.063108, 51.529296 ] ] ] } },
{ "type": "Feature", "properties": { "Map_Name": "Saw Mill", "First_Date": 1890, "Last_Date": 0, "Type": "Timber Mill", "Products": null, "QualityCon": "1", "Full_name": null, "Short_name": null, "Web_Link": null, "London_Fir": 0, "Londo_1st_": 1, "Web_refere": null }, "geometry": { "type": "Polygon", "coordinates": [ [ [ -0.068324, 51.525017 ], [ -0.068315, 51.524994 ], [ -0.068283, 51.524999 ], [ -0.068291, 51.525033 ], [ -0.068125, 51.525058 ], [ -0.068073, 51.524821 ], [ -0.068257, 51.5248 ], [ -0.0683, 51.524943 ], [ -0.068324, 51.524939 ], [ -0.068357, 51.525012 ], [ -0.068324, 51.525017 ] ] ] } },
{ "type": "Feature", "properties": { "Map_Name": "Saw Mill", "First_Date": 1890, "Last_Date": 0, "Type": "Timber Mill", "Products": null, "QualityCon": "1", "Full_name": null, "Short_name": null, "Web_Link": null, "London_Fir": 0, "Londo_1st_": 1, "Web_refere": null }, "geometry": { "type": "Polygon", "coordinates": [ [ [ -0.067917, 51.524162 ], [ -0.067673, 51.524192 ], [ -0.067648, 51.524104 ], [ -0.067729, 51.524093 ], [ -0.067711, 51.524009 ], [ -0.067884, 51.524012 ], [ -0.067917, 51.524162 ] ] ] } },
{ "type": "Feature", "properties": { "Map_Name": "Saw Mill", "First_Date": 1890, "Last_Date": 0, "Type": "Timber Mill", "Products": null, "QualityCon": "1", "Full_name": null, "Short_name": null, "Web_Link": null, "London_Fir": 0, "Londo_1st_": 1, "Web_refere": null }, "geometry": { "type": "Polygon", "coordinates": [ [ [ -0.070848, 51.523552 ], [ -0.070895, 51.523747 ], [ -0.070892, 51.523757 ], [ -0.070882, 51.523761 ], [ -0.070757, 51.523774 ], [ -0.070709, 51.523564 ], [ -0.070848, 51.523552 ] ] ] } },
{ "type": "Feature", "properties": { "Map_Name": "Chemical Works", "First_Date": 1860, "Last_Date": 0, "Type": "Chemical", "Products": null, "QualityCon": "1", "Full_name": null, "Short_name": null, "Web_Link": null, "London_Fir": 1, "Londo_1st_": 1, "Web_refere": null }, "geometry": { "type": "Polygon", "coordinates": [ [ [ -0.070956, 51.52679 ], [ -0.070915, 51.526796 ], [ -0.070833, 51.526647 ], [ -0.070734, 51.526485 ], [ -0.070677, 51.526443 ], [ -0.070805, 51.526423 ], [ -0.070934, 51.526388 ], [ -0.071091, 51.526347 ], [ -0.071103, 51.526357 ], [ -0.071178, 51.526337 ], [ -0.071181, 51.52634 ], [ -0.071201, 51.526335 ], [ -0.07135, 51.526296 ], [ -0.071468, 51.526507 ], [ -0.071413, 51.52652 ], [ -0.071372, 51.526531 ], [ -0.071469, 51.526662 ], [ -0.071482, 51.526695 ], [ -0.071433, 51.526704 ], [ -0.071434, 51.526711 ], [ -0.070956, 51.52679 ] ] ] } },
{ "type": "Feature", "properties": { "Map_Name": "Saw Mills", "First_Date": 1890, "Last_Date": 0, "Type": "Timber Mill", "Products": null, "QualityCon": "1", "Full_name": null, "Short_name": null, "Web_Link": null, "London_Fir": 0, "Londo_1st_": 1, "Web_refere": null }, "geometry": { "type": "Polygon", "coordinates": [ [ [ -0.058762, 51.535306 ], [ -0.058772, 51.535523 ], [ -0.05845, 51.535525 ], [ -0.058445, 51.535585 ], [ -0.05842, 51.535587 ], [ -0.05842, 51.535566 ], [ -0.058404, 51.53557 ], [ -0.0584, 51.535498 ], [ -0.058386, 51.535493 ], [ -0.058381, 51.53533 ], [ -0.058363, 51.535329 ], [ -0.05836, 51.53532 ], [ -0.058762, 51.535306 ] ] ] } },
{ "type": "Feature", "properties": { "Map_Name": "Saw Mills", "First_Date": 1890, "Last_Date": 0, "Type": "Timber Mill", "Products": null, "QualityCon": "1", "Full_name": null, "Short_name": null, "Web_Link": null, "London_Fir": 0, "Londo_1st_": 1, "Web_refere": null }, "geometry": { "type": "Polygon", "coordinates": [ [ [ -0.057966, 51.535309 ], [ -0.057983, 51.535739 ], [ -0.057646, 51.53574 ], [ -0.057647, 51.535456 ], [ -0.057628, 51.535455 ], [ -0.057619, 51.535316 ], [ -0.057966, 51.535309 ] ] ] } },
{ "type": "Feature", "properties": { "Map_Name": "Saw Mill", "First_Date": 1890, "Last_Date": 0, "Type": "Timber Mill", "Products": null, "QualityCon": "1", "Full_name": null, "Short_name": null, "Web_Link": null, "London_Fir": 0, "Londo_1st_": 1, "Web_refere": null }, "geometry": { "type": "Polygon", "coordinates": [ [ [ -0.055851, 51.534689 ], [ -0.056133, 51.534627 ], [ -0.056163, 51.53468 ], [ -0.055973, 51.534727 ], [ -0.055868, 51.534751 ], [ -0.055851, 51.534689 ] ] ] } },
{ "type": "Feature", "properties": { "Map_Name": "Cambridge Road Saw Mills", "First_Date": 1890, "Last_Date": 0, "Type": "Timber Mill", "Products": null, "QualityCon": "1", "Full_name": null, "Short_name": null, "Web_Link": null, "London_Fir": 0, "Londo_1st_": 1, "Web_refere": null }, "geometry": { "type": "Polygon", "coordinates": [ [ [ -0.058004, 51.533792 ], [ -0.058122, 51.53351 ], [ -0.058837, 51.533674 ], [ -0.058852, 51.53369 ], [ -0.058696, 51.533983 ], [ -0.058512, 51.534015 ], [ -0.058473, 51.533992 ], [ -0.058467, 51.533981 ], [ -0.058106, 51.534042 ], [ -0.058111, 51.534074 ], [ -0.05806, 51.534051 ], [ -0.058047, 51.53403 ], [ -0.058004, 51.533792 ] ] ] } },
{ "type": "Feature", "properties": { "Map_Name": "Gas Works", "First_Date": 1890, "Last_Date": 0, "Type": "Coal Gas", "Products": null, "QualityCon": "1", "Full_name": null, "Short_name": "Bromley Gas", "Web_Link": null, "London_Fir": 0, "Londo_1st_": 1, "Web_refere": null }, "geometry": { "type": "Polygon", "coordinates": [ [ [ -0.006342, 51.525668 ], [ -0.005277, 51.525906 ], [ -0.004617, 51.526067 ], [ -0.003722, 51.526289 ], [ -0.003246, 51.526401 ], [ -0.003207, 51.526401 ], [ -0.003063, 51.526433 ], [ -0.003, 51.526474 ], [ -0.002415, 51.526618 ], [ -0.001915, 51.526739 ], [ -0.001364, 51.526873 ], [ -0.001328, 51.526818 ], [ -0.001289, 51.526814 ], [ -0.001269, 51.526804 ], [ -0.001258, 51.526637 ], [ -0.001302, 51.526216 ], [ -0.00137, 51.525755 ], [ -0.001456, 51.525242 ], [ -0.001517, 51.524962 ], [ -0.001615, 51.524593 ], [ -0.001686, 51.524533 ], [ -0.001663, 51.524501 ], [ -0.001886, 51.524384 ], [ -0.002262, 51.524167 ], [ -0.002453, 51.523994 ], [ -0.00274, 51.523885 ], [ -0.003017, 51.523823 ], [ -0.003399, 51.523075 ], [ -0.003389, 51.523096 ], [ -0.003457, 51.523091 ], [ -0.003554, 51.522851 ], [ -0.004242, 51.52286 ], [ -0.005061, 51.522869 ], [ -0.005243, 51.522848 ], [ -0.005095, 51.522628 ], [ -0.004943, 51.522407 ], [ -0.00483, 51.522325 ], [ -0.004812, 51.522236 ], [ -0.004588, 51.522063 ], [ -0.004044, 51.521675 ], [ -0.003277, 51.521426 ], [ 0.000346, 51.51909 ], [ -0.002393, 51.518365 ], [ -0.002816, 51.518802 ], [ -0.005745, 51.520712 ], [ -0.006753, 51.520172 ], [ -0.007899, 51.519819 ], [ -0.008076, 51.519972 ], [ -0.008385, 51.520185 ], [ -0.008529, 51.520274 ], [ -0.00863, 51.520344 ], [ -0.008673, 51.52038 ], [ -0.008727, 51.520562 ], [ -0.008727, 51.520644 ], [ -0.008796, 51.520704 ], [ -0.008737, 51.520868 ], [ -0.008542, 51.521103 ], [ -0.008385, 51.521213 ], [ -0.008351, 51.521215 ], [ -0.008149, 51.521407 ], [ -0.007887, 51.521666 ], [ -0.007634, 51.521901 ], [ -0.007554, 51.522004 ], [ -0.0075, 51.522104 ], [ -0.007484, 51.522244 ], [ -0.007358, 51.52247 ], [ -0.007233, 51.522756 ], [ -0.007067, 51.523231 ], [ -0.007075, 51.523321 ], [ -0.007178, 51.523324 ], [ -0.007166, 51.523817 ], [ -0.007162, 51.52398 ], [ -0.007153, 51.52446 ], [ -0.007124, 51.524461 ], [ -0.007028, 51.524601 ], [ -0.006937, 51.52472 ], [ -0.006592, 51.52486 ], [ -0.006271, 51.524992 ], [ -0.006117, 51.525082 ], [ -0.006081, 51.525183 ], [ -0.006336, 51.525655 ], [ -0.006342, 51.525668 ] ] ] } },
{ "type": "Feature", "properties": { "Map_Name": "Finsbury Stationary Works", "First_Date": 1890, "Last_Date": 0, "Type": "Paper", "Products": null, "QualityCon": "1", "Full_name": null, "Short_name": null, "Web_Link": null, "London_Fir": 0, "Londo_1st_": 1, "Web_refere": null }, "geometry": { "type": "Polygon", "coordinates": [ [ [ -0.083397, 51.521448 ], [ -0.082683, 51.521385 ], [ -0.082787, 51.520971 ], [ -0.083503, 51.521041 ], [ -0.083397, 51.521448 ] ] ] } },
{ "type": "Feature", "properties": { "Map_Name": "Printing Works", "First_Date": 1890, "Last_Date": 0, "Type": "Printing", "Products": null, "QualityCon": "1", "Full_name": null, "Short_name": null, "Web_Link": null, "London_Fir": 0, "Londo_1st_": 1, "Web_refere": null }, "geometry": { "type": "Polygon", "coordinates": [ [ [ -0.082602, 51.520784 ], [ -0.082157, 51.520587 ], [ -0.082413, 51.520423 ], [ -0.082428, 51.520427 ], [ -0.082703, 51.520551 ], [ -0.082649, 51.52065 ], [ -0.082602, 51.520784 ] ] ] } },
{ "type": "Feature", "properties": { "Map_Name": "Printing Works", "First_Date": 1860, "Last_Date": 0, "Type": "Printing", "Products": null, "QualityCon": "1", "Full_name": null, "Short_name": null, "Web_Link": null, "London_Fir": 1, "Londo_1st_": 1, "Web_refere": null }, "geometry": { "type": "Polygon", "coordinates": [ [ [ -0.107163, 51.515719 ], [ -0.107141, 51.515824 ], [ -0.10715, 51.515823 ], [ -0.107145, 51.515847 ], [ -0.10731, 51.515861 ], [ -0.107226, 51.516129 ], [ -0.107031, 51.516108 ], [ -0.107021, 51.516163 ], [ -0.107154, 51.516176 ], [ -0.107139, 51.516218 ], [ -0.106952, 51.516199 ], [ -0.106986, 51.516045 ], [ -0.106658, 51.516023 ], [ -0.106657, 51.515983 ], [ -0.106487, 51.51599 ], [ -0.106423, 51.515706 ], [ -0.106618, 51.515717 ], [ -0.106631, 51.515683 ], [ -0.106816, 51.515693 ], [ -0.106823, 51.515687 ], [ -0.107163, 51.515719 ] ] ] } },
{ "type": "Feature", "properties": { "Map_Name": "Printing Works", "First_Date": 1890, "Last_Date": 0, "Type": "Printing", "Products": null, "QualityCon": "1", "Full_name": null, "Short_name": null, "Web_Link": null, "London_Fir": 0, "Londo_1st_": 1, "Web_refere": null }, "geometry": { "type": "Polygon", "coordinates": [ [ [ -0.107469, 51.515425 ], [ -0.107454, 51.51557 ], [ -0.107427, 51.515675 ], [ -0.107106, 51.515653 ], [ -0.107129, 51.515517 ], [ -0.106803, 51.515502 ], [ -0.106767, 51.515519 ], [ -0.106756, 51.515486 ], [ -0.106752, 51.515407 ], [ -0.107469, 51.515425 ] ] ] } },
{ "type": "Feature", "properties": { "Map_Name": "Printing Works", "First_Date": 1890, "Last_Date": 0, "Type": "Printing", "Products": null, "QualityCon": "1", "Full_name": null, "Short_name": null, "Web_Link": null, "London_Fir": 0, "Londo_1st_": 1, "Web_refere": null }, "geometry": { "type": "Polygon", "coordinates": [ [ [ -0.106153, 51.514904 ], [ -0.106168, 51.515067 ], [ -0.10596, 51.515081 ], [ -0.105758, 51.515185 ], [ -0.105564, 51.515039 ], [ -0.105754, 51.514946 ], [ -0.106153, 51.514904 ] ] ] } },
{ "type": "Feature", "properties": { "Map_Name": "Printing Works", "First_Date": 1890, "Last_Date": 0, "Type": "Printing", "Products": null, "QualityCon": "1", "Full_name": null, "Short_name": null, "Web_Link": null, "London_Fir": 0, "Londo_1st_": 1, "Web_refere": null }, "geometry": { "type": "Polygon", "coordinates": [ [ [ -0.106015, 51.514615 ], [ -0.105869, 51.51462 ], [ -0.10585, 51.514273 ], [ -0.106168, 51.514278 ], [ -0.106157, 51.514567 ], [ -0.106019, 51.514571 ], [ -0.106015, 51.514615 ] ] ] } },
{ "type": "Feature", "properties": { "Map_Name": "Bookbinding Works", "First_Date": 1890, "Last_Date": 0, "Type": "General", "Products": null, "QualityCon": "1", "Full_name": null, "Short_name": null, "Web_Link": null, "London_Fir": 0, "Londo_1st_": 1, "Web_refere": null }, "geometry": { "type": "Polygon", "coordinates": [ [ [ -0.102277, 51.513687 ], [ -0.102305, 51.513536 ], [ -0.102623, 51.513581 ], [ -0.102607, 51.513628 ], [ -0.102585, 51.513664 ], [ -0.102528, 51.513682 ], [ -0.102277, 51.513687 ] ] ] } },
{ "type": "Feature", "properties": { "Map_Name": "Printing Works", "First_Date": 1890, "Last_Date": 0, "Type": "Printing", "Products": null, "QualityCon": "1", "Full_name": null, "Short_name": null, "Web_Link": null, "London_Fir": 0, "Londo_1st_": 1, "Web_refere": null }, "geometry": { "type": "Polygon", "coordinates": [ [ [ -0.103493, 51.513432 ], [ -0.103502, 51.513665 ], [ -0.103475, 51.513682 ], [ -0.103457, 51.513671 ], [ -0.103455, 51.513639 ], [ -0.103154, 51.513637 ], [ -0.10314, 51.513599 ], [ -0.103087, 51.513599 ], [ -0.103099, 51.51353 ], [ -0.103112, 51.513497 ], [ -0.103133, 51.513429 ], [ -0.103177, 51.513429 ], [ -0.103493, 51.513432 ] ] ] } },
{ "type": "Feature", "properties": { "Map_Name": "Printing Works", "First_Date": 1890, "Last_Date": 0, "Type": "Printing", "Products": null, "QualityCon": "1", "Full_name": null, "Short_name": null, "Web_Link": null, "London_Fir": 0, "Londo_1st_": 1, "Web_refere": null }, "geometry": { "type": "Polygon", "coordinates": [ [ [ -0.103493, 51.513432 ], [ -0.103133, 51.513429 ], [ -0.103138, 51.513405 ], [ -0.103153, 51.513407 ], [ -0.103174, 51.513337 ], [ -0.103321, 51.513354 ], [ -0.103484, 51.513355 ], [ -0.103493, 51.513432 ] ] ] } },
{ "type": "Feature", "properties": { "Map_Name": "Tobacco Manufactory", "First_Date": 1890, "Last_Date": 0, "Type": "Tobacco", "Products": null, "QualityCon": "1", "Full_name": null, "Short_name": null, "Web_Link": null, "London_Fir": 0, "Londo_1st_": 1, "Web_refere": null }, "geometry": { "type": "Polygon", "coordinates": [ [ [ -0.101798, 51.513256 ], [ -0.101817, 51.51309 ], [ -0.102024, 51.513105 ], [ -0.102025, 51.513098 ], [ -0.102202, 51.51311 ], [ -0.102205, 51.513106 ], [ -0.102304, 51.513113 ], [ -0.102282, 51.513227 ], [ -0.102315, 51.513227 ], [ -0.102307, 51.513305 ], [ -0.101798, 51.513256 ] ] ] } },
{ "type": "Feature", "properties": { "Map_Name": "Printing Works", "First_Date": 1890, "Last_Date": 0, "Type": "Printing", "Products": null, "QualityCon": "1", "Full_name": null, "Short_name": null, "Web_Link": null, "London_Fir": 0, "Londo_1st_": 1, "Web_refere": null }, "geometry": { "type": "Polygon", "coordinates": [ [ [ -0.101513, 51.512826 ], [ -0.101524, 51.512769 ], [ -0.101564, 51.512753 ], [ -0.101812, 51.512776 ], [ -0.101774, 51.513034 ], [ -0.101753, 51.513219 ], [ -0.101701, 51.513234 ], [ -0.10167, 51.513229 ], [ -0.101496, 51.513179 ], [ -0.1016, 51.513012 ], [ -0.101659, 51.512845 ], [ -0.101513, 51.512826 ] ] ] } },
{ "type": "Feature", "properties": { "Map_Name": "St. Anne's Works", "First_Date": 1890, "Last_Date": 0, "Type": "General", "Products": null, "QualityCon": "1", "Full_name": null, "Short_name": null, "Web_Link": null, "London_Fir": 0, "Londo_1st_": 1, "Web_refere": null }, "geometry": { "type": "Polygon", "coordinates": [ [ [ -0.101782, 51.512598 ], [ -0.102009, 51.512615 ], [ -0.102001, 51.512709 ], [ -0.102083, 51.512717 ], [ -0.102074, 51.512767 ], [ -0.101762, 51.512746 ], [ -0.101782, 51.512598 ] ] ] } },
{ "type": "Feature", "properties": { "Map_Name": "Fleet Works", "First_Date": 1860, "Last_Date": 0, "Type": "General", "Products": null, "QualityCon": "1", "Full_name": null, "Short_name": null, "Web_Link": null, "London_Fir": 1, "Londo_1st_": 1, "Web_refere": null }, "geometry": { "type": "Polygon", "coordinates": [ [ [ -0.103824, 51.516053 ], [ -0.103806, 51.516002 ], [ -0.103841, 51.515754 ], [ -0.104387, 51.515652 ], [ -0.104384, 51.515641 ], [ -0.104416, 51.515633 ], [ -0.104403, 51.515602 ], [ -0.104522, 51.515584 ], [ -0.104586, 51.515902 ], [ -0.104386, 51.515941 ], [ -0.104395, 51.516001 ], [ -0.103824, 51.516053 ] ] ] } },
{ "type": "Feature", "properties": { "Map_Name": "La Belle Sauvage Works", "First_Date": 1890, "Last_Date": 0, "Type": "General", "Products": null, "QualityCon": "1", "Full_name": null, "Short_name": null, "Web_Link": null, "London_Fir": 0, "Londo_1st_": 1, "Web_refere": null }, "geometry": { "type": "Polygon", "coordinates": [ [ [ -0.103145, 51.515323 ], [ -0.102991, 51.515333 ], [ -0.10281, 51.515372 ], [ -0.102708, 51.515185 ], [ -0.102676, 51.515177 ], [ -0.10283, 51.514964 ], [ -0.102895, 51.514966 ], [ -0.1029, 51.514935 ], [ -0.103036, 51.514939 ], [ -0.103061, 51.514638 ], [ -0.103074, 51.514499 ], [ -0.103144, 51.514509 ], [ -0.103145, 51.514447 ], [ -0.103254, 51.514436 ], [ -0.103404, 51.514416 ], [ -0.103363, 51.514655 ], [ -0.103357, 51.514687 ], [ -0.103266, 51.514825 ], [ -0.103175, 51.514962 ], [ -0.103296, 51.51498 ], [ -0.103451, 51.514751 ], [ -0.103494, 51.514693 ], [ -0.103516, 51.514477 ], [ -0.103764, 51.514486 ], [ -0.103769, 51.514552 ], [ -0.103764, 51.514668 ], [ -0.103739, 51.514697 ], [ -0.103693, 51.514708 ], [ -0.103554, 51.514834 ], [ -0.103396, 51.514989 ], [ -0.103145, 51.515323 ] ] ] } },
{ "type": "Feature", "properties": { "Map_Name": "Marshgate Lane Works", "First_Date": 1890, "Last_Date": 0, "Type": "Chemical", "Products": null, "QualityCon": "1", "Full_name": null, "Short_name": null, "Web_Link": null, "London_Fir": 0, "Londo_1st_": 1, "Web_refere": null }, "geometry": { "type": "Polygon", "coordinates": [ [ [ -0.011145, 51.533219 ], [ -0.010578, 51.533517 ], [ -0.010066, 51.533782 ], [ -0.009932, 51.533827 ], [ -0.009819, 51.533723 ], [ -0.0097, 51.533564 ], [ -0.009631, 51.533449 ], [ -0.009664, 51.533342 ], [ -0.009747, 51.533276 ], [ -0.009957, 51.533197 ], [ -0.010109, 51.533111 ], [ -0.010165, 51.533022 ], [ -0.010172, 51.532848 ], [ -0.01018, 51.532794 ], [ -0.010299, 51.532828 ], [ -0.010491, 51.532882 ], [ -0.010684, 51.532917 ], [ -0.010906, 51.53296 ], [ -0.010892, 51.53302 ], [ -0.010901, 51.53306 ], [ -0.011145, 51.533219 ] ] ] } },
{ "type": "Feature", "properties": { "Map_Name": "Marshgate Mills", "First_Date": 1890, "Last_Date": 0, "Type": "Chemical", "Products": null, "QualityCon": "1", "Full_name": null, "Short_name": null, "Web_Link": null, "London_Fir": 0, "Londo_1st_": 1, "Web_refere": null }, "geometry": { "type": "Polygon", "coordinates": [ [ [ -0.012145, 51.533937 ], [ -0.010904, 51.534566 ], [ -0.010272, 51.534106 ], [ -0.011478, 51.533473 ], [ -0.011618, 51.53355 ], [ -0.011925, 51.533734 ], [ -0.012145, 51.533937 ] ] ] } },
{ "type": "Feature", "properties": { "Map_Name": "Ornamental Moulding Works", "First_Date": 1890, "Last_Date": 0, "Type": "Furnishings", "Products": null, "QualityCon": "1", "Full_name": null, "Short_name": null, "Web_Link": null, "London_Fir": 0, "Londo_1st_": 1, "Web_refere": null }, "geometry": { "type": "Polygon", "coordinates": [ [ [ -0.009529, 51.52779 ], [ -0.009209, 51.527653 ], [ -0.00959, 51.527309 ], [ -0.009854, 51.527421 ], [ -0.009942, 51.527501 ], [ -0.009994, 51.527488 ], [ -0.010022, 51.527502 ], [ -0.009975, 51.52753 ], [ -0.00976, 51.527733 ], [ -0.009601, 51.527709 ], [ -0.009529, 51.52779 ] ] ] } },
{ "type": "Feature", "properties": { "Map_Name": "Bow Pottery", "First_Date": 1890, "Last_Date": 0, "Type": "General", "Products": null, "QualityCon": "1", "Full_name": null, "Short_name": null, "Web_Link": null, "London_Fir": 0, "Londo_1st_": 1, "Web_refere": null }, "geometry": { "type": "Polygon", "coordinates": [ [ [ -0.007876, 51.525799 ], [ -0.007802, 51.525654 ], [ -0.008613, 51.52549 ], [ -0.008694, 51.525685 ], [ -0.007876, 51.525799 ] ] ] } },
{ "type": "Feature", "properties": { "Map_Name": "Hall's Wharf Chemical Works", "First_Date": 1890, "Last_Date": 0, "Type": "Chemical", "Products": null, "QualityCon": "1", "Full_name": null, "Short_name": null, "Web_Link": null, "London_Fir": 0, "Londo_1st_": 1, "Web_refere": null }, "geometry": { "type": "Polygon", "coordinates": [ [ [ 0.015619, 51.502713 ], [ 0.018759, 51.503944 ], [ 0.019371, 51.503692 ], [ 0.015957, 51.502344 ], [ 0.015619, 51.502713 ] ] ] } },
{ "type": "Feature", "properties": { "Map_Name": "H B Walmsley & Sons Plaistow Malt Factory", "First_Date": 1890, "Last_Date": 0, "Type": "Brewing", "Products": null, "QualityCon": "1", "Full_name": null, "Short_name": null, "Web_Link": null, "London_Fir": 0, "Londo_1st_": 1, "Web_refere": null }, "geometry": { "type": "Polygon", "coordinates": [ [ [ 0.015957, 51.502344 ], [ 0.019371, 51.503692 ], [ 0.019776, 51.503534 ], [ 0.016171, 51.502109 ], [ 0.015957, 51.502344 ] ] ] } },
{ "type": "Feature", "properties": { "Map_Name": "Abram Lyle & Sons Sugar", "First_Date": 1890, "Last_Date": 0, "Type": "Food", "Products": null, "QualityCon": "1", "Full_name": null, "Short_name": null, "Web_Link": null, "London_Fir": 0, "Londo_1st_": 1, "Web_refere": null }, "geometry": { "type": "Polygon", "coordinates": [ [ [ 0.017161, 51.501405 ], [ 0.018372, 51.501884 ], [ 0.020807, 51.502817 ], [ 0.021064, 51.502932 ], [ 0.021166, 51.503173 ], [ 0.022505, 51.502789 ], [ 0.022821, 51.502709 ], [ 0.02163, 51.50216 ], [ 0.021305, 51.502012 ], [ 0.020023, 51.50143 ], [ 0.018594, 51.500768 ], [ 0.017989, 51.500474 ], [ 0.016766, 51.501264 ], [ 0.017161, 51.501405 ] ] ] } },
{ "type": "Feature", "properties": { "Map_Name": "Manhattan Wharf Oil Works", "First_Date": 1890, "Last_Date": 0, "Type": "Oil and Petroleum", "Products": null, "QualityCon": "1", "Full_name": null, "Short_name": null, "Web_Link": null, "London_Fir": 0, "Londo_1st_": 1, "Web_refere": null }, "geometry": { "type": "Polygon", "coordinates": [ [ [ 0.019136, 51.499853 ], [ 0.019304, 51.49997 ], [ 0.020666, 51.500587 ], [ 0.020994, 51.500302 ], [ 0.020036, 51.499873 ], [ 0.01974, 51.499609 ], [ 0.019136, 51.499853 ] ] ] } },
{ "type": "Feature", "properties": { "Map_Name": "Oil & Colour Works", "First_Date": 1860, "Last_Date": 0, "Type": "Varnish Colour and Paint", "Products": null, "QualityCon": "1", "Full_name": null, "Short_name": null, "Web_Link": null, "London_Fir": 1, "Londo_1st_": 1, "Web_refere": null }, "geometry": { "type": "Polygon", "coordinates": [ [ [ -0.009771, 51.531097 ], [ -0.009919, 51.531078 ], [ -0.010107, 51.531095 ], [ -0.010093, 51.531146 ], [ -0.010162, 51.531157 ], [ -0.009807, 51.531593 ], [ -0.009809, 51.531761 ], [ -0.009526, 51.531794 ], [ -0.009458, 51.531644 ], [ -0.009499, 51.531581 ], [ -0.009707, 51.531136 ], [ -0.009771, 51.531097 ] ] ] } },
{ "type": "Feature", "properties": { "Map_Name": "Great Eastern Railyard", "First_Date": 1890, "Last_Date": 0, "Type": "Engineering", "Products": null, "QualityCon": "1", "Full_name": null, "Short_name": "Stratford Rail Works", "Web_Link": null, "London_Fir": 0, "Londo_1st_": 1, "Web_refere": null }, "geometry": { "type": "Polygon", "coordinates": [ [ [ -0.002276, 51.543254 ], [ -0.002436, 51.543242 ], [ -0.002596, 51.543259 ], [ -0.002808, 51.543377 ], [ -0.002814, 51.542977 ], [ -0.003251, 51.542942 ], [ -0.003523, 51.542483 ], [ -0.004004, 51.541941 ], [ -0.004287, 51.54201 ], [ -0.006026, 51.542575 ], [ -0.006334, 51.542588 ], [ -0.007682, 51.542404 ], [ -0.008216, 51.542477 ], [ -0.009288, 51.542845 ], [ -0.010604, 51.542853 ], [ -0.012334, 51.542818 ], [ -0.0127, 51.543095 ], [ -0.011477, 51.54331 ], [ -0.0101, 51.543637 ], [ -0.009161, 51.544177 ], [ -0.008585, 51.544774 ], [ -0.007617, 51.545443 ], [ -0.005711, 51.546624 ], [ -0.005328, 51.547017 ], [ -0.005105, 51.547392 ], [ -0.005059, 51.547655 ], [ -0.004082, 51.547746 ], [ -0.003503, 51.547914 ], [ -0.002042, 51.545977 ], [ -0.001759, 51.545643 ], [ -0.001639, 51.545499 ], [ -0.0015, 51.545275 ], [ -0.001324, 51.545115 ], [ -0.001075, 51.545054 ], [ -0.000354, 51.545041 ], [ -0.000188, 51.544924 ], [ -0.000057, 51.544501 ], [ -0.000086, 51.544373 ], [ -0.000216, 51.544282 ], [ -0.001493, 51.543612 ], [ -0.002276, 51.543254 ] ] ] } },
{ "type": "Feature", "properties": { "Map_Name": "The Gas Light & Coke Company's Works", "First_Date": 1890, "Last_Date": 0, "Type": "Coal Gas", "Products": null, "QualityCon": "1", "Full_name": null, "Short_name": "Beckton Gas", "Web_Link": null, "London_Fir": 0, "Londo_1st_": 1, "Web_refere": null }, "geometry": { "type": "Polygon", "coordinates": [ [ [ 0.067866, 51.519462 ], [ 0.0712, 51.518975 ], [ 0.074988, 51.518409 ], [ 0.079383, 51.517783 ], [ 0.085068, 51.516993 ], [ 0.087959, 51.513491 ], [ 0.085518, 51.512654 ], [ 0.083332, 51.511551 ], [ 0.080504, 51.512244 ], [ 0.07658, 51.51317 ], [ 0.075682, 51.51271 ], [ 0.073991, 51.513263 ], [ 0.075056, 51.514029 ], [ 0.075998, 51.514631 ], [ 0.074526, 51.514967 ], [ 0.073888, 51.515192 ], [ 0.07248, 51.515241 ], [ 0.069706, 51.515456 ], [ 0.06953, 51.515793 ], [ 0.069074, 51.515824 ], [ 0.069124, 51.516918 ], [ 0.067276, 51.517379 ], [ 0.067866, 51.519462 ] ] ] } },
{ "type": "Feature", "properties": { "Map_Name": "Tar & Liqour Works", "First_Date": 1890, "Last_Date": 0, "Type": "Chemical", "Products": null, "QualityCon": "1", "Full_name": null, "Short_name": null, "Web_Link": null, "London_Fir": 0, "Londo_1st_": 1, "Web_refere": null }, "geometry": { "type": "Polygon", "coordinates": [ [ [ 0.067276, 51.517379 ], [ 0.063385, 51.518209 ], [ 0.06373, 51.519083 ], [ 0.063269, 51.519853 ], [ 0.064035, 51.519934 ], [ 0.067864, 51.519415 ], [ 0.067276, 51.517379 ] ] ] } },
{ "type": "Feature", "properties": { "Map_Name": "Chemical Works", "First_Date": 1890, "Last_Date": 0, "Type": "Chemical", "Products": null, "QualityCon": "1", "Full_name": null, "Short_name": null, "Web_Link": null, "London_Fir": 0, "Londo_1st_": 1, "Web_refere": null }, "geometry": { "type": "Polygon", "coordinates": [ [ [ 0.099647, 51.514758 ], [ 0.09898, 51.515174 ], [ 0.09996, 51.515751 ], [ 0.100985, 51.515638 ], [ 0.102101, 51.515856 ], [ 0.102747, 51.51582 ], [ 0.102672, 51.515013 ], [ 0.10323, 51.514717 ], [ 0.103211, 51.514289 ], [ 0.101885, 51.51448 ], [ 0.101494, 51.514272 ], [ 0.099647, 51.514758 ] ] ] } },
{ "type": "Feature", "properties": { "Map_Name": "Gas Works", "First_Date": 1890, "Last_Date": 0, "Type": "Coal Gas", "Products": null, "QualityCon": "1", "Full_name": null, "Short_name": null, "Web_Link": null, "London_Fir": 0, "Londo_1st_": 1, "Web_refere": null }, "geometry": { "type": "Polygon", "coordinates": [ [ [ 0.105007, 51.515209 ], [ 0.106903, 51.514984 ], [ 0.106777, 51.513892 ], [ 0.105328, 51.513894 ], [ 0.104687, 51.514049 ], [ 0.105007, 51.515209 ] ] ] } },
{ "type": "Feature", "properties": { "Map_Name": "Ram Brewery", "First_Date": 1860, "Last_Date": 0, "Type": "Brewing", "Products": null, "QualityCon": "1", "Full_name": null, "Short_name": null, "Web_Link": null, "London_Fir": 1, "Londo_1st_": 1, "Web_refere": null }, "geometry": { "type": "Polygon", "coordinates": [ [ [ -0.193736, 51.458062 ], [ -0.192679, 51.458055 ], [ -0.19272, 51.457969 ], [ -0.192859, 51.457716 ], [ -0.192971, 51.457533 ], [ -0.192982, 51.457485 ], [ -0.192907, 51.457455 ], [ -0.192803, 51.457563 ], [ -0.192733, 51.457529 ], [ -0.192625, 51.457611 ], [ -0.192389, 51.457563 ], [ -0.192533, 51.4573 ], [ -0.192724, 51.457029 ], [ -0.192884, 51.457085 ], [ -0.192998, 51.456962 ], [ -0.193097, 51.456988 ], [ -0.193137, 51.456944 ], [ -0.193793, 51.457093 ], [ -0.193805, 51.457382 ], [ -0.193853, 51.457612 ], [ -0.19377, 51.457664 ], [ -0.193736, 51.458062 ] ] ] } },
{ "type": "Feature", "properties": { "Map_Name": "Wandle Colour Works", "First_Date": 1893, "Last_Date": 0, "Type": "Varnish Colour and Paint", "Products": null, "QualityCon": "1", "Full_name": null, "Short_name": null, "Web_Link": null, "London_Fir": 0, "Londo_1st_": 1, "Web_refere": null }, "geometry": { "type": "Polygon", "coordinates": [ [ [ -0.192779, 51.453953 ], [ -0.192504, 51.454053 ], [ -0.192367, 51.453914 ], [ -0.192652, 51.453802 ], [ -0.192779, 51.453953 ] ] ] } },
{ "type": "Feature", "properties": { "Map_Name": "Fusee Vesta Manufactory", "First_Date": 1890, "Last_Date": 0, "Type": "General", "Products": null, "QualityCon": "1", "Full_name": null, "Short_name": null, "Web_Link": null, "London_Fir": 0, "Londo_1st_": 1, "Web_refere": null }, "geometry": { "type": "Polygon", "coordinates": [ [ [ -0.191592, 51.454356 ], [ -0.190847, 51.454553 ], [ -0.190257, 51.454708 ], [ -0.190173, 51.45433 ], [ -0.19008, 51.454126 ], [ -0.191766, 51.453675 ], [ -0.191968, 51.453784 ], [ -0.191408, 51.454013 ], [ -0.191411, 51.454078 ], [ -0.191448, 51.454152 ], [ -0.191592, 51.454356 ] ] ] } },
{ "type": "Feature", "properties": { "Map_Name": "Upper Mills Flour", "First_Date": 0, "Last_Date": 0, "Type": "Grain Mill", "Products": null, "QualityCon": "1", "Full_name": null, "Short_name": null, "Web_Link": null, "London_Fir": 1, "Londo_1st_": 1, "Web_refere": null }, "geometry": { "type": "Polygon", "coordinates": [ [ [ -0.193544, 51.455549 ], [ -0.193474, 51.455386 ], [ -0.193988, 51.455303 ], [ -0.194048, 51.455318 ], [ -0.194098, 51.455395 ], [ -0.194027, 51.45547 ], [ -0.193544, 51.455549 ] ] ] } },
{ "type": "Feature", "properties": { "Map_Name": "Royal Paper Mills", "First_Date": 0, "Last_Date": 0, "Type": "Paper", "Products": null, "QualityCon": "1", "Full_name": null, "Short_name": null, "Web_Link": null, "London_Fir": 0, "Londo_1st_": 1, "Web_refere": null }, "geometry": { "type": "Polygon", "coordinates": [ [ [ -0.191326, 51.451922 ], [ -0.190816, 51.451914 ], [ -0.190642, 51.451702 ], [ -0.19072, 51.451636 ], [ -0.190711, 51.451479 ], [ -0.191367, 51.451456 ], [ -0.191326, 51.451922 ] ] ] } },
{ "type": "Feature", "properties": { "Map_Name": "Acetic Acid Works", "First_Date": 1890, "Last_Date": 0, "Type": "Chemical", "Products": null, "QualityCon": "1", "Full_name": null, "Short_name": null, "Web_Link": null, "London_Fir": 0, "Londo_1st_": 1, "Web_refere": null }, "geometry": { "type": "Polygon", "coordinates": [ [ [ -0.154237, 51.469617 ], [ -0.154239, 51.469617 ], [ -0.1534, 51.469765 ], [ -0.153221, 51.46978 ], [ -0.152994, 51.469315 ], [ -0.154006, 51.469164 ], [ -0.154237, 51.469617 ] ] ] } },
{ "type": "Feature", "properties": { "Map_Name": "Imperial Gas Works", "First_Date": 1890, "Last_Date": 0, "Type": "Coal Gas", "Products": "Gas", "QualityCon": "1", "Full_name": null, "Short_name": "Imperial Gas", "Web_Link": null, "London_Fir": 0, "Londo_1st_": 1, "Web_refere": null }, "geometry": { "type": "Polygon", "coordinates": [ [ [ -0.18736, 51.475336 ], [ -0.188843, 51.475888 ], [ -0.188007, 51.476714 ], [ -0.188653, 51.476956 ], [ -0.188499, 51.477114 ], [ -0.188837, 51.477245 ], [ -0.187362, 51.477905 ], [ -0.186341, 51.478327 ], [ -0.186051, 51.478372 ], [ -0.185847, 51.477717 ], [ -0.185377, 51.477775 ], [ -0.184907, 51.477124 ], [ -0.184722, 51.476993 ], [ -0.18422, 51.476667 ], [ -0.184108, 51.476478 ], [ -0.184234, 51.476426 ], [ -0.184128, 51.47646 ], [ -0.184052, 51.476385 ], [ -0.183774, 51.475953 ], [ -0.183476, 51.475544 ], [ -0.182936, 51.474988 ], [ -0.183062, 51.474937 ], [ -0.184678, 51.474301 ], [ -0.186126, 51.474865 ], [ -0.18736, 51.475336 ] ] ] } },
{ "type": "Feature", "properties": { "Map_Name": "Gas Works", "First_Date": 1890, "Last_Date": 0, "Type": "Coal Gas", "Products": "Gas", "QualityCon": "1", "Full_name": null, "Short_name": null, "Web_Link": null, "London_Fir": 0, "Londo_1st_": 1, "Web_refere": null }, "geometry": { "type": "Polygon", "coordinates": [ [ [ -0.02369, 51.521332 ], [ -0.023634, 51.520989 ], [ -0.023711, 51.520542 ], [ -0.023893, 51.520089 ], [ -0.023646, 51.519977 ], [ -0.024257, 51.519651 ], [ -0.026039, 51.520295 ], [ -0.026766, 51.520642 ], [ -0.026604, 51.520837 ], [ -0.026614, 51.520878 ], [ -0.026758, 51.520985 ], [ -0.02642, 51.521226 ], [ -0.026186, 51.521247 ], [ -0.025911, 51.521572 ], [ -0.025778, 51.521537 ], [ -0.025209, 51.522037 ], [ -0.025008, 51.522022 ], [ -0.02481, 51.522003 ], [ -0.024227, 51.521721 ], [ -0.023583, 51.521538 ], [ -0.02369, 51.521332 ] ] ] } },
{ "type": "Feature", "properties": { "Map_Name": "Iron Shipbuilding Yard", "First_Date": 1860, "Last_Date": 0, "Type": "Shipyard", "Products": "Iron", "QualityCon": "1", "Full_name": null, "Short_name": null, "Web_Link": null, "London_Fir": 1, "Londo_1st_": 1, "Web_refere": null }, "geometry": { "type": "Polygon", "coordinates": [ [ [ -0.015646, 51.482492 ], [ -0.016415, 51.482404 ], [ -0.01648, 51.482705 ], [ -0.01642, 51.483012 ], [ -0.016248, 51.48301 ], [ -0.016203, 51.482994 ], [ -0.016142, 51.483008 ], [ -0.016096, 51.483002 ], [ -0.016037, 51.482981 ], [ -0.016008, 51.482983 ], [ -0.015983, 51.482991 ], [ -0.015925, 51.482992 ], [ -0.015783, 51.482982 ], [ -0.015336, 51.482985 ], [ -0.015318, 51.483136 ], [ -0.015006, 51.483123 ], [ -0.014662, 51.483109 ], [ -0.014674, 51.482895 ], [ -0.014684, 51.482702 ], [ -0.014697, 51.482449 ], [ -0.014749, 51.482452 ], [ -0.014756, 51.482448 ], [ -0.015127, 51.48247 ], [ -0.015585, 51.482491 ], [ -0.015646, 51.482492 ] ] ] } },
{ "type": "Feature", "properties": { "Map_Name": "Black Eagle Brewery", "First_Date": 1890, "Last_Date": 0, "Type": "Brewing", "Products": null, "QualityCon": "1", "Full_name": null, "Short_name": null, "Web_Link": null, "London_Fir": 0, "Londo_1st_": 1, "Web_refere": null }, "geometry": { "type": "Polygon", "coordinates": [ [ [ -0.071938, 51.521015 ], [ -0.073033, 51.521101 ], [ -0.072666, 51.522064 ], [ -0.071799, 51.521991 ], [ -0.071938, 51.521015 ] ] ] } },
{ "type": "Feature", "properties": { "Map_Name": "Cement Works", "First_Date": 1860, "Last_Date": 0, "Type": "Building", "Products": null, "QualityCon": "1", "Full_name": null, "Short_name": null, "Web_Link": null, "London_Fir": 1, "Londo_1st_": 1, "Web_refere": null }, "geometry": { "type": "Polygon", "coordinates": [ [ [ 0.00309, 51.493531 ], [ 0.002775, 51.493968 ], [ 0.00217, 51.493818 ], [ 0.002045, 51.493998 ], [ 0.002639, 51.494159 ], [ 0.002692, 51.494171 ], [ 0.002982, 51.494248 ], [ 0.003175, 51.494294 ], [ 0.00351, 51.494385 ], [ 0.00362, 51.494407 ], [ 0.003658, 51.494272 ], [ 0.003722, 51.494079 ], [ 0.003746, 51.494035 ], [ 0.003785, 51.494026 ], [ 0.003846, 51.494034 ], [ 0.003935, 51.494064 ], [ 0.003979, 51.494073 ], [ 0.004014, 51.494087 ], [ 0.004043, 51.494112 ], [ 0.004089, 51.494143 ], [ 0.004122, 51.494158 ], [ 0.004165, 51.494176 ], [ 0.004381, 51.493869 ], [ 0.00309, 51.493531 ] ] ] } },
{ "type": "Feature", "properties": { "Map_Name": "Paint, Varnish and Printing Ink Worka", "First_Date": 1890, "Last_Date": 0, "Type": "Chemical", "Products": null, "QualityCon": "1", "Full_name": null, "Short_name": null, "Web_Link": null, "London_Fir": 0, "Londo_1st_": 1, "Web_refere": null }, "geometry": { "type": "Polygon", "coordinates": [ [ [ -0.008633, 51.531112 ], [ -0.008466, 51.530518 ], [ -0.009262, 51.530333 ], [ -0.009297, 51.530341 ], [ -0.009466, 51.53109 ], [ -0.009171, 51.531108 ], [ -0.008978, 51.531058 ], [ -0.008633, 51.531112 ] ] ] } },
{ "type": "Feature", "properties": { "Map_Name": "Langthorn Chemical Works", "First_Date": 1890, "Last_Date": 0, "Type": "Chemical", "Products": null, "QualityCon": "1", "Full_name": null, "Short_name": null, "Web_Link": null, "London_Fir": 0, "Londo_1st_": 1, "Web_refere": null }, "geometry": { "type": "Polygon", "coordinates": [ [ [ 0.001602, 51.533169 ], [ 0.002203, 51.532472 ], [ 0.002201, 51.532472 ], [ 0.002008, 51.532405 ], [ 0.001767, 51.532471 ], [ 0.00143, 51.53238 ], [ 0.001181, 51.532355 ], [ 0.000727, 51.532222 ], [ 0.000572, 51.532275 ], [ 0.000237, 51.532668 ], [ 0.00005, 51.532656 ], [ 0.000013, 51.532792 ], [ 0.000294, 51.532836 ], [ 0.001437, 51.533114 ], [ 0.001462, 51.533112 ], [ 0.001602, 51.533169 ] ] ] } },
{ "type": "Feature", "properties": { "Map_Name": "Glue & Size Works", "First_Date": 1890, "Last_Date": 0, "Type": "Chemical", "Products": "Glue", "QualityCon": "1", "Full_name": null, "Short_name": null, "Web_Link": null, "London_Fir": 0, "Londo_1st_": 1, "Web_refere": null }, "geometry": { "type": "Polygon", "coordinates": [ [ [ -0.072083, 51.494438 ], [ -0.071811, 51.49383 ], [ -0.072627, 51.493544 ], [ -0.073004, 51.493864 ], [ -0.073112, 51.493848 ], [ -0.073232, 51.493856 ], [ -0.073343, 51.493828 ], [ -0.073565, 51.493667 ], [ -0.073817, 51.49392 ], [ -0.073076, 51.494149 ], [ -0.073075, 51.494149 ], [ -0.072083, 51.494438 ] ] ] } },
{ "type": "Feature", "properties": { "Map_Name": "Copenhagen Oil Mills", "First_Date": 1890, "Last_Date": 0, "Type": "Soap Candle Tallow and Oil", "Products": null, "QualityCon": "1", "Full_name": null, "Short_name": "Copenhagen Oil Mills", "Web_Link": null, "London_Fir": 0, "Londo_1st_": 1, "Web_refere": null }, "geometry": { "type": "Polygon", "coordinates": [ [ [ -0.030047, 51.514671 ], [ -0.029111, 51.514813 ], [ -0.028841, 51.513751 ], [ -0.029536, 51.513659 ], [ -0.029536, 51.513668 ], [ -0.029718, 51.513644 ], [ -0.030047, 51.514671 ] ] ] } },
{ "type": "Feature", "properties": { "Map_Name": "Chemical Works", "First_Date": 1890, "Last_Date": 0, "Type": "Chemical", "Products": null, "QualityCon": "1", "Full_name": null, "Short_name": null, "Web_Link": null, "London_Fir": 0, "Londo_1st_": 1, "Web_refere": null }, "geometry": { "type": "Polygon", "coordinates": [ [ [ 0.010411, 51.499738 ], [ 0.011308, 51.498901 ], [ 0.010795, 51.498687 ], [ 0.010713, 51.498764 ], [ 0.010539, 51.498689 ], [ 0.01036, 51.498844 ], [ 0.009862, 51.49865 ], [ 0.009922, 51.498466 ], [ 0.009279, 51.498127 ], [ 0.009138, 51.498232 ], [ 0.008701, 51.498578 ], [ 0.009418, 51.499055 ], [ 0.009954, 51.499457 ], [ 0.00991, 51.499498 ], [ 0.010411, 51.499738 ] ] ] } },
{ "type": "Feature", "properties": { "Map_Name": "Star Chemical Works", "First_Date": 1890, "Last_Date": 0, "Type": "Chemical", "Products": null, "QualityCon": "1", "Full_name": null, "Short_name": null, "Web_Link": null, "London_Fir": 0, "Londo_1st_": 1, "Web_refere": null }, "geometry": { "type": "Polygon", "coordinates": [ [ [ -0.019097, 51.518787 ], [ -0.018959, 51.518526 ], [ -0.019433, 51.518349 ], [ -0.019665, 51.518618 ], [ -0.019097, 51.518787 ] ] ] } },
{ "type": "Feature", "properties": { "Map_Name": "India Rubber Works", "First_Date": 1890, "Last_Date": 0, "Type": "Rubber and Gutta-Percha", "Products": null, "QualityCon": "1", "Full_name": null, "Short_name": null, "Web_Link": null, "London_Fir": 0, "Londo_1st_": 1, "Web_refere": null }, "geometry": { "type": "Polygon", "coordinates": [ [ [ -0.121369, 51.492295 ], [ -0.121183, 51.49225 ], [ -0.121394, 51.491915 ], [ -0.121569, 51.491948 ], [ -0.121524, 51.492062 ], [ -0.121523, 51.492063 ], [ -0.121369, 51.492295 ] ] ] } },
{ "type": "Feature", "properties": { "Map_Name": "Patent Rope Factory", "First_Date": 1890, "Last_Date": 0, "Type": "Rope", "Products": null, "QualityCon": "1", "Full_name": null, "Short_name": null, "Web_Link": null, "London_Fir": 0, "Londo_1st_": 1, "Web_refere": null }, "geometry": { "type": "Polygon", "coordinates": [ [ [ -0.052987, 51.514026 ], [ -0.052385, 51.513974 ], [ -0.052427, 51.513754 ], [ -0.052432, 51.513728 ], [ -0.052415, 51.513725 ], [ -0.052426, 51.513625 ], [ -0.052554, 51.513633 ], [ -0.052556, 51.51362 ], [ -0.052515, 51.513619 ], [ -0.052514, 51.513583 ], [ -0.052556, 51.513587 ], [ -0.052558, 51.513576 ], [ -0.052577, 51.513569 ], [ -0.052633, 51.513572 ], [ -0.052632, 51.513565 ], [ -0.052709, 51.513567 ], [ -0.052706, 51.513575 ], [ -0.05277, 51.513578 ], [ -0.053039, 51.510879 ], [ -0.053375, 51.510882 ], [ -0.053354, 51.510995 ], [ -0.053322, 51.511031 ], [ -0.053186, 51.511042 ], [ -0.053128, 51.512038 ], [ -0.053403, 51.512017 ], [ -0.053136, 51.513735 ], [ -0.05311, 51.513751 ], [ -0.053093, 51.513857 ], [ -0.053012, 51.513856 ], [ -0.052987, 51.514026 ], [ -0.052987, 51.514026 ] ] ] } },
{ "type": "Feature", "properties": { "Map_Name": "Biscuit Works", "First_Date": 1890, "Last_Date": 0, "Type": "Food", "Products": null, "QualityCon": "1", "Full_name": null, "Short_name": null, "Web_Link": null, "London_Fir": 0, "Londo_1st_": 1, "Web_refere": null }, "geometry": { "type": "Polygon", "coordinates": [ [ [ -0.063343, 51.4941 ], [ -0.062707, 51.493822 ], [ -0.062703, 51.493822 ], [ -0.062679, 51.493846 ], [ -0.062626, 51.493828 ], [ -0.062345, 51.493888 ], [ -0.061046, 51.494121 ], [ -0.060861, 51.493727 ], [ -0.061089, 51.493707 ], [ -0.061058, 51.493652 ], [ -0.061069, 51.493653 ], [ -0.061156, 51.493636 ], [ -0.061116, 51.493562 ], [ -0.061172, 51.493546 ], [ -0.061146, 51.493516 ], [ -0.061352, 51.49346 ], [ -0.061394, 51.493528 ], [ -0.061463, 51.493511 ], [ -0.061478, 51.493528 ], [ -0.061574, 51.493494 ], [ -0.061665, 51.493596 ], [ -0.061954, 51.49354 ], [ -0.061829, 51.493162 ], [ -0.061801, 51.493164 ], [ -0.061791, 51.493131 ], [ -0.061817, 51.49313 ], [ -0.061798, 51.493059 ], [ -0.063574, 51.49385 ], [ -0.063552, 51.493869 ], [ -0.063627, 51.493907 ], [ -0.063575, 51.493951 ], [ -0.063554, 51.49394 ], [ -0.063478, 51.494001 ], [ -0.063465, 51.493994 ], [ -0.063343, 51.4941 ] ] ] } },
{ "type": "Feature", "properties": { "Map_Name": "Tannery", "First_Date": 1890, "Last_Date": 0, "Type": "Leather and Skins", "Products": null, "QualityCon": "1", "Full_name": null, "Short_name": null, "Web_Link": null, "London_Fir": 0, "Londo_1st_": 1, "Web_refere": null }, "geometry": { "type": "Polygon", "coordinates": [ [ [ -0.076196, 51.495862 ], [ -0.075515, 51.495875 ], [ -0.075296, 51.4959 ], [ -0.074842, 51.495978 ], [ -0.074779, 51.495866 ], [ -0.074828, 51.495854 ], [ -0.074765, 51.495725 ], [ -0.074801, 51.495716 ], [ -0.074785, 51.495689 ], [ -0.075244, 51.495586 ], [ -0.07522, 51.495537 ], [ -0.075297, 51.495523 ], [ -0.075245, 51.495409 ], [ -0.075792, 51.495284 ], [ -0.075873, 51.495552 ], [ -0.07615, 51.49553 ], [ -0.076196, 51.495862 ] ] ] } },
{ "type": "Feature", "properties": { "Map_Name": "Tunnel Soap Works", "First_Date": 1890, "Last_Date": 0, "Type": "Soap Candle Tallow and Oil", "Products": null, "QualityCon": "1", "Full_name": null, "Short_name": "Tunnel Soap Works", "Web_Link": null, "London_Fir": 0, "Londo_1st_": 1, "Web_refere": null }, "geometry": { "type": "Polygon", "coordinates": [ [ [ -0.057313, 51.504583 ], [ -0.056961, 51.504382 ], [ -0.056646, 51.504219 ], [ -0.056777, 51.504111 ], [ -0.056631, 51.504017 ], [ -0.056773, 51.503955 ], [ -0.05748, 51.503693 ], [ -0.057497, 51.50369 ], [ -0.05751, 51.503694 ], [ -0.057836, 51.504221 ], [ -0.057813, 51.504322 ], [ -0.057742, 51.504385 ], [ -0.057313, 51.504583 ] ] ] } },
{ "type": "Feature", "properties": { "Map_Name": "Lea Cut Oil Works", "First_Date": 1890, "Last_Date": 0, "Type": "Oil and Petroleum", "Products": null, "QualityCon": "1", "Full_name": null, "Short_name": null, "Web_Link": null, "London_Fir": 0, "Londo_1st_": 1, "Web_refere": null }, "geometry": { "type": "Polygon", "coordinates": [ [ [ -0.028766, 51.513532 ], [ -0.028655, 51.513101 ], [ -0.028949, 51.513073 ], [ -0.028979, 51.513222 ], [ -0.02909, 51.51341 ], [ -0.028766, 51.513532 ] ] ] } },
{ "type": "Feature", "properties": { "Map_Name": "Anchor Works", "First_Date": 1890, "Last_Date": 0, "Type": "Metal", "Products": null, "QualityCon": "1", "Full_name": null, "Short_name": null, "Web_Link": null, "London_Fir": 0, "Londo_1st_": 1, "Web_refere": null }, "geometry": { "type": "Polygon", "coordinates": [ [ [ -0.028655, 51.513101 ], [ -0.028598, 51.512847 ], [ -0.028673, 51.512859 ], [ -0.028896, 51.512837 ], [ -0.028949, 51.513073 ], [ -0.028655, 51.513101 ] ] ] } },
{ "type": "Feature", "properties": { "Map_Name": "East London Saltpetre Works", "First_Date": 1890, "Last_Date": 0, "Type": "Chemical", "Products": null, "QualityCon": "1", "Full_name": null, "Short_name": null, "Web_Link": null, "London_Fir": 0, "Londo_1st_": 1, "Web_refere": null }, "geometry": { "type": "MultiPolygon", "coordinates": [ [ [ [ -0.024768, 51.515046 ], [ -0.024754, 51.515035 ], [ -0.024352, 51.51495 ], [ -0.024481, 51.514707 ], [ -0.025616, 51.51484 ], [ -0.024876, 51.515151 ], [ -0.024768, 51.515046 ] ] ], [ [ [ -0.024876, 51.515151 ], [ -0.024876, 51.515151 ], [ -0.024875, 51.515151 ], [ -0.024876, 51.515151 ] ] ] ] } },
{ "type": "Feature", "properties": { "Map_Name": "Paper Box Manufactory", "First_Date": 1890, "Last_Date": 0, "Type": "Paper", "Products": null, "QualityCon": "1", "Full_name": null, "Short_name": null, "Web_Link": null, "London_Fir": 0, "Londo_1st_": 1, "Web_refere": null }, "geometry": { "type": "Polygon", "coordinates": [ [ [ -0.08531, 51.536 ], [ -0.084877, 51.535995 ], [ -0.084888, 51.535765 ], [ -0.084868, 51.535765 ], [ -0.084869, 51.535713 ], [ -0.085509, 51.535722 ], [ -0.085506, 51.535785 ], [ -0.085518, 51.535785 ], [ -0.085515, 51.535842 ], [ -0.085313, 51.535841 ], [ -0.08531, 51.536 ] ] ] } },
{ "type": "Feature", "properties": { "Map_Name": "Reliance Safe Works", "First_Date": 1890, "Last_Date": 0, "Type": "General", "Products": null, "QualityCon": "1", "Full_name": null, "Short_name": null, "Web_Link": null, "London_Fir": 0, "Londo_1st_": 1, "Web_refere": null }, "geometry": { "type": "Polygon", "coordinates": [ [ [ -0.060092, 51.531784 ], [ -0.059947, 51.53181 ], [ -0.059943, 51.531801 ], [ -0.059787, 51.531516 ], [ -0.060147, 51.531453 ], [ -0.060253, 51.531654 ], [ -0.060171, 51.531671 ], [ -0.060203, 51.531728 ], [ -0.060077, 51.531748 ], [ -0.060092, 51.531784 ] ] ] } },
{ "type": "Feature", "properties": { "Map_Name": "Color Works", "First_Date": 1890, "Last_Date": 0, "Type": "Varnish Colour and Paint", "Products": null, "QualityCon": "1", "Full_name": null, "Short_name": null, "Web_Link": null, "London_Fir": 0, "Londo_1st_": 1, "Web_refere": null }, "geometry": { "type": "Polygon", "coordinates": [ [ [ -0.05277, 51.52758 ], [ -0.05268, 51.527593 ], [ -0.052573, 51.527291 ], [ -0.052549, 51.527294 ], [ -0.052514, 51.527201 ], [ -0.052456, 51.527206 ], [ -0.052483, 51.527292 ], [ -0.052431, 51.527297 ], [ -0.052359, 51.527077 ], [ -0.052124, 51.527109 ], [ -0.052089, 51.527014 ], [ -0.05258, 51.526951 ], [ -0.05265, 51.527194 ], [ -0.05277, 51.52758 ] ] ] } },
{ "type": "Feature", "properties": { "Map_Name": "Tobacco Manufactory", "First_Date": 1890, "Last_Date": 0, "Type": "Tobacco", "Products": null, "QualityCon": "1", "Full_name": null, "Short_name": null, "Web_Link": null, "London_Fir": 0, "Londo_1st_": 1, "Web_refere": null }, "geometry": { "type": "Polygon", "coordinates": [ [ [ -0.07417, 51.520561 ], [ -0.073991, 51.520536 ], [ -0.074062, 51.520343 ], [ -0.074322, 51.520357 ], [ -0.074355, 51.520366 ], [ -0.07438, 51.52038 ], [ -0.074465, 51.520452 ], [ -0.074292, 51.520529 ], [ -0.074181, 51.520544 ], [ -0.07417, 51.520562 ], [ -0.07417, 51.520561 ] ] ] } },
{ "type": "Feature", "properties": { "Map_Name": "Corn Mill", "First_Date": 1890, "Last_Date": 0, "Type": "Grain Mill", "Products": null, "QualityCon": "1", "Full_name": null, "Short_name": null, "Web_Link": null, "London_Fir": 0, "Londo_1st_": 1, "Web_refere": null }, "geometry": { "type": "Polygon", "coordinates": [ [ [ -0.022879, 51.475931 ], [ -0.022699, 51.475853 ], [ -0.022662, 51.475894 ], [ -0.022213, 51.475757 ], [ -0.022224, 51.475742 ], [ -0.022184, 51.475729 ], [ -0.022226, 51.475672 ], [ -0.02225, 51.47568 ], [ -0.022259, 51.475669 ], [ -0.022272, 51.475675 ], [ -0.022278, 51.475667 ], [ -0.022482, 51.475729 ], [ -0.022509, 51.4757 ], [ -0.022541, 51.475714 ], [ -0.022546, 51.47572 ], [ -0.022649, 51.475735 ], [ -0.022655, 51.475728 ], [ -0.022756, 51.47576 ], [ -0.022767, 51.475777 ], [ -0.022965, 51.47587 ], [ -0.022879, 51.475931 ] ] ] } },
{ "type": "Feature", "properties": { "Map_Name": "Van and Wheel Works", "First_Date": 1890, "Last_Date": 0, "Type": "General", "Products": null, "QualityCon": "1", "Full_name": null, "Short_name": null, "Web_Link": null, "London_Fir": 0, "Londo_1st_": 1, "Web_refere": null }, "geometry": { "type": "Polygon", "coordinates": [ [ [ -0.011055, 51.52527 ], [ -0.010857, 51.525331 ], [ -0.010931, 51.525422 ], [ -0.010666, 51.525493 ], [ -0.010631, 51.525431 ], [ -0.010777, 51.525396 ], [ -0.010694, 51.525252 ], [ -0.010989, 51.525156 ], [ -0.011007, 51.52518 ], [ -0.010992, 51.525185 ], [ -0.011055, 51.52527 ] ] ] } },
{ "type": "Feature", "properties": { "Map_Name": "Magdala Works", "First_Date": 1890, "Last_Date": 0, "Type": "General", "Products": null, "QualityCon": "1", "Full_name": null, "Short_name": null, "Web_Link": null, "London_Fir": 0, "Londo_1st_": 1, "Web_refere": null }, "geometry": { "type": "Polygon", "coordinates": [ [ [ -0.090682, 51.521477 ], [ -0.089945, 51.521462 ], [ -0.089956, 51.52137 ], [ -0.090224, 51.521372 ], [ -0.090226, 51.521336 ], [ -0.090786, 51.521346 ], [ -0.090784, 51.521418 ], [ -0.090683, 51.521417 ], [ -0.090682, 51.521477 ] ] ] } },
{ "type": "Feature", "properties": { "Map_Name": "Shipbuilding Yard", "First_Date": 1893, "Last_Date": 0, "Type": "Shipyard", "Products": null, "QualityCon": null, "Full_name": null, "Short_name": null, "Web_Link": null, "London_Fir": 0, "Londo_1st_": 1, "Web_refere": "http://www.british-history.ac.uk/survey-london/vols43-4/pp655-685" }, "geometry": { "type": "Polygon", "coordinates": [ [ [ 0.006593, 51.50788 ], [ 0.006919, 51.508649 ], [ 0.007663, 51.508536 ], [ 0.007113, 51.507739 ], [ 0.006593, 51.50788 ] ] ] } },
{ "type": "Feature", "properties": { "Map_Name": "Asphalte Paving Company", "First_Date": 1872, "Last_Date": 0, "Type": "Asphalt", "Products": "Asphalte", "QualityCon": null, "Full_name": null, "Short_name": null, "Web_Link": null, "London_Fir": 0, "Londo_1st_": 1, "Web_refere": null }, "geometry": { "type": "Polygon", "coordinates": [ [ [ 0.007735, 51.508605 ], [ 0.00811, 51.509096 ], [ 0.008379, 51.509056 ], [ 0.008518, 51.509019 ], [ 0.008729, 51.508949 ], [ 0.008848, 51.50885 ], [ 0.008915, 51.508803 ], [ 0.008652, 51.508462 ], [ 0.007735, 51.508605 ] ] ] } },
{ "type": "Feature", "properties": { "Map_Name": "Ordnance Wharf Tar & Pitch Works", "First_Date": 0, "Last_Date": 0, "Type": "General", "Products": null, "QualityCon": null, "Full_name": null, "Short_name": null, "Web_Link": null, "London_Fir": 0, "Londo_1st_": 1, "Web_refere": null }, "geometry": { "type": "Polygon", "coordinates": [ [ [ -0.002106, 51.502168 ], [ -0.001853, 51.502723 ], [ -0.001615, 51.503037 ], [ -0.001296, 51.503361 ], [ -0.000735, 51.503756 ], [ -0.000432, 51.50393 ], [ -0.000056, 51.503498 ], [ 0.000429, 51.503038 ], [ 0.000559, 51.503056 ], [ 0.000576, 51.503014 ], [ 0.000643, 51.503016 ], [ 0.000688, 51.502745 ], [ 0.000684, 51.50243 ], [ 0.000546, 51.502435 ], [ -0.000365, 51.502632 ], [ -0.000335, 51.502563 ], [ 0.000667, 51.502367 ], [ 0.000622, 51.501684 ], [ 0.000598, 51.501667 ], [ -0.000206, 51.501808 ], [ -0.001303, 51.501996 ], [ -0.002079, 51.502138 ], [ -0.002106, 51.502168 ] ] ] } },
{ "type": "Feature", "properties": { "Map_Name": "Blackwall Point Dry Dock", "First_Date": 0, "Last_Date": 0, "Type": "Shipyard", "Products": null, "QualityCon": null, "Full_name": null, "Short_name": null, "Web_Link": null, "London_Fir": 0, "Londo_1st_": 1, "Web_refere": null }, "geometry": { "type": "Polygon", "coordinates": [ [ [ -0.000536, 51.504072 ], [ -0.000329, 51.504097 ], [ -0.000133, 51.50421 ], [ -0.000019, 51.504284 ], [ 0.000385, 51.504028 ], [ 0.00065, 51.503978 ], [ 0.000771, 51.50405 ], [ 0.001055, 51.50419 ], [ 0.000984, 51.504298 ], [ 0.000661, 51.504577 ], [ 0.000916, 51.504663 ], [ 0.001635, 51.50384 ], [ 0.00143, 51.503767 ], [ 0.001573, 51.503572 ], [ 0.001687, 51.503465 ], [ 0.001385, 51.50319 ], [ 0.000429, 51.503038 ], [ -0.000056, 51.503498 ], [ -0.000432, 51.50393 ], [ -0.000536, 51.504072 ] ] ] } },
{ "type": "Feature", "properties": { "Map_Name": "Shipbuilding Yard", "First_Date": 0, "Last_Date": 0, "Type": "Shipyard", "Products": null, "QualityCon": null, "Full_name": null, "Short_name": null, "Web_Link": null, "London_Fir": 0, "Londo_1st_": 1, "Web_refere": null }, "geometry": { "type": "Polygon", "coordinates": [ [ [ -0.001916, 51.50199 ], [ -0.000228, 51.501697 ], [ -0.0003, 51.501455 ], [ -0.000796, 51.501526 ], [ -0.000834, 51.501526 ], [ -0.000851, 51.501482 ], [ -0.000999, 51.50151 ], [ -0.000975, 51.501536 ], [ -0.001016, 51.501546 ], [ -0.000993, 51.501648 ], [ -0.001981, 51.501805 ], [ -0.001916, 51.50199 ] ] ] } },
{ "type": "Feature", "properties": { "Map_Name": "Thames Soap & Candle Works", "First_Date": 0, "Last_Date": 0, "Type": "Soap Candle Tallow and Oil", "Products": null, "QualityCon": null, "Full_name": null, "Short_name": "Thames Soap & Candle Works", "Web_Link": null, "London_Fir": 0, "Londo_1st_": 1, "Web_refere": "https://greenwichpeninsulahistory.wordpress.com/2013/08/09/wilkie-and-soames/" }, "geometry": { "type": "Polygon", "coordinates": [ [ [ 0.00243, 51.492634 ], [ 0.002368, 51.492862 ], [ 0.002382, 51.492961 ], [ 0.002413, 51.493048 ], [ 0.003008, 51.493184 ], [ 0.003321, 51.493251 ], [ 0.004064, 51.493427 ], [ 0.00426, 51.493475 ], [ 0.005196, 51.493726 ], [ 0.005291, 51.493728 ], [ 0.005345, 51.493756 ], [ 0.005379, 51.493565 ], [ 0.005387, 51.493295 ], [ 0.005317, 51.493236 ], [ 0.005203, 51.493137 ], [ 0.00511, 51.492862 ], [ 0.005052, 51.492842 ], [ 0.004601, 51.492868 ], [ 0.004458, 51.492864 ], [ 0.004427, 51.492829 ], [ 0.004486, 51.492632 ], [ 0.004611, 51.492332 ], [ 0.004666, 51.492299 ], [ 0.00482, 51.49232 ], [ 0.0049, 51.49231 ], [ 0.004948, 51.492104 ], [ 0.005007, 51.491927 ], [ 0.00485, 51.491606 ], [ 0.004754, 51.491465 ], [ 0.004719, 51.491444 ], [ 0.004456, 51.49141 ], [ 0.003879, 51.491292 ], [ 0.003359, 51.491182 ], [ 0.003115, 51.491156 ], [ 0.00277, 51.491109 ], [ 0.002651, 51.491105 ], [ 0.002517, 51.49108 ], [ 0.002515, 51.491259 ], [ 0.002496, 51.491381 ], [ 0.00255, 51.491514 ], [ 0.00262, 51.491602 ], [ 0.002694, 51.491764 ], [ 0.002726, 51.491948 ], [ 0.002662, 51.492031 ], [ 0.00243, 51.492634 ] ] ] } },
{ "type": "Feature", "properties": { "Map_Name": "Telegraph Works", "First_Date": 0, "Last_Date": 0, "Type": "Electrical", "Products": null, "QualityCon": null, "Full_name": null, "Short_name": null, "Web_Link": null, "London_Fir": 0, "Londo_1st_": 1, "Web_refere": "http://en.wikipedia.org/wiki/Enderby's_Wharf" }, "geometry": { "type": "Polygon", "coordinates": [ [ [ 0.002546, 51.489978 ], [ 0.002614, 51.490599 ], [ 0.004558, 51.490609 ], [ 0.004609, 51.491001 ], [ 0.006056, 51.490869 ], [ 0.008016, 51.490721 ], [ 0.008493, 51.490642 ], [ 0.0085, 51.490282 ], [ 0.008504, 51.490052 ], [ 0.008494, 51.489815 ], [ 0.008481, 51.489425 ], [ 0.007533, 51.489415 ], [ 0.006313, 51.489421 ], [ 0.005539, 51.489461 ], [ 0.004494, 51.489535 ], [ 0.004379, 51.489522 ], [ 0.004337, 51.489446 ], [ 0.004238, 51.489456 ], [ 0.002451, 51.489555 ], [ 0.002546, 51.489978 ] ] ] } },
{ "type": "Feature", "properties": { "Map_Name": "Boat Building Yard", "First_Date": 0, "Last_Date": 0, "Type": "Shipyard", "Products": null, "QualityCon": null, "Full_name": null, "Short_name": null, "Web_Link": null, "London_Fir": 0, "Londo_1st_": 1, "Web_refere": null }, "geometry": { "type": "Polygon", "coordinates": [ [ [ 0.002336, 51.489216 ], [ 0.002437, 51.489553 ], [ 0.004318, 51.489425 ], [ 0.004156, 51.488988 ], [ 0.003849, 51.489029 ], [ 0.002336, 51.489216 ] ] ] } },
{ "type": "Feature", "properties": { "Map_Name": "Telegraph Works", "First_Date": 0, "Last_Date": 0, "Type": "Electrical", "Products": "Telegraph Cable", "QualityCon": null, "Full_name": null, "Short_name": null, "Web_Link": null, "London_Fir": 0, "Londo_1st_": 1, "Web_refere": null }, "geometry": { "type": "Polygon", "coordinates": [ [ [ 0.039535, 51.494786 ], [ 0.044631, 51.494528 ], [ 0.044657, 51.494147 ], [ 0.043083, 51.494225 ], [ 0.041833, 51.494288 ], [ 0.039613, 51.494395 ], [ 0.039535, 51.494786 ] ] ] } },
{ "type": "Feature", "properties": { "Map_Name": "Barge Building Works", "First_Date": 0, "Last_Date": 0, "Type": "Shipyard", "Products": null, "QualityCon": null, "Full_name": null, "Short_name": null, "Web_Link": null, "London_Fir": 0, "Londo_1st_": 1, "Web_refere": null }, "geometry": { "type": "Polygon", "coordinates": [ [ [ -0.01848, 51.479142 ], [ -0.018119, 51.479107 ], [ -0.018145, 51.47893 ], [ -0.018578, 51.478995 ], [ -0.01848, 51.479142 ] ] ] } },
{ "type": "Feature", "properties": { "Map_Name": "Fire Engine Works", "First_Date": 0, "Last_Date": 0, "Type": "Engineering", "Products": null, "QualityCon": null, "Full_name": null, "Short_name": null, "Web_Link": null, "London_Fir": 0, "Londo_1st_": 1, "Web_refere": "http://en.wikipedia.org/wiki/Merryweather_%26_Sons" }, "geometry": { "type": "Polygon", "coordinates": [ [ [ -0.020662, 51.476519 ], [ -0.020222, 51.476765 ], [ -0.019827, 51.476919 ], [ -0.01969, 51.476906 ], [ -0.019982, 51.47665 ], [ -0.019877, 51.476563 ], [ -0.019626, 51.476673 ], [ -0.019071, 51.476967 ], [ -0.018637, 51.476681 ], [ -0.019049, 51.47641 ], [ -0.01896, 51.476348 ], [ -0.018667, 51.476528 ], [ -0.018524, 51.476394 ], [ -0.018822, 51.476235 ], [ -0.018869, 51.4762 ], [ -0.018902, 51.476233 ], [ -0.019158, 51.476133 ], [ -0.019231, 51.476167 ], [ -0.019414, 51.476038 ], [ -0.019199, 51.475852 ], [ -0.019515, 51.475683 ], [ -0.019734, 51.475511 ], [ -0.019945, 51.475651 ], [ -0.020159, 51.475861 ], [ -0.020249, 51.475895 ], [ -0.020397, 51.475897 ], [ -0.020542, 51.47585 ], [ -0.020597, 51.475894 ], [ -0.020631, 51.47604 ], [ -0.020667, 51.476262 ], [ -0.020662, 51.476519 ] ] ] } },
{ "type": "Feature", "properties": { "Map_Name": "Silk Mill", "First_Date": 0, "Last_Date": 0, "Type": "Cloth and Clothing", "Products": null, "QualityCon": null, "Full_name": null, "Short_name": null, "Web_Link": null, "London_Fir": 0, "Londo_1st_": 1, "Web_refere": null }, "geometry": { "type": "Polygon", "coordinates": [ [ [ -0.015404, 51.467811 ], [ -0.014759, 51.468189 ], [ -0.01434, 51.467975 ], [ -0.01484, 51.467659 ], [ -0.015017, 51.467641 ], [ -0.015054, 51.467591 ], [ -0.015404, 51.467811 ] ] ] } },
{ "type": "Feature", "properties": { "Map_Name": "Chemical Manure Factory", "First_Date": 0, "Last_Date": 0, "Type": "Chemical", "Products": null, "QualityCon": null, "Full_name": null, "Short_name": null, "Web_Link": null, "London_Fir": 0, "Londo_1st_": 1, "Web_refere": null }, "geometry": { "type": "Polygon", "coordinates": [ [ [ -0.192544, 51.445924 ], [ -0.192126, 51.445911 ], [ -0.192128, 51.445956 ], [ -0.191934, 51.445958 ], [ -0.191943, 51.44582 ], [ -0.19184, 51.44582 ], [ -0.191758, 51.445786 ], [ -0.191773, 51.445686 ], [ -0.191853, 51.445683 ], [ -0.191867, 51.445616 ], [ -0.192176, 51.445616 ], [ -0.192184, 51.445509 ], [ -0.192263, 51.445513 ], [ -0.19226, 51.445596 ], [ -0.192329, 51.445588 ], [ -0.192355, 51.445617 ], [ -0.192407, 51.445627 ], [ -0.192405, 51.445677 ], [ -0.192477, 51.445688 ], [ -0.19259, 51.445727 ], [ -0.192544, 51.445924 ] ] ] } },
{ "type": "Feature", "properties": { "Map_Name": "Card & Pasteboard Factory", "First_Date": 0, "Last_Date": 0, "Type": "Paper", "Products": null, "QualityCon": null, "Full_name": null, "Short_name": null, "Web_Link": null, "London_Fir": 0, "Londo_1st_": 1, "Web_refere": null }, "geometry": { "type": "Polygon", "coordinates": [ [ [ -0.192771, 51.446598 ], [ -0.19215, 51.446603 ], [ -0.192134, 51.446206 ], [ -0.192789, 51.446203 ], [ -0.192771, 51.446598 ] ] ] } },
{ "type": "Feature", "properties": { "Map_Name": "Sanitary Food Works", "First_Date": 0, "Last_Date": 0, "Type": "Food", "Products": null, "QualityCon": null, "Full_name": null, "Short_name": null, "Web_Link": null, "London_Fir": 0, "Londo_1st_": 1, "Web_refere": null }, "geometry": { "type": "Polygon", "coordinates": [ [ [ -0.192123, 51.446601 ], [ -0.191787, 51.446603 ], [ -0.191787, 51.446192 ], [ -0.192113, 51.446198 ], [ -0.192123, 51.446601 ] ] ] } },
{ "type": "Feature", "properties": { "Map_Name": "Fat Melting Works", "First_Date": 0, "Last_Date": 0, "Type": "Soap Candle Tallow and Oil", "Products": null, "QualityCon": null, "Full_name": null, "Short_name": null, "Web_Link": null, "London_Fir": 0, "Londo_1st_": 1, "Web_refere": null }, "geometry": { "type": "Polygon", "coordinates": [ [ [ -0.191421, 51.446595 ], [ -0.191248, 51.446596 ], [ -0.191239, 51.446171 ], [ -0.191418, 51.446172 ], [ -0.191421, 51.446595 ] ] ] } },
{ "type": "Feature", "properties": { "Map_Name": "Garratt Mills", "First_Date": 0, "Last_Date": 0, "Type": "General", "Products": null, "QualityCon": null, "Full_name": null, "Short_name": null, "Web_Link": null, "London_Fir": 0, "Londo_1st_": 1, "Web_refere": null }, "geometry": { "type": "Polygon", "coordinates": [ [ [ -0.189868, 51.439855 ], [ -0.189716, 51.439609 ], [ -0.189823, 51.439432 ], [ -0.189752, 51.439286 ], [ -0.189552, 51.439059 ], [ -0.189724, 51.439035 ], [ -0.189976, 51.438926 ], [ -0.190077, 51.439011 ], [ -0.190386, 51.438915 ], [ -0.190388, 51.439093 ], [ -0.190322, 51.439333 ], [ -0.190266, 51.43941 ], [ -0.189868, 51.439855 ] ] ] } },
{ "type": "Feature", "properties": { "Map_Name": "Garratt Print Works (Silk)", "First_Date": 0, "Last_Date": 0, "Type": "Cloth and Clothing", "Products": "Silk", "QualityCon": null, "Full_name": null, "Short_name": null, "Web_Link": null, "London_Fir": 0, "Londo_1st_": 1, "Web_refere": null }, "geometry": { "type": "Polygon", "coordinates": [ [ [ -0.190576, 51.433798 ], [ -0.190343, 51.433786 ], [ -0.190342, 51.433697 ], [ -0.189734, 51.432819 ], [ -0.189734, 51.432709 ], [ -0.190134, 51.432566 ], [ -0.190185, 51.432484 ], [ -0.190163, 51.432332 ], [ -0.190384, 51.432276 ], [ -0.190859, 51.433006 ], [ -0.190897, 51.43314 ], [ -0.191053, 51.433166 ], [ -0.191086, 51.43342 ], [ -0.191016, 51.433505 ], [ -0.190898, 51.433589 ], [ -0.190838, 51.433776 ], [ -0.190576, 51.433798 ] ] ] } },
{ "type": "Feature", "properties": { "Map_Name": "Chamois Leather Mills", "First_Date": 0, "Last_Date": 0, "Type": "Leather and Skins", "Products": null, "QualityCon": null, "Full_name": null, "Short_name": null, "Web_Link": null, "London_Fir": 0, "Londo_1st_": 1, "Web_refere": null }, "geometry": { "type": "Polygon", "coordinates": [ [ [ -0.188478, 51.430219 ], [ -0.187866, 51.429539 ], [ -0.187443, 51.429641 ], [ -0.187217, 51.429395 ], [ -0.187853, 51.428896 ], [ -0.188045, 51.429046 ], [ -0.188267, 51.429397 ], [ -0.188426, 51.429424 ], [ -0.188453, 51.429514 ], [ -0.188531, 51.429668 ], [ -0.188665, 51.429551 ], [ -0.188837, 51.42962 ], [ -0.188968, 51.429779 ], [ -0.188666, 51.429913 ], [ -0.188841, 51.430106 ], [ -0.188478, 51.430219 ] ] ] } },
{ "type": "Feature", "properties": { "Map_Name": "Patent Leather Works", "First_Date": 0, "Last_Date": 0, "Type": "Leather and Skins", "Products": "Leather", "QualityCon": null, "Full_name": null, "Short_name": null, "Web_Link": null, "London_Fir": 0, "Londo_1st_": 1, "Web_refere": null }, "geometry": { "type": "Polygon", "coordinates": [ [ [ -0.181843, 51.421062 ], [ -0.181699, 51.420951 ], [ -0.18161, 51.420795 ], [ -0.181539, 51.420572 ], [ -0.181466, 51.4203 ], [ -0.181388, 51.420153 ], [ -0.181492, 51.420136 ], [ -0.181678, 51.420034 ], [ -0.181809, 51.420008 ], [ -0.18221, 51.420047 ], [ -0.182402, 51.420495 ], [ -0.182673, 51.420847 ], [ -0.181843, 51.421062 ] ] ] } },
{ "type": "Feature", "properties": { "Map_Name": "Merton Abbey Mills", "First_Date": 0, "Last_Date": 0, "Type": "Paper", "Products": null, "QualityCon": null, "Full_name": null, "Short_name": null, "Web_Link": null, "London_Fir": 0, "Londo_1st_": 1, "Web_refere": null }, "geometry": { "type": "Polygon", "coordinates": [ [ [ -0.180963, 51.416346 ], [ -0.181084, 51.416177 ], [ -0.181411, 51.416003 ], [ -0.181901, 51.415872 ], [ -0.182195, 51.415794 ], [ -0.182543, 51.415657 ], [ -0.182686, 51.415745 ], [ -0.182349, 51.415996 ], [ -0.182513, 51.416184 ], [ -0.182215, 51.416208 ], [ -0.182172, 51.416144 ], [ -0.18213, 51.416148 ], [ -0.182093, 51.416111 ], [ -0.180963, 51.416346 ] ] ] } },
{ "type": "Feature", "properties": { "Map_Name": "Merton Abbey Works", "First_Date": 0, "Last_Date": 0, "Type": "General", "Products": null, "QualityCon": null, "Full_name": null, "Short_name": null, "Web_Link": null, "London_Fir": 0, "Londo_1st_": 1, "Web_refere": null }, "geometry": { "type": "Polygon", "coordinates": [ [ [ -0.18285, 51.41554 ], [ -0.182708, 51.415581 ], [ -0.182581, 51.415505 ], [ -0.182527, 51.415521 ], [ -0.182283, 51.415155 ], [ -0.182583, 51.415074 ], [ -0.182842, 51.415454 ], [ -0.182851, 51.415516 ], [ -0.18285, 51.41554 ] ] ] } },
{ "type": "Feature", "properties": { "Map_Name": "Varnish Factory", "First_Date": 0, "Last_Date": 0, "Type": "Varnish Colour and Paint", "Products": null, "QualityCon": null, "Full_name": null, "Short_name": null, "Web_Link": null, "London_Fir": 0, "Londo_1st_": 1, "Web_refere": null }, "geometry": { "type": "Polygon", "coordinates": [ [ [ -0.17831, 51.412968 ], [ -0.177298, 51.413176 ], [ -0.177237, 51.413166 ], [ -0.177054, 51.413207 ], [ -0.176977, 51.413236 ], [ -0.176715, 51.412884 ], [ -0.177942, 51.412531 ], [ -0.17831, 51.412968 ] ] ] } },
{ "type": "Feature", "properties": { "Map_Name": "Confectionery Works", "First_Date": 0, "Last_Date": 0, "Type": "Food", "Products": null, "QualityCon": null, "Full_name": null, "Short_name": null, "Web_Link": null, "London_Fir": 0, "Londo_1st_": 1, "Web_refere": null }, "geometry": { "type": "Polygon", "coordinates": [ [ [ -0.095039, 51.4764 ], [ -0.094718, 51.476497 ], [ -0.094585, 51.476309 ], [ -0.094193, 51.476383 ], [ -0.094033, 51.476388 ], [ -0.094023, 51.476347 ], [ -0.094498, 51.476286 ], [ -0.094471, 51.47621 ], [ -0.094568, 51.476254 ], [ -0.095118, 51.476137 ], [ -0.095317, 51.476304 ], [ -0.095039, 51.4764 ] ] ] } },
{ "type": "Feature", "properties": { "Map_Name": "Carpet Beating Works", "First_Date": 0, "Last_Date": 0, "Type": "General", "Products": null, "QualityCon": null, "Full_name": null, "Short_name": null, "Web_Link": null, "London_Fir": 0, "Londo_1st_": 1, "Web_refere": null }, "geometry": { "type": "Polygon", "coordinates": [ [ [ -0.095851, 51.474401 ], [ -0.095764, 51.474319 ], [ -0.096216, 51.474112 ], [ -0.096367, 51.474037 ], [ -0.096732, 51.473948 ], [ -0.096861, 51.473947 ], [ -0.096869, 51.473971 ], [ -0.095851, 51.474401 ] ] ] } },
{ "type": "Feature", "properties": { "Map_Name": "Bird Food Manufactory", "First_Date": 0, "Last_Date": 0, "Type": "General", "Products": null, "QualityCon": null, "Full_name": null, "Short_name": null, "Web_Link": null, "London_Fir": 0, "Londo_1st_": 1, "Web_refere": null }, "geometry": { "type": "Polygon", "coordinates": [ [ [ -0.10161, 51.470818 ], [ -0.101441, 51.470776 ], [ -0.101719, 51.470388 ], [ -0.101847, 51.470399 ], [ -0.10161, 51.470818 ] ] ] } },
{ "type": "Feature", "properties": { "Map_Name": "Telegraph works", "First_Date": 0, "Last_Date": 0, "Type": "Electrical", "Products": null, "QualityCon": null, "Full_name": null, "Short_name": null, "Web_Link": null, "London_Fir": 0, "Londo_1st_": 1, "Web_refere": null }, "geometry": { "type": "Polygon", "coordinates": [ [ [ -0.133373, 51.465893 ], [ -0.133102, 51.465749 ], [ -0.133244, 51.465668 ], [ -0.133486, 51.465791 ], [ -0.133536, 51.465854 ], [ -0.133472, 51.465895 ], [ -0.133373, 51.465893 ] ] ] } },
{ "type": "Feature", "properties": { "Map_Name": "Stone Works", "First_Date": 0, "Last_Date": 0, "Type": "Building", "Products": null, "QualityCon": null, "Full_name": null, "Short_name": null, "Web_Link": null, "London_Fir": 0, "Londo_1st_": 1, "Web_refere": null }, "geometry": { "type": "Polygon", "coordinates": [ [ [ -0.134632, 51.465717 ], [ -0.133883, 51.465988 ], [ -0.133583, 51.465638 ], [ -0.134374, 51.465398 ], [ -0.134632, 51.465717 ] ] ] } },
{ "type": "Feature", "properties": { "Map_Name": "Iodate Works", "First_Date": 0, "Last_Date": 0, "Type": "Chemical", "Products": null, "QualityCon": null, "Full_name": null, "Short_name": null, "Web_Link": null, "London_Fir": 0, "Londo_1st_": 1, "Web_refere": null }, "geometry": { "type": "Polygon", "coordinates": [ [ [ -0.134632, 51.465716 ], [ -0.134374, 51.465397 ], [ -0.134428, 51.465353 ], [ -0.134887, 51.465185 ], [ -0.135124, 51.465554 ], [ -0.134632, 51.465716 ] ] ] } },
{ "type": "Feature", "properties": { "Map_Name": "Gas Works", "First_Date": 0, "Last_Date": 0, "Type": "Coal Gas", "Products": null, "QualityCon": null, "Full_name": null, "Short_name": null, "Web_Link": null, "London_Fir": 0, "Londo_1st_": 1, "Web_refere": null }, "geometry": { "type": "Polygon", "coordinates": [ [ [ -0.176207, 51.46345 ], [ -0.175359, 51.463707 ], [ -0.175309, 51.463638 ], [ -0.176148, 51.463383 ], [ -0.176207, 51.46345 ] ] ] } },
{ "type": "Feature", "properties": { "Map_Name": "Printing Works", "First_Date": 0, "Last_Date": 0, "Type": "Printing", "Products": null, "QualityCon": null, "Full_name": null, "Short_name": null, "Web_Link": null, "London_Fir": 0, "Londo_1st_": 1, "Web_refere": null }, "geometry": { "type": "Polygon", "coordinates": [ [ [ -0.169665, 51.465703 ], [ -0.169203, 51.465835 ], [ -0.169129, 51.46579 ], [ -0.169611, 51.465634 ], [ -0.169665, 51.465703 ] ] ] } },
{ "type": "Feature", "properties": { "Map_Name": "Station Works", "First_Date": 0, "Last_Date": 0, "Type": "General", "Products": null, "QualityCon": null, "Full_name": null, "Short_name": null, "Web_Link": null, "London_Fir": 0, "Londo_1st_": 1, "Web_refere": null }, "geometry": { "type": "Polygon", "coordinates": [ [ [ -0.170065, 51.465585 ], [ -0.16962, 51.465653 ], [ -0.169502, 51.465511 ], [ -0.169699, 51.465452 ], [ -0.1698, 51.465566 ], [ -0.170034, 51.465537 ], [ -0.170065, 51.465585 ] ] ] } },
{ "type": "Feature", "properties": { "Map_Name": "London Spinning Mills (Richie & Sons)", "First_Date": 0, "Last_Date": 0, "Type": "Fiber", "Products": null, "QualityCon": null, "Full_name": null, "Short_name": null, "Web_Link": null, "London_Fir": 0, "Londo_1st_": 1, "Web_refere": "http://www.mernick.org.uk/thhol/easlonind01.html" }, "geometry": { "type": "Polygon", "coordinates": [ [ [ -0.007157, 51.538324 ], [ -0.006469, 51.537807 ], [ -0.006432, 51.537765 ], [ -0.007433, 51.536907 ], [ -0.007799, 51.536605 ], [ -0.008284, 51.536866 ], [ -0.008833, 51.537184 ], [ -0.008145, 51.537765 ], [ -0.007346, 51.538465 ], [ -0.007157, 51.538324 ] ] ] } },
{ "type": "Feature", "properties": { "Map_Name": "Manure Works", "First_Date": 0, "Last_Date": 0, "Type": "Chemical", "Products": null, "QualityCon": null, "Full_name": null, "Short_name": null, "Web_Link": null, "London_Fir": 0, "Londo_1st_": 1, "Web_refere": null }, "geometry": { "type": "Polygon", "coordinates": [ [ [ -0.00433, 51.526464 ], [ -0.004133, 51.526569 ], [ -0.003893, 51.526622 ], [ -0.00361, 51.526684 ], [ -0.003303, 51.526721 ], [ -0.002852, 51.526837 ], [ -0.002411, 51.526938 ], [ -0.002158, 51.527015 ], [ -0.001999, 51.527079 ], [ -0.001887, 51.527142 ], [ -0.001793, 51.527198 ], [ -0.001707, 51.527128 ], [ -0.001589, 51.527053 ], [ -0.001349, 51.527101 ], [ -0.001282, 51.527014 ], [ -0.002981, 51.526626 ], [ -0.004244, 51.526335 ], [ -0.00433, 51.526464 ] ] ] } },
{ "type": "Feature", "properties": { "Map_Name": "Lea Shipbuilding Yard", "First_Date": 0, "Last_Date": 0, "Type": "Shipyard", "Products": null, "QualityCon": null, "Full_name": null, "Short_name": null, "Web_Link": null, "London_Fir": 0, "Londo_1st_": 1, "Web_refere": null }, "geometry": { "type": "Polygon", "coordinates": [ [ [ 0.001041, 51.516719 ], [ 0.001166, 51.51685 ], [ 0.001252, 51.516852 ], [ 0.001432, 51.516941 ], [ 0.001548, 51.516972 ], [ 0.001709, 51.516945 ], [ 0.001822, 51.516919 ], [ 0.001986, 51.516845 ], [ 0.002031, 51.516898 ], [ 0.002428, 51.516716 ], [ 0.002557, 51.516609 ], [ 0.002967, 51.516406 ], [ 0.003205, 51.516289 ], [ 0.003184, 51.51623 ], [ 0.003109, 51.516154 ], [ 0.003031, 51.516108 ], [ 0.002963, 51.516094 ], [ 0.002835, 51.516004 ], [ 0.001041, 51.516719 ] ] ] } },
{ "type": "Feature", "properties": { "Map_Name": "Orchard House Yard", "First_Date": 0, "Last_Date": 0, "Type": "Engineering", "Products": null, "QualityCon": null, "Full_name": null, "Short_name": null, "Web_Link": null, "London_Fir": 0, "Londo_1st_": 1, "Web_refere": "http://www.british-history.ac.uk/survey-london/vols43-4/pp655-685" }, "geometry": { "type": "Polygon", "coordinates": [ [ [ 0.006414, 51.509348 ], [ 0.006939, 51.509264 ], [ 0.007135, 51.50916 ], [ 0.006949, 51.508723 ], [ 0.00613, 51.508853 ], [ 0.006414, 51.509348 ] ] ] } },
{ "type": "Feature", "properties": { "Map_Name": "Thames Iron Works", "First_Date": 0, "Last_Date": 0, "Type": "Shipyard", "Products": null, "QualityCon": null, "Full_name": null, "Short_name": null, "Web_Link": null, "London_Fir": 0, "Londo_1st_": 1, "Web_refere": "http://www.british-history.ac.uk/survey-london/vols43-4/pp655-685" }, "geometry": { "type": "Polygon", "coordinates": [ [ [ 0.007309, 51.508669 ], [ 0.007582, 51.509256 ], [ 0.007674, 51.509169 ], [ 0.008101, 51.509095 ], [ 0.007739, 51.508602 ], [ 0.007309, 51.508669 ] ] ] } },
{ "type": "Feature", "properties": { "Map_Name": "Shipbuilding Yard", "First_Date": 1893, "Last_Date": 0, "Type": "Shipyard", "Products": null, "QualityCon": null, "Full_name": null, "Short_name": null, "Web_Link": null, "London_Fir": 0, "Londo_1st_": 1, "Web_refere": "http://www.british-history.ac.uk/survey-london/vols43-4/pp655-685" }, "geometry": { "type": "Polygon", "coordinates": [ [ [ 0.006919, 51.508649 ], [ 0.006593, 51.50788 ], [ 0.006058, 51.508025 ], [ 0.006361, 51.508734 ], [ 0.006919, 51.508649 ] ] ] } },
{ "type": "Feature", "properties": { "Map_Name": "Loders & Nucoline Cairn Mills", "First_Date": 1890, "Last_Date": 0, "Type": "Soap Candle Tallow and Oil", "Products": null, "QualityCon": "1", "Full_name": null, "Short_name": null, "Web_Link": null, "London_Fir": 0, "Londo_1st_": 1, "Web_refere": null }, "geometry": { "type": "Polygon", "coordinates": [ [ [ 0.054221, 51.500119 ], [ 0.053427, 51.500245 ], [ 0.053406, 51.500191 ], [ 0.053354, 51.500198 ], [ 0.053352, 51.500151 ], [ 0.052913, 51.500215 ], [ 0.052861, 51.500371 ], [ 0.052809, 51.500699 ], [ 0.052834, 51.501042 ], [ 0.052935, 51.501027 ], [ 0.053073, 51.501009 ], [ 0.053326, 51.50096 ], [ 0.05367, 51.500905 ], [ 0.053915, 51.50087 ], [ 0.054248, 51.50082 ], [ 0.05448, 51.500785 ], [ 0.054388, 51.500553 ], [ 0.054297, 51.500319 ], [ 0.054221, 51.500119 ] ] ] } },
{ "type": "Feature", "properties": { "Map_Name": "Griffiths Saw Mill and Stone Yard", "First_Date": 1889, "Last_Date": 0, "Type": "Timber Mill", "Products": null, "QualityCon": "1", "Full_name": null, "Short_name": null, "Web_Link": null, "London_Fir": 0, "Londo_1st_": 1, "Web_refere": null }, "geometry": { "type": "Polygon", "coordinates": [ [ [ 0.055585, 51.500623 ], [ 0.055475, 51.500319 ], [ 0.055361, 51.500014 ], [ 0.05492, 51.498884 ], [ 0.054691, 51.498916 ], [ 0.054158, 51.498997 ], [ 0.053797, 51.499048 ], [ 0.053943, 51.499409 ], [ 0.054047, 51.499665 ], [ 0.054148, 51.499935 ], [ 0.054211, 51.500092 ], [ 0.054261, 51.500223 ], [ 0.054315, 51.500367 ], [ 0.054388, 51.500553 ], [ 0.054451, 51.500715 ], [ 0.05448, 51.500785 ], [ 0.055585, 51.500623 ] ] ] } },
{ "type": "Feature", "properties": { "Map_Name": "Canal Dockyard", "First_Date": 0, "Last_Date": 0, "Type": "Shipyard", "Products": null, "QualityCon": null, "Full_name": null, "Short_name": null, "Web_Link": null, "London_Fir": 1, "Londo_1st_": 1, "Web_refere": "http://www.british-history.ac.uk/survey-london/vols43-4/pp601-607" }, "geometry": { "type": "Polygon", "coordinates": [ [ [ -0.00907, 51.500899 ], [ -0.007864, 51.500746 ], [ -0.007802, 51.500474 ], [ -0.007945, 51.500466 ], [ -0.008014, 51.50046 ], [ -0.007909, 51.50038 ], [ -0.007987, 51.500292 ], [ -0.007947, 51.500284 ], [ -0.007809, 51.50031 ], [ -0.007752, 51.500302 ], [ -0.007699, 51.50008 ], [ -0.008153, 51.50002 ], [ -0.008659, 51.499961 ], [ -0.009253, 51.499856 ], [ -0.00907, 51.500899 ] ] ] } },
{ "type": "Feature", "properties": { "Map_Name": "Yarrow's Yard Shipbuilding", "First_Date": 0, "Last_Date": 0, "Type": "Shipyard", "Products": null, "QualityCon": null, "Full_name": null, "Short_name": null, "Web_Link": null, "London_Fir": 0, "Londo_1st_": 1, "Web_refere": null }, "geometry": { "type": "Polygon", "coordinates": [ [ [ -0.008305, 51.497588 ], [ -0.007804, 51.497673 ], [ -0.007708, 51.497778 ], [ -0.007701, 51.497931 ], [ -0.007203, 51.497951 ], [ -0.007194, 51.497762 ], [ -0.007117, 51.497693 ], [ -0.006956, 51.497719 ], [ -0.006905, 51.497572 ], [ -0.006824, 51.497585 ], [ -0.006621, 51.497278 ], [ -0.006971, 51.497237 ], [ -0.006786, 51.49702 ], [ -0.006515, 51.49708 ], [ -0.006461, 51.496993 ], [ -0.007763, 51.496648 ], [ -0.008305, 51.497588 ] ] ] } },
{ "type": "Feature", "properties": { "Map_Name": "London Yard Bridge Building and Engineering", "First_Date": 0, "Last_Date": 0, "Type": "Engineering", "Products": "Bridges", "QualityCon": "1", "Full_name": null, "Short_name": null, "Web_Link": null, "London_Fir": 0, "Londo_1st_": 1, "Web_refere": null }, "geometry": { "type": "Polygon", "coordinates": [ [ [ -0.008794, 51.495182 ], [ -0.006791, 51.495693 ], [ -0.005767, 51.495959 ], [ -0.005703, 51.495862 ], [ -0.006165, 51.495748 ], [ -0.006063, 51.495597 ], [ -0.006072, 51.495522 ], [ -0.006508, 51.495365 ], [ -0.006415, 51.49526 ], [ -0.005987, 51.495374 ], [ -0.005884, 51.495376 ], [ -0.005775, 51.495395 ], [ -0.005752, 51.495384 ], [ -0.005462, 51.495483 ], [ -0.005386, 51.495392 ], [ -0.005785, 51.495296 ], [ -0.005754, 51.495224 ], [ -0.005638, 51.495122 ], [ -0.005646, 51.495061 ], [ -0.005627, 51.49499 ], [ -0.00523, 51.494519 ], [ -0.005187, 51.494457 ], [ -0.004828, 51.494551 ], [ -0.004646, 51.494273 ], [ -0.005462, 51.494045 ], [ -0.005581, 51.494193 ], [ -0.007543, 51.493662 ], [ -0.007677, 51.493795 ], [ -0.008036, 51.494154 ], [ -0.00827, 51.494388 ], [ -0.008517, 51.494623 ], [ -0.008637, 51.49475 ], [ -0.008696, 51.494899 ], [ -0.008794, 51.495182 ] ] ] } },
{ "type": "Feature", "properties": { "Map_Name": "Cubitt Town Dry Dock", "First_Date": 0, "Last_Date": 0, "Type": "Shipyard", "Products": null, "QualityCon": null, "Full_name": null, "Short_name": null, "Web_Link": null, "London_Fir": 0, "Londo_1st_": 1, "Web_refere": null }, "geometry": { "type": "Polygon", "coordinates": [ [ [ -0.004803, 51.490507 ], [ -0.004264, 51.490409 ], [ -0.003191, 51.490331 ], [ -0.003342, 51.48992 ], [ -0.004975, 51.490177 ], [ -0.004803, 51.490507 ] ] ] } },
{ "type": "Feature", "properties": { "Map_Name": "Poplar Dry Dock", "First_Date": 0, "Last_Date": 0, "Type": "Shipyard", "Products": null, "QualityCon": null, "Full_name": null, "Short_name": null, "Web_Link": null, "London_Fir": 0, "Londo_1st_": 1, "Web_refere": "http://www.british-history.ac.uk/survey-london/vols43-4/pp528-532#h3-0005" }, "geometry": { "type": "Polygon", "coordinates": [ [ [ -0.005253, 51.489578 ], [ -0.003668, 51.48923 ], [ -0.003963, 51.488801 ], [ -0.004724, 51.489052 ], [ -0.005407, 51.489221 ], [ -0.005253, 51.489578 ] ] ] } },
{ "type": "Feature", "properties": { "Map_Name": "Slate Works", "First_Date": 0, "Last_Date": 0, "Type": "Building", "Products": null, "QualityCon": null, "Full_name": null, "Short_name": null, "Web_Link": null, "London_Fir": 0, "Londo_1st_": 1, "Web_refere": null }, "geometry": { "type": "Polygon", "coordinates": [ [ [ -0.005983, 51.488085 ], [ -0.005386, 51.487694 ], [ -0.005636, 51.487558 ], [ -0.006228, 51.48796 ], [ -0.005983, 51.488085 ] ] ] } },
{ "type": "Feature", "properties": { "Map_Name": "Millwall Iron Works Stores", "First_Date": 1890, "Last_Date": 0, "Type": "Metal", "Products": "Iron", "QualityCon": "1", "Full_name": null, "Short_name": null, "Web_Link": null, "London_Fir": 0, "Londo_1st_": 1, "Web_refere": null }, "geometry": { "type": "Polygon", "coordinates": [ [ [ -0.018543, 51.488134 ], [ -0.018695, 51.487991 ], [ -0.018599, 51.487951 ], [ -0.018631, 51.487876 ], [ -0.018657, 51.48788 ], [ -0.018704, 51.487793 ], [ -0.018473, 51.487736 ], [ -0.018421, 51.48773 ], [ -0.018553, 51.487508 ], [ -0.0187, 51.487252 ], [ -0.018819, 51.487042 ], [ -0.018998, 51.486737 ], [ -0.019028, 51.486674 ], [ -0.019076, 51.486687 ], [ -0.018978, 51.486877 ], [ -0.019176, 51.486929 ], [ -0.019283, 51.486762 ], [ -0.019954, 51.486976 ], [ -0.019347, 51.487493 ], [ -0.019492, 51.487528 ], [ -0.019443, 51.487612 ], [ -0.0193, 51.487575 ], [ -0.019152, 51.487809 ], [ -0.019329, 51.48786 ], [ -0.019261, 51.487975 ], [ -0.019154, 51.487953 ], [ -0.019026, 51.488134 ], [ -0.019077, 51.488188 ], [ -0.018946, 51.488307 ], [ -0.018543, 51.488134 ] ] ] } },
{ "type": "Feature", "properties": { "Map_Name": "Pier Cordage Works", "First_Date": 0, "Last_Date": 0, "Type": "General", "Products": null, "QualityCon": null, "Full_name": null, "Short_name": null, "Web_Link": null, "London_Fir": 0, "Londo_1st_": 1, "Web_refere": "http://www.british-history.ac.uk/survey-london/vols43-4/pp452-462" }, "geometry": { "type": "Polygon", "coordinates": [ [ [ -0.026246, 51.491463 ], [ -0.024784, 51.491758 ], [ -0.024699, 51.491609 ], [ -0.026055, 51.491103 ], [ -0.026246, 51.491463 ] ] ] } },
{ "type": "Feature", "properties": { "Map_Name": "Graying Dock", "First_Date": 0, "Last_Date": 0, "Type": "Shipyard", "Products": null, "QualityCon": null, "Full_name": null, "Short_name": null, "Web_Link": null, "London_Fir": 1, "Londo_1st_": 1, "Web_refere": null }, "geometry": { "type": "Polygon", "coordinates": [ [ [ -0.016646, 51.492758 ], [ -0.016351, 51.492705 ], [ -0.016043, 51.492581 ], [ -0.015823, 51.492553 ], [ -0.015972, 51.491585 ], [ -0.016186, 51.491584 ], [ -0.016482, 51.491422 ], [ -0.016689, 51.491402 ], [ -0.016824, 51.491452 ], [ -0.017356, 51.491485 ], [ -0.01721, 51.492572 ], [ -0.016646, 51.492758 ] ] ] } },
{ "type": "Feature", "properties": { "Map_Name": "Phoenix Wharf Fleming's Oil & Co Paint", "First_Date": 1888, "Last_Date": 0, "Type": "Varnish Colour and Paint", "Products": null, "QualityCon": null, "Full_name": null, "Short_name": null, "Web_Link": null, "London_Fir": 0, "Londo_1st_": 1, "Web_refere": "http://www.british-history.ac.uk/survey-london/vols43-4/pp452-462#h3-0009" }, "geometry": { "type": "Polygon", "coordinates": [ [ [ -0.02742, 51.493691 ], [ -0.027263, 51.493717 ], [ -0.027233, 51.4937 ], [ -0.02708, 51.493728 ], [ -0.026954, 51.493643 ], [ -0.026924, 51.49354 ], [ -0.02641, 51.493619 ], [ -0.026229, 51.493647 ], [ -0.026207, 51.493635 ], [ -0.025194, 51.493794 ], [ -0.025135, 51.493389 ], [ -0.025025, 51.493382 ], [ -0.02503, 51.493356 ], [ -0.026646, 51.493083 ], [ -0.027058, 51.49299 ], [ -0.02742, 51.493691 ] ] ] } },
{ "type": "Feature", "properties": { "Map_Name": "Tannery", "First_Date": 0, "Last_Date": 0, "Type": "Leather and Skins", "Products": null, "QualityCon": null, "Full_name": null, "Short_name": null, "Web_Link": null, "London_Fir": 1, "Londo_1st_": 1, "Web_refere": null }, "geometry": { "type": "Polygon", "coordinates": [ [ [ -0.079043, 51.493087 ], [ -0.079868, 51.492515 ], [ -0.079901, 51.492545 ], [ -0.080131, 51.492384 ], [ -0.080975, 51.492826 ], [ -0.079691, 51.493719 ], [ -0.079568, 51.493788 ], [ -0.079298, 51.493559 ], [ -0.079625, 51.49325 ], [ -0.079558, 51.493228 ], [ -0.079446, 51.49329 ], [ -0.079173, 51.493136 ], [ -0.079143, 51.493164 ], [ -0.079043, 51.493087 ] ] ] } },
{ "type": "Feature", "properties": { "Map_Name": "South Metropolitan Gas Works", "First_Date": 1834, "Last_Date": 0, "Type": "Coal Gas", "Products": null, "QualityCon": null, "Full_name": null, "Short_name": "South Metropolitan Gas", "Web_Link": null, "London_Fir": 0, "Londo_1st_": 1, "Web_refere": "http://discovery.nationalarchives.gov.uk/details/rd/c884d77b-6c01-4c1b-98d1-92ffb0120e5d" }, "geometry": { "type": "Polygon", "coordinates": [ [ [ -0.060805, 51.483921 ], [ -0.060732, 51.484474 ], [ -0.061042, 51.48446 ], [ -0.061277, 51.484397 ], [ -0.061672, 51.48407 ], [ -0.062133, 51.484057 ], [ -0.062334, 51.484184 ], [ -0.063198, 51.484103 ], [ -0.063428, 51.48408 ], [ -0.063491, 51.484115 ], [ -0.063494, 51.484231 ], [ -0.063626, 51.484255 ], [ -0.063783, 51.484343 ], [ -0.064289, 51.484168 ], [ -0.064634, 51.484048 ], [ -0.064833, 51.483918 ], [ -0.065173, 51.483633 ], [ -0.065851, 51.483925 ], [ -0.065698, 51.484013 ], [ -0.06546, 51.48414 ], [ -0.065211, 51.484272 ], [ -0.065002, 51.484356 ], [ -0.064755, 51.484431 ], [ -0.064661, 51.484481 ], [ -0.064377, 51.48461 ], [ -0.06407, 51.484681 ], [ -0.063594, 51.484749 ], [ -0.062424, 51.484854 ], [ -0.061812, 51.484901 ], [ -0.061174, 51.484926 ], [ -0.060569, 51.484921 ], [ -0.05975, 51.484893 ], [ -0.059751, 51.484888 ], [ -0.058127, 51.484847 ], [ -0.056269, 51.484713 ], [ -0.056244, 51.48463 ], [ -0.05617, 51.484622 ], [ -0.056217, 51.484194 ], [ -0.056208, 51.483198 ], [ -0.058582, 51.483298 ], [ -0.058904, 51.48325 ], [ -0.058735, 51.48238 ], [ -0.058779, 51.482152 ], [ -0.05882, 51.481721 ], [ -0.059099, 51.481747 ], [ -0.059764, 51.481837 ], [ -0.059808, 51.481884 ], [ -0.060268, 51.481949 ], [ -0.060322, 51.482217 ], [ -0.060784, 51.482054 ], [ -0.060872, 51.481588 ], [ -0.061054, 51.481601 ], [ -0.061049, 51.481858 ], [ -0.060901, 51.482787 ], [ -0.060849, 51.483339 ], [ -0.060805, 51.483921 ] ] ] } },
{ "type": "Feature", "properties": { "Map_Name": "Derwent Wharf Box and Packing Case Manufactory", "First_Date": 0, "Last_Date": 0, "Type": "General", "Products": null, "QualityCon": null, "Full_name": null, "Short_name": null, "Web_Link": null, "London_Fir": 0, "Londo_1st_": 1, "Web_refere": null }, "geometry": { "type": "Polygon", "coordinates": [ [ [ -0.073175, 51.482157 ], [ -0.07284, 51.482209 ], [ -0.072837, 51.482133 ], [ -0.072428, 51.482217 ], [ -0.072403, 51.48216 ], [ -0.072402, 51.482114 ], [ -0.072349, 51.482009 ], [ -0.072831, 51.481912 ], [ -0.072832, 51.481832 ], [ -0.073038, 51.481793 ], [ -0.073143, 51.482043 ], [ -0.073187, 51.482146 ], [ -0.073175, 51.482157 ] ] ] } },
{ "type": "Feature", "properties": { "Map_Name": "Whiting Works", "First_Date": 0, "Last_Date": 0, "Type": "Varnish Colour and Paint", "Products": null, "QualityCon": null, "Full_name": null, "Short_name": null, "Web_Link": null, "London_Fir": 0, "Londo_1st_": 1, "Web_refere": null }, "geometry": { "type": "Polygon", "coordinates": [ [ [ -0.068919, 51.483763 ], [ -0.068868, 51.48377 ], [ -0.068683, 51.48376 ], [ -0.068601, 51.483324 ], [ -0.068834, 51.483307 ], [ -0.068846, 51.483368 ], [ -0.06886, 51.483368 ], [ -0.06887, 51.483393 ], [ -0.068853, 51.4834 ], [ -0.068919, 51.483763 ] ] ] } },
{ "type": "Feature", "properties": { "Map_Name": "Royal Bleaching & Cleaning Works", "First_Date": 0, "Last_Date": 0, "Type": "Chemical", "Products": null, "QualityCon": null, "Full_name": null, "Short_name": null, "Web_Link": null, "London_Fir": 0, "Londo_1st_": 1, "Web_refere": null }, "geometry": { "type": "Polygon", "coordinates": [ [ [ -0.056116, 51.47774 ], [ -0.055715, 51.477762 ], [ -0.055722, 51.477947 ], [ -0.055675, 51.477894 ], [ -0.055569, 51.477878 ], [ -0.055566, 51.477764 ], [ -0.055178, 51.477748 ], [ -0.055179, 51.477453 ], [ -0.055275, 51.477455 ], [ -0.055266, 51.477654 ], [ -0.055578, 51.477662 ], [ -0.055583, 51.477462 ], [ -0.055712, 51.477469 ], [ -0.055723, 51.477662 ], [ -0.055754, 51.477648 ], [ -0.05578, 51.47766 ], [ -0.055933, 51.477653 ], [ -0.055943, 51.477606 ], [ -0.056114, 51.477611 ], [ -0.056116, 51.47774 ] ] ] } },
{ "type": "Feature", "properties": { "Map_Name": "Coldblow Pepper Mill", "First_Date": 0, "Last_Date": 0, "Type": "Food", "Products": null, "QualityCon": null, "Full_name": null, "Short_name": null, "Web_Link": null, "London_Fir": 0, "Londo_1st_": 1, "Web_refere": null }, "geometry": { "type": "Polygon", "coordinates": [ [ [ -0.048826, 51.484195 ], [ -0.048768, 51.483948 ], [ -0.048631, 51.483535 ], [ -0.048946, 51.483508 ], [ -0.0491, 51.483929 ], [ -0.049163, 51.484194 ], [ -0.048826, 51.484195 ] ] ] } },
{ "type": "Feature", "properties": { "Map_Name": "Oil Works & Tar Distillery", "First_Date": 0, "Last_Date": 0, "Type": "Oil and Petroleum", "Products": null, "QualityCon": null, "Full_name": null, "Short_name": null, "Web_Link": null, "London_Fir": 0, "Londo_1st_": 1, "Web_refere": null }, "geometry": { "type": "Polygon", "coordinates": [ [ [ -0.039264, 51.484541 ], [ -0.038667, 51.48416 ], [ -0.038719, 51.484138 ], [ -0.038699, 51.484126 ], [ -0.039402, 51.483831 ], [ -0.04007, 51.484087 ], [ -0.040553, 51.484384 ], [ -0.039264, 51.484541 ] ] ] } },
{ "type": "Feature", "properties": { "Map_Name": "Asphalte Works", "First_Date": 0, "Last_Date": 0, "Type": "Asphalt", "Products": null, "QualityCon": null, "Full_name": null, "Short_name": null, "Web_Link": null, "London_Fir": 1, "Londo_1st_": 1, "Web_refere": null }, "geometry": { "type": "Polygon", "coordinates": [ [ [ -0.039836, 51.491771 ], [ -0.039668, 51.491566 ], [ -0.040127, 51.491428 ], [ -0.040179, 51.49164 ], [ -0.039836, 51.491771 ] ] ] } },
{ "type": "Feature", "properties": { "Map_Name": "Durand's Wharf Saw Mill", "First_Date": 0, "Last_Date": 0, "Type": "Timber Mill", "Products": null, "QualityCon": null, "Full_name": null, "Short_name": null, "Web_Link": null, "London_Fir": 1, "Londo_1st_": 1, "Web_refere": null }, "geometry": { "type": "Polygon", "coordinates": [ [ [ -0.033246, 51.502429 ], [ -0.032309, 51.502491 ], [ -0.032315, 51.501361 ], [ -0.032357, 51.501064 ], [ -0.033295, 51.50108 ], [ -0.033246, 51.502429 ] ] ] } },
{ "type": "Feature", "properties": { "Map_Name": "Nelson Dockyard", "First_Date": 0, "Last_Date": 0, "Type": "Shipyard", "Products": null, "QualityCon": null, "Full_name": null, "Short_name": null, "Web_Link": null, "London_Fir": 1, "Londo_1st_": 1, "Web_refere": null }, "geometry": { "type": "Polygon", "coordinates": [ [ [ -0.03416, 51.504449 ], [ -0.032988, 51.504549 ], [ -0.032885, 51.504502 ], [ -0.032882, 51.50446 ], [ -0.033216, 51.50446 ], [ -0.033216, 51.50435 ], [ -0.032931, 51.504316 ], [ -0.032683, 51.504329 ], [ -0.032632, 51.504189 ], [ -0.032647, 51.504159 ], [ -0.032596, 51.504143 ], [ -0.032579, 51.504096 ], [ -0.03258, 51.504057 ], [ -0.032615, 51.504019 ], [ -0.032583, 51.504 ], [ -0.032521, 51.503672 ], [ -0.033744, 51.503493 ], [ -0.034149, 51.504375 ], [ -0.03416, 51.504449 ] ] ] } },
{ "type": "Feature", "properties": { "Map_Name": "Horseferry Dry Dock", "First_Date": 0, "Last_Date": 0, "Type": "Shipyard", "Products": null, "QualityCon": null, "Full_name": null, "Short_name": null, "Web_Link": null, "London_Fir": 1, "Londo_1st_": 1, "Web_refere": null }, "geometry": { "type": "Polygon", "coordinates": [ [ [ -0.039678, 51.507468 ], [ -0.038922, 51.507429 ], [ -0.03894, 51.507322 ], [ -0.038977, 51.506918 ], [ -0.039757, 51.506961 ], [ -0.039678, 51.507468 ] ] ] } },
{ "type": "Feature", "properties": { "Map_Name": "Globe Wharf Chemical Works", "First_Date": 0, "Last_Date": 0, "Type": "Chemical", "Products": null, "QualityCon": null, "Full_name": null, "Short_name": null, "Web_Link": null, "London_Fir": 1, "Londo_1st_": 1, "Web_refere": null }, "geometry": { "type": "Polygon", "coordinates": [ [ [ -0.042022, 51.50737 ], [ -0.041332, 51.50746 ], [ -0.041281, 51.506977 ], [ -0.041697, 51.50694 ], [ -0.041883, 51.506943 ], [ -0.042022, 51.50737 ] ] ] } },
{ "type": "Feature", "properties": { "Map_Name": "Upper Globle Dry Dock", "First_Date": 0, "Last_Date": 0, "Type": "Shipyard", "Products": null, "QualityCon": null, "Full_name": null, "Short_name": null, "Web_Link": null, "London_Fir": 0, "Londo_1st_": 1, "Web_refere": null }, "geometry": { "type": "Polygon", "coordinates": [ [ [ -0.042971, 51.507236 ], [ -0.042889, 51.506943 ], [ -0.042951, 51.50681 ], [ -0.042897, 51.506738 ], [ -0.043138, 51.506688 ], [ -0.043243, 51.506791 ], [ -0.043624, 51.506696 ], [ -0.043837, 51.507063 ], [ -0.04334, 51.507188 ], [ -0.043322, 51.50717 ], [ -0.043263, 51.507214 ], [ -0.043121, 51.507202 ], [ -0.042971, 51.507236 ] ] ] } },
{ "type": "Feature", "properties": { "Map_Name": "Princes Dry Dock", "First_Date": 0, "Last_Date": 0, "Type": "Shipyard", "Products": null, "QualityCon": null, "Full_name": null, "Short_name": null, "Web_Link": null, "London_Fir": 1, "Londo_1st_": 1, "Web_refere": null }, "geometry": { "type": "Polygon", "coordinates": [ [ [ -0.045149, 51.506459 ], [ -0.044939, 51.50658 ], [ -0.044856, 51.506621 ], [ -0.044814, 51.506602 ], [ -0.044741, 51.506646 ], [ -0.044628, 51.506611 ], [ -0.044607, 51.506765 ], [ -0.044577, 51.506693 ], [ -0.044481, 51.506591 ], [ -0.044114, 51.506376 ], [ -0.044341, 51.506202 ], [ -0.044592, 51.505998 ], [ -0.044787, 51.505894 ], [ -0.045093, 51.506113 ], [ -0.045149, 51.506459 ] ] ] } },
{ "type": "Feature", "properties": { "Map_Name": "Confectionery Works", "First_Date": 0, "Last_Date": 0, "Type": "Food", "Products": null, "QualityCon": null, "Full_name": null, "Short_name": null, "Web_Link": null, "London_Fir": 0, "Londo_1st_": 1, "Web_refere": null }, "geometry": { "type": "Polygon", "coordinates": [ [ [ -0.069722, 51.501147 ], [ -0.069542, 51.501468 ], [ -0.069447, 51.501568 ], [ -0.069317, 51.501702 ], [ -0.068924, 51.501541 ], [ -0.069178, 51.501165 ], [ -0.069245, 51.501164 ], [ -0.069393, 51.500927 ], [ -0.070091, 51.500975 ], [ -0.069972, 51.501196 ], [ -0.069722, 51.501147 ] ] ] } },
{ "type": "Feature", "properties": { "Map_Name": "St Saviour's Mills", "First_Date": 0, "Last_Date": 0, "Type": "Grain Mill", "Products": null, "QualityCon": null, "Full_name": null, "Short_name": null, "Web_Link": null, "London_Fir": 0, "Londo_1st_": 1, "Web_refere": null }, "geometry": { "type": "Polygon", "coordinates": [ [ [ -0.070821, 51.502027 ], [ -0.070643, 51.501917 ], [ -0.070911, 51.501702 ], [ -0.071027, 51.501761 ], [ -0.07103, 51.501799 ], [ -0.070953, 51.501847 ], [ -0.070979, 51.501867 ], [ -0.070871, 51.501938 ], [ -0.070927, 51.501968 ], [ -0.070821, 51.502027 ] ] ] } },
{ "type": "Feature", "properties": { "Map_Name": "Prince's Wharf Barge Building & Engine Works", "First_Date": 0, "Last_Date": 0, "Type": "Engineering", "Products": null, "QualityCon": null, "Full_name": null, "Short_name": null, "Web_Link": null, "London_Fir": 0, "Londo_1st_": 1, "Web_refere": null }, "geometry": { "type": "Polygon", "coordinates": [ [ [ -0.167341, 51.481165 ], [ -0.166383, 51.481304 ], [ -0.166158, 51.48073 ], [ -0.16734, 51.480594 ], [ -0.167363, 51.480709 ], [ -0.167255, 51.480725 ], [ -0.167341, 51.481165 ] ] ] } },
{ "type": "Feature", "properties": { "Map_Name": "Chemical Works", "First_Date": 0, "Last_Date": 0, "Type": "Chemical", "Products": null, "QualityCon": null, "Full_name": null, "Short_name": null, "Web_Link": null, "London_Fir": 0, "Londo_1st_": 1, "Web_refere": null }, "geometry": { "type": "Polygon", "coordinates": [ [ [ -0.174905, 51.478228 ], [ -0.174463, 51.478682 ], [ -0.174179, 51.478568 ], [ -0.173111, 51.477953 ], [ -0.173173, 51.477936 ], [ -0.173814, 51.477643 ], [ -0.173981, 51.477741 ], [ -0.174195, 51.477872 ], [ -0.174591, 51.478083 ], [ -0.174905, 51.478228 ] ] ] } },
{ "type": "Feature", "properties": { "Map_Name": "Plumbargo Crucible Works", "First_Date": 0, "Last_Date": 0, "Type": "Chemical", "Products": null, "QualityCon": null, "Full_name": null, "Short_name": null, "Web_Link": null, "London_Fir": 0, "Londo_1st_": 1, "Web_refere": null }, "geometry": { "type": "Polygon", "coordinates": [ [ [ -0.174463, 51.478682 ], [ -0.174183, 51.478898 ], [ -0.17375, 51.479227 ], [ -0.173433, 51.47943 ], [ -0.172881, 51.47916 ], [ -0.173149, 51.479007 ], [ -0.172801, 51.478659 ], [ -0.173441, 51.478393 ], [ -0.173451, 51.478372 ], [ -0.173116, 51.478179 ], [ -0.172893, 51.478045 ], [ -0.173111, 51.477953 ], [ -0.174179, 51.478568 ], [ -0.174463, 51.478682 ] ] ] } },
{ "type": "Feature", "properties": { "Map_Name": "Dye Works", "First_Date": 0, "Last_Date": 0, "Type": "Chemical", "Products": null, "QualityCon": null, "Full_name": null, "Short_name": null, "Web_Link": null, "London_Fir": 0, "Londo_1st_": 1, "Web_refere": null }, "geometry": { "type": "Polygon", "coordinates": [ [ [ -0.194846, 51.45942 ], [ -0.194793, 51.459222 ], [ -0.194748, 51.459014 ], [ -0.194838, 51.458963 ], [ -0.194903, 51.458952 ], [ -0.194888, 51.458835 ], [ -0.195114, 51.458827 ], [ -0.195141, 51.458915 ], [ -0.195279, 51.45907 ], [ -0.19544, 51.459141 ], [ -0.195456, 51.459315 ], [ -0.195436, 51.459348 ], [ -0.195141, 51.459391 ], [ -0.195121, 51.459422 ], [ -0.194971, 51.459439 ], [ -0.194942, 51.459407 ], [ -0.194846, 51.45942 ] ] ] } },
{ "type": "Feature", "properties": { "Map_Name": "Middle Mill", "First_Date": 0, "Last_Date": 0, "Type": "Grain Mill", "Products": null, "QualityCon": null, "Full_name": null, "Short_name": null, "Web_Link": null, "London_Fir": 1, "Londo_1st_": 1, "Web_refere": null }, "geometry": { "type": "Polygon", "coordinates": [ [ [ -0.194303, 51.458517 ], [ -0.194309, 51.458565 ], [ -0.194107, 51.458566 ], [ -0.194056, 51.458606 ], [ -0.194038, 51.458665 ], [ -0.193893, 51.45867 ], [ -0.193885, 51.458596 ], [ -0.193894, 51.458549 ], [ -0.193963, 51.458533 ], [ -0.193937, 51.458418 ], [ -0.194239, 51.4584 ], [ -0.194242, 51.458416 ], [ -0.194303, 51.458417 ], [ -0.194331, 51.458484 ], [ -0.194308, 51.458489 ], [ -0.194303, 51.458517 ] ] ] } },
{ "type": "Feature", "properties": { "Map_Name": "Onelene Work", "First_Date": 0, "Last_Date": 0, "Type": "General", "Products": null, "QualityCon": null, "Full_name": null, "Short_name": null, "Web_Link": null, "London_Fir": 0, "Londo_1st_": 1, "Web_refere": null }, "geometry": { "type": "Polygon", "coordinates": [ [ [ -0.196506, 51.460354 ], [ -0.196053, 51.460356 ], [ -0.196068, 51.460178 ], [ -0.196524, 51.460207 ], [ -0.196506, 51.460354 ] ] ] } },
{ "type": "Feature", "properties": { "Map_Name": "Baltic Wharf Saw & Planing Mills", "First_Date": 0, "Last_Date": 0, "Type": "Timber Mill", "Products": null, "QualityCon": null, "Full_name": null, "Short_name": null, "Web_Link": null, "London_Fir": 0, "Londo_1st_": 1, "Web_refere": null }, "geometry": { "type": "Polygon", "coordinates": [ [ [ -0.21215, 51.465451 ], [ -0.212861, 51.4645 ], [ -0.213185, 51.464596 ], [ -0.213009, 51.464809 ], [ -0.213261, 51.464889 ], [ -0.21301, 51.465181 ], [ -0.212743, 51.465486 ], [ -0.212677, 51.465606 ], [ -0.21215, 51.465451 ] ] ] } },
{ "type": "Feature", "properties": { "Map_Name": "Brewery", "First_Date": 0, "Last_Date": 0, "Type": "Brewing", "Products": null, "QualityCon": null, "Full_name": null, "Short_name": null, "Web_Link": null, "London_Fir": 0, "Londo_1st_": 1, "Web_refere": null }, "geometry": { "type": "Polygon", "coordinates": [ [ [ -0.266187, 51.470734 ], [ -0.265842, 51.47065 ], [ -0.265466, 51.470606 ], [ -0.264979, 51.470495 ], [ -0.264808, 51.470489 ], [ -0.264088, 51.470346 ], [ -0.264078, 51.47031 ], [ -0.263467, 51.470291 ], [ -0.26279, 51.470209 ], [ -0.262807, 51.469906 ], [ -0.264017, 51.469953 ], [ -0.264372, 51.469922 ], [ -0.26552, 51.469807 ], [ -0.266384, 51.469623 ], [ -0.266421, 51.469688 ], [ -0.266513, 51.469675 ], [ -0.266592, 51.469694 ], [ -0.266724, 51.469696 ], [ -0.26678, 51.469879 ], [ -0.266952, 51.46985 ], [ -0.267038, 51.47014 ], [ -0.266671, 51.470188 ], [ -0.266327, 51.470222 ], [ -0.266226, 51.470453 ], [ -0.266187, 51.470734 ] ] ] } },
{ "type": "Feature", "properties": { "Map_Name": "Brewery", "First_Date": 0, "Last_Date": 0, "Type": "Brewing", "Products": null, "QualityCon": null, "Full_name": null, "Short_name": null, "Web_Link": null, "London_Fir": 0, "Londo_1st_": 1, "Web_refere": null }, "geometry": { "type": "Polygon", "coordinates": [ [ [ -0.309103, 51.459739 ], [ -0.308981, 51.45983 ], [ -0.30841, 51.459508 ], [ -0.308691, 51.459324 ], [ -0.309162, 51.459567 ], [ -0.309159, 51.459666 ], [ -0.309103, 51.459739 ] ] ] } },
{ "type": "Feature", "properties": { "Map_Name": "Brewery", "First_Date": 0, "Last_Date": 0, "Type": "Brewing", "Products": null, "QualityCon": null, "Full_name": null, "Short_name": null, "Web_Link": null, "London_Fir": 0, "Londo_1st_": 1, "Web_refere": null }, "geometry": { "type": "Polygon", "coordinates": [ [ [ -0.303602, 51.456576 ], [ -0.30319, 51.456599 ], [ -0.303129, 51.456496 ], [ -0.303176, 51.45647 ], [ -0.30314, 51.456415 ], [ -0.303594, 51.456391 ], [ -0.303602, 51.456576 ] ] ] } },
{ "type": "Feature", "properties": { "Map_Name": "Brewery", "First_Date": 0, "Last_Date": 0, "Type": "Brewing", "Products": null, "QualityCon": null, "Full_name": null, "Short_name": null, "Web_Link": null, "London_Fir": 0, "Londo_1st_": 1, "Web_refere": null }, "geometry": { "type": "Polygon", "coordinates": [ [ [ -0.302775, 51.454533 ], [ -0.302507, 51.454591 ], [ -0.302456, 51.454509 ], [ -0.302364, 51.454527 ], [ -0.302235, 51.454323 ], [ -0.302316, 51.454302 ], [ -0.302687, 51.454239 ], [ -0.302775, 51.454533 ] ] ] } },
{ "type": "Feature", "properties": { "Map_Name": "Maltkiln", "First_Date": 0, "Last_Date": 0, "Type": "Brewing", "Products": null, "QualityCon": null, "Full_name": null, "Short_name": null, "Web_Link": null, "London_Fir": 0, "Londo_1st_": 1, "Web_refere": null }, "geometry": { "type": "Polygon", "coordinates": [ [ [ -0.328315, 51.446956 ], [ -0.328118, 51.446995 ], [ -0.327728, 51.447129 ], [ -0.32765, 51.447039 ], [ -0.327906, 51.446947 ], [ -0.327883, 51.446905 ], [ -0.328015, 51.446815 ], [ -0.328079, 51.446884 ], [ -0.328276, 51.446842 ], [ -0.328315, 51.446956 ] ] ] } },
{ "type": "Feature", "properties": { "Map_Name": "Cement Works", "First_Date": 0, "Last_Date": 0, "Type": "Building", "Products": null, "QualityCon": null, "Full_name": null, "Short_name": null, "Web_Link": null, "London_Fir": 0, "Londo_1st_": 1, "Web_refere": null }, "geometry": { "type": "Polygon", "coordinates": [ [ [ -0.322894, 51.469118 ], [ -0.322639, 51.469107 ], [ -0.322451, 51.46908 ], [ -0.322361, 51.469036 ], [ -0.322348, 51.468823 ], [ -0.322557, 51.468843 ], [ -0.323002, 51.46885 ], [ -0.323019, 51.468966 ], [ -0.322855, 51.468952 ], [ -0.322894, 51.469118 ] ] ] } },
{ "type": "Feature", "properties": { "Map_Name": "Saw Mill", "First_Date": 0, "Last_Date": 0, "Type": "Timber Mill", "Products": null, "QualityCon": null, "Full_name": null, "Short_name": null, "Web_Link": null, "London_Fir": 0, "Londo_1st_": 1, "Web_refere": null }, "geometry": { "type": "Polygon", "coordinates": [ [ [ -0.304257, 51.483308 ], [ -0.303574, 51.483608 ], [ -0.303088, 51.483746 ], [ -0.302798, 51.483457 ], [ -0.303129, 51.483405 ], [ -0.303198, 51.48334 ], [ -0.303093, 51.48322 ], [ -0.30375, 51.483096 ], [ -0.303945, 51.483104 ], [ -0.303993, 51.48309 ], [ -0.304167, 51.483152 ], [ -0.304282, 51.483267 ], [ -0.304257, 51.483308 ] ] ] } },
{ "type": "Feature", "properties": { "Map_Name": "Thames Soap Works", "First_Date": 0, "Last_Date": 0, "Type": "Soap Candle Tallow and Oil", "Products": null, "QualityCon": null, "Full_name": null, "Short_name": "Tunnel Soap Works", "Web_Link": null, "London_Fir": 0, "Londo_1st_": 1, "Web_refere": null }, "geometry": { "type": "Polygon", "coordinates": [ [ [ -0.301388, 51.484507 ], [ -0.301076, 51.484184 ], [ -0.30056, 51.483823 ], [ -0.301186, 51.483525 ], [ -0.301262, 51.483529 ], [ -0.301445, 51.483348 ], [ -0.301902, 51.483601 ], [ -0.302538, 51.483798 ], [ -0.302321, 51.483875 ], [ -0.302229, 51.483909 ], [ -0.302431, 51.48412 ], [ -0.302484, 51.484225 ], [ -0.302378, 51.484259 ], [ -0.30216, 51.484357 ], [ -0.302109, 51.484321 ], [ -0.301954, 51.484399 ], [ -0.301731, 51.484497 ], [ -0.301603, 51.484477 ], [ -0.301415, 51.484537 ], [ -0.301388, 51.484507 ] ] ] } },
{ "type": "Feature", "properties": { "Map_Name": "Bee Hive Brewery", "First_Date": 0, "Last_Date": 0, "Type": "Brewing", "Products": null, "QualityCon": null, "Full_name": null, "Short_name": null, "Web_Link": null, "London_Fir": 0, "Londo_1st_": 1, "Web_refere": null }, "geometry": { "type": "Polygon", "coordinates": [ [ [ -0.306842, 51.482487 ], [ -0.306688, 51.482573 ], [ -0.306465, 51.482492 ], [ -0.306458, 51.482471 ], [ -0.306339, 51.482398 ], [ -0.306265, 51.482317 ], [ -0.306066, 51.482395 ], [ -0.305979, 51.482377 ], [ -0.305901, 51.482379 ], [ -0.305859, 51.482376 ], [ -0.305842, 51.482319 ], [ -0.305823, 51.482199 ], [ -0.305874, 51.48214 ], [ -0.306056, 51.482051 ], [ -0.306133, 51.48208 ], [ -0.306172, 51.482073 ], [ -0.306413, 51.482036 ], [ -0.306444, 51.482077 ], [ -0.306842, 51.482487 ] ] ] } },
{ "type": "Feature", "properties": { "Map_Name": "Tannery", "First_Date": 0, "Last_Date": 0, "Type": "Leather and Skins", "Products": null, "QualityCon": null, "Full_name": null, "Short_name": null, "Web_Link": null, "London_Fir": 0, "Londo_1st_": 1, "Web_refere": null }, "geometry": { "type": "Polygon", "coordinates": [ [ [ -0.307557, 51.482278 ], [ -0.307374, 51.482373 ], [ -0.307254, 51.482417 ], [ -0.307188, 51.482362 ], [ -0.307191, 51.482325 ], [ -0.307304, 51.482168 ], [ -0.307557, 51.482278 ] ] ] } },
{ "type": "Feature", "properties": { "Map_Name": "Malthouse", "First_Date": 0, "Last_Date": 0, "Type": "Brewing", "Products": null, "QualityCon": null, "Full_name": null, "Short_name": null, "Web_Link": null, "London_Fir": 0, "Londo_1st_": 1, "Web_refere": null }, "geometry": { "type": "Polygon", "coordinates": [ [ [ -0.30053, 51.48388 ], [ -0.300944, 51.484144 ], [ -0.301246, 51.484476 ], [ -0.300943, 51.484564 ], [ -0.300663, 51.484271 ], [ -0.300823, 51.484196 ], [ -0.300615, 51.484048 ], [ -0.300425, 51.484158 ], [ -0.300342, 51.484082 ], [ -0.30053, 51.48388 ] ] ] } },
{ "type": "Feature", "properties": { "Map_Name": "Malthouse", "First_Date": 0, "Last_Date": 0, "Type": "Brewing", "Products": null, "QualityCon": null, "Full_name": null, "Short_name": null, "Web_Link": null, "London_Fir": 0, "Londo_1st_": 1, "Web_refere": null }, "geometry": { "type": "Polygon", "coordinates": [ [ [ -0.300668, 51.485051 ], [ -0.30047, 51.484863 ], [ -0.300525, 51.484778 ], [ -0.300484, 51.484733 ], [ -0.300676, 51.484691 ], [ -0.300626, 51.484645 ], [ -0.300799, 51.484594 ], [ -0.300996, 51.484808 ], [ -0.300649, 51.484908 ], [ -0.30077, 51.484996 ], [ -0.300668, 51.485051 ] ] ] } },
{ "type": "Feature", "properties": { "Map_Name": "Royal Brewery", "First_Date": 0, "Last_Date": 0, "Type": "Brewing", "Products": null, "QualityCon": null, "Full_name": null, "Short_name": null, "Web_Link": null, "London_Fir": 0, "Londo_1st_": 1, "Web_refere": "http://www.aim25.ac.uk/cgi-bin/vcdf/detail?coll_id=14626&inst_id=118" }, "geometry": { "type": "Polygon", "coordinates": [ [ [ -0.298288, 51.486067 ], [ -0.297516, 51.486269 ], [ -0.296827, 51.4865 ], [ -0.296567, 51.486202 ], [ -0.297263, 51.485921 ], [ -0.297278, 51.485938 ], [ -0.297976, 51.485678 ], [ -0.298288, 51.486067 ] ] ] } },
{ "type": "Feature", "properties": { "Map_Name": "Gasometers", "First_Date": 0, "Last_Date": 0, "Type": "Coal Gas", "Products": null, "QualityCon": null, "Full_name": null, "Short_name": null, "Web_Link": null, "London_Fir": 0, "Londo_1st_": 1, "Web_refere": null }, "geometry": { "type": "Polygon", "coordinates": [ [ [ -0.296472, 51.487827 ], [ -0.295693, 51.488017 ], [ -0.294728, 51.488232 ], [ -0.294358, 51.487689 ], [ -0.294765, 51.48762 ], [ -0.295144, 51.487543 ], [ -0.296073, 51.487291 ], [ -0.296472, 51.487827 ] ] ] } },
{ "type": "Feature", "properties": { "Map_Name": "Malthouse", "First_Date": 0, "Last_Date": 0, "Type": "Brewing", "Products": null, "QualityCon": null, "Full_name": null, "Short_name": null, "Web_Link": null, "London_Fir": 0, "Londo_1st_": 1, "Web_refere": null }, "geometry": { "type": "Polygon", "coordinates": [ [ [ -0.291501, 51.488038 ], [ -0.291393, 51.487745 ], [ -0.291588, 51.487717 ], [ -0.291617, 51.487809 ], [ -0.291541, 51.487835 ], [ -0.291607, 51.488025 ], [ -0.291501, 51.488038 ] ] ] } },
{ "type": "Feature", "properties": { "Map_Name": "Dyeing & Bleaching Works", "First_Date": 0, "Last_Date": 0, "Type": "Chemical", "Products": null, "QualityCon": null, "Full_name": null, "Short_name": null, "Web_Link": null, "London_Fir": 0, "Londo_1st_": 1, "Web_refere": null }, "geometry": { "type": "Polygon", "coordinates": [ [ [ -0.289599, 51.487902 ], [ -0.289539, 51.487911 ], [ -0.289553, 51.487984 ], [ -0.289479, 51.487994 ], [ -0.289414, 51.487835 ], [ -0.289329, 51.487844 ], [ -0.28931, 51.487795 ], [ -0.289297, 51.487796 ], [ -0.289276, 51.487746 ], [ -0.289569, 51.487725 ], [ -0.289599, 51.487902 ] ] ] } },
{ "type": "Feature", "properties": { "Map_Name": "Malthouse", "First_Date": 0, "Last_Date": 0, "Type": "Brewing", "Products": null, "QualityCon": null, "Full_name": null, "Short_name": null, "Web_Link": null, "London_Fir": 0, "Londo_1st_": 1, "Web_refere": null }, "geometry": { "type": "Polygon", "coordinates": [ [ [ -0.288239, 51.488363 ], [ -0.2878, 51.48839 ], [ -0.287788, 51.488086 ], [ -0.288236, 51.488078 ], [ -0.288239, 51.488363 ] ] ] } },
{ "type": "Feature", "properties": { "Map_Name": "Malthouse", "First_Date": 0, "Last_Date": 0, "Type": "Brewing", "Products": null, "QualityCon": null, "Full_name": null, "Short_name": null, "Web_Link": null, "London_Fir": 0, "Londo_1st_": 1, "Web_refere": null }, "geometry": { "type": "Polygon", "coordinates": [ [ [ -0.286773, 51.488101 ], [ -0.286584, 51.488051 ], [ -0.2868, 51.487753 ], [ -0.286988, 51.487816 ], [ -0.286773, 51.488101 ] ] ] } },
{ "type": "Feature", "properties": { "Map_Name": "Malthouse", "First_Date": 0, "Last_Date": 0, "Type": "Brewing", "Products": null, "QualityCon": null, "Full_name": null, "Short_name": null, "Web_Link": null, "London_Fir": 0, "Londo_1st_": 1, "Web_refere": null }, "geometry": { "type": "Polygon", "coordinates": [ [ [ -0.283904, 51.487143 ], [ -0.283888, 51.487169 ], [ -0.283671, 51.487161 ], [ -0.283459, 51.487137 ], [ -0.283497, 51.487047 ], [ -0.283372, 51.487017 ], [ -0.283354, 51.486978 ], [ -0.283372, 51.486919 ], [ -0.283744, 51.487058 ], [ -0.283904, 51.487143 ] ] ] } },
{ "type": "Feature", "properties": { "Map_Name": "Malthouse", "First_Date": 0, "Last_Date": 0, "Type": "Brewing", "Products": null, "QualityCon": null, "Full_name": null, "Short_name": null, "Web_Link": null, "London_Fir": 0, "Londo_1st_": 1, "Web_refere": null }, "geometry": { "type": "Polygon", "coordinates": [ [ [ -0.282011, 51.486811 ], [ -0.281677, 51.486697 ], [ -0.281798, 51.486408 ], [ -0.282182, 51.486545 ], [ -0.282011, 51.486811 ] ] ] } },
{ "type": "Feature", "properties": { "Map_Name": "Malthouse", "First_Date": 0, "Last_Date": 0, "Type": "Brewing", "Products": null, "QualityCon": null, "Full_name": null, "Short_name": null, "Web_Link": null, "London_Fir": 0, "Londo_1st_": 1, "Web_refere": null }, "geometry": { "type": "Polygon", "coordinates": [ [ [ -0.277766, 51.484588 ], [ -0.277727, 51.484612 ], [ -0.277648, 51.484575 ], [ -0.277621, 51.484596 ], [ -0.277336, 51.48448 ], [ -0.277403, 51.484414 ], [ -0.277305, 51.484372 ], [ -0.277349, 51.484332 ], [ -0.277127, 51.484241 ], [ -0.277199, 51.484161 ], [ -0.277634, 51.484341 ], [ -0.277861, 51.484495 ], [ -0.277766, 51.484588 ] ] ] } },
{ "type": "Feature", "properties": { "Map_Name": "Church Wharf Enginering & Yacht Building", "First_Date": 0, "Last_Date": 0, "Type": "Shipyard", "Products": null, "QualityCon": null, "Full_name": null, "Short_name": null, "Web_Link": null, "London_Fir": 0, "Londo_1st_": 1, "Web_refere": null }, "geometry": { "type": "Polygon", "coordinates": [ [ [ -0.252307, 51.484018 ], [ -0.251514, 51.484587 ], [ -0.251729, 51.484685 ], [ -0.251426, 51.484895 ], [ -0.250877, 51.485294 ], [ -0.250657, 51.48518 ], [ -0.250271, 51.485445 ], [ -0.249986, 51.485792 ], [ -0.249447, 51.485573 ], [ -0.24968, 51.485315 ], [ -0.249884, 51.485089 ], [ -0.250191, 51.484674 ], [ -0.250992, 51.483285 ], [ -0.251213, 51.483366 ], [ -0.251048, 51.483693 ], [ -0.252307, 51.484018 ] ] ] } },
{ "type": "Feature", "properties": { "Map_Name": "Lamb Brewery", "First_Date": 0, "Last_Date": 0, "Type": "Brewing", "Products": null, "QualityCon": null, "Full_name": null, "Short_name": null, "Web_Link": null, "London_Fir": 0, "Londo_1st_": 1, "Web_refere": null }, "geometry": { "type": "Polygon", "coordinates": [ [ [ -0.25098, 51.486967 ], [ -0.250587, 51.487142 ], [ -0.250375, 51.486967 ], [ -0.25039, 51.486937 ], [ -0.250154, 51.486746 ], [ -0.250857, 51.486436 ], [ -0.250967, 51.486559 ], [ -0.251103, 51.486487 ], [ -0.251496, 51.486659 ], [ -0.251399, 51.486723 ], [ -0.251253, 51.486659 ], [ -0.251121, 51.486755 ], [ -0.250887, 51.486882 ], [ -0.25098, 51.486967 ] ] ] } },
{ "type": "Feature", "properties": { "Map_Name": "Griffin Brewery", "First_Date": 0, "Last_Date": 0, "Type": "Brewing", "Products": null, "QualityCon": null, "Full_name": null, "Short_name": null, "Web_Link": null, "London_Fir": 0, "Londo_1st_": 1, "Web_refere": null }, "geometry": { "type": "Polygon", "coordinates": [ [ [ -0.250551, 51.487704 ], [ -0.250187, 51.48788 ], [ -0.249967, 51.487781 ], [ -0.249778, 51.487856 ], [ -0.249617, 51.487705 ], [ -0.24952, 51.487632 ], [ -0.249337, 51.487561 ], [ -0.249203, 51.487583 ], [ -0.248934, 51.487635 ], [ -0.248728, 51.487537 ], [ -0.248127, 51.487198 ], [ -0.248264, 51.48709 ], [ -0.248526, 51.487225 ], [ -0.24891, 51.48701 ], [ -0.249246, 51.4872 ], [ -0.24939, 51.487184 ], [ -0.249747, 51.486942 ], [ -0.250257, 51.487429 ], [ -0.250334, 51.487406 ], [ -0.250578, 51.487612 ], [ -0.250501, 51.487656 ], [ -0.250551, 51.487704 ] ] ] } },
{ "type": "Feature", "properties": { "Map_Name": "Malthouse", "First_Date": 0, "Last_Date": 0, "Type": "Brewing", "Products": null, "QualityCon": null, "Full_name": null, "Short_name": null, "Web_Link": null, "London_Fir": 0, "Londo_1st_": 1, "Web_refere": null }, "geometry": { "type": "Polygon", "coordinates": [ [ [ -0.234462, 51.49171 ], [ -0.234443, 51.491834 ], [ -0.234405, 51.492069 ], [ -0.234434, 51.492066 ], [ -0.234401, 51.492298 ], [ -0.23437, 51.492363 ], [ -0.234311, 51.492403 ], [ -0.234298, 51.492504 ], [ -0.233974, 51.492488 ], [ -0.234013, 51.492217 ], [ -0.234061, 51.491852 ], [ -0.234124, 51.491818 ], [ -0.234137, 51.491598 ], [ -0.234179, 51.491378 ], [ -0.234465, 51.49138 ], [ -0.234462, 51.49171 ] ] ] } },
{ "type": "Feature", "properties": { "Map_Name": "Lead Mill", "First_Date": 0, "Last_Date": 0, "Type": "Metal", "Products": null, "QualityCon": null, "Full_name": null, "Short_name": null, "Web_Link": null, "London_Fir": 1, "Londo_1st_": 1, "Web_refere": null }, "geometry": { "type": "Polygon", "coordinates": [ [ [ -0.233031, 51.490457 ], [ -0.232881, 51.490611 ], [ -0.232797, 51.490721 ], [ -0.2327, 51.490872 ], [ -0.232145, 51.490797 ], [ -0.232213, 51.490751 ], [ -0.232251, 51.490698 ], [ -0.232598, 51.490254 ], [ -0.233031, 51.490457 ] ] ] } },
{ "type": "Feature", "properties": { "Map_Name": "Hamersmith Iron Works", "First_Date": 0, "Last_Date": 0, "Type": "Metal", "Products": null, "QualityCon": null, "Full_name": null, "Short_name": null, "Web_Link": null, "London_Fir": 0, "Londo_1st_": 1, "Web_refere": null }, "geometry": { "type": "Polygon", "coordinates": [ [ [ -0.228179, 51.487984 ], [ -0.227709, 51.488233 ], [ -0.227178, 51.488459 ], [ -0.226517, 51.487897 ], [ -0.22687, 51.487747 ], [ -0.227164, 51.488023 ], [ -0.227888, 51.487727 ], [ -0.228179, 51.487984 ] ] ] } },
{ "type": "Feature", "properties": { "Map_Name": "Lime & Cement Works", "First_Date": 0, "Last_Date": 0, "Type": "Building", "Products": null, "QualityCon": null, "Full_name": null, "Short_name": null, "Web_Link": null, "London_Fir": 0, "Londo_1st_": 1, "Web_refere": null }, "geometry": { "type": "Polygon", "coordinates": [ [ [ -0.227598, 51.487442 ], [ -0.227371, 51.487507 ], [ -0.227175, 51.48754 ], [ -0.227084, 51.487546 ], [ -0.226975, 51.487582 ], [ -0.226888, 51.487491 ], [ -0.227033, 51.487462 ], [ -0.22727, 51.487354 ], [ -0.227386, 51.487305 ], [ -0.227462, 51.487307 ], [ -0.227598, 51.487442 ] ] ] } },
{ "type": "Feature", "properties": { "Map_Name": "Hammersmith Distillery", "First_Date": 0, "Last_Date": 0, "Type": "Distillery", "Products": null, "QualityCon": null, "Full_name": null, "Short_name": null, "Web_Link": null, "London_Fir": 1, "Londo_1st_": 1, "Web_refere": null }, "geometry": { "type": "Polygon", "coordinates": [ [ [ -0.227386, 51.487305 ], [ -0.227033, 51.487462 ], [ -0.226888, 51.487491 ], [ -0.226739, 51.487481 ], [ -0.226588, 51.487448 ], [ -0.226508, 51.487456 ], [ -0.226205, 51.487602 ], [ -0.225866, 51.487692 ], [ -0.225573, 51.48779 ], [ -0.224674, 51.48815 ], [ -0.224135, 51.487606 ], [ -0.224913, 51.487304 ], [ -0.226731, 51.486601 ], [ -0.226953, 51.486873 ], [ -0.22734, 51.487314 ], [ -0.227386, 51.487305 ] ] ] } },
{ "type": "Feature", "properties": { "Map_Name": "Manbre Saccharien Works", "First_Date": 0, "Last_Date": 0, "Type": "General", "Products": null, "QualityCon": null, "Full_name": null, "Short_name": null, "Web_Link": null, "London_Fir": 0, "Londo_1st_": 1, "Web_refere": null }, "geometry": { "type": "Polygon", "coordinates": [ [ [ -0.226731, 51.486601 ], [ -0.224135, 51.487606 ], [ -0.223757, 51.487227 ], [ -0.22476, 51.48684 ], [ -0.224668, 51.486741 ], [ -0.226386, 51.486077 ], [ -0.226415, 51.486115 ], [ -0.226505, 51.486257 ], [ -0.226767, 51.486578 ], [ -0.226731, 51.486601 ] ] ] } },
{ "type": "Feature", "properties": { "Map_Name": "Malthouse", "First_Date": 0, "Last_Date": 0, "Type": "Brewing", "Products": null, "QualityCon": null, "Full_name": null, "Short_name": null, "Web_Link": null, "London_Fir": 1, "Londo_1st_": 1, "Web_refere": null }, "geometry": { "type": "Polygon", "coordinates": [ [ [ -0.224104, 51.482444 ], [ -0.223851, 51.48247 ], [ -0.223852, 51.48244 ], [ -0.223455, 51.48249 ], [ -0.223373, 51.482266 ], [ -0.223746, 51.482215 ], [ -0.223757, 51.482198 ], [ -0.223963, 51.482171 ], [ -0.224015, 51.482297 ], [ -0.224053, 51.482294 ], [ -0.224104, 51.482444 ] ] ] } },
{ "type": "Feature", "properties": { "Map_Name": "Malthouse", "First_Date": 0, "Last_Date": 0, "Type": "Brewing", "Products": null, "QualityCon": null, "Full_name": null, "Short_name": null, "Web_Link": null, "London_Fir": 0, "Londo_1st_": 1, "Web_refere": null }, "geometry": { "type": "Polygon", "coordinates": [ [ [ -0.211604, 51.467922 ], [ -0.211201, 51.467826 ], [ -0.211381, 51.467615 ], [ -0.211692, 51.467682 ], [ -0.211752, 51.467627 ], [ -0.21186, 51.467661 ], [ -0.211604, 51.467922 ] ] ] } },
{ "type": "Feature", "properties": { "Map_Name": "Imperial Works Wire Roofing", "First_Date": 0, "Last_Date": 0, "Type": "General", "Products": null, "QualityCon": null, "Full_name": null, "Short_name": null, "Web_Link": null, "London_Fir": 0, "Londo_1st_": 1, "Web_refere": null }, "geometry": { "type": "Polygon", "coordinates": [ [ [ -0.182809, 51.474702 ], [ -0.182387, 51.47431 ], [ -0.181705, 51.473914 ], [ -0.181889, 51.473879 ], [ -0.182113, 51.473902 ], [ -0.182378, 51.474037 ], [ -0.18285, 51.474453 ], [ -0.182905, 51.474494 ], [ -0.182871, 51.474587 ], [ -0.182884, 51.474649 ], [ -0.182913, 51.474671 ], [ -0.182809, 51.474702 ] ] ] } },
{ "type": "Feature", "properties": { "Map_Name": "Engineering Works", "First_Date": 0, "Last_Date": 0, "Type": "Engineering", "Products": null, "QualityCon": null, "Full_name": null, "Short_name": null, "Web_Link": null, "London_Fir": 0, "Londo_1st_": 1, "Web_refere": null }, "geometry": { "type": "Polygon", "coordinates": [ [ [ -0.181705, 51.473914 ], [ -0.181532, 51.473992 ], [ -0.181054, 51.473759 ], [ -0.18078, 51.473636 ], [ -0.181115, 51.473458 ], [ -0.181391, 51.473407 ], [ -0.181734, 51.473417 ], [ -0.182116, 51.473492 ], [ -0.182365, 51.473639 ], [ -0.182536, 51.473848 ], [ -0.182378, 51.474037 ], [ -0.182113, 51.473902 ], [ -0.181889, 51.473879 ], [ -0.181705, 51.473914 ] ] ] } },
{ "type": "Feature", "properties": { "Map_Name": "Arc Works Electric Lighting", "First_Date": 0, "Last_Date": 0, "Type": "Electrical", "Products": null, "QualityCon": null, "Full_name": null, "Short_name": null, "Web_Link": null, "London_Fir": 0, "Londo_1st_": 1, "Web_refere": null }, "geometry": { "type": "Polygon", "coordinates": [ [ [ -0.196768, 51.486842 ], [ -0.196882, 51.486958 ], [ -0.19648, 51.487108 ], [ -0.195874, 51.486864 ], [ -0.196499, 51.486636 ], [ -0.196566, 51.486702 ], [ -0.196768, 51.486842 ] ] ] } },
{ "type": "Feature", "properties": { "Map_Name": "Kensington Central Electric Lighting Station", "First_Date": 0, "Last_Date": 0, "Type": "Electrical", "Products": null, "QualityCon": null, "Full_name": null, "Short_name": null, "Web_Link": null, "London_Fir": 0, "Londo_1st_": 1, "Web_refere": "http://www.gracesguide.co.uk/Kensington_Electric_Lighting_Station" }, "geometry": { "type": "Polygon", "coordinates": [ [ [ -0.195394, 51.487513 ], [ -0.195068, 51.487286 ], [ -0.193878, 51.486611 ], [ -0.194047, 51.486493 ], [ -0.19533, 51.487215 ], [ -0.195621, 51.487391 ], [ -0.195394, 51.487513 ] ] ] } },
{ "type": "Feature", "properties": { "Map_Name": "North London Soap Works", "First_Date": 0, "Last_Date": 0, "Type": "Soap Candle Tallow and Oil", "Products": null, "QualityCon": null, "Full_name": null, "Short_name": "North London Soap Works", "Web_Link": null, "London_Fir": 1, "Londo_1st_": 1, "Web_refere": null }, "geometry": { "type": "Polygon", "coordinates": [ [ [ -0.123381, 51.543734 ], [ -0.123208, 51.543529 ], [ -0.123513, 51.543418 ], [ -0.1237, 51.543632 ], [ -0.123381, 51.543734 ] ] ] } },
{ "type": "Feature", "properties": { "Map_Name": "Belle Isle Works Engineering & Brass", "First_Date": 0, "Last_Date": 0, "Type": "Engineering", "Products": null, "QualityCon": null, "Full_name": null, "Short_name": null, "Web_Link": null, "London_Fir": 0, "Londo_1st_": 1, "Web_refere": null }, "geometry": { "type": "Polygon", "coordinates": [ [ [ -0.122989, 51.543296 ], [ -0.122796, 51.542996 ], [ -0.122815, 51.542868 ], [ -0.122894, 51.542688 ], [ -0.122983, 51.542493 ], [ -0.123081, 51.542334 ], [ -0.12364, 51.54218 ], [ -0.123705, 51.542344 ], [ -0.124198, 51.542307 ], [ -0.124269, 51.542555 ], [ -0.124482, 51.54258 ], [ -0.124688, 51.542559 ], [ -0.124681, 51.542671 ], [ -0.12354, 51.543019 ], [ -0.123568, 51.543127 ], [ -0.122989, 51.543296 ] ] ] } },
{ "type": "Feature", "properties": { "Map_Name": "Carpet Beating Works", "First_Date": 0, "Last_Date": 0, "Type": "General", "Products": null, "QualityCon": null, "Full_name": null, "Short_name": null, "Web_Link": null, "London_Fir": 0, "Londo_1st_": 1, "Web_refere": null }, "geometry": { "type": "Polygon", "coordinates": [ [ [ -0.12364, 51.54218 ], [ -0.123608, 51.542155 ], [ -0.124472, 51.541901 ], [ -0.124709, 51.542217 ], [ -0.124686, 51.542259 ], [ -0.1246, 51.542278 ], [ -0.124687, 51.542573 ], [ -0.124482, 51.54258 ], [ -0.124269, 51.542555 ], [ -0.124198, 51.542307 ], [ -0.123705, 51.542344 ], [ -0.12364, 51.54218 ] ] ] } },
{ "type": "Feature", "properties": { "Map_Name": "Hornsey Gas Works", "First_Date": 0, "Last_Date": 0, "Type": "Coal Gas", "Products": null, "QualityCon": null, "Full_name": null, "Short_name": null, "Web_Link": null, "London_Fir": 0, "Londo_1st_": 1, "Web_refere": null }, "geometry": { "type": "Polygon", "coordinates": [ [ [ -0.113071, 51.590872 ], [ -0.113522, 51.591417 ], [ -0.113701, 51.591348 ], [ -0.113919, 51.591609 ], [ -0.113726, 51.591648 ], [ -0.113886, 51.591846 ], [ -0.113771, 51.591873 ], [ -0.113846, 51.592269 ], [ -0.112109, 51.592707 ], [ -0.112204, 51.592447 ], [ -0.112285, 51.592153 ], [ -0.112742, 51.591818 ], [ -0.112065, 51.591726 ], [ -0.111843, 51.591019 ], [ -0.113071, 51.590872 ] ] ] } },
{ "type": "Feature", "properties": { "Map_Name": "Electric Light Station", "First_Date": 0, "Last_Date": 0, "Type": "Electrical", "Products": null, "QualityCon": null, "Full_name": null, "Short_name": null, "Web_Link": null, "London_Fir": 0, "Londo_1st_": 1, "Web_refere": null }, "geometry": { "type": "Polygon", "coordinates": [ [ [ -0.107989, 51.554615 ], [ -0.107712, 51.554814 ], [ -0.107416, 51.554777 ], [ -0.107464, 51.554307 ], [ -0.10751, 51.554158 ], [ -0.107562, 51.554141 ], [ -0.107606, 51.554056 ], [ -0.10813, 51.554114 ], [ -0.107989, 51.554615 ] ] ] } },
{ "type": "Feature", "properties": { "Map_Name": "Gas Works", "First_Date": 0, "Last_Date": 0, "Type": "Coal Gas", "Products": null, "QualityCon": null, "Full_name": null, "Short_name": null, "Web_Link": null, "London_Fir": 0, "Londo_1st_": 1, "Web_refere": null }, "geometry": { "type": "Polygon", "coordinates": [ [ [ -0.107316, 51.555118 ], [ -0.106899, 51.555097 ], [ -0.106805, 51.554867 ], [ -0.106873, 51.553923 ], [ -0.107426, 51.553989 ], [ -0.107316, 51.555118 ] ] ] } },
{ "type": "Feature", "properties": { "Map_Name": "Highbury Brewery", "First_Date": 0, "Last_Date": 0, "Type": "Brewing", "Products": null, "QualityCon": null, "Full_name": null, "Short_name": null, "Web_Link": null, "London_Fir": 0, "Londo_1st_": 1, "Web_refere": null }, "geometry": { "type": "Polygon", "coordinates": [ [ [ -0.107211, 51.548765 ], [ -0.106761, 51.548946 ], [ -0.106405, 51.548978 ], [ -0.106027, 51.548977 ], [ -0.106038, 51.548632 ], [ -0.106694, 51.548357 ], [ -0.107211, 51.548765 ] ] ] } },
{ "type": "Feature", "properties": { "Map_Name": "London General Omnbus Company's Coach Factory", "First_Date": 0, "Last_Date": 0, "Type": "Engineering", "Products": null, "QualityCon": null, "Full_name": null, "Short_name": null, "Web_Link": null, "London_Fir": 0, "Londo_1st_": 1, "Web_refere": null }, "geometry": { "type": "Polygon", "coordinates": [ [ [ -0.105249, 51.544257 ], [ -0.105255, 51.544466 ], [ -0.1043, 51.54448 ], [ -0.104229, 51.544027 ], [ -0.104593, 51.543976 ], [ -0.104554, 51.543886 ], [ -0.105217, 51.543778 ], [ -0.105249, 51.544257 ] ] ] } },
{ "type": "Feature", "properties": { "Map_Name": "Saw Mill", "First_Date": 0, "Last_Date": 0, "Type": "Timber Mill", "Products": null, "QualityCon": null, "Full_name": null, "Short_name": null, "Web_Link": null, "London_Fir": 0, "Londo_1st_": 1, "Web_refere": null }, "geometry": { "type": "Polygon", "coordinates": [ [ [ -0.106286, 51.543596 ], [ -0.105871, 51.543657 ], [ -0.105567, 51.543134 ], [ -0.106258, 51.543031 ], [ -0.106463, 51.543481 ], [ -0.10625, 51.543502 ], [ -0.106286, 51.543596 ] ] ] } },
{ "type": "Feature", "properties": { "Map_Name": "Saw Mill", "First_Date": 0, "Last_Date": 0, "Type": "Timber Mill", "Products": null, "QualityCon": null, "Full_name": null, "Short_name": null, "Web_Link": null, "London_Fir": 1, "Londo_1st_": 1, "Web_refere": null }, "geometry": { "type": "Polygon", "coordinates": [ [ [ -0.104922, 51.539227 ], [ -0.103287, 51.539328 ], [ -0.103289, 51.539283 ], [ -0.103126, 51.539296 ], [ -0.103083, 51.539179 ], [ -0.103195, 51.539139 ], [ -0.1032, 51.538788 ], [ -0.102881, 51.538768 ], [ -0.102943, 51.538189 ], [ -0.104951, 51.538183 ], [ -0.104922, 51.539227 ] ] ] } },
{ "type": "Feature", "properties": { "Map_Name": "Paddington Iron Works", "First_Date": 0, "Last_Date": 0, "Type": "Metal", "Products": null, "QualityCon": null, "Full_name": null, "Short_name": null, "Web_Link": null, "London_Fir": 0, "Londo_1st_": 1, "Web_refere": null }, "geometry": { "type": "Polygon", "coordinates": [ [ [ -0.176689, 51.518542 ], [ -0.1765, 51.518543 ], [ -0.176326, 51.518604 ], [ -0.176163, 51.518128 ], [ -0.176489, 51.518133 ], [ -0.176689, 51.518542 ] ] ] } },
{ "type": "Feature", "properties": { "Map_Name": "Saw Mill", "First_Date": 0, "Last_Date": 0, "Type": "Timber Mill", "Products": null, "QualityCon": null, "Full_name": null, "Short_name": null, "Web_Link": null, "London_Fir": 0, "Londo_1st_": 1, "Web_refere": null }, "geometry": { "type": "Polygon", "coordinates": [ [ [ -0.191785, 51.523173 ], [ -0.191316, 51.523312 ], [ -0.191027, 51.52295 ], [ -0.191513, 51.522822 ], [ -0.191785, 51.523173 ] ] ] } },
{ "type": "Feature", "properties": { "Map_Name": "Atlas Works Iron", "First_Date": 0, "Last_Date": 0, "Type": "Metal", "Products": null, "QualityCon": null, "Full_name": null, "Short_name": null, "Web_Link": null, "London_Fir": 0, "Londo_1st_": 1, "Web_refere": null }, "geometry": { "type": "Polygon", "coordinates": [ [ [ -0.198157, 51.52275 ], [ -0.197647, 51.521618 ], [ -0.198103, 51.521671 ], [ -0.198839, 51.521868 ], [ -0.198584, 51.522235 ], [ -0.198744, 51.52253 ], [ -0.198809, 51.522774 ], [ -0.198157, 51.52275 ] ] ] } },
{ "type": "Feature", "properties": { "Map_Name": "Woodfield Works Electrical Engineering", "First_Date": 0, "Last_Date": 0, "Type": "Electrical", "Products": null, "QualityCon": null, "Full_name": null, "Short_name": null, "Web_Link": null, "London_Fir": 0, "Londo_1st_": 1, "Web_refere": null }, "geometry": { "type": "Polygon", "coordinates": [ [ [ -0.198789, 51.523034 ], [ -0.19815, 51.522979 ], [ -0.198265, 51.522786 ], [ -0.198796, 51.522848 ], [ -0.198789, 51.523034 ] ] ] } },
{ "type": "Feature", "properties": { "Map_Name": "Saw Mill", "First_Date": 0, "Last_Date": 0, "Type": "Timber Mill", "Products": null, "QualityCon": null, "Full_name": null, "Short_name": null, "Web_Link": null, "London_Fir": 0, "Londo_1st_": 1, "Web_refere": null }, "geometry": { "type": "Polygon", "coordinates": [ [ [ -0.203724, 51.521419 ], [ -0.203545, 51.52138 ], [ -0.203217, 51.521226 ], [ -0.202711, 51.521004 ], [ -0.203721, 51.520776 ], [ -0.203564, 51.521136 ], [ -0.203724, 51.521419 ] ] ] } },
{ "type": "Feature", "properties": { "Map_Name": "Gas Works", "First_Date": 0, "Last_Date": 0, "Type": "Coal Gas", "Products": null, "QualityCon": "1", "Full_name": null, "Short_name": "Southall Gas", "Web_Link": null, "London_Fir": 0, "Londo_1st_": 1, "Web_refere": "http://en.wikipedia.org/wiki/Southall_Gas_Works" }, "geometry": { "type": "Polygon", "coordinates": [ [ [ -0.215654, 51.526661 ], [ -0.21533, 51.526266 ], [ -0.214774, 51.525365 ], [ -0.21437, 51.52474 ], [ -0.21742, 51.525257 ], [ -0.219051, 51.525478 ], [ -0.219593, 51.525533 ], [ -0.219609, 51.525599 ], [ -0.222413, 51.525844 ], [ -0.223115, 51.525938 ], [ -0.22333, 51.526762 ], [ -0.221275, 51.527397 ], [ -0.220666, 51.527584 ], [ -0.219901, 51.52765 ], [ -0.219258, 51.527503 ], [ -0.218626, 51.527089 ], [ -0.219018, 51.526328 ], [ -0.21864, 51.526239 ], [ -0.218308, 51.526924 ], [ -0.217688, 51.526694 ], [ -0.216836, 51.526544 ], [ -0.216167, 51.526558 ], [ -0.215654, 51.526661 ] ] ] } },
{ "type": "Feature", "properties": { "Map_Name": "Western Iron Works", "First_Date": 0, "Last_Date": 0, "Type": "Metal", "Products": null, "QualityCon": null, "Full_name": null, "Short_name": null, "Web_Link": null, "London_Fir": 0, "Londo_1st_": 1, "Web_refere": null }, "geometry": { "type": "Polygon", "coordinates": [ [ [ -0.214292, 51.516012 ], [ -0.213655, 51.51574 ], [ -0.214103, 51.515385 ], [ -0.214709, 51.515704 ], [ -0.214292, 51.516012 ] ] ] } },
{ "type": "Feature", "properties": { "Map_Name": "Tallow Works", "First_Date": 0, "Last_Date": 0, "Type": "Soap Candle Tallow and Oil", "Products": null, "QualityCon": null, "Full_name": null, "Short_name": "Tallow Works", "Web_Link": null, "London_Fir": 0, "Londo_1st_": 1, "Web_refere": null }, "geometry": { "type": "Polygon", "coordinates": [ [ [ -0.024229, 51.54328 ], [ -0.023874, 51.543289 ], [ -0.023854, 51.54308 ], [ -0.024197, 51.543072 ], [ -0.024229, 51.54328 ] ] ] } },
{ "type": "Feature", "properties": { "Map_Name": "Tallow Works", "First_Date": 0, "Last_Date": 0, "Type": "Soap Candle Tallow and Oil", "Products": null, "QualityCon": null, "Full_name": null, "Short_name": "Tallow Works", "Web_Link": null, "London_Fir": 0, "Londo_1st_": 1, "Web_refere": null }, "geometry": { "type": "Polygon", "coordinates": [ [ [ -0.024197, 51.54295 ], [ -0.023932, 51.542965 ], [ -0.023793, 51.542694 ], [ -0.024059, 51.542656 ], [ -0.024197, 51.54295 ] ] ] } },
{ "type": "Feature", "properties": { "Map_Name": "Hair & Wool Works", "First_Date": 0, "Last_Date": 0, "Type": "Fiber", "Products": null, "QualityCon": null, "Full_name": null, "Short_name": null, "Web_Link": null, "London_Fir": 0, "Londo_1st_": 1, "Web_refere": null }, "geometry": { "type": "Polygon", "coordinates": [ [ [ -0.020623, 51.534887 ], [ -0.020231, 51.534985 ], [ -0.019946, 51.535086 ], [ -0.019633, 51.5352 ], [ -0.019597, 51.535204 ], [ -0.019366, 51.53487 ], [ -0.019254, 51.534709 ], [ -0.019269, 51.534546 ], [ -0.019472, 51.534358 ], [ -0.019566, 51.534469 ], [ -0.01986, 51.53445 ], [ -0.020638, 51.534312 ], [ -0.020733, 51.534511 ], [ -0.020471, 51.534564 ], [ -0.020623, 51.534887 ] ] ] } },
{ "type": "Feature", "properties": { "Map_Name": "Chemical Works", "First_Date": 0, "Last_Date": 0, "Type": "Chemical", "Products": null, "QualityCon": null, "Full_name": null, "Short_name": null, "Web_Link": null, "London_Fir": 0, "Londo_1st_": 1, "Web_refere": null }, "geometry": { "type": "Polygon", "coordinates": [ [ [ -0.019141, 51.517475 ], [ -0.018846, 51.517598 ], [ -0.018437, 51.517328 ], [ -0.018697, 51.51718 ], [ -0.019141, 51.517475 ] ] ] } },
{ "type": "Feature", "properties": { "Map_Name": "East London Oil Works", "First_Date": 0, "Last_Date": 0, "Type": "Oil and Petroleum", "Products": null, "QualityCon": null, "Full_name": null, "Short_name": null, "Web_Link": null, "London_Fir": 0, "Londo_1st_": 1, "Web_refere": null }, "geometry": { "type": "Polygon", "coordinates": [ [ [ -0.024876, 51.515151 ], [ -0.024503, 51.515303 ], [ -0.024193, 51.515208 ], [ -0.024352, 51.51495 ], [ -0.024754, 51.515035 ], [ -0.024876, 51.515151 ] ] ] } },
{ "type": "Feature", "properties": { "Map_Name": "Cabinet Works", "First_Date": 0, "Last_Date": 0, "Type": "Furnishings", "Products": null, "QualityCon": null, "Full_name": null, "Short_name": null, "Web_Link": null, "London_Fir": 0, "Londo_1st_": 1, "Web_refere": null }, "geometry": { "type": "Polygon", "coordinates": [ [ [ -0.027523, 51.514038 ], [ -0.027186, 51.513711 ], [ -0.027314, 51.513656 ], [ -0.027388, 51.513709 ], [ -0.027527, 51.513656 ], [ -0.027548, 51.513683 ], [ -0.027504, 51.513695 ], [ -0.027527, 51.513732 ], [ -0.027573, 51.513725 ], [ -0.027645, 51.513835 ], [ -0.027554, 51.513881 ], [ -0.027651, 51.513985 ], [ -0.027523, 51.514038 ] ] ] } },
{ "type": "Feature", "properties": { "Map_Name": "Steam Engine Works", "First_Date": 0, "Last_Date": 0, "Type": "Engineering", "Products": null, "QualityCon": null, "Full_name": null, "Short_name": null, "Web_Link": null, "London_Fir": 0, "Londo_1st_": 1, "Web_refere": null }, "geometry": { "type": "Polygon", "coordinates": [ [ [ -0.034681, 51.509833 ], [ -0.034047, 51.50977 ], [ -0.034107, 51.509523 ], [ -0.034096, 51.509516 ], [ -0.034057, 51.509368 ], [ -0.034059, 51.509239 ], [ -0.034023, 51.508998 ], [ -0.034817, 51.50924 ], [ -0.034681, 51.509833 ] ] ] } },
{ "type": "Feature", "properties": { "Map_Name": "Cooperage", "First_Date": 0, "Last_Date": 0, "Type": "Cooperage", "Products": null, "QualityCon": null, "Full_name": null, "Short_name": null, "Web_Link": null, "London_Fir": 1, "Londo_1st_": 1, "Web_refere": null }, "geometry": { "type": "Polygon", "coordinates": [ [ [ -0.02872, 51.509571 ], [ -0.028296, 51.509581 ], [ -0.028283, 51.509309 ], [ -0.028685, 51.509331 ], [ -0.02872, 51.509571 ] ] ] } },
{ "type": "Feature", "properties": { "Map_Name": "Cooperage", "First_Date": 0, "Last_Date": 0, "Type": "Cooperage", "Products": null, "QualityCon": null, "Full_name": null, "Short_name": null, "Web_Link": null, "London_Fir": 1, "Londo_1st_": 1, "Web_refere": null }, "geometry": { "type": "Polygon", "coordinates": [ [ [ -0.026723, 51.50785 ], [ -0.026223, 51.50779 ], [ -0.026309, 51.507482 ], [ -0.02681, 51.50754 ], [ -0.026723, 51.50785 ] ] ] } },
{ "type": "Feature", "properties": { "Map_Name": "Lime Kiln", "First_Date": 0, "Last_Date": 0, "Type": "Chemical", "Products": null, "QualityCon": null, "Full_name": null, "Short_name": null, "Web_Link": null, "London_Fir": 0, "Londo_1st_": 1, "Web_refere": null }, "geometry": { "type": "Polygon", "coordinates": [ [ [ -0.029962, 51.508637 ], [ -0.02986, 51.508665 ], [ -0.029805, 51.508634 ], [ -0.029776, 51.508536 ], [ -0.029867, 51.508504 ], [ -0.029908, 51.508556 ], [ -0.030009, 51.508546 ], [ -0.030101, 51.508618 ], [ -0.030008, 51.508662 ], [ -0.029962, 51.508637 ] ] ] } },
{ "type": "Feature", "properties": { "Map_Name": "Dry Dock", "First_Date": 0, "Last_Date": 0, "Type": "Shipyard", "Products": null, "QualityCon": null, "Full_name": null, "Short_name": null, "Web_Link": null, "London_Fir": 0, "Londo_1st_": 1, "Web_refere": null }, "geometry": { "type": "Polygon", "coordinates": [ [ [ 0.043319, 51.506262 ], [ 0.043891, 51.506246 ], [ 0.043975, 51.506197 ], [ 0.043969, 51.506176 ], [ 0.044177, 51.506032 ], [ 0.044558, 51.506222 ], [ 0.044719, 51.506219 ], [ 0.045005, 51.506205 ], [ 0.04508, 51.506171 ], [ 0.045102, 51.506138 ], [ 0.04531, 51.505998 ], [ 0.045676, 51.506191 ], [ 0.046278, 51.506175 ], [ 0.046274, 51.506089 ], [ 0.046171, 51.506084 ], [ 0.045708, 51.505828 ], [ 0.044094, 51.505042 ], [ 0.04346, 51.504921 ], [ 0.042766, 51.504883 ], [ 0.04223, 51.504921 ], [ 0.042214, 51.504939 ], [ 0.042249, 51.505228 ], [ 0.042285, 51.505256 ], [ 0.042236, 51.505307 ], [ 0.042168, 51.505451 ], [ 0.043301, 51.506109 ], [ 0.043319, 51.506262 ] ] ] } },
{ "type": "Feature", "properties": { "Map_Name": "Saw Mills", "First_Date": 0, "Last_Date": 0, "Type": "Timber Mill", "Products": null, "QualityCon": null, "Full_name": null, "Short_name": null, "Web_Link": null, "London_Fir": 1, "Londo_1st_": 1, "Web_refere": null }, "geometry": { "type": "Polygon", "coordinates": [ [ [ -0.117667, 51.504854 ], [ -0.117764, 51.504652 ], [ -0.117824, 51.504667 ], [ -0.11784, 51.504636 ], [ -0.117788, 51.504629 ], [ -0.117823, 51.504562 ], [ -0.118358, 51.504666 ], [ -0.118239, 51.504925 ], [ -0.118211, 51.504919 ], [ -0.118189, 51.504961 ], [ -0.118209, 51.504995 ], [ -0.11806, 51.504936 ], [ -0.117667, 51.504854 ] ] ] } },
{ "type": "Feature", "properties": { "Map_Name": "Lead Works", "First_Date": 0, "Last_Date": 0, "Type": "Metal", "Products": null, "QualityCon": null, "Full_name": null, "Short_name": null, "Web_Link": null, "London_Fir": 1, "Londo_1st_": 1, "Web_refere": null }, "geometry": { "type": "Polygon", "coordinates": [ [ [ -0.11215, 51.507668 ], [ -0.111803, 51.50714 ], [ -0.111915, 51.507109 ], [ -0.112013, 51.507169 ], [ -0.11221, 51.507478 ], [ -0.112209, 51.507556 ], [ -0.112222, 51.507648 ], [ -0.11215, 51.507668 ] ] ] } },
{ "type": "Feature", "properties": { "Map_Name": "Atlas Dye Works", "First_Date": 1860, "Last_Date": 0, "Type": "Chemical", "Products": "Dyes", "QualityCon": "1", "Full_name": null, "Short_name": null, "Web_Link": null, "London_Fir": 0, "Londo_1st_": 1, "Web_refere": null }, "geometry": { "type": "Polygon", "coordinates": [ [ [ -0.025339, 51.544716 ], [ -0.025947, 51.545621 ], [ -0.025761, 51.545757 ], [ -0.025601, 51.545777 ], [ -0.025486, 51.54581 ], [ -0.024447, 51.546125 ], [ -0.023793, 51.545663 ], [ -0.02372, 51.54565 ], [ -0.023357, 51.54539 ], [ -0.023009, 51.545121 ], [ -0.02283, 51.544956 ], [ -0.025339, 51.544716 ] ] ] } },
{ "type": "Feature", "properties": { "Map_Name": "Oil and Stearine Works", "First_Date": 1860, "Last_Date": 0, "Type": "Soap Candle Tallow and Oil", "Products": null, "QualityCon": "1", "Full_name": null, "Short_name": "Oil and Stearine Works", "Web_Link": null, "London_Fir": 0, "Londo_1st_": 1, "Web_refere": null }, "geometry": { "type": "Polygon", "coordinates": [ [ [ -0.000692, 51.527593 ], [ 0.00014, 51.527899 ], [ 0.000092, 51.527949 ], [ 0.000092, 51.527979 ], [ 0.000131, 51.528012 ], [ 0.000218, 51.528043 ], [ 0.000542, 51.528133 ], [ 0.000579, 51.52813 ], [ 0.00069, 51.528201 ], [ 0.000814, 51.528144 ], [ 0.000825, 51.528154 ], [ 0.000974, 51.528091 ], [ 0.000961, 51.528076 ], [ 0.000992, 51.528064 ], [ 0.000989, 51.528058 ], [ 0.001014, 51.52805 ], [ 0.00116, 51.528017 ], [ 0.001191, 51.527997 ], [ 0.001227, 51.528017 ], [ 0.001345, 51.52795 ], [ 0.00141, 51.527955 ], [ 0.001376, 51.527924 ], [ 0.00142, 51.527893 ], [ 0.001419, 51.527845 ], [ 0.001387, 51.527818 ], [ 0.0015, 51.527755 ], [ 0.001515, 51.527744 ], [ 0.001133, 51.527643 ], [ 0.000794, 51.52757 ], [ 0.000441, 51.527485 ], [ -0.00006, 51.527366 ], [ -0.000466, 51.527272 ], [ -0.000503, 51.5273 ], [ -0.000557, 51.527383 ], [ -0.000692, 51.527593 ] ] ] } },
{ "type": "Feature", "properties": { "Map_Name": "City of London Brewery", "First_Date": 0, "Last_Date": 0, "Type": "Brewing", "Products": null, "QualityCon": null, "Full_name": null, "Short_name": null, "Web_Link": null, "London_Fir": 1, "Londo_1st_": 1, "Web_refere": null }, "geometry": { "type": "Polygon", "coordinates": [ [ [ -0.09032, 51.510262 ], [ -0.089927, 51.510161 ], [ -0.089777, 51.510103 ], [ -0.089779, 51.51007 ], [ -0.089655, 51.510025 ], [ -0.08944, 51.509967 ], [ -0.089558, 51.509788 ], [ -0.089722, 51.50952 ], [ -0.08982, 51.509352 ], [ -0.08985, 51.509358 ], [ -0.089974, 51.509141 ], [ -0.090164, 51.50916 ], [ -0.090754, 51.509272 ], [ -0.090585, 51.509741 ], [ -0.09032, 51.510262 ] ] ] } },
{ "type": "Feature", "properties": { "Map_Name": "Engineering Works", "First_Date": 0, "Last_Date": 0, "Type": "Engineering", "Products": null, "QualityCon": null, "Full_name": null, "Short_name": null, "Web_Link": null, "London_Fir": 1, "Londo_1st_": 1, "Web_refere": null }, "geometry": { "type": "Polygon", "coordinates": [ [ [ -0.052246, 51.506841 ], [ -0.052103, 51.506944 ], [ -0.052052, 51.506961 ], [ -0.051709, 51.506666 ], [ -0.051881, 51.506574 ], [ -0.052246, 51.506841 ] ] ] } },
{ "type": "Feature", "properties": { "Map_Name": "Artificial Manure Works", "First_Date": 0, "Last_Date": 0, "Type": "Chemical", "Products": null, "QualityCon": null, "Full_name": null, "Short_name": null, "Web_Link": null, "London_Fir": 0, "Londo_1st_": 1, "Web_refere": null }, "geometry": { "type": "Polygon", "coordinates": [ [ [ -0.01149, 51.549902 ], [ -0.011214, 51.549923 ], [ -0.011138, 51.549567 ], [ -0.011398, 51.549557 ], [ -0.01149, 51.549902 ] ] ] } },
{ "type": "Feature", "properties": { "Map_Name": "Alpha Works (White Lead, Paint)", "First_Date": 0, "Last_Date": 0, "Type": "Varnish Colour and Paint", "Products": null, "QualityCon": null, "Full_name": null, "Short_name": null, "Web_Link": null, "London_Fir": 0, "Londo_1st_": 1, "Web_refere": null }, "geometry": { "type": "Polygon", "coordinates": [ [ [ -0.005434, 51.48922 ], [ -0.004752, 51.489062 ], [ -0.003969, 51.488801 ], [ -0.004196, 51.488571 ], [ -0.0055, 51.489077 ], [ -0.005434, 51.48922 ] ] ] } },
{ "type": "Feature", "properties": { "Map_Name": "Boiler Works", "First_Date": 0, "Last_Date": 0, "Type": "Engineering", "Products": null, "QualityCon": null, "Full_name": null, "Short_name": null, "Web_Link": null, "London_Fir": 0, "Londo_1st_": 1, "Web_refere": null }, "geometry": { "type": "Polygon", "coordinates": [ [ [ 0.001674, 51.493903 ], [ 0.000941, 51.494443 ], [ 0.000939, 51.494498 ], [ 0.001191, 51.49469 ], [ 0.00258, 51.495224 ], [ 0.002975, 51.495709 ], [ 0.003304, 51.495534 ], [ 0.00365, 51.495422 ], [ 0.00374, 51.495362 ], [ 0.003219, 51.495031 ], [ 0.003427, 51.494883 ], [ 0.003534, 51.494692 ], [ 0.0036, 51.494393 ], [ 0.001674, 51.493903 ] ] ] } }
]
}
