{"type": "FeatureCollection", "crs": {"type": "name", "properties": {"name": "EPSG:4326"}}, "features": [{"type": "Feature", "id": 6, "geometry": {"type": "MultiPolygon", "coordinates": [[[[-0.007922, 51.519249], [-0.008088, 51.519331], [-0.008233, 51.5194], [-0.008385, 51.519471], [-0.008611, 51.519566], [-0.008836, 51.519662], [-0.008988, 51.519718], [-0.009017, 51.519748], [-0.00904, 51.519786], [-0.009096, 51.519866], [-0.009127, 51.519935], [-0.009164, 51.52002], [-0.009182, 51.520122], [-0.009188, 51.520339], [-0.00918, 51.520653], [-0.009176, 51.520745], [-0.009151, 51.520781], [-0.0091, 51.520871], [-0.009062, 51.520942], [-0.009014, 51.521038], [-0.008963, 51.521164], [-0.008918, 51.521236], [-0.008908, 51.521284], [-0.008907, 51.521324], [-0.008927, 51.521385], [-0.008939, 51.52142], [-0.008917, 51.521427], [-0.008897, 51.521408], [-0.008846, 51.521349], [-0.008826, 51.521344], [-0.00881, 51.521356], [-0.008787, 51.521403], [-0.008752, 51.521464], [-0.008685, 51.521555], [-0.008654, 51.521605], [-0.008649, 51.521639], [-0.008642, 51.521699], [-0.008628, 51.521758], [-0.008595, 51.521813], [-0.008572, 51.521874], [-0.008554, 51.521965], [-0.00852, 51.522131], [-0.008473, 51.522295], [-0.008434, 51.522424], [-0.00843, 51.522424], [-0.00843, 51.522424], [-0.008432, 51.522421], [-0.008175, 51.52242], [-0.008089, 51.522418], [-0.008085, 51.52242], [-0.008082, 51.52242], [-0.008074, 51.522394], [-0.008056, 51.522374], [-0.00802, 51.522357], [-0.007971, 51.522353], [-0.007919, 51.52236], [-0.007848, 51.522409], [-0.007838, 51.522424], [-0.007835, 51.522424], [-0.007805, 51.522462], [-0.007768, 51.522523], [-0.007722, 51.522582], [-0.007714, 51.52261], [-0.007731, 51.52264], [-0.007771, 51.522653], [-0.007813, 51.522662], [-0.00786, 51.522675], [-0.007899, 51.522687], [-0.007921, 51.522692], [-0.007959, 51.522679], [-0.007972, 51.522664], [-0.007973, 51.52264], [-0.007973, 51.522611], [-0.007977, 51.522578], [-0.007993, 51.522546], [-0.00803, 51.5225], [-0.008064, 51.52245], [-0.008083, 51.52242], [-0.008085, 51.52242], [-0.008175, 51.52242], [-0.00843, 51.522424], [-0.00842, 51.522467], [-0.008426, 51.522517], [-0.008425, 51.522539], [-0.008405, 51.522581], [-0.008375, 51.522652], [-0.008346, 51.522736], [-0.008332, 51.522771], [-0.008294, 51.52281], [-0.008275, 51.522848], [-0.008275, 51.522881], [-0.00823, 51.522892], [-0.008189, 51.522878], [-0.008187, 51.522833], [-0.008177, 51.522811], [-0.00816, 51.522789], [-0.008132, 51.522828], [-0.008122, 51.522851], [-0.008109, 51.522921], [-0.008103, 51.52296], [-0.008094, 51.523025], [-0.008068, 51.523027], [-0.008034, 51.523035], [-0.007972, 51.523059], [-0.007911, 51.523089], [-0.007776, 51.523158], [-0.007663, 51.523214], [-0.007585, 51.523259], [-0.007549, 51.523307], [-0.007533, 51.523345], [-0.007523, 51.523386], [-0.007521, 51.523418], [-0.007519, 51.523461], [-0.007527, 51.523525], [-0.007536, 51.523592], [-0.007547, 51.523671], [-0.007557, 51.523766], [-0.007563, 51.523818], [-0.007553, 51.523981], [-0.007553, 51.523981], [-0.007553, 51.52403], [-0.007537, 51.524116], [-0.007515, 51.524272], [-0.007491, 51.524411], [-0.007483, 51.524477], [-0.007468, 51.524558], [-0.007448, 51.524617], [-0.007424, 51.524686], [-0.007401, 51.524744], [-0.007337, 51.524889], [-0.007289, 51.524987], [-0.007236, 51.525096], [-0.007177, 51.525215], [-0.007135, 51.525297], [-0.007086, 51.52539], [-0.007046, 51.525461], [-0.006993, 51.525546], [-0.006969, 51.5256], [-0.006933, 51.525697], [-0.00694, 51.525681], [-0.006932, 51.525699], [-0.0069, 51.525793], [-0.006874, 51.525872], [-0.006858, 51.525976], [-0.006871, 51.52604], [-0.006892, 51.526085], [-0.006949, 51.526155], [-0.007033, 51.526262], [-0.007145, 51.526369], [-0.007287, 51.526486], [-0.007386, 51.526567], [-0.007387, 51.526595], [-0.007486, 51.526681], [-0.007597, 51.526765], [-0.007639, 51.526804], [-0.00768, 51.526869], [-0.00772, 51.526943], [-0.007862, 51.527104], [-0.007975, 51.527236], [-0.007945, 51.527242], [-0.007901, 51.527247], [-0.007688, 51.527258], [-0.007524, 51.527236], [-0.007509, 51.527205], [-0.00748, 51.527089], [-0.007462, 51.52704], [-0.007448, 51.527027], [-0.007416, 51.527023], [-0.007368, 51.527028], [-0.007278, 51.52704], [-0.007221, 51.527054], [-0.007204, 51.527077], [-0.007203, 51.527098], [-0.007131, 51.527108], [-0.007114, 51.527087], [-0.00709, 51.527068], [-0.007054, 51.527049], [-0.00702, 51.526994], [-0.006978, 51.526907], [-0.00693, 51.526798], [-0.006913, 51.526751], [-0.006916, 51.526701], [-0.006879, 51.526603], [-0.006804, 51.52648], [-0.006733, 51.526378], [-0.006683, 51.526326], [-0.006629, 51.526302], [-0.006565, 51.526289], [-0.006452, 51.526269], [-0.006474, 51.526178], [-0.00653, 51.526153], [-0.006562, 51.526094], [-0.006593, 51.526017], [-0.006625, 51.525922], [-0.006619, 51.525891], [-0.00662, 51.525818], [-0.006629, 51.525765], [-0.00663, 51.525765], [-0.006674, 51.525667], [-0.006712, 51.525598], [-0.00675, 51.525539], [-0.006826, 51.525413], [-0.00691, 51.52527], [-0.00703, 51.525046], [-0.007088, 51.524919], [-0.007174, 51.52476], [-0.00726, 51.524628], [-0.00731, 51.524584], [-0.007343, 51.524541], [-0.00736, 51.52449], [-0.007371, 51.524448], [-0.007364, 51.524427], [-0.007348, 51.524397], [-0.007331, 51.524356], [-0.007339, 51.524308], [-0.007353, 51.52425], [-0.007375, 51.524141], [-0.007379, 51.524047], [-0.007379, 51.523979], [-0.007378, 51.523979], [-0.007347, 51.523814], [-0.007332, 51.52353], [-0.007323, 51.523344], [-0.007328, 51.52323], [-0.007338, 51.523187], [-0.00736, 51.523152], [-0.00739, 51.523129], [-0.007446, 51.523062], [-0.007539, 51.522945], [-0.007542, 51.522916], [-0.007563, 51.522872], [-0.007595, 51.52281], [-0.007597, 51.522761], [-0.00757, 51.522721], [-0.007538, 51.522663], [-0.007538, 51.522622], [-0.007569, 51.522564], [-0.007602, 51.522517], [-0.00767, 51.522471], [-0.007703, 51.522425], [-0.007707, 51.522424], [-0.007705, 51.522424], [-0.007719, 51.522403], [-0.007753, 51.522334], [-0.007818, 51.522279], [-0.007911, 51.522247], [-0.008025, 51.52222], [-0.008077, 51.52219], [-0.008097, 51.522134], [-0.008076, 51.522081], [-0.008051, 51.522006], [-0.008096, 51.521941], [-0.008222, 51.521771], [-0.00828, 51.521658], [-0.008328, 51.521594], [-0.008368, 51.521549], [-0.008406, 51.521521], [-0.008502, 51.521472], [-0.008578, 51.521433], [-0.008613, 51.521406], [-0.008652, 51.521357], [-0.008701, 51.52128], [-0.008752, 51.521203], [-0.008801, 51.521128], [-0.00884, 51.521047], [-0.008932, 51.520863], [-0.008944, 51.520806], [-0.00896, 51.520706], [-0.008966, 51.520538], [-0.008941, 51.52041], [-0.008899, 51.520314], [-0.008881, 51.520258], [-0.008887, 51.520198], [-0.008871, 51.520095], [-0.008863, 51.52006], [-0.008816, 51.51999], [-0.008725, 51.519887], [-0.008613, 51.519795], [-0.008541, 51.51974], [-0.00848, 51.519699], [-0.008407, 51.519668], [-0.008323, 51.519628], [-0.008198, 51.519567], [-0.008046, 51.519499], [-0.007921, 51.519436], [-0.007922, 51.519249]]], [[[-0.00537, 51.516425], [-0.005482, 51.516434], [-0.005616, 51.516468], [-0.005705, 51.516509], [-0.005809, 51.516587], [-0.005964, 51.516705], [-0.006077, 51.516847], [-0.006113, 51.516929], [-0.006127, 51.517016], [-0.006137, 51.517159], [-0.006124, 51.517249], [-0.006094, 51.51736], [-0.006054, 51.517475], [-0.006048, 51.517522], [-0.006086, 51.517601], [-0.006165, 51.517776], [-0.006232, 51.517903], [-0.006383, 51.518131], [-0.006554, 51.518337], [-0.006774, 51.518555], [-0.006933, 51.518685], [-0.007046, 51.518766], [-0.007184, 51.518857], [-0.007432, 51.519001], [-0.007718, 51.519152], [-0.00792, 51.519248], [-0.007918, 51.519438], [-0.007873, 51.519419], [-0.007712, 51.519339], [-0.007353, 51.51917], [-0.007201, 51.519097], [-0.006997, 51.51899], [-0.006794, 51.518876], [-0.006739, 51.518837], [-0.006711, 51.518798], [-0.006684, 51.518766], [-0.006653, 51.518711], [-0.006618, 51.518669], [-0.006576, 51.518634], [-0.006527, 51.518608], [-0.006482, 51.518583], [-0.006424, 51.51854], [-0.006387, 51.518494], [-0.006293, 51.518357], [-0.006193, 51.518234], [-0.006069, 51.518077], [-0.005917, 51.517894], [-0.005869, 51.517847], [-0.00582, 51.51781], [-0.005802, 51.51776], [-0.005753, 51.517627], [-0.005735, 51.517556], [-0.005708, 51.51744], [-0.005666, 51.517248], [-0.005617, 51.51706], [-0.005573, 51.51693], [-0.005515, 51.516839], [-0.00548, 51.516797], [-0.005376, 51.516722], [-0.005295, 51.516688], [-0.005207, 51.516661], [-0.005118, 51.516656], [-0.005048, 51.516671], [-0.004963, 51.516695], [-0.004871, 51.516741], [-0.004787, 51.516782], [-0.004653, 51.516866], [-0.004485, 51.517], [-0.004379, 51.517114], [-0.004343, 51.517163], [-0.004291, 51.517242], [-0.004241, 51.51734], [-0.004163, 51.517461], [-0.004091, 51.517588], [-0.004033, 51.51766], [-0.003962, 51.517715], [-0.003863, 51.517779], [-0.003741, 51.517842], [-0.003681, 51.517861], [-0.003517, 51.517891], [-0.003353, 51.517916], [-0.00323, 51.517961], [-0.003054, 51.518015], [-0.002957, 51.518032], [-0.002836, 51.518037], [-0.002762, 51.518043], [-0.002745, 51.518057], [-0.002701, 51.518086], [-0.002633, 51.518107], [-0.002564, 51.518118], [-0.002486, 51.518118], [-0.002398, 51.518103], [-0.002302, 51.518093], [-0.002224, 51.518102], [-0.002188, 51.518128], [-0.002164, 51.518169], [-0.002167, 51.518201], [-0.002225, 51.518242], [-0.002289, 51.518291], [-0.002359, 51.518313], [-0.002434, 51.518318], [-0.002487, 51.518359], [-0.002417, 51.518399], [-0.002125, 51.518209], [-0.00212, 51.518177], [-0.002128, 51.51814], [-0.002131, 51.518087], [-0.002083, 51.518031], [-0.002025, 51.517984], [-0.001969, 51.517973], [-0.001903, 51.517955], [-0.001858, 51.517933], [-0.001789, 51.517902], [-0.00143, 51.517734], [-0.001139, 51.517589], [-0.000823, 51.517434], [-0.000732, 51.517381], [-0.000645, 51.517321], [-0.000513, 51.517242], [-0.000247, 51.517103], [-4.5e-05, 51.517008], [0.000143, 51.516934], [0.000231, 51.516905], [0.000282, 51.516907], [0.000324, 51.516922], [0.000352, 51.516949], [0.000362, 51.516969], [0.000356, 51.516977], [0.000382, 51.517004], [0.000434, 51.516983], [0.000377, 51.516927], [0.000366, 51.516894], [0.000371, 51.516858], [0.000408, 51.516821], [0.000471, 51.516794], [0.000653, 51.516718], [0.00086, 51.516636], [7.3e-05, 51.516634], [-0.000117, 51.516734], [-0.000224, 51.516789], [-0.000439, 51.516901], [-0.000857, 51.517119], [-0.001305, 51.517351], [-0.001596, 51.517496], [-0.001999, 51.5177], [-0.002209, 51.517809], [-0.002335, 51.51787], [-0.002458, 51.517887], [-0.002565, 51.517896], [-0.002709, 51.517903], [-0.002924, 51.5179], [-0.003083, 51.517881], [-0.003293, 51.51782], [-0.003437, 51.517773], [-0.003522, 51.517729], [-0.003567, 51.517689], [-0.003641, 51.517618], [-0.003732, 51.517535], [-0.003819, 51.517415], [-0.003937, 51.517233], [-0.004067, 51.517033], [-0.004168, 51.516914], [-0.004276, 51.516809], [-0.004414, 51.516733], [-0.004566, 51.516656], [-0.004751, 51.516566], [-0.004907, 51.516503], [-0.004983, 51.516481], [-0.005081, 51.516452], [-0.005217, 51.51643], [-0.00537, 51.516425]]], [[[0.009616, 51.506867], [0.008577, 51.507163], [0.008651, 51.507166], [0.008755, 51.507182], [0.00883, 51.507209], [0.008919, 51.507268], [0.00902, 51.507356], [0.009117, 51.507475], [0.009225, 51.507602], [0.0093, 51.50774], [0.00937, 51.507907], [0.009435, 51.508087], [0.009488, 51.508247], [0.009483, 51.508386], [0.009442, 51.508508], [0.009364, 51.508674], [0.009288, 51.508772], [0.009195, 51.508862], [0.009067, 51.508947], [0.008828, 51.509094], [0.008597, 51.50918], [0.00836, 51.509255], [0.008116, 51.509295], [0.007945, 51.509316], [0.007785, 51.509311], [0.007739, 51.509312], [0.007382, 51.50939], [0.007303, 51.509398], [0.007074, 51.509402], [0.006978, 51.509425], [0.006869, 51.509434], [0.006778, 51.509439], [0.006602, 51.509457], [0.006449, 51.509502], [0.006308, 51.50954], [0.006179, 51.509592], [0.005981, 51.509656], [0.005603, 51.509759], [0.005557, 51.509896], [0.005556, 51.509999], [0.005599, 51.510188], [0.005765, 51.510463], [0.005861, 51.510572], [0.005932, 51.510621], [0.005969, 51.510677], [0.006059, 51.510765], [0.006247, 51.510894], [0.006419, 51.511023], [0.006577, 51.511113], [0.006659, 51.511162], [0.006738, 51.511267], [0.00701, 51.511716], [0.007095, 51.511839], [0.007219, 51.512059], [0.007311, 51.51231], [0.007385, 51.512573], [0.007414, 51.512719], [0.00742, 51.512983], [0.007413, 51.51334], [0.007343, 51.513563], [0.007229, 51.513715], [0.006981, 51.513915], [0.006869, 51.513974], [0.006622, 51.514071], [0.006372, 51.514122], [0.006178, 51.514125], [0.006052, 51.51412], [0.005831, 51.514045], [0.005604, 51.513957], [0.005344, 51.513765], [0.005176, 51.513586], [0.005059, 51.513402], [0.005015, 51.513306], [0.004976, 51.513207], [0.004952, 51.513035], [0.004933, 51.512542], [0.00493, 51.512413], [0.004938, 51.512232], [0.004934, 51.512146], [0.004891, 51.512004], [0.004832, 51.511839], [0.00478, 51.511696], [0.004692, 51.511575], [0.004634, 51.511433], [0.004613, 51.511371], [0.004557, 51.511206], [0.004493, 51.51108], [0.004417, 51.510931], [0.004346, 51.510844], [0.004328, 51.510845], [0.004229, 51.510759], [0.004125, 51.510677], [0.004013, 51.510617], [0.003828, 51.510534], [0.003683, 51.510492], [0.003381, 51.510443], [0.003218, 51.510428], [0.002999, 51.510429], [0.002729, 51.510463], [0.002479, 51.51053], [0.002272, 51.510596], [0.002133, 51.510679], [0.002036, 51.510746], [0.001955, 51.510851], [0.001941, 51.511083], [0.001947, 51.511229], [0.001962, 51.511354], [0.001945, 51.511399], [0.001986, 51.511451], [0.002057, 51.511551], [0.002086, 51.511673], [0.00205, 51.511724], [0.00211, 51.511791], [0.002372, 51.512111], [0.002502, 51.51235], [0.002739, 51.512854], [0.002802, 51.51299], [0.002799, 51.513044], [0.002787, 51.513092], [0.002784, 51.513127], [0.002814, 51.513154], [0.00283, 51.513195], [0.002904, 51.513262], [0.003238, 51.513586], [0.003303, 51.513672], [0.003478, 51.513858], [0.003518, 51.513935], [0.003558, 51.513967], [0.003592, 51.513998], [0.003616, 51.514024], [0.003684, 51.514106], [0.003765, 51.514222], [0.003808, 51.514289], [0.003836, 51.514336], [0.003863, 51.514386], [0.003887, 51.514436], [0.003901, 51.514473], [0.003925, 51.514545], [0.003944, 51.514626], [0.003945, 51.514651], [0.003942, 51.514666], [0.003934, 51.514686], [0.003923, 51.514716], [0.003915, 51.51474], [0.003882, 51.514817], [0.003843, 51.514886], [0.003783, 51.514975], [0.003714, 51.515048], [0.003666, 51.515098], [0.003618, 51.515129], [0.003546, 51.515171], [0.003479, 51.515212], [0.00341, 51.515264], [0.003346, 51.515314], [0.00326, 51.515378], [0.003143, 51.515463], [0.003044, 51.515525], [0.002921, 51.515605], [0.002826, 51.515666], [0.00275, 51.515708], [0.002677, 51.515742], [0.002484, 51.515822], [0.002373, 51.515864], [0.002261, 51.515904], [0.002146, 51.515946], [0.001953, 51.516012], [0.001783, 51.516066], [0.001625, 51.516116], [0.001492, 51.516157], [0.001366, 51.516192], [0.001275, 51.51622], [0.001189, 51.516238], [0.001137, 51.516255], [0.001074, 51.516284], [0.001014, 51.51631], [0.000946, 51.516321], [0.000878, 51.516333], [0.0008, 51.516356], [0.000664, 51.516392], [0.000539, 51.516416], [0.000475, 51.516433], [0.000445, 51.516452], [0.000393, 51.516472], [0.000332, 51.516493], [0.000262, 51.516522], [0.000214, 51.51656], [0.000141, 51.516601], [8e-05, 51.516633], [0.000868, 51.516633], [0.000928, 51.516615], [0.000962, 51.5166], [0.001012, 51.516575], [0.001067, 51.516553], [0.001107, 51.516534], [0.001153, 51.516511], [0.001218, 51.51648], [0.001289, 51.51645], [0.001596, 51.516334], [0.001687, 51.5163], [0.001891, 51.516226], [0.002189, 51.516123], [0.002273, 51.516095], [0.00245, 51.516031], [0.002739, 51.51592], [0.002826, 51.515883], [0.002879, 51.515859], [0.00299, 51.515804], [0.003119, 51.515743], [0.003269, 51.515664], [0.003395, 51.515598], [0.003451, 51.515563], [0.003608, 51.515471], [0.003667, 51.515435], [0.003762, 51.515367], [0.003829, 51.515314], [0.003872, 51.515276], [0.003905, 51.51525], [0.003944, 51.515217], [0.003987, 51.515182], [0.004023, 51.51515], [0.004119, 51.515061], [0.004155, 51.515028], [0.004205, 51.514984], [0.004248, 51.51494], [0.004271, 51.514908], [0.004286, 51.514877], [0.004308, 51.514826], [0.004328, 51.514763], [0.004333, 51.514702], [0.00433, 51.51464], [0.004323, 51.514602], [0.004321, 51.514585], [0.004312, 51.514546], [0.004301, 51.514508], [0.004294, 51.514486], [0.00427, 51.514443], [0.004245, 51.514403], [0.004225, 51.514364], [0.004183, 51.514321], [0.004127, 51.514271], [0.004067, 51.51421], [0.004026, 51.514154], [0.003985, 51.514069], [0.00392, 51.513937], [0.003917, 51.513931], [0.003907, 51.513914], [0.003893, 51.513886], [0.003838, 51.513781], [0.003829, 51.51376], [0.003825, 51.513727], [0.003833, 51.513713], [0.003833, 51.513672], [0.003807, 51.513605], [0.003779, 51.513543], [0.003767, 51.513517], [0.003749, 51.513469], [0.00374, 51.513428], [0.003722, 51.513387], [0.003681, 51.513338], [0.003652, 51.513305], [0.003627, 51.513256], [0.003599, 51.513188], [0.003579, 51.513137], [0.003532, 51.513076], [0.00347, 51.51302], [0.003327, 51.512874], [0.003276, 51.512812], [0.003188, 51.512679], [0.003034, 51.512456], [0.002877, 51.512215], [0.002721, 51.512002], [0.002669, 51.511906], [0.002621, 51.511811], [0.002571, 51.511712], [0.00252, 51.511599], [0.002441, 51.5115], [0.002387, 51.51143], [0.002351, 51.511336], [0.002311, 51.511204], [0.002281, 51.511086], [0.002262, 51.510971], [0.002261, 51.510896], [0.002277, 51.510843], [0.0023, 51.51079], [0.002348, 51.510742], [0.002474, 51.510691], [0.002619, 51.510662], [0.002837, 51.510639], [0.003057, 51.510631], [0.00326, 51.510632], [0.003426, 51.510652], [0.003641, 51.510704], [0.003739, 51.510743], [0.003871, 51.510793], [0.003971, 51.510849], [0.004088, 51.510955], [0.004181, 51.511108], [0.004305, 51.511382], [0.00437, 51.511596], [0.004409, 51.511736], [0.004435, 51.511905], [0.004437, 51.51208], [0.004418, 51.51228], [0.004404, 51.512366], [0.004354, 51.512489], [0.004343, 51.512579], [0.00438, 51.51266], [0.004427, 51.51275], [0.004537, 51.512908], [0.004587, 51.513007], [0.004584, 51.513007], [0.004688, 51.513148], [0.004722, 51.513279], [0.004756, 51.513396], [0.004782, 51.513592], [0.00493, 51.51385], [0.005098, 51.514019], [0.005345, 51.514175], [0.005356, 51.514171], [0.005625, 51.514295], [0.005915, 51.514383], [0.006178, 51.5144], [0.006293, 51.514402], [0.006357, 51.514554], [0.006373, 51.514536], [0.006333, 51.514401], [0.006429, 51.514371], [0.006772, 51.514233], [0.007434, 51.513947], [0.007504, 51.513842], [0.007567, 51.513716], [0.007708, 51.513546], [0.00782, 51.513351], [0.007864, 51.513197], [0.007858, 51.512926], [0.007839, 51.512623], [0.007796, 51.512434], [0.007722, 51.512164], [0.007633, 51.51198], [0.007366, 51.51161], [0.007255, 51.511441], [0.007161, 51.511242], [0.007014, 51.511034], [0.006889, 51.510908], [0.006677, 51.510772], [0.006417, 51.510584], [0.006302, 51.510447], [0.006205, 51.510324], [0.006108, 51.51019], [0.006079, 51.510051], [0.006097, 51.50994], [0.006207, 51.509852], [0.00633, 51.50979], [0.006664, 51.509709], [0.00743, 51.509564], [0.007901, 51.509484], [0.00835, 51.509427], [0.008838, 51.509329], [0.009075, 51.509254], [0.009395, 51.50912], [0.009719, 51.508943], [0.009834, 51.508823], [0.009875, 51.508726], [0.009886, 51.508576], [0.009885, 51.50843], [0.00983, 51.508081], [0.00989, 51.508015], [0.009942, 51.507907], [0.00992, 51.507794], [0.009836, 51.50757], [0.00973, 51.507365], [0.009636, 51.507195], [0.009597, 51.507085], [0.009603, 51.506953], [0.009622, 51.506867], [0.009616, 51.506867]]], [[[0.003476, 51.513398], [0.003497, 51.513418], [0.003551, 51.513493], [0.003605, 51.513579], [0.003681, 51.513759], [0.003682, 51.513757], [0.003683, 51.513759], [0.003708, 51.513808], [0.00369, 51.513811], [0.003696, 51.513809], [0.003688, 51.513811], [0.003634, 51.51373], [0.003578, 51.513652], [0.003522, 51.513567], [0.003479, 51.513474], [0.003451, 51.513417], [0.003455, 51.5134], [0.003476, 51.513398]]], [[[0.004604, 51.51234], [0.004614, 51.512365], [0.004649, 51.512463], [0.004666, 51.512569], [0.004686, 51.512757], [0.004697, 51.512877], [0.004707, 51.513014], [0.004702, 51.513014], [0.004661, 51.512952], [0.004564, 51.512824], [0.004501, 51.512711], [0.00447, 51.512637], [0.004465, 51.512584], [0.004481, 51.512527], [0.004552, 51.512419], [0.004604, 51.51234]]]]}, "properties": {"OBJECTID": 6, "Name": "Bow Creek", "Type": "Tidal River", "FirstSeries": 1, "FirstRevision": 1}}, {"type": "Feature", "id": 9, "geometry": {"type": "Polygon", "coordinates": [[[-0.007286, 51.527419], [-0.007316, 51.527452], [-0.007347, 51.527478], [-0.007407, 51.527516], [-0.007477, 51.527554], [-0.007539, 51.527584], [-0.007574, 51.527587], [-0.007616, 51.527581], [-0.007667, 51.527553], [-0.007727, 51.527519], [-0.007753, 51.527503], [-0.007747, 51.527487], [-0.0079, 51.52748], [-0.007901, 51.527961], [-0.007885, 51.527959], [-0.007845, 51.527956], [-0.007816, 51.52796], [-0.007767, 51.527959], [-0.007747, 51.527968], [-0.007725, 51.528], [-0.0077, 51.528049], [-0.007671, 51.528112], [-0.007644, 51.528185], [-0.007567, 51.528328], [-0.007534, 51.528392], [-0.007444, 51.52858], [-0.007388, 51.528713], [-0.007371, 51.528775], [-0.007353, 51.528841], [-0.007326, 51.528927], [-0.007294, 51.529033], [-0.007282, 51.529089], [-0.007282, 51.529158], [-0.007289, 51.529214], [-0.007296, 51.529305], [-0.007293, 51.529358], [-0.007279, 51.529443], [-0.007274, 51.529505], [-0.007271, 51.529571], [-0.007275, 51.529677], [-0.007272, 51.52978], [-0.007282, 51.529823], [-0.007329, 51.53], [-0.007354, 51.53008], [-0.007371, 51.530109], [-0.007398, 51.530108], [-0.007405, 51.530115], [-0.007421, 51.530115], [-0.007427, 51.530139], [-0.007409, 51.530139], [-0.007409, 51.530146], [-0.007385, 51.530152], [-0.00738, 51.53017], [-0.007392, 51.53023], [-0.007418, 51.530293], [-0.007435, 51.530303], [-0.007446, 51.53033], [-0.007498, 51.53043], [-0.007524, 51.530481], [-0.007541, 51.530478], [-0.00755, 51.530502], [-0.007558, 51.530539], [-0.007555, 51.530567], [-0.007539, 51.530577], [-0.007536, 51.530593], [-0.007553, 51.530627], [-0.007599, 51.530716], [-0.007667, 51.53084], [-0.007675, 51.530878], [-0.007678, 51.530926], [-0.007721, 51.530981], [-0.007788, 51.531067], [-0.007868, 51.531216], [-0.007919, 51.531267], [-0.007934, 51.531292], [-0.007958, 51.531357], [-0.008003, 51.531502], [-0.008023, 51.531574], [-0.008054, 51.531684], [-0.008087, 51.5318], [-0.008094, 51.531841], [-0.008079, 51.531863], [-0.008046, 51.531898], [-0.00806, 51.531944], [-0.008088, 51.532013], [-0.008126, 51.532072], [-0.008213, 51.532183], [-0.008237, 51.532237], [-0.008255, 51.532281], [-0.008207, 51.532287], [-0.008232, 51.532366], [-0.008264, 51.532364], [-0.008268, 51.532396], [-0.008272, 51.53251], [-0.008277, 51.532572], [-0.008298, 51.53261], [-0.008325, 51.532637], [-0.008387, 51.532696], [-0.008657, 51.532853], [-0.008593, 51.5329], [-0.008325, 51.532727], [-0.008242, 51.53265], [-0.008181, 51.532594], [-0.008144, 51.532592], [-0.00812, 51.532623], [-0.008022, 51.532757], [-0.007953, 51.532864], [-0.00793, 51.532926], [-0.007917, 51.532963], [-0.00791, 51.533025], [-0.007908, 51.533077], [-0.007923, 51.533176], [-0.007824, 51.533267], [-0.007773, 51.533202], [-0.007787, 51.533074], [-0.007806, 51.53297], [-0.007876, 51.532859], [-0.007962, 51.532718], [-0.008064, 51.53257], [-0.008095, 51.532477], [-0.008095, 51.532377], [-0.008055, 51.532341], [-0.007994, 51.532245], [-0.007955, 51.532175], [-0.007904, 51.532131], [-0.007864, 51.532095], [-0.007824, 51.532042], [-0.007823, 51.531987], [-0.00785, 51.531788], [-0.00787, 51.531588], [-0.007858, 51.531522], [-0.007834, 51.531469], [-0.007795, 51.531406], [-0.007777, 51.531375], [-0.00775, 51.53137], [-0.007699, 51.531326], [-0.007636, 51.531275], [-0.007593, 51.531217], [-0.007559, 51.531119], [-0.007499, 51.531021], [-0.007441, 51.530931], [-0.007388, 51.530854], [-0.007293, 51.530758], [-0.007239, 51.530685], [-0.007204, 51.530604], [-0.007178, 51.530575], [-0.00718, 51.530542], [-0.007156, 51.530486], [-0.007119, 51.530367], [-0.007101, 51.53025], [-0.007117, 51.530229], [-0.007115, 51.530193], [-0.007098, 51.530145], [-0.007066, 51.530088], [-0.007049, 51.530044], [-0.007041, 51.529978], [-0.007059, 51.5299], [-0.007071, 51.529809], [-0.00709, 51.529714], [-0.007081, 51.529574], [-0.007064, 51.529445], [-0.007006, 51.529292], [-0.006998, 51.529213], [-0.007015, 51.529078], [-0.007019, 51.528983], [-0.007053, 51.528917], [-0.007068, 51.528836], [-0.007122, 51.528723], [-0.007128, 51.528663], [-0.007165, 51.528616], [-0.007187, 51.52855], [-0.007211, 51.528422], [-0.007247, 51.528316], [-0.007288, 51.528233], [-0.007334, 51.528143], [-0.007366, 51.528118], [-0.007378, 51.528016], [-0.007364, 51.527908], [-0.007336, 51.527832], [-0.007291, 51.527726], [-0.007232, 51.527595], [-0.007216, 51.52753], [-0.007194, 51.527427], [-0.007286, 51.527419]]]}, "properties": {"OBJECTID": 9, "Name": "Three Mill Wall River", "Type": "Back River", "FirstSeries": 1, "FirstRevision": 1}}, {"type": "Feature", "id": 10, "geometry": {"type": "Polygon", "coordinates": [[[-0.0079, 51.52748], [-0.007923, 51.527478], [-0.007983, 51.527515], [-0.007986, 51.52756], [-0.007991, 51.52762], [-0.007996, 51.527709], [-0.007999, 51.527732], [-0.008031, 51.52776], [-0.008031, 51.52777], [-0.008105, 51.527816], [-0.008175, 51.527855], [-0.008298, 51.527921], [-0.008361, 51.527954], [-0.008444, 51.527986], [-0.008572, 51.528041], [-0.008612, 51.528064], [-0.008653, 51.528098], [-0.008694, 51.528125], [-0.008741, 51.528138], [-0.008783, 51.528141], [-0.008837, 51.528128], [-0.008893, 51.528113], [-0.008899, 51.528104], [-0.008958, 51.528082], [-0.009021, 51.528064], [-0.009034, 51.528071], [-0.009062, 51.528075], [-0.009079, 51.528074], [-0.0091, 51.528058], [-0.009164, 51.52801], [-0.009181, 51.528034], [-0.009223, 51.52808], [-0.009287, 51.52816], [-0.009251, 51.528169], [-0.009192, 51.528176], [-0.009157, 51.52818], [-0.00915, 51.52819], [-0.00915, 51.528223], [-0.009161, 51.528228], [-0.009166, 51.528238], [-0.009155, 51.528243], [-0.009133, 51.528247], [-0.009097, 51.528258], [-0.00907, 51.528278], [-0.009055, 51.528304], [-0.00905, 51.528337], [-0.009061, 51.528377], [-0.009114, 51.528467], [-0.009215, 51.528595], [-0.009266, 51.528663], [-0.009334, 51.528776], [-0.009395, 51.528873], [-0.009501, 51.529006], [-0.009597, 51.52911], [-0.009669, 51.529206], [-0.009742, 51.529302], [-0.009811, 51.5294], [-0.009927, 51.529558], [-0.010017, 51.529671], [-0.010076, 51.529735], [-0.010147, 51.529806], [-0.010236, 51.529896], [-0.010344, 51.529999], [-0.010411, 51.530085], [-0.010439, 51.530127], [-0.010457, 51.530191], [-0.010461, 51.530234], [-0.010459, 51.530288], [-0.010454, 51.53034], [-0.010448, 51.530398], [-0.010435, 51.530456], [-0.010419, 51.530513], [-0.010402, 51.530579], [-0.010389, 51.530668], [-0.010381, 51.530725], [-0.010368, 51.53082], [-0.010345, 51.530899], [-0.010312, 51.530979], [-0.010286, 51.531047], [-0.010259, 51.531114], [-0.010217, 51.531173], [-0.010171, 51.531241], [-0.010118, 51.53131], [-0.010069, 51.53137], [-0.010022, 51.531425], [-0.009969, 51.531481], [-0.009929, 51.531529], [-0.009917, 51.531558], [-0.0099, 51.531602], [-0.009901, 51.531637], [-0.009899, 51.531694], [-0.009905, 51.531734], [-0.009917, 51.531764], [-0.009941, 51.53179], [-0.009979, 51.531826], [-0.010134, 51.53193], [-0.009977, 51.532019], [-0.009848, 51.531912], [-0.009829, 51.531873], [-0.009779, 51.531757], [-0.009771, 51.531739], [-0.00977, 51.531715], [-0.009777, 51.531647], [-0.009782, 51.531591], [-0.009808, 51.531557], [-0.00984, 51.531514], [-0.009894, 51.531429], [-0.009918, 51.531406], [-0.009963, 51.531362], [-0.010033, 51.531294], [-0.010091, 51.531224], [-0.010123, 51.531169], [-0.010149, 51.531108], [-0.010183, 51.530993], [-0.010214, 51.530865], [-0.010237, 51.530768], [-0.010259, 51.530684], [-0.010281, 51.53058], [-0.010305, 51.530512], [-0.010331, 51.53043], [-0.010339, 51.530366], [-0.010332, 51.530311], [-0.0103, 51.530257], [-0.010264, 51.530186], [-0.010226, 51.530127], [-0.010209, 51.530087], [-0.010183, 51.530045], [-0.010139, 51.530003], [-0.010047, 51.529927], [-0.009956, 51.529848], [-0.009911, 51.529792], [-0.009887, 51.529763], [-0.009812, 51.529637], [-0.009728, 51.529525], [-0.009633, 51.529386], [-0.009548, 51.5293], [-0.009457, 51.52918], [-0.00935, 51.52906], [-0.009283, 51.528972], [-0.009181, 51.528839], [-0.009077, 51.528698], [-0.008988, 51.528587], [-0.008939, 51.528518], [-0.008895, 51.528475], [-0.008826, 51.528414], [-0.008753, 51.52836], [-0.008679, 51.528319], [-0.008626, 51.528297], [-0.00857, 51.52826], [-0.008517, 51.528223], [-0.008485, 51.528209], [-0.008422, 51.52819], [-0.008386, 51.528176], [-0.008358, 51.528137], [-0.008324, 51.528116], [-0.008273, 51.528091], [-0.00817, 51.528045], [-0.008102, 51.528012], [-0.007982, 51.52799], [-0.007934, 51.527984], [-0.007901, 51.527961], [-0.0079, 51.52748]]]}, "properties": {"OBJECTID": 10, "Name": "Three Mills Back River", "Type": "Back River", "FirstSeries": 1, "FirstRevision": 1}}, {"type": "Feature", "id": 11, "geometry": {"type": "Polygon", "coordinates": [[[-0.009582, 51.532486], [-0.009514, 51.532501], [-0.009488, 51.532519], [-0.009438, 51.532554], [-0.009407, 51.532575], [-0.009359, 51.532606], [-0.009343, 51.532618], [-0.009343, 51.532631], [-0.009332, 51.532719], [-0.009306, 51.532967], [-0.009306, 51.53299], [-0.009282, 51.533001], [-0.009266, 51.533006], [-0.009196, 51.533013], [-0.009042, 51.532999], [-0.00892, 51.532987], [-0.008895, 51.532988], [-0.008861, 51.532994], [-0.008846, 51.533007], [-0.008796, 51.533051], [-0.008751, 51.533088], [-0.008672, 51.533159], [-0.008588, 51.533226], [-0.008515, 51.533294], [-0.008483, 51.533323], [-0.00849, 51.533342], [-0.008499, 51.533363], [-0.008462, 51.533386], [-0.008392, 51.533432], [-0.008329, 51.53347], [-0.008308, 51.533482], [-0.008268, 51.533489], [-0.008249, 51.533495], [-0.008236, 51.533608], [-0.008224, 51.533692], [-0.008178, 51.533743], [-0.008154, 51.533775], [-0.00813, 51.533795], [-0.008146, 51.533807], [-0.008135, 51.533819], [-0.008116, 51.533812], [-0.008022, 51.533897], [-0.007993, 51.533927], [-0.007938, 51.533987], [-0.007892, 51.534036], [-0.007832, 51.534099], [-0.007808, 51.534123], [-0.007772, 51.534162], [-0.007747, 51.534184], [-0.007702, 51.534219], [-0.007635, 51.534265], [-0.007498, 51.534354], [-0.007466, 51.534379], [-0.007416, 51.534419], [-0.007388, 51.534447], [-0.007336, 51.534481], [-0.007267, 51.534521], [-0.007228, 51.534549], [-0.007183, 51.534574], [-0.007159, 51.534594], [-0.007113, 51.53463], [-0.007078, 51.534656], [-0.007049, 51.534669], [-0.007012, 51.534695], [-0.006967, 51.534726], [-0.006946, 51.534752], [-0.006928, 51.534777], [-0.006909, 51.53481], [-0.006892, 51.534844], [-0.006887, 51.53486], [-0.006888, 51.534885], [-0.006891, 51.534926], [-0.006899, 51.534949], [-0.006919, 51.53499], [-0.006952, 51.535037], [-0.00699, 51.535083], [-0.007052, 51.535163], [-0.0071, 51.535223], [-0.007078, 51.535236], [-0.007058, 51.535253], [-0.007029, 51.535279], [-0.006989, 51.535294], [-0.006894, 51.535321], [-0.006841, 51.535331], [-0.006825, 51.535339], [-0.006826, 51.535349], [-0.006869, 51.53542], [-0.006777, 51.535434], [-0.006741, 51.535345], [-0.00673, 51.535348], [-0.006726, 51.535343], [-0.006716, 51.535337], [-0.006705, 51.535339], [-0.006697, 51.535344], [-0.006699, 51.535355], [-0.006692, 51.535359], [-0.00671, 51.535401], [-0.006633, 51.535415], [-0.006604, 51.535336], [-0.006595, 51.535328], [-0.006564, 51.535311], [-0.006522, 51.535283], [-0.006479, 51.535259], [-0.00646, 51.535253], [-0.006434, 51.535244], [-0.006413, 51.535248], [-0.006377, 51.535256], [-0.006354, 51.535266], [-0.006334, 51.535275], [-0.006319, 51.535287], [-0.006279, 51.535322], [-0.006224, 51.535381], [-0.00616, 51.535437], [-0.006108, 51.53542], [-0.006017, 51.535374], [-0.00621, 51.535231], [-0.006394, 51.535096], [-0.006505, 51.535005], [-0.006574, 51.534942], [-0.006606, 51.534907], [-0.006633, 51.534859], [-0.006673, 51.534795], [-0.006687, 51.534764], [-0.006708, 51.534722], [-0.006738, 51.534697], [-0.006795, 51.534655], [-0.00685, 51.534616], [-0.006919, 51.53457], [-0.007007, 51.534501], [-0.007068, 51.534455], [-0.007175, 51.534394], [-0.007187, 51.534394], [-0.007263, 51.534356], [-0.007346, 51.534311], [-0.00749, 51.534225], [-0.007564, 51.534165], [-0.007672, 51.534084], [-0.007739, 51.534025], [-0.007768, 51.533977], [-0.007826, 51.533876], [-0.007843, 51.533845], [-0.00789, 51.533803], [-0.007927, 51.533776], [-0.008008, 51.533719], [-0.008082, 51.533594], [-0.008089, 51.533577], [-0.008072, 51.533471], [-0.007976, 51.53337], [-0.007824, 51.533267], [-0.007923, 51.533176], [-0.008086, 51.533292], [-0.008105, 51.533301], [-0.008214, 51.533354], [-0.008249, 51.533372], [-0.008291, 51.533338], [-0.008393, 51.533258], [-0.008462, 51.533202], [-0.008513, 51.533161], [-0.008641, 51.533057], [-0.008731, 51.532983], [-0.008732, 51.532971], [-0.008686, 51.532944], [-0.008662, 51.532931], [-0.008655, 51.532933], [-0.008649, 51.532931], [-0.008593, 51.5329], [-0.008657, 51.532853], [-0.008677, 51.532854], [-0.008706, 51.532851], [-0.008751, 51.532824], [-0.008825, 51.532781], [-0.008919, 51.532725], [-0.009035, 51.532658], [-0.009231, 51.532532], [-0.009327, 51.532483], [-0.009415, 51.532463], [-0.009482, 51.532458], [-0.009549, 51.532445], [-0.009582, 51.532486]]]}, "properties": {"OBJECTID": 11, "Name": "Waterworks River", "Type": "Back River", "FirstSeries": 1, "FirstRevision": 1}}, {"type": "Feature", "id": 12, "geometry": {"type": "Polygon", "coordinates": [[[-0.006782, 51.535443], [-0.006776, 51.535437], [-0.00687, 51.535428], [-0.006889, 51.535469], [-0.006904, 51.535475], [-0.006958, 51.53547], [-0.007022, 51.535475], [-0.007068, 51.535481], [-0.007094, 51.535491], [-0.007093, 51.535523], [-0.00711, 51.535567], [-0.007143, 51.535646], [-0.007197, 51.535725], [-0.007237, 51.535794], [-0.007255, 51.535828], [-0.007286, 51.535859], [-0.007347, 51.535911], [-0.007406, 51.535952], [-0.007514, 51.536012], [-0.007624, 51.536075], [-0.007754, 51.536146], [-0.007875, 51.536215], [-0.008075, 51.536318], [-0.008256, 51.536413], [-0.008457, 51.536517], [-0.008648, 51.536611], [-0.008735, 51.536657], [-0.008869, 51.536736], [-0.00901, 51.536828], [-0.00918, 51.53695], [-0.009225, 51.536982], [-0.009226, 51.536994], [-0.009475, 51.537139], [-0.009566, 51.5372], [-0.00965, 51.537255], [-0.009693, 51.537275], [-0.009772, 51.537305], [-0.009905, 51.537358], [-0.010017, 51.53741], [-0.010099, 51.537458], [-0.010141, 51.5375], [-0.010193, 51.537564], [-0.010222, 51.537595], [-0.010246, 51.53763], [-0.010278, 51.537688], [-0.010303, 51.537753], [-0.010335, 51.537825], [-0.010365, 51.537904], [-0.010402, 51.537985], [-0.01042, 51.538045], [-0.010524, 51.538216], [-0.010598, 51.538341], [-0.010646, 51.538429], [-0.010711, 51.538545], [-0.010788, 51.538675], [-0.010839, 51.538766], [-0.01091, 51.538884], [-0.010996, 51.539024], [-0.011043, 51.539118], [-0.01112, 51.539226], [-0.011156, 51.53928], [-0.011209, 51.539341], [-0.011253, 51.539413], [-0.011308, 51.53947], [-0.01138, 51.539536], [-0.011444, 51.539589], [-0.011516, 51.539649], [-0.01159, 51.539702], [-0.011638, 51.539735], [-0.011688, 51.539774], [-0.011835, 51.539908], [-0.012005, 51.54008], [-0.012136, 51.540211], [-0.012216, 51.540302], [-0.012311, 51.540406], [-0.012356, 51.540461], [-0.01243, 51.54052], [-0.012534, 51.540594], [-0.012587, 51.540635], [-0.012619, 51.540652], [-0.012748, 51.540702], [-0.012866, 51.540751], [-0.012978, 51.540805], [-0.013141, 51.540886], [-0.013307, 51.540961], [-0.013496, 51.54105], [-0.013623, 51.541109], [-0.013728, 51.541167], [-0.013879, 51.541248], [-0.014003, 51.541321], [-0.014106, 51.541382], [-0.014355, 51.541534], [-0.014577, 51.541674], [-0.014695, 51.541734], [-0.014813, 51.541783], [-0.014992, 51.541877], [-0.015254, 51.542006], [-0.015358, 51.542069], [-0.015404, 51.542106], [-0.015435, 51.542141], [-0.015455, 51.542161], [-0.015596, 51.542207], [-0.015739, 51.54225], [-0.015904, 51.54231], [-0.015998, 51.542359], [-0.01605, 51.542383], [-0.016086, 51.542387], [-0.016086, 51.542472], [-0.016067, 51.54248], [-0.016062, 51.542496], [-0.016066, 51.542534], [-0.01607, 51.542634], [-0.016082, 51.542785], [-0.016101, 51.542932], [-0.016111, 51.543089], [-0.016123, 51.543242], [-0.015994, 51.543215], [-0.015943, 51.542695], [-0.015916, 51.54253], [-0.015835, 51.542446], [-0.015697, 51.542366], [-0.015499, 51.542277], [-0.015364, 51.542218], [-0.015204, 51.542117], [-0.015038, 51.54203], [-0.014975, 51.541999], [-0.014956, 51.541974], [-0.014879, 51.541944], [-0.014729, 51.541882], [-0.014483, 51.541742], [-0.014021, 51.541474], [-0.0139, 51.541404], [-0.013495, 51.541191], [-0.013153, 51.541011], [-0.012937, 51.540911], [-0.012728, 51.540814], [-0.012526, 51.540725], [-0.01237, 51.540634], [-0.012244, 51.540543], [-0.0122, 51.54049], [-0.012148, 51.54043], [-0.012134, 51.540435], [-0.012006, 51.540311], [-0.011835, 51.540155], [-0.011835, 51.540141], [-0.011859, 51.54013], [-0.011804, 51.540069], [-0.011628, 51.539901], [-0.011512, 51.539784], [-0.011413, 51.539689], [-0.011245, 51.539559], [-0.011084, 51.539415], [-0.011002, 51.539302], [-0.010931, 51.539188], [-0.010952, 51.539182], [-0.010937, 51.539161], [-0.010914, 51.539162], [-0.010816, 51.539006], [-0.010773, 51.53898], [-0.010722, 51.538897], [-0.010601, 51.538687], [-0.01049, 51.538495], [-0.010392, 51.538325], [-0.010418, 51.538318], [-0.010298, 51.538128], [-0.010285, 51.538092], [-0.010246, 51.53799], [-0.010172, 51.537817], [-0.010083, 51.537652], [-0.010048, 51.53761], [-0.010022, 51.537568], [-0.009967, 51.537517], [-0.009896, 51.537467], [-0.009795, 51.537421], [-0.009703, 51.537387], [-0.009574, 51.537336], [-0.009438, 51.537262], [-0.009378, 51.537229], [-0.009118, 51.537086], [-0.009092, 51.537057], [-0.009057, 51.537029], [-0.009009, 51.536981], [-0.008933, 51.536934], [-0.008837, 51.536868], [-0.008672, 51.536771], [-0.008545, 51.5367], [-0.008444, 51.536649], [-0.008285, 51.536565], [-0.008222, 51.536541], [-0.008103, 51.536479], [-0.007938, 51.536396], [-0.007754, 51.53631], [-0.007534, 51.536192], [-0.007309, 51.536053], [-0.007105, 51.535915], [-0.006936, 51.535799], [-0.006862, 51.535715], [-0.006772, 51.53561], [-0.006707, 51.53554], [-0.006705, 51.535524], [-0.006732, 51.535495], [-0.006766, 51.535491], [-0.006784, 51.535496], [-0.006796, 51.53549], [-0.00679, 51.535471], [-0.006782, 51.535443]]]}, "properties": {"OBJECTID": 12, "Name": "Waterworks River", "Type": "Back River", "FirstSeries": 1, "FirstRevision": 1}}, {"type": "Feature", "id": 13, "geometry": {"type": "MultiPolygon", "coordinates": [[[[-0.016223, 51.544705], [-0.016222, 51.544703], [-0.016226, 51.544711], [-0.016223, 51.544705]]], [[[-0.015994, 51.543215], [-0.016123, 51.543242], [-0.016109, 51.543329], [-0.016108, 51.543434], [-0.016101, 51.543541], [-0.016101, 51.543586], [-0.016115, 51.543622], [-0.016112, 51.543697], [-0.016116, 51.543811], [-0.016121, 51.543887], [-0.016131, 51.543964], [-0.016139, 51.543996], [-0.016155, 51.544025], [-0.016161, 51.544054], [-0.016146, 51.544092], [-0.016146, 51.544129], [-0.016143, 51.544167], [-0.016164, 51.544203], [-0.016186, 51.544236], [-0.016196, 51.544292], [-0.016201, 51.54436], [-0.016184, 51.544447], [-0.016185, 51.544518], [-0.016189, 51.544599], [-0.016193, 51.544633], [-0.016223, 51.544705], [-0.016262, 51.544807], [-0.016298, 51.544888], [-0.016325, 51.544939], [-0.016366, 51.545039], [-0.016464, 51.54508], [-0.016509, 51.545083], [-0.016564, 51.545087], [-0.01661, 51.545099], [-0.016646, 51.545099], [-0.016734, 51.5451], [-0.016758, 51.545109], [-0.016794, 51.545111], [-0.016811, 51.545218], [-0.016786, 51.545221], [-0.016746, 51.545218], [-0.016702, 51.545214], [-0.01662, 51.54521], [-0.016565, 51.545208], [-0.016488, 51.545233], [-0.016456, 51.545263], [-0.016435, 51.545299], [-0.016429, 51.545341], [-0.016413, 51.545366], [-0.016408, 51.545396], [-0.016406, 51.545436], [-0.016417, 51.545461], [-0.016414, 51.545473], [-0.016409, 51.545499], [-0.016402, 51.545538], [-0.016403, 51.545592], [-0.016396, 51.545666], [-0.016386, 51.545759], [-0.016375, 51.545806], [-0.016356, 51.545839], [-0.016344, 51.545894], [-0.016337, 51.545936], [-0.016316, 51.545986], [-0.016294, 51.546041], [-0.016258, 51.546086], [-0.016249, 51.546152], [-0.016234, 51.546197], [-0.0162, 51.546277], [-0.016166, 51.546393], [-0.016149, 51.546447], [-0.016129, 51.5465], [-0.016122, 51.546525], [-0.016125, 51.546544], [-0.016117, 51.546562], [-0.016106, 51.546592], [-0.016118, 51.546615], [-0.016096, 51.546639], [-0.016088, 51.546657], [-0.016094, 51.546698], [-0.016061, 51.546757], [-0.016071, 51.546789], [-0.016048, 51.546822], [-0.016043, 51.54686], [-0.016036, 51.546917], [-0.016034, 51.546968], [-0.016022, 51.546983], [-0.016015, 51.547013], [-0.016012, 51.547036], [-0.015999, 51.547077], [-0.016006, 51.547095], [-0.016003, 51.547112], [-0.016014, 51.547122], [-0.016015, 51.547158], [-0.016014, 51.547181], [-0.01603, 51.547202], [-0.016019, 51.547225], [-0.016024, 51.547254], [-0.016028, 51.54728], [-0.016018, 51.547293], [-0.016018, 51.547331], [-0.016032, 51.547367], [-0.016065, 51.547412], [-0.016076, 51.547448], [-0.016068, 51.547474], [-0.01609, 51.547519], [-0.016103, 51.547539], [-0.016088, 51.547569], [-0.016098, 51.547602], [-0.016096, 51.547621], [-0.016103, 51.547663], [-0.016102, 51.547697], [-0.016108, 51.547728], [-0.016116, 51.547801], [-0.016123, 51.547824], [-0.016129, 51.547853], [-0.016128, 51.547924], [-0.016142, 51.547959], [-0.016145, 51.54801], [-0.016149, 51.548049], [-0.016163, 51.548095], [-0.016186, 51.548133], [-0.016194, 51.548155], [-0.016195, 51.548195], [-0.016226, 51.548216], [-0.016243, 51.548266], [-0.016253, 51.548341], [-0.016266, 51.548362], [-0.016255, 51.548384], [-0.01627, 51.5484], [-0.016297, 51.548472], [-0.016327, 51.548524], [-0.016339, 51.548562], [-0.016357, 51.548594], [-0.016361, 51.548626], [-0.016389, 51.548683], [-0.016416, 51.548713], [-0.016429, 51.548737], [-0.01642, 51.548762], [-0.016431, 51.548775], [-0.016464, 51.548808], [-0.01647, 51.548839], [-0.016486, 51.548855], [-0.016511, 51.548939], [-0.016528, 51.548999], [-0.01653, 51.549049], [-0.016525, 51.549066], [-0.016529, 51.549102], [-0.016525, 51.549148], [-0.016536, 51.549207], [-0.016555, 51.5493], [-0.016579, 51.549413], [-0.016625, 51.54953], [-0.016652, 51.549578], [-0.016729, 51.54964], [-0.016804, 51.549707], [-0.016923, 51.54983], [-0.017014, 51.549921], [-0.017105, 51.550028], [-0.01715, 51.550052], [-0.017141, 51.550092], [-0.017164, 51.550122], [-0.017181, 51.550182], [-0.017208, 51.550255], [-0.017211, 51.550313], [-0.017221, 51.5504], [-0.017216, 51.550458], [-0.017208, 51.550521], [-0.017203, 51.550599], [-0.017217, 51.55065], [-0.01725, 51.550696], [-0.017304, 51.550776], [-0.017333, 51.550842], [-0.017354, 51.550924], [-0.017394, 51.550985], [-0.017457, 51.551063], [-0.017552, 51.551162], [-0.01763, 51.551292], [-0.017603, 51.551301], [-0.017528, 51.551198], [-0.017444, 51.551108], [-0.017415, 51.55107], [-0.01738, 51.551033], [-0.017303, 51.550961], [-0.017275, 51.550951], [-0.017312, 51.551276], [-0.017297, 51.551273], [-0.0173, 51.55129], [-0.017254, 51.551351], [-0.017236, 51.551355], [-0.017238, 51.551443], [-0.017162, 51.55144], [-0.01715, 51.551401], [-0.017105, 51.551398], [-0.017079, 51.551385], [-0.017049, 51.551357], [-0.01701, 51.551296], [-0.016961, 51.551186], [-0.016949, 51.551151], [-0.017022, 51.550971], [-0.017042, 51.550963], [-0.017093, 51.550963], [-0.017116, 51.550909], [-0.0171, 51.550795], [-0.017054, 51.550713], [-0.016991, 51.550595], [-0.016976, 51.550541], [-0.017045, 51.550488], [-0.01706, 51.550487], [-0.017058, 51.550412], [-0.017061, 51.550294], [-0.017042, 51.550212], [-0.01701, 51.550078], [-0.016951, 51.550028], [-0.016837, 51.549915], [-0.016751, 51.549802], [-0.016643, 51.549723], [-0.01659, 51.549672], [-0.016561, 51.549605], [-0.016494, 51.549562], [-0.016449, 51.549453], [-0.016409, 51.549329], [-0.016391, 51.549246], [-0.016373, 51.549138], [-0.016369, 51.549084], [-0.016347, 51.548991], [-0.016275, 51.548807], [-0.016191, 51.548631], [-0.01611, 51.548443], [-0.016058, 51.548316], [-0.016018, 51.54819], [-0.015985, 51.548051], [-0.015954, 51.547932], [-0.015928, 51.54778], [-0.015916, 51.547691], [-0.015892, 51.547561], [-0.015847, 51.547432], [-0.015809, 51.547276], [-0.015825, 51.547252], [-0.015821, 51.547189], [-0.015804, 51.547141], [-0.015826, 51.547108], [-0.015823, 51.547073], [-0.015825, 51.547026], [-0.015849, 51.546962], [-0.015872, 51.546873], [-0.015895, 51.546765], [-0.015912, 51.546717], [-0.015938, 51.546608], [-0.015935, 51.546538], [-0.015945, 51.546517], [-0.015961, 51.546475], [-0.015962, 51.546438], [-0.015978, 51.546374], [-0.016018, 51.5463], [-0.016031, 51.546246], [-0.01605, 51.546132], [-0.016064, 51.546119], [-0.016073, 51.5461], [-0.016121, 51.545897], [-0.016163, 51.545799], [-0.016214, 51.545751], [-0.016238, 51.545665], [-0.016248, 51.545568], [-0.016251, 51.545508], [-0.016242, 51.545464], [-0.016241, 51.545451], [-0.016255, 51.545417], [-0.016256, 51.545366], [-0.016255, 51.545225], [-0.016244, 51.545135], [-0.016236, 51.545107], [-0.016216, 51.54508], [-0.016202, 51.545055], [-0.016134, 51.544927], [-0.016086, 51.544812], [-0.016042, 51.544714], [-0.016028, 51.544663], [-0.016022, 51.544619], [-0.016017, 51.544559], [-0.016019, 51.544448], [-0.01603, 51.544384], [-0.016034, 51.544317], [-0.016026, 51.544251], [-0.016021, 51.544163], [-0.016003, 51.544145], [-0.015999, 51.544125], [-0.015979, 51.544051], [-0.015977, 51.543935], [-0.015972, 51.543873], [-0.01595, 51.543753], [-0.015949, 51.543689], [-0.015952, 51.54363], [-0.015935, 51.543484], [-0.015952, 51.543456], [-0.015964, 51.543339], [-0.015994, 51.543215]]]]}, "properties": {"OBJECTID": 13, "Name": "Waterworks River", "Type": "Back River", "FirstSeries": 1, "FirstRevision": 1}}, {"type": "Feature", "id": 15, "geometry": {"type": "Polygon", "coordinates": [[[-0.023827, 51.557327], [-0.023701, 51.557549], [-0.023603, 51.557436], [-0.023537, 51.557364], [-0.023455, 51.557312], [-0.023401, 51.557287], [-0.023204, 51.55724], [-0.023013, 51.557191], [-0.022848, 51.55715], [-0.022739, 51.557124], [-0.022588, 51.557074], [-0.022417, 51.557002], [-0.022277, 51.556955], [-0.022147, 51.556896], [-0.022066, 51.556866], [-0.021739, 51.556745], [-0.021423, 51.556631], [-0.02109, 51.556498], [-0.020761, 51.55637], [-0.020595, 51.556284], [-0.02042, 51.556211], [-0.020195, 51.556113], [-0.019876, 51.555978], [-0.019793, 51.555944], [-0.019749, 51.555933], [-0.019691, 51.555912], [-0.019567, 51.555804], [-0.019481, 51.555682], [-0.019422, 51.555563], [-0.019372, 51.555503], [-0.019304, 51.555442], [-0.019194, 51.555385], [-0.01905, 51.555333], [-0.018896, 51.555292], [-0.018805, 51.555266], [-0.018703, 51.555242], [-0.018658, 51.555238], [-0.018575, 51.555245], [-0.018491, 51.555227], [-0.018366, 51.555157], [-0.018245, 51.555035], [-0.018187, 51.554936], [-0.01819, 51.554879], [-0.018179, 51.554824], [-0.018134, 51.554697], [-0.01801, 51.554439], [-0.017906, 51.554256], [-0.01785, 51.554171], [-0.017748, 51.553979], [-0.017672, 51.553827], [-0.017645, 51.553772], [-0.017527, 51.553524], [-0.01748, 51.553404], [-0.017435, 51.553287], [-0.017406, 51.553161], [-0.017378, 51.553016], [-0.017348, 51.552863], [-0.017306, 51.552663], [-0.017293, 51.552602], [-0.017256, 51.552399], [-0.017217, 51.552189], [-0.017194, 51.552087], [-0.017171, 51.551974], [-0.017171, 51.551877], [-0.017157, 51.551776], [-0.017161, 51.551641], [-0.017164, 51.55146], [-0.017242, 51.551459], [-0.017251, 51.551561], [-0.017267, 51.551624], [-0.017317, 51.551776], [-0.017323, 51.551906], [-0.017349, 51.552142], [-0.017437, 51.552545], [-0.017479, 51.552733], [-0.017487, 51.552814], [-0.017518, 51.552907], [-0.017545, 51.553113], [-0.017608, 51.553367], [-0.017628, 51.553427], [-0.017751, 51.553644], [-0.017897, 51.553935], [-0.018028, 51.554181], [-0.018096, 51.554303], [-0.018165, 51.554409], [-0.018176, 51.554456], [-0.01822, 51.554555], [-0.018261, 51.554603], [-0.018297, 51.554729], [-0.018314, 51.554807], [-0.018334, 51.554878], [-0.018377, 51.554956], [-0.018427, 51.555014], [-0.018472, 51.555076], [-0.018522, 51.555137], [-0.018567, 51.555159], [-0.018637, 51.555175], [-0.01876, 51.555193], [-0.018965, 51.555232], [-0.019139, 51.555282], [-0.019344, 51.555351], [-0.019423, 51.555388], [-0.019469, 51.555436], [-0.019501, 51.555482], [-0.019522, 51.555534], [-0.019544, 51.555603], [-0.01958, 51.55568], [-0.019623, 51.55574], [-0.01973, 51.555803], [-0.019853, 51.555869], [-0.020046, 51.555954], [-0.020368, 51.556079], [-0.020715, 51.556225], [-0.020913, 51.556307], [-0.021097, 51.556391], [-0.021236, 51.556452], [-0.021755, 51.556638], [-0.022041, 51.556745], [-0.022392, 51.556887], [-0.022634, 51.556971], [-0.022939, 51.557066], [-0.023192, 51.557133], [-0.023333, 51.557154], [-0.02342, 51.557165], [-0.023506, 51.557187], [-0.023567, 51.557214], [-0.023638, 51.557256], [-0.023692, 51.55729], [-0.023763, 51.557321], [-0.023802, 51.557335], [-0.023827, 51.557327]]]}, "properties": {"OBJECTID": 15, "Name": "Waterworks River", "Type": "Back River", "FirstSeries": 1, "FirstRevision": 1}}, {"type": "Feature", "id": 16, "geometry": {"type": "Polygon", "coordinates": [[[-0.016617, 51.541251], [-0.016375, 51.541295], [-0.016343, 51.541247], [-0.016276, 51.5412], [-0.016056, 51.541082], [-0.015736, 51.540901], [-0.015595, 51.540792], [-0.015359, 51.540609], [-0.015152, 51.54046], [-0.014993, 51.540334], [-0.014772, 51.540161], [-0.014502, 51.539955], [-0.014202, 51.539754], [-0.013962, 51.539562], [-0.0138, 51.539431], [-0.013683, 51.539327], [-0.01361, 51.539242], [-0.013594, 51.539166], [-0.013605, 51.539102], [-0.01363, 51.539052], [-0.013724, 51.538992], [-0.01389, 51.538859], [-0.014003, 51.538709], [-0.014044, 51.538643], [-0.014125, 51.538463], [-0.014198, 51.538277], [-0.014271, 51.538002], [-0.014318, 51.537796], [-0.014373, 51.537587], [-0.014392, 51.537485], [-0.014388, 51.537411], [-0.014342, 51.537327], [-0.014256, 51.537212], [-0.014171, 51.537129], [-0.013983, 51.536898], [-0.013791, 51.536657], [-0.013641, 51.536509], [-0.013464, 51.536375], [-0.013101, 51.536117], [-0.01276, 51.535899], [-0.012499, 51.535754], [-0.012294, 51.535656], [-0.011956, 51.535533], [-0.011641, 51.535388], [-0.011514, 51.53534], [-0.011373, 51.535252], [-0.011281, 51.535172], [-0.011123, 51.535034], [-0.010986, 51.534858], [-0.01079, 51.534695], [-0.010591, 51.534551], [-0.010301, 51.534363], [-0.009994, 51.534142], [-0.009833, 51.533989], [-0.009645, 51.533765], [-0.00942, 51.533487], [-0.009375, 51.533394], [-0.009355, 51.533322], [-0.009309, 51.533228], [-0.009409, 51.533213], [-0.009495, 51.533353], [-0.009577, 51.533297], [-0.00963, 51.533229], [-0.009723, 51.533181], [-0.009859, 51.533133], [-0.009937, 51.533084], [-0.009984, 51.532983], [-0.009977, 51.532868], [-0.009966, 51.532771], [-0.009984, 51.532721], [-0.009977, 51.532619], [-0.009967, 51.532497], [-0.00995, 51.532447], [-0.009895, 51.532403], [-0.009845, 51.5324], [-0.009683, 51.532457], [-0.009597, 51.532488], [-0.009589, 51.532487], [-0.009582, 51.532486], [-0.009549, 51.532445], [-0.009553, 51.532442], [-0.009621, 51.532402], [-0.009635, 51.532394], [-0.009721, 51.532344], [-0.009803, 51.532297], [-0.009849, 51.532267], [-0.009872, 51.532247], [-0.009926, 51.532192], [-0.009955, 51.532161], [-0.009959, 51.532154], [-0.009972, 51.53213], [-0.00998, 51.532115], [-0.009985, 51.532089], [-0.009979, 51.53203], [-0.009977, 51.532019], [-0.010134, 51.53193], [-0.010151, 51.531942], [-0.01016, 51.531944], [-0.010172, 51.531944], [-0.010235, 51.532034], [-0.010191, 51.532062], [-0.010142, 51.532107], [-0.010094, 51.532177], [-0.010081, 51.532216], [-0.010085, 51.532274], [-0.01012, 51.532577], [-0.010125, 51.532616], [-0.01013, 51.532661], [-0.010135, 51.532681], [-0.010145, 51.532683], [-0.010168, 51.532681], [-0.01018, 51.532675], [-0.010216, 51.532706], [-0.010269, 51.53274], [-0.010329, 51.532767], [-0.010428, 51.532805], [-0.010532, 51.532831], [-0.010645, 51.532858], [-0.010801, 51.532893], [-0.010904, 51.532917], [-0.010884, 51.532961], [-0.010851, 51.532952], [-0.010519, 51.532889], [-0.010449, 51.532878], [-0.010296, 51.532834], [-0.010156, 51.532786], [-0.010137, 51.532795], [-0.010141, 51.532939], [-0.010136, 51.533023], [-0.010098, 51.533083], [-0.01006, 51.533122], [-0.010008, 51.533153], [-0.009936, 51.533189], [-0.009818, 51.533242], [-0.009702, 51.533284], [-0.009673, 51.533302], [-0.009632, 51.533352], [-0.00961, 51.533395], [-0.009612, 51.533458], [-0.009628, 51.533498], [-0.009693, 51.533593], [-0.009729, 51.533644], [-0.009836, 51.533778], [-0.009881, 51.533834], [-0.009901, 51.533829], [-0.010087, 51.534013], [-0.01013, 51.534056], [-0.010209, 51.534132], [-0.010322, 51.534214], [-0.010481, 51.534322], [-0.010735, 51.534494], [-0.01086, 51.534582], [-0.011084, 51.534774], [-0.011076, 51.534782], [-0.011202, 51.534883], [-0.01128, 51.534944], [-0.011407, 51.535092], [-0.011491, 51.535175], [-0.01156, 51.535217], [-0.011788, 51.535328], [-0.012071, 51.535469], [-0.012282, 51.535555], [-0.012468, 51.535632], [-0.012595, 51.535694], [-0.012719, 51.535759], [-0.012891, 51.53586], [-0.013, 51.535924], [-0.013327, 51.536135], [-0.013457, 51.536226], [-0.013581, 51.536316], [-0.013671, 51.53639], [-0.013782, 51.536479], [-0.01383, 51.536519], [-0.014008, 51.536736], [-0.014093, 51.536854], [-0.014234, 51.537041], [-0.014293, 51.537101], [-0.014278, 51.53711], [-0.014371, 51.537203], [-0.014403, 51.537192], [-0.014481, 51.537287], [-0.014508, 51.537331], [-0.014525, 51.537393], [-0.014502, 51.537556], [-0.0145, 51.537584], [-0.014492, 51.537586], [-0.014485, 51.537621], [-0.014442, 51.537854], [-0.0144, 51.53801], [-0.014326, 51.538267], [-0.014273, 51.538455], [-0.014203, 51.538655], [-0.014143, 51.538764], [-0.014081, 51.538847], [-0.013994, 51.538949], [-0.013889, 51.539043], [-0.013813, 51.539111], [-0.013792, 51.539135], [-0.013786, 51.539178], [-0.013806, 51.539228], [-0.013826, 51.539254], [-0.01389, 51.539324], [-0.014026, 51.539456], [-0.014148, 51.539558], [-0.014373, 51.539744], [-0.014547, 51.539866], [-0.014826, 51.540072], [-0.015051, 51.540244], [-0.015288, 51.540425], [-0.015551, 51.540626], [-0.015634, 51.540686], [-0.015835, 51.540815], [-0.016028, 51.540932], [-0.016144, 51.540999], [-0.016261, 51.541063], [-0.016448, 51.541162], [-0.016554, 51.541216], [-0.016554, 51.541228], [-0.016566, 51.541239], [-0.01658, 51.541246], [-0.016601, 51.541249], [-0.016617, 51.541251]]]}, "properties": {"OBJECTID": 16, "Name": "City Mill River", "Type": "Back River", "FirstSeries": 1, "FirstRevision": 1}}, {"type": "Feature", "id": 17, "geometry": {"type": "Polygon", "coordinates": [[[-0.018672, 51.539286], [-0.018669, 51.539227], [-0.018656, 51.539159], [-0.018641, 51.539102], [-0.018615, 51.539076], [-0.018589, 51.539029], [-0.018562, 51.538918], [-0.018541, 51.538809], [-0.018528, 51.538619], [-0.018505, 51.538525], [-0.018456, 51.538428], [-0.018384, 51.538337], [-0.018263, 51.538225], [-0.018102, 51.538084], [-0.017747, 51.537765], [-0.017655, 51.537683], [-0.017483, 51.537528], [-0.017352, 51.537405], [-0.017206, 51.53727], [-0.017135, 51.537217], [-0.016992, 51.537104], [-0.016885, 51.537012], [-0.016757, 51.53688], [-0.016609, 51.536719], [-0.016564, 51.53667], [-0.016505, 51.536599], [-0.016426, 51.536525], [-0.016333, 51.53645], [-0.016233, 51.536377], [-0.016135, 51.536323], [-0.016016, 51.536266], [-0.015859, 51.536193], [-0.015818, 51.536175], [-0.015721, 51.536124], [-0.01566, 51.536083], [-0.015619, 51.536052], [-0.015563, 51.536009], [-0.015459, 51.535914], [-0.015319, 51.535793], [-0.015158, 51.535644], [-0.015128, 51.535601], [-0.015101, 51.535575], [-0.01503, 51.535516], [-0.014964, 51.535465], [-0.014908, 51.53542], [-0.014883, 51.535399], [-0.014866, 51.535376], [-0.014841, 51.535349], [-0.014816, 51.535322], [-0.014757, 51.535285], [-0.014707, 51.535254], [-0.01463, 51.53522], [-0.014454, 51.535145], [-0.014388, 51.535117], [-0.014207, 51.535039], [-0.014099, 51.535005], [-0.013953, 51.53496], [-0.013862, 51.534927], [-0.01371, 51.534861], [-0.013596, 51.534806], [-0.013481, 51.534715], [-0.013288, 51.534538], [-0.01324, 51.534449], [-0.013179, 51.534357], [-0.013091, 51.534225], [-0.013054, 51.534178], [-0.013009, 51.534127], [-0.012919, 51.534031], [-0.012858, 51.533969], [-0.012763, 51.533898], [-0.012651, 51.533824], [-0.012471, 51.533723], [-0.012392, 51.533673], [-0.012306, 51.53359], [-0.01221, 51.533492], [-0.011974, 51.533256], [-0.011761, 51.533014], [-0.011708, 51.532951], [-0.011615, 51.532829], [-0.011705, 51.532797], [-0.011719, 51.53281], [-0.011784, 51.532891], [-0.011847, 51.53298], [-0.011916, 51.533067], [-0.011941, 51.533097], [-0.011996, 51.533158], [-0.012108, 51.533279], [-0.012193, 51.533362], [-0.012283, 51.533446], [-0.012362, 51.533512], [-0.012423, 51.533557], [-0.012535, 51.533631], [-0.012632, 51.533695], [-0.012746, 51.533771], [-0.012924, 51.5339], [-0.013037, 51.533985], [-0.013189, 51.534165], [-0.013298, 51.534323], [-0.013324, 51.534356], [-0.013351, 51.534361], [-0.013362, 51.534368], [-0.013386, 51.534477], [-0.013584, 51.534658], [-0.013599, 51.534677], [-0.013672, 51.534729], [-0.013766, 51.534789], [-0.013834, 51.534828], [-0.013944, 51.534876], [-0.014121, 51.534942], [-0.014247, 51.534993], [-0.0144, 51.535051], [-0.014542, 51.535108], [-0.014646, 51.535159], [-0.014776, 51.535233], [-0.014868, 51.535292], [-0.015042, 51.535407], [-0.015235, 51.535547], [-0.015359, 51.535648], [-0.015544, 51.535827], [-0.01567, 51.535953], [-0.01575, 51.536029], [-0.015816, 51.536072], [-0.015907, 51.536118], [-0.016071, 51.536198], [-0.016228, 51.536276], [-0.016385, 51.536363], [-0.01644, 51.536404], [-0.016527, 51.536465], [-0.016599, 51.536538], [-0.016635, 51.536577], [-0.01671, 51.536678], [-0.016801, 51.536772], [-0.016873, 51.536844], [-0.016926, 51.536912], [-0.017029, 51.536994], [-0.017207, 51.537134], [-0.0173, 51.53721], [-0.017446, 51.537329], [-0.017566, 51.537435], [-0.017722, 51.537579], [-0.017853, 51.537717], [-0.01799, 51.537844], [-0.01811, 51.537951], [-0.018221, 51.538053], [-0.018388, 51.53819], [-0.018499, 51.538283], [-0.018543, 51.538318], [-0.018604, 51.538396], [-0.018631, 51.538456], [-0.01864, 51.538481], [-0.018672, 51.538537], [-0.018687, 51.538578], [-0.018695, 51.538621], [-0.0187, 51.538689], [-0.018707, 51.53875], [-0.018715, 51.5388], [-0.018723, 51.538853], [-0.018732, 51.538903], [-0.018753, 51.538991], [-0.018787, 51.539121], [-0.018812, 51.539211], [-0.018828, 51.539232], [-0.018672, 51.539286]]]}, "properties": {"OBJECTID": 17, "Name": "Pudding Mill River", "Type": "Back River", "FirstSeries": 1, "FirstRevision": 1}}, {"type": "Feature", "id": 18, "geometry": {"type": "Polygon", "coordinates": [[[-0.011374, 51.532601], [-0.011088, 51.532256], [-0.010997, 51.532145], [-0.010856, 51.531976], [-0.010823, 51.531935], [-0.010617, 51.531951], [-0.010351, 51.532001], [-0.010235, 51.532034], [-0.010172, 51.531944], [-0.010315, 51.531916], [-0.010454, 51.53189], [-0.010604, 51.531864], [-0.010764, 51.53183], [-0.010933, 51.531792], [-0.010946, 51.531787], [-0.011046, 51.531756], [-0.011097, 51.531804], [-0.010993, 51.531859], [-0.010991, 51.531937], [-0.010996, 51.532027], [-0.011015, 51.532055], [-0.011051, 51.532104], [-0.011092, 51.532147], [-0.011138, 51.532196], [-0.011253, 51.532297], [-0.011356, 51.532381], [-0.011387, 51.532405], [-0.011481, 51.532528], [-0.011448, 51.532542], [-0.011469, 51.532565], [-0.011374, 51.532601]]]}, "properties": {"OBJECTID": 18, "Name": "Pudding Mill River", "Type": "Back River", "FirstSeries": 1, "FirstRevision": 1}}, {"type": "Feature", "id": 19, "geometry": {"type": "Polygon", "coordinates": [[[-0.016976, 51.550541], [-0.016945, 51.550511], [-0.016838, 51.550422], [-0.016768, 51.550373], [-0.016748, 51.550341], [-0.016707, 51.550318], [-0.01668, 51.550288], [-0.016645, 51.550262], [-0.016613, 51.550239], [-0.01659, 51.5502], [-0.016551, 51.550182], [-0.016519, 51.550157], [-0.016498, 51.550124], [-0.016487, 51.550109], [-0.016437, 51.550082], [-0.016371, 51.550056], [-0.016335, 51.550045], [-0.016284, 51.55004], [-0.01625, 51.550045], [-0.016186, 51.550048], [-0.016135, 51.550052], [-0.016045, 51.550051], [-0.015973, 51.550049], [-0.015903, 51.550038], [-0.015836, 51.550023], [-0.015791, 51.550015], [-0.015772, 51.550013], [-0.015772, 51.550023], [-0.015814, 51.550053], [-0.015857, 51.550087], [-0.015897, 51.550122], [-0.015943, 51.550167], [-0.015991, 51.550201], [-0.016017, 51.550218], [-0.016053, 51.550267], [-0.016084, 51.550304], [-0.016139, 51.550348], [-0.016186, 51.5504], [-0.016261, 51.550451], [-0.016312, 51.550494], [-0.016351, 51.550527], [-0.016382, 51.550552], [-0.01641, 51.550563], [-0.016438, 51.550577], [-0.01649, 51.550615], [-0.016559, 51.550687], [-0.016596, 51.550733], [-0.016623, 51.550797], [-0.016672, 51.550871], [-0.016687, 51.550951], [-0.016704, 51.551038], [-0.016727, 51.551086], [-0.016755, 51.551147], [-0.016773, 51.55125], [-0.016823, 51.551518], [-0.01675, 51.551523], [-0.016732, 51.551455], [-0.016697, 51.551348], [-0.016668, 51.551184], [-0.016637, 51.551042], [-0.01659, 51.550915], [-0.016559, 51.550908], [-0.016469, 51.550922], [-0.016275, 51.551038], [-0.015876, 51.551261], [-0.015573, 51.55143], [-0.015517, 51.551448], [-0.015502, 51.551473], [-0.015505, 51.551502], [-0.015562, 51.55164], [-0.016022, 51.551581], [-0.016251, 51.551557], [-0.016273, 51.551573], [-0.015269, 51.5517], [-0.015229, 51.551701], [-0.015216, 51.551693], [-0.015213, 51.551679], [-0.015524, 51.551638], [-0.015476, 51.551556], [-0.015441, 51.551478], [-0.015452, 51.551444], [-0.015511, 51.55141], [-0.0158, 51.55125], [-0.01595, 51.551179], [-0.016108, 51.551097], [-0.016296, 51.550995], [-0.016429, 51.55092], [-0.016528, 51.550885], [-0.016578, 51.550868], [-0.016572, 51.550825], [-0.016524, 51.550756], [-0.016433, 51.550644], [-0.016397, 51.550604], [-0.016291, 51.550546], [-0.016243, 51.550511], [-0.016205, 51.550494], [-0.016184, 51.550464], [-0.01615, 51.550446], [-0.016113, 51.550419], [-0.01607, 51.550367], [-0.016026, 51.550351], [-0.015975, 51.550339], [-0.015934, 51.550321], [-0.015898, 51.55032], [-0.015921, 51.550252], [-0.015888, 51.550205], [-0.015811, 51.550133], [-0.015716, 51.550085], [-0.015644, 51.550041], [-0.015589, 51.549975], [-0.015516, 51.549935], [-0.015425, 51.549933], [-0.015398, 51.549894], [-0.015408, 51.549658], [-0.015405, 51.54948], [-0.01537, 51.549354], [-0.015314, 51.5492], [-0.015379, 51.549151], [-0.015453, 51.549149], [-0.015635, 51.54918], [-0.0158, 51.549197], [-0.016042, 51.549177], [-0.01622, 51.549162], [-0.016272, 51.549155], [-0.016318, 51.549152], [-0.016347, 51.549145], [-0.016373, 51.549136], [-0.016392, 51.549245], [-0.016376, 51.549237], [-0.016341, 51.549234], [-0.016208, 51.54924], [-0.016058, 51.54925], [-0.015891, 51.549259], [-0.015739, 51.549258], [-0.015594, 51.549241], [-0.015541, 51.549242], [-0.015517, 51.549266], [-0.015527, 51.54939], [-0.015536, 51.549435], [-0.015538, 51.549487], [-0.015547, 51.549537], [-0.015557, 51.549564], [-0.015549, 51.549587], [-0.015498, 51.549613], [-0.015506, 51.549687], [-0.015507, 51.549763], [-0.015521, 51.549787], [-0.01558, 51.54984], [-0.015581, 51.549902], [-0.015667, 51.549944], [-0.01575, 51.549964], [-0.015875, 51.549983], [-0.016001, 51.549992], [-0.016111, 51.549992], [-0.016238, 51.549982], [-0.016322, 51.549979], [-0.016387, 51.54998], [-0.01645, 51.550005], [-0.016528, 51.550051], [-0.01661, 51.550103], [-0.016651, 51.550134], [-0.01668, 51.550175], [-0.016767, 51.550262], [-0.016844, 51.550335], [-0.016907, 51.550381], [-0.016943, 51.550427], [-0.016976, 51.550456], [-0.017006, 51.550476], [-0.017045, 51.550488], [-0.016976, 51.550541]]]}, "properties": {"OBJECTID": 19, "Name": "Channelsea River", "Type": "Back River", "FirstSeries": 1, "FirstRevision": 1}}, {"type": "Feature", "id": 20, "geometry": {"type": "Polygon", "coordinates": [[[-0.015847, 51.547432], [-0.015749, 51.547389], [-0.015708, 51.54737], [-0.015686, 51.547314], [-0.015676, 51.547262], [-0.015663, 51.547209], [-0.015658, 51.547171], [-0.015603, 51.547101], [-0.015536, 51.547041], [-0.015483, 51.546991], [-0.015431, 51.546916], [-0.015404, 51.546845], [-0.015381, 51.546799], [-0.015379, 51.546774], [-0.015354, 51.546735], [-0.015341, 51.546686], [-0.015337, 51.546623], [-0.015318, 51.546571], [-0.015259, 51.54646], [-0.015221, 51.546404], [-0.015103, 51.5464], [-0.015103, 51.546383], [-0.015192, 51.546381], [-0.015185, 51.54634], [-0.015163, 51.54627], [-0.01516, 51.546207], [-0.015232, 51.546088], [-0.015285, 51.54599], [-0.015309, 51.545876], [-0.015349, 51.545799], [-0.015393, 51.545695], [-0.015432, 51.545564], [-0.01547, 51.545392], [-0.015503, 51.545272], [-0.015524, 51.545212], [-0.015533, 51.545149], [-0.015547, 51.545094], [-0.01554, 51.545054], [-0.015445, 51.544982], [-0.015341, 51.544917], [-0.015294, 51.544879], [-0.015248, 51.544807], [-0.015123, 51.544739], [-0.01498, 51.544664], [-0.014866, 51.544612], [-0.01475, 51.544546], [-0.014595, 51.544457], [-0.014484, 51.544404], [-0.014374, 51.544334], [-0.01428, 51.544268], [-0.014164, 51.544191], [-0.014055, 51.544092], [-0.013933, 51.543967], [-0.013816, 51.543849], [-0.013757, 51.543781], [-0.013833, 51.543731], [-0.0139, 51.543802], [-0.01406, 51.543974], [-0.014186, 51.544093], [-0.014254, 51.544155], [-0.014343, 51.544211], [-0.014513, 51.544313], [-0.014602, 51.544359], [-0.014611, 51.54438], [-0.014688, 51.544413], [-0.014748, 51.544443], [-0.01485, 51.544498], [-0.01493, 51.544551], [-0.015046, 51.544612], [-0.015103, 51.544649], [-0.015171, 51.544684], [-0.015237, 51.544725], [-0.015323, 51.544774], [-0.015359, 51.54479], [-0.015385, 51.544832], [-0.015449, 51.544894], [-0.015499, 51.544933], [-0.01555, 51.544961], [-0.015582, 51.544988], [-0.015641, 51.54505], [-0.015661, 51.545081], [-0.015662, 51.54513], [-0.015668, 51.545184], [-0.015645, 51.545223], [-0.015617, 51.545312], [-0.015576, 51.545403], [-0.015538, 51.545518], [-0.015545, 51.54557], [-0.01551, 51.545661], [-0.015488, 51.545748], [-0.015433, 51.545884], [-0.015395, 51.545988], [-0.01534, 51.546073], [-0.015291, 51.546146], [-0.015282, 51.546211], [-0.015268, 51.546258], [-0.015327, 51.546373], [-0.015408, 51.546542], [-0.015414, 51.546599], [-0.01541, 51.546632], [-0.015424, 51.54667], [-0.015459, 51.546707], [-0.015472, 51.546749], [-0.015534, 51.54687], [-0.015579, 51.546949], [-0.015619, 51.54701], [-0.015713, 51.547097], [-0.015775, 51.547159], [-0.015791, 51.5472], [-0.015792, 51.547251], [-0.015809, 51.547276], [-0.015847, 51.547432]]]}, "properties": {"OBJECTID": 20, "Name": "Channelsea River", "Type": "Back River", "FirstSeries": 1, "FirstRevision": 1}}, {"type": "Feature", "id": 21, "geometry": {"type": "Polygon", "coordinates": [[[-0.013833, 51.543731], [-0.013757, 51.543781], [-0.013731, 51.543756], [-0.013611, 51.543641], [-0.013588, 51.543605], [-0.013439, 51.543456], [-0.013161, 51.543167], [-0.013018, 51.543024], [-0.012821, 51.542865], [-0.01266, 51.542759], [-0.012514, 51.542688], [-0.012442, 51.542664], [-0.012368, 51.542667], [-0.012309, 51.542687], [-0.012237, 51.542725], [-0.012135, 51.542756], [-0.012037, 51.542762], [-0.01183, 51.542758], [-0.011625, 51.542763], [-0.011435, 51.542778], [-0.011218, 51.542792], [-0.011035, 51.542793], [-0.010819, 51.542781], [-0.010733, 51.542782], [-0.010449, 51.54279], [-0.010024, 51.542793], [-0.009808, 51.542783], [-0.009354, 51.54277], [-0.009324, 51.542765], [-0.00829, 51.542445], [-0.007958, 51.542365], [-0.007843, 51.54235], [-0.007767, 51.542343], [-0.007718, 51.542352], [-0.007472, 51.542311], [-0.007421, 51.542292], [-0.007221, 51.542258], [-0.007057, 51.54224], [-0.006929, 51.542243], [-0.00684, 51.542253], [-0.006743, 51.542225], [-0.006667, 51.542216], [-0.006522, 51.542198], [-0.006245, 51.542176], [-0.006009, 51.542132], [-0.005833, 51.542093], [-0.005356, 51.541975], [-0.005154, 51.541914], [-0.004841, 51.54181], [-0.004455, 51.541701], [-0.00401, 51.54156], [-0.003916, 51.541541], [-0.003686, 51.541429], [-0.003435, 51.541162], [-0.003429, 51.540954], [-0.003444, 51.540886], [-0.003651, 51.540413], [-0.003653, 51.540368], [-0.003658, 51.540261], [-0.003633, 51.540192], [-0.003578, 51.540121], [-0.00349, 51.540043], [-0.003395, 51.539994], [-0.003256, 51.539946], [-0.00312, 51.539929], [-0.002732, 51.539924], [-0.002614, 51.539909], [-0.002538, 51.539888], [-0.002333, 51.539833], [-0.002215, 51.539685], [-0.002113, 51.539426], [-0.002004, 51.539135], [-0.00196, 51.538951], [-0.001958, 51.538854], [-0.00192, 51.538612], [-0.001893, 51.538602], [-0.002007, 51.538444], [-0.002127, 51.538334], [-0.002277, 51.538188], [-0.002292, 51.538057], [-0.002219, 51.537917], [-0.002161, 51.537836], [-0.00224, 51.53778], [-0.002281, 51.537815], [-0.002341, 51.537846], [-0.002428, 51.538017], [-0.002405, 51.538055], [-0.00243, 51.538105], [-0.002373, 51.538229], [-0.002267, 51.53834], [-0.002185, 51.538405], [-0.002096, 51.538487], [-0.002056, 51.538563], [-0.00204, 51.538644], [-0.002056, 51.538706], [-0.002081, 51.538894], [-0.002128, 51.539154], [-0.002193, 51.539338], [-0.002335, 51.539653], [-0.002372, 51.539716], [-0.002426, 51.539749], [-0.002607, 51.539798], [-0.0027, 51.539817], [-0.002828, 51.539825], [-0.003002, 51.539828], [-0.0032, 51.53984], [-0.003336, 51.539871], [-0.003468, 51.539915], [-0.003567, 51.539965], [-0.003653, 51.540027], [-0.003732, 51.540106], [-0.003795, 51.540195], [-0.00382, 51.540308], [-0.003804, 51.540416], [-0.003771, 51.540524], [-0.003758, 51.540556], [-0.003582, 51.540941], [-0.00358, 51.540995], [-0.003548, 51.541093], [-0.003564, 51.541147], [-0.003619, 51.541214], [-0.003683, 51.541292], [-0.003753, 51.541357], [-0.003788, 51.541396], [-0.003896, 51.541436], [-0.004092, 51.541489], [-0.004532, 51.541635], [-0.004677, 51.541666], [-0.004761, 51.541704], [-0.004908, 51.541754], [-0.005073, 51.54181], [-0.005297, 51.541873], [-0.005508, 51.541932], [-0.005779, 51.542009], [-0.006027, 51.542058], [-0.006197, 51.542088], [-0.006385, 51.542116], [-0.006585, 51.542144], [-0.006822, 51.542173], [-0.00699, 51.542178], [-0.007151, 51.54218], [-0.007352, 51.542199], [-0.007543, 51.542237], [-0.007664, 51.54225], [-0.007974, 51.542276], [-0.008113, 51.542307], [-0.008279, 51.542352], [-0.008451, 51.542404], [-0.008659, 51.542474], [-0.008884, 51.542545], [-0.009104, 51.542615], [-0.009303, 51.542668], [-0.009437, 51.542686], [-0.009552, 51.542697], [-0.009717, 51.542694], [-0.009906, 51.542705], [-0.010077, 51.542712], [-0.010202, 51.542718], [-0.010342, 51.54271], [-0.010541, 51.542699], [-0.010639, 51.5427], [-0.010828, 51.542703], [-0.01109, 51.54271], [-0.011279, 51.542713], [-0.011537, 51.542698], [-0.011751, 51.542687], [-0.012041, 51.542688], [-0.012123, 51.542685], [-0.01225, 51.542644], [-0.012392, 51.5426], [-0.012441, 51.542599], [-0.01255, 51.542622], [-0.012682, 51.542685], [-0.012854, 51.542787], [-0.012991, 51.542881], [-0.013129, 51.543005], [-0.013246, 51.543114], [-0.013416, 51.543269], [-0.013591, 51.543458], [-0.013627, 51.543482], [-0.01367, 51.54354], [-0.013722, 51.543605], [-0.013833, 51.543731]]]}, "properties": {"OBJECTID": 21, "Name": "Channelsea River", "Type": "Back River", "FirstSeries": 1, "FirstRevision": 1}}, {"type": "Feature", "id": 22, "geometry": {"type": "Polygon", "coordinates": [[[-0.002161, 51.537836], [-0.001995, 51.537742], [-0.001915, 51.537758], [-0.001863, 51.537604], [-0.001828, 51.537502], [-0.001744, 51.537264], [-0.001697, 51.537121], [-0.00169, 51.537094], [-0.001715, 51.537075], [-0.001775, 51.537074], [-0.001762, 51.536902], [-0.001744, 51.536892], [-0.001735, 51.53678], [-0.001722, 51.536662], [-0.001752, 51.536661], [-0.001706, 51.536353], [-0.00168, 51.536161], [-0.00162, 51.535853], [-0.001625, 51.535838], [-0.001537, 51.535569], [-0.001451, 51.535375], [-0.001384, 51.535193], [-0.001316, 51.535001], [-0.001282, 51.534897], [-0.001216, 51.534634], [-0.001173, 51.534471], [-0.001145, 51.534419], [-0.001052, 51.534309], [-0.000951, 51.534194], [-0.000895, 51.534165], [-0.000873, 51.53415], [-0.000783, 51.534056], [-0.000785, 51.534015], [-0.000719, 51.533946], [-0.000617, 51.533833], [-0.000435, 51.533596], [-0.000338, 51.533469], [-0.000284, 51.533395], [-0.000206, 51.533277], [-9.7e-05, 51.533098], [-2.5e-05, 51.532971], [-9e-06, 51.532913], [1.2e-05, 51.53283], [2.6e-05, 51.53272], [5.1e-05, 51.532526], [7.8e-05, 51.532402], [9.3e-05, 51.532325], [0.000129, 51.532264], [0.000222, 51.53219], [0.000369, 51.532098], [0.000489, 51.532021], [0.00077, 51.531939], [0.000838, 51.531878], [0.000904, 51.531823], [0.000978, 51.531727], [0.001061, 51.531593], [0.001111, 51.531478], [0.001135, 51.531345], [0.001143, 51.531278], [0.001182, 51.531167], [0.001135, 51.531182], [0.001097, 51.531163], [0.001074, 51.531252], [0.001064, 51.531291], [0.000992, 51.531426], [0.000932, 51.531464], [0.000855, 51.531431], [0.000936, 51.531308], [0.000815, 51.531298], [0.000705, 51.531405], [0.000384, 51.531919], [0.000323, 51.531991], [0.000179, 51.532087], [4.1e-05, 51.532182], [1e-05, 51.532209], [-4e-05, 51.532274], [-0.0001, 51.532418], [-0.000121, 51.53255], [-0.000124, 51.532641], [-0.000157, 51.532736], [-0.000177, 51.532842], [-0.00022, 51.532968], [-0.000261, 51.533063], [-0.000325, 51.53318], [-0.000481, 51.533427], [-0.000732, 51.533741], [-0.001136, 51.53423], [-0.001259, 51.534418], [-0.001337, 51.534642], [-0.001543, 51.535222], [-0.001727, 51.535679], [-0.00181, 51.535921], [-0.001863, 51.536352], [-0.001879, 51.536519], [-0.00191, 51.536956], [-0.001939, 51.53712], [-0.002118, 51.537657], [-0.00224, 51.53778], [-0.002161, 51.537836]]]}, "properties": {"OBJECTID": 22, "Name": "Channelsea River", "Type": "Back River", "FirstSeries": 1, "FirstRevision": 1}}, {"type": "Feature", "id": 23, "geometry": {"type": "Polygon", "coordinates": [[[0.001203, 51.531126], [0.00124, 51.530918], [0.001262, 51.530815], [0.001281, 51.530815], [0.001286, 51.530678], [0.001297, 51.530519], [0.001299, 51.530494], [0.001325, 51.530458], [0.001398, 51.530402], [0.001438, 51.530353], [0.001444, 51.530319], [0.001431, 51.53027], [0.001423, 51.530229], [0.001439, 51.53015], [0.001473, 51.530069], [0.001521, 51.52998], [0.001545, 51.529919], [0.001537, 51.529855], [0.00151, 51.529809], [0.001442, 51.529752], [0.001333, 51.529694], [0.001158, 51.529614], [0.000952, 51.52952], [0.0008, 51.52945], [0.00072, 51.529407], [0.000702, 51.529386], [0.000682, 51.529338], [0.000686, 51.529289], [0.000706, 51.529234], [0.000718, 51.529149], [0.000705, 51.529082], [0.000661, 51.528982], [0.000606, 51.52886], [0.000582, 51.528796], [0.00059, 51.528716], [0.000622, 51.528521], [0.000626, 51.528398], [0.000622, 51.528354], [0.000605, 51.528314], [0.000568, 51.528259], [0.000521, 51.528223], [0.000474, 51.528197], [0.000433, 51.528184], [0.00038, 51.528177], [0.000282, 51.528177], [0.000233, 51.528178], [0.000168, 51.528172], [0.000124, 51.528166], [7.1e-05, 51.528141], [1.8e-05, 51.528099], [-4.8e-05, 51.528043], [-0.000142, 51.527981], [-0.000266, 51.527926], [-0.000406, 51.527868], [-0.000559, 51.527785], [-0.000721, 51.527701], [-0.000895, 51.527634], [-0.001017, 51.527606], [-0.001151, 51.527583], [-0.001324, 51.527557], [-0.001449, 51.527523], [-0.001547, 51.527475], [-0.001677, 51.527372], [-0.00184, 51.527237], [-0.001997, 51.52713], [-0.002112, 51.527064], [-0.002258, 51.527005], [-0.00238, 51.526964], [-0.002625, 51.526905], [-0.002771, 51.526878], [-0.002959, 51.526837], [-0.003237, 51.526781], [-0.00344, 51.526751], [-0.00366, 51.526727], [-0.003845, 51.526686], [-0.003971, 51.526655], [-0.004151, 51.526592], [-0.004312, 51.526527], [-0.004449, 51.52648], [-0.004627, 51.526431], [-0.004903, 51.52636], [-0.005186, 51.526287], [-0.005398, 51.526238], [-0.00556, 51.5262], [-0.005799, 51.526155], [-0.005929, 51.526141], [-0.006051, 51.526134], [-0.006277, 51.526161], [-0.006421, 51.526176], [-0.006474, 51.526178], [-0.006452, 51.526269], [-0.006396, 51.526261], [-0.006314, 51.526248], [-0.006243, 51.526245], [-0.006195, 51.526239], [-0.006123, 51.526223], [-0.006027, 51.526209], [-0.005936, 51.526201], [-0.005842, 51.526203], [-0.005776, 51.526218], [-0.005747, 51.526234], [-0.005627, 51.52626], [-0.005479, 51.526292], [-0.005309, 51.526329], [-0.005198, 51.526356], [-0.00491, 51.526433], [-0.004765, 51.526476], [-0.004701, 51.526492], [-0.004495, 51.526565], [-0.004361, 51.526624], [-0.004248, 51.526672], [-0.004126, 51.526708], [-0.004057, 51.526728], [-0.003969, 51.526738], [-0.003764, 51.526782], [-0.003617, 51.526818], [-0.003493, 51.526827], [-0.00333, 51.526835], [-0.003158, 51.526864], [-0.002905, 51.526917], [-0.002722, 51.526957], [-0.002543, 51.527], [-0.002429, 51.527036], [-0.002304, 51.527091], [-0.002183, 51.527165], [-0.002071, 51.527259], [-0.001991, 51.527326], [-0.001857, 51.527437], [-0.001776, 51.527522], [-0.001692, 51.527619], [-0.001616, 51.52769], [-0.001559, 51.527737], [-0.001489, 51.527804], [-0.001432, 51.527841], [-0.001353, 51.527872], [-0.001265, 51.527893], [-0.001168, 51.527907], [-0.001071, 51.52793], [-0.000976, 51.527965], [-0.000879, 51.528025], [-0.000778, 51.528117], [-0.000692, 51.528226], [-0.000563, 51.528408], [-0.00038, 51.528681], [-0.000161, 51.529018], [-7.9e-05, 51.529141], [7.1e-05, 51.529372], [0.000167, 51.529496], [0.000272, 51.529618], [0.000331, 51.529677], [0.000428, 51.529809], [0.000546, 51.529987], [0.000585, 51.530053], [0.000594, 51.53009], [0.00059, 51.53014], [0.000555, 51.5302], [0.000542, 51.530251], [0.00053, 51.530313], [0.00055, 51.530376], [0.000606, 51.53048], [0.000668, 51.530596], [0.000714, 51.530678], [0.000831, 51.530772], [0.000842, 51.530782], [0.000866, 51.530865], [0.000847, 51.53087], [0.000863, 51.530915], [0.000882, 51.530945], [0.0009, 51.530998], [0.000911, 51.531041], [0.0009, 51.531086], [0.000944, 51.531089], [0.000956, 51.530992], [0.000979, 51.530853], [0.000991, 51.530736], [0.000981, 51.530618], [0.000952, 51.530544], [0.000916, 51.530457], [0.000824, 51.530286], [0.000771, 51.530185], [0.000668, 51.530014], [0.000556, 51.529851], [0.000373, 51.529606], [0.000248, 51.529478], [0.000206, 51.529422], [0.00014, 51.529318], [1.9e-05, 51.529127], [-7.9e-05, 51.528981], [-0.000162, 51.528846], [-0.000205, 51.528782], [-0.000375, 51.528518], [-0.000519, 51.528297], [-0.000588, 51.528197], [-0.000612, 51.528153], [-0.000637, 51.528119], [-0.000645, 51.528079], [-0.000648, 51.528041], [-0.000671, 51.527998], [-0.000702, 51.527959], [-0.000752, 51.527923], [-0.000824, 51.527887], [-0.000932, 51.527849], [-0.001052, 51.527808], [-0.001089, 51.527796], [-0.001166, 51.527767], [-0.001245, 51.527744], [-0.001333, 51.52772], [-0.001369, 51.527702], [-0.001376, 51.527678], [-0.001356, 51.527648], [-0.001322, 51.527636], [-0.001267, 51.52763], [-0.001194, 51.52763], [-0.001083, 51.527642], [-0.00102, 51.527654], [-0.000918, 51.527687], [-0.000772, 51.527756], [-0.000639, 51.527827], [-0.000461, 51.52792], [-0.000324, 51.52799], [-0.000224, 51.528042], [-0.00012, 51.528115], [-3e-05, 51.528184], [4.2e-05, 51.528214], [0.000107, 51.528234], [0.000176, 51.528243], [0.000294, 51.528259], [0.000373, 51.528278], [0.000421, 51.528296], [0.000468, 51.528329], [0.000497, 51.528369], [0.000511, 51.528413], [0.000501, 51.528491], [0.000481, 51.528617], [0.000479, 51.528748], [0.000493, 51.528841], [0.000509, 51.528911], [0.000555, 51.529033], [0.000584, 51.529128], [0.000589, 51.529167], [0.000588, 51.529255], [0.000584, 51.529313], [0.000593, 51.529378], [0.000605, 51.529405], [0.00062, 51.529426], [0.000657, 51.52945], [0.000701, 51.529478], [0.000775, 51.52952], [0.000836, 51.529553], [0.000994, 51.529617], [0.001144, 51.529682], [0.001248, 51.529731], [0.00133, 51.52978], [0.001368, 51.529819], [0.001389, 51.529856], [0.001397, 51.529899], [0.001394, 51.529935], [0.001383, 51.529984], [0.001368, 51.53002], [0.00133, 51.530097], [0.001273, 51.530163], [0.001202, 51.530255], [0.00115, 51.530351], [0.001125, 51.530409], [0.001107, 51.530475], [0.001101, 51.530545], [0.001108, 51.530601], [0.001113, 51.53072], [0.0011, 51.530983], [0.001097, 51.531011], [0.001097, 51.531092], [0.00109, 51.531102], [0.001101, 51.53111], [0.001123, 51.531115], [0.001203, 51.531126]]]}, "properties": {"OBJECTID": 23, "Name": "Channelsea River and Abbey Creek", "Type": "Back River", "FirstSeries": 1, "FirstRevision": 1}}, {"type": "Feature", "id": 24, "geometry": {"type": "Polygon", "coordinates": [[[-0.01683, 51.544186], [-0.016853, 51.544265], [-0.016854, 51.544287], [-0.016843, 51.544317], [-0.016849, 51.544332], [-0.016879, 51.544376], [-0.016885, 51.544393], [-0.016878, 51.544423], [-0.016926, 51.544479], [-0.016993, 51.544559], [-0.017034, 51.544653], [-0.017063, 51.544732], [-0.017059, 51.544749], [-0.017076, 51.544756], [-0.017078, 51.544765], [-0.017074, 51.544782], [-0.017108, 51.544814], [-0.017113, 51.544833], [-0.017116, 51.544894], [-0.017116, 51.544914], [-0.017136, 51.544938], [-0.017148, 51.544968], [-0.017125, 51.544984], [-0.017122, 51.544996], [-0.017127, 51.545013], [-0.01716, 51.545134], [-0.017174, 51.545181], [-0.017152, 51.545191], [-0.017155, 51.54521], [-0.017179, 51.545226], [-0.017184, 51.545308], [-0.017174, 51.545325], [-0.017175, 51.545331], [-0.0172, 51.545353], [-0.017203, 51.545373], [-0.017227, 51.545448], [-0.017227, 51.54549], [-0.017244, 51.54551], [-0.017261, 51.545543], [-0.017265, 51.545567], [-0.016936, 51.545568], [-0.016921, 51.545523], [-0.016905, 51.545463], [-0.016899, 51.54543], [-0.016892, 51.545405], [-0.016875, 51.545376], [-0.016881, 51.545332], [-0.016878, 51.54532], [-0.016854, 51.545249], [-0.016835, 51.545227], [-0.016811, 51.545218], [-0.016794, 51.545111], [-0.01681, 51.545101], [-0.016828, 51.54507], [-0.016828, 51.545015], [-0.016815, 51.544941], [-0.016783, 51.544886], [-0.016763, 51.544776], [-0.016725, 51.544651], [-0.016683, 51.544562], [-0.016585, 51.544435], [-0.016564, 51.544403], [-0.016559, 51.544358], [-0.016541, 51.544342], [-0.016513, 51.544312], [-0.016503, 51.544265], [-0.016512, 51.544231], [-0.016489, 51.544216], [-0.016483, 51.544157], [-0.016451, 51.544095], [-0.016434, 51.544061], [-0.016491, 51.543873], [-0.016478, 51.543843], [-0.016497, 51.543788], [-0.016482, 51.543759], [-0.016499, 51.543681], [-0.016508, 51.543527], [-0.016474, 51.543401], [-0.016441, 51.543381], [-0.016428, 51.543303], [-0.016226, 51.542964], [-0.016134, 51.54276], [-0.016128, 51.542738], [-0.016117, 51.542522], [-0.016107, 51.542478], [-0.016086, 51.542472], [-0.016086, 51.542387], [-0.016288, 51.541805], [-0.016317, 51.541702], [-0.016337, 51.541572], [-0.016364, 51.541388], [-0.016375, 51.541295], [-0.016609, 51.54125], [-0.016641, 51.541244], [-0.016681, 51.541221], [-0.016767, 51.541195], [-0.017039, 51.541136], [-0.017166, 51.541109], [-0.017407, 51.541059], [-0.017493, 51.541023], [-0.017598, 51.540948], [-0.01765, 51.540893], [-0.017676, 51.540841], [-0.017673, 51.540766], [-0.017658, 51.540736], [-0.017624, 51.540671], [-0.017621, 51.54054], [-0.017621, 51.540504], [-0.017645, 51.540339], [-0.017683, 51.54024], [-0.017759, 51.540131], [-0.017841, 51.540045], [-0.017953, 51.539958], [-0.018163, 51.539823], [-0.018224, 51.539785], [-0.018455, 51.539615], [-0.018558, 51.539527], [-0.018599, 51.539462], [-0.018641, 51.539364], [-0.018672, 51.539286], [-0.018828, 51.539232], [-0.018841, 51.53923], [-0.018859, 51.539225], [-0.018885, 51.539197], [-0.01891, 51.539142], [-0.018957, 51.538964], [-0.019165, 51.538536], [-0.01943, 51.538226], [-0.019597, 51.538083], [-0.019825, 51.537955], [-0.019952, 51.537928], [-0.019994, 51.53789], [-0.020052, 51.537873], [-0.020098, 51.537874], [-0.020169, 51.537807], [-0.020403, 51.537707], [-0.02046, 51.537705], [-0.020565, 51.537652], [-0.020675, 51.537763], [-0.02055, 51.537821], [-0.020441, 51.537866], [-0.020353, 51.537903], [-0.020093, 51.53801], [-0.019944, 51.538076], [-0.019845, 51.538138], [-0.019822, 51.538174], [-0.019821, 51.538248], [-0.019839, 51.538389], [-0.01968, 51.538389], [-0.019679, 51.53835], [-0.019663, 51.538323], [-0.019622, 51.538315], [-0.019591, 51.538325], [-0.019571, 51.538345], [-0.019538, 51.538395], [-0.019489, 51.538462], [-0.019417, 51.538582], [-0.01936, 51.5387], [-0.019336, 51.538758], [-0.019287, 51.538873], [-0.019286, 51.538939], [-0.019261, 51.538971], [-0.019239, 51.539014], [-0.019231, 51.539045], [-0.019252, 51.539047], [-0.01913, 51.539322], [-0.019073, 51.539431], [-0.018975, 51.539563], [-0.018879, 51.539643], [-0.018731, 51.539725], [-0.018608, 51.539781], [-0.018392, 51.539895], [-0.018224, 51.540015], [-0.018128, 51.540087], [-0.018061, 51.540169], [-0.018007, 51.540266], [-0.017991, 51.540327], [-0.017965, 51.540453], [-0.01795, 51.540494], [-0.017931, 51.540539], [-0.01794, 51.540552], [-0.017959, 51.540553], [-0.017963, 51.540572], [-0.017938, 51.540581], [-0.017933, 51.540597], [-0.017965, 51.540624], [-0.017953, 51.540665], [-0.017933, 51.540746], [-0.017899, 51.540849], [-0.017852, 51.540962], [-0.01778, 51.541053], [-0.01768, 51.541109], [-0.017537, 51.541172], [-0.017459, 51.541187], [-0.017382, 51.541202], [-0.017283, 51.541229], [-0.017159, 51.541262], [-0.017031, 51.541307], [-0.01688, 51.541363], [-0.016793, 51.541417], [-0.016726, 51.541469], [-0.016709, 51.541518], [-0.016735, 51.541538], [-0.016779, 51.541542], [-0.016788, 51.541554], [-0.016852, 51.541561], [-0.016801, 51.541903], [-0.016744, 51.541901], [-0.016723, 51.541909], [-0.01665, 51.541905], [-0.016572, 51.541913], [-0.016526, 51.541952], [-0.016479, 51.542027], [-0.016433, 51.542173], [-0.016395, 51.542343], [-0.016382, 51.542491], [-0.016382, 51.542579], [-0.016407, 51.542664], [-0.016457, 51.542802], [-0.016573, 51.543117], [-0.016627, 51.54323], [-0.016655, 51.543241], [-0.016664, 51.543264], [-0.016646, 51.543274], [-0.016662, 51.543311], [-0.016727, 51.543426], [-0.016731, 51.543472], [-0.016752, 51.543508], [-0.016783, 51.54358], [-0.016794, 51.54365], [-0.016782, 51.543744], [-0.016782, 51.543837], [-0.016784, 51.543929], [-0.016771, 51.543944], [-0.016786, 51.543962], [-0.016788, 51.543991], [-0.016806, 51.544022], [-0.016792, 51.544042], [-0.016783, 51.544082], [-0.016802, 51.544109], [-0.01683, 51.544186]]]}, "properties": {"OBJECTID": 24, "Name": "River Lea", "Type": "River", "FirstSeries": 1, "FirstRevision": 1}}, {"type": "Feature", "id": 25, "geometry": {"type": "Polygon", "coordinates": [[[-0.016936, 51.545568], [-0.017265, 51.545567], [-0.01727, 51.545588], [-0.017277, 51.545667], [-0.017268, 51.545726], [-0.017312, 51.545784], [-0.017303, 51.545812], [-0.01731, 51.545922], [-0.017309, 51.546013], [-0.017297, 51.546061], [-0.017322, 51.546106], [-0.017331, 51.546207], [-0.017338, 51.546292], [-0.017324, 51.546312], [-0.017325, 51.546329], [-0.017348, 51.546343], [-0.017357, 51.546356], [-0.017357, 51.546398], [-0.017393, 51.546504], [-0.017418, 51.546559], [-0.017413, 51.546587], [-0.017462, 51.546644], [-0.017467, 51.546677], [-0.017503, 51.546714], [-0.017517, 51.546744], [-0.017549, 51.546823], [-0.017632, 51.546975], [-0.017657, 51.547011], [-0.017666, 51.547074], [-0.017673, 51.547189], [-0.01769, 51.547226], [-0.01772, 51.54735], [-0.017722, 51.547439], [-0.017738, 51.547493], [-0.0178, 51.547674], [-0.017837, 51.547743], [-0.017892, 51.547839], [-0.017909, 51.547872], [-0.017936, 51.547918], [-0.017992, 51.548002], [-0.018135, 51.548236], [-0.018222, 51.548362], [-0.018231, 51.548416], [-0.018273, 51.548503], [-0.018377, 51.548664], [-0.018422, 51.548745], [-0.018486, 51.548901], [-0.018587, 51.549211], [-0.018631, 51.54935], [-0.018714, 51.549487], [-0.018777, 51.549605], [-0.018839, 51.549756], [-0.018976, 51.549989], [-0.019075, 51.550143], [-0.019144, 51.550239], [-0.019208, 51.550406], [-0.019288, 51.55064], [-0.01932, 51.550755], [-0.019329, 51.550828], [-0.019315, 51.550933], [-0.019341, 51.550972], [-0.019326, 51.551024], [-0.019299, 51.551053], [-0.019243, 51.551153], [-0.019179, 51.551312], [-0.019181, 51.551349], [-0.019189, 51.551411], [-0.019185, 51.551438], [-0.019178, 51.551445], [-0.019211, 51.551477], [-0.019236, 51.551533], [-0.019329, 51.551629], [-0.019496, 51.551756], [-0.019625, 51.55184], [-0.019828, 51.551907], [-0.020086, 51.551983], [-0.020111, 51.551979], [-0.020167, 51.551985], [-0.020262, 51.552003], [-0.02026, 51.552017], [-0.020384, 51.552054], [-0.020461, 51.552074], [-0.020138, 51.552185], [-0.019746, 51.552082], [-0.019498, 51.552022], [-0.019323, 51.55197], [-0.019326, 51.551956], [-0.019177, 51.551906], [-0.019003, 51.551836], [-0.018938, 51.551743], [-0.018911, 51.551684], [-0.018813, 51.551525], [-0.018784, 51.551451], [-0.018823, 51.551295], [-0.01882, 51.55123], [-0.018822, 51.551219], [-0.018907, 51.551067], [-0.018935, 51.550931], [-0.018961, 51.550858], [-0.018958, 51.550816], [-0.018965, 51.550781], [-0.018945, 51.550717], [-0.018961, 51.550698], [-0.018969, 51.550649], [-0.018949, 51.550619], [-0.018959, 51.550609], [-0.018957, 51.550573], [-0.01897, 51.550523], [-0.018954, 51.55047], [-0.018953, 51.550428], [-0.01894, 51.550395], [-0.018954, 51.550375], [-0.018913, 51.550359], [-0.01891, 51.550337], [-0.018892, 51.550299], [-0.018888, 51.550269], [-0.018868, 51.55025], [-0.018849, 51.550206], [-0.018764, 51.550123], [-0.018757, 51.550085], [-0.018685, 51.549968], [-0.018652, 51.54994], [-0.01864, 51.549902], [-0.018604, 51.549863], [-0.01858, 51.549797], [-0.018547, 51.549777], [-0.018545, 51.549762], [-0.018531, 51.549731], [-0.018489, 51.549703], [-0.018484, 51.549682], [-0.018458, 51.549668], [-0.018451, 51.549614], [-0.018424, 51.549603], [-0.018419, 51.549585], [-0.018324, 51.549419], [-0.018297, 51.549338], [-0.01829, 51.549319], [-0.01826, 51.549299], [-0.018255, 51.549252], [-0.018227, 51.549185], [-0.018179, 51.549136], [-0.018145, 51.549052], [-0.018145, 51.548969], [-0.018119, 51.548947], [-0.018136, 51.548919], [-0.018128, 51.548833], [-0.018077, 51.548599], [-0.018011, 51.548527], [-0.017873, 51.548284], [-0.017617, 51.547951], [-0.017477, 51.54774], [-0.017454, 51.547656], [-0.017384, 51.547338], [-0.017339, 51.547131], [-0.017261, 51.546906], [-0.017245, 51.546841], [-0.017222, 51.54676], [-0.017068, 51.546431], [-0.017071, 51.546367], [-0.017013, 51.546299], [-0.016985, 51.54623], [-0.016985, 51.546159], [-0.016953, 51.546094], [-0.016954, 51.545989], [-0.016958, 51.545801], [-0.016975, 51.545778], [-0.016976, 51.545749], [-0.016974, 51.545711], [-0.016949, 51.545673], [-0.016955, 51.545604], [-0.016936, 51.545568]]]}, "properties": {"OBJECTID": 25, "Name": "River Lea", "Type": "River", "FirstSeries": 1, "FirstRevision": 1}}, {"type": "Feature", "id": 26, "geometry": {"type": "Polygon", "coordinates": [[[-0.011402, 51.531613], [-0.011567, 51.531542], [-0.01171, 51.531553], [-0.011935, 51.531778], [-0.012, 51.531813], [-0.012055, 51.531822], [-0.01212, 51.531806], [-0.012284, 51.531674], [-0.012449, 51.531543], [-0.012611, 51.531388], [-0.012751, 51.531263], [-0.012704, 51.531207], [-0.012877, 51.53089], [-0.013097, 51.530751], [-0.013297, 51.530632], [-0.01343, 51.530532], [-0.013623, 51.530371], [-0.013683, 51.530323], [-0.013896, 51.530201], [-0.014068, 51.530305], [-0.01421, 51.530418], [-0.014318, 51.530456], [-0.014387, 51.53048], [-0.014277, 51.530552], [-0.014206, 51.530511], [-0.014135, 51.530443], [-0.014109, 51.530427], [-0.014087, 51.530431], [-0.014022, 51.53038], [-0.013971, 51.530374], [-0.013855, 51.530429], [-0.013741, 51.53052], [-0.013629, 51.530648], [-0.013631, 51.530661], [-0.013744, 51.530667], [-0.014061, 51.530687], [-0.014064, 51.530741], [-0.013798, 51.530751], [-0.013437, 51.530779], [-0.013255, 51.530887], [-0.013087, 51.53104], [-0.013037, 51.531131], [-0.012938, 51.531312], [-0.012857, 51.531413], [-0.012638, 51.531607], [-0.012289, 51.531908], [-0.012156, 51.532027], [-0.011855, 51.531918], [-0.011777, 51.531838], [-0.011724, 51.531788], [-0.011686, 51.531751], [-0.011615, 51.531683], [-0.011586, 51.531662], [-0.011504, 51.531639], [-0.011461, 51.531655], [-0.011454, 51.531625], [-0.011402, 51.531613]]]}, "properties": {"OBJECTID": 26, "Name": "Bow Back River", "Type": "Canal", "FirstSeries": 1, "FirstRevision": 1}}, {"type": "Feature", "id": 28, "geometry": {"type": "Polygon", "coordinates": [[[-0.014139, 51.529829], [-0.013959, 51.529913], [-0.01382, 51.529988], [-0.013659, 51.529905], [-0.013312, 51.529821], [-0.013067, 51.529754], [-0.012928, 51.529717], [-0.012691, 51.5297], [-0.01215, 51.529655], [-0.011627, 51.5296], [-0.011494, 51.529581], [-0.011191, 51.529534], [-0.010854, 51.529486], [-0.010733, 51.529465], [-0.010681, 51.529472], [-0.010634, 51.529505], [-0.010648, 51.529591], [-0.010719, 51.529722], [-0.010855, 51.529823], [-0.011018, 51.529932], [-0.011119, 51.529991], [-0.011293, 51.530061], [-0.011341, 51.530081], [-0.011393, 51.530074], [-0.01145, 51.530031], [-0.011485, 51.530009], [-0.01154, 51.530002], [-0.011622, 51.529996], [-0.011652, 51.530021], [-0.011684, 51.530052], [-0.011748, 51.530061], [-0.011808, 51.530089], [-0.011855, 51.530122], [-0.011894, 51.530136], [-0.011911, 51.530163], [-0.011926, 51.530182], [-0.01201, 51.530204], [-0.011929, 51.530243], [-0.011899, 51.530221], [-0.011544, 51.530396], [-0.011523, 51.530398], [-0.011437, 51.530337], [-0.011214, 51.530198], [-0.011065, 51.530103], [-0.010798, 51.529929], [-0.0107, 51.529866], [-0.010649, 51.529844], [-0.010575, 51.529736], [-0.010489, 51.529598], [-0.010469, 51.529504], [-0.010451, 51.529489], [-0.01047, 51.529474], [-0.010457, 51.52942], [-0.010441, 51.529304], [-0.010393, 51.529143], [-0.010359, 51.529013], [-0.010314, 51.528931], [-0.010293, 51.528791], [-0.010271, 51.528717], [-0.010202, 51.528632], [-0.010115, 51.528529], [-0.00997, 51.528419], [-0.009795, 51.528309], [-0.009629, 51.528201], [-0.009542, 51.528156], [-0.00949, 51.528153], [-0.009449, 51.528132], [-0.009372, 51.528148], [-0.009329, 51.528153], [-0.009287, 51.52816], [-0.009164, 51.52801], [-0.009172, 51.528001], [-0.009186, 51.527988], [-0.009187, 51.527979], [-0.009151, 51.527958], [-0.00906, 51.527907], [-0.008877, 51.527806], [-0.008699, 51.527704], [-0.008584, 51.527631], [-0.00852, 51.527587], [-0.008492, 51.527554], [-0.008451, 51.527491], [-0.008413, 51.527411], [-0.008391, 51.527327], [-0.008366, 51.527222], [-0.008375, 51.527209], [-0.008351, 51.527163], [-0.008319, 51.527083], [-0.008258, 51.526979], [-0.008203, 51.526906], [-0.008123, 51.526821], [-0.008021, 51.526724], [-0.007943, 51.526709], [-0.007878, 51.526668], [-0.007706, 51.526531], [-0.007587, 51.526443], [-0.007512, 51.526381], [-0.007465, 51.526338], [-0.007422, 51.526279], [-0.00737, 51.526186], [-0.007328, 51.526095], [-0.007303, 51.526025], [-0.007299, 51.525946], [-0.007297, 51.525865], [-0.007332, 51.525747], [-0.00737, 51.525643], [-0.007412, 51.525575], [-0.007485, 51.525467], [-0.00759, 51.525333], [-0.00767, 51.525207], [-0.00769, 51.525169], [-0.007732, 51.525052], [-0.007772, 51.524875], [-0.007784, 51.524731], [-0.007803, 51.524517], [-0.007804, 51.524476], [-0.007824, 51.524078], [-0.007819, 51.523498], [-0.007773, 51.523335], [-0.007818, 51.523343], [-0.007857, 51.523325], [-0.007882, 51.52337], [-0.007905, 51.523372], [-0.007884, 51.523287], [-0.007943, 51.523288], [-0.007978, 51.523269], [-0.008005, 51.523317], [-0.008029, 51.523321], [-0.008038, 51.523297], [-0.008008, 51.52323], [-0.008054, 51.523232], [-0.008093, 51.523221], [-0.008112, 51.523269], [-0.008144, 51.523271], [-0.008168, 51.52324], [-0.008164, 51.52316], [-0.008211, 51.523175], [-0.008251, 51.523158], [-0.008256, 51.523221], [-0.008609, 51.523318], [-0.00836, 51.523839], [-0.008322, 51.524021], [-0.008303, 51.524106], [-0.008303, 51.524373], [-0.00833, 51.524592], [-0.008287, 51.524597], [-0.008281, 51.524824], [-0.008244, 51.524954], [-0.008166, 51.525134], [-0.008041, 51.525351], [-0.007919, 51.52548], [-0.007847, 51.525526], [-0.007867, 51.525557], [-0.00812, 51.525498], [-0.008145, 51.525554], [-0.007821, 51.52564], [-0.007753, 51.525656], [-0.007683, 51.525719], [-0.007619, 51.525926], [-0.0076, 51.526009], [-0.007649, 51.526159], [-0.007795, 51.526306], [-0.008112, 51.526513], [-0.008303, 51.526693], [-0.008468, 51.526903], [-0.008539, 51.527143], [-0.008558, 51.5272], [-0.008597, 51.527286], [-0.008829, 51.5275], [-0.008968, 51.527593], [-0.009228, 51.527739], [-0.009539, 51.527869], [-0.009865, 51.528031], [-0.010305, 51.528282], [-0.01038, 51.528327], [-0.010367, 51.528348], [-0.010529, 51.528484], [-0.010588, 51.528586], [-0.01063, 51.528613], [-0.01074, 51.528885], [-0.010794, 51.529039], [-0.010792, 51.529082], [-0.010853, 51.529165], [-0.010935, 51.52925], [-0.01103, 51.529298], [-0.01122, 51.52936], [-0.011383, 51.529389], [-0.01176, 51.529434], [-0.01237, 51.529501], [-0.012808, 51.529547], [-0.013062, 51.529581], [-0.013268, 51.529627], [-0.013654, 51.529723], [-0.013875, 51.52978], [-0.014139, 51.529829]]]}, "properties": {"OBJECTID": 28, "Name": "River Lea", "Type": "Canal", "FirstSeries": 1, "FirstRevision": 1}}, {"type": "Feature", "id": 29, "geometry": {"type": "Polygon", "coordinates": [[[-0.020137, 51.552186], [-0.020461, 51.552074], [-0.020643, 51.552109], [-0.020659, 51.552119], [-0.020757, 51.552195], [-0.020841, 51.552268], [-0.020853, 51.552303], [-0.020846, 51.552354], [-0.02082, 51.552381], [-0.0208, 51.552405], [-0.020749, 51.55244], [-0.02068, 51.552485], [-0.0206, 51.552537], [-0.020513, 51.552582], [-0.020346, 51.552661], [-0.020282, 51.552693], [-0.020144, 51.552774], [-0.020076, 51.552831], [-0.02006, 51.552853], [-0.020059, 51.552874], [-0.02005, 51.552925], [-0.020046, 51.55298], [-0.020065, 51.553035], [-0.020111, 51.553066], [-0.020153, 51.553103], [-0.02021, 51.553125], [-0.020259, 51.553142], [-0.020344, 51.553159], [-0.02043, 51.553175], [-0.020537, 51.553188], [-0.020653, 51.553205], [-0.020763, 51.553217], [-0.020816, 51.553215], [-0.020922, 51.553201], [-0.02097, 51.553192], [-0.021053, 51.553153], [-0.021127, 51.553126], [-0.021209, 51.553102], [-0.021305, 51.553065], [-0.021375, 51.553013], [-0.021418, 51.552959], [-0.021499, 51.552894], [-0.021602, 51.552837], [-0.021708, 51.552798], [-0.021793, 51.552778], [-0.021874, 51.552773], [-0.021954, 51.552776], [-0.022076, 51.552784], [-0.022182, 51.5528], [-0.022288, 51.552828], [-0.022386, 51.552861], [-0.022482, 51.552904], [-0.02256, 51.552927], [-0.02264, 51.55296], [-0.022772, 51.553014], [-0.022856, 51.553064], [-0.022937, 51.553109], [-0.023027, 51.553175], [-0.023148, 51.553276], [-0.023208, 51.553336], [-0.023234, 51.553365], [-0.023236, 51.553387], [-0.023216, 51.553424], [-0.02327, 51.553458], [-0.023278, 51.553487], [-0.023295, 51.553512], [-0.023327, 51.553546], [-0.023335, 51.553576], [-0.023344, 51.553625], [-0.023334, 51.553674], [-0.023308, 51.553706], [-0.023237, 51.553769], [-0.023134, 51.55385], [-0.022991, 51.553927], [-0.022868, 51.553991], [-0.022858, 51.554008], [-0.022836, 51.554164], [-0.022833, 51.554279], [-0.022849, 51.554301], [-0.022878, 51.55433], [-0.022922, 51.554371], [-0.02295, 51.554402], [-0.02302, 51.554424], [-0.023176, 51.554454], [-0.023248, 51.554465], [-0.023299, 51.554466], [-0.023365, 51.554466], [-0.023421, 51.554468], [-0.023437, 51.554464], [-0.023521, 51.554426], [-0.023563, 51.554414], [-0.023586, 51.554407], [-0.023662, 51.55437], [-0.023682, 51.554373], [-0.023743, 51.554368], [-0.023771, 51.554353], [-0.023821, 51.554338], [-0.023893, 51.55433], [-0.024033, 51.554241], [-0.024174, 51.554188], [-0.024223, 51.554177], [-0.024359, 51.554142], [-0.024586, 51.554084], [-0.024757, 51.554046], [-0.024875, 51.554045], [-0.025005, 51.554068], [-0.02515, 51.554113], [-0.025252, 51.55416], [-0.025365, 51.554232], [-0.025502, 51.554339], [-0.025602, 51.554433], [-0.025799, 51.554626], [-0.025896, 51.554761], [-0.025905, 51.554791], [-0.025902, 51.554828], [-0.025909, 51.554845], [-0.025672, 51.554881], [-0.025669, 51.554859], [-0.025648, 51.554808], [-0.025598, 51.554754], [-0.025562, 51.554713], [-0.025528, 51.554662], [-0.025462, 51.554579], [-0.025439, 51.554519], [-0.025401, 51.554477], [-0.025357, 51.55443], [-0.025338, 51.554411], [-0.025314, 51.554406], [-0.025323, 51.554418], [-0.025352, 51.554451], [-0.025345, 51.554463], [-0.02533, 51.554456], [-0.025294, 51.554414], [-0.025286, 51.554383], [-0.02527, 51.554362], [-0.025219, 51.554341], [-0.025167, 51.554319], [-0.025121, 51.554295], [-0.025079, 51.554269], [-0.024995, 51.554244], [-0.024919, 51.554218], [-0.024801, 51.554191], [-0.024736, 51.554188], [-0.024708, 51.55419], [-0.024597, 51.554217], [-0.024469, 51.554257], [-0.024391, 51.554294], [-0.02427, 51.554339], [-0.024191, 51.554366], [-0.024019, 51.554424], [-0.023834, 51.554491], [-0.023655, 51.554578], [-0.023553, 51.554603], [-0.023512, 51.554607], [-0.023458, 51.554606], [-0.023334, 51.554594], [-0.023241, 51.554588], [-0.023125, 51.554584], [-0.023066, 51.554574], [-0.022975, 51.554561], [-0.022925, 51.554542], [-0.02289, 51.554504], [-0.022811, 51.554463], [-0.022755, 51.554442], [-0.022686, 51.554418], [-0.022639, 51.554379], [-0.022605, 51.554323], [-0.022624, 51.554296], [-0.022633, 51.554245], [-0.02264, 51.554173], [-0.022634, 51.554149], [-0.022655, 51.554123], [-0.022665, 51.554093], [-0.022682, 51.553977], [-0.02271, 51.553948], [-0.022839, 51.553862], [-0.022981, 51.553808], [-0.023019, 51.553778], [-0.023031, 51.553748], [-0.023071, 51.553683], [-0.023116, 51.553617], [-0.023122, 51.553559], [-0.023086, 51.553503], [-0.022957, 51.553339], [-0.022879, 51.553285], [-0.022761, 51.553222], [-0.022561, 51.553121], [-0.022315, 51.553023], [-0.022199, 51.55298], [-0.022035, 51.55293], [-0.021933, 51.552908], [-0.021888, 51.552896], [-0.021839, 51.552902], [-0.02178, 51.55292], [-0.021638, 51.552995], [-0.021613, 51.553014], [-0.02151, 51.553105], [-0.021378, 51.553225], [-0.021307, 51.553267], [-0.021214, 51.553297], [-0.020809, 51.553347], [-0.020512, 51.553309], [-0.020357, 51.553287], [-0.020301, 51.553298], [-0.020137, 51.553279], [-0.020082, 51.55324], [-0.019994, 51.553194], [-0.019901, 51.55312], [-0.019838, 51.55301], [-0.019821, 51.552944], [-0.019846, 51.552876], [-0.019859, 51.55284], [-0.019901, 51.552784], [-0.020027, 51.552665], [-0.020124, 51.552604], [-0.020177, 51.552576], [-0.020187, 51.552548], [-0.020242, 51.552512], [-0.020264, 51.55251], [-0.02034, 51.552478], [-0.020419, 51.552424], [-0.020475, 51.552352], [-0.020488, 51.552314], [-0.020441, 51.55229], [-0.020333, 51.552226], [-0.020137, 51.552186]]]}, "properties": {"OBJECTID": 29, "Name": "River Lea", "Type": "River", "FirstSeries": 1, "FirstRevision": 1}}, {"type": "Feature", "id": 30, "geometry": {"type": "Polygon", "coordinates": [[[-0.025909, 51.554845], [-0.025892, 51.554889], [-0.025922, 51.554996], [-0.025935, 51.555042], [-0.025929, 51.555101], [-0.025877, 51.555157], [-0.025844, 51.555204], [-0.025798, 51.555318], [-0.025732, 51.555426], [-0.0257, 51.555454], [-0.025655, 51.555532], [-0.025618, 51.555579], [-0.025551, 51.555625], [-0.025431, 51.555664], [-0.025396, 51.555677], [-0.025242, 51.555803], [-0.02512, 51.555901], [-0.025091, 51.555955], [-0.025094, 51.556041], [-0.025121, 51.556122], [-0.02509, 51.556146], [-0.025103, 51.556201], [-0.025164, 51.556287], [-0.025208, 51.556331], [-0.025315, 51.55649], [-0.025399, 51.556593], [-0.025385, 51.55665], [-0.025408, 51.556724], [-0.025389, 51.556807], [-0.025345, 51.556861], [-0.025289, 51.556929], [-0.02511, 51.556998], [-0.02499, 51.557039], [-0.024875, 51.557046], [-0.024811, 51.557033], [-0.024631, 51.556956], [-0.024568, 51.556915], [-0.024504, 51.556888], [-0.024403, 51.55685], [-0.024346, 51.556847], [-0.024261, 51.556872], [-0.024179, 51.556915], [-0.024138, 51.556972], [-0.024105, 51.557024], [-0.024084, 51.557157], [-0.024061, 51.557344], [-0.024052, 51.55747], [-0.024076, 51.557606], [-0.024065, 51.55768], [-0.024089, 51.557756], [-0.024119, 51.557854], [-0.024195, 51.558046], [-0.024238, 51.558177], [-0.024253, 51.558278], [-0.024298, 51.558393], [-0.024349, 51.558524], [-0.024472, 51.5587], [-0.024565, 51.558837], [-0.024704, 51.558978], [-0.024884, 51.559138], [-0.025078, 51.559324], [-0.025236, 51.559462], [-0.025466, 51.559628], [-0.025544, 51.559684], [-0.025703, 51.559801], [-0.025824, 51.559905], [-0.025984, 51.559998], [-0.026092, 51.560067], [-0.026201, 51.560109], [-0.026288, 51.560125], [-0.026505, 51.560145], [-0.026672, 51.560162], [-0.026823, 51.560196], [-0.026989, 51.560239], [-0.027124, 51.560305], [-0.027205, 51.560376], [-0.02732, 51.560449], [-0.027427, 51.56052], [-0.027606, 51.560628], [-0.027762, 51.560723], [-0.027882, 51.560775], [-0.028025, 51.56083], [-0.028175, 51.56088], [-0.028315, 51.560911], [-0.028436, 51.560937], [-0.028613, 51.560992], [-0.028865, 51.561094], [-0.029127, 51.561196], [-0.02934, 51.561304], [-0.029618, 51.561425], [-0.029958, 51.561578], [-0.030228, 51.56169], [-0.030357, 51.561718], [-0.030548, 51.561726], [-0.0308, 51.561726], [-0.031125, 51.561712], [-0.031438, 51.561708], [-0.03175, 51.561716], [-0.031906, 51.561735], [-0.032177, 51.561749], [-0.032394, 51.56175], [-0.0326, 51.561751], [-0.032712, 51.561727], [-0.032794, 51.561685], [-0.032873, 51.561618], [-0.032861, 51.561556], [-0.032753, 51.561494], [-0.032638, 51.561407], [-0.032543, 51.561386], [-0.032448, 51.561387], [-0.032365, 51.561371], [-0.032269, 51.561374], [-0.032052, 51.561359], [-0.031832, 51.561341], [-0.031662, 51.561298], [-0.031595, 51.561254], [-0.031568, 51.561158], [-0.031537, 51.561081], [-0.031553, 51.560979], [-0.031599, 51.56089], [-0.031709, 51.560815], [-0.03202, 51.560692], [-0.032085, 51.560677], [-0.032319, 51.560659], [-0.032499, 51.560638], [-0.032749, 51.560607], [-0.033045, 51.560564], [-0.033186, 51.56055], [-0.033339, 51.56056], [-0.033521, 51.560577], [-0.033625, 51.560572], [-0.033678, 51.56058], [-0.033753, 51.560605], [-0.033905, 51.560629], [-0.03406, 51.56066], [-0.034245, 51.56071], [-0.034409, 51.560789], [-0.034609, 51.56085], [-0.034736, 51.560919], [-0.035013, 51.561033], [-0.035317, 51.56115], [-0.035576, 51.561263], [-0.035674, 51.561284], [-0.03594, 51.561317], [-0.036324, 51.561361], [-0.036651, 51.561374], [-0.036926, 51.561379], [-0.037264, 51.561339], [-0.037392, 51.561296], [-0.037527, 51.561265], [-0.037707, 51.561242], [-0.037831, 51.561199], [-0.03796, 51.56112], [-0.038126, 51.561082], [-0.03838, 51.561048], [-0.03867, 51.561037], [-0.038842, 51.561047], [-0.03897, 51.56107], [-0.039103, 51.561099], [-0.03918, 51.561157], [-0.039037, 51.56129], [-0.038996, 51.561273], [-0.038939, 51.561272], [-0.038886, 51.561254], [-0.038841, 51.561246], [-0.038795, 51.561246], [-0.038759, 51.561271], [-0.038576, 51.561266], [-0.038356, 51.56125], [-0.038233, 51.561253], [-0.038053, 51.561276], [-0.037903, 51.561309], [-0.037674, 51.561398], [-0.037445, 51.561466], [-0.037183, 51.561528], [-0.036972, 51.561546], [-0.036701, 51.561565], [-0.036464, 51.561561], [-0.036058, 51.5615], [-0.035691, 51.561437], [-0.035415, 51.561361], [-0.03527, 51.561277], [-0.035112, 51.561229], [-0.034734, 51.561123], [-0.034366, 51.560996], [-0.034022, 51.560833], [-0.033621, 51.560745], [-0.033306, 51.560699], [-0.033035, 51.560704], [-0.0328, 51.560741], [-0.032593, 51.560776], [-0.032392, 51.56082], [-0.032003, 51.560897], [-0.031845, 51.560951], [-0.031758, 51.561004], [-0.03173, 51.561044], [-0.031752, 51.561066], [-0.031784, 51.561112], [-0.031832, 51.561158], [-0.031922, 51.561195], [-0.03207, 51.561221], [-0.032332, 51.561247], [-0.03252, 51.561231], [-0.032641, 51.561247], [-0.032834, 51.561277], [-0.032951, 51.561312], [-0.033056, 51.561359], [-0.033163, 51.561456], [-0.033213, 51.561524], [-0.033192, 51.561661], [-0.033099, 51.561771], [-0.032946, 51.561871], [-0.032842, 51.561908], [-0.03272, 51.561896], [-0.032296, 51.561891], [-0.032205, 51.561875], [-0.032124, 51.5619], [-0.031819, 51.561898], [-0.031723, 51.56191], [-0.0316, 51.56192], [-0.03138, 51.561907], [-0.031054, 51.561928], [-0.030702, 51.561955], [-0.030515, 51.561942], [-0.030282, 51.561869], [-0.029796, 51.561709], [-0.029463, 51.561561], [-0.029311, 51.561449], [-0.029221, 51.561411], [-0.029052, 51.561356], [-0.028781, 51.561254], [-0.028386, 51.561129], [-0.028001, 51.561029], [-0.02779, 51.560959], [-0.027614, 51.560878], [-0.027366, 51.560707], [-0.027185, 51.560573], [-0.027048, 51.560478], [-0.026786, 51.560352], [-0.026575, 51.560294], [-0.026415, 51.560272], [-0.026089, 51.560233], [-0.025881, 51.560175], [-0.025716, 51.560101], [-0.025661, 51.56005], [-0.025607, 51.559985], [-0.02551, 51.559926], [-0.02537, 51.559814], [-0.025203, 51.559702], [-0.024881, 51.559461], [-0.024627, 51.559243], [-0.024342, 51.558967], [-0.024159, 51.558771], [-0.024048, 51.558524], [-0.023966, 51.558299], [-0.023838, 51.557983], [-0.023776, 51.557756], [-0.023744, 51.557605], [-0.023701, 51.557549], [-0.023827, 51.557327], [-0.023852, 51.557249], [-0.023847, 51.557159], [-0.02385, 51.557082], [-0.023909, 51.557035], [-0.023915, 51.556917], [-0.023946, 51.556852], [-0.024172, 51.556701], [-0.024411, 51.556693], [-0.024683, 51.556793], [-0.024881, 51.55685], [-0.02511, 51.556847], [-0.02518, 51.556777], [-0.025215, 51.556641], [-0.025036, 51.55637], [-0.024899, 51.556231], [-0.024763, 51.556056], [-0.024747, 51.555985], [-0.024778, 51.555926], [-0.024859, 51.555826], [-0.025122, 51.555706], [-0.025515, 51.555433], [-0.025628, 51.555262], [-0.025695, 51.555025], [-0.025672, 51.554881], [-0.025909, 51.554845]]]}, "properties": {"OBJECTID": 30, "Name": "River Lea", "Type": "River", "FirstSeries": 1, "FirstRevision": 1}}, {"type": "Feature", "id": 31, "geometry": {"type": "Polygon", "coordinates": [[[-0.011461, 51.531655], [-0.011226, 51.531769], [-0.011097, 51.531804], [-0.011046, 51.531756], [-0.011402, 51.531613], [-0.011454, 51.531625], [-0.011461, 51.531655]]]}, "properties": {"OBJECTID": 31, "Name": null, "Type": null, "FirstSeries": 1, "FirstRevision": 1}}, {"type": "Feature", "id": 32, "geometry": {"type": "Polygon", "coordinates": [[[-0.021106, 51.537883], [-0.021093, 51.537908], [-0.02109, 51.537927], [-0.021056, 51.537943], [-0.02102, 51.537919], [-0.021028, 51.537884], [-0.021007, 51.537842], [-0.020975, 51.537874], [-0.020966, 51.537917], [-0.020921, 51.537937], [-0.020888, 51.537914], [-0.020893, 51.537862], [-0.020855, 51.537833], [-0.020766, 51.537771], [-0.020736, 51.537756], [-0.020692, 51.537755], [-0.020684, 51.537758], [-0.020675, 51.537763], [-0.020565, 51.537652], [-0.020575, 51.537634], [-0.020601, 51.537612], [-0.02065, 51.537563], [-0.020643, 51.53756], [-0.020718, 51.537501], [-0.020848, 51.537393], [-0.020975, 51.537287], [-0.021086, 51.537157], [-0.021124, 51.537102], [-0.021148, 51.537041], [-0.021163, 51.536962], [-0.021162, 51.536884], [-0.021146, 51.536799], [-0.021137, 51.536764], [-0.021073, 51.536653], [-0.021006, 51.536549], [-0.020961, 51.536501], [-0.020911, 51.536446], [-0.02085, 51.536388], [-0.020781, 51.536334], [-0.020657, 51.536267], [-0.020446, 51.536175], [-0.020249, 51.536098], [-0.020145, 51.536057], [-0.020098, 51.536034], [-0.020011, 51.535972], [-0.019868, 51.535855], [-0.019688, 51.535699], [-0.019525, 51.535559], [-0.019477, 51.535514], [-0.0194, 51.535433], [-0.019221, 51.535137], [-0.019102, 51.534964], [-0.019033, 51.534866], [-0.018989, 51.534783], [-0.018972, 51.53459], [-0.018966, 51.534503], [-0.018957, 51.534352], [-0.018941, 51.534292], [-0.018897, 51.534204], [-0.018821, 51.534111], [-0.01868, 51.53399], [-0.018424, 51.53382], [-0.018227, 51.533706], [-0.018152, 51.533654], [-0.018061, 51.53359], [-0.01801, 51.533539], [-0.017949, 51.533468], [-0.017888, 51.533363], [-0.017828, 51.533201], [-0.017815, 51.533136], [-0.017813, 51.533083], [-0.017826, 51.533038], [-0.017912, 51.532898], [-0.017996, 51.532758], [-0.018053, 51.532665], [-0.01808, 51.53262], [-0.018093, 51.532574], [-0.018105, 51.53252], [-0.018097, 51.532439], [-0.018062, 51.532357], [-0.018047, 51.532336], [-0.017839, 51.532163], [-0.017775, 51.532115], [-0.017691, 51.532032], [-0.017646, 51.531963], [-0.017608, 51.531838], [-0.017587, 51.531736], [-0.017562, 51.531691], [-0.017507, 51.531631], [-0.017441, 51.531578], [-0.017343, 51.531504], [-0.017214, 51.531431], [-0.017001, 51.531319], [-0.016849, 51.531238], [-0.016701, 51.531164], [-0.01651, 51.531088], [-0.016282, 51.531017], [-0.016097, 51.53095], [-0.016012, 51.530917], [-0.015809, 51.530838], [-0.015679, 51.530786], [-0.015543, 51.530736], [-0.015417, 51.530693], [-0.015165, 51.530643], [-0.014959, 51.530601], [-0.014796, 51.530567], [-0.014617, 51.530515], [-0.014447, 51.530468], [-0.014276, 51.5304], [-0.014173, 51.530349], [-0.014075, 51.530282], [-0.013971, 51.530216], [-0.013913, 51.530175], [-0.013926, 51.530148], [-0.01389, 51.530015], [-0.01382, 51.529988], [-0.013959, 51.529913], [-0.014139, 51.529829], [-0.014183, 51.529871], [-0.014209, 51.529886], [-0.014197, 51.529904], [-0.014189, 51.529931], [-0.014235, 51.529981], [-0.014384, 51.530124], [-0.014527, 51.530212], [-0.014599, 51.530241], [-0.014881, 51.530341], [-0.015208, 51.530452], [-0.015479, 51.530541], [-0.015796, 51.530661], [-0.016017, 51.53074], [-0.016107, 51.53077], [-0.016208, 51.530812], [-0.016326, 51.530857], [-0.016614, 51.530959], [-0.016686, 51.530991], [-0.01679, 51.531027], [-0.017037, 51.531136], [-0.017211, 51.531227], [-0.017437, 51.53135], [-0.01756, 51.531423], [-0.017616, 51.531451], [-0.017656, 51.531477], [-0.017753, 51.531612], [-0.017798, 51.531675], [-0.017939, 51.531869], [-0.017992, 51.531953], [-0.017999, 51.53201], [-0.018011, 51.532054], [-0.018017, 51.532076], [-0.018243, 51.532235], [-0.018285, 51.532225], [-0.018338, 51.53222], [-0.018393, 51.532326], [-0.018429, 51.532441], [-0.018425, 51.532528], [-0.018413, 51.532591], [-0.018375, 51.53268], [-0.018301, 51.532813], [-0.018221, 51.532952], [-0.01817, 51.533085], [-0.018152, 51.53313], [-0.018163, 51.533145], [-0.018253, 51.533333], [-0.018311, 51.533416], [-0.018425, 51.533528], [-0.018603, 51.533653], [-0.018574, 51.533677], [-0.018762, 51.53379], [-0.018799, 51.533768], [-0.018857, 51.533812], [-0.018968, 51.533892], [-0.019095, 51.534017], [-0.019166, 51.534118], [-0.019216, 51.53423], [-0.019242, 51.534332], [-0.019242, 51.534548], [-0.01923, 51.534698], [-0.019269, 51.534764], [-0.019408, 51.534979], [-0.019469, 51.535064], [-0.019486, 51.535077], [-0.019503, 51.535108], [-0.019579, 51.535205], [-0.019605, 51.535201], [-0.019635, 51.535231], [-0.019621, 51.535245], [-0.01987, 51.535523], [-0.019876, 51.535548], [-0.019926, 51.535602], [-0.020292, 51.535923], [-0.020406, 51.535942], [-0.020612, 51.535999], [-0.020892, 51.53608], [-0.021206, 51.536223], [-0.021231, 51.536284], [-0.021257, 51.536361], [-0.021298, 51.536434], [-0.02203, 51.536588], [-0.022001, 51.536636], [-0.021522, 51.536544], [-0.021465, 51.536538], [-0.021446, 51.536545], [-0.021378, 51.53654], [-0.021311, 51.536606], [-0.021301, 51.536633], [-0.021315, 51.536674], [-0.021363, 51.536772], [-0.021365, 51.536789], [-0.021385, 51.53679], [-0.021468, 51.536832], [-0.021501, 51.536867], [-0.021502, 51.536896], [-0.021499, 51.53706], [-0.021491, 51.537101], [-0.021432, 51.53718], [-0.02128, 51.537363], [-0.02121, 51.537813], [-0.021202, 51.53784], [-0.021152, 51.537844], [-0.021127, 51.53784], [-0.021106, 51.537883]]]}, "properties": {"OBJECTID": 32, "Name": "River Lea", "Type": "Canal", "FirstSeries": 0, "FirstRevision": 1}}]}