{"type":"FeatureCollection","features":[{"type":"Feature","id":"way/198310000","geometry":{"type":"LineString","coordinates":[[-0.088887,51.518416],[-0.088964,51.518442],[-0.09168,51.51937],[-0.092362,51.519709],[-0.093067,51.519939],[-0.093494,51.520028],[-0.093939,51.520093],[-0.095199,51.520165],[-0.096174,51.520236],[-0.098103,51.520271],[-0.099562,51.520196],[-0.100565,51.519977],[-0.101458,51.519717],[-0.102497,51.519628],[-0.103264,51.51969],[-0.103749,51.519803],[-0.1042,51.519971],[-0.104527,51.520148]]},"properties":{"category":"rail","kind":"subway","name":"Metropolitan Railway"}},{"type":"Feature","id":"way/198310012","geometry":{"type":"LineString","coordinates":[[-0.108241,51.52342],[-0.108682,51.523691],[-0.111752,51.52562],[-0.111907,51.525718],[-0.112339,51.525986],[-0.112994,51.526387],[-0.113605,51.526936],[-0.114569,51.527558],[-0.115029,51.527853],[-0.116153,51.528527],[-0.11654,51.528748],[-0.117675,51.529345],[-0.118679,51.529932],[-0.119133,51.530152],[-0.119521,51.530272],[-0.119878,51.530366],[-0.120258,51.530458],[-0.120623,51.530582],[-0.121031,51.530659],[-0.121809,51.530586],[-0.122577,51.530546],[-0.123391,51.530392],[-0.123851,51.530213],[-0.12454,51.530012],[-0.125753,51.529539],[-0.126544,51.529237],[-0.132973,51.526755],[-0.133179,51.526683],[-0.133761,51.526487],[-0.13467,51.526193],[-0.135856,51.525828],[-0.13723,51.525403],[-0.138855,51.524996],[-0.140568,51.524583],[-0.142355,51.524209],[-0.144168,51.5239],[-0.145955,51.523684],[-0.146284,51.523645],[-0.147188,51.523537],[-0.148545,51.523372],[-0.150233,51.523163],[-0.15213,51.522923],[-0.154113,51.522666],[-0.156059,51.522405],[-0.157848,51.522151],[-0.159356,51.52192],[-0.160461,51.521722],[-0.160614,51.521697],[-0.161049,51.521622],[-0.161721,51.521493],[-0.16259,51.521308],[-0.163615,51.521064],[-0.164752,51.520759],[-0.165962,51.520389],[-0.167201,51.519951],[-0.16781,51.519706],[-0.168428,51.519444],[-0.169601,51.518865]]},"properties":{"category":"rail","kind":"subway","name":"Metropolitan Railway"}},{"type":"Feature","id":"way/198310091","geometry":{"type":"LineString","coordinates":[[-0.178945,51.518547],[-0.17935,51.518613],[-0.179778,51.518653],[-0.180223,51.518658],[-0.180249,51.518656],[-0.180329,51.518653],[-0.180471,51.518649],[-0.180678,51.518648],[-0.180957,51.51865],[-0.181312,51.518658],[-0.18175,51.518674],[-0.182169,51.518717],[-0.182563,51.51874],[-0.183613,51.518788],[-0.184866,51.518843],[-0.184913,51.518845],[-0.185043,51.518851],[-0.185238,51.51886],[-0.185481,51.518872],[-0.185754,51.518885],[-0.186041,51.518898],[-0.186325,51.518911],[-0.186586,51.518923],[-0.186809,51.518934],[-0.186977,51.518941],[-0.187133,51.518951],[-0.187327,51.518966],[-0.187545,51.518985],[-0.187775,51.519008],[-0.188005,51.519031],[-0.188221,51.519053],[-0.188411,51.519073],[-0.188562,51.51909],[-0.188663,51.519101],[-0.188699,51.519105],[-0.188728,51.519108],[-0.188812,51.519118],[-0.188943,51.519133],[-0.189112,51.519152],[-0.189313,51.519174],[-0.189538,51.519199],[-0.189779,51.519224],[-0.190028,51.51925],[-0.190279,51.519275],[-0.190523,51.519298],[-0.190788,51.519323],[-0.191096,51.519352],[-0.19143,51.519383],[-0.191774,51.519415],[-0.19211,51.519446],[-0.192423,51.519475],[-0.192696,51.519501],[-0.192911,51.519521],[-0.193052,51.519534],[-0.193103,51.519539],[-0.19431,51.519619],[-0.194322,51.51962],[-0.194358,51.519624],[-0.194415,51.519631],[-0.194492,51.519639],[-0.194587,51.519649],[-0.194697,51.519661],[-0.194821,51.519673],[-0.194956,51.519686],[-0.195101,51.519699],[-0.195254,51.519712],[-0.195409,51.519727],[-0.195558,51.519744],[-0.195699,51.519763],[-0.19583,51.519783],[-0.195948,51.519802],[-0.19605,51.51982],[-0.196135,51.519836],[-0.196198,51.519848],[-0.196238,51.519856],[-0.196252,51.519859],[-0.198129,51.520206],[-0.198148,51.52021],[-0.198199,51.520219],[-0.19828,51.520234],[-0.198385,51.520254],[-0.198511,51.520278],[-0.198652,51.520307],[-0.198804,51.520339],[-0.198963,51.520373],[-0.199124,51.520411],[-0.199283,51.52045],[-0.199309,51.520458],[-0.199381,51.520479],[-0.199489,51.520511],[-0.199626,51.52055],[-0.19978,51.520595],[-0.199944,51.52064],[-0.200109,51.520685],[-0.200264,51.520726],[-0.200401,51.52076],[-0.200511,51.520784],[-0.200535,51.52079],[-0.200604,51.520808],[-0.200713,51.520833],[-0.200855,51.520862],[-0.201026,51.520894],[-0.20122,51.520923],[-0.201432,51.520948],[-0.201656,51.520964],[-0.201888,51.52097],[-0.202121,51.520961],[-0.202349,51.520939],[-0.20257,51.52091],[-0.202779,51.520876],[-0.202972,51.520839],[-0.203145,51.520801],[-0.203295,51.520765],[-0.203419,51.520733],[-0.203512,51.520707],[-0.20357,51.52069],[-0.20359,51.520684],[-0.203609,51.520678],[-0.203664,51.520661],[-0.20375,51.52063],[-0.203866,51.520585],[-0.204007,51.520525],[-0.20417,51.520449],[-0.204351,51.520355],[-0.204548,51.520242],[-0.204757,51.520109],[-0.204974,51.519956],[-0.205967,51.519148],[-0.206005,51.519118],[-0.206118,51.519035],[-0.206305,51.518907],[-0.206565,51.518744],[-0.206898,51.518556],[-0.2073,51.518352],[-0.207773,51.518141],[-0.208315,51.517933],[-0.208923,51.517737],[-0.209599,51.517563],[-0.211921,51.517042],[-0.211964,51.517031],[-0.212086,51.516997],[-0.212276,51.516939],[-0.212523,51.516858],[-0.212817,51.516751],[-0.213147,51.516618],[-0.213503,51.516459],[-0.213873,51.516272],[-0.214247,51.516057],[-0.214614,51.515814],[-0.214719,51.515737],[-0.215002,51.515529],[-0.21542,51.515221],[-0.215927,51.514847],[-0.216481,51.514438],[-0.217036,51.514027],[-0.217548,51.513646],[-0.217972,51.513328],[-0.218264,51.513105],[-0.21838,51.513009],[-0.21843,51.512971],[-0.218569,51.512866],[-0.218783,51.512707],[-0.219057,51.512509],[-0.219375,51.512285],[-0.219723,51.512049],[-0.220085,51.511814],[-0.220448,51.511596],[-0.220794,51.511406],[-0.221111,51.51126],[-0.22265,51.510642],[-0.222707,51.510615],[-0.222863,51.510535],[-0.223129,51.510411],[-0.223419,51.510255],[-0.223735,51.510067],[-0.224071,51.509839],[-0.224389,51.509585],[-0.224695,51.509327],[-0.224952,51.509061],[-0.225139,51.508792],[-0.22516,51.508765],[-0.225217,51.508689],[-0.225301,51.508572],[-0.225405,51.508425],[-0.22552,51.508256],[-0.225637,51.508074],[-0.225748,51.507888],[-0.225845,51.507707],[-0.225919,51.50754],[-0.225963,51.507397],[-0.225978,51.50733],[-0.226019,51.507146],[-0.22608,51.506873],[-0.226155,51.506538],[-0.226237,51.506169],[-0.22632,51.505793],[-0.226398,51.505437],[-0.226465,51.505129],[-0.226514,51.504896],[-0.226539,51.504766],[-0.226548,51.504732],[-0.226571,51.504638],[-0.226605,51.504495],[-0.226644,51.504314],[-0.226686,51.504105],[-0.226726,51.503879],[-0.226759,51.503648],[-0.226782,51.503421],[-0.226791,51.50321],[-0.226781,51.503026],[-0.226731,51.502777],[-0.226594,51.502097],[-0.226419,51.501196]]},"properties":{"category":"rail","kind":"subway","name":"Metropolitan Railway"}},{"type":"Feature","id":"way/198310093","geometry":{"type":"LineString","coordinates":[[-0.089033,51.518347],[-0.091705,51.51935],[-0.092585,51.519757],[-0.093083,51.519911],[-0.093488,51.519993],[-0.093936,51.520061],[-0.094789,51.520118],[-0.095194,51.520141],[-0.096171,51.520193],[-0.098091,51.520233],[-0.099542,51.52016],[-0.100518,51.519916],[-0.101404,51.519669],[-0.102503,51.519565],[-0.103313,51.519626],[-0.103839,51.519753],[-0.104263,51.519916],[-0.104587,51.520096]]},"properties":{"category":"rail","kind":"subway","name":"Metropolitan Railway"}},{"type":"Feature","id":"way/198310123","geometry":{"type":"LineString","coordinates":[[-0.10473,51.519978],[-0.104692,51.519899],[-0.104474,51.519605],[-0.104419,51.519509],[-0.104375,51.51938],[-0.1043,51.518975],[-0.104237,51.518723],[-0.104112,51.5184],[-0.103968,51.517953],[-0.103874,51.517619],[-0.103766,51.517276],[-0.103683,51.517027],[-0.103662,51.516537],[-0.103677,51.51632],[-0.103694,51.516095],[-0.103747,51.515821],[-0.103769,51.515542],[-0.103767,51.515341],[-0.103865,51.515124],[-0.103925,51.51488],[-0.103949,51.514739],[-0.103909,51.514558],[-0.103886,51.514392],[-0.103861,51.514236],[-0.103826,51.514087]]},"properties":{"category":"rail","kind":"rail","name":null}},{"type":"Feature","id":"way/198310124","geometry":{"type":"LineString","coordinates":[[-0.10303,51.511536],[-0.103052,51.511225],[-0.103061,51.510901],[-0.103094,51.510614],[-0.103149,51.510287],[-0.103195,51.509892],[-0.103195,51.50929],[-0.103185,51.508439],[-0.103154,51.507572],[-0.103201,51.507295],[-0.103265,51.507026],[-0.103284,51.506888],[-0.103284,51.506764],[-0.103292,51.506611]]},"properties":{"category":"rail","kind":"rail","name":null}},{"type":"Feature","id":"way/198310125","geometry":{"type":"LineString","coordinates":[[-0.103886,51.514392],[-0.103838,51.514548],[-0.103754,51.514813],[-0.10369,51.514951],[-0.103661,51.515078],[-0.103606,51.515295],[-0.103592,51.515428],[-0.103541,51.51562],[-0.103453,51.516247]]},"properties":{"category":"rail","kind":"rail","name":null}},{"type":"Feature","id":"way/198310126","geometry":{"type":"LineString","coordinates":[[-0.103978,51.51783],[-0.103975,51.517796],[-0.103921,51.517637],[-0.103848,51.517303],[-0.103782,51.517043],[-0.103765,51.516539],[-0.103802,51.516126],[-0.103848,51.515643],[-0.103865,51.515305],[-0.103976,51.51489],[-0.104023,51.514547]]},"properties":{"category":"rail","kind":"rail","name":null}},{"type":"Feature","id":"way/198310127","geometry":{"type":"LineString","coordinates":[[-0.103631,51.512661],[-0.103521,51.512167],[-0.103375,51.511759],[-0.103354,51.51131],[-0.103373,51.510857],[-0.103396,51.510246],[-0.103433,51.509516],[-0.103437,51.508766],[-0.103442,51.50803],[-0.103504,51.507694],[-0.103503,51.507355],[-0.10344,51.506951],[-0.103292,51.506611],[-0.103257,51.506186]]},"properties":{"category":"rail","kind":"rail","name":null}},{"type":"Feature","id":"way/198310128","geometry":{"type":"LineString","coordinates":[[-0.101915,51.519274],[-0.102394,51.519154],[-0.102647,51.519065],[-0.102834,51.518996],[-0.102956,51.518938],[-0.103226,51.51883],[-0.103397,51.518672],[-0.103571,51.518479],[-0.103693,51.518319],[-0.103829,51.518059],[-0.103978,51.51783]]},"properties":{"category":"rail","kind":"rail","name":null}},{"type":"Feature","id":"way/198310129","geometry":{"type":"LineString","coordinates":[[-0.104798,51.519965],[-0.104549,51.51963],[-0.104523,51.519566],[-0.104486,51.519461],[-0.104446,51.519316],[-0.104407,51.519132],[-0.104376,51.518911],[-0.104296,51.518685],[-0.104197,51.518394],[-0.103978,51.51783]]},"properties":{"category":"rail","kind":"rail","name":null}},{"type":"Feature","id":"way/198310133","geometry":{"type":"LineString","coordinates":[[-0.105651,51.521014],[-0.107215,51.523009],[-0.107227,51.523022],[-0.107263,51.523059],[-0.107324,51.523119],[-0.10741,51.523198],[-0.107521,51.523295],[-0.107659,51.523407],[-0.107823,51.523531],[-0.108014,51.523665],[-0.108233,51.523807],[-0.108479,51.523955],[-0.114475,51.527671],[-0.115357,51.528163],[-0.115716,51.528423],[-0.116513,51.528802],[-0.117553,51.529398],[-0.118562,51.529996],[-0.119065,51.530213],[-0.119439,51.530336],[-0.119871,51.530464]]},"properties":{"category":"rail","kind":"rail","name":null}},{"type":"Feature","id":"way/198310134","geometry":{"type":"LineString","coordinates":[[-0.10473,51.519978],[-0.10442,51.519798],[-0.104241,51.519715],[-0.104009,51.519632],[-0.103678,51.519522],[-0.103456,51.519469],[-0.103256,51.519436],[-0.103008,51.519398],[-0.102397,51.519354],[-0.102203,51.519342],[-0.101677,51.519382],[-0.100465,51.519793],[-0.099494,51.52007],[-0.09914,51.520111],[-0.09804,51.520173],[-0.097788,51.52017]]},"properties":{"category":"rail","kind":"rail","name":null}},{"type":"Feature","id":"way/198310135","geometry":{"type":"LineString","coordinates":[[-0.119864,51.530491],[-0.119419,51.530371],[-0.119234,51.530318],[-0.119058,51.53025],[-0.118543,51.530042],[-0.117534,51.529465],[-0.116448,51.528844],[-0.115238,51.528217],[-0.114442,51.527693],[-0.10842,51.524005],[-0.108151,51.52384],[-0.107919,51.523685],[-0.107722,51.523543],[-0.107558,51.523414],[-0.107425,51.523301],[-0.10732,51.523206],[-0.107242,51.523128],[-0.107189,51.523071],[-0.107159,51.523036],[-0.107149,51.523024],[-0.105598,51.521029]]},"properties":{"category":"rail","kind":"rail","name":null}},{"type":"Feature","id":"way/198310136","geometry":{"type":"LineString","coordinates":[[-0.125753,51.529539],[-0.125645,51.529732],[-0.125487,51.529805],[-0.125047,51.529977],[-0.124153,51.530286],[-0.123915,51.530352]]},"properties":{"category":"rail","kind":"rail","name":null}},{"type":"Feature","id":"way/198310137","geometry":{"type":"LineString","coordinates":[[-0.123906,51.530295],[-0.124996,51.529922],[-0.125366,51.529779],[-0.12557,51.52967],[-0.125648,51.529482]]},"properties":{"category":"rail","kind":"rail","name":null}},{"type":"Feature","id":"way/198310138","geometry":{"type":"LineString","coordinates":[[-0.106757,51.522615],[-0.10727,51.522868]]},"properties":{"category":"rail","kind":"subway","name":"Metropolitan Railway"}},{"type":"Feature","id":"way/198310139","geometry":{"type":"LineString","coordinates":[[-0.10727,51.522868],[-0.108308,51.523379]]},"properties":{"category":"rail","kind":"subway","name":"Metropolitan Railway"}},{"type":"Feature","id":"way/198310140","geometry":{"type":"LineString","coordinates":[[-0.106708,51.522653],[-0.10726,51.52293]]},"properties":{"category":"rail","kind":"subway","name":"Metropolitan Railway"}},{"type":"Feature","id":"way/198310141","geometry":{"type":"LineString","coordinates":[[-0.10726,51.52293],[-0.108241,51.52342]]},"properties":{"category":"rail","kind":"subway","name":"Metropolitan Railway"}},{"type":"Feature","id":"way/198310142","geometry":{"type":"LineString","coordinates":[[-0.097775,51.5201],[-0.098049,51.520102],[-0.09863,51.5201],[-0.099117,51.520066],[-0.099453,51.520029],[-0.099679,51.519973],[-0.099964,51.519889],[-0.100177,51.519827],[-0.100472,51.519738],[-0.100689,51.519664],[-0.101643,51.519332],[-0.101915,51.519274],[-0.102456,51.519302],[-0.10313,51.519364],[-0.103703,51.519486],[-0.104107,51.519607],[-0.104399,51.519739],[-0.104555,51.519827],[-0.104692,51.519899],[-0.104798,51.519965]]},"properties":{"category":"rail","kind":"rail","name":null}},{"type":"Feature","id":"way/198310155","geometry":{"type":"LineString","coordinates":[[-0.075778,51.514221],[-0.07632,51.514775],[-0.077012,51.515327],[-0.077654,51.515707],[-0.078198,51.516004],[-0.078857,51.516287],[-0.079647,51.51661],[-0.080621,51.516881],[-0.081322,51.517015],[-0.081911,51.517124],[-0.082719,51.517277]]},"properties":{"category":"rail","kind":"subway","name":"Metropolitan Railway"}},{"type":"Feature","id":"way/198310156","geometry":{"type":"LineString","coordinates":[[-0.082891,51.517344],[-0.082411,51.517246],[-0.081886,51.517148],[-0.081432,51.517066],[-0.080633,51.516924],[-0.079546,51.516638],[-0.078824,51.516326],[-0.0781,51.516015],[-0.077349,51.515625],[-0.076458,51.51506],[-0.075939,51.514645]]},"properties":{"category":"rail","kind":"subway","name":"Metropolitan Railway"}},{"type":"Feature","id":"way/198310157","geometry":{"type":"LineString","coordinates":[[-0.088887,51.518416],[-0.088666,51.518342],[-0.088311,51.518229],[-0.087765,51.518097],[-0.08722,51.518008],[-0.086764,51.517937],[-0.085679,51.517753],[-0.084828,51.517609],[-0.084349,51.517545],[-0.084046,51.517501],[-0.083843,51.517471],[-0.082891,51.517344]]},"properties":{"category":"rail","kind":"subway","name":"Metropolitan Railway"}},{"type":"Feature","id":"way/198310158","geometry":{"type":"LineString","coordinates":[[-0.082719,51.517277],[-0.084337,51.517498],[-0.084433,51.517518],[-0.085392,51.517638],[-0.086186,51.517755],[-0.086663,51.517849],[-0.087287,51.517947],[-0.087832,51.518028],[-0.088359,51.518117],[-0.088725,51.518239],[-0.088954,51.518319],[-0.089033,51.518347]]},"properties":{"category":"rail","kind":"subway","name":"Metropolitan Railway"}},{"type":"Feature","id":"way/198310162","geometry":{"type":"LineString","coordinates":[[-0.217828,51.505411],[-0.217767,51.50532],[-0.217579,51.505055],[-0.217254,51.504629],[-0.216782,51.504051],[-0.216154,51.503335],[-0.21536,51.502492],[-0.214389,51.501534],[-0.213234,51.500472],[-0.211883,51.499318],[-0.210328,51.498084]]},"properties":{"category":"rail","kind":"subway","name":"Metropolitan Railway"}},{"type":"Feature","id":"way/198310163","geometry":{"type":"LineString","coordinates":[[-0.219437,51.509434],[-0.219408,51.509348],[-0.219327,51.509108],[-0.219196,51.508743],[-0.219023,51.508281],[-0.218811,51.507748],[-0.218565,51.507174],[-0.218292,51.506586],[-0.218025,51.506066],[-0.217996,51.506012],[-0.217682,51.505479],[-0.217606,51.505358],[-0.217284,51.50492],[-0.217071,51.504644],[-0.216716,51.504206],[-0.216218,51.503625],[-0.215625,51.502969],[-0.215579,51.502917],[-0.214797,51.502101],[-0.213874,51.501195],[-0.212809,51.500217],[-0.211602,51.499185],[-0.210253,51.498117]]},"properties":{"category":"rail","kind":"subway","name":"Metropolitan Railway"}},{"type":"Feature","id":"way/198310164","geometry":{"type":"LineString","coordinates":[[-0.219555,51.50943],[-0.219528,51.509341],[-0.219451,51.509093],[-0.219327,51.508716],[-0.21916,51.50824],[-0.218955,51.507695],[-0.218715,51.507109],[-0.218444,51.506514],[-0.218147,51.505938],[-0.217828,51.505411]]},"properties":{"category":"rail","kind":"subway","name":"Metropolitan Railway"}},{"type":"Feature","id":"way/198310165","geometry":{"type":"LineString","coordinates":[[-0.219555,51.50943],[-0.219573,51.50949],[-0.219616,51.509658],[-0.219668,51.509916],[-0.219714,51.510244],[-0.219736,51.510625],[-0.219718,51.51104],[-0.219646,51.51147],[-0.219501,51.511898],[-0.21927,51.512304],[-0.218934,51.51267]]},"properties":{"category":"rail","kind":"subway","name":"Metropolitan Railway"}},{"type":"Feature","id":"way/198310166","geometry":{"type":"LineString","coordinates":[[-0.218783,51.512707],[-0.218821,51.512673],[-0.218918,51.512572],[-0.219056,51.512405],[-0.219214,51.512171],[-0.219372,51.511873],[-0.219508,51.51151],[-0.219603,51.511085],[-0.219637,51.510596],[-0.219588,51.510045],[-0.21946,51.509527],[-0.219437,51.509434]]},"properties":{"category":"rail","kind":"subway","name":"Metropolitan Railway"}},{"type":"Feature","id":"way/198310167","geometry":{"type":"LineString","coordinates":[[-0.226518,51.501151],[-0.226631,51.501759],[-0.226782,51.502585],[-0.226863,51.503046],[-0.226866,51.503097],[-0.226867,51.503182],[-0.226866,51.503301],[-0.226858,51.503455],[-0.226842,51.503645],[-0.226814,51.50387],[-0.226773,51.504131],[-0.226716,51.504428],[-0.226641,51.504762],[-0.226628,51.504826],[-0.22659,51.505001],[-0.226534,51.505261],[-0.226465,51.505581],[-0.226387,51.505938],[-0.226307,51.506306],[-0.226229,51.506659],[-0.226158,51.506974],[-0.2261,51.507225],[-0.226059,51.507387],[-0.22605,51.507412],[-0.226021,51.50748],[-0.225975,51.507587],[-0.225914,51.507724],[-0.225837,51.507884],[-0.225746,51.50806],[-0.225642,51.508246],[-0.225527,51.508434],[-0.225402,51.508618],[-0.225268,51.508789],[-0.225248,51.508821],[-0.225186,51.508911],[-0.225079,51.509048],[-0.224927,51.509225],[-0.224727,51.509431],[-0.224478,51.509658],[-0.224176,51.509895],[-0.223821,51.510134],[-0.223409,51.510365],[-0.22294,51.510579],[-0.221164,51.51132],[-0.221135,51.511332],[-0.221048,51.51137],[-0.220904,51.511438],[-0.220705,51.511539],[-0.220453,51.511677],[-0.220148,51.511856],[-0.219792,51.512078],[-0.219387,51.512349],[-0.218934,51.51267],[-0.218434,51.513046],[-0.218341,51.513115],[-0.218088,51.513303],[-0.217711,51.513584],[-0.217247,51.513929],[-0.216733,51.514313],[-0.216204,51.514707],[-0.215699,51.515085],[-0.215254,51.51542],[-0.214905,51.515684],[-0.214689,51.51585],[-0.214649,51.515877],[-0.214534,51.51595],[-0.214353,51.516061],[-0.214114,51.5162],[-0.213826,51.516358],[-0.213498,51.516525],[-0.213138,51.516693],[-0.212755,51.516852],[-0.212357,51.516992],[-0.211953,51.517105],[-0.211561,51.517198],[-0.211193,51.517282],[-0.210855,51.517358],[-0.210549,51.517426],[-0.210279,51.517484],[-0.21005,51.517533],[-0.209865,51.517572],[-0.209729,51.5176],[-0.209644,51.517617],[-0.209615,51.517623],[-0.209544,51.517637],[-0.209342,51.517684],[-0.209026,51.517769],[-0.208614,51.5179],[-0.208122,51.518081],[-0.207567,51.518319],[-0.206967,51.518621],[-0.206337,51.518992],[-0.205696,51.519438],[-0.20506,51.519966],[-0.205039,51.519984],[-0.204977,51.520032],[-0.204878,51.520106],[-0.204745,51.520199],[-0.204581,51.520304],[-0.204389,51.520416],[-0.204174,51.520528],[-0.203937,51.520635],[-0.203682,51.52073],[-0.203413,51.520807],[-0.203152,51.520867],[-0.202919,51.520914],[-0.202713,51.520951],[-0.202536,51.520979],[-0.202385,51.520998],[-0.202263,51.521011],[-0.202167,51.521019],[-0.2021,51.521023],[-0.202059,51.521024],[-0.202045,51.521024],[-0.202026,51.521026],[-0.201969,51.52103],[-0.201873,51.521033],[-0.201737,51.521031],[-0.201562,51.521021],[-0.201347,51.521001],[-0.201091,51.520967],[-0.200794,51.520916],[-0.200456,51.520845],[-0.200077,51.52075],[-0.200061,51.520746],[-0.200018,51.520733],[-0.19995,51.520713],[-0.199861,51.520687],[-0.199755,51.520656],[-0.199635,51.520622],[-0.199506,51.520586],[-0.19937,51.520549],[-0.199232,51.520512],[-0.199095,51.520477],[-0.19892,51.520437],[-0.198679,51.520386],[-0.198392,51.520329],[-0.198079,51.520268],[-0.197759,51.520207],[-0.197453,51.52015],[-0.19718,51.520099],[-0.196961,51.520059],[-0.196815,51.520032],[-0.196762,51.520023],[-0.196734,51.520017],[-0.196656,51.520001],[-0.196539,51.519977],[-0.196392,51.519948],[-0.196224,51.519915],[-0.196047,51.519881],[-0.195868,51.519848],[-0.195699,51.519819],[-0.195548,51.519795],[-0.195426,51.519779],[-0.195321,51.519768],[-0.195217,51.519758],[-0.195117,51.519748],[-0.195022,51.51974],[-0.194936,51.519732],[-0.194859,51.519725],[-0.194796,51.51972],[-0.194748,51.519716],[-0.194718,51.519713],[-0.194707,51.519712],[-0.194326,51.519686],[-0.194272,51.519682],[-0.194122,51.519673],[-0.193889,51.519658],[-0.19359,51.519638],[-0.193239,51.519613],[-0.192852,51.519586],[-0.192444,51.519556],[-0.192031,51.519525],[-0.191626,51.519492],[-0.191247,51.519459],[-0.190895,51.519426],[-0.190566,51.519393],[-0.190264,51.519361],[-0.189991,51.519331],[-0.189751,51.519304],[-0.189547,51.51928],[-0.189383,51.51926],[-0.189261,51.519245],[-0.189186,51.519235],[-0.18916,51.519232],[-0.188715,51.519175],[-0.186537,51.518988],[-0.186502,51.518987],[-0.186406,51.518983],[-0.186259,51.518978],[-0.186075,51.518971],[-0.185863,51.518963],[-0.185637,51.518956],[-0.185407,51.518948],[-0.185186,51.518941],[-0.184984,51.518935],[-0.184815,51.518931],[-0.184657,51.518928],[-0.184488,51.518923],[-0.184313,51.518917],[-0.184141,51.51891],[-0.183976,51.518904],[-0.183827,51.518898],[-0.183699,51.518893],[-0.183599,51.518889],[-0.183534,51.518886],[-0.183511,51.518885],[-0.183451,51.518878],[-0.183281,51.518862],[-0.183022,51.518839],[-0.182691,51.518811],[-0.182307,51.518782],[-0.181889,51.518755],[-0.181456,51.518734],[-0.181026,51.51872],[-0.180617,51.518717],[-0.18025,51.518728],[-0.179922,51.518737],[-0.17962,51.518729],[-0.179347,51.518709],[-0.179105,51.518679],[-0.178895,51.518643]]},"properties":{"category":"rail","kind":"subway","name":"Metropolitan Railway"}},{"type":"Feature","id":"way/198310168","geometry":{"type":"LineString","coordinates":[[-0.178895,51.518643],[-0.17872,51.518605],[-0.17858,51.51857],[-0.178478,51.518539],[-0.178415,51.518518],[-0.178394,51.518511],[-0.178175,51.518459],[-0.17798,51.518403],[-0.177863,51.518375],[-0.177766,51.51835],[-0.17768,51.518325],[-0.177596,51.518297],[-0.177504,51.518264],[-0.177397,51.518223],[-0.177263,51.518172],[-0.177095,51.518108],[-0.176883,51.518028],[-0.176618,51.51793],[-0.176299,51.51784],[-0.175942,51.517784],[-0.175564,51.517755],[-0.175182,51.517748],[-0.174812,51.517758],[-0.174472,51.517778],[-0.174178,51.517804],[-0.173948,51.517829],[-0.173797,51.517849],[-0.173743,51.517856],[-0.173691,51.517866],[-0.173546,51.517892],[-0.173325,51.517933],[-0.173044,51.517984],[-0.172722,51.518043],[-0.172373,51.518107],[-0.172016,51.518173],[-0.171667,51.518238],[-0.171343,51.518298],[-0.171061,51.51835],[-0.170812,51.518404],[-0.170581,51.518465],[-0.170369,51.518532],[-0.170179,51.518601],[-0.170011,51.518668],[-0.169869,51.51873],[-0.169756,51.518784],[-0.169671,51.518827],[-0.169619,51.518855],[-0.169601,51.518865]]},"properties":{"category":"rail","kind":"subway","name":"Metropolitan Railway"}},{"type":"Feature","id":"way/198310169","geometry":{"type":"LineString","coordinates":[[-0.108308,51.523379],[-0.108745,51.523658],[-0.111797,51.525585],[-0.111958,51.52569],[-0.112395,51.525954],[-0.113058,51.526358],[-0.113667,51.526905],[-0.114608,51.527535],[-0.115067,51.52783],[-0.116188,51.528504],[-0.116671,51.528772],[-0.11777,51.529271],[-0.1188,51.529855],[-0.119192,51.530062],[-0.119541,51.530172],[-0.1199,51.530283],[-0.120286,51.530363],[-0.120673,51.530453],[-0.12108,51.530493],[-0.121821,51.530479],[-0.122561,51.530443],[-0.123403,51.530299],[-0.124015,51.530109],[-0.124747,51.529822],[-0.125648,51.529482],[-0.132941,51.526675],[-0.133762,51.526401],[-0.134647,51.526121],[-0.135816,51.525747],[-0.1372,51.525306],[-0.138847,51.524896],[-0.140548,51.524492],[-0.142361,51.524115],[-0.144158,51.523795],[-0.14596,51.523584],[-0.146288,51.523541],[-0.147173,51.523434],[-0.148546,51.523257],[-0.150214,51.52306],[-0.152135,51.52282],[-0.154114,51.52255],[-0.156062,51.522303],[-0.157837,51.522046],[-0.159355,51.521815],[-0.160444,51.521625],[-0.160616,51.521595],[-0.161104,51.521525],[-0.161716,51.521406],[-0.162574,51.521191],[-0.163588,51.520951],[-0.164725,51.52065],[-0.165937,51.520293],[-0.167139,51.519863],[-0.167756,51.519596],[-0.168357,51.519345],[-0.169494,51.518751],[-0.169742,51.518634],[-0.169977,51.518536],[-0.170195,51.518455],[-0.170393,51.518389],[-0.170568,51.518336],[-0.170719,51.518297],[-0.17084,51.518269],[-0.170931,51.51825],[-0.170987,51.51824],[-0.171007,51.518237],[-0.173689,51.51775],[-0.174055,51.517693],[-0.17442,51.517654],[-0.174778,51.517631],[-0.175122,51.517622],[-0.175445,51.517625],[-0.175739,51.517639],[-0.175999,51.51766],[-0.176217,51.517688],[-0.176386,51.517721],[-0.1765,51.517756],[-0.176608,51.5178],[-0.176757,51.517856],[-0.176935,51.517921],[-0.177128,51.517991],[-0.177326,51.518061],[-0.177515,51.518127],[-0.177684,51.518186],[-0.17782,51.518233],[-0.17791,51.518264],[-0.177943,51.518275],[-0.178234,51.51837],[-0.17857,51.518464],[-0.178945,51.518547]]},"properties":{"category":"rail","kind":"subway","name":"Metropolitan Railway"}},{"type":"Feature","id":"way/198310170","geometry":{"type":"LineString","coordinates":[[-0.226419,51.501196],[-0.226362,51.500912]]},"properties":{"category":"rail","kind":"subway","name":"Metropolitan Railway"}},{"type":"Feature","id":"way/198310171","geometry":{"type":"LineString","coordinates":[[-0.226362,51.500912],[-0.226146,51.499867],[-0.225876,51.498524],[-0.225602,51.497168],[-0.225347,51.495902],[-0.225174,51.495047],[-0.225131,51.494833],[-0.224974,51.494062],[-0.224898,51.493695]]},"properties":{"category":"rail","kind":"subway","name":"Metropolitan Railway"}},{"type":"Feature","id":"way/198310172","geometry":{"type":"LineString","coordinates":[[-0.226461,51.500858],[-0.226518,51.501151]]},"properties":{"category":"rail","kind":"subway","name":"Metropolitan Railway"}},{"type":"Feature","id":"way/198310173","geometry":{"type":"LineString","coordinates":[[-0.225102,51.493702],[-0.225148,51.493942],[-0.225273,51.494595],[-0.225458,51.495565],[-0.225685,51.496755],[-0.225935,51.498066],[-0.226188,51.499403],[-0.226461,51.500858]]},"properties":{"category":"rail","kind":"subway","name":"Metropolitan Railway"}},{"type":"Feature","id":"way/198310174","geometry":{"type":"LineString","coordinates":[[-0.214931,51.502051],[-0.214958,51.502076],[-0.215055,51.502144],[-0.21524,51.502239],[-0.215535,51.502348],[-0.215961,51.502458],[-0.216537,51.502556],[-0.217284,51.502627],[-0.218223,51.502658],[-0.219373,51.502635],[-0.220756,51.502545],[-0.220944,51.502531],[-0.221451,51.502483],[-0.222193,51.502391],[-0.223086,51.502245],[-0.224048,51.502034],[-0.224993,51.50175],[-0.225838,51.501383],[-0.2265,51.500922],[-0.226751,51.500278],[-0.226843,51.499981],[-0.22688,51.49968],[-0.226822,51.499217],[-0.226597,51.498482],[-0.226131,51.497101],[-0.22573,51.495945],[-0.225685,51.4954],[-0.225834,51.494935],[-0.226143,51.494517],[-0.226448,51.494134],[-0.226931,51.493859],[-0.227623,51.493729],[-0.228382,51.493691],[-0.229048,51.493668],[-0.229622,51.493658],[-0.230108,51.493658],[-0.23051,51.493665],[-0.230832,51.493676],[-0.231076,51.493689],[-0.231246,51.493702],[-0.231346,51.493712],[-0.231378,51.493715]]},"properties":{"category":"rail","kind":"rail","name":null}},{"type":"Feature","id":"way/198310175","geometry":{"type":"LineString","coordinates":[[-0.231389,51.493836],[-0.230624,51.493788],[-0.22995,51.493761],[-0.229364,51.493753],[-0.228865,51.493758],[-0.228449,51.493774],[-0.228114,51.493795],[-0.227858,51.493819],[-0.227678,51.49384],[-0.227572,51.493856],[-0.227537,51.493862],[-0.226958,51.494014],[-0.226558,51.49429],[-0.226151,51.494608],[-0.225905,51.494934],[-0.225747,51.495441],[-0.225804,51.495939],[-0.226191,51.497095],[-0.226647,51.498487],[-0.226861,51.499136],[-0.226927,51.499393],[-0.226939,51.499528],[-0.226936,51.499665],[-0.226865,51.500143],[-0.226679,51.50062],[-0.226517,51.501087],[-0.225994,51.501444],[-0.225411,51.501739],[-0.224821,51.501975],[-0.224274,51.502155],[-0.22382,51.502281],[-0.22351,51.502354],[-0.223396,51.502378],[-0.223335,51.502389],[-0.223159,51.502417],[-0.222874,51.50246],[-0.222486,51.502512],[-0.222004,51.502569],[-0.221433,51.502626],[-0.220781,51.502681],[-0.220055,51.502727],[-0.219261,51.502761],[-0.218407,51.502779],[-0.217591,51.502766],[-0.216903,51.502719],[-0.216331,51.502644],[-0.215866,51.502552],[-0.2155,51.50245],[-0.215221,51.502347],[-0.215021,51.502252],[-0.21489,51.502174],[-0.214819,51.502121],[-0.214797,51.502101]]},"properties":{"category":"rail","kind":"rail","name":null}},{"type":"Feature","id":"way/198530169","geometry":{"type":"LineString","coordinates":[[-0.171685,51.4649],[-0.170396,51.465212],[-0.169045,51.465605],[-0.167575,51.466146],[-0.166785,51.466507],[-0.166536,51.466671],[-0.166208,51.466839],[-0.165831,51.467113],[-0.165728,51.467206],[-0.165551,51.467392],[-0.165449,51.467545],[-0.165365,51.467692],[-0.165306,51.467815],[-0.165263,51.467946],[-0.165232,51.468076],[-0.165212,51.468208],[-0.165201,51.468459],[-0.165233,51.468717],[-0.1653,51.46895],[-0.165421,51.469183],[-0.165463,51.469265],[-0.165554,51.469406],[-0.165727,51.469617],[-0.165908,51.469809],[-0.166136,51.470006],[-0.16637,51.47018],[-0.166619,51.470336],[-0.166958,51.470507],[-0.167131,51.470588],[-0.167309,51.470657],[-0.167467,51.470715],[-0.167625,51.470766],[-0.167867,51.470832],[-0.167956,51.470853],[-0.168285,51.470924],[-0.168623,51.470985],[-0.17092,51.471294],[-0.171215,51.471342],[-0.173693,51.471674],[-0.174349,51.471764],[-0.174643,51.47181],[-0.175199,51.471907],[-0.175583,51.471983],[-0.176365,51.472169],[-0.176617,51.472239],[-0.177107,51.472379],[-0.177735,51.472604],[-0.180785,51.473731],[-0.181028,51.473839],[-0.181224,51.473942],[-0.181626,51.474169],[-0.181872,51.474308],[-0.182087,51.474446],[-0.182232,51.474544],[-0.182287,51.474588],[-0.182479,51.474741],[-0.182725,51.47494],[-0.182869,51.475068],[-0.183067,51.47526],[-0.183202,51.475406],[-0.183326,51.475543],[-0.183583,51.475897],[-0.183881,51.476356],[-0.184231,51.476963],[-0.184397,51.477236],[-0.184589,51.477503],[-0.184846,51.477854],[-0.185227,51.478319],[-0.185647,51.478772],[-0.186048,51.479188],[-0.186497,51.479589],[-0.187575,51.480333],[-0.188154,51.480732],[-0.18888,51.481307],[-0.19015,51.482426],[-0.190953,51.483124],[-0.191661,51.483795],[-0.192565,51.484747],[-0.19318,51.485389],[-0.193802,51.485912],[-0.194473,51.486425],[-0.194772,51.486623],[-0.195195,51.486901],[-0.19596,51.487297],[-0.196514,51.487544],[-0.197336,51.487881],[-0.19834,51.488457],[-0.199091,51.488879],[-0.199313,51.489107],[-0.199532,51.489272],[-0.199738,51.48944],[-0.200242,51.489908],[-0.200464,51.490116],[-0.200712,51.490397],[-0.20167,51.491467],[-0.201982,51.491804],[-0.202077,51.491907],[-0.202468,51.492347],[-0.202927,51.492872],[-0.20337,51.493324],[-0.203538,51.493487],[-0.203825,51.493723],[-0.204323,51.494079],[-0.20491,51.494443],[-0.205616,51.494782],[-0.206158,51.495064],[-0.206731,51.495352],[-0.207034,51.495519],[-0.207283,51.495696],[-0.207604,51.495923],[-0.207717,51.496027],[-0.208113,51.496381],[-0.208549,51.496743],[-0.209993,51.497913],[-0.210253,51.498117]]},"properties":{"category":"rail","kind":"rail","name":"West London railway"}},{"type":"Feature","id":"way/198542328","geometry":{"type":"LineString","coordinates":[[-0.009989,51.48643],[-0.010119,51.486833],[-0.010164,51.486941],[-0.01019,51.487003],[-0.010281,51.487187],[-0.01036,51.487306],[-0.010493,51.487538],[-0.01064,51.487723],[-0.01078,51.487859],[-0.011053,51.488094],[-0.011324,51.488288],[-0.011745,51.488522],[-0.012097,51.48871],[-0.014001,51.489682],[-0.014508,51.48998],[-0.014693,51.490128],[-0.014859,51.490304],[-0.015023,51.490491],[-0.015133,51.490648],[-0.015248,51.490885],[-0.015324,51.491139],[-0.015364,51.491424],[-0.015353,51.491636],[-0.015294,51.491828],[-0.015197,51.492069],[-0.014857,51.492812],[-0.014755,51.493211],[-0.014693,51.493607],[-0.014497,51.494899],[-0.01443,51.495309],[-0.014371,51.495851],[-0.014331,51.496359],[-0.01424,51.497267],[-0.014098,51.498889],[-0.014052,51.499436],[-0.014012,51.499587],[-0.013913,51.499839],[-0.013821,51.500022],[-0.01361,51.500366],[-0.013518,51.500555],[-0.013459,51.500724],[-0.013336,51.501145]]},"properties":{"category":"rail","kind":"rail","name":"Millwall Extension Railway"}},{"type":"Feature","id":"way/198542334","geometry":{"type":"LineString","coordinates":[[-0.033601,51.511691],[-0.033964,51.511771],[-0.034438,51.511861],[-0.034998,51.511951],[-0.035747,51.512064],[-0.036218,51.512126],[-0.036862,51.512209],[-0.037639,51.512281],[-0.038554,51.512341],[-0.03908,51.512368],[-0.03969,51.512387],[-0.04017,51.512397],[-0.040558,51.512386]]},"properties":{"category":"rail","kind":"rail","name":"London and Blackwall Railway"}},{"type":"Feature","id":"way/198542335","geometry":{"type":"LineString","coordinates":[[-0.033601,51.511691],[-0.034019,51.511797],[-0.03421,51.511851],[-0.034362,51.511905],[-0.034528,51.511981],[-0.034684,51.512068],[-0.034851,51.512184],[-0.034971,51.512288],[-0.035095,51.512426],[-0.03522,51.51259],[-0.035299,51.512744],[-0.035424,51.513038],[-0.03585,51.514037],[-0.035917,51.514228],[-0.035939,51.51438],[-0.035931,51.514521],[-0.035897,51.514663],[-0.035842,51.514812],[-0.03577,51.514926],[-0.035624,51.515087],[-0.035445,51.515236]]},"properties":{"category":"rail","kind":"rail","name":"Limehouse Curve"}},{"type":"Feature","id":"way/198542336","geometry":{"type":"LineString","coordinates":[[0.000968,51.508364],[-0.000268,51.508122],[-0.000838,51.508015],[-0.00098,51.507999],[-0.001254,51.507987],[-0.001647,51.507985],[-0.001966,51.508006],[-0.002464,51.508055],[-0.002663,51.508075],[-0.003087,51.508097],[-0.003346,51.508104],[-0.003752,51.508105],[-0.00407,51.508097],[-0.004404,51.508081],[-0.004576,51.508064],[-0.005563,51.507983],[-0.005882,51.507958],[-0.006565,51.507899],[-0.007349,51.507832],[-0.008169,51.507764],[-0.009039,51.507687]]},"properties":{"category":"rail","kind":"rail","name":"London and Blackwall Railway"}},{"type":"Feature","id":"way/198542337","geometry":{"type":"LineString","coordinates":[[-0.009039,51.507687],[-0.009971,51.507598],[-0.011179,51.507495],[-0.012181,51.507415],[-0.012726,51.507386],[-0.013176,51.507374],[-0.013812,51.507357],[-0.014231,51.507352],[-0.015045,51.507357],[-0.015905,51.507377],[-0.016388,51.507399],[-0.017153,51.507454],[-0.017839,51.507514],[-0.018614,51.507591],[-0.019408,51.507684],[-0.019966,51.507757],[-0.020564,51.507843],[-0.021554,51.508005],[-0.022048,51.508096],[-0.022796,51.508252],[-0.023284,51.508364],[-0.023575,51.508431],[-0.023921,51.508525],[-0.024644,51.50873],[-0.025317,51.508942],[-0.025975,51.509163],[-0.026656,51.509415],[-0.02845,51.510155],[-0.029555,51.510592],[-0.029897,51.510714],[-0.030516,51.510906],[-0.03134,51.51115],[-0.032219,51.511378],[-0.032747,51.51151],[-0.033601,51.511691]]},"properties":{"category":"rail","kind":"rail","name":"London and Blackwall Railway"}},{"type":"Feature","id":"way/198549296","geometry":{"type":"LineString","coordinates":[[-0.168623,51.470985],[-0.159443,51.469757],[-0.158536,51.469673],[-0.158043,51.469654],[-0.157565,51.469678],[-0.157238,51.469706],[-0.156562,51.469809],[-0.156525,51.469815],[-0.155759,51.470004],[-0.155,51.47025],[-0.15431,51.470529],[-0.153749,51.470798],[-0.152891,51.471223],[-0.151966,51.471748],[-0.151475,51.472029],[-0.150996,51.4723],[-0.150273,51.472703],[-0.149734,51.472999],[-0.149341,51.473193],[-0.149005,51.473346],[-0.148605,51.473446],[-0.147987,51.473606],[-0.147427,51.473728],[-0.146857,51.473833],[-0.14625,51.473949],[-0.145428,51.474147],[-0.144952,51.47431],[-0.144821,51.474351],[-0.144214,51.474618],[-0.143784,51.474915],[-0.143383,51.47527],[-0.143074,51.475665],[-0.142906,51.476067],[-0.142803,51.476404],[-0.142813,51.476852],[-0.142916,51.477358],[-0.143084,51.477742],[-0.143345,51.47805],[-0.145512,51.47965],[-0.145764,51.479784],[-0.145974,51.479951],[-0.146287,51.480203],[-0.146969,51.481058],[-0.147315,51.481645]]},"properties":{"category":"rail","kind":"rail","name":null}},{"type":"Feature","id":"way/198577941","geometry":{"type":"LineString","coordinates":[[-0.111525,51.502714],[-0.113269,51.50154],[-0.113924,51.501063],[-0.114593,51.500452],[-0.114815,51.49975],[-0.114842,51.499356],[-0.114672,51.498924],[-0.114643,51.498563],[-0.114728,51.498087],[-0.114955,51.497338],[-0.115224,51.496677],[-0.115507,51.496157],[-0.116611,51.4945],[-0.117163,51.493777],[-0.118013,51.492975],[-0.119074,51.492133],[-0.120618,51.491239],[-0.121226,51.490807],[-0.121708,51.490384],[-0.122118,51.489899],[-0.122373,51.489352],[-0.122472,51.488735],[-0.122571,51.486646],[-0.122685,51.486047],[-0.122854,51.485641],[-0.123435,51.484777],[-0.123845,51.484195],[-0.124426,51.483613],[-0.125417,51.482987],[-0.126273,51.482593],[-0.127045,51.482271],[-0.1281,51.48198],[-0.129246,51.481632],[-0.130556,51.481174],[-0.131391,51.480781]]},"properties":{"category":"rail","kind":"rail","name":"London and South Western Railway"}},{"type":"Feature","id":"way/198577942","geometry":{"type":"LineString","coordinates":[[-0.127794,51.48414],[-0.129157,51.482442],[-0.12983,51.481825],[-0.131391,51.480781],[-0.132608,51.480327],[-0.134392,51.479684],[-0.136218,51.479168],[-0.138208,51.478524],[-0.139092,51.478167],[-0.166866,51.46629],[-0.1677,51.465896],[-0.16837,51.46558],[-0.169668,51.464742],[-0.170808,51.463852],[-0.171499,51.462973],[-0.172172,51.46185],[-0.173984,51.457951],[-0.174721,51.456682],[-0.175758,51.4551],[-0.176552,51.454046],[-0.177866,51.452563],[-0.190363,51.439833],[-0.191054,51.438924],[-0.191652,51.438057],[-0.197414,51.429556],[-0.198573,51.428036],[-0.200198,51.425968],[-0.201216,51.424757],[-0.202047,51.423965],[-0.203242,51.423057],[-0.206007,51.421193],[-0.20682,51.420679],[-0.213765,51.416289],[-0.218528,51.413277],[-0.219731,51.412577],[-0.220967,51.411959],[-0.22217,51.411452],[-0.224268,51.410671],[-0.225781,51.410103],[-0.226756,51.409869],[-0.229454,51.409281],[-0.230872,51.408971],[-0.289251,51.397341],[-0.292145,51.396712],[-0.294601,51.396082],[-0.296341,51.395524],[-0.297674,51.395068],[-0.303496,51.392673],[-0.307513,51.39106],[-0.318977,51.386351],[-0.32049,51.385742],[-0.322311,51.385143],[-0.32345,51.384768],[-0.325466,51.384149],[-0.329987,51.383032],[-0.331591,51.382636],[-0.331935,51.382551],[-0.335207,51.381743],[-0.337223,51.381317],[-0.339386,51.380992],[-0.342378,51.380769],[-0.35129,51.380119],[-0.356721,51.379835],[-0.359551,51.379764],[-0.372463,51.37948],[-0.373455,51.37945],[-0.375097,51.379277],[-0.376756,51.379033],[-0.419102,51.371989],[-0.42146,51.371542],[-0.424371,51.370923],[-0.448314,51.365482],[-0.450513,51.364885],[-0.451704,51.364463],[-0.453024,51.363954],[-0.454118,51.363385],[-0.461486,51.359663],[-0.47953,51.350548],[-0.481015,51.349798],[-0.483805,51.348431],[-0.487002,51.34701],[-0.491486,51.345201],[-0.499254,51.342051],[-0.503825,51.340121],[-0.557379,51.318392]]},"properties":{"category":"rail","kind":"rail","name":"London and South Western Railway"}},{"type":"Feature","id":"way/198579101","geometry":{"type":"LineString","coordinates":[[-0.124413,51.507887],[-0.123852,51.507563],[-0.123291,51.507239],[-0.122803,51.507021],[-0.121762,51.506631],[-0.113389,51.504125],[-0.112632,51.503962],[-0.111885,51.503887],[-0.110989,51.503875],[-0.110054,51.503951],[-0.107822,51.504323],[-0.106767,51.504358],[-0.105506,51.504265],[-0.10488,51.504218],[-0.104039,51.504195],[-0.10191,51.504143],[-0.101144,51.504067],[-0.100248,51.504055],[-0.098847,51.504096],[-0.094606,51.504305],[-0.093582,51.504454],[-0.093,51.504617],[-0.091988,51.505011],[-0.091164,51.50528],[-0.09057,51.505445],[-0.090001,51.505577],[-0.089217,51.505707],[-0.088152,51.505805],[-0.087349,51.505776],[-0.086508,51.505619],[-0.085798,51.505288],[-0.083576,51.503707],[-0.082651,51.503253],[-0.080437,51.502119]]},"properties":{"category":"rail","kind":"rail","name":null}},{"type":"Feature","id":"way/198579102","geometry":{"type":"LineString","coordinates":[[-0.09237,51.507262],[-0.092349,51.5069],[-0.092116,51.506476],[-0.091927,51.506257],[-0.091639,51.506057],[-0.090873,51.505749],[-0.090173,51.505638],[-0.089217,51.505707]]},"properties":{"category":"rail","kind":"rail","name":null}},{"type":"Feature","id":"way/198580398","geometry":{"type":"LineString","coordinates":[[-0.180546,51.462386],[-0.187133,51.461173],[-0.188088,51.461004],[-0.18961,51.460801],[-0.190504,51.460724],[-0.191311,51.460697],[-0.195667,51.460628],[-0.19674,51.46059],[-0.197997,51.460498],[-0.199026,51.460394],[-0.201078,51.460248],[-0.205385,51.460021],[-0.206901,51.460014],[-0.207949,51.460021],[-0.209132,51.46009],[-0.210549,51.460198],[-0.211935,51.460367],[-0.213716,51.460643],[-0.217512,51.461338],[-0.219083,51.461699],[-0.220334,51.462114],[-0.222238,51.46287],[-0.223532,51.4633],[-0.224771,51.463596],[-0.226558,51.46396],[-0.243307,51.467224],[-0.244878,51.467492],[-0.24611,51.467657],[-0.247552,51.467772],[-0.248791,51.467891],[-0.250325,51.46796],[-0.252131,51.467968],[-0.253801,51.46793],[-0.25536,51.467868],[-0.258281,51.467707],[-0.25984,51.467642],[-0.261596,51.467673],[-0.262619,51.467715],[-0.263623,51.467815],[-0.264732,51.467972],[-0.26565,51.468049],[-0.266377,51.468072],[-0.267209,51.46808],[-0.268263,51.468041],[-0.269311,51.467937],[-0.270636,51.467749],[-0.294039,51.464195],[-0.295974,51.463864],[-0.297268,51.463611],[-0.299266,51.463203],[-0.299906,51.463108],[-0.300395,51.463051],[-0.300858,51.463],[-0.301269,51.462991],[-0.301644,51.462978]]},"properties":{"category":"rail","kind":"rail","name":"Waterloo-Reading Line"}},{"type":"Feature","id":"way/198580399","geometry":{"type":"LineString","coordinates":[[-0.301644,51.462978],[-0.302703,51.463],[-0.303723,51.463044],[-0.304947,51.463168],[-0.305846,51.463212],[-0.306497,51.46319],[-0.307262,51.463124],[-0.308111,51.462983],[-0.308968,51.462767],[-0.309626,51.462564],[-0.310193,51.462326],[-0.310664,51.462077],[-0.311035,51.461851],[-0.311474,51.461551],[-0.318998,51.456064],[-0.319904,51.455454],[-0.320939,51.454778],[-0.32434,51.452639],[-0.325265,51.45212],[-0.32606,51.451729],[-0.32675,51.451406],[-0.32988,51.450189],[-0.332715,51.44926],[-0.333849,51.448972],[-0.334976,51.448714],[-0.336307,51.448457],[-0.337355,51.448284],[-0.338322,51.448142],[-0.339469,51.448038],[-0.340744,51.447939],[-0.341902,51.447889],[-0.343367,51.44788],[-0.345357,51.44792],[-0.347013,51.44803],[-0.348223,51.448158],[-0.349441,51.44833],[-0.368033,51.450944],[-0.369126,51.451106],[-0.370313,51.451282],[-0.374871,51.451875],[-0.376448,51.452062],[-0.376889,51.452088],[-0.37792,51.452149],[-0.379172,51.452189],[-0.380855,51.452204],[-0.382254,51.452199],[-0.384157,51.452082],[-0.385661,51.451951],[-0.404295,51.44911],[-0.406131,51.448779],[-0.45146,51.438993],[-0.453432,51.438678],[-0.497836,51.432271],[-0.498814,51.43215],[-0.500229,51.432068],[-0.501343,51.432099],[-0.502481,51.432256],[-0.503571,51.432449],[-0.504579,51.432722],[-0.505807,51.433174],[-0.506701,51.433584],[-0.507368,51.433954],[-0.520946,51.443478],[-0.563673,51.473431],[-0.566205,51.475102],[-0.569102,51.476839],[-0.57998,51.483272]]},"properties":{"category":"rail","kind":"rail","name":"Waterloo-Reading Line"}},{"type":"Feature","id":"way/198580402","geometry":{"type":"LineString","coordinates":[[-0.503571,51.432449],[-0.504816,51.432743],[-0.505653,51.432856],[-0.50649,51.432803],[-0.507133,51.432669],[-0.507863,51.432428],[-0.508346,51.432174],[-0.50871,51.431913],[-0.509569,51.431325],[-0.510009,51.431097],[-0.511833,51.430435],[-0.512637,51.430234],[-0.513356,51.430134],[-0.514139,51.430054],[-0.515051,51.43006],[-0.515931,51.430127],[-0.516918,51.430274],[-0.528527,51.432435],[-0.529481,51.432555],[-0.530265,51.432622],[-0.531681,51.432743],[-0.532915,51.432763],[-0.533869,51.432729],[-0.535018,51.432642],[-0.536165,51.432515],[-0.53712,51.432381],[-0.53815,51.432154],[-0.538976,51.431927],[-0.539427,51.431799],[-0.540521,51.431492],[-0.541369,51.431191],[-0.546948,51.429264],[-0.548096,51.428789],[-0.549169,51.428281],[-0.55022,51.427732],[-0.551239,51.42711],[-0.553321,51.425592],[-0.554319,51.424675],[-0.554962,51.42404],[-0.555767,51.423137],[-0.556432,51.422307],[-0.557087,51.421444],[-0.557784,51.420454],[-0.558299,51.419397],[-0.558782,51.418433],[-0.55905,51.417758],[-0.559308,51.417028],[-0.559608,51.415911],[-0.559758,51.415161],[-0.561014,51.408048],[-0.561142,51.407138],[-0.561797,51.403142],[-0.561933,51.402619],[-0.562151,51.401784],[-0.562494,51.400759],[-0.56288,51.399829],[-0.563427,51.398631],[-0.563996,51.397707],[-0.56479,51.396516],[-0.56552,51.395679],[-0.56612,51.394969],[-0.567161,51.393898],[-0.568019,51.393115],[-0.568867,51.392378],[-0.569994,51.391555],[-0.57186,51.390283],[-0.573244,51.389473],[-0.575154,51.388542],[-0.577042,51.387786],[-0.578652,51.387264],[-0.580261,51.386768],[-0.581806,51.386346],[-0.583791,51.385911],[-0.585593,51.38561],[-0.587439,51.385389],[-0.588833,51.385282],[-0.590346,51.385221],[-0.59158,51.385181],[-0.593221,51.385215],[-0.594799,51.385262],[-0.596719,51.385382],[-0.598811,51.385623],[-0.600378,51.385871],[-0.624571,51.390169],[-0.626556,51.390517],[-0.628433,51.390845],[-0.629989,51.39116],[-0.631523,51.391548],[-0.632736,51.391943],[-0.634173,51.392466],[-0.635697,51.393122],[-0.650556,51.398892],[-0.65238,51.399514],[-0.653711,51.399929],[-0.655309,51.400411],[-0.656779,51.4008],[-0.672958,51.405465],[-0.674589,51.405859],[-0.675823,51.4061],[-0.676853,51.406308]]},"properties":{"category":"rail","kind":"rail","name":null}},{"type":"Feature","id":"way/198581115","geometry":{"type":"LineString","coordinates":[[-0.243307,51.467224],[-0.244116,51.467447],[-0.244663,51.467617],[-0.245322,51.467881],[-0.246009,51.468155],[-0.24668,51.468472],[-0.24742,51.468863],[-0.247887,51.469144],[-0.251438,51.471225],[-0.252182,51.471701],[-0.252748,51.472102],[-0.253024,51.472283],[-0.254801,51.473328],[-0.255806,51.473879],[-0.266778,51.48035],[-0.26901,51.481635],[-0.269392,51.481862],[-0.275791,51.485655],[-0.276716,51.486172],[-0.277519,51.486568],[-0.278341,51.486946],[-0.279247,51.487347],[-0.280181,51.487707],[-0.281479,51.488144],[-0.282656,51.488527],[-0.28444,51.488999],[-0.285934,51.489324],[-0.287391,51.489574],[-0.28883,51.489772],[-0.290221,51.489941],[-0.291622,51.490057],[-0.293117,51.490144],[-0.29449,51.490197],[-0.296171,51.490173],[-0.298649,51.490033],[-0.299829,51.489939],[-0.301492,51.489726],[-0.304657,51.489151],[-0.307371,51.488443],[-0.308916,51.487909],[-0.320525,51.483933],[-0.321726,51.483412],[-0.323164,51.482691],[-0.324387,51.482043],[-0.325653,51.481335],[-0.338245,51.474128]]},"properties":{"category":"rail","kind":"rail","name":"Hounslow Loop Line"}},{"type":"Feature","id":"way/198581116","geometry":{"type":"LineString","coordinates":[[-0.371723,51.455015],[-0.372055,51.45438],[-0.372152,51.453858],[-0.372152,51.45347],[-0.371959,51.452909],[-0.371744,51.452501],[-0.371315,51.452093],[-0.370811,51.451712],[-0.370092,51.451384],[-0.369126,51.451106]]},"properties":{"category":"rail","kind":"rail","name":null}},{"type":"Feature","id":"way/198581117","geometry":{"type":"LineString","coordinates":[[-0.329987,51.383032],[-0.331463,51.382834],[-0.332268,51.382764],[-0.333228,51.382814],[-0.333968,51.382928],[-0.334446,51.383031],[-0.335079,51.383206],[-0.335567,51.383373],[-0.33627,51.383751],[-0.336693,51.384046],[-0.337155,51.384441],[-0.337444,51.384806],[-0.337659,51.385161],[-0.337863,51.385562],[-0.339558,51.390125],[-0.339751,51.390658],[-0.339912,51.39121],[-0.340089,51.391866],[-0.342669,51.402559]]},"properties":{"category":"rail","kind":"rail","name":null}},{"type":"Feature","id":"way/198581202","geometry":{"type":"LineString","coordinates":[[-0.088311,51.38411],[-0.087117,51.38528],[-0.085881,51.386335],[-0.084239,51.38731],[-0.082726,51.388314],[-0.082014,51.388907],[-0.080173,51.390384],[-0.077783,51.392576],[-0.076742,51.393794],[-0.075701,51.395417],[-0.074118,51.398239]]},"properties":{"category":"rail","kind":"rail","name":"Brighton Main Line"}},{"type":"Feature","id":"way/198581203","geometry":{"type":"LineString","coordinates":[[-0.146583,51.44189],[-0.147881,51.442158],[-0.149061,51.442358],[-0.158234,51.444111],[-0.15964,51.444425],[-0.160736,51.444732],[-0.161685,51.445116],[-0.162659,51.445607],[-0.16394,51.446391],[-0.16452,51.44689],[-0.165382,51.447689],[-0.167722,51.450377]]},"properties":{"category":"rail","kind":"rail","name":"Brighton Main Line/ Victoria Branch"}},{"type":"Feature","id":"way/198581204","geometry":{"type":"LineString","coordinates":[[-0.088311,51.38411],[-0.087717,51.385091],[-0.087221,51.386027],[-0.087023,51.386752],[-0.086867,51.387856],[-0.08708,51.389066],[-0.087363,51.390056],[-0.088059,51.391468],[-0.08875,51.392366],[-0.089647,51.393077],[-0.090357,51.393625],[-0.091761,51.394428],[-0.092696,51.394878],[-0.095612,51.395973],[-0.097226,51.396707],[-0.098443,51.397413],[-0.102846,51.400407],[-0.111524,51.406422],[-0.112558,51.407102],[-0.113421,51.407614],[-0.114766,51.408391],[-0.11856,51.410148],[-0.119933,51.410713],[-0.121292,51.411217],[-0.122595,51.41157],[-0.124336,51.411994],[-0.126174,51.412519],[-0.127353,51.412899],[-0.128239,51.413249],[-0.129752,51.413944],[-0.130752,51.414436],[-0.131955,51.415115],[-0.132711,51.415602],[-0.133492,51.416206],[-0.134606,51.417073],[-0.135216,51.417651],[-0.136769,51.419543],[-0.137311,51.420204],[-0.137792,51.42093],[-0.138255,51.422045],[-0.138589,51.422947],[-0.138879,51.42423],[-0.138868,51.425074],[-0.138852,51.426057],[-0.138364,51.4292],[-0.138315,51.430182],[-0.138465,51.431185],[-0.138723,51.432148],[-0.139002,51.433031],[-0.141255,51.438235],[-0.141877,51.439251],[-0.142671,51.440027],[-0.143808,51.44079],[-0.145246,51.441458],[-0.146583,51.44189]]},"properties":{"category":"rail","kind":"rail","name":"Brighton Main Line/ Victoria Branch"}},{"type":"Feature","id":"way/198581205","geometry":{"type":"LineString","coordinates":[[-0.072416,51.417493],[-0.073122,51.418148],[-0.073552,51.418454],[-0.076801,51.419965],[-0.079089,51.42143],[-0.080436,51.42273],[-0.08123,51.423319],[-0.082067,51.423774],[-0.082716,51.424058],[-0.083456,51.424329],[-0.089187,51.426311],[-0.090074,51.426565],[-0.090986,51.426795],[-0.093858,51.427402],[-0.094683,51.427625],[-0.095337,51.427825],[-0.096224,51.428271],[-0.099194,51.430199],[-0.100525,51.430753],[-0.101351,51.43106],[-0.102361,51.431329],[-0.103113,51.431506],[-0.103692,51.431698],[-0.104395,51.43202],[-0.104875,51.432305],[-0.105368,51.432789],[-0.106046,51.433526],[-0.106502,51.434095],[-0.107216,51.435186],[-0.107733,51.43567],[-0.108337,51.436039],[-0.108941,51.436377],[-0.109558,51.436623],[-0.110088,51.436753],[-0.110852,51.436869],[-0.111776,51.436922],[-0.112774,51.436892],[-0.114081,51.436838],[-0.11503,51.43683],[-0.116582,51.436907],[-0.122217,51.43733],[-0.123661,51.437524],[-0.12628,51.438053],[-0.12754,51.438265],[-0.146583,51.44189]]},"properties":{"category":"rail","kind":"rail","name":"West End of London & Crystal Palace Railway"}},{"type":"Feature","id":"way/198581206","geometry":{"type":"LineString","coordinates":[[-0.070806,51.404142],[-0.066989,51.410767],[-0.066559,51.411376],[-0.066034,51.412066],[-0.065411,51.412742],[-0.059135,51.419105],[-0.058556,51.419814],[-0.05789,51.420684],[-0.057322,51.42142],[-0.056992,51.421948],[-0.056595,51.422636],[-0.056291,51.423298],[-0.053728,51.428891]]},"properties":{"category":"rail","kind":"rail","name":null}},{"type":"Feature","id":"way/198581207","geometry":{"type":"LineString","coordinates":[[-0.158754,51.469611],[-0.157587,51.470042],[-0.156793,51.470286],[-0.155784,51.470467],[-0.153262,51.470839],[-0.152431,51.471054],[-0.151553,51.471357],[-0.15032,51.472038],[-0.14933,51.472846],[-0.148882,51.473329],[-0.148153,51.474737],[-0.147705,51.476028],[-0.147677,51.476395],[-0.147677,51.476889],[-0.14763,51.477628],[-0.14764,51.478384],[-0.147644,51.478632]]},"properties":{"category":"rail","kind":"rail","name":"Brighton Main Line/ Victoria Branch"}},{"type":"Feature","id":"way/198581208","geometry":{"type":"LineString","coordinates":[[-0.147644,51.478632],[-0.147658,51.479391],[-0.14744,51.486216],[-0.147584,51.486958],[-0.148209,51.488051],[-0.148397,51.488529],[-0.148541,51.488933],[-0.148633,51.489459],[-0.148565,51.489988],[-0.148257,51.490644],[-0.14782,51.491155],[-0.147216,51.491684],[-0.146852,51.491899],[-0.146267,51.492302],[-0.145626,51.492992],[-0.14533,51.493334],[-0.143839,51.495386]]},"properties":{"category":"rail","kind":"rail","name":"Brighton Main Line/ Victoria Branch"}},{"type":"Feature","id":"way/198581209","geometry":{"type":"LineString","coordinates":[[-0.074118,51.398239],[-0.073422,51.399481],[-0.070806,51.404142]]},"properties":{"category":"rail","kind":"rail","name":"Brighton Main Line"}},{"type":"Feature","id":"way/198581211","geometry":{"type":"LineString","coordinates":[[-0.085765,51.504027],[-0.083984,51.503293],[-0.082114,51.502721],[-0.080437,51.502119],[-0.071434,51.497376],[-0.069314,51.496318]]},"properties":{"category":"rail","kind":"rail","name":null}},{"type":"Feature","id":"way/198581212","geometry":{"type":"LineString","coordinates":[[-0.069314,51.496318],[-0.066406,51.494944],[-0.061895,51.493038],[-0.060538,51.492465],[-0.054513,51.489918],[-0.052913,51.489262],[-0.050025,51.487984],[-0.047958,51.487093],[-0.044093,51.485533],[-0.041035,51.484308],[-0.038096,51.483172],[-0.036296,51.482481],[-0.028113,51.479465],[-0.02709,51.479119],[-0.026264,51.478866],[-0.026062,51.478828],[-0.025439,51.478713],[-0.024711,51.478638]]},"properties":{"category":"rail","kind":"rail","name":"London and Greenwich Railway"}},{"type":"Feature","id":"way/198581213","geometry":{"type":"LineString","coordinates":[[-0.024711,51.478638],[-0.019646,51.478122],[-0.017995,51.478029],[-0.01643,51.478068],[-0.013977,51.478167]]},"properties":{"category":"rail","kind":"rail","name":null}},{"type":"Feature","id":"way/198582609","geometry":{"type":"LineString","coordinates":[[-0.074884,51.510846],[-0.074518,51.51078],[-0.074063,51.510775],[-0.073534,51.51079],[-0.066411,51.51121],[-0.064834,51.511327],[-0.061387,51.511539],[-0.060517,51.511595],[-0.056256,51.511813],[-0.054557,51.511949],[-0.053678,51.511975],[-0.052719,51.511954],[-0.05119,51.511985],[-0.04349,51.512293],[-0.042263,51.512309],[-0.041425,51.512329],[-0.040558,51.512386]]},"properties":{"category":"rail","kind":"rail","name":"London and Blackwall Railway"}},{"type":"Feature","id":"way/198582610","geometry":{"type":"LineString","coordinates":[[-0.074884,51.510846],[-0.079056,51.511629]]},"properties":{"category":"rail","kind":"rail","name":null}},{"type":"Feature","id":"way/198582785","geometry":{"type":"LineString","coordinates":[[0.499604,51.393435],[0.49927,51.393709],[0.499056,51.393939],[0.498789,51.394253],[0.498481,51.394714],[0.497799,51.39564],[0.497304,51.396066],[0.49666,51.396468],[0.495782,51.396794],[0.494755,51.397004],[0.49369,51.397097],[0.492719,51.397004],[0.491915,51.396829],[0.491355,51.39666],[0.49071,51.396346],[0.490169,51.395961],[0.488674,51.394702],[0.487834,51.393921],[0.487245,51.393274],[0.48685,51.392753],[0.486468,51.392203],[0.486166,51.391657],[0.485951,51.391195],[0.485735,51.390688],[0.485538,51.390192],[0.485322,51.38973],[0.485075,51.389261],[0.48465,51.38855],[0.484176,51.387912],[0.483917,51.3876],[0.483476,51.387098],[0.482663,51.386352],[0.480826,51.384921],[0.479816,51.384206],[0.478657,51.383537],[0.47745,51.382891],[0.475872,51.382214],[0.469974,51.380421],[0.46663,51.379395],[0.463912,51.378719],[0.46225,51.378422],[0.460643,51.378217],[0.459261,51.378083],[0.458028,51.378019],[0.456823,51.377996],[0.455852,51.378008],[0.454843,51.378043],[0.449659,51.37841],[0.448333,51.378521],[0.447184,51.37869],[0.446185,51.3789],[0.443149,51.379687],[0.441758,51.379978],[0.440002,51.380229],[0.438498,51.38038],[0.437247,51.380415],[0.435864,51.380404],[0.432742,51.380297],[0.431559,51.380305],[0.429994,51.38042],[0.428305,51.380666],[0.426962,51.38092],[0.425668,51.381259],[0.4243,51.381666],[0.421835,51.382512],[0.420677,51.382828],[0.419099,51.383189],[0.417719,51.383382],[0.416351,51.38352],[0.414638,51.38362],[0.413307,51.383605],[0.389632,51.382413],[0.387574,51.382328],[0.385799,51.382343],[0.383877,51.382451],[0.381794,51.382651],[0.379477,51.382989],[0.363271,51.386128],[0.361878,51.38632],[0.360572,51.386412],[0.359068,51.386466],[0.339312,51.386481],[0.337846,51.386566],[0.336244,51.386697],[0.334753,51.386904],[0.3332,51.387158],[0.331795,51.387496],[0.295377,51.397518],[0.293556,51.397995],[0.291767,51.398421],[0.28975,51.398817],[0.287636,51.399091],[0.285799,51.399436],[0.283863,51.399852],[0.280383,51.400917],[0.278969,51.401323],[0.277294,51.401708],[0.275423,51.402023],[0.273358,51.402276],[0.271293,51.402408],[0.269748,51.402429],[0.243485,51.401313],[0.242005,51.401292],[0.217325,51.402711],[0.215329,51.402825],[0.213409,51.402878],[0.21195,51.402865],[0.209911,51.402805],[0.208163,51.402678],[0.206757,51.402544],[0.202734,51.402142],[0.20106,51.401984],[0.198548,51.401675],[0.196997,51.401413],[0.195073,51.401005],[0.192944,51.40048],[0.170369,51.393697],[0.168725,51.393336],[0.166985,51.392993],[0.164332,51.392515],[0.162361,51.392328],[0.160278,51.392153],[0.158028,51.392148],[0.140132,51.392987],[0.133193,51.393307],[0.12616,51.393704],[0.115745,51.394415],[0.113485,51.394566],[0.111309,51.3947],[0.109945,51.394788],[0.108759,51.394811],[0.107293,51.394782],[0.102763,51.394648],[0.101128,51.39463],[0.09997,51.394689],[0.0963,51.394957],[0.094572,51.395027],[0.092741,51.395009],[0.086988,51.394724],[0.084681,51.394747],[0.082672,51.394898],[0.080945,51.395118],[0.079494,51.395343],[0.077767,51.395697],[0.076372,51.396099],[0.075021,51.396514],[0.073973,51.39688],[0.072048,51.397658],[0.069959,51.398492],[0.068409,51.399133],[0.066909,51.399614],[0.065408,51.399994],[0.063985,51.400343],[0.062329,51.400537],[0.061106,51.400675],[0.060048,51.400772],[0.05841,51.400792],[0.056243,51.400752],[0.042413,51.399972]]},"properties":{"category":"rail","kind":"rail","name":"Chatham Main Line"}},{"type":"Feature","id":"way/198582786","geometry":{"type":"LineString","coordinates":[[0.042413,51.399972],[0.038433,51.399748],[0.036308,51.399667],[0.03442,51.399641],[0.032221,51.399627],[0.014218,51.400196],[0.012984,51.400323],[0.012158,51.400451],[0.011192,51.400672],[0.01028,51.400892],[0.009529,51.40114],[0.008038,51.401716],[0.00704,51.402245],[0.006225,51.402733],[0.00572,51.403128],[0.00365,51.404766],[0.002369,51.405762],[0.001549,51.406361],[0.000612,51.407007],[-0.000922,51.407753],[-0.001797,51.408145],[-0.002912,51.408491],[-0.004237,51.408806],[-0.005926,51.409064],[-0.027802,51.41124],[-0.028977,51.411351],[-0.029459,51.411391]]},"properties":{"category":"rail","kind":"rail","name":"Chatham Mail Line"}},{"type":"Feature","id":"way/198582789","geometry":{"type":"LineString","coordinates":[[-0.103516,51.455301],[-0.103758,51.456251],[-0.103832,51.457058],[-0.103708,51.457933],[-0.103524,51.458601],[-0.10218,51.462348],[-0.102008,51.463193],[-0.101958,51.464368],[-0.102106,51.465466],[-0.102279,51.46727],[-0.102254,51.468122],[-0.102057,51.468913],[-0.101823,51.46975],[-0.101392,51.47061],[-0.100652,51.471531],[-0.099913,51.472252],[-0.098557,51.473219],[-0.098176,51.473527],[-0.097312,51.474225],[-0.09661,51.474931],[-0.096018,51.475929],[-0.095673,51.47695],[-0.095451,51.477679],[-0.095377,51.478662],[-0.095784,51.48451],[-0.095957,51.485293],[-0.096129,51.485938],[-0.09656,51.486759],[-0.097004,51.487542],[-0.097805,51.488808],[-0.098631,51.490059],[-0.098988,51.49078],[-0.099223,51.491409],[-0.099247,51.4922],[-0.099136,51.492936],[-0.098569,51.494617]]},"properties":{"category":"rail","kind":"rail","name":null}},{"type":"Feature","id":"way/198582790","geometry":{"type":"LineString","coordinates":[[-0.098569,51.494617],[-0.098421,51.495361],[-0.098409,51.496205],[-0.098631,51.497072],[-0.098976,51.497824],[-0.099531,51.498652],[-0.100147,51.499373],[-0.10032,51.499696],[-0.100504,51.500033],[-0.100677,51.50077],[-0.100911,51.501468],[-0.10133,51.502151],[-0.101675,51.502719],[-0.101934,51.503279],[-0.102143,51.503884],[-0.102525,51.504897],[-0.10292,51.505664],[-0.103257,51.506186]]},"properties":{"category":"rail","kind":"rail","name":null}},{"type":"Feature","id":"way/198582829","geometry":{"type":"LineString","coordinates":[[-0.113731,51.4992],[-0.113989,51.498981],[-0.114131,51.498802],[-0.114204,51.498647],[-0.114312,51.498326],[-0.114603,51.497594],[-0.114937,51.496869],[-0.115507,51.496157]]},"properties":{"category":"rail","kind":"rail","name":"London Necropolis Railway"}},{"type":"Feature","id":"way/198582963","geometry":{"type":"LineString","coordinates":[[-0.301217,51.463221],[-0.298466,51.463509],[-0.297864,51.463597],[-0.292913,51.464458],[-0.292078,51.464618],[-0.29134,51.464877],[-0.290714,51.465205],[-0.290163,51.465621],[-0.289691,51.466023],[-0.289229,51.466512],[-0.28851,51.467361],[-0.288024,51.467984],[-0.287674,51.468595],[-0.28737,51.469195],[-0.287167,51.469752],[-0.285226,51.47653],[-0.285029,51.477048],[-0.284782,51.477635],[-0.284425,51.478357],[-0.284098,51.478944],[-0.283457,51.479854],[-0.282995,51.480426],[-0.282668,51.480829],[-0.282182,51.481324],[-0.277965,51.48543],[-0.277472,51.486151],[-0.277085,51.486987],[-0.27686,51.487888],[-0.276817,51.488743],[-0.276689,51.489532],[-0.276399,51.490267],[-0.275884,51.491035],[-0.275272,51.491703],[-0.274371,51.492271],[-0.273459,51.492818],[-0.272751,51.49348],[-0.272215,51.494595],[-0.272225,51.495303],[-0.272268,51.495751],[-0.272461,51.496726],[-0.272365,51.497227],[-0.272305,51.497425],[-0.272109,51.497812],[-0.271866,51.498219],[-0.271512,51.498597],[-0.270809,51.49917]]},"properties":{"category":"rail","kind":"rail","name":"North London Railway"}},{"type":"Feature","id":"way/198582964","geometry":{"type":"LineString","coordinates":[[-0.020609,51.527358],[-0.02027,51.526856],[-0.015944,51.520105],[-0.015686,51.519675],[-0.015482,51.51928],[-0.015316,51.518901],[-0.015131,51.518417],[-0.014958,51.517923],[-0.014743,51.517213],[-0.013429,51.512626],[-0.013291,51.511988],[-0.01312,51.510931],[-0.012941,51.510222],[-0.012844,51.509752],[-0.012668,51.509354],[-0.012261,51.508539],[-0.012084,51.508289],[-0.01173,51.508033],[-0.011121,51.507953],[-0.009649,51.508086],[-0.009125,51.508068],[-0.008615,51.507918],[-0.008261,51.507407],[-0.007865,51.506482],[-0.007653,51.505557],[-0.007624,51.50509],[-0.007709,51.504676],[-0.007743,51.504596]]},"properties":{"category":"rail","kind":"rail","name":"North London Railway-Poplar Branch"}},{"type":"Feature","id":"way/198582965","geometry":{"type":"LineString","coordinates":[[-0.012403,51.542034],[-0.011316,51.541754],[-0.010544,51.541714],[-0.009445,51.541759],[-0.008539,51.541944],[-0.007378,51.542332],[-0.006727,51.542402],[-0.006033,51.542393],[-0.005397,51.542305],[-0.004689,51.542147],[-0.004179,51.5419],[-0.003372,51.541363],[-0.003102,51.54112]]},"properties":{"category":"rail","kind":"rail","name":"Eastern Counties and Thames Junction Railway"}},{"type":"Feature","id":"way/198582966","geometry":{"type":"LineString","coordinates":[[0.008615,51.513623],[0.009158,51.512682],[0.010461,51.509783],[0.010885,51.508867],[0.011296,51.508286],[0.01274,51.506594],[0.013179,51.506241],[0.013773,51.506012],[0.015218,51.505783],[0.015784,51.505581],[0.016364,51.505299],[0.017737,51.504594],[0.019139,51.503933],[0.020625,51.503395],[0.02299,51.50269],[0.024448,51.502408],[0.026401,51.502144],[0.027888,51.502073],[0.030153,51.502153],[0.033006,51.502425],[0.034734,51.502544],[0.037109,51.502625],[0.040328,51.502544],[0.043239,51.502342],[0.046534,51.50191]]},"properties":{"category":"rail","kind":"rail","name":"Silvertown Tramway"}},{"type":"Feature","id":"way/198582967","geometry":{"type":"LineString","coordinates":[[0.008615,51.513623],[0.009141,51.512982],[0.009538,51.512415],[0.010842,51.51047],[0.011396,51.509895],[0.011988,51.509557],[0.012789,51.509319],[0.013898,51.509066],[0.015069,51.508951],[0.016573,51.509097],[0.018372,51.509381],[0.019555,51.509526],[0.021379,51.509611],[0.023412,51.509741],[0.02727,51.509833],[0.02987,51.509841],[0.032113,51.50981],[0.034492,51.509481],[0.035519,51.509303],[0.036122,51.509127],[0.037811,51.508636],[0.0389,51.508004],[0.039593,51.507408],[0.041459,51.504461],[0.041792,51.504034],[0.042231,51.503646],[0.042769,51.503249],[0.043675,51.502782],[0.044397,51.502483],[0.045388,51.502157],[0.046534,51.50191]]},"properties":{"category":"rail","kind":"rail","name":"Eastern Counties and Thames Junction Railway"}},{"type":"Feature","id":"way/198582968","geometry":{"type":"LineString","coordinates":[[-0.003102,51.54112],[-0.002452,51.540368],[-0.001942,51.53947],[-0.001659,51.538959],[-0.001418,51.538669],[-0.000826,51.538214],[-0.000228,51.537726],[0.000341,51.537191],[0.000696,51.536796],[0.001714,51.535419],[0.002275,51.534364],[0.002587,51.533712],[0.003054,51.533034],[0.003677,51.532435],[0.004144,51.531872],[0.00437,51.531282],[0.004554,51.530304],[0.004554,51.529503],[0.004526,51.527486],[0.00454,51.52561],[0.004455,51.524773],[0.004314,51.523302],[0.004172,51.522166],[0.004144,51.521338],[0.004427,51.519506],[0.004809,51.51814],[0.005404,51.517021],[0.005913,51.516325],[0.006442,51.515667],[0.007117,51.515005],[0.007881,51.514331],[0.008615,51.513623]]},"properties":{"category":"rail","kind":"rail","name":"Eastern Counties and Thames Junction Railway"}},{"type":"Feature","id":"way/198582969","geometry":{"type":"LineString","coordinates":[[0.046534,51.50191],[0.047582,51.501813],[0.05333,51.50117],[0.059708,51.500177],[0.060641,51.49999],[0.061794,51.499713],[0.062606,51.499404],[0.063134,51.499148]]},"properties":{"category":"rail","kind":"rail","name":"Eastern Counties and Thames Junction Railway"}},{"type":"Feature","id":"way/198582971","geometry":{"type":"LineString","coordinates":[[-0.142365,51.542102],[-0.143199,51.542071],[-0.143773,51.542038],[-0.144381,51.541974],[-0.144973,51.541903],[-0.145388,51.541845],[-0.146159,51.54179],[-0.1467,51.54179],[-0.147237,51.541839],[-0.147775,51.541944],[-0.148316,51.542092],[-0.149713,51.542528],[-0.150475,51.54272],[-0.151075,51.542833],[-0.151687,51.542897],[-0.153055,51.54302],[-0.154106,51.543077],[-0.155141,51.543117]]},"properties":{"category":"rail","kind":"rail","name":null}},{"type":"Feature","id":"way/198582972","geometry":{"type":"LineString","coordinates":[[-0.142365,51.542102],[-0.141587,51.542079],[-0.140546,51.542019],[-0.139441,51.541899],[-0.133136,51.541183],[-0.131081,51.541113],[-0.128578,51.541078],[-0.126037,51.541067],[-0.124001,51.541357],[-0.121143,51.541984],[-0.114829,51.543622],[-0.112121,51.544192],[-0.105983,51.545613]]},"properties":{"category":"rail","kind":"rail","name":"North London Railway"}},{"type":"Feature","id":"way/198582974","geometry":{"type":"LineString","coordinates":[[-0.270809,51.49917],[-0.271648,51.498634],[-0.272512,51.498163],[-0.273368,51.4977],[-0.274253,51.497273],[-0.275407,51.496766],[-0.276816,51.496219],[-0.278918,51.495404],[-0.280645,51.494712],[-0.284538,51.493227],[-0.285536,51.492932],[-0.286775,51.492482],[-0.287745,51.491975],[-0.288835,51.491491],[-0.290066,51.490997],[-0.290795,51.490755],[-0.292027,51.490446],[-0.293344,51.490252],[-0.29449,51.490197]]},"properties":{"category":"rail","kind":"rail","name":null}},{"type":"Feature","id":"way/198582975","geometry":{"type":"LineString","coordinates":[[-0.270809,51.49917],[-0.270242,51.499527],[-0.268769,51.500623],[-0.267241,51.501939],[-0.26568,51.503599],[-0.264655,51.504925],[-0.263972,51.50616],[-0.263289,51.507537],[-0.262931,51.508509],[-0.261679,51.511929],[-0.261029,51.513306],[-0.260216,51.514692],[-0.256719,51.51954],[-0.25641,51.520096],[-0.25576,51.521351],[-0.255256,51.52213],[-0.254313,51.523627],[-0.253223,51.524852],[-0.251434,51.526845]]},"properties":{"category":"rail","kind":"rail","name":"North London Railway"}},{"type":"Feature","id":"way/198582976","geometry":{"type":"LineString","coordinates":[[-0.251434,51.526845],[-0.25041,51.527573],[-0.249353,51.528109],[-0.246182,51.528929],[-0.245125,51.529526],[-0.244621,51.530194],[-0.244442,51.53077],[-0.244198,51.531306],[-0.243466,51.532014],[-0.242507,51.532449],[-0.240653,51.532722],[-0.233741,51.532874],[-0.23083,51.533016],[-0.226199,51.533212],[-0.22409,51.533477],[-0.221202,51.534146],[-0.21973,51.534657],[-0.217875,51.535414],[-0.215738,51.536585],[-0.213826,51.537791],[-0.209254,51.541366],[-0.208178,51.542273],[-0.206493,51.543242],[-0.20512,51.544096],[-0.202289,51.54517],[-0.200321,51.545777],[-0.198268,51.546253],[-0.195876,51.54664],[-0.19354,51.547072],[-0.191629,51.547432],[-0.189647,51.547899],[-0.188939,51.548102],[-0.187367,51.5487],[-0.183899,51.550012],[-0.183163,51.550241],[-0.165896,51.555124],[-0.163536,51.555644],[-0.161927,51.555884],[-0.156519,51.556311],[-0.155103,51.556238],[-0.153751,51.556064],[-0.152356,51.555744],[-0.151511,51.555416],[-0.150674,51.555062],[-0.149741,51.554582],[-0.149065,51.554029],[-0.148529,51.553481],[-0.148078,51.552934],[-0.14767,51.552234],[-0.147531,51.55176],[-0.147402,51.55124],[-0.14737,51.550746],[-0.147402,51.550239],[-0.147413,51.549886],[-0.147316,51.549299],[-0.147177,51.548585],[-0.146641,51.546129],[-0.146383,51.545182],[-0.145975,51.543968],[-0.145514,51.543327],[-0.144935,51.542827],[-0.144162,51.54244],[-0.143272,51.542213],[-0.142365,51.542102]]},"properties":{"category":"rail","kind":"rail","name":"Hampstead Junction Railway"}},{"type":"Feature","id":"way/198582977","geometry":{"type":"LineString","coordinates":[[-0.251434,51.526845],[-0.249814,51.52834],[-0.248299,51.529428],[-0.247165,51.530195],[-0.246019,51.530678],[-0.244983,51.530985],[-0.243862,51.531046],[-0.242913,51.531046],[-0.242013,51.530954],[-0.24046,51.530655]]},"properties":{"category":"rail","kind":"rail","name":null}},{"type":"Feature","id":"way/198582978","geometry":{"type":"LineString","coordinates":[[-0.030246,51.544378],[-0.029292,51.543897],[-0.029163,51.543832],[-0.028154,51.543599],[-0.026828,51.543355],[-0.023577,51.543471],[-0.019505,51.543599],[-0.018403,51.543564],[-0.017021,51.543448],[-0.015657,51.543169],[-0.013752,51.542612],[-0.012403,51.542034]]},"properties":{"category":"rail","kind":"rail","name":"North London Railway"}},{"type":"Feature","id":"way/198582979","geometry":{"type":"LineString","coordinates":[[-0.078765,51.548393],[-0.077792,51.548225],[-0.076961,51.547999],[-0.076232,51.547604],[-0.075915,51.547389],[-0.075299,51.546735],[-0.075102,51.546336],[-0.074954,51.545853],[-0.075019,51.544022],[-0.075539,51.539521],[-0.075686,51.537771],[-0.075783,51.536608],[-0.075767,51.535465],[-0.075686,51.531469],[-0.075686,51.530822],[-0.076027,51.530195],[-0.076613,51.529517],[-0.077816,51.528526],[-0.078434,51.527706],[-0.078841,51.526947],[-0.078743,51.524681],[-0.079365,51.523327],[-0.080137,51.522886],[-0.081661,51.521738],[-0.083678,51.51828]]},"properties":{"category":"rail","kind":"rail","name":null}},{"type":"Feature","id":"way/198583134","geometry":{"type":"LineString","coordinates":[[-0.176643,51.516309],[-0.178585,51.517797],[-0.179398,51.518186],[-0.180575,51.518384],[-0.181976,51.518494],[-0.18942,51.518976],[-0.190989,51.519093],[-0.192567,51.519296],[-0.193763,51.5195],[-0.195425,51.519837],[-0.197849,51.520362],[-0.200217,51.520888],[-0.203514,51.521749],[-0.205877,51.52244],[-0.208371,51.523201],[-0.2098,51.523602],[-0.211714,51.524021],[-0.213713,51.524451],[-0.216889,51.525044],[-0.219943,51.525456],[-0.225304,51.52584],[-0.228947,51.525921],[-0.231188,51.525909],[-0.23569,51.525619],[-0.239501,51.525212],[-0.243741,51.524457],[-0.248019,51.523341],[-0.251721,51.522194],[-0.254402,51.521238],[-0.257792,51.519849],[-0.26011,51.519008],[-0.262942,51.5181],[-0.265302,51.517513],[-0.268392,51.516832],[-0.271954,51.516164],[-0.27631,51.515536],[-0.28058,51.515176],[-0.283906,51.515016],[-0.287447,51.514922],[-0.291073,51.514895],[-0.296143,51.514906],[-0.297382,51.514909],[-0.301287,51.514789],[-0.30663,51.514375],[-0.320577,51.513467],[-0.326092,51.513039],[-0.334868,51.512118],[-0.340083,51.511557],[-0.380709,51.505682],[-0.391431,51.504131],[-0.395593,51.503624],[-0.400057,51.503196],[-0.403297,51.503023],[-0.408232,51.502756],[-0.412094,51.502742],[-0.41581,51.502816],[-0.419225,51.502958],[-0.421648,51.50308],[-0.424624,51.503292],[-0.429031,51.503687],[-0.431779,51.50398],[-0.435715,51.504416],[-0.438544,51.504861],[-0.44352,51.505752],[-0.446464,51.50645],[-0.449554,51.507149],[-0.453082,51.507756],[-0.457246,51.508333],[-0.460774,51.508809],[-0.465425,51.509254],[-0.469556,51.509639],[-0.474548,51.509922],[-0.475662,51.509952],[-0.479053,51.510043],[-0.483557,51.510094],[-0.488484,51.509983],[-0.492192,51.5098],[-0.495314,51.509639],[-0.499234,51.509315],[-0.503136,51.50892],[-0.505738,51.508707],[-0.510031,51.508363],[-0.513999,51.50809],[-0.518845,51.507847],[-0.522923,51.507685],[-0.526978,51.507605],[-0.530948,51.507591],[-0.537171,51.507671],[-0.541741,51.507818],[-0.545411,51.508019],[-0.548822,51.508192],[-0.55335,51.508539],[-0.570924,51.509688],[-0.575494,51.510089],[-0.579614,51.510463],[-0.583785,51.510951],[-0.588844,51.511674],[-0.595186,51.512676],[-0.602358,51.514113],[-0.623708,51.519505],[-0.628236,51.52052],[-0.632141,51.521254],[-0.636883,51.522042],[-0.64096,51.522656],[-0.646539,51.523257],[-0.652054,51.523711],[-0.65686,51.523951],[-0.66037,51.524079],[-0.664082,51.524119],[-0.666743,51.524106],[-0.669833,51.524052],[-0.674188,51.523865],[-0.679639,51.523518],[-0.683002,51.523176]]},"properties":{"category":"rail","kind":"rail","name":"Great Western Main Line"}},{"type":"Feature","id":"way/198584427","geometry":{"type":"LineString","coordinates":[[-0.206189,51.42167],[-0.204386,51.422805],[-0.203163,51.423499],[-0.202378,51.423992],[-0.201345,51.424937],[-0.200438,51.426075],[-0.198819,51.428263],[-0.198487,51.428805],[-0.198185,51.429335],[-0.198037,51.429896],[-0.197877,51.430564],[-0.197803,51.431233],[-0.197926,51.43212],[-0.198104,51.432647],[-0.198376,51.433177],[-0.198813,51.433765],[-0.199355,51.434371],[-0.200243,51.435205],[-0.20089,51.435731],[-0.20142,51.436119],[-0.202191,51.436691],[-0.203114,51.43742],[-0.203935,51.438299],[-0.204794,51.439282],[-0.205177,51.439936],[-0.205567,51.440635],[-0.205908,51.441385],[-0.206136,51.44215],[-0.206385,51.443253],[-0.206731,51.446536],[-0.206852,51.447298],[-0.20702,51.448032],[-0.207422,51.449248],[-0.207693,51.449976],[-0.207954,51.4505],[-0.208431,51.451146],[-0.209617,51.452636],[-0.211872,51.454808],[-0.212332,51.455254],[-0.212558,51.455646],[-0.212707,51.456026],[-0.212742,51.456343],[-0.212693,51.456802],[-0.21257,51.457095],[-0.212435,51.457333],[-0.212289,51.457516],[-0.212206,51.45762]]},"properties":{"category":"rail","kind":"rail","name":"District Railway-Wimbledon Branch"}},{"type":"Feature","id":"way/198584428","geometry":{"type":"LineString","coordinates":[[-0.173745,51.494045],[-0.172662,51.493988],[-0.171946,51.493974],[-0.171295,51.494023],[-0.170543,51.494052],[-0.170259,51.494063],[-0.169213,51.494009],[-0.163771,51.493777],[-0.162525,51.493663],[-0.161067,51.493522],[-0.160034,51.493336],[-0.158689,51.492958],[-0.156204,51.4923],[-0.155588,51.492159],[-0.155001,51.492062],[-0.154371,51.491956],[-0.153472,51.491921],[-0.152467,51.491956],[-0.151568,51.49204],[-0.151008,51.492172],[-0.150315,51.492388],[-0.149416,51.492727],[-0.148658,51.493089],[-0.148347,51.493335],[-0.146797,51.495283],[-0.146457,51.495645],[-0.146018,51.495878],[-0.145494,51.496094],[-0.144864,51.496266],[-0.144277,51.496341],[-0.143371,51.496345],[-0.143073,51.496372],[-0.142231,51.496535],[-0.140915,51.496799],[-0.139945,51.497165],[-0.13923,51.497368],[-0.138522,51.497535],[-0.137857,51.497764],[-0.135457,51.498958],[-0.13477,51.499218],[-0.133879,51.499483],[-0.133178,51.499633],[-0.132442,51.49973],[-0.131614,51.499743],[-0.130035,51.49973],[-0.129285,51.499778],[-0.128577,51.49995],[-0.127544,51.500276],[-0.127048,51.500408],[-0.126383,51.500673],[-0.1253,51.50114]]},"properties":{"category":"rail","kind":"subway","name":null}},{"type":"Feature","id":"way/198584429","geometry":{"type":"LineString","coordinates":[[-0.173745,51.494045],[-0.175233,51.49408],[-0.176079,51.494035],[-0.179266,51.49376],[-0.180007,51.493757],[-0.18114,51.493964],[-0.184566,51.494727]]},"properties":{"category":"rail","kind":"subway","name":null}},{"type":"Feature","id":"way/198584430","geometry":{"type":"LineString","coordinates":[[-0.1876,51.496157],[-0.18798,51.496674],[-0.188291,51.497212],[-0.188597,51.497613],[-0.189026,51.49801],[-0.189831,51.498538],[-0.191064,51.499393],[-0.19216,51.500486],[-0.192803,51.501088],[-0.193162,51.501507],[-0.193497,51.501998],[-0.193773,51.50255],[-0.193985,51.503074],[-0.194326,51.504043],[-0.19435,51.504121],[-0.194991,51.505759],[-0.195216,51.506415],[-0.19542,51.50699],[-0.195825,51.508101],[-0.196029,51.508666],[-0.196134,51.509096],[-0.19615,51.509525],[-0.195994,51.509968],[-0.195758,51.510325],[-0.195571,51.510552],[-0.195273,51.510869],[-0.19475,51.511216],[-0.194302,51.511443],[-0.193599,51.511721],[-0.193157,51.511817],[-0.192397,51.511936],[-0.190305,51.512157],[-0.189147,51.512245],[-0.184284,51.512609],[-0.183645,51.512649],[-0.182358,51.512762],[-0.181363,51.512944],[-0.180502,51.513168],[-0.179668,51.513463],[-0.17915,51.513689],[-0.177297,51.514708],[-0.176572,51.514989],[-0.176035,51.515172],[-0.175934,51.515206],[-0.175175,51.515617],[-0.17433,51.516084],[-0.173872,51.516344]]},"properties":{"category":"rail","kind":"subway","name":null}},{"type":"Feature","id":"way/198584431","geometry":{"type":"LineString","coordinates":[[-0.1253,51.50114],[-0.124656,51.501509],[-0.124336,51.501762],[-0.124084,51.502112],[-0.122824,51.506393],[-0.122702,51.506677],[-0.122311,51.507325],[-0.12171,51.507972],[-0.121441,51.508276],[-0.120897,51.5086],[-0.119856,51.509233],[-0.118922,51.509697],[-0.11832,51.509915],[-0.11667,51.510451],[-0.115918,51.510671],[-0.114905,51.510891],[-0.113417,51.511088],[-0.112377,51.511162],[-0.111202,51.511185],[-0.105929,51.511206],[-0.105541,51.511207],[-0.105214,51.511226],[-0.104826,51.511313],[-0.103964,51.511527],[-0.103752,51.511583]]},"properties":{"category":"rail","kind":"subway","name":null}},{"type":"Feature","id":"way/198584432","geometry":{"type":"LineString","coordinates":[[-0.103752,51.511583],[-0.102458,51.511951],[-0.102155,51.512024],[-0.101776,51.512068],[-0.101179,51.512053],[-0.097583,51.511844],[-0.096537,51.511832],[-0.095888,51.511861],[-0.094701,51.511946]]},"properties":{"category":"rail","kind":"subway","name":null}},{"type":"Feature","id":"way/198584433","geometry":{"type":"LineString","coordinates":[[-0.194319,51.486479],[-0.194921,51.48691],[-0.195377,51.487178],[-0.195937,51.487608],[-0.196547,51.488302],[-0.196694,51.488864],[-0.196531,51.489456],[-0.196181,51.489998],[-0.195555,51.490524],[-0.192444,51.492671]]},"properties":{"category":"rail","kind":"subway","name":"West Brompton Extension"}},{"type":"Feature","id":"way/198584437","geometry":{"type":"LineString","coordinates":[[-0.195555,51.490524],[-0.196305,51.490212],[-0.197007,51.490035],[-0.197771,51.48989],[-0.198387,51.489859],[-0.199349,51.489951],[-0.199953,51.490082],[-0.200319,51.490194],[-0.202108,51.49111],[-0.20284,51.491278],[-0.203417,51.491313],[-0.204092,51.491247],[-0.204742,51.49108],[-0.206596,51.490544],[-0.207929,51.490214],[-0.208702,51.490108],[-0.210344,51.490022],[-0.211369,51.490073],[-0.212475,51.490199],[-0.213654,51.490326],[-0.214272,51.490361],[-0.21541,51.490356],[-0.215971,51.490366],[-0.218817,51.490225],[-0.219711,51.490235],[-0.220809,51.490473],[-0.221524,51.490771],[-0.222144,51.491115],[-0.223858,51.492703]]},"properties":{"category":"rail","kind":"subway","name":"Hammersmith Branch"}},{"type":"Feature","id":"way/198584438","geometry":{"type":"LineString","coordinates":[[-0.192444,51.492671],[-0.190855,51.493699],[-0.189714,51.494377],[-0.18826,51.494929],[-0.187101,51.495083],[-0.1863,51.495067],[-0.184566,51.494727]]},"properties":{"category":"rail","kind":"subway","name":"West Brompton Extension"}},{"type":"Feature","id":"way/198584439","geometry":{"type":"LineString","coordinates":[[-0.223858,51.492703],[-0.224496,51.493162],[-0.225183,51.493429],[-0.226149,51.493623],[-0.226878,51.49369],[-0.22794,51.493643],[-0.228541,51.493603],[-0.22911,51.493603],[-0.233187,51.493917],[-0.236534,51.494191],[-0.237511,51.494351],[-0.238927,51.494592],[-0.240139,51.494765],[-0.241544,51.494919],[-0.242607,51.494972],[-0.243543,51.494954],[-0.245078,51.494941],[-0.247245,51.495095],[-0.249294,51.495114],[-0.25173,51.495161],[-0.25438,51.495155],[-0.256654,51.495134],[-0.259808,51.494941],[-0.264025,51.494533],[-0.269303,51.493865],[-0.271256,51.493565],[-0.272501,51.493218],[-0.273459,51.492818]]},"properties":{"category":"rail","kind":"subway","name":"District Line-Richmond"}},{"type":"Feature","id":"way/198584440","geometry":{"type":"LineString","coordinates":[[-0.20891,51.467835],[-0.208887,51.467974],[-0.208836,51.468324],[-0.208757,51.468784],[-0.208672,51.469096],[-0.208544,51.469471],[-0.208367,51.469727],[-0.208134,51.469921],[-0.207787,51.470155],[-0.207277,51.470428],[-0.206796,51.470675],[-0.206357,51.470997],[-0.206109,51.471306],[-0.205947,51.471671],[-0.20584,51.472209],[-0.205741,51.472531],[-0.205479,51.472937],[-0.205175,51.473254],[-0.204828,51.473488],[-0.198429,51.476658],[-0.197686,51.477068],[-0.197155,51.477416],[-0.196766,51.477787],[-0.196525,51.478135],[-0.196348,51.478443],[-0.195895,51.479413],[-0.195704,51.479726],[-0.195162,51.480336],[-0.195024,51.480468],[-0.19482,51.480637],[-0.194008,51.481209],[-0.192148,51.482474],[-0.191653,51.482869],[-0.191417,51.483183],[-0.191303,51.483542],[-0.191449,51.483781],[-0.192401,51.484732],[-0.193571,51.485877],[-0.194319,51.486479]]},"properties":{"category":"rail","kind":"subway","name":"District Railway-Wimbledon Branch"}},{"type":"Feature","id":"way/198584441","geometry":{"type":"LineString","coordinates":[[-0.256654,51.495134],[-0.258744,51.495131],[-0.261405,51.494971],[-0.266126,51.494477],[-0.267413,51.494497],[-0.268861,51.49471],[-0.270353,51.495171],[-0.271469,51.495739],[-0.272928,51.496848],[-0.273679,51.497302],[-0.275009,51.497923],[-0.275953,51.498317],[-0.277251,51.498959],[-0.278249,51.499874],[-0.278689,51.500622],[-0.27944,51.501824],[-0.279848,51.502592],[-0.280757,51.503254],[-0.280921,51.503373],[-0.285141,51.505434],[-0.2863,51.505781],[-0.287738,51.505888],[-0.288875,51.505714],[-0.289755,51.505434],[-0.290978,51.504846],[-0.292072,51.504499],[-0.293209,51.504272],[-0.300913,51.503203],[-0.30235,51.502856],[-0.303681,51.502375],[-0.307607,51.500879],[-0.308659,51.500625],[-0.319795,51.498288],[-0.321126,51.497767],[-0.323314,51.496805],[-0.324151,51.496257],[-0.325095,51.495536],[-0.326211,51.494868],[-0.327177,51.4942],[-0.328636,51.493345],[-0.33518,51.490072],[-0.336017,51.489497],[-0.341716,51.48507],[-0.342456,51.484549],[-0.343306,51.484149],[-0.3446,51.483681],[-0.348556,51.483006],[-0.349801,51.482684],[-0.350836,51.482238],[-0.351872,51.481578],[-0.352377,51.481118],[-0.352991,51.48037],[-0.353225,51.479917],[-0.353373,51.479411],[-0.353459,51.47892],[-0.353348,51.476939],[-0.353391,51.476545],[-0.353504,51.475989],[-0.353649,51.475671],[-0.354077,51.47493]]},"properties":{"category":"rail","kind":"subway","name":null}},{"type":"Feature","id":"way/198591078","geometry":{"type":"LineString","coordinates":[[-0.103826,51.514087],[-0.103738,51.513874],[-0.103722,51.513688],[-0.103662,51.513579],[-0.103631,51.513462],[-0.103608,51.513371],[-0.103592,51.513314],[-0.103587,51.513293]]},"properties":{"category":"rail","kind":"rail","name":null}},{"type":"Feature","id":"way/198591079","geometry":{"type":"LineString","coordinates":[[-0.103781,51.513602],[-0.103708,51.513293],[-0.103631,51.512661]]},"properties":{"category":"rail","kind":"rail","name":null}},{"type":"Feature","id":"way/198591080","geometry":{"type":"LineString","coordinates":[[-0.104023,51.514547],[-0.10386,51.513933],[-0.10382,51.513766],[-0.103781,51.513602]]},"properties":{"category":"rail","kind":"rail","name":null}},{"type":"Feature","id":"way/198591082","geometry":{"type":"LineString","coordinates":[[-0.103732,51.508138],[-0.103744,51.508395],[-0.10364,51.511771],[-0.103633,51.512193],[-0.103631,51.512661]]},"properties":{"category":"rail","kind":"rail","name":null}},{"type":"Feature","id":"way/198693447","geometry":{"type":"LineString","coordinates":[[-0.107828,51.463533],[-0.107073,51.463682],[-0.106172,51.463917],[-0.105545,51.464126],[-0.104973,51.46435],[-0.104311,51.46457],[-0.103647,51.464754],[-0.10301,51.464887],[-0.102404,51.464983],[-0.10161,51.465072],[-0.100801,51.465161],[-0.099874,51.465283],[-0.098867,51.465455],[-0.097814,51.465668],[-0.096887,51.465892],[-0.096269,51.466056],[-0.091764,51.467398],[-0.089519,51.468049],[-0.088054,51.468486],[-0.087088,51.468793],[-0.086541,51.468942],[-0.085479,51.469181],[-0.084846,51.469313],[-0.084135,51.469426],[-0.083352,51.469528],[-0.082354,51.469598],[-0.081488,51.469614],[-0.080597,51.469592],[-0.079508,51.469495],[-0.078326,51.469324],[-0.077607,51.469204],[-0.076853,51.469096],[-0.076336,51.46904],[-0.075777,51.469004],[-0.075037,51.468975],[-0.07409,51.468982],[-0.073307,51.469025],[-0.072181,51.469136],[-0.071349,51.469253],[-0.070421,51.469487],[-0.069713,51.469707],[-0.068892,51.469934],[-0.0682,51.470065],[-0.067036,51.470245],[-0.066119,51.470305],[-0.064708,51.470349],[-0.064075,51.470409],[-0.063485,51.470482],[-0.062771,51.470609],[-0.062246,51.470706],[-0.06172,51.470856],[-0.061033,51.471104],[-0.060368,51.471364],[-0.059633,51.471745],[-0.059156,51.472036],[-0.058469,51.472544],[-0.058051,51.472885],[-0.057638,51.473296],[-0.057316,51.473707],[-0.05708,51.474061],[-0.053931,51.479053],[-0.053826,51.479231],[-0.053629,51.479565],[-0.053518,51.479754],[-0.053169,51.480529],[-0.052944,51.481117],[-0.052772,51.481792],[-0.052702,51.482263],[-0.05267,51.482814],[-0.052697,51.483509],[-0.052745,51.483934],[-0.052853,51.484638],[-0.052955,51.485056],[-0.053056,51.485427],[-0.053191,51.485831],[-0.053394,51.486302],[-0.053866,51.487201],[-0.054167,51.487621],[-0.054497,51.488094],[-0.055221,51.488881],[-0.055538,51.489148],[-0.055796,51.489365],[-0.056404,51.489846],[-0.056989,51.490287],[-0.057611,51.490708],[-0.058027,51.49097],[-0.058442,51.491209],[-0.059169,51.491586],[-0.059481,51.491736],[-0.059679,51.491825]]},"properties":{"category":"rail","kind":"rail","name":"South London line"}},{"type":"Feature","id":"way/198693482","geometry":{"type":"LineString","coordinates":[[-0.336307,51.448457],[-0.337287,51.44812],[-0.337759,51.447866],[-0.338166,51.447491],[-0.338445,51.447064],[-0.338606,51.446636],[-0.33866,51.446081],[-0.33939,51.438584],[-0.339765,51.434732],[-0.339776,51.433956],[-0.339711,51.433508],[-0.339686,51.433397],[-0.339583,51.432953],[-0.339432,51.432317],[-0.339121,51.431655],[-0.33881,51.431133],[-0.338274,51.430471],[-0.332459,51.424317],[-0.331922,51.423788],[-0.331472,51.423407],[-0.330774,51.422939],[-0.330055,51.422551],[-0.32939,51.422229],[-0.311334,51.414147],[-0.310722,51.413906],[-0.3101,51.413745],[-0.309531,51.413645],[-0.304993,51.413143],[-0.304757,51.413116],[-0.301495,51.412752]]},"properties":{"category":"rail","kind":"rail","name":"Kingston loop line"}},{"type":"Feature","id":"way/198693483","geometry":{"type":"LineString","coordinates":[[-0.304993,51.413143],[-0.303126,51.413046],[-0.299655,51.412701],[-0.298904,51.412675],[-0.298202,51.412665],[-0.297558,51.412681],[-0.296882,51.412725],[-0.29627,51.412785],[-0.295605,51.412882],[-0.295036,51.412973],[-0.293813,51.4132],[-0.292832,51.413327],[-0.291898,51.413391],[-0.291083,51.413381],[-0.290289,51.413327],[-0.2895,51.413257],[-0.286464,51.412872],[-0.285542,51.412738],[-0.28464,51.412477],[-0.283878,51.412216],[-0.283085,51.411889],[-0.28228,51.41144],[-0.27006,51.40367],[-0.269191,51.403242],[-0.268311,51.402914],[-0.267388,51.40266],[-0.266401,51.402479],[-0.265639,51.402432],[-0.264921,51.402439],[-0.263676,51.402559],[-0.259717,51.403228]]},"properties":{"category":"rail","kind":"rail","name":"Kingston loop line"}},{"type":"Feature","id":"way/198693489","geometry":{"type":"LineString","coordinates":[[-0.285141,51.505434],[-0.285709,51.505725],[-0.286052,51.505965],[-0.286771,51.506606],[-0.287131,51.50703],[-0.287474,51.507541],[-0.287753,51.508246],[-0.288123,51.509364],[-0.288203,51.509705],[-0.288246,51.510009],[-0.288262,51.510109],[-0.288193,51.51077],[-0.288032,51.512236],[-0.287892,51.512703],[-0.287721,51.513274],[-0.287672,51.513611],[-0.287753,51.513985],[-0.287919,51.514399],[-0.288209,51.514739],[-0.288826,51.515297],[-0.289367,51.515577],[-0.290092,51.515791],[-0.290687,51.515888],[-0.291261,51.515921],[-0.292044,51.515904],[-0.292634,51.515794],[-0.292999,51.515701],[-0.294034,51.515397],[-0.294727,51.515287],[-0.295284,51.515237],[-0.29595,51.515207],[-0.301851,51.51521]]},"properties":{"category":"rail","kind":"subway","name":"District Railway"}},{"type":"Feature","id":"way/198693490","geometry":{"type":"LineString","coordinates":[[-0.354077,51.47493],[-0.354438,51.474555],[-0.354835,51.4742],[-0.355328,51.473793],[-0.35594,51.473425],[-0.356519,51.473171],[-0.357195,51.472937],[-0.361691,51.471661],[-0.362442,51.471534],[-0.363461,51.471394],[-0.369233,51.471173],[-0.370606,51.471213],[-0.371625,51.471293],[-0.372806,51.471507],[-0.373997,51.471848],[-0.374941,51.472155],[-0.377902,51.473399],[-0.378825,51.473659],[-0.37949,51.473813],[-0.381496,51.47404],[-0.382177,51.474067],[-0.382896,51.474063],[-0.383642,51.473973],[-0.386319,51.473592]]},"properties":{"category":"rail","kind":"subway","name":null}},{"type":"Feature","id":"way/198693497","geometry":{"type":"LineString","coordinates":[[-0.33939,51.438584],[-0.33955,51.437949],[-0.339819,51.437468],[-0.340301,51.436886],[-0.340827,51.436438],[-0.341471,51.436037],[-0.34205,51.435762],[-0.342855,51.435482],[-0.344426,51.435081],[-0.351706,51.433228],[-0.353058,51.432753],[-0.354249,51.432124],[-0.355247,51.431535],[-0.355987,51.4309],[-0.356523,51.430432],[-0.357221,51.429475],[-0.363293,51.420123],[-0.364023,51.419226],[-0.364892,51.41847],[-0.36589,51.417794],[-0.367027,51.417212],[-0.368583,51.41667],[-0.370278,51.416215],[-0.371512,51.415974],[-0.372584,51.415881],[-0.373818,51.415827],[-0.375192,51.415854],[-0.376522,51.415948],[-0.37752,51.416108],[-0.378625,51.416376],[-0.379762,51.416683],[-0.381114,51.417239],[-0.390877,51.421929],[-0.392079,51.422451],[-0.393313,51.422879],[-0.394536,51.42312],[-0.395941,51.423321],[-0.397604,51.423448],[-0.399042,51.423454],[-0.400211,51.423394],[-0.401799,51.423187],[-0.402947,51.422993],[-0.404631,51.422611],[-0.405747,51.422263],[-0.426679,51.415118],[-0.428149,51.414536],[-0.429565,51.41392],[-0.430874,51.413164],[-0.432022,51.412401],[-0.432966,51.411631],[-0.433835,51.410788],[-0.434286,51.41026],[-0.434715,51.409631],[-0.435037,51.409129],[-0.435445,51.408379],[-0.437773,51.404149],[-0.438341,51.403299],[-0.43891,51.402563],[-0.439758,51.40166],[-0.440476,51.400923],[-0.441153,51.400381],[-0.442107,51.399645],[-0.442633,51.399257],[-0.443352,51.398808],[-0.444393,51.398206],[-0.448201,51.396157]]},"properties":{"category":"rail","kind":"rail","name":"Shepperton branch line"}},{"type":"Feature","id":"way/198693498","geometry":{"type":"LineString","coordinates":[[-0.344426,51.435081],[-0.343434,51.435154],[-0.342447,51.435114],[-0.341525,51.434873],[-0.340913,51.434652],[-0.340387,51.434291],[-0.340087,51.43401],[-0.339833,51.433737],[-0.339686,51.433397]]},"properties":{"category":"rail","kind":"rail","name":null}},{"type":"Feature","id":"way/198695718","geometry":{"type":"LineString","coordinates":[[-0.040558,51.512386],[-0.04,51.512524],[-0.039442,51.512724],[-0.038756,51.513011],[-0.038047,51.513425],[-0.035445,51.515236],[-0.024846,51.522435],[-0.024288,51.522842]]},"properties":{"category":"rail","kind":"rail","name":"London and Blackwall Extension Line"}},{"type":"Feature","id":"way/198695719","geometry":{"type":"LineString","coordinates":[[-0.024288,51.522842],[-0.023429,51.523336],[-0.022485,51.523923],[-0.021541,51.524724],[-0.020833,51.525592],[-0.020511,51.52642],[-0.020458,51.526807],[-0.020609,51.527358]]},"properties":{"category":"rail","kind":"rail","name":null}},{"type":"Feature","id":"way/198778563","geometry":{"type":"LineString","coordinates":[[-0.20682,51.420679],[-0.207652,51.419786],[-0.207974,51.419311],[-0.20807,51.418715],[-0.20806,51.418233],[-0.207813,51.417738],[-0.207566,51.417377],[-0.207223,51.417089],[-0.206718,51.416748],[-0.206107,51.416407],[-0.204637,51.415878],[-0.203511,51.415383],[-0.202749,51.414901],[-0.202073,51.414453],[-0.201579,51.413951],[-0.200742,51.413128],[-0.199959,51.412486],[-0.199262,51.412011],[-0.198114,51.411402],[-0.185583,51.405298],[-0.184703,51.404803],[-0.183845,51.404348],[-0.182943,51.403772],[-0.175111,51.398819],[-0.174328,51.398424],[-0.173534,51.398049],[-0.173198,51.397947]]},"properties":{"category":"rail","kind":"rail","name":"Wimbledon-Croydon Line"}},{"type":"Feature","id":"way/198778565","geometry":{"type":"LineString","coordinates":[[-0.173198,51.397947],[-0.172654,51.397782],[-0.171936,51.397635],[-0.16994,51.397387],[-0.168674,51.397173],[-0.167676,51.396912],[-0.166775,51.396624],[-0.166046,51.396282],[-0.165252,51.395827],[-0.163653,51.394803],[-0.16272,51.394294],[-0.161346,51.393805],[-0.159839,51.393414],[-0.158927,51.393201],[-0.155521,51.392406],[-0.151508,51.391503],[-0.141745,51.389202],[-0.138183,51.388363],[-0.137131,51.388081],[-0.130962,51.386267],[-0.129889,51.385959],[-0.128323,51.385417],[-0.127701,51.385089],[-0.127154,51.38474],[-0.12328,51.382042],[-0.122679,51.381506],[-0.121092,51.379812],[-0.120051,51.378808]]},"properties":{"category":"rail","kind":"rail","name":"Wimbledon-Croydon Line"}},{"type":"Feature","id":"way/198778566","geometry":{"type":"LineString","coordinates":[[-0.120051,51.378808],[-0.118774,51.377796],[-0.114279,51.373899],[-0.113496,51.37349],[-0.112766,51.373283],[-0.111661,51.373195],[-0.110717,51.373262],[-0.109665,51.373463],[-0.109236,51.373664]]},"properties":{"category":"rail","kind":"rail","name":"Wimbledon-Croydon Line"}},{"type":"Feature","id":"way/198779349","geometry":{"type":"LineString","coordinates":[[-0.271298,51.333748],[-0.270826,51.333935],[-0.270354,51.334069],[-0.268616,51.334606],[-0.267897,51.334686],[-0.266878,51.33474],[-0.264839,51.334512],[-0.262951,51.334498],[-0.260891,51.334834],[-0.25926,51.335195],[-0.257372,51.33596],[-0.255741,51.336898],[-0.246085,51.343051],[-0.245227,51.34356],[-0.243703,51.344203],[-0.223362,51.35329],[-0.221409,51.354161],[-0.219907,51.35467],[-0.21804,51.355072],[-0.195837,51.35893],[-0.188586,51.360191],[-0.18683,51.360496],[-0.18536,51.3607],[-0.184368,51.36079],[-0.183332,51.360787],[-0.182152,51.360737],[-0.180977,51.360603],[-0.180028,51.360439],[-0.179405,51.360288],[-0.178724,51.36012],[-0.178067,51.359903],[-0.177421,51.359672],[-0.176348,51.359203],[-0.175114,51.358573],[-0.173902,51.358044],[-0.172689,51.357695],[-0.171359,51.3574],[-0.16976,51.35724],[-0.168441,51.357159],[-0.167336,51.357173],[-0.166381,51.357266],[-0.164707,51.357494],[-0.133705,51.363515],[-0.123519,51.365493],[-0.121223,51.365989],[-0.119431,51.366504],[-0.118047,51.36706],[-0.116942,51.367583],[-0.115515,51.368407],[-0.11412,51.369452],[-0.113016,51.370349],[-0.109236,51.373664],[-0.107584,51.375017],[-0.106425,51.375754],[-0.103357,51.377441],[-0.102563,51.378196]]},"properties":{"category":"rail","kind":"rail","name":"Sutton and Mole Valley Line"}},{"type":"Feature","id":"way/198779350","geometry":{"type":"LineString","coordinates":[[-0.229454,51.409281],[-0.230807,51.408775],[-0.232224,51.408093],[-0.233854,51.406982],[-0.234777,51.406005],[-0.235571,51.40476],[-0.236343,51.402953],[-0.242048,51.389018],[-0.244648,51.382695],[-0.244969,51.381516],[-0.245248,51.380445],[-0.245356,51.378744],[-0.245377,51.377378],[-0.245291,51.376454],[-0.244948,51.374485],[-0.244862,51.373306],[-0.244862,51.372154],[-0.244991,51.370935],[-0.245205,51.369596],[-0.245592,51.368403],[-0.246021,51.367224],[-0.24675,51.365791],[-0.247866,51.363889],[-0.252474,51.357936],[-0.253268,51.35669],[-0.254126,51.355377],[-0.255028,51.353769],[-0.264727,51.336975],[-0.265563,51.335889],[-0.266357,51.335393],[-0.267044,51.335045],[-0.267709,51.33483],[-0.268616,51.334606]]},"properties":{"category":"rail","kind":"rail","name":null}},{"type":"Feature","id":"way/198779351","geometry":{"type":"LineString","coordinates":[[-0.271298,51.333748],[-0.273331,51.332833],[-0.274576,51.33227],[-0.276142,51.331331],[-0.283759,51.326316],[-0.285519,51.325284],[-0.28686,51.324627],[-0.28803,51.324111],[-0.289167,51.323668],[-0.29054,51.323239],[-0.308028,51.317734],[-0.309058,51.317399],[-0.310453,51.316862],[-0.322212,51.311739],[-0.324057,51.310807],[-0.325516,51.309948],[-0.326889,51.308956],[-0.327962,51.308057],[-0.329143,51.307011],[-0.330451,51.305455],[-0.33146,51.303952],[-0.332061,51.30241],[-0.33249,51.301095],[-0.332812,51.299807],[-0.332855,51.299646],[-0.333005,51.299082],[-0.333177,51.298579],[-0.33338,51.297942]]},"properties":{"category":"rail","kind":"rail","name":"Sutton and Mole Valley Line"}},{"type":"Feature","id":"way/198779352","geometry":{"type":"LineString","coordinates":[[-0.33338,51.297942],[-0.333751,51.297065],[-0.334105,51.296354],[-0.33463,51.295555],[-0.335317,51.294334],[-0.335789,51.293261],[-0.335939,51.292147],[-0.336004,51.291033],[-0.335875,51.290014],[-0.33551,51.288685],[-0.335317,51.287705],[-0.334351,51.283149],[-0.334008,51.281968],[-0.333107,51.279472],[-0.332957,51.278626],[-0.332849,51.277405],[-0.330661,51.262973],[-0.330317,51.261885],[-0.329845,51.260489],[-0.329502,51.258877],[-0.329266,51.257373],[-0.328987,51.255319],[-0.328751,51.254244],[-0.3283,51.252955],[-0.32785,51.251706],[-0.327506,51.250618],[-0.327142,51.249168],[-0.325554,51.243217],[-0.32506,51.242129],[-0.324502,51.241619],[-0.3227,51.240195]]},"properties":{"category":"rail","kind":"rail","name":"Sutton and Mole Valley Line"}},{"type":"Feature","id":"way/198779355","geometry":{"type":"LineString","coordinates":[[-0.188586,51.360191],[-0.189839,51.359854],[-0.190977,51.359412],[-0.191878,51.358662],[-0.192436,51.357737],[-0.198422,51.345127],[-0.198776,51.344148],[-0.198969,51.343666],[-0.199098,51.34313],[-0.199259,51.34201],[-0.200391,51.334131],[-0.200584,51.333448],[-0.200885,51.332784],[-0.201711,51.331792],[-0.202773,51.330934],[-0.203642,51.330485],[-0.204683,51.330009],[-0.206689,51.329499],[-0.208331,51.329271],[-0.209854,51.329204],[-0.211093,51.329194],[-0.212225,51.329248],[-0.213336,51.329372],[-0.215079,51.32962],[-0.21612,51.329694],[-0.220669,51.3297],[-0.221699,51.32964],[-0.222696,51.329519],[-0.224005,51.329271],[-0.232213,51.327542],[-0.23335,51.327207],[-0.234852,51.326664],[-0.235582,51.326308],[-0.236258,51.325946],[-0.236987,51.325457],[-0.237567,51.325007],[-0.238897,51.323747]]},"properties":{"category":"rail","kind":"rail","name":"Epsom Downs Line"}},{"type":"Feature","id":"way/198779356","geometry":{"type":"LineString","coordinates":[[-0.188586,51.360191],[-0.186846,51.360641],[-0.185666,51.360936],[-0.184432,51.361104],[-0.18263,51.361164],[-0.181546,51.361177],[-0.180055,51.361291],[-0.178595,51.361579],[-0.177297,51.361961],[-0.175634,51.362551],[-0.174744,51.363033],[-0.173789,51.363609],[-0.173027,51.364259],[-0.171171,51.366201],[-0.170077,51.367032],[-0.168639,51.367769],[-0.166987,51.368358],[-0.164047,51.369135],[-0.16276,51.369577],[-0.161537,51.370247],[-0.156537,51.37381],[-0.155743,51.374574],[-0.155099,51.375391],[-0.154434,51.376301],[-0.153726,51.377842],[-0.153576,51.378404],[-0.153383,51.379369],[-0.15261,51.389626],[-0.152782,51.390242],[-0.153232,51.391033],[-0.153941,51.391648],[-0.154752,51.392108],[-0.155521,51.392406]]},"properties":{"category":"rail","kind":"rail","name":"Sutton and Mole Valley Line"}},{"type":"Feature","id":"way/198779357","geometry":{"type":"LineString","coordinates":[[-0.158927,51.393201],[-0.15982,51.393657],[-0.160571,51.394192],[-0.161107,51.394862],[-0.161279,51.395545],[-0.161172,51.396268],[-0.1607,51.397004],[-0.160249,51.397606],[-0.15967,51.398557],[-0.156644,51.404728],[-0.155786,51.406147],[-0.154863,51.407432],[-0.15349,51.409011],[-0.150786,51.411741],[-0.149434,51.412839],[-0.148233,51.413749],[-0.146388,51.415114],[-0.138373,51.420641],[-0.137,51.421832],[-0.136109,51.422635],[-0.134714,51.423926],[-0.133481,51.424795],[-0.131925,51.425638],[-0.130487,51.426341],[-0.129028,51.426829],[-0.127,51.427411],[-0.125863,51.427839],[-0.124029,51.428608],[-0.123267,51.429043],[-0.122269,51.429672],[-0.121539,51.430227],[-0.120349,51.431384],[-0.119919,51.431812],[-0.118836,51.432709],[-0.117806,51.433525],[-0.116518,51.434394],[-0.11478,51.435237],[-0.112699,51.436133],[-0.109931,51.436976],[-0.107957,51.437805],[-0.107748,51.437929],[-0.106648,51.438581],[-0.105403,51.439477],[-0.104202,51.44048],[-0.103322,51.44131],[-0.1027,51.442045],[-0.102614,51.44234],[-0.099975,51.446191],[-0.098558,51.447849],[-0.097142,51.449107],[-0.095683,51.45011],[-0.094278,51.450952],[-0.090104,51.453085],[-0.089031,51.453707],[-0.087594,51.454709],[-0.085931,51.455819],[-0.084386,51.457043],[-0.083516,51.457905],[-0.082819,51.458627],[-0.079375,51.462738],[-0.079,51.46346],[-0.078742,51.464175],[-0.078603,51.464997],[-0.078678,51.465686],[-0.078495,51.466434],[-0.077948,51.467296],[-0.077197,51.467978],[-0.076382,51.468399],[-0.075416,51.468707],[-0.074622,51.46888],[-0.074166,51.468931],[-0.073307,51.469025]]},"properties":{"category":"rail","kind":"rail","name":"Sutton and Mole Valley Line"}},{"type":"Feature","id":"way/198781674","geometry":{"type":"LineString","coordinates":[[0.03533,51.550975],[0.036381,51.550962],[0.037626,51.550775],[0.063568,51.544997],[0.066069,51.544437],[0.068428,51.543909],[0.072827,51.542982],[0.074533,51.542422],[0.07582,51.541948],[0.07699,51.541434],[0.078084,51.54088],[0.082354,51.538725]]},"properties":{"category":"rail","kind":"rail","name":"London, Tilbury and Southend Railway"}},{"type":"Feature","id":"way/198781676","geometry":{"type":"LineString","coordinates":[[0.302403,51.475382],[0.289872,51.474423],[0.286159,51.474209],[0.283584,51.474143],[0.280409,51.474143],[0.276696,51.474183],[0.273049,51.47441],[0.268264,51.474811],[0.243437,51.476976],[0.241356,51.47735],[0.239918,51.477952],[0.238266,51.479087],[0.237493,51.479929],[0.237,51.481079],[0.23685,51.481974],[0.236978,51.482709],[0.237365,51.483604],[0.238223,51.485488],[0.238373,51.485903],[0.23848,51.48649],[0.238502,51.487078],[0.238352,51.48776],[0.238094,51.488334],[0.237622,51.489163],[0.236785,51.489911],[0.235369,51.490793],[0.232837,51.491928],[0.230348,51.493278],[0.228352,51.494493],[0.21786,51.500718],[0.21477,51.502468],[0.186896,51.518948],[0.184879,51.519949],[0.181982,51.521044],[0.179751,51.521792],[0.176661,51.522526],[0.174236,51.522873],[0.17194,51.523193],[0.168764,51.523554],[0.165782,51.523914],[0.136299,51.527386],[0.103318,51.530936],[0.099606,51.531711],[0.096152,51.532618],[0.092482,51.53382],[0.086946,51.536235],[0.082354,51.538725]]},"properties":{"category":"rail","kind":"rail","name":"London, Tilbury and Southend Railway"}},{"type":"Feature","id":"way/198781677","geometry":{"type":"LineString","coordinates":[[0.066069,51.544437],[0.064491,51.54449],[0.062999,51.544363],[0.061851,51.54407],[0.060983,51.543636],[0.060382,51.543202],[0.059212,51.542081],[0.058665,51.541681],[0.056787,51.540807],[0.05359,51.539679],[0.051799,51.539132],[0.049631,51.538645],[-0.008884,51.525136],[-0.011727,51.524682],[-0.014141,51.524462],[-0.0156,51.524475],[-0.019924,51.524549],[-0.020911,51.524515],[-0.021748,51.524355],[-0.022681,51.524055],[-0.023335,51.523714],[-0.023797,51.52334],[-0.024288,51.522842]]},"properties":{"category":"rail","kind":"rail","name":"London, Tilbury and Southend Railway"}},{"type":"Feature","id":"way/198781679","geometry":{"type":"LineString","coordinates":[[0.255378,51.558856],[0.25687,51.558903],[0.257545,51.558937],[0.258597,51.55897],[0.259434,51.558923],[0.260571,51.558777],[0.261987,51.55851],[0.263221,51.558203],[0.264294,51.557883],[0.265292,51.557509],[0.266504,51.556995],[0.267523,51.556502],[0.268296,51.556008],[0.269219,51.555481],[0.270163,51.554647],[0.270989,51.553867],[0.271718,51.552973],[0.289088,51.525033],[0.28956,51.524058],[0.290075,51.522763],[0.290204,51.521828],[0.290977,51.501329],[0.291019,51.500007],[0.290848,51.498698],[0.290698,51.497616],[0.290515,51.496788],[0.290183,51.495612],[0.287146,51.48451],[0.286975,51.48324],[0.287082,51.482345],[0.287361,51.481396],[0.288069,51.480327],[0.289077,51.479338],[0.290193,51.478536],[0.291695,51.477734],[0.295279,51.476077],[0.297038,51.475583],[0.298969,51.475315],[0.300235,51.475275],[0.302403,51.475382]]},"properties":{"category":"rail","kind":"rail","name":"London, Tilbury and Southend Railway"}},{"type":"Feature","id":"way/198781680","geometry":{"type":"LineString","coordinates":[[0.302403,51.475382],[0.317702,51.476492],[0.320406,51.476478],[0.322616,51.476318],[0.324654,51.476064],[0.326993,51.475596],[0.328924,51.475128],[0.330963,51.47442],[0.332122,51.474006],[0.333366,51.473417],[0.334825,51.472629],[0.354631,51.462069]]},"properties":{"category":"rail","kind":"rail","name":"London, Tilbury and Southend Railway"}},{"type":"Feature","id":"way/198781681","geometry":{"type":"LineString","coordinates":[[0.082354,51.538725],[0.083502,51.538244],[0.085026,51.537837],[0.086088,51.53761],[0.087515,51.537417],[0.08862,51.537357],[0.089854,51.537377],[0.091077,51.53743],[0.092311,51.53753],[0.116772,51.539552],[0.118532,51.539672],[0.12071,51.539799],[0.149721,51.541714],[0.152188,51.541928],[0.154291,51.542208],[0.156973,51.542568],[0.198344,51.549667],[0.201777,51.550241],[0.205103,51.550962],[0.226239,51.555565],[0.22817,51.556058],[0.23038,51.556725],[0.232386,51.557379],[0.233942,51.557919],[0.235122,51.558233],[0.236249,51.558533],[0.237654,51.558813],[0.23892,51.558987],[0.240379,51.559097],[0.241645,51.559163],[0.242997,51.559157],[0.244993,51.559083],[0.253318,51.55885],[0.254413,51.55885],[0.255378,51.558856],[0.25687,51.55893],[0.258114,51.559003],[0.259455,51.55913],[0.261204,51.55932],[0.261805,51.559393],[0.262931,51.55958],[0.264584,51.559867],[0.284529,51.563649],[0.28676,51.564056],[0.288895,51.564356],[0.290494,51.564536],[0.293036,51.564743],[0.339578,51.567784],[0.341853,51.567864],[0.344385,51.56789],[0.347024,51.567837],[0.350586,51.56757],[0.378138,51.56589],[0.380391,51.565823],[0.382579,51.565903],[0.384596,51.566063],[0.386313,51.566317],[0.388051,51.56665],[0.390089,51.567184],[0.397428,51.569064],[0.399016,51.569424],[0.401205,51.569744],[0.403329,51.569998],[0.405389,51.570144],[0.407663,51.570198],[0.409938,51.570104],[0.411976,51.569958],[0.414058,51.569744],[0.417555,51.569064],[0.420924,51.568171],[0.422491,51.56781],[0.424894,51.567384],[0.426911,51.56717],[0.428713,51.567023],[0.431181,51.566983],[0.433734,51.567037],[0.47011,51.568751],[0.473222,51.568831],[0.476097,51.568617],[0.478608,51.568257],[0.480947,51.567777],[0.484079,51.566897],[0.506095,51.560641],[0.507619,51.560334],[0.509292,51.560254],[0.511142,51.560161]]},"properties":{"category":"rail","kind":"rail","name":"London, Tilbury and Southend Railway"}},{"type":"Feature","id":"way/198781682","geometry":{"type":"LineString","coordinates":[[-0.036924,51.52782],[-0.033104,51.528788],[-0.031838,51.529089],[-0.030572,51.529296],[-0.029017,51.529496],[-0.026077,51.529809],[-0.024714,51.529996],[-0.023706,51.53019],[-0.022215,51.530517],[-0.021034,51.530904],[-0.020074,51.531252],[-0.019597,51.531425],[-0.011668,51.535583],[-0.01022,51.536564],[-0.008117,51.538125],[-0.006465,51.5397],[-0.004555,51.541241],[-0.003557,51.541915],[-0.002216,51.542769],[-0.001218,51.543377],[0.000134,51.544124],[0.001453,51.544718],[0.002848,51.545212],[0.004103,51.545572],[0.005477,51.545879],[0.006764,51.546206],[0.007794,51.546433],[0.009435,51.546753],[0.021506,51.548948],[0.024402,51.549428],[0.027632,51.550015],[0.029177,51.550269],[0.031001,51.550522],[0.03276,51.550703],[0.03533,51.550975],[0.039444,51.551303],[0.040925,51.55149],[0.042684,51.551723],[0.044615,51.552077],[0.047426,51.552704],[0.049239,51.553144],[0.051439,51.553705],[0.053735,51.554445],[0.063863,51.557754],[0.06559,51.558194],[0.066813,51.558487],[0.069753,51.559161],[0.084967,51.562349],[0.086447,51.562616],[0.088357,51.562896],[0.092906,51.563496],[0.095588,51.56383],[0.098893,51.56415],[0.102192,51.56446],[0.104348,51.564654],[0.106794,51.564987],[0.111397,51.565587],[0.128316,51.567895],[0.130269,51.568108],[0.132544,51.568335],[0.136492,51.568609],[0.140043,51.568882],[0.146909,51.569435],[0.151019,51.569822],[0.163561,51.570976],[0.166178,51.571249],[0.169183,51.571623],[0.171393,51.571963],[0.173474,51.572416],[0.175877,51.572936],[0.177959,51.573416],[0.17937,51.57377],[0.18342,51.57494]]},"properties":{"category":"rail","kind":"rail","name":"Eastern Counties Railway"}},{"type":"Feature","id":"way/198781683","geometry":{"type":"LineString","coordinates":[[-0.036924,51.52782],[-0.037563,51.52768],[-0.038561,51.5275],[-0.039634,51.527346],[-0.0462,51.526432],[-0.047498,51.526185],[-0.048796,51.525838],[-0.049333,51.525637],[-0.050009,51.52543],[-0.051189,51.525143],[-0.052755,51.524789],[-0.054064,51.524496],[-0.055609,51.524215],[-0.057733,51.523955],[-0.059557,51.523795],[-0.061564,51.523722],[-0.063903,51.523628],[-0.066746,51.523448],[-0.069267,51.523234],[-0.070093,51.523127],[-0.071026,51.52294],[-0.071863,51.522867],[-0.072834,51.522867],[-0.077094,51.522927]]},"properties":{"category":"rail","kind":"rail","name":"Eastern Counties Railway"}},{"type":"Feature","id":"way/198781684","geometry":{"type":"LineString","coordinates":[[0.18342,51.57494],[0.192227,51.577447],[0.20066,51.579954],[0.204286,51.581287],[0.20787,51.58274],[0.231495,51.592113],[0.234971,51.593499],[0.23834,51.594779],[0.254154,51.60103],[0.260591,51.603522],[0.268016,51.606308],[0.280246,51.611065],[0.282778,51.611931],[0.284946,51.612531],[0.287091,51.612917],[0.289473,51.61325],[0.292606,51.613504],[0.294859,51.613637],[0.297627,51.613703],[0.300159,51.613583],[0.302369,51.613357]]},"properties":{"category":"rail","kind":"rail","name":"Eastern Counties Railway"}},{"type":"Feature","id":"way/198781685","geometry":{"type":"LineString","coordinates":[[0.302369,51.613357],[0.305132,51.613144],[0.307557,51.613117],[0.310024,51.613237],[0.312492,51.613583],[0.314595,51.61401],[0.316226,51.614463],[0.318243,51.615236],[0.319873,51.615982],[0.321225,51.616808],[0.322835,51.617834],[0.324122,51.619073],[0.325259,51.620538],[0.325989,51.621884],[0.326375,51.622936],[0.327341,51.6262],[0.327834,51.627678],[0.328392,51.628757],[0.329422,51.629943],[0.330409,51.630955],[0.331868,51.63234],[0.334593,51.634604],[0.33779,51.637042],[0.338622,51.637655],[0.342919,51.640824],[0.353776,51.648653],[0.355536,51.649878],[0.358154,51.651649],[0.373281,51.660993],[0.375535,51.662364],[0.377852,51.663602],[0.394911,51.672652],[0.396713,51.673623],[0.398902,51.674661],[0.42199,51.68613],[0.423771,51.687181],[0.425896,51.688538],[0.428042,51.690107],[0.430831,51.692262],[0.432784,51.693965],[0.434414,51.695481],[0.435852,51.696997],[0.452095,51.715467],[0.453748,51.717568],[0.455078,51.719602],[0.456408,51.721622],[0.460367,51.727836],[0.461762,51.730148],[0.463071,51.732275],[0.463758,51.733139],[0.464595,51.734029],[0.466011,51.735092],[0.467212,51.735863],[0.468543,51.736474],[0.470093,51.737082],[0.471681,51.737494],[0.473333,51.737853],[0.474363,51.737986],[0.475468,51.738205],[0.476745,51.738544],[0.493804,51.743779],[0.495156,51.74427],[0.496615,51.744895],[0.50331,51.747964],[0.505455,51.749133],[0.507215,51.750182],[0.509876,51.751949],[0.514854,51.75511],[0.517257,51.756479],[0.520776,51.758245],[0.523416,51.759414],[0.525668,51.760144],[0.528029,51.760861],[0.535088,51.762508],[0.539766,51.76369],[0.543521,51.764607],[0.546504,51.765443],[0.55189,51.767223],[0.554744,51.768112],[0.557297,51.768763],[0.561224,51.769719],[0.566631,51.770901],[0.569292,51.771591],[0.571802,51.772322],[0.575472,51.773543],[0.577768,51.774406],[0.581458,51.775827],[0.605813,51.786261],[0.607959,51.78735],[0.610255,51.788571],[0.639784,51.806068],[0.640467,51.806472],[0.642119,51.807401],[0.645338,51.809205],[0.648728,51.81105],[0.652805,51.813331],[0.656324,51.815308],[0.715354,51.847902],[0.718466,51.849545],[0.720826,51.850632],[0.724023,51.852077],[0.740846,51.859512],[0.743593,51.860744],[0.74694,51.862414],[0.749365,51.863633],[0.752991,51.865581],[0.755545,51.866959],[0.758892,51.86884],[0.762003,51.870709],[0.768569,51.874961],[0.770737,51.876034],[0.772968,51.877147],[0.775157,51.878154],[0.777238,51.878975],[0.780317,51.880134],[0.782538,51.880823],[0.783936,51.881227],[0.785081,51.881558],[0.861256,51.900661],[0.864174,51.901243],[0.8678,51.901733],[0.871062,51.901945],[0.878358,51.902144],[0.881919,51.902117],[0.885009,51.901879],[0.887456,51.901521],[0.890996,51.900846],[0.892412,51.900542],[0.89458,51.90033]]},"properties":{"category":"rail","kind":"rail","name":"Eastern Counties Railway"}},{"type":"Feature","id":"way/198799391","geometry":{"type":"LineString","coordinates":[[-0.14976,51.266537],[-0.149757,51.266836],[-0.149899,51.268349],[-0.150808,51.272178],[-0.15407,51.287543],[-0.154184,51.289078],[-0.154168,51.290146],[-0.153956,51.291163],[-0.153599,51.292373],[-0.152954,51.294508],[-0.151864,51.297297],[-0.150647,51.299474],[-0.144432,51.309112],[-0.143328,51.310404],[-0.142294,51.311511],[-0.1401,51.313457],[-0.138868,51.314555],[-0.138047,51.315519],[-0.136773,51.317369],[-0.136009,51.318457],[-0.134961,51.319695],[-0.133616,51.321261],[-0.128967,51.325392],[-0.12566,51.32833],[-0.120847,51.332434],[-0.119176,51.333858],[-0.116798,51.335654],[-0.114646,51.337219],[-0.112058,51.338701],[-0.102514,51.344161],[-0.101169,51.345063],[-0.099838,51.346054],[-0.098493,51.347239],[-0.097346,51.348317],[-0.09637,51.349458],[-0.095704,51.350466],[-0.095181,51.351306],[-0.094742,51.35234],[-0.094331,51.353357],[-0.094119,51.354144],[-0.093892,51.355196],[-0.093765,51.356151],[-0.093485,51.361524],[-0.092813,51.374452],[-0.092756,51.375972],[-0.092672,51.376794],[-0.092303,51.377987],[-0.09195,51.378871],[-0.091228,51.380108],[-0.090449,51.381398],[-0.089854,51.382149],[-0.089033,51.383165],[-0.088311,51.38411]]},"properties":{"category":"rail","kind":"rail","name":"Brighton Main Line/ Victoria Branch"}},{"type":"Feature","id":"way/198824392","geometry":{"type":"LineString","coordinates":[[-0.103257,51.506186],[-0.103302,51.506255],[-0.10366,51.507031],[-0.10377,51.507705],[-0.103732,51.508138]]},"properties":{"category":"rail","kind":"rail","name":null}},{"type":"Feature","id":"way/198825918","geometry":{"type":"LineString","coordinates":[[-0.048757,51.494833],[-0.050881,51.499345],[-0.051704,51.500459],[-0.051858,51.500657],[-0.052059,51.500884],[-0.052311,51.501157]]},"properties":{"category":"rail","kind":"rail","name":"East London Railway"}},{"type":"Feature","id":"way/198825919","geometry":{"type":"LineString","coordinates":[[-0.052255,51.501175],[-0.052006,51.500892],[-0.051809,51.500664],[-0.051663,51.500471],[-0.050803,51.499335],[-0.049717,51.497189],[-0.048704,51.494843]]},"properties":{"category":"rail","kind":"rail","name":"East London Railway"}},{"type":"Feature","id":"way/198825920","geometry":{"type":"LineString","coordinates":[[-0.048704,51.494843],[-0.048561,51.49457],[-0.048398,51.494248],[-0.048181,51.493916],[-0.047649,51.493298],[-0.047167,51.492728],[-0.047008,51.492498],[-0.046772,51.492107],[-0.046574,51.491706],[-0.046051,51.490377],[-0.045978,51.490181],[-0.045804,51.489737],[-0.045705,51.489499],[-0.045592,51.489278],[-0.045421,51.488991],[-0.045168,51.488644],[-0.044463,51.487812],[-0.044291,51.4876],[-0.044157,51.487419],[-0.044077,51.487294],[-0.043978,51.487107],[-0.043857,51.486841],[-0.043779,51.486626],[-0.043731,51.486444],[-0.043707,51.486242],[-0.043696,51.486085],[-0.043688,51.485909],[-0.043696,51.485769],[-0.043712,51.48559],[-0.043733,51.485228],[-0.043733,51.485064],[-0.043704,51.48482],[-0.043685,51.484699],[-0.043653,51.484623],[-0.043291,51.483865],[-0.043175,51.483626],[-0.043004,51.483247],[-0.04295,51.48311],[-0.04289,51.482893],[-0.042835,51.482589],[-0.042709,51.48147],[-0.042639,51.480873],[-0.04261,51.480578],[-0.042602,51.480312]]},"properties":{"category":"rail","kind":"rail","name":"East London Railway"}},{"type":"Feature","id":"way/198825921","geometry":{"type":"LineString","coordinates":[[-0.042658,51.48032],[-0.042666,51.480638],[-0.042687,51.480867],[-0.042754,51.481468],[-0.042886,51.482586],[-0.042937,51.482846],[-0.043007,51.483087],[-0.043082,51.483265],[-0.043194,51.483519],[-0.043353,51.483838],[-0.04346,51.484027],[-0.043656,51.484465],[-0.043736,51.484642],[-0.043774,51.484825],[-0.0438,51.485024],[-0.043814,51.485253],[-0.043795,51.485532],[-0.043766,51.485762],[-0.04376,51.485911],[-0.04376,51.486088],[-0.043771,51.486252],[-0.043787,51.486434],[-0.043835,51.486626],[-0.043921,51.486835],[-0.043994,51.486998],[-0.044163,51.487324],[-0.044511,51.4878],[-0.045227,51.48863],[-0.045474,51.488976],[-0.045657,51.489286],[-0.04578,51.48952],[-0.045852,51.489727],[-0.04597,51.490038],[-0.046132,51.490468],[-0.046286,51.490877],[-0.046311,51.490943],[-0.046493,51.491391],[-0.046681,51.491825],[-0.046842,51.492139],[-0.046984,51.492373],[-0.047156,51.492613],[-0.047293,51.492784],[-0.047836,51.493415],[-0.048293,51.493976],[-0.048383,51.494125],[-0.048493,51.494323],[-0.0486,51.494559],[-0.048681,51.4947],[-0.048757,51.494833]]},"properties":{"category":"rail","kind":"rail","name":"East London Railway"}},{"type":"Feature","id":"way/198825922","geometry":{"type":"LineString","coordinates":[[-0.056296,51.504903],[-0.056126,51.50465],[-0.055904,51.504387],[-0.052801,51.501657],[-0.052255,51.501175]]},"properties":{"category":"rail","kind":"rail","name":"Thames Tunnel"}},{"type":"Feature","id":"way/198825923","geometry":{"type":"LineString","coordinates":[[-0.052311,51.501157],[-0.052868,51.501641],[-0.055974,51.504362],[-0.056207,51.504636],[-0.056386,51.504882]]},"properties":{"category":"rail","kind":"rail","name":"Thames Tunnel"}},{"type":"Feature","id":"way/198827775","geometry":{"type":"LineString","coordinates":[[-0.023503,51.523734],[-0.023355,51.523929],[-0.023276,51.524047],[-0.023127,51.524273],[-0.023005,51.524489],[-0.022917,51.524671],[-0.022834,51.524871],[-0.022753,51.525114],[-0.022712,51.525276],[-0.022651,51.525584],[-0.022624,51.525832],[-0.022614,51.526051],[-0.022615,51.526265],[-0.022628,51.526473],[-0.022658,51.526666],[-0.022694,51.526846],[-0.022764,51.527078],[-0.022905,51.527519],[-0.022952,51.527706],[-0.02298,51.527918],[-0.022988,51.52812],[-0.022981,51.528326],[-0.02295,51.528492],[-0.022906,51.528698],[-0.022874,51.528813],[-0.022812,51.528997],[-0.022742,51.529146],[-0.022682,51.529266],[-0.022592,51.529422],[-0.022478,51.529601],[-0.022359,51.529777],[-0.022254,51.529905],[-0.022091,51.530076],[-0.021934,51.530219],[-0.021641,51.530449],[-0.021451,51.530584],[-0.021279,51.530691],[-0.021059,51.530809],[-0.020868,51.530904],[-0.020442,51.531073]]},"properties":{"category":"rail","kind":"rail","name":"London and Blackwall Extension Line"}},{"type":"Feature","id":"way/198827776","geometry":{"type":"LineString","coordinates":[[-0.020074,51.531252],[-0.02022,51.531132],[-0.020441,51.531038],[-0.020703,51.53093],[-0.020955,51.530826],[-0.021156,51.530722],[-0.021494,51.530509],[-0.021716,51.53034],[-0.021888,51.530203],[-0.022115,51.529988],[-0.022252,51.52984],[-0.022388,51.529652],[-0.022498,51.529477],[-0.022643,51.529257],[-0.022701,51.529113],[-0.022785,51.528919],[-0.02287,51.528649],[-0.022915,51.528429],[-0.022927,51.528285],[-0.022942,51.528053],[-0.022917,51.527811],[-0.022863,51.527538],[-0.022809,51.527377],[-0.022683,51.526977],[-0.022616,51.52675],[-0.022573,51.526378],[-0.022563,51.525954],[-0.022595,51.52561],[-0.022662,51.525245],[-0.022745,51.524956],[-0.022877,51.524631],[-0.023011,51.524387],[-0.023249,51.523997],[-0.023491,51.523676],[-0.023797,51.52334]]},"properties":{"category":"rail","kind":"rail","name":"London and Blackwall Extension Line"}},{"type":"Feature","id":"way/198827780","geometry":{"type":"LineString","coordinates":[[-0.013336,51.501145],[-0.013046,51.502139],[-0.012901,51.502644],[-0.0127,51.503335],[-0.012609,51.503772],[-0.012515,51.504303],[-0.012467,51.504397],[-0.012099,51.504976],[-0.011971,51.505206],[-0.011796,51.50557],[-0.011719,51.505789],[-0.011697,51.505903],[-0.011735,51.506212],[-0.011818,51.50643],[-0.011949,51.506611],[-0.012102,51.506777],[-0.012199,51.506858],[-0.012362,51.506973],[-0.012537,51.50707],[-0.012714,51.50714],[-0.012926,51.507203],[-0.013215,51.507273],[-0.013475,51.507325],[-0.013812,51.507357]]},"properties":{"category":"rail","kind":"rail","name":"Millwall Extension Railway"}},{"type":"Feature","id":"way/198827976","geometry":{"type":"LineString","coordinates":[[-0.066218,51.522366],[-0.06531,51.522292],[-0.064961,51.522253],[-0.064803,51.522235],[-0.064527,51.522188]]},"properties":{"category":"rail","kind":"rail","name":"East London Railway"}},{"type":"Feature","id":"way/198827977","geometry":{"type":"LineString","coordinates":[[-0.067167,51.522482],[-0.066696,51.52242],[-0.066218,51.522366]]},"properties":{"category":"rail","kind":"rail","name":"East London Railway"}},{"type":"Feature","id":"way/198827978","geometry":{"type":"LineString","coordinates":[[-0.066208,51.522401],[-0.065215,51.522321],[-0.064797,51.522271],[-0.064509,51.52222]]},"properties":{"category":"rail","kind":"rail","name":"East London Railway"}},{"type":"Feature","id":"way/198827979","geometry":{"type":"LineString","coordinates":[[-0.067152,51.52251],[-0.066208,51.522401]]},"properties":{"category":"rail","kind":"rail","name":"East London Railway"}},{"type":"Feature","id":"way/198827980","geometry":{"type":"LineString","coordinates":[[-0.064527,51.522188],[-0.064178,51.522104],[-0.063812,51.522004],[-0.063094,51.521729]]},"properties":{"category":"rail","kind":"rail","name":"East London Railway"}},{"type":"Feature","id":"way/198827981","geometry":{"type":"LineString","coordinates":[[-0.072102,51.522608],[-0.071813,51.522621],[-0.071546,51.522646],[-0.070836,51.522718],[-0.070376,51.52275],[-0.070164,51.522762],[-0.069848,51.522767],[-0.06969,51.522766],[-0.06948,51.522758],[-0.069059,51.522737],[-0.068772,51.522704],[-0.0682,51.52263],[-0.067167,51.522482]]},"properties":{"category":"rail","kind":"rail","name":"East London Railway"}},{"type":"Feature","id":"way/198827982","geometry":{"type":"LineString","coordinates":[[-0.064509,51.52222],[-0.064132,51.522138],[-0.063755,51.522032],[-0.063069,51.521756]]},"properties":{"category":"rail","kind":"rail","name":"East London Railway"}},{"type":"Feature","id":"way/198827983","geometry":{"type":"LineString","coordinates":[[-0.071728,51.522661],[-0.071125,51.52272],[-0.07068,51.522764],[-0.070198,51.522795],[-0.069978,51.522802],[-0.069674,51.5228],[-0.069371,51.522788],[-0.06912,51.522774],[-0.068779,51.522738],[-0.068188,51.522662],[-0.067152,51.52251]]},"properties":{"category":"rail","kind":"rail","name":"East London Railway"}},{"type":"Feature","id":"way/198827984","geometry":{"type":"LineString","coordinates":[[-0.059886,51.519552],[-0.058735,51.518854]]},"properties":{"category":"rail","kind":"rail","name":"East London Railway"}},{"type":"Feature","id":"way/198827985","geometry":{"type":"LineString","coordinates":[[-0.059848,51.519579],[-0.058704,51.518884]]},"properties":{"category":"rail","kind":"rail","name":"East London Railway"}},{"type":"Feature","id":"way/198827986","geometry":{"type":"LineString","coordinates":[[-0.061277,51.52051],[-0.060553,51.520009],[-0.060304,51.519851],[-0.059848,51.519579]]},"properties":{"category":"rail","kind":"rail","name":"East London Railway"}},{"type":"Feature","id":"way/198827987","geometry":{"type":"LineString","coordinates":[[-0.062077,51.521127],[-0.061277,51.52051]]},"properties":{"category":"rail","kind":"rail","name":"East London Railway"}},{"type":"Feature","id":"way/198827988","geometry":{"type":"LineString","coordinates":[[-0.061319,51.520487],[-0.060598,51.519996],[-0.060223,51.519761],[-0.059886,51.519552]]},"properties":{"category":"rail","kind":"rail","name":"East London Railway"}},{"type":"Feature","id":"way/198827989","geometry":{"type":"LineString","coordinates":[[-0.062115,51.521103],[-0.061319,51.520487]]},"properties":{"category":"rail","kind":"rail","name":"East London Railway"}},{"type":"Feature","id":"way/198827990","geometry":{"type":"LineString","coordinates":[[-0.058556,51.518791],[-0.058376,51.518669],[-0.05818,51.518527],[-0.057946,51.518314]]},"properties":{"category":"rail","kind":"rail","name":"East London Railway"}},{"type":"Feature","id":"way/198827991","geometry":{"type":"LineString","coordinates":[[-0.058704,51.518884],[-0.058556,51.518791]]},"properties":{"category":"rail","kind":"rail","name":"East London Railway"}},{"type":"Feature","id":"way/198827992","geometry":{"type":"LineString","coordinates":[[-0.058735,51.518854],[-0.05859,51.518766]]},"properties":{"category":"rail","kind":"rail","name":"East London Railway"}},{"type":"Feature","id":"way/198827993","geometry":{"type":"LineString","coordinates":[[-0.063094,51.521729],[-0.062979,51.521687],[-0.062855,51.521624],[-0.062756,51.521574],[-0.062491,51.521412],[-0.062282,51.521255],[-0.062115,51.521103]]},"properties":{"category":"rail","kind":"rail","name":"East London Railway"}},{"type":"Feature","id":"way/198827994","geometry":{"type":"LineString","coordinates":[[-0.057995,51.518286],[-0.057929,51.51823],[-0.057725,51.518038],[-0.057549,51.517838]]},"properties":{"category":"rail","kind":"rail","name":"East London Railway"}},{"type":"Feature","id":"way/198827995","geometry":{"type":"LineString","coordinates":[[-0.057946,51.518314],[-0.057863,51.518239],[-0.057679,51.518058],[-0.0575,51.517847]]},"properties":{"category":"rail","kind":"rail","name":"East London Railway"}},{"type":"Feature","id":"way/198827996","geometry":{"type":"LineString","coordinates":[[-0.05859,51.518766],[-0.058378,51.51861],[-0.058186,51.518454],[-0.057995,51.518286]]},"properties":{"category":"rail","kind":"rail","name":"East London Railway"}},{"type":"Feature","id":"way/198827997","geometry":{"type":"LineString","coordinates":[[-0.063069,51.521756],[-0.062956,51.521708],[-0.062774,51.521622],[-0.062646,51.521549],[-0.062365,51.521365],[-0.062177,51.521215],[-0.062077,51.521127]]},"properties":{"category":"rail","kind":"rail","name":"East London Railway"}},{"type":"Feature","id":"way/198827998","geometry":{"type":"LineString","coordinates":[[-0.056976,51.512221],[-0.056981,51.511916]]},"properties":{"category":"rail","kind":"rail","name":"East London Railway"}},{"type":"Feature","id":"way/198827999","geometry":{"type":"LineString","coordinates":[[-0.056924,51.512225],[-0.056928,51.511915]]},"properties":{"category":"rail","kind":"rail","name":"East London Railway"}},{"type":"Feature","id":"way/198828000","geometry":{"type":"LineString","coordinates":[[-0.056981,51.511916],[-0.05699,51.511392]]},"properties":{"category":"rail","kind":"rail","name":"East London Railway"}},{"type":"Feature","id":"way/198828001","geometry":{"type":"LineString","coordinates":[[-0.056928,51.511915],[-0.056933,51.51139]]},"properties":{"category":"rail","kind":"rail","name":"East London Railway"}},{"type":"Feature","id":"way/198828002","geometry":{"type":"LineString","coordinates":[[-0.056933,51.51139],[-0.056936,51.511176]]},"properties":{"category":"rail","kind":"rail","name":"East London Railway"}},{"type":"Feature","id":"way/198828003","geometry":{"type":"LineString","coordinates":[[-0.05699,51.511392],[-0.056994,51.511179]]},"properties":{"category":"rail","kind":"rail","name":"East London Railway"}},{"type":"Feature","id":"way/198828004","geometry":{"type":"LineString","coordinates":[[-0.057549,51.517838],[-0.057517,51.517782],[-0.057411,51.517605],[-0.057313,51.517454],[-0.057186,51.517196],[-0.0571,51.516859],[-0.05706,51.516452],[-0.056921,51.514883],[-0.056896,51.514347],[-0.056965,51.513298],[-0.056976,51.512221]]},"properties":{"category":"rail","kind":"rail","name":"East London Railway"}},{"type":"Feature","id":"way/198828005","geometry":{"type":"LineString","coordinates":[[-0.0575,51.517847],[-0.057434,51.517768],[-0.057342,51.517623],[-0.057247,51.517468],[-0.057137,51.517214],[-0.057077,51.517038],[-0.057014,51.516775],[-0.056985,51.51646],[-0.056844,51.514883],[-0.056829,51.51434],[-0.056893,51.513293],[-0.056924,51.512225]]},"properties":{"category":"rail","kind":"rail","name":"East London Railway"}},{"type":"Feature","id":"way/198828006","geometry":{"type":"LineString","coordinates":[[-0.056994,51.511179],[-0.057035,51.510138],[-0.057016,51.509398],[-0.056726,51.506813],[-0.056576,51.505415],[-0.056515,51.505189],[-0.056438,51.504993],[-0.056386,51.504882]]},"properties":{"category":"rail","kind":"rail","name":"East London Railway"}},{"type":"Feature","id":"way/198828007","geometry":{"type":"LineString","coordinates":[[-0.056936,51.511176],[-0.056983,51.510134],[-0.056944,51.509395],[-0.056613,51.506402],[-0.056498,51.505432],[-0.056429,51.505215],[-0.056363,51.505017],[-0.056296,51.504903]]},"properties":{"category":"rail","kind":"rail","name":"East London Railway"}},{"type":"Feature","id":"way/198828009","geometry":{"type":"LineString","coordinates":[[-0.062859,51.518783],[-0.063166,51.518533],[-0.063441,51.518369],[-0.063938,51.518195],[-0.064875,51.51793]]},"properties":{"category":"rail","kind":"subway","name":"Metropolitan and District Joint Line"}},{"type":"Feature","id":"way/198828011","geometry":{"type":"LineString","coordinates":[[-0.060461,51.519675],[-0.061763,51.519367],[-0.061952,51.519306],[-0.062147,51.519217],[-0.062578,51.518983],[-0.062859,51.518783]]},"properties":{"category":"rail","kind":"subway","name":"Metropolitan and District Joint Line"}},{"type":"Feature","id":"way/198828127","geometry":{"type":"LineString","coordinates":[[0.024427,51.484535],[0.024143,51.484361],[0.023952,51.484274],[0.023743,51.484169],[0.023437,51.484085],[0.023142,51.484032],[0.022906,51.483989],[0.022624,51.483955],[0.022324,51.483944],[0.022056,51.483945],[0.02178,51.483979],[0.021573,51.484015],[0.021289,51.484089],[0.021104,51.484166],[0.020833,51.484303],[0.020532,51.48451],[0.020387,51.48462],[0.020243,51.484734],[0.020111,51.484849],[0.019993,51.484981],[0.019894,51.485113],[0.019797,51.485286],[0.019736,51.485432],[0.019687,51.485572],[0.019661,51.485796],[0.019521,51.486805],[0.019521,51.487192],[0.019671,51.490125],[0.019746,51.491595],[0.019832,51.492924]]},"properties":{"category":"rail","kind":"rail","name":"Angerstein's Branch"}},{"type":"Feature","id":"way/198828380","geometry":{"type":"LineString","coordinates":[[-0.306812,51.481543],[-0.307311,51.481585],[-0.307601,51.481603],[-0.308154,51.481639],[-0.309886,51.48174],[-0.310597,51.481787],[-0.311235,51.481844],[-0.311608,51.481877],[-0.312129,51.481971],[-0.312523,51.482053],[-0.312778,51.482111],[-0.313057,51.482208],[-0.313346,51.48232],[-0.313593,51.482427],[-0.313864,51.482567],[-0.31502,51.483184],[-0.318754,51.485378],[-0.321537,51.486974]]},"properties":{"category":"rail","kind":"rail","name":"Brentford Branch"}},{"type":"Feature","id":"way/198828381","geometry":{"type":"LineString","coordinates":[[-0.321537,51.486974],[-0.324172,51.488458],[-0.326886,51.490088],[-0.328753,51.491297],[-0.330083,51.492199],[-0.331532,51.493361],[-0.333002,51.494644],[-0.333914,51.495312],[-0.335491,51.49628],[-0.337315,51.497242],[-0.338516,51.497957],[-0.33989,51.498945],[-0.340973,51.499927],[-0.341939,51.501009],[-0.342454,51.50153],[-0.343054,51.501958],[-0.343666,51.502345],[-0.34431,51.502699],[-0.344932,51.502986],[-0.345941,51.503347],[-0.347024,51.5036],[-0.347829,51.503734],[-0.34858,51.503847],[-0.350983,51.503888],[-0.351959,51.503968],[-0.353397,51.504121],[-0.354803,51.504348],[-0.356905,51.504702],[-0.358171,51.504863],[-0.359995,51.50497],[-0.365274,51.505364],[-0.368621,51.505784],[-0.369941,51.505984],[-0.37155,51.506152],[-0.373482,51.506225],[-0.374866,51.506172],[-0.37581,51.506118],[-0.377516,51.505878],[-0.378621,51.505731],[-0.380219,51.50545],[-0.380709,51.505682]]},"properties":{"category":"rail","kind":"rail","name":"Brentford Branch"}},{"type":"Feature","id":"way/198828382","geometry":{"type":"LineString","coordinates":[[-0.477732,51.511005],[-0.477433,51.510712],[-0.4768,51.510352],[-0.476232,51.510121],[-0.475662,51.509952]]},"properties":{"category":"rail","kind":"rail","name":"Uxbridge Vine Street Branch"}},{"type":"Feature","id":"way/198828383","geometry":{"type":"LineString","coordinates":[[-0.479161,51.54422],[-0.47871,51.543239],[-0.478334,51.542185],[-0.477884,51.541004],[-0.477519,51.540337],[-0.476682,51.538822],[-0.476371,51.538375],[-0.476124,51.537894],[-0.475942,51.537293],[-0.475856,51.536106],[-0.47591,51.533463],[-0.475931,51.531788],[-0.475996,51.531147],[-0.476017,51.530853],[-0.476253,51.529839],[-0.476339,51.529078],[-0.47636,51.528063],[-0.476253,51.526088],[-0.476242,51.524145],[-0.476392,51.523244],[-0.477337,51.521041],[-0.478431,51.518371],[-0.479096,51.516808],[-0.479246,51.516374],[-0.479407,51.515874],[-0.479429,51.515139],[-0.479407,51.514525],[-0.479322,51.514011],[-0.47915,51.513416],[-0.478876,51.512839],[-0.478399,51.511998],[-0.477862,51.511193],[-0.477732,51.511005]]},"properties":{"category":"rail","kind":"rail","name":"Uxbridge Vine Street Branch"}},{"type":"Feature","id":"way/198828664","geometry":{"type":"LineString","coordinates":[[0.199845,51.457062],[0.201643,51.455032]]},"properties":{"category":"rail","kind":"rail","name":"North Kent Line"}},{"type":"Feature","id":"way/198828665","geometry":{"type":"LineString","coordinates":[[0.201643,51.455032],[0.203051,51.453441],[0.203156,51.453322],[0.203941,51.452526],[0.205399,51.451547],[0.206745,51.450862],[0.20919,51.450079],[0.212061,51.449632],[0.212869,51.449503],[0.213803,51.449328],[0.214456,51.449164],[0.215157,51.448966],[0.215964,51.448718],[0.216699,51.448459],[0.217212,51.44826],[0.217678,51.448061],[0.218121,51.447874],[0.218552,51.447703],[0.218987,51.447563],[0.219422,51.447441],[0.219758,51.447374],[0.220495,51.447254],[0.221219,51.447165],[0.222492,51.447112],[0.224499,51.447116],[0.227886,51.447308],[0.233898,51.447647],[0.235075,51.447822],[0.236702,51.448297],[0.238092,51.448982],[0.239171,51.449716],[0.23991,51.450242],[0.240813,51.450702],[0.241786,51.451053],[0.242982,51.45136],[0.244682,51.45155],[0.246206,51.45155],[0.258246,51.451462],[0.272304,51.451309],[0.274714,51.451232],[0.276491,51.451064],[0.278967,51.450621],[0.281381,51.450209],[0.283489,51.449941],[0.284016,51.449888],[0.285854,51.449789],[0.28757,51.449789],[0.289801,51.449865],[0.291713,51.450064],[0.2936,51.45014],[0.295733,51.450178],[0.297644,51.450079],[0.301199,51.449796],[0.304839,51.449491],[0.310158,51.449124],[0.313719,51.4488],[0.315615,51.448537],[0.317229,51.448202],[0.319484,51.447587],[0.321214,51.447044],[0.323789,51.44599],[0.325903,51.444888],[0.327632,51.443754],[0.329964,51.441901],[0.331181,51.441023],[0.33259,51.440184],[0.33432,51.43941],[0.336165,51.438723],[0.337651,51.438292],[0.339688,51.437908],[0.341187,51.437669],[0.342442,51.437541],[0.34348,51.437493],[0.344992,51.437413],[0.347003,51.437453],[0.348144,51.437533],[0.350027,51.437725],[0.351885,51.43798],[0.354895,51.438595],[0.357407,51.439218],[0.35961,51.439913],[0.361179,51.440536],[0.362073,51.440801],[0.36281,51.440959],[0.363604,51.441115],[0.364046,51.441179],[0.364757,51.441252],[0.365423,51.441322],[0.36599,51.44137]]},"properties":{"category":"rail","kind":"rail","name":"North Kent Line"}},{"type":"Feature","id":"way/198828666","geometry":{"type":"LineString","coordinates":[[0.102327,51.490456],[0.103219,51.490489],[0.122674,51.491177],[0.137179,51.491645],[0.148058,51.492059],[0.15413,51.492286],[0.156319,51.492126],[0.158958,51.491725],[0.161254,51.491097],[0.162499,51.490723],[0.164731,51.489734],[0.166082,51.488959],[0.167563,51.487823],[0.171511,51.484456],[0.176082,51.480888],[0.178303,51.479071],[0.181231,51.476191],[0.182261,51.475035],[0.183882,51.473591],[0.186017,51.471934],[0.186536,51.471549],[0.187132,51.471106],[0.187862,51.470337],[0.188903,51.469241],[0.190573,51.467298],[0.19089,51.466929],[0.19108,51.466708],[0.19461,51.462917],[0.194845,51.462663],[0.197122,51.460199],[0.199567,51.457376],[0.199845,51.457062]]},"properties":{"category":"rail","kind":"rail","name":"North Kent Line"}},{"type":"Feature","id":"way/198828667","geometry":{"type":"LineString","coordinates":[[0.1018,51.490436],[0.102327,51.490456]]},"properties":{"category":"rail","kind":"rail","name":"North Kent Line"}},{"type":"Feature","id":"way/198828668","geometry":{"type":"LineString","coordinates":[[0.092699,51.490105],[0.098576,51.490317],[0.1018,51.490436]]},"properties":{"category":"rail","kind":"rail","name":"North Kent Line"}},{"type":"Feature","id":"way/198828669","geometry":{"type":"LineString","coordinates":[[0.091627,51.490066],[0.092699,51.490105]]},"properties":{"category":"rail","kind":"rail","name":"North Kent Line"}},{"type":"Feature","id":"way/198828670","geometry":{"type":"LineString","coordinates":[[0.05921,51.491409],[0.06065,51.49166],[0.062254,51.491745]]},"properties":{"category":"rail","kind":"rail","name":"North Kent Line"}},{"type":"Feature","id":"way/198828671","geometry":{"type":"LineString","coordinates":[[0.062254,51.491745],[0.062463,51.491742],[0.062962,51.491728],[0.063233,51.491708],[0.0637,51.491661],[0.064349,51.491574],[0.064853,51.491464],[0.065253,51.491372],[0.065671,51.491264],[0.065953,51.491175],[0.06646,51.491015],[0.066878,51.490858],[0.067339,51.490654],[0.068345,51.4902],[0.068949,51.489995],[0.069314,51.489891],[0.069654,51.489798],[0.070333,51.489644],[0.070671,51.489577],[0.070966,51.489532],[0.071457,51.489485],[0.072023,51.489448],[0.072341,51.489443],[0.072766,51.489447],[0.074185,51.48948],[0.076333,51.489534],[0.079219,51.489619],[0.083637,51.489789],[0.086399,51.489879],[0.091627,51.490066]]},"properties":{"category":"rail","kind":"rail","name":"North Kent Line"}},{"type":"Feature","id":"way/198828672","geometry":{"type":"LineString","coordinates":[[0.002272,51.482743],[0.00192,51.482747],[0.001465,51.482745],[0.001104,51.482717],[-1.6e-05,51.482629],[-0.00121,51.482531],[-0.002435,51.482437],[-0.002741,51.482412],[-0.00795,51.480761],[-0.009106,51.480207],[-0.009825,51.479893],[-0.010297,51.479728],[-0.010604,51.479604],[-0.011151,51.479337],[-0.011667,51.479042],[-0.012309,51.478661],[-0.012516,51.478553],[-0.012814,51.478415],[-0.01306,51.47831],[-0.013332,51.478245],[-0.013823,51.478179],[-0.013977,51.478167]]},"properties":{"category":"rail","kind":"rail","name":"Greenwich Line"}},{"type":"Feature","id":"way/198828673","geometry":{"type":"LineString","coordinates":[[0.029441,51.486561],[0.029198,51.486528],[0.028887,51.486477],[0.028723,51.486446],[0.028627,51.486416],[0.028205,51.486287],[0.027581,51.486077],[0.027108,51.485901],[0.026697,51.485743],[0.026216,51.485534],[0.025895,51.485384],[0.025441,51.485155],[0.02526,51.485069],[0.025118,51.485011],[0.024931,51.484942],[0.024777,51.484904],[0.024425,51.484813],[0.024122,51.484759],[0.023844,51.484721],[0.023264,51.484675],[0.021963,51.48455],[0.019366,51.484306],[0.016074,51.483995],[0.013502,51.48375],[0.012022,51.483591],[0.009986,51.483364],[0.008768,51.483215],[0.008248,51.48314],[0.007284,51.482976],[0.006475,51.48284],[0.005953,51.482757],[0.005498,51.482698],[0.005106,51.482654],[0.004658,51.482635],[0.004367,51.482628],[0.003919,51.482631],[0.00364,51.482639],[0.003325,51.482654],[0.00292,51.482694],[0.002548,51.482726],[0.002272,51.482743]]},"properties":{"category":"rail","kind":"rail","name":"Greenwich Line"}},{"type":"Feature","id":"way/198828674","geometry":{"type":"LineString","coordinates":[[-0.038968,51.483472],[-0.038643,51.48332],[-0.038116,51.483046],[-0.037482,51.48267],[-0.037238,51.482499],[-0.036952,51.482272],[-0.036436,51.481823],[-0.036153,51.481506],[-0.035909,51.481184],[-0.035449,51.480475],[-0.034972,51.479791],[-0.034541,51.479157],[-0.034182,51.478647],[-0.033823,51.478116],[-0.033635,51.477849],[-0.033341,51.477447],[-0.033001,51.477041],[-0.032743,51.47674],[-0.032471,51.476386],[-0.03223,51.475988],[-0.032113,51.475787],[-0.031891,51.475439],[-0.031274,51.474697],[-0.030854,51.474252],[-0.030444,51.473838],[-0.029698,51.473181],[-0.02932,51.472863],[-0.028571,51.47232],[-0.027738,51.471761],[-0.026911,51.471265],[-0.026292,51.470911],[-0.025128,51.470359],[-0.023855,51.469815],[-0.023163,51.469559],[-0.02272,51.469382],[-0.022403,51.469263],[-0.021733,51.468986],[-0.021337,51.468767],[-0.021107,51.468649],[-0.020022,51.468181],[-0.018232,51.467411],[-0.015879,51.466471],[-0.015693,51.466397],[-0.015214,51.466206],[-0.014898,51.466085],[-0.014672,51.466001],[-0.014003,51.46581],[-0.01337,51.465658],[-0.012856,51.465552],[-0.012278,51.465454],[-0.010666,51.465237],[-0.009923,51.465152],[-0.008319,51.465033],[-0.007548,51.464986],[-0.006791,51.46494],[-0.006039,51.464916],[-0.004761,51.464916],[-0.003426,51.464972],[-0.000465,51.465164],[0.002277,51.465359],[0.004879,51.465547],[0.00533,51.465567],[0.006231,51.465602],[0.00655,51.465628],[0.007207,51.465687],[0.009739,51.465909],[0.010152,51.465961],[0.010871,51.466054],[0.011284,51.466141],[0.01174,51.466242],[0.012392,51.466422],[0.012901,51.466572],[0.013071,51.466631],[0.013368,51.466733],[0.013926,51.46693],[0.014315,51.467089],[0.014674,51.467246],[0.015211,51.467521],[0.015482,51.467677],[0.015737,51.467822],[0.016259,51.468195],[0.021659,51.481386],[0.021694,51.481478],[0.021833,51.481774],[0.022026,51.482118],[0.022235,51.482464],[0.022431,51.482746],[0.022724,51.483087],[0.023164,51.483531],[0.023764,51.484039],[0.023987,51.484217],[0.024427,51.484535],[0.02466,51.484677],[0.025168,51.484956],[0.025772,51.485266],[0.026019,51.485383],[0.026606,51.485648],[0.027007,51.485816],[0.02747,51.485991],[0.027926,51.486152],[0.028391,51.486284],[0.029056,51.486472],[0.029441,51.486561],[0.029563,51.486589],[0.029882,51.486658],[0.031385,51.486878],[0.032283,51.48704],[0.032771,51.487149],[0.033769,51.487389],[0.034431,51.48757],[0.034788,51.487687],[0.035416,51.487914],[0.037004,51.488473],[0.038628,51.489059],[0.039404,51.489333],[0.040008,51.489555],[0.041751,51.490173],[0.042242,51.490344],[0.042913,51.490586],[0.043511,51.490803],[0.044873,51.491288],[0.045116,51.49137],[0.04539,51.491455],[0.045655,51.491529],[0.04591,51.491593],[0.046063,51.491629],[0.046505,51.491716],[0.046941,51.491784],[0.04749,51.491851],[0.047852,51.491889],[0.048371,51.491916],[0.048823,51.491922],[0.049321,51.491915],[0.049798,51.491892],[0.050128,51.491853],[0.051729,51.491678],[0.053236,51.491422],[0.05403,51.491261],[0.054588,51.491182],[0.054983,51.491129],[0.055594,51.49108],[0.056434,51.49107],[0.057592,51.491132],[0.057702,51.491145],[0.058255,51.491225],[0.05892,51.491346],[0.05921,51.491409]]},"properties":{"category":"rail","kind":"rail","name":"North Kent Line"}},{"type":"Feature","id":"way/198829385","geometry":{"type":"LineString","coordinates":[[-0.509212,51.479318],[-0.50874,51.480234],[-0.50801,51.481069],[-0.499181,51.491137],[-0.498419,51.491985],[-0.497796,51.49254],[-0.492475,51.497456],[-0.49107,51.498818],[-0.489911,51.500208],[-0.488774,51.501764],[-0.488023,51.502913],[-0.487164,51.504696],[-0.486553,51.506045],[-0.485909,51.507086],[-0.485673,51.507627],[-0.485491,51.508155],[-0.485351,51.508789],[-0.485244,51.509711],[-0.48519,51.510579],[-0.484911,51.51102],[-0.484375,51.511514],[-0.483602,51.511834],[-0.482755,51.512008],[-0.481971,51.512001],[-0.481403,51.511894],[-0.479059,51.51147],[-0.478474,51.511327],[-0.478152,51.511193],[-0.477732,51.511005]]},"properties":{"category":"rail","kind":"rail","name":"Staines Branch"}},{"type":"Feature","id":"way/198829389","geometry":{"type":"LineString","coordinates":[[-0.52206,51.443911],[-0.522156,51.444606],[-0.52221,51.445241],[-0.521851,51.447949],[-0.521826,51.448129],[-0.521598,51.449828],[-0.521389,51.450507],[-0.520987,51.451423],[-0.520536,51.452382],[-0.519233,51.454973],[-0.517951,51.457667],[-0.51765,51.458576],[-0.517344,51.459669],[-0.517001,51.460612],[-0.516513,51.461491],[-0.515934,51.46233],[-0.514619,51.463824],[-0.510607,51.468098],[-0.51007,51.46886],[-0.509684,51.469622],[-0.509405,51.470658],[-0.509405,51.471473],[-0.509577,51.472703],[-0.509931,51.476011],[-0.509888,51.476973],[-0.509641,51.478262],[-0.509212,51.479318]]},"properties":{"category":"rail","kind":"rail","name":"Staines Branch"}},{"type":"Feature","id":"way/198830861","geometry":{"type":"LineString","coordinates":[[-0.029459,51.411391],[-0.029759,51.411442],[-0.030322,51.411554],[-0.030727,51.411657],[-0.031151,51.411778],[-0.03158,51.411923],[-0.03201,51.412096],[-0.032422,51.412276],[-0.032881,51.412527],[-0.033286,51.41277],[-0.033651,51.413044],[-0.033962,51.41331],[-0.034265,51.413593],[-0.03448,51.413832],[-0.034662,51.41408],[-0.034845,51.414383],[-0.035,51.414664],[-0.035145,51.415005],[-0.035212,51.415249],[-0.035274,51.415549],[-0.035314,51.415833],[-0.035314,51.416178],[-0.03526,51.416536],[-0.034869,51.418282],[-0.034552,51.419663],[-0.034246,51.420988],[-0.033973,51.422216],[-0.033673,51.423437],[-0.03342,51.424547],[-0.033002,51.426347],[-0.032857,51.427033],[-0.032712,51.427601],[-0.032584,51.427979],[-0.032417,51.428337],[-0.032235,51.428738],[-0.032015,51.429153],[-0.031752,51.429581],[-0.031457,51.430013],[-0.031119,51.430431],[-0.030819,51.430754],[-0.029882,51.431745],[-0.029215,51.432436],[-0.028482,51.433253],[-0.028265,51.433539],[-0.027981,51.433931],[-0.027627,51.434457],[-0.027305,51.434982],[-0.027055,51.435439],[-0.026849,51.435904],[-0.026613,51.436449],[-0.026463,51.436865],[-0.026334,51.437286],[-0.026219,51.437746],[-0.026093,51.438417],[-0.02594,51.439241],[-0.025805,51.440013],[-0.02565,51.440873],[-0.025486,51.441756],[-0.025344,51.442585],[-0.025186,51.443506],[-0.02502,51.444415],[-0.024902,51.445099],[-0.024757,51.445743],[-0.024601,51.446341],[-0.024451,51.446876],[-0.02433,51.447271],[-0.024177,51.447735],[-0.02377,51.4488],[-0.023518,51.449368],[-0.023228,51.449992],[-0.023003,51.450443],[-0.022568,51.451227],[-0.022147,51.451914],[-0.021806,51.452463],[-0.02138,51.453071],[-0.020929,51.453701],[-0.020497,51.454316],[-0.020111,51.454861],[-0.019607,51.455603],[-0.019052,51.456404],[-0.018582,51.45705],[-0.0181,51.457674],[-0.017947,51.457866],[-0.017359,51.458546],[-0.016978,51.458962],[-0.016579,51.459392],[-0.016403,51.459576],[-0.015959,51.460018],[-0.015213,51.460752],[-0.014322,51.461576],[-0.014024,51.461864],[-0.013961,51.461926],[-0.013712,51.462168],[-0.013453,51.462481],[-0.013303,51.46269],[-0.013205,51.462878],[-0.013135,51.463051],[-0.013055,51.463327],[-0.013033,51.463489],[-0.01303,51.463738],[-0.013086,51.464033],[-0.013136,51.464283],[-0.013174,51.464388],[-0.013267,51.464597],[-0.013381,51.464781],[-0.013503,51.464957],[-0.01362,51.465098],[-0.013757,51.465224],[-0.013967,51.465397],[-0.014167,51.465527],[-0.014437,51.465679],[-0.014721,51.465833],[-0.014929,51.46594],[-0.0152,51.466089],[-0.015329,51.466158],[-0.015459,51.466227],[-0.01576,51.466386]]},"properties":{"category":"rail","kind":"rail","name":"Mid-Kent Railway"}},{"type":"Feature","id":"way/198830862","geometry":{"type":"LineString","coordinates":[[-0.085252,51.504542],[-0.084458,51.504001],[-0.083973,51.503702],[-0.083187,51.503315],[-0.082283,51.502938],[-0.081535,51.502584],[-0.080703,51.50218],[-0.079939,51.501802],[-0.077538,51.500534],[-0.073599,51.498429],[-0.071447,51.497301],[-0.069359,51.496297],[-0.067678,51.495499],[-0.066131,51.494798],[-0.063689,51.493734],[-0.061948,51.493],[-0.060047,51.492187],[-0.058016,51.491319],[-0.056657,51.49073],[-0.054799,51.489942],[-0.053825,51.489525],[-0.053004,51.48914],[-0.052236,51.488738],[-0.050198,51.487899],[-0.048318,51.487152],[-0.046729,51.486561],[-0.044878,51.48581],[-0.043105,51.485056],[-0.041983,51.484575],[-0.040355,51.483936],[-0.039357,51.483559],[-0.038278,51.483021],[-0.037708,51.482678],[-0.037092,51.482239],[-0.036547,51.481719],[-0.036013,51.481126],[-0.035535,51.480441],[-0.034717,51.479237],[-0.034193,51.478475],[-0.032729,51.47638],[-0.03172,51.475042],[-0.030749,51.474007],[-0.03002,51.473343],[-0.028868,51.472461],[-0.028136,51.471935],[-0.027021,51.471196],[-0.026388,51.470855],[-0.025819,51.470579],[-0.024894,51.470177],[-0.023762,51.46969],[-0.023161,51.469431],[-0.021704,51.46881],[-0.02094,51.468494],[-0.0205,51.468308],[-0.020009,51.468068],[-0.019687,51.467887],[-0.019215,51.46757],[-0.018792,51.467226],[-0.018496,51.466935],[-0.018223,51.466604],[-0.017923,51.466166],[-0.017751,51.465822],[-0.017595,51.465408],[-0.016962,51.463456],[-0.016555,51.462176],[-0.016276,51.461531],[-0.016007,51.461043],[-0.015444,51.460271],[-0.014881,51.459689],[-0.014438,51.459295],[-0.013992,51.458946],[-0.013312,51.458489],[-0.012821,51.458204],[-0.012467,51.458011],[-0.011622,51.457615],[-0.010195,51.457092],[-0.009002,51.456633],[-0.006923,51.455722],[-0.005539,51.455005],[-0.004651,51.454515],[-0.004053,51.454137],[-0.003457,51.453775],[-0.002481,51.453081],[-0.002017,51.452763],[-0.001904,51.452643],[-0.001234,51.452121],[-0.00088,51.451811],[-9.1e-05,51.451082],[0.001819,51.449126],[0.002999,51.447936],[0.004721,51.446197],[0.006276,51.444676],[0.00803,51.442907],[0.009533,51.441404],[0.013862,51.43723],[0.019162,51.432742],[0.022681,51.430468],[0.026307,51.428126],[0.035405,51.422601],[0.036049,51.422253],[0.042121,51.418533],[0.044804,51.416673],[0.04637,51.415361],[0.048623,51.413287],[0.051563,51.410262],[0.054202,51.408],[0.057378,51.40543]]},"properties":{"category":"rail","kind":"rail","name":"South Eastern Main Line"}},{"type":"Feature","id":"way/198830864","geometry":{"type":"LineString","coordinates":[[0.20919,51.450079],[0.206991,51.450483],[0.204781,51.450831],[0.203301,51.450958],[0.201477,51.451119],[0.197829,51.451166],[0.195512,51.451139],[0.19211,51.450885],[0.190587,51.450691],[0.188119,51.450236],[0.182133,51.449059],[0.18018,51.448591],[0.171575,51.446478],[0.160461,51.443777],[0.155954,51.442667],[0.152864,51.441824],[0.149303,51.440674],[0.147672,51.440192],[0.139003,51.437972],[0.133424,51.436554],[0.131342,51.436086],[0.129433,51.435752],[0.121622,51.434976],[0.108769,51.433986],[0.106065,51.433919],[0.102804,51.434026],[0.099821,51.434334],[0.093169,51.435217],[0.080166,51.436915],[0.066605,51.438467],[0.053043,51.439925],[0.047636,51.440513],[0.045512,51.440915],[0.043151,51.441543],[0.041199,51.442065],[0.03504,51.444526],[0.028346,51.447187],[0.024977,51.448324],[0.021672,51.448899],[0.01766,51.44938],[0.007274,51.450437],[0.00397,51.450798],[0.002832,51.450958],[0.001395,51.451306],[8.6e-05,51.451694],[-0.001288,51.452335],[-0.002017,51.452763]]},"properties":{"category":"rail","kind":"rail","name":"Dartford Loop Line"}},{"type":"Feature","id":"way/198830866","geometry":{"type":"LineString","coordinates":[[0.188141,51.464074],[0.188903,51.464221],[0.189568,51.464429],[0.190018,51.464642],[0.190533,51.464943],[0.190823,51.465284],[0.191005,51.465672],[0.191102,51.466086],[0.191091,51.46644],[0.19089,51.466929]]},"properties":{"category":"rail","kind":"rail","name":null}},{"type":"Feature","id":"way/198830867","geometry":{"type":"LineString","coordinates":[[0.013071,51.466631],[0.013744,51.466768],[0.014516,51.466801],[0.014999,51.466781],[0.015417,51.466728],[0.015911,51.466661],[0.016222,51.466571],[0.020835,51.464609],[0.034633,51.459489],[0.045877,51.455371],[0.046756,51.455117],[0.047464,51.45497],[0.048194,51.454996],[0.048881,51.455103],[0.050533,51.455397],[0.051058,51.455478],[0.058966,51.45636],[0.066873,51.45745],[0.074447,51.458533],[0.085176,51.46005],[0.086689,51.460331],[0.088363,51.460705],[0.08994,51.46118],[0.09141,51.461681],[0.095154,51.462945],[0.099081,51.464268],[0.100368,51.464602],[0.101345,51.464756],[0.102997,51.464923],[0.10393,51.464937],[0.105969,51.464823],[0.111505,51.464201],[0.11306,51.464154],[0.127866,51.463807],[0.130259,51.463687],[0.133402,51.463526],[0.134819,51.463499],[0.136245,51.463553],[0.139775,51.463834],[0.149807,51.464816],[0.152725,51.464997],[0.155622,51.46505],[0.160149,51.465023],[0.16428,51.46477],[0.16841,51.464475],[0.172219,51.464375],[0.188141,51.464074],[0.191166,51.464048],[0.19211,51.463934],[0.193119,51.463626],[0.193763,51.463332],[0.194149,51.463132],[0.194845,51.462663]]},"properties":{"category":"rail","kind":"rail","name":"Bexley Heath Railway"}},{"type":"Feature","id":"way/198833574","geometry":{"type":"LineString","coordinates":[[-0.198592,51.520937],[-0.198368,51.520894],[-0.19826,51.520871],[-0.198054,51.520825],[-0.197824,51.52076],[-0.197498,51.52067]]},"properties":{"category":"rail","kind":"rail","name":null}},{"type":"Feature","id":"way/198833575","geometry":{"type":"LineString","coordinates":[[-0.200044,51.521218],[-0.19976,51.521158],[-0.19968,51.521138]]},"properties":{"category":"rail","kind":"rail","name":null}},{"type":"Feature","id":"way/198833576","geometry":{"type":"LineString","coordinates":[[-0.199669,51.521166],[-0.199748,51.521182],[-0.200044,51.521218],[-0.200393,51.521261],[-0.200763,51.521315]]},"properties":{"category":"rail","kind":"rail","name":null}},{"type":"Feature","id":"way/198833577","geometry":{"type":"LineString","coordinates":[[-0.199119,51.521018],[-0.19896,51.520999],[-0.198821,51.520979]]},"properties":{"category":"rail","kind":"rail","name":null}},{"type":"Feature","id":"way/198833578","geometry":{"type":"LineString","coordinates":[[-0.199669,51.521166],[-0.199142,51.521055],[-0.198981,51.521015],[-0.198821,51.520979],[-0.198764,51.520967],[-0.198592,51.520937]]},"properties":{"category":"rail","kind":"rail","name":null}},{"type":"Feature","id":"way/198833579","geometry":{"type":"LineString","coordinates":[[-0.19968,51.521138],[-0.199156,51.521028],[-0.199119,51.521018],[-0.198996,51.520985],[-0.198733,51.520897]]},"properties":{"category":"rail","kind":"rail","name":null}},{"type":"Feature","id":"way/198833580","geometry":{"type":"LineString","coordinates":[[-0.199696,51.521105],[-0.199172,51.520995],[-0.198863,51.520926],[-0.198733,51.520897],[-0.198528,51.520851],[-0.19783,51.520726],[-0.197498,51.52067]]},"properties":{"category":"rail","kind":"rail","name":null}},{"type":"Feature","id":"way/198833581","geometry":{"type":"LineString","coordinates":[[-0.199056,51.521104],[-0.198862,51.521076],[-0.198635,51.52104]]},"properties":{"category":"rail","kind":"rail","name":null}},{"type":"Feature","id":"way/198833582","geometry":{"type":"LineString","coordinates":[[-0.200845,51.521335],[-0.200641,51.52132],[-0.200385,51.521318],[-0.200133,51.521306],[-0.199971,51.521285],[-0.199719,51.521238],[-0.19911,51.521117],[-0.199056,51.521104],[-0.198824,51.521022],[-0.198592,51.520937]]},"properties":{"category":"rail","kind":"rail","name":null}},{"type":"Feature","id":"way/198833583","geometry":{"type":"LineString","coordinates":[[-0.200385,51.521318],[-0.20007,51.521313],[-0.199921,51.521303],[-0.199703,51.52127],[-0.199095,51.521148],[-0.198859,51.521093],[-0.198635,51.52104]]},"properties":{"category":"rail","kind":"rail","name":null}},{"type":"Feature","id":"way/198833584","geometry":{"type":"LineString","coordinates":[[-0.200385,51.521318],[-0.200168,51.52133],[-0.200075,51.521332],[-0.199984,51.521328],[-0.199813,51.521316],[-0.199688,51.521299],[-0.19908,51.521178],[-0.198953,51.521144],[-0.198635,51.52104],[-0.198579,51.521022],[-0.198319,51.520942],[-0.197824,51.52076]]},"properties":{"category":"rail","kind":"rail","name":null}},{"type":"Feature","id":"way/198833587","geometry":{"type":"LineString","coordinates":[[-0.194987,51.519942],[-0.19537,51.520018],[-0.196201,51.520183],[-0.198956,51.520723],[-0.19917,51.520766],[-0.199345,51.520809],[-0.199556,51.520866]]},"properties":{"category":"rail","kind":"rail","name":null}},{"type":"Feature","id":"way/198833588","geometry":{"type":"LineString","coordinates":[[-0.200047,51.521056],[-0.199692,51.520916],[-0.199556,51.520866],[-0.199434,51.520821],[-0.199226,51.520752],[-0.19909,51.520715],[-0.198974,51.520686],[-0.196221,51.520145],[-0.195874,51.52008],[-0.195758,51.520061],[-0.195616,51.520044],[-0.19537,51.520018]]},"properties":{"category":"rail","kind":"rail","name":null}},{"type":"Feature","id":"way/198833589","geometry":{"type":"LineString","coordinates":[[-0.195317,51.520033],[-0.195745,51.520129],[-0.196185,51.520216],[-0.198938,51.520758],[-0.19922,51.520821],[-0.199438,51.520882],[-0.1997,51.520966]]},"properties":{"category":"rail","kind":"rail","name":null}},{"type":"Feature","id":"way/198833590","geometry":{"type":"LineString","coordinates":[[-0.199425,51.520911],[-0.199213,51.520854],[-0.198923,51.520787],[-0.19617,51.520244],[-0.195871,51.520185],[-0.195608,51.520121]]},"properties":{"category":"rail","kind":"rail","name":null}},{"type":"Feature","id":"way/198833592","geometry":{"type":"LineString","coordinates":[[-0.224887,51.493886],[-0.224926,51.494106],[-0.22499,51.494495]]},"properties":{"category":"rail","kind":"rail","name":null}},{"type":"Feature","id":"way/198833593","geometry":{"type":"LineString","coordinates":[[-0.225174,51.495047],[-0.22506,51.494772],[-0.225019,51.494625],[-0.22499,51.494495],[-0.224941,51.494348],[-0.224896,51.494237],[-0.224887,51.494209],[-0.224869,51.494109],[-0.224832,51.493888]]},"properties":{"category":"rail","kind":"rail","name":null}},{"type":"Feature","id":"way/198833956","geometry":{"type":"LineString","coordinates":[[-0.073422,51.399481],[-0.073326,51.399904],[-0.073117,51.400283],[-0.072918,51.400608],[-0.07265,51.401086],[-0.07228,51.401734],[-0.07199,51.402293],[-0.071677,51.402872],[-0.071092,51.403976],[-0.070751,51.404658],[-0.070644,51.405126],[-0.070693,51.405755],[-0.070837,51.406059],[-0.071038,51.406431],[-0.071392,51.406861],[-0.072124,51.407449],[-0.072628,51.407936],[-0.073083,51.408535],[-0.073506,51.409326],[-0.073701,51.410198],[-0.073717,51.410858],[-0.073506,51.411659],[-0.071717,51.415685],[-0.07175,51.416385],[-0.071994,51.416933],[-0.072136,51.417148],[-0.072416,51.417493]]},"properties":{"category":"rail","kind":"rail","name":"West End of London & Crystal Palace Railway"}},{"type":"Feature","id":"way/198833957","geometry":{"type":"LineString","coordinates":[[-0.167722,51.450377],[-0.170534,51.453718],[-0.17115,51.454478],[-0.171803,51.455384],[-0.172235,51.456122],[-0.172604,51.457028],[-0.172728,51.457772],[-0.172789,51.458448],[-0.172801,51.459178],[-0.172691,51.460045],[-0.17253,51.460644],[-0.171742,51.462295],[-0.171323,51.462917],[-0.171138,51.463209],[-0.170411,51.463631],[-0.169918,51.463992],[-0.16928,51.464573],[-0.168617,51.465073],[-0.167926,51.465504],[-0.166871,51.466039],[-0.158754,51.469611]]},"properties":{"category":"rail","kind":"rail","name":"Brighton Main Line/ Victoria Branch"}},{"type":"Feature","id":"way/198833958","geometry":{"type":"LineString","coordinates":[[-0.148611,51.482945],[-0.148463,51.482724],[-0.147985,51.482058],[-0.147649,51.481609],[-0.147454,51.481345],[-0.147397,51.481252],[-0.147252,51.481033],[-0.147063,51.480792],[-0.146907,51.480599],[-0.14671,51.480407],[-0.146569,51.480291],[-0.146367,51.480159],[-0.146148,51.480011],[-0.14596,51.479886],[-0.145775,51.479774],[-0.145472,51.479547],[-0.145105,51.479275],[-0.14455,51.478854],[-0.144083,51.478508],[-0.143823,51.478301],[-0.143614,51.478124],[-0.143402,51.477915],[-0.143261,51.477756],[-0.143133,51.477567],[-0.143082,51.477472],[-0.143014,51.477343],[-0.142951,51.47715],[-0.142924,51.476985],[-0.142908,51.476802],[-0.142905,51.476435],[-0.142938,51.476214],[-0.14297,51.476096],[-0.143066,51.475875],[-0.143198,51.475648],[-0.143316,51.475471],[-0.143463,51.475282],[-0.143603,51.475138],[-0.143726,51.475025],[-0.143906,51.474886],[-0.144126,51.474746],[-0.14441,51.474592],[-0.14478,51.474437],[-0.145188,51.47429],[-0.145354,51.474238],[-0.146577,51.473951],[-0.148361,51.473545],[-0.149434,51.473272],[-0.14975,51.473177],[-0.150314,51.472982],[-0.151159,51.472676],[-0.15287,51.472044],[-0.15354,51.471809],[-0.154246,51.47152],[-0.15508,51.471176],[-0.155987,51.470788],[-0.157003,51.470379],[-0.157623,51.470111],[-0.158159,51.469884],[-0.158543,51.469725],[-0.158754,51.469611]]},"properties":{"category":"rail","kind":"rail","name":"West End of London & Crystal Palace Railway"}},{"type":"Feature","id":"way/198834299","geometry":{"type":"LineString","coordinates":[[-0.011446,51.506624],[-0.011354,51.506632],[-0.011287,51.50664],[-0.011232,51.506646],[-0.011172,51.506653],[-0.011117,51.506659],[-0.011062,51.506665],[-0.010882,51.506684]]},"properties":{"category":"rail","kind":"rail","name":null}},{"type":"Feature","id":"way/198834300","geometry":{"type":"LineString","coordinates":[[-0.011201,51.505668],[-0.011119,51.505689],[-0.011041,51.505699],[-0.010984,51.505704],[-0.010926,51.505708],[-0.010864,51.505714],[-0.010808,51.505719]]},"properties":{"category":"rail","kind":"rail","name":null}},{"type":"Feature","id":"way/198834301","geometry":{"type":"LineString","coordinates":[[-0.011043,51.505509],[-0.011159,51.505617],[-0.011201,51.505668],[-0.011271,51.505752]]},"properties":{"category":"rail","kind":"rail","name":null}},{"type":"Feature","id":"way/198834302","geometry":{"type":"LineString","coordinates":[[-0.010811,51.505493],[-0.010863,51.50557],[-0.01091,51.505647]]},"properties":{"category":"rail","kind":"rail","name":null}},{"type":"Feature","id":"way/198834303","geometry":{"type":"LineString","coordinates":[[-0.010776,51.505582],[-0.010808,51.505719],[-0.010826,51.505795],[-0.010987,51.506388],[-0.011012,51.506475],[-0.011037,51.50655],[-0.011062,51.506665],[-0.011108,51.506885],[-0.01113,51.506944],[-0.011184,51.507038],[-0.011257,51.507122]]},"properties":{"category":"rail","kind":"rail","name":null}},{"type":"Feature","id":"way/198834304","geometry":{"type":"LineString","coordinates":[[-0.01132,51.507132],[-0.011268,51.507076],[-0.011208,51.50699],[-0.011179,51.506919],[-0.011117,51.506659],[-0.011087,51.506537],[-0.011045,51.506382],[-0.010882,51.50579],[-0.010864,51.505714],[-0.010811,51.505493],[-0.010769,51.505424],[-0.010724,51.505345]]},"properties":{"category":"rail","kind":"rail","name":null}},{"type":"Feature","id":"way/198834305","geometry":{"type":"LineString","coordinates":[[-0.010847,51.505409],[-0.01091,51.505647],[-0.010926,51.505708],[-0.010946,51.505784],[-0.011103,51.506377],[-0.011172,51.506653],[-0.011244,51.506936],[-0.011267,51.506995],[-0.011311,51.507061],[-0.011391,51.50715]]},"properties":{"category":"rail","kind":"rail","name":null}},{"type":"Feature","id":"way/198834306","geometry":{"type":"LineString","coordinates":[[-0.011452,51.507157],[-0.011348,51.507036],[-0.011323,51.50699],[-0.011307,51.506935],[-0.011232,51.506646],[-0.011161,51.506371],[-0.011003,51.505779],[-0.010984,51.505704],[-0.010919,51.505439]]},"properties":{"category":"rail","kind":"rail","name":null}},{"type":"Feature","id":"way/198834307","geometry":{"type":"LineString","coordinates":[[-0.011281,51.506333],[-0.011347,51.506601],[-0.011354,51.506632],[-0.011399,51.50685],[-0.011442,51.506993],[-0.01148,51.507068],[-0.011527,51.507149]]},"properties":{"category":"rail","kind":"rail","name":null}},{"type":"Feature","id":"way/198834308","geometry":{"type":"LineString","coordinates":[[-0.010984,51.505477],[-0.011041,51.505699],[-0.011061,51.505773],[-0.011214,51.506366],[-0.011287,51.50664],[-0.011361,51.506916],[-0.011378,51.50697],[-0.011413,51.507041],[-0.011493,51.507153]]},"properties":{"category":"rail","kind":"rail","name":null}},{"type":"Feature","id":"way/198936167","geometry":{"type":"LineString","coordinates":[[-0.130467,51.595539],[-0.133038,51.594054],[-0.133279,51.593939],[-0.133583,51.59379],[-0.133806,51.593688],[-0.134098,51.593569],[-0.134367,51.593476],[-0.134694,51.593364],[-0.135064,51.593256]]},"properties":{"category":"rail","kind":"rail","name":null}},{"type":"Feature","id":"way/198936168","geometry":{"type":"LineString","coordinates":[[-0.21183,51.608543],[-0.214298,51.608663],[-0.218182,51.60845],[-0.220392,51.608196],[-0.223331,51.607623],[-0.225949,51.606797],[-0.227666,51.606344],[-0.22934,51.605958],[-0.232022,51.605771],[-0.234532,51.605944],[-0.236421,51.606184],[-0.239038,51.60693],[-0.240047,51.607437],[-0.242086,51.60857],[-0.243802,51.609729],[-0.245175,51.610502],[-0.245991,51.610782],[-0.247235,51.611235],[-0.249381,51.611808],[-0.251784,51.612261],[-0.254188,51.612434],[-0.256634,51.61242],[-0.260968,51.612034],[-0.269444,51.611341],[-0.272899,51.611115],[-0.274036,51.611115],[-0.275087,51.611341],[-0.276525,51.611808]]},"properties":{"category":"rail","kind":"rail","name":"Edgware, Highgate & London Railway"}},{"type":"Feature","id":"way/198936169","geometry":{"type":"LineString","coordinates":[[-0.193882,51.601496],[-0.194353,51.601876],[-0.194782,51.602339],[-0.194948,51.602559],[-0.195099,51.602956],[-0.195082,51.603375],[-0.194932,51.603725],[-0.194675,51.604065],[-0.194353,51.604388],[-0.193586,51.604828],[-0.191805,51.605854],[-0.191102,51.606297],[-0.190405,51.60681],[-0.189745,51.607417],[-0.189182,51.60809],[-0.18864,51.608839],[-0.188178,51.609875],[-0.187942,51.610702],[-0.18739,51.612407],[-0.18636,51.615578],[-0.185464,51.61817],[-0.184869,51.619382],[-0.183088,51.622506],[-0.179847,51.627968],[-0.179504,51.628661],[-0.179322,51.629153],[-0.179247,51.629979],[-0.179182,51.631058],[-0.179161,51.632217],[-0.179397,51.633156],[-0.179622,51.633902],[-0.180234,51.634954],[-0.181403,51.636439],[-0.18401,51.639761],[-0.187089,51.643736],[-0.190297,51.647904],[-0.190952,51.648556],[-0.191724,51.649129],[-0.192674,51.649661],[-0.194921,51.650946]]},"properties":{"category":"rail","kind":"rail","name":null}},{"type":"Feature","id":"way/198936170","geometry":{"type":"LineString","coordinates":[[-0.135064,51.593256],[-0.135839,51.593052],[-0.136592,51.592849],[-0.136967,51.59274],[-0.13738,51.592614],[-0.137784,51.59248],[-0.138288,51.592277],[-0.138748,51.592062],[-0.139059,51.591907],[-0.139262,51.591803],[-0.139588,51.591598],[-0.139912,51.591352],[-0.140151,51.591136],[-0.140392,51.590896],[-0.140639,51.590584],[-0.141127,51.589895],[-0.141924,51.58875],[-0.142105,51.588495],[-0.142215,51.588367],[-0.14237,51.588197],[-0.142657,51.587943],[-0.142836,51.587794],[-0.143026,51.587658],[-0.143179,51.587564],[-0.143375,51.58745],[-0.143616,51.587313],[-0.143819,51.587217],[-0.14404,51.587131],[-0.144359,51.587014],[-0.144638,51.586931],[-0.14496,51.58685],[-0.145232,51.586796],[-0.14551,51.586752],[-0.145766,51.586722],[-0.145939,51.586707],[-0.146162,51.586693],[-0.146394,51.586689],[-0.147311,51.586703],[-0.147692,51.586695],[-0.14798,51.586678],[-0.148346,51.586641],[-0.148592,51.586607],[-0.148934,51.586553],[-0.149376,51.58646],[-0.149752,51.586358],[-0.150201,51.58621],[-0.150623,51.586052],[-0.150905,51.585925],[-0.151384,51.585665],[-0.151954,51.585346],[-0.152142,51.58522],[-0.152488,51.58497],[-0.152764,51.584722],[-0.152982,51.584498],[-0.153157,51.584282],[-0.153281,51.584102],[-0.153402,51.583891],[-0.153511,51.583657],[-0.153599,51.583417],[-0.153653,51.583177],[-0.153687,51.582957],[-0.153695,51.582709],[-0.15368,51.582492],[-0.153622,51.582178],[-0.153551,51.581937],[-0.153424,51.58165],[-0.153315,51.581474],[-0.153099,51.581181],[-0.152931,51.580972],[-0.152746,51.580774],[-0.152602,51.580647],[-0.15245,51.580515],[-0.152193,51.580321],[-0.152068,51.580242],[-0.151779,51.580061]]},"properties":{"category":"rail","kind":"rail","name":null}},{"type":"Feature","id":"way/198936171","geometry":{"type":"LineString","coordinates":[[-0.146572,51.577891],[-0.150257,51.579353]]},"properties":{"category":"rail","kind":"rail","name":"Edgware, Highgate & London Railway"}},{"type":"Feature","id":"way/198936172","geometry":{"type":"LineString","coordinates":[[-0.10636,51.566802],[-0.106229,51.567456],[-0.106097,51.568211],[-0.106014,51.568673],[-0.106014,51.568809],[-0.106017,51.569084],[-0.106063,51.56931],[-0.106189,51.56959],[-0.106352,51.569848],[-0.106559,51.57008],[-0.106795,51.570315],[-0.107219,51.570695],[-0.107771,51.571135],[-0.10841,51.571568],[-0.109203,51.572025],[-0.10996,51.572405],[-0.110947,51.572812],[-0.11151,51.573009],[-0.112535,51.573319],[-0.113232,51.573482],[-0.114214,51.573672],[-0.115077,51.573809],[-0.116397,51.573929],[-0.118055,51.573989],[-0.121885,51.574109],[-0.123742,51.574216],[-0.124507,51.574302],[-0.125341,51.574438],[-0.125915,51.574559],[-0.126406,51.574663],[-0.126667,51.574711],[-0.127215,51.574787],[-0.127467,51.574814],[-0.127748,51.574839],[-0.12848,51.574883],[-0.129312,51.574888],[-0.13016,51.574841],[-0.131232,51.574716],[-0.132571,51.574541],[-0.133558,51.574489],[-0.13476,51.574489],[-0.136229,51.574554],[-0.136827,51.574606],[-0.137793,51.574756],[-0.138512,51.574889],[-0.13896,51.574998],[-0.139389,51.575104],[-0.139947,51.575281],[-0.14069,51.575546],[-0.141237,51.575744],[-0.142294,51.576153],[-0.143107,51.57647],[-0.144619,51.577089],[-0.146572,51.577891]]},"properties":{"category":"rail","kind":"rail","name":"Edgware, Highgate & London Railway"}},{"type":"Feature","id":"way/198936173","geometry":{"type":"LineString","coordinates":[[-0.107144,51.570692],[-0.107013,51.57058],[-0.106764,51.570361],[-0.106576,51.570168],[-0.106124,51.569725],[-0.105515,51.569106],[-0.105357,51.568903],[-0.105188,51.568629],[-0.105089,51.568424],[-0.105027,51.568186],[-0.104987,51.567916],[-0.104987,51.567734],[-0.105011,51.567532],[-0.105049,51.567367],[-0.105108,51.567189],[-0.105191,51.567027],[-0.105312,51.566822],[-0.105462,51.566599],[-0.105655,51.566263],[-0.105773,51.566025],[-0.105813,51.565853],[-0.105864,51.5656],[-0.105888,51.565425]]},"properties":{"category":"rail","kind":"rail","name":"Edgware, Highgate & London Railway"}},{"type":"Feature","id":"way/198936174","geometry":{"type":"LineString","coordinates":[[-0.150257,51.579353],[-0.15125,51.5798],[-0.151779,51.580061],[-0.15217,51.580253],[-0.152781,51.580565],[-0.153597,51.581003],[-0.154621,51.581548],[-0.155388,51.581987],[-0.156582,51.582635],[-0.157572,51.583178],[-0.158435,51.58365],[-0.159634,51.584315],[-0.160662,51.58488],[-0.161853,51.58552],[-0.162904,51.586103],[-0.163751,51.586548],[-0.164578,51.586995],[-0.165238,51.58738],[-0.16571,51.587676],[-0.166369,51.588106],[-0.166895,51.588483],[-0.167584,51.588991],[-0.168207,51.589486],[-0.168883,51.589999],[-0.169365,51.590364],[-0.170165,51.590889],[-0.170653,51.591199],[-0.171635,51.591781],[-0.172302,51.592144],[-0.173145,51.592564],[-0.173697,51.592829],[-0.174714,51.593269],[-0.175009,51.593389],[-0.177112,51.594309],[-0.18297,51.596801],[-0.186875,51.598521],[-0.192239,51.60076],[-0.193882,51.601496],[-0.19563,51.602279],[-0.2005,51.604385],[-0.20756,51.607343],[-0.20962,51.608143],[-0.21183,51.608543]]},"properties":{"category":"rail","kind":"rail","name":"Edgware, Highgate & London Railway"}},{"type":"Feature","id":"way/199280788","geometry":{"type":"LineString","coordinates":[[-0.247748,51.493678],[-0.247772,51.49437],[-0.247793,51.494524],[-0.247852,51.494724],[-0.247927,51.49494],[-0.248008,51.495227],[-0.248079,51.495526]]},"properties":{"category":"rail","kind":"rail","name":null}},{"type":"Feature","id":"way/199280789","geometry":{"type":"LineString","coordinates":[[-0.247895,51.493528],[-0.247997,51.494602],[-0.248032,51.49494]]},"properties":{"category":"rail","kind":"rail","name":null}},{"type":"Feature","id":"way/199280790","geometry":{"type":"LineString","coordinates":[[-0.256634,51.503308],[-0.256105,51.503083],[-0.255354,51.502739],[-0.254662,51.502385],[-0.254139,51.502091],[-0.253573,51.501739],[-0.252825,51.501233],[-0.252409,51.500944],[-0.252069,51.500664],[-0.25176,51.500385],[-0.251497,51.500113],[-0.251251,51.499825],[-0.250894,51.499378],[-0.249499,51.497486],[-0.249097,51.496949]]},"properties":{"category":"rail","kind":"rail","name":null}},{"type":"Feature","id":"way/199280791","geometry":{"type":"LineString","coordinates":[[-0.247601,51.494994],[-0.24769,51.495239],[-0.247737,51.495319],[-0.247788,51.495403],[-0.247852,51.495479],[-0.248165,51.495806],[-0.248328,51.495976],[-0.24841,51.496072]]},"properties":{"category":"rail","kind":"rail","name":null}},{"type":"Feature","id":"way/199280792","geometry":{"type":"LineString","coordinates":[[-0.247316,51.493615],[-0.247415,51.494393],[-0.247442,51.494574],[-0.247482,51.494731],[-0.247589,51.494971],[-0.247601,51.494994],[-0.24768,51.495147],[-0.247774,51.495309],[-0.247919,51.495492],[-0.248091,51.495663],[-0.248284,51.495859]]},"properties":{"category":"rail","kind":"rail","name":null}},{"type":"Feature","id":"way/199280793","geometry":{"type":"LineString","coordinates":[[-0.248284,51.495859],[-0.248308,51.495906],[-0.24841,51.496072],[-0.248434,51.496112],[-0.248796,51.496623],[-0.248858,51.496688],[-0.249097,51.496949]]},"properties":{"category":"rail","kind":"rail","name":null}},{"type":"Feature","id":"way/199280794","geometry":{"type":"LineString","coordinates":[[-0.247501,51.493602],[-0.247592,51.494268],[-0.24763,51.494525],[-0.247705,51.494748],[-0.248045,51.495471],[-0.248079,51.495526],[-0.248284,51.495859]]},"properties":{"category":"rail","kind":"rail","name":null}},{"type":"Feature","id":"way/199280795","geometry":{"type":"LineString","coordinates":[[-0.247721,51.493503],[-0.247748,51.493678],[-0.247788,51.493939],[-0.247831,51.494315],[-0.247871,51.494612],[-0.247968,51.494925],[-0.248053,51.495225],[-0.248126,51.495501],[-0.248201,51.495693],[-0.248284,51.495859]]},"properties":{"category":"rail","kind":"rail","name":null}},{"type":"Feature","id":"way/199280796","geometry":{"type":"LineString","coordinates":[[-0.249097,51.496949],[-0.248992,51.49681],[-0.2487,51.496417],[-0.248474,51.496093],[-0.248332,51.495848],[-0.248268,51.495728],[-0.248182,51.495521],[-0.248134,51.495357],[-0.248088,51.495148],[-0.248032,51.49494],[-0.248005,51.494841],[-0.247954,51.494605],[-0.247925,51.494442],[-0.247898,51.494211],[-0.247844,51.493527]]},"properties":{"category":"rail","kind":"rail","name":null}},{"type":"Feature","id":"way/199341606","geometry":{"type":"LineString","coordinates":[[-0.12305,51.534919],[-0.123056,51.534799],[-0.123049,51.534673],[-0.123017,51.534525],[-0.122965,51.534385],[-0.122855,51.534089],[-0.122796,51.533952],[-0.122732,51.533837],[-0.122656,51.533723]]},"properties":{"category":"rail","kind":"rail","name":null}},{"type":"Feature","id":"way/199341607","geometry":{"type":"LineString","coordinates":[[-0.122986,51.539276],[-0.122982,51.539415],[-0.122977,51.539561],[-0.122958,51.53992],[-0.122938,51.540166],[-0.122892,51.540513],[-0.122852,51.540751],[-0.122791,51.541053],[-0.122671,51.541519],[-0.122616,51.541704],[-0.122526,51.541952],[-0.122495,51.542029]]},"properties":{"category":"rail","kind":"rail","name":null}},{"type":"Feature","id":"way/199341609","geometry":{"type":"LineString","coordinates":[[-0.122986,51.539276],[-0.123286,51.534907]]},"properties":{"category":"rail","kind":"rail","name":null}},{"type":"Feature","id":"way/199341610","geometry":{"type":"LineString","coordinates":[[-0.123402,51.534784],[-0.123398,51.534911]]},"properties":{"category":"rail","kind":"rail","name":null}},{"type":"Feature","id":"way/199341611","geometry":{"type":"LineString","coordinates":[[-0.123092,51.534657],[-0.123107,51.534797],[-0.123109,51.534917]]},"properties":{"category":"rail","kind":"rail","name":null}},{"type":"Feature","id":"way/199341612","geometry":{"type":"LineString","coordinates":[[-0.122208,51.542567],[-0.122374,51.542197],[-0.122537,51.541779],[-0.122619,51.541528],[-0.122696,51.541234],[-0.122777,51.540886],[-0.122824,51.540623],[-0.122869,51.540281],[-0.122908,51.539882],[-0.122924,51.539542],[-0.122934,51.539272]]},"properties":{"category":"rail","kind":"rail","name":null}},{"type":"Feature","id":"way/199341613","geometry":{"type":"LineString","coordinates":[[-0.123483,51.534374],[-0.123457,51.534666],[-0.123451,51.534886]]},"properties":{"category":"rail","kind":"rail","name":null}},{"type":"Feature","id":"way/199341621","geometry":{"type":"LineString","coordinates":[[-0.124747,51.532455],[-0.124644,51.532644],[-0.124573,51.532766],[-0.124484,51.532913],[-0.124417,51.533015],[-0.124338,51.533117],[-0.124251,51.53322],[-0.12413,51.533337],[-0.123991,51.533468],[-0.123788,51.533655],[-0.123695,51.533764],[-0.123631,51.533838],[-0.123606,51.533872]]},"properties":{"category":"rail","kind":"rail","name":null}},{"type":"Feature","id":"way/199341622","geometry":{"type":"LineString","coordinates":[[-0.122706,51.530625],[-0.122853,51.530626],[-0.123142,51.530664],[-0.123415,51.530718],[-0.123682,51.530796],[-0.123918,51.530885],[-0.124131,51.530989],[-0.124279,51.531084],[-0.124421,51.531198],[-0.124618,51.531392],[-0.124709,51.531512],[-0.124771,51.531614],[-0.124813,51.531746],[-0.124839,51.531858],[-0.12485,51.532001],[-0.124842,51.532111],[-0.124809,51.532252],[-0.124767,51.532391],[-0.124747,51.532455]]},"properties":{"category":"rail","kind":"rail","name":"Hotel Curve"}},{"type":"Feature","id":"way/199341623","geometry":{"type":"LineString","coordinates":[[-0.122656,51.533723],[-0.122582,51.533624],[-0.122513,51.533485],[-0.122475,51.533374],[-0.122456,51.533272],[-0.122448,51.533199],[-0.122517,51.532091],[-0.122521,51.531928],[-0.122484,51.531745],[-0.122443,51.531639],[-0.122372,51.531504],[-0.12222,51.531321],[-0.122187,51.531282],[-0.122102,51.531207],[-0.121984,51.531121],[-0.121909,51.531077],[-0.121648,51.530934],[-0.121387,51.530822],[-0.121291,51.530801],[-0.121172,51.530774]]},"properties":{"category":"rail","kind":"rail","name":null}},{"type":"Feature","id":"way/199344079","geometry":{"type":"LineString","coordinates":[[-0.123451,51.534886],[-0.123143,51.539281]]},"properties":{"category":"rail","kind":"rail","name":null}},{"type":"Feature","id":"way/199344080","geometry":{"type":"LineString","coordinates":[[-0.123398,51.534911],[-0.123095,51.53928]]},"properties":{"category":"rail","kind":"rail","name":null}},{"type":"Feature","id":"way/199344082","geometry":{"type":"LineString","coordinates":[[-0.123685,51.531035],[-0.123636,51.53174],[-0.123533,51.533319],[-0.123509,51.533601],[-0.123473,51.533828],[-0.12337,51.53422],[-0.123309,51.534549],[-0.123296,51.5348],[-0.123292,51.534848],[-0.123286,51.534907]]},"properties":{"category":"rail","kind":"rail","name":null}},{"type":"Feature","id":"way/199344083","geometry":{"type":"LineString","coordinates":[[-0.123109,51.534917],[-0.122805,51.539265]]},"properties":{"category":"rail","kind":"rail","name":null}},{"type":"Feature","id":"way/199344084","geometry":{"type":"LineString","coordinates":[[-0.122754,51.539265],[-0.12305,51.534919]]},"properties":{"category":"rail","kind":"rail","name":null}},{"type":"Feature","id":"way/199344085","geometry":{"type":"LineString","coordinates":[[-0.123143,51.539281],[-0.123117,51.53942],[-0.123091,51.539542]]},"properties":{"category":"rail","kind":"rail","name":null}},{"type":"Feature","id":"way/199344086","geometry":{"type":"LineString","coordinates":[[-0.123095,51.53928],[-0.123084,51.539349],[-0.123046,51.539531]]},"properties":{"category":"rail","kind":"rail","name":null}},{"type":"Feature","id":"way/199344087","geometry":{"type":"LineString","coordinates":[[-0.122718,51.539763],[-0.122754,51.539265]]},"properties":{"category":"rail","kind":"rail","name":null}},{"type":"Feature","id":"way/199344088","geometry":{"type":"LineString","coordinates":[[-0.122805,51.539265],[-0.122767,51.539761]]},"properties":{"category":"rail","kind":"rail","name":null}},{"type":"Feature","id":"way/199351318","geometry":{"type":"LineString","coordinates":[[-0.122147,51.542681],[-0.122208,51.542567]]},"properties":{"category":"rail","kind":"rail","name":null}},{"type":"Feature","id":"way/199351319","geometry":{"type":"LineString","coordinates":[[-0.12305,51.536034],[-0.123069,51.536376],[-0.123085,51.536589],[-0.123105,51.536697],[-0.123135,51.536816],[-0.12317,51.536922],[-0.123238,51.537054],[-0.123336,51.537208],[-0.123467,51.537409],[-0.123577,51.537627],[-0.123662,51.537817],[-0.123682,51.537969],[-0.123706,51.538119],[-0.123697,51.538272],[-0.123667,51.538437],[-0.1236,51.538716],[-0.123529,51.538904],[-0.12336,51.539299],[-0.123178,51.539731],[-0.123121,51.539872],[-0.123057,51.540069],[-0.122983,51.540423],[-0.122948,51.540655],[-0.122891,51.540891],[-0.122787,51.54137],[-0.12275,51.541507],[-0.122698,51.541663],[-0.122604,51.541864],[-0.122557,51.541946],[-0.122495,51.542029]]},"properties":{"category":"rail","kind":"rail","name":null}},{"type":"Feature","id":"way/199351320","geometry":{"type":"LineString","coordinates":[[-0.122495,51.542029],[-0.122452,51.542136],[-0.122368,51.542334],[-0.122303,51.542474],[-0.122281,51.542533],[-0.122201,51.54269]]},"properties":{"category":"rail","kind":"rail","name":null}},{"type":"Feature","id":"way/199351321","geometry":{"type":"LineString","coordinates":[[-0.122201,51.54269],[-0.119742,51.547334]]},"properties":{"category":"rail","kind":"rail","name":null}},{"type":"Feature","id":"way/199351322","geometry":{"type":"LineString","coordinates":[[-0.119687,51.547326],[-0.122147,51.542681]]},"properties":{"category":"rail","kind":"rail","name":null}},{"type":"Feature","id":"way/199351323","geometry":{"type":"LineString","coordinates":[[-0.119742,51.547334],[-0.119541,51.547689],[-0.119427,51.547926],[-0.119376,51.548016],[-0.119271,51.54818],[-0.118799,51.548822],[-0.118444,51.549283],[-0.118186,51.549595],[-0.117832,51.54993],[-0.117321,51.550354],[-0.116903,51.550683],[-0.116151,51.551245],[-0.115761,51.551493],[-0.114852,51.552063],[-0.114138,51.552517],[-0.113635,51.552874],[-0.113185,51.553206],[-0.112457,51.553769],[-0.112103,51.55407],[-0.111531,51.55456],[-0.111232,51.554848],[-0.110617,51.555455],[-0.110197,51.555912],[-0.109798,51.556368],[-0.109134,51.557167],[-0.10893,51.557447],[-0.108661,51.55784],[-0.108244,51.558535],[-0.1079,51.559201],[-0.107644,51.559731],[-0.107363,51.560413],[-0.107206,51.560854],[-0.106955,51.561618],[-0.106801,51.562212],[-0.106694,51.562733],[-0.106649,51.563053],[-0.106559,51.563653],[-0.106517,51.563918],[-0.106393,51.564833]]},"properties":{"category":"rail","kind":"rail","name":null}},{"type":"Feature","id":"way/199351324","geometry":{"type":"LineString","coordinates":[[-0.11949,51.547671],[-0.119687,51.547326]]},"properties":{"category":"rail","kind":"rail","name":null}},{"type":"Feature","id":"way/199351325","geometry":{"type":"LineString","coordinates":[[-0.122934,51.539272],[-0.123244,51.534911]]},"properties":{"category":"rail","kind":"rail","name":null}},{"type":"Feature","id":"way/199351326","geometry":{"type":"LineString","coordinates":[[-0.123244,51.534911],[-0.123246,51.534844],[-0.123242,51.53476],[-0.123234,51.534664],[-0.123209,51.534464],[-0.123164,51.534266],[-0.123093,51.534005],[-0.123066,51.533818],[-0.123064,51.533722],[-0.123077,51.533348],[-0.123134,51.532536],[-0.123174,51.531918],[-0.123237,51.531035]]},"properties":{"category":"rail","kind":"rail","name":null}},{"type":"Feature","id":"way/199354551","geometry":{"type":"LineString","coordinates":[[-0.157466,51.552242],[-0.157847,51.552193],[-0.158324,51.552125],[-0.158784,51.552061],[-0.162656,51.551478],[-0.166763,51.550857],[-0.1734,51.549853],[-0.180803,51.548727]]},"properties":{"category":"rail","kind":"rail","name":"Midland Main Line"}},{"type":"Feature","id":"way/199354552","geometry":{"type":"LineString","coordinates":[[-0.180811,51.54876],[-0.17341,51.549889],[-0.158798,51.552104],[-0.15785,51.552243],[-0.157495,51.552286]]},"properties":{"category":"rail","kind":"rail","name":"Midland Main Line"}},{"type":"Feature","id":"way/199354553","geometry":{"type":"LineString","coordinates":[[-0.141015,51.550843],[-0.141513,51.551022],[-0.141933,51.551159],[-0.142533,51.55134],[-0.142976,51.551464],[-0.144269,51.551797],[-0.145008,51.55196],[-0.145893,51.552134],[-0.146532,51.552244],[-0.147008,51.552314],[-0.14736,51.552361]]},"properties":{"category":"rail","kind":"rail","name":"Midland Main Line"}},{"type":"Feature","id":"way/199354554","geometry":{"type":"LineString","coordinates":[[-0.14736,51.552396],[-0.147,51.552344],[-0.146517,51.552272],[-0.145881,51.552165],[-0.144992,51.551992],[-0.144255,51.551827],[-0.142958,51.551493],[-0.142512,51.551369],[-0.141915,51.551188],[-0.14149,51.551049],[-0.140989,51.550871]]},"properties":{"category":"rail","kind":"rail","name":"Midland Main Line"}},{"type":"Feature","id":"way/199354555","geometry":{"type":"LineString","coordinates":[[-0.131922,51.543621],[-0.133788,51.545868]]},"properties":{"category":"rail","kind":"rail","name":"Midland Main Line"}},{"type":"Feature","id":"way/199354556","geometry":{"type":"LineString","coordinates":[[-0.133755,51.545879],[-0.131887,51.543639]]},"properties":{"category":"rail","kind":"rail","name":"Midland Main Line"}},{"type":"Feature","id":"way/199354557","geometry":{"type":"LineString","coordinates":[[-0.130622,51.541026],[-0.130521,51.54082],[-0.13032,51.540455],[-0.130143,51.540144],[-0.130054,51.539986],[-0.129932,51.539772],[-0.129583,51.539162],[-0.129506,51.538945],[-0.129457,51.538795],[-0.12942,51.538674],[-0.129366,51.538401],[-0.129277,51.538108],[-0.129202,51.53734],[-0.129159,51.536791],[-0.1291,51.536424],[-0.128982,51.536026],[-0.128781,51.535473],[-0.128526,51.534771],[-0.128257,51.534028]]},"properties":{"category":"rail","kind":"rail","name":"Midland Main Line"}},{"type":"Feature","id":"way/199354558","geometry":{"type":"LineString","coordinates":[[-0.128335,51.534082],[-0.128593,51.534794],[-0.129041,51.536042],[-0.129156,51.536423],[-0.129223,51.536823],[-0.129293,51.53754],[-0.129304,51.537789],[-0.129412,51.538396],[-0.129465,51.538654],[-0.129553,51.53894],[-0.129631,51.539149],[-0.129744,51.539344],[-0.129978,51.539765],[-0.130182,51.540115],[-0.13044,51.54054],[-0.130567,51.540817],[-0.1307,51.541027]]},"properties":{"category":"rail","kind":"rail","name":"Midland Main Line"}},{"type":"Feature","id":"way/199354559","geometry":{"type":"LineString","coordinates":[[-0.125314,51.530293],[-0.126508,51.531809],[-0.12665,51.531986],[-0.126942,51.532358],[-0.127089,51.532533],[-0.127221,51.532646],[-0.127469,51.532876],[-0.127657,51.533094],[-0.127897,51.533396],[-0.127982,51.533509],[-0.128089,51.533692],[-0.128189,51.533896],[-0.128257,51.534028]]},"properties":{"category":"rail","kind":"rail","name":null}},{"type":"Feature","id":"way/199354560","geometry":{"type":"LineString","coordinates":[[-0.12565,51.53017],[-0.126786,51.53161],[-0.126898,51.531787],[-0.126987,51.531948],[-0.12709,51.532193],[-0.127167,51.53233],[-0.127318,51.532542],[-0.127594,51.532917],[-0.127787,51.533167],[-0.128008,51.533471],[-0.128161,51.533711],[-0.128335,51.534082]]},"properties":{"category":"rail","kind":"rail","name":null}},{"type":"Feature","id":"way/199354561","geometry":{"type":"LineString","coordinates":[[-0.119871,51.530464],[-0.12025,51.530567],[-0.120678,51.530673],[-0.121002,51.530732],[-0.121818,51.530732],[-0.122577,51.530648],[-0.122706,51.530625]]},"properties":{"category":"rail","kind":"rail","name":null}},{"type":"Feature","id":"way/199354562","geometry":{"type":"LineString","coordinates":[[-0.122853,51.530626],[-0.122564,51.53069],[-0.121815,51.530768],[-0.121172,51.530774],[-0.120918,51.530746],[-0.120658,51.530694],[-0.120281,51.530606],[-0.119864,51.530491]]},"properties":{"category":"rail","kind":"rail","name":null}},{"type":"Feature","id":"way/199354563","geometry":{"type":"LineString","coordinates":[[-0.128257,51.534028],[-0.127767,51.532679],[-0.127413,51.531788],[-0.127147,51.531294],[-0.126643,51.53085],[-0.126131,51.530576],[-0.125782,51.530476],[-0.12534,51.530386],[-0.124664,51.530318],[-0.123915,51.530352],[-0.123431,51.530483],[-0.122853,51.530626]]},"properties":{"category":"rail","kind":"rail","name":null}},{"type":"Feature","id":"way/199354564","geometry":{"type":"LineString","coordinates":[[-0.122706,51.530625],[-0.123403,51.530454],[-0.123819,51.530329],[-0.123906,51.530295],[-0.124153,51.530286],[-0.124695,51.530267],[-0.125035,51.530287],[-0.125356,51.530328],[-0.125812,51.530428],[-0.12623,51.530561],[-0.126702,51.530822],[-0.126914,51.530992],[-0.127107,51.531179],[-0.127244,51.531319],[-0.127322,51.531466],[-0.127483,51.531778],[-0.12814,51.533503],[-0.128335,51.534082]]},"properties":{"category":"rail","kind":"rail","name":null}},{"type":"Feature","id":"way/199354565","geometry":{"type":"LineString","coordinates":[[-0.180803,51.548727],[-0.181423,51.548628],[-0.182089,51.548558],[-0.183263,51.548459],[-0.184275,51.548381],[-0.185098,51.548322],[-0.186048,51.548271],[-0.187115,51.548247],[-0.188002,51.54825],[-0.189361,51.548278],[-0.190802,51.548313],[-0.191658,51.548331],[-0.192679,51.548359],[-0.193305,51.548395],[-0.194055,51.548448],[-0.194652,51.548508],[-0.195191,51.548578],[-0.195986,51.548695],[-0.196837,51.548838],[-0.197605,51.548991],[-0.1985,51.549192],[-0.19918,51.549367],[-0.199656,51.549497],[-0.200149,51.549638],[-0.200517,51.549751],[-0.200889,51.549871],[-0.201724,51.550156],[-0.202555,51.550471],[-0.203311,51.550784],[-0.204064,51.55113],[-0.204522,51.551355],[-0.205161,51.551693],[-0.205585,51.551935],[-0.205991,51.552183],[-0.206325,51.552391],[-0.206768,51.552682],[-0.207132,51.552931],[-0.207499,51.553193],[-0.207799,51.55342],[-0.208303,51.553829],[-0.208735,51.554209],[-0.209379,51.554831],[-0.209785,51.555266],[-0.210241,51.555774],[-0.210924,51.556533],[-0.211346,51.557005],[-0.211784,51.557477],[-0.212275,51.557972],[-0.212583,51.55826],[-0.213025,51.558646],[-0.213705,51.5592]]},"properties":{"category":"rail","kind":"rail","name":"Midland Main Line"}},{"type":"Feature","id":"way/199354566","geometry":{"type":"LineString","coordinates":[[-0.213668,51.559223],[-0.212989,51.558668],[-0.212539,51.558277],[-0.212229,51.557992],[-0.21173,51.557481],[-0.211299,51.557018],[-0.210874,51.556541],[-0.210091,51.555666],[-0.209732,51.55527],[-0.209327,51.55484],[-0.208695,51.554227],[-0.20826,51.553846],[-0.207746,51.553438],[-0.207464,51.553219],[-0.207095,51.552948],[-0.206733,51.552701],[-0.206287,51.55241],[-0.205948,51.552199],[-0.20555,51.551957],[-0.205138,51.551721],[-0.204484,51.551373],[-0.204012,51.55114],[-0.203281,51.550805],[-0.202533,51.550499],[-0.20171,51.550184],[-0.200866,51.549897],[-0.200491,51.54978],[-0.200128,51.549667],[-0.199631,51.549524],[-0.199161,51.549397],[-0.198474,51.549222],[-0.197587,51.549019],[-0.196798,51.548866],[-0.195972,51.548725],[-0.195186,51.548612],[-0.194597,51.548539],[-0.194051,51.548482],[-0.193295,51.548426],[-0.192678,51.548394],[-0.191655,51.548361],[-0.190784,51.548341],[-0.189363,51.548301],[-0.187992,51.548279],[-0.18711,51.548276],[-0.186051,51.548304],[-0.185109,51.548353],[-0.184263,51.548414],[-0.18327,51.548488],[-0.1821,51.548588],[-0.181442,51.548656],[-0.180811,51.54876]]},"properties":{"category":"rail","kind":"rail","name":"Midland Main Line"}},{"type":"Feature","id":"way/199354611","geometry":{"type":"LineString","coordinates":[[-0.132951,51.537974],[-0.132357,51.538461],[-0.132258,51.538548],[-0.132179,51.538649],[-0.132129,51.53874],[-0.132096,51.538846],[-0.132074,51.538951],[-0.132048,51.53914],[-0.132038,51.539313],[-0.132053,51.539465],[-0.13212,51.539801],[-0.132189,51.539984],[-0.132206,51.54011],[-0.132201,51.540287],[-0.132163,51.540433],[-0.132093,51.540604]]},"properties":{"category":"rail","kind":"rail","name":null}},{"type":"Feature","id":"way/199360316","geometry":{"type":"LineString","coordinates":[[-0.128092,51.533356],[-0.128077,51.533289],[-0.128066,51.533193],[-0.128067,51.533052],[-0.128065,51.53265],[-0.128067,51.532373],[-0.128065,51.531996],[-0.128065,51.531766],[-0.128062,51.531539],[-0.128067,51.531159],[-0.128059,51.531078],[-0.128045,51.530983],[-0.127971,51.53079],[-0.127872,51.530588],[-0.127746,51.530311],[-0.127689,51.530109],[-0.12767,51.530007],[-0.127687,51.529897],[-0.127705,51.529825],[-0.127802,51.529697],[-0.127936,51.529593]]},"properties":{"category":"rail","kind":"rail","name":null}},{"type":"Feature","id":"way/199360317","geometry":{"type":"LineString","coordinates":[[-0.128113,51.532216],[-0.12811,51.533189],[-0.12812,51.533258],[-0.128181,51.533468],[-0.128254,51.53361]]},"properties":{"category":"rail","kind":"rail","name":null}},{"type":"Feature","id":"way/199808457","geometry":{"type":"LineString","coordinates":[[-0.117225,51.530604],[-0.117135,51.530585],[-0.117082,51.530569],[-0.117044,51.530552],[-0.117021,51.530535],[-0.117007,51.530519],[-0.117002,51.5305],[-0.117004,51.530479],[-0.117015,51.530455],[-0.117072,51.530379],[-0.117085,51.530354],[-0.117088,51.530338],[-0.117091,51.530326],[-0.117082,51.530303],[-0.117055,51.530268]]},"properties":{"category":"rail","kind":"tram","name":null}},{"type":"Feature","id":"way/199815943","geometry":{"type":"LineString","coordinates":[[-0.135076,51.565766],[-0.135528,51.565973],[-0.136393,51.566368],[-0.136834,51.566569],[-0.137131,51.566704],[-0.137619,51.56695],[-0.138229,51.567287],[-0.139141,51.567789],[-0.139457,51.567962],[-0.139667,51.568075],[-0.139825,51.568157],[-0.140011,51.568235],[-0.14018,51.568293],[-0.140548,51.568425],[-0.140879,51.568555],[-0.141201,51.568699],[-0.141548,51.568852],[-0.142337,51.56921],[-0.142708,51.569376],[-0.143085,51.569547],[-0.143298,51.569646],[-0.143508,51.569747],[-0.143658,51.569813],[-0.143796,51.569868],[-0.143939,51.569921],[-0.144051,51.569961],[-0.1442,51.570014],[-0.144455,51.570092],[-0.144652,51.570141],[-0.144811,51.570173],[-0.145182,51.570234],[-0.145513,51.570288],[-0.145635,51.5703],[-0.145751,51.570317],[-0.146552,51.570496],[-0.146966,51.570589],[-0.147989,51.570779],[-0.148344,51.57085],[-0.148573,51.570892],[-0.148759,51.570938],[-0.148895,51.570984],[-0.149151,51.57105]]},"properties":{"category":"rail","kind":"tram","name":null}},{"type":"Feature","id":"way/199815944","geometry":{"type":"LineString","coordinates":[[-0.105983,51.545613],[-0.099129,51.547194],[-0.098848,51.54726],[-0.093609,51.548478],[-0.092114,51.548734],[-0.090321,51.548943],[-0.087799,51.549071],[-0.085819,51.549001],[-0.083185,51.548734],[-0.078765,51.548393],[-0.069175,51.547654],[-0.064916,51.547433],[-0.056678,51.547049],[-0.055408,51.547108],[-0.053746,51.547212],[-0.052307,51.54734],[-0.050364,51.547305],[-0.03798,51.546922],[-0.035308,51.546573],[-0.033814,51.546178],[-0.032357,51.545621],[-0.031236,51.544993],[-0.030246,51.544378]]},"properties":{"category":"rail","kind":"rail","name":"North London Railway"}},{"type":"Feature","id":"way/199857587","geometry":{"type":"LineString","coordinates":[[-0.102563,51.378196],[-0.102413,51.378339],[-0.101748,51.379223],[-0.100675,51.381138],[-0.099537,51.382182],[-0.098979,51.382557],[-0.097842,51.38304],[-0.096882,51.383371],[-0.095836,51.383706],[-0.088396,51.386146],[-0.08743,51.386602],[-0.08625,51.387499],[-0.085434,51.387994],[-0.084319,51.388316],[-0.08338,51.388495],[-0.083265,51.388522],[-0.082618,51.388672],[-0.082014,51.388907]]},"properties":{"category":"rail","kind":"rail","name":null}},{"type":"Feature","id":"way/199857588","geometry":{"type":"LineString","coordinates":[[-0.059682,51.49196],[-0.058955,51.491642],[-0.057636,51.491077],[-0.056041,51.490391],[-0.054311,51.489646],[-0.053685,51.489359],[-0.053369,51.489196],[-0.052909,51.488945],[-0.052663,51.488797],[-0.05216,51.488495],[-0.05182,51.488284],[-0.051421,51.48803],[-0.050713,51.487564],[-0.050066,51.487108],[-0.049676,51.486804],[-0.048903,51.486173],[-0.048248,51.485577],[-0.047408,51.484724],[-0.046862,51.48407],[-0.046432,51.483519],[-0.045953,51.482928],[-0.045233,51.482016],[-0.044788,51.481465],[-0.044056,51.480576],[-0.043674,51.48012],[-0.042942,51.479206],[-0.04215,51.478216],[-0.041949,51.477947],[-0.041565,51.477421],[-0.041219,51.476893],[-0.040959,51.476404],[-0.040415,51.475355],[-0.040301,51.475132],[-0.040151,51.474846],[-0.039857,51.474223],[-0.039383,51.473191],[-0.038704,51.471791],[-0.038373,51.471057],[-0.038082,51.470269],[-0.037891,51.469633],[-0.037708,51.468815],[-0.037567,51.467859],[-0.037459,51.466726],[-0.037442,51.465995],[-0.037463,51.465465],[-0.037543,51.464684],[-0.037708,51.463734],[-0.037825,51.463236],[-0.038064,51.462456],[-0.038511,51.461266],[-0.039121,51.459684],[-0.039906,51.457652],[-0.040499,51.456214],[-0.040948,51.455344],[-0.041265,51.454816],[-0.041683,51.454192],[-0.042093,51.453642],[-0.042776,51.452827],[-0.044005,51.451538],[-0.044538,51.450995],[-0.045038,51.450487],[-0.045628,51.44986],[-0.045763,51.449711],[-0.046476,51.448787],[-0.047452,51.447544],[-0.048293,51.446475],[-0.049533,51.444918],[-0.050239,51.444017],[-0.051099,51.442925],[-0.051844,51.441906],[-0.05221,51.441298],[-0.052545,51.440669],[-0.052671,51.44039],[-0.052836,51.439989],[-0.053006,51.439493],[-0.053183,51.438834],[-0.053282,51.438395],[-0.053404,51.437699],[-0.053434,51.437354],[-0.053464,51.43704],[-0.053443,51.436495],[-0.053393,51.4359],[-0.05333,51.435394],[-0.053252,51.434923],[-0.053123,51.434376],[-0.053045,51.433981],[-0.052997,51.433549],[-0.052925,51.432717],[-0.052916,51.432297],[-0.052934,51.431808],[-0.052961,51.431427],[-0.05306,51.430673],[-0.053138,51.430295],[-0.053282,51.429818],[-0.05353,51.429185],[-0.053636,51.428943],[-0.054033,51.428079],[-0.054408,51.427267],[-0.054683,51.42665],[-0.054924,51.426106],[-0.055144,51.425615],[-0.055635,51.424526],[-0.056111,51.423464],[-0.056877,51.421972],[-0.057335,51.421268],[-0.057708,51.420762],[-0.058178,51.420147],[-0.058556,51.419654],[-0.059221,51.41887],[-0.059572,51.418523],[-0.060198,51.417912],[-0.061534,51.416573],[-0.062008,51.416082],[-0.062512,51.415569],[-0.062847,51.415234],[-0.063171,51.414906],[-0.063777,51.414298],[-0.06447,51.413595],[-0.064861,51.413197],[-0.065248,51.412819],[-0.065643,51.412389],[-0.066081,51.411903],[-0.066279,51.41165],[-0.066484,51.411377],[-0.066777,51.410944],[-0.06703,51.410528],[-0.067254,51.410152],[-0.067573,51.409588],[-0.067829,51.409146],[-0.068087,51.408695],[-0.068807,51.407468],[-0.069431,51.406388],[-0.069843,51.405653],[-0.070059,51.405249],[-0.070383,51.404671],[-0.070789,51.40395],[-0.071037,51.403529],[-0.071226,51.403196],[-0.071485,51.402743],[-0.071862,51.402095],[-0.07216,51.40159],[-0.072455,51.401074],[-0.07271,51.40063],[-0.073082,51.399985],[-0.073311,51.399584],[-0.073636,51.399001],[-0.07392,51.398467],[-0.074181,51.397921],[-0.074411,51.397495],[-0.074967,51.396526],[-0.075346,51.39585],[-0.075736,51.395181],[-0.075942,51.394868],[-0.076221,51.394474],[-0.076501,51.394081],[-0.07687,51.393566],[-0.077294,51.392962],[-0.07764,51.392467],[-0.078077,51.391896],[-0.07847,51.391469],[-0.079037,51.390932],[-0.079814,51.390307],[-0.080394,51.389901],[-0.081222,51.389391],[-0.081554,51.389194],[-0.082014,51.388907]]},"properties":{"category":"rail","kind":"rail","name":"London and Croydon Railway"}},{"type":"Feature","id":"way/199857623","geometry":{"type":"LineString","coordinates":[[-0.047895,51.485101],[-0.048407,51.48551],[-0.049059,51.485968],[-0.049784,51.486423],[-0.05033,51.486736],[-0.051314,51.487194],[-0.051993,51.487468],[-0.052598,51.487684],[-0.053676,51.488029],[-0.054211,51.488176],[-0.054554,51.488245],[-0.054996,51.488338],[-0.055684,51.488432],[-0.056241,51.488493],[-0.057158,51.488544],[-0.058396,51.48858],[-0.059968,51.488573],[-0.063002,51.488563],[-0.065315,51.488557],[-0.066111,51.488555],[-0.066996,51.488565],[-0.067631,51.488594],[-0.068102,51.488616],[-0.068408,51.488633],[-0.06893,51.488671],[-0.069505,51.488723],[-0.069973,51.488771],[-0.070574,51.488845],[-0.071311,51.488964],[-0.071868,51.489064],[-0.07233,51.48916],[-0.072976,51.489317],[-0.07377,51.489525],[-0.075168,51.489934],[-0.075743,51.490113],[-0.076268,51.49031],[-0.077229,51.490684],[-0.078499,51.491184],[-0.07993,51.491759],[-0.080381,51.491926],[-0.080451,51.491953],[-0.081557,51.49255]]},"properties":{"category":"rail","kind":"rail","name":null}},{"type":"Feature","id":"way/199857693","geometry":{"type":"LineString","coordinates":[[-0.093416,51.504534],[-0.09304,51.504657],[-0.092834,51.504741],[-0.092633,51.504871],[-0.092461,51.505015],[-0.092273,51.505208],[-0.092163,51.505382],[-0.092069,51.505647],[-0.092027,51.505838],[-0.092035,51.506036],[-0.092104,51.506215],[-0.092298,51.506577]]},"properties":{"category":"rail","kind":"rail","name":null}},{"type":"Feature","id":"way/199857694","geometry":{"type":"LineString","coordinates":[[-0.09092,51.510242],[-0.092377,51.507382],[-0.09237,51.507262]]},"properties":{"category":"rail","kind":"rail","name":null}},{"type":"Feature","id":"way/199857697","geometry":{"type":"LineString","coordinates":[[-0.048744,51.485806],[-0.048926,51.485978],[-0.049243,51.486225],[-0.04975,51.486586],[-0.05009,51.486801],[-0.05042,51.486983],[-0.050906,51.487226],[-0.051399,51.487439],[-0.052485,51.487867],[-0.053739,51.48835],[-0.05447,51.488629],[-0.054786,51.488763],[-0.055054,51.488881],[-0.055347,51.489039],[-0.055538,51.489148],[-0.055916,51.489397]]},"properties":{"category":"rail","kind":"rail","name":"South Bermondsey Spur"}},{"type":"Feature","id":"way/199857698","geometry":{"type":"LineString","coordinates":[[-0.05571,51.489349],[-0.055426,51.489167],[-0.055115,51.488991],[-0.054822,51.488854],[-0.054399,51.488675],[-0.053711,51.488411],[-0.052432,51.48792],[-0.051329,51.487486],[-0.050839,51.487272],[-0.050356,51.487034],[-0.049996,51.486831],[-0.049675,51.486628],[-0.04916,51.486258],[-0.048843,51.486005],[-0.048658,51.485851],[-0.048121,51.485335]]},"properties":{"category":"rail","kind":"rail","name":"South Bermondsey Spur"}},{"type":"Feature","id":"way/199857699","geometry":{"type":"LineString","coordinates":[[-0.054637,51.488087],[-0.05502,51.488505],[-0.055444,51.488941],[-0.055699,51.489195],[-0.055916,51.489397],[-0.05601,51.489477],[-0.056434,51.489818],[-0.057021,51.490263],[-0.057643,51.490683],[-0.058115,51.490975],[-0.058418,51.491149],[-0.058944,51.491429],[-0.059711,51.4918],[-0.060355,51.492096],[-0.063362,51.493418],[-0.064813,51.494061],[-0.067283,51.495193],[-0.070089,51.496519],[-0.072071,51.497491],[-0.074032,51.498515],[-0.076591,51.499887],[-0.079692,51.501533],[-0.080587,51.501998],[-0.080901,51.502162],[-0.081141,51.502265],[-0.0815,51.50237]]},"properties":{"category":"rail","kind":"rail","name":null}},{"type":"Feature","id":"way/199857700","geometry":{"type":"LineString","coordinates":[[-0.059679,51.491825],[-0.060336,51.492119],[-0.064789,51.494088],[-0.067264,51.495217],[-0.070065,51.496541],[-0.072041,51.497524],[-0.073997,51.498536],[-0.076546,51.499907],[-0.078691,51.501044],[-0.079444,51.501442],[-0.080812,51.502152],[-0.080922,51.502205],[-0.081123,51.502287],[-0.081394,51.502378]]},"properties":{"category":"rail","kind":"rail","name":null}},{"type":"Feature","id":"way/199857701","geometry":{"type":"LineString","coordinates":[[-0.081376,51.502401],[-0.081145,51.502332],[-0.080932,51.502242],[-0.08069,51.502134],[-0.078889,51.501183],[-0.077693,51.500557],[-0.07573,51.49951],[-0.073973,51.49856],[-0.072009,51.497549],[-0.070035,51.496568],[-0.067227,51.49524],[-0.064749,51.494113],[-0.063313,51.49347],[-0.060301,51.492151],[-0.059652,51.491853]]},"properties":{"category":"rail","kind":"rail","name":null}},{"type":"Feature","id":"way/199857756","geometry":{"type":"LineString","coordinates":[[0.01023,51.376368],[0.008913,51.376668],[0.00836,51.376753],[0.007583,51.376822],[0.006904,51.376832],[0.006234,51.376807],[0.004825,51.376685],[0.003793,51.376648],[0.002647,51.376643],[0.002063,51.376678],[0.000888,51.376758],[-5.6e-05,51.37687],[-0.001175,51.377038],[-0.003173,51.377394],[-0.004965,51.377716],[-0.006397,51.377979],[-0.007376,51.378211],[-0.00821,51.378427],[-0.008787,51.378603],[-0.009753,51.378943],[-0.010512,51.379249],[-0.011295,51.379608],[-0.013218,51.380637],[-0.01421,51.381185],[-0.015356,51.381804],[-0.01627,51.382314],[-0.017759,51.383185],[-0.018193,51.383449],[-0.019293,51.384166],[-0.020436,51.384958],[-0.021871,51.386042],[-0.022544,51.386601],[-0.023869,51.387785],[-0.025272,51.389181],[-0.02568,51.389567],[-0.026119,51.389949],[-0.026565,51.390289],[-0.027206,51.390719],[-0.027632,51.39098],[-0.028305,51.391323],[-0.028944,51.391621],[-0.029633,51.391886],[-0.030797,51.392284],[-0.031355,51.392451],[-0.0322,51.392652],[-0.032841,51.392776],[-0.033694,51.392903],[-0.034536,51.393],[-0.036011,51.393082],[-0.037572,51.393191],[-0.043602,51.393549],[-0.047177,51.393762],[-0.047746,51.393799],[-0.048063,51.393835],[-0.048333,51.393877],[-0.048636,51.393943],[-0.048945,51.394021],[-0.049294,51.39415],[-0.049559,51.394275],[-0.049841,51.394426],[-0.050077,51.394575],[-0.050265,51.394717],[-0.050541,51.39499],[-0.050699,51.395179],[-0.050836,51.39542],[-0.050949,51.395638],[-0.050992,51.39585],[-0.051013,51.396138],[-0.051002,51.396314],[-0.050973,51.39654],[-0.05089,51.396737],[-0.050804,51.396943],[-0.050688,51.39712],[-0.050453,51.397405]]},"properties":{"category":"rail","kind":"rail","name":null}},{"type":"Feature","id":"way/199857757","geometry":{"type":"LineString","coordinates":[[-0.081512,51.379659],[-0.080688,51.380462],[-0.080174,51.380916],[-0.079788,51.381221],[-0.079336,51.38154],[-0.078992,51.381774],[-0.077618,51.382614],[-0.076741,51.383078],[-0.075467,51.383706],[-0.074716,51.384017],[-0.073876,51.384303],[-0.073122,51.384514],[-0.070979,51.385095],[-0.069716,51.385443],[-0.068852,51.385708],[-0.068337,51.385873],[-0.067627,51.386113],[-0.066017,51.386791],[-0.065062,51.387239],[-0.06452,51.387521],[-0.063528,51.388075],[-0.062638,51.388633],[-0.061468,51.389434],[-0.059379,51.390851],[-0.058141,51.391699],[-0.056249,51.392997],[-0.054492,51.39422],[-0.053215,51.395149],[-0.052354,51.39583],[-0.051869,51.396209],[-0.051327,51.396664],[-0.050764,51.397132],[-0.050453,51.397405],[-0.050206,51.397623],[-0.049213,51.398531],[-0.048229,51.399458],[-0.04692,51.400795],[-0.046169,51.401632],[-0.045388,51.402526],[-0.044769,51.403275],[-0.044425,51.403715],[-0.043779,51.404575],[-0.043205,51.40538],[-0.042424,51.406496],[-0.041942,51.407145],[-0.041569,51.407659],[-0.04121,51.408032],[-0.040753,51.408442],[-0.040177,51.408853],[-0.039774,51.409099],[-0.039131,51.409431],[-0.038345,51.409743],[-0.037395,51.410095],[-0.037095,51.41022],[-0.036816,51.410354],[-0.036542,51.41051],[-0.03625,51.410702],[-0.03603,51.410883],[-0.035842,51.411077],[-0.03573,51.411194],[-0.035566,51.411422],[-0.035427,51.411679],[-0.035319,51.41195],[-0.035266,51.412171],[-0.035252,51.412452],[-0.03526,51.412961],[-0.035271,51.413998],[-0.035274,51.414332],[-0.035295,51.414991],[-0.035327,51.415552],[-0.035335,51.415666]]},"properties":{"category":"rail","kind":"rail","name":null}},{"type":"Feature","id":"way/199857758","geometry":{"type":"LineString","coordinates":[[-0.029459,51.411391],[-0.030071,51.41144],[-0.031161,51.411496],[-0.032262,51.411501],[-0.033246,51.411501],[-0.03421,51.411432],[-0.035376,51.411364],[-0.037238,51.411187],[-0.038519,51.411088],[-0.039527,51.411062],[-0.040771,51.411136],[-0.041983,51.4113],[-0.042963,51.4115],[-0.044048,51.41183],[-0.045422,51.412349],[-0.046229,51.412776],[-0.04703,51.41321],[-0.047751,51.413668],[-0.048349,51.41419],[-0.050407,51.416265],[-0.050937,51.416784],[-0.051501,51.417292],[-0.051954,51.417693],[-0.052506,51.418153],[-0.053363,51.418775],[-0.054148,51.419353],[-0.055196,51.420007],[-0.055911,51.420417],[-0.056505,51.420722],[-0.057305,51.421132],[-0.079571,51.432277],[-0.082307,51.433644],[-0.083539,51.434343],[-0.086238,51.436034],[-0.087793,51.43724],[-0.088397,51.437786],[-0.089765,51.439069],[-0.090356,51.439653],[-0.090911,51.440229],[-0.091342,51.440713],[-0.091823,51.441373],[-0.092464,51.442295],[-0.093929,51.444812],[-0.094393,51.445608],[-0.094954,51.446378],[-0.095539,51.447098],[-0.096214,51.447762],[-0.096962,51.448446],[-0.100117,51.451324],[-0.100922,51.452114],[-0.101821,51.452971]]},"properties":{"category":"rail","kind":"rail","name":"Chatham Mail Line"}},{"type":"Feature","id":"way/199857759","geometry":{"type":"LineString","coordinates":[[-0.101821,51.452971],[-0.102425,51.453666],[-0.102925,51.454322],[-0.103245,51.454806],[-0.103516,51.455301],[-0.103812,51.455778],[-0.104071,51.456092],[-0.104484,51.456511],[-0.104878,51.456903],[-0.10537,51.457332],[-0.105729,51.45758],[-0.107386,51.458606],[-0.10795,51.45899],[-0.108652,51.459478],[-0.109414,51.460053],[-0.110793,51.461203],[-0.11141,51.461731],[-0.112086,51.462202],[-0.11284,51.462634],[-0.113535,51.462971],[-0.113982,51.46313],[-0.114425,51.463287],[-0.115023,51.46348],[-0.115682,51.463627],[-0.116121,51.463715],[-0.116678,51.463806],[-0.117347,51.463882],[-0.11843,51.463946],[-0.119345,51.463928],[-0.120279,51.463818],[-0.123016,51.463457],[-0.124735,51.463341],[-0.126098,51.463422],[-0.127397,51.463527],[-0.128545,51.463777],[-0.129685,51.46419],[-0.130497,51.464609],[-0.133757,51.466361],[-0.134813,51.466977],[-0.135728,51.467588],[-0.136335,51.468089],[-0.139465,51.471122]]},"properties":{"category":"rail","kind":"rail","name":"Chatham Mail Line"}},{"type":"Feature","id":"way/199857760","geometry":{"type":"LineString","coordinates":[[-0.142659,51.475902],[-0.142621,51.475573],[-0.142585,51.475424],[-0.14252,51.475132],[-0.142492,51.475034],[-0.142406,51.474763],[-0.142289,51.474435],[-0.142109,51.474083],[-0.142004,51.473875],[-0.14183,51.473587],[-0.141642,51.473316],[-0.141355,51.472942],[-0.141087,51.472634],[-0.140669,51.472213],[-0.140283,51.471829],[-0.140253,51.471799],[-0.13992,51.471475],[-0.139841,51.471411],[-0.139671,51.471276],[-0.139543,51.471174],[-0.139465,51.471122]]},"properties":{"category":"rail","kind":"rail","name":null}},{"type":"Feature","id":"way/199857761","geometry":{"type":"LineString","coordinates":[[-0.139465,51.471122],[-0.139822,51.471465],[-0.140153,51.471805],[-0.140442,51.472144],[-0.140888,51.472806],[-0.141188,51.473502],[-0.141497,51.474145],[-0.142001,51.474742],[-0.143473,51.476003],[-0.14392,51.476383],[-0.144229,51.476682],[-0.144636,51.477214],[-0.144985,51.4777],[-0.145359,51.47851],[-0.145489,51.47893],[-0.145603,51.479483],[-0.145798,51.48006],[-0.146121,51.48069],[-0.146563,51.481378],[-0.14676,51.481639],[-0.146982,51.482077],[-0.147216,51.482783],[-0.147218,51.48379],[-0.147114,51.485667],[-0.147106,51.485826],[-0.147219,51.486699],[-0.147447,51.487265],[-0.147887,51.487842],[-0.148175,51.48839],[-0.148327,51.489165],[-0.148296,51.489637],[-0.148222,51.490008],[-0.148145,51.490223],[-0.14772,51.490931],[-0.146733,51.491819],[-0.146051,51.492358],[-0.145519,51.492915],[-0.144867,51.49352],[-0.144336,51.493954],[-0.143623,51.494559]]},"properties":{"category":"rail","kind":"rail","name":"Chatham Mail Line"}},{"type":"Feature","id":"way/199857762","geometry":{"type":"LineString","coordinates":[[0.017027,51.408481],[0.017436,51.408912],[0.018695,51.410227],[0.019816,51.411438],[0.0202,51.411838],[0.020428,51.412087],[0.02068,51.412394],[0.020851,51.412641],[0.021053,51.412964],[0.021275,51.413421],[0.021471,51.413968],[0.021552,51.414279],[0.021645,51.414888],[0.02168,51.415493],[0.021801,51.417333],[0.021898,51.417901],[0.021997,51.418339],[0.02219,51.418986],[0.02241,51.419478],[0.022681,51.420053],[0.023164,51.420871],[0.023762,51.421873],[0.024228,51.422632],[0.024926,51.4238],[0.025315,51.424414],[0.025419,51.424659],[0.025524,51.424934],[0.02561,51.425198],[0.025677,51.425474],[0.025712,51.425718],[0.02573,51.425999],[0.025725,51.426534],[0.025687,51.426944],[0.025682,51.427136],[0.025647,51.427304],[0.02558,51.427539],[0.025497,51.42775],[0.025411,51.427927],[0.02532,51.428103],[0.025164,51.428354],[0.025052,51.428506],[0.024821,51.428713],[0.024588,51.428862],[0.02351,51.429519],[0.022742,51.429981],[0.022359,51.430245],[0.022144,51.430411]]},"properties":{"category":"rail","kind":"rail","name":"Bromley North line"}},{"type":"Feature","id":"way/199857763","geometry":{"type":"LineString","coordinates":[[-0.068529,51.38577],[-0.068772,51.385673],[-0.069067,51.385554],[-0.069406,51.385398],[-0.069639,51.385284],[-0.069826,51.385184],[-0.070026,51.385073],[-0.070307,51.384906],[-0.070546,51.384749],[-0.070816,51.384561],[-0.071099,51.384341],[-0.071328,51.384147],[-0.07169,51.383808],[-0.071982,51.38349],[-0.072291,51.383095],[-0.072546,51.382728],[-0.072782,51.382279],[-0.072894,51.381998],[-0.072986,51.381692],[-0.073058,51.381342],[-0.073109,51.381032],[-0.073216,51.379606],[-0.073367,51.377707],[-0.073431,51.377269],[-0.073484,51.377036],[-0.073584,51.376683],[-0.073788,51.376176],[-0.074024,51.37573],[-0.074233,51.375397],[-0.074498,51.375003],[-0.075011,51.374417],[-0.075858,51.373502],[-0.076156,51.373185],[-0.077877,51.371295],[-0.077932,51.371231],[-0.078746,51.370379],[-0.078794,51.370327],[-0.079828,51.3692],[-0.081437,51.367445],[-0.082816,51.36595],[-0.084069,51.364571],[-0.084546,51.364067],[-0.084876,51.363776],[-0.085278,51.363429],[-0.085721,51.363116],[-0.08611,51.362862],[-0.086638,51.362545],[-0.087234,51.362214],[-0.088438,51.361559],[-0.089293,51.361083],[-0.089696,51.360835],[-0.08998,51.360648],[-0.090334,51.360395],[-0.090675,51.36013],[-0.091026,51.359802],[-0.091284,51.359514],[-0.091485,51.359291],[-0.091723,51.358993],[-0.091919,51.358666],[-0.092069,51.358368],[-0.092169,51.358155],[-0.092279,51.357866],[-0.092378,51.357551],[-0.092437,51.357186],[-0.092485,51.356814],[-0.092491,51.356507]]},"properties":{"category":"rail","kind":"rail","name":"Woodside and South Croydon Line"}},{"type":"Feature","id":"way/199857764","geometry":{"type":"LineString","coordinates":[[-0.001977,51.40823],[-0.002545,51.408516],[-0.003076,51.408805],[-0.003578,51.409123],[-0.004098,51.409501],[-0.004383,51.409732],[-0.004718,51.410021],[-0.005211,51.410495],[-0.005501,51.410851],[-0.00592,51.411482],[-0.00685,51.412924],[-0.007483,51.41402],[-0.007668,51.414351],[-0.007816,51.414726],[-0.008124,51.415768],[-0.008452,51.416903],[-0.008763,51.418004],[-0.008908,51.418359],[-0.009095,51.418777],[-0.009229,51.419019],[-0.00939,51.41928],[-0.009597,51.419593],[-0.009766,51.419777],[-0.010115,51.420197],[-0.010514,51.420582],[-0.010863,51.420888],[-0.01122,51.421154],[-0.011944,51.421662],[-0.012883,51.422308],[-0.014505,51.42343],[-0.015433,51.424082],[-0.015871,51.424439],[-0.016294,51.424835],[-0.016689,51.425252],[-0.017048,51.425718],[-0.017265,51.426059],[-0.017485,51.426457],[-0.01756,51.426618],[-0.017692,51.426946],[-0.017823,51.427377],[-0.017947,51.428009],[-0.018073,51.429202],[-0.018148,51.429586],[-0.018279,51.43017],[-0.018542,51.431066],[-0.018797,51.431753],[-0.019049,51.432285],[-0.019331,51.432887],[-0.019602,51.433334],[-0.019934,51.433879],[-0.020208,51.43427],[-0.020564,51.434758],[-0.020945,51.43522],[-0.021334,51.435665],[-0.021645,51.436029],[-0.021948,51.436332],[-0.022493,51.436872],[-0.023284,51.437669],[-0.02396,51.438348],[-0.02448,51.438892],[-0.024668,51.439124],[-0.024928,51.439485],[-0.025763,51.440719],[-0.026004,51.441082],[-0.026176,51.441413],[-0.02635,51.441787],[-0.02653,51.442304],[-0.026578,51.442653],[-0.026602,51.442974],[-0.026591,51.443245],[-0.026511,51.443573],[-0.026439,51.443835],[-0.026144,51.444685],[-0.025862,51.445457],[-0.025422,51.446692],[-0.025344,51.44692],[-0.025266,51.447214],[-0.025215,51.447607],[-0.025213,51.448085],[-0.025248,51.448361],[-0.02536,51.448812],[-0.025465,51.449173],[-0.025663,51.449598],[-0.025851,51.449885],[-0.026026,51.450109],[-0.026253,51.450372],[-0.026594,51.450726],[-0.027163,51.451216],[-0.027839,51.4517],[-0.028989,51.452269],[-0.029724,51.45261],[-0.030593,51.452917],[-0.033369,51.453826],[-0.03481,51.454304],[-0.035287,51.45449],[-0.036065,51.454853],[-0.036969,51.455401],[-0.03746,51.455775],[-0.037851,51.456119],[-0.03827,51.456587],[-0.038565,51.456969],[-0.039021,51.457717],[-0.039359,51.458145],[-0.039675,51.458509],[-0.040147,51.458907],[-0.040437,51.459134],[-0.040989,51.459519],[-0.042352,51.460271],[-0.042797,51.460542],[-0.043216,51.460862],[-0.043795,51.461371],[-0.044165,51.461768],[-0.044401,51.462113],[-0.044584,51.462417],[-0.044884,51.463022],[-0.04504,51.463265],[-0.045367,51.463777],[-0.045705,51.464141],[-0.046279,51.464676],[-0.046746,51.465033],[-0.047196,51.465317],[-0.047709,51.465628],[-0.048667,51.466076],[-0.048956,51.466178]]},"properties":{"category":"rail","kind":"rail","name":"Catford Loop"}},{"type":"Feature","id":"way/199857765","geometry":{"type":"LineString","coordinates":[[-0.01446,51.472587],[-0.014666,51.472313],[-0.015205,51.471573],[-0.015704,51.470922],[-0.015825,51.470741],[-0.016144,51.470415],[-0.016587,51.470025],[-0.016906,51.469789],[-0.017166,51.469618],[-0.017579,51.469389],[-0.01789,51.469237],[-0.018416,51.469012],[-0.018853,51.468851],[-0.020299,51.468442],[-0.021501,51.468101],[-0.021752,51.468032],[-0.022201,51.467908]]},"properties":{"category":"rail","kind":"rail","name":null}},{"type":"Feature","id":"way/199857766","geometry":{"type":"LineString","coordinates":[[-0.022201,51.467908],[-0.02301,51.467682],[-0.025191,51.467077],[-0.028147,51.466305],[-0.029483,51.466001],[-0.030427,51.46582],[-0.031425,51.46565],[-0.03291,51.465433],[-0.034397,51.465284],[-0.035845,51.465176],[-0.037041,51.465114],[-0.03835,51.465094],[-0.039721,51.4651],[-0.040509,51.46511],[-0.041614,51.465157],[-0.043323,51.465274],[-0.044785,51.465458],[-0.046078,51.465655],[-0.047953,51.465979],[-0.049072,51.466223]]},"properties":{"category":"rail","kind":"rail","name":null}},{"type":"Feature","id":"way/199857767","geometry":{"type":"LineString","coordinates":[[-0.009213,51.479706],[-0.009618,51.479258],[-0.009871,51.478937],[-0.010005,51.478692],[-0.010058,51.47851],[-0.010144,51.478035],[-0.010152,51.477905],[-0.010163,51.477554],[-0.010243,51.47704],[-0.010359,51.476746],[-0.010563,51.476375],[-0.01071,51.476144],[-0.010815,51.476031],[-0.011147,51.47568],[-0.011418,51.475429],[-0.011858,51.47512],[-0.012027,51.475]]},"properties":{"category":"rail","kind":"rail","name":null}},{"type":"Feature","id":"way/199857768","geometry":{"type":"LineString","coordinates":[[-0.051115,51.466654],[-0.051874,51.46674],[-0.053837,51.46696],[-0.05506,51.467156],[-0.056096,51.467371],[-0.057013,51.46759],[-0.057954,51.467869],[-0.058783,51.468141],[-0.060014,51.468616],[-0.062348,51.46954],[-0.064427,51.470312],[-0.064896,51.470415],[-0.065309,51.470497],[-0.065993,51.470579],[-0.06657,51.470599],[-0.066956,51.470608],[-0.067361,51.470588],[-0.067954,51.470526],[-0.068557,51.470414],[-0.068866,51.47034],[-0.069107,51.470275],[-0.069391,51.47019],[-0.069896,51.470011],[-0.070982,51.469598],[-0.071628,51.469388],[-0.07209,51.469261],[-0.072444,51.469181],[-0.073109,51.469087],[-0.073586,51.469042],[-0.07382,51.469025],[-0.074348,51.469012],[-0.074938,51.469009],[-0.075378,51.469025],[-0.075845,51.469042],[-0.076349,51.469079],[-0.076856,51.469131],[-0.077612,51.469237],[-0.078868,51.469433],[-0.079487,51.469525],[-0.080182,51.469595],[-0.080582,51.469622],[-0.081469,51.469643],[-0.082124,51.469639],[-0.082376,51.469627],[-0.083076,51.46958],[-0.083366,51.469555],[-0.08413,51.469458],[-0.084865,51.469343],[-0.08549,51.469228],[-0.087105,51.468843],[-0.087976,51.468604],[-0.088897,51.468327],[-0.090578,51.467811],[-0.09105,51.467665],[-0.091785,51.46744],[-0.093427,51.466943],[-0.094398,51.466651],[-0.095516,51.466318],[-0.096294,51.466079],[-0.096911,51.465914],[-0.097563,51.465767],[-0.098008,51.46566],[-0.098888,51.465481],[-0.099446,51.465384],[-0.099995,51.465296],[-0.101618,51.465104],[-0.102259,51.465033],[-0.102586,51.46499],[-0.103032,51.464913],[-0.103627,51.46479],[-0.103992,51.464701],[-0.104333,51.464601],[-0.104692,51.464489],[-0.105046,51.464365],[-0.105443,51.464223],[-0.105958,51.464054],[-0.106355,51.463949],[-0.106773,51.463844],[-0.107135,51.463763],[-0.107731,51.463658],[-0.108455,51.463528],[-0.108884,51.463458],[-0.109249,51.463411],[-0.109842,51.463359],[-0.110086,51.463319],[-0.110579,51.463237],[-0.110896,51.463192],[-0.111349,51.463144],[-0.111829,51.463112],[-0.112419,51.463098],[-0.11284,51.463112],[-0.113366,51.463145],[-0.11383,51.4632],[-0.114106,51.463245],[-0.114383,51.463296]]},"properties":{"category":"rail","kind":"rail","name":null}},{"type":"Feature","id":"way/199857769","geometry":{"type":"LineString","coordinates":[[-0.078406,51.421222],[-0.077739,51.422276],[-0.077599,51.422472],[-0.077433,51.422751],[-0.077151,51.423224],[-0.076915,51.423579],[-0.076759,51.423791],[-0.076499,51.424139],[-0.075998,51.424705],[-0.075429,51.425317],[-0.074785,51.425792],[-0.074142,51.426217],[-0.073476,51.426651],[-0.072999,51.426979],[-0.072787,51.427161],[-0.072591,51.427349],[-0.072398,51.427554],[-0.072133,51.427879],[-0.07195,51.428138],[-0.071722,51.428524],[-0.071618,51.428768],[-0.071502,51.429113],[-0.071282,51.430024],[-0.071143,51.430449],[-0.070778,51.431244],[-0.070719,51.431345],[-0.068933,51.434434],[-0.06842,51.435339],[-0.068104,51.435932],[-0.067774,51.436656],[-0.067463,51.437302],[-0.06728,51.437633],[-0.066916,51.438248],[-0.066623,51.438674],[-0.066192,51.439268],[-0.065703,51.43986],[-0.065151,51.440455],[-0.064226,51.441511],[-0.064008,51.441771],[-0.063686,51.442202],[-0.063389,51.442648],[-0.063204,51.442983],[-0.062992,51.443396],[-0.06279,51.44385],[-0.062589,51.444375],[-0.062393,51.444957],[-0.062268,51.445298],[-0.062034,51.445761],[-0.061745,51.446259],[-0.061479,51.44665],[-0.061286,51.446931],[-0.060908,51.447366],[-0.060588,51.4477],[-0.060194,51.44807],[-0.059719,51.448462],[-0.059253,51.448799],[-0.058706,51.449176],[-0.057732,51.449838],[-0.055699,51.451219],[-0.054508,51.451911],[-0.053692,51.452289],[-0.052786,51.452656],[-0.051638,51.453031],[-0.05053,51.45339],[-0.049916,51.453643],[-0.049422,51.453876],[-0.049023,51.454082],[-0.048666,51.454286],[-0.048282,51.454527],[-0.047805,51.454864],[-0.047443,51.455154],[-0.046982,51.455561],[-0.046609,51.455942],[-0.046324,51.45627],[-0.046115,51.456551],[-0.045928,51.45682],[-0.045616,51.457358],[-0.045348,51.457911],[-0.045115,51.458483],[-0.044965,51.458952],[-0.044863,51.45935],[-0.044798,51.459728],[-0.044734,51.460124],[-0.044699,51.460632],[-0.044699,51.461098],[-0.044734,51.461466],[-0.044809,51.461939],[-0.044876,51.462258],[-0.044983,51.46259],[-0.045128,51.462948],[-0.04523,51.463147],[-0.045413,51.463481],[-0.045584,51.463718],[-0.045823,51.464011],[-0.046086,51.464285],[-0.04633,51.464531],[-0.046614,51.464759],[-0.046923,51.464988],[-0.04729,51.465226],[-0.047585,51.465403],[-0.047773,51.46552],[-0.048674,51.465929],[-0.049213,51.466133],[-0.049806,51.466347],[-0.050241,51.466472],[-0.050621,51.466562],[-0.051115,51.466654]]},"properties":{"category":"rail","kind":"rail","name":null}},{"type":"Feature","id":"way/199857872","geometry":{"type":"LineString","coordinates":[[-0.083265,51.388522],[-0.083645,51.388481],[-0.083945,51.388471],[-0.084173,51.388475],[-0.084431,51.388485],[-0.08472,51.38852],[-0.084892,51.38855],[-0.085139,51.388603],[-0.085383,51.388667],[-0.085713,51.388782],[-0.086013,51.388913],[-0.08634,51.389111],[-0.086563,51.389275],[-0.08674,51.38942],[-0.08689,51.389561],[-0.087081,51.389757],[-0.087153,51.389845],[-0.087303,51.390055]]},"properties":{"category":"rail","kind":"rail","name":null}},{"type":"Feature","id":"way/199857873","geometry":{"type":"LineString","coordinates":[[-0.087225,51.390028],[-0.087107,51.389862],[-0.08703,51.38977],[-0.086863,51.389589],[-0.086807,51.389534],[-0.086705,51.389437],[-0.086515,51.38929],[-0.086281,51.389136],[-0.086027,51.388993],[-0.085699,51.388856],[-0.08531,51.388731],[-0.084994,51.38866],[-0.084766,51.388617],[-0.084353,51.388577],[-0.084154,51.388567],[-0.083937,51.388563],[-0.083725,51.388577],[-0.083486,51.388595],[-0.083124,51.38865]]},"properties":{"category":"rail","kind":"rail","name":null}},{"type":"Feature","id":"way/199857874","geometry":{"type":"LineString","coordinates":[[-0.139539,51.419878],[-0.13925,51.420112],[-0.139102,51.420261],[-0.138944,51.420443],[-0.138756,51.42071],[-0.138667,51.420863],[-0.138592,51.421008],[-0.138549,51.42113],[-0.13849,51.421318],[-0.138464,51.421534],[-0.138458,51.421701],[-0.138472,51.4219],[-0.138501,51.422052],[-0.138566,51.422281],[-0.138606,51.422402],[-0.138721,51.422755],[-0.138822,51.423196],[-0.138869,51.423494],[-0.138894,51.423667],[-0.138906,51.423836]]},"properties":{"category":"rail","kind":"rail","name":null}},{"type":"Feature","id":"way/199857875","geometry":{"type":"LineString","coordinates":[[-0.134201,51.424242],[-0.134353,51.424118],[-0.134537,51.423949],[-0.135076,51.423484],[-0.135377,51.423204],[-0.135755,51.422831],[-0.136055,51.422504],[-0.136272,51.422249],[-0.136455,51.422024],[-0.136659,51.421748],[-0.136841,51.421473],[-0.136951,51.421262],[-0.137023,51.42107],[-0.137069,51.420915],[-0.137104,51.420752],[-0.137112,51.420637],[-0.137115,51.420478],[-0.137093,51.420319],[-0.137055,51.420197],[-0.137005,51.420077],[-0.136854,51.419804]]},"properties":{"category":"rail","kind":"rail","name":null}},{"type":"Feature","id":"way/199857876","geometry":{"type":"LineString","coordinates":[[-0.136996,51.419971],[-0.137053,51.420078],[-0.137101,51.420192],[-0.137136,51.420316],[-0.137157,51.420471],[-0.137168,51.420637],[-0.137152,51.420759],[-0.137115,51.420926],[-0.137072,51.421077],[-0.136991,51.421273],[-0.136873,51.421488],[-0.136691,51.421761],[-0.136492,51.42204],[-0.136313,51.422259],[-0.136095,51.422522],[-0.135806,51.422845],[-0.135419,51.423228],[-0.135116,51.4235],[-0.134827,51.423758],[-0.134566,51.423967],[-0.134277,51.424205]]},"properties":{"category":"rail","kind":"rail","name":null}},{"type":"Feature","id":"way/199857877","geometry":{"type":"LineString","coordinates":[[-0.107957,51.437805],[-0.108337,51.437691],[-0.108863,51.437557],[-0.109421,51.437427],[-0.110225,51.43725],[-0.110708,51.437154],[-0.111215,51.437065],[-0.111848,51.436972],[-0.112138,51.436935]]},"properties":{"category":"rail","kind":"rail","name":null}},{"type":"Feature","id":"way/199857878","geometry":{"type":"LineString","coordinates":[[-0.112544,51.436929],[-0.112169,51.436968],[-0.111886,51.436998],[-0.11167,51.437027],[-0.111271,51.43709],[-0.110719,51.437183],[-0.110228,51.437281],[-0.109421,51.437465],[-0.108444,51.437701],[-0.108026,51.437832],[-0.107748,51.437929]]},"properties":{"category":"rail","kind":"rail","name":null}},{"type":"Feature","id":"way/199857879","geometry":{"type":"LineString","coordinates":[[-0.106637,51.4385],[-0.106934,51.438243],[-0.107127,51.438074],[-0.107267,51.437925],[-0.107364,51.437818],[-0.107412,51.437746],[-0.107546,51.437561],[-0.107645,51.43735],[-0.107715,51.437174],[-0.107752,51.436996],[-0.107776,51.4368],[-0.107779,51.436663],[-0.107766,51.436491],[-0.107734,51.436327],[-0.107677,51.436146],[-0.107583,51.43593],[-0.107476,51.435735],[-0.107371,51.435574],[-0.107114,51.435265],[-0.107001,51.435118],[-0.106913,51.434966],[-0.10687,51.43486],[-0.106795,51.434695],[-0.106733,51.434543]]},"properties":{"category":"rail","kind":"rail","name":null}},{"type":"Feature","id":"way/199857880","geometry":{"type":"LineString","coordinates":[[-0.107428,51.435556],[-0.10753,51.435725],[-0.107645,51.435929],[-0.107728,51.436135],[-0.107779,51.436322],[-0.107814,51.436499],[-0.10783,51.436653],[-0.10783,51.436802],[-0.107811,51.436992],[-0.107766,51.437185],[-0.107693,51.43736],[-0.107592,51.437574],[-0.107471,51.437771],[-0.107337,51.437912],[-0.107119,51.438146]]},"properties":{"category":"rail","kind":"rail","name":null}},{"type":"Feature","id":"way/199857881","geometry":{"type":"LineString","coordinates":[[-0.107815,51.463501],[-0.108033,51.463465],[-0.108397,51.463421],[-0.108713,51.463377],[-0.109126,51.463332],[-0.109316,51.463301],[-0.109611,51.463251],[-0.109882,51.463202],[-0.110232,51.463118],[-0.110474,51.463053],[-0.110664,51.462994],[-0.110834,51.46295],[-0.111065,51.462902],[-0.111336,51.462849],[-0.111655,51.462802],[-0.112,51.462761],[-0.112177,51.462744],[-0.11259,51.462721],[-0.112922,51.462714],[-0.113243,51.46272],[-0.11359,51.462737],[-0.113913,51.462771],[-0.114259,51.462815],[-0.114677,51.462883],[-0.114922,51.462937],[-0.115258,51.463026],[-0.115605,51.46313],[-0.115989,51.46327],[-0.116295,51.46338],[-0.116673,51.463485],[-0.117076,51.46359],[-0.117364,51.46365],[-0.11772,51.463708],[-0.117981,51.463739],[-0.118444,51.463775],[-0.118587,51.463783],[-0.11879,51.463789],[-0.119075,51.463789],[-0.119319,51.463781],[-0.119612,51.463761],[-0.119887,51.463739],[-0.120356,51.463693],[-0.121236,51.463592],[-0.122104,51.463495],[-0.122981,51.463395],[-0.123671,51.463322],[-0.123986,51.463297],[-0.124339,51.463274],[-0.124633,51.463265],[-0.12505,51.46326],[-0.125392,51.463267],[-0.125903,51.463292],[-0.126227,51.46332],[-0.12669,51.463372],[-0.127145,51.463431],[-0.127507,51.463495],[-0.128035,51.463608],[-0.128507,51.463724],[-0.128755,51.4638],[-0.1291,51.46391],[-0.12927,51.463967],[-0.129665,51.464116],[-0.130298,51.464389],[-0.13097,51.464726],[-0.13157,51.465048],[-0.132583,51.465601],[-0.13388,51.466297],[-0.134363,51.466579],[-0.134875,51.466913],[-0.135629,51.467441],[-0.136007,51.467717],[-0.136752,51.468292],[-0.137157,51.468653],[-0.137793,51.469299],[-0.138289,51.46976],[-0.138866,51.470342],[-0.139177,51.470653],[-0.139486,51.470922],[-0.139829,51.471181],[-0.14029,51.471465],[-0.14043,51.471545],[-0.140669,51.47167],[-0.14095,51.471806],[-0.141307,51.471969],[-0.141838,51.472168],[-0.142179,51.472325],[-0.14246,51.472462],[-0.143015,51.47276],[-0.143251,51.4729],[-0.143976,51.473413],[-0.144306,51.473692],[-0.144858,51.474221],[-0.145285,51.474619],[-0.146044,51.475339],[-0.1464,51.475685],[-0.146709,51.476046],[-0.14694,51.476361],[-0.147058,51.476552],[-0.147186,51.476789],[-0.147275,51.476961],[-0.147347,51.47717],[-0.147425,51.477466],[-0.147449,51.477694],[-0.14746,51.477893],[-0.147473,51.478092],[-0.147495,51.478351],[-0.147511,51.47847],[-0.147548,51.478598]]},"properties":{"category":"rail","kind":"rail","name":"South London line"}},{"type":"Feature","id":"way/199857882","geometry":{"type":"LineString","coordinates":[[-0.071985,51.469116],[-0.072468,51.469052],[-0.073015,51.468999],[-0.073774,51.468932],[-0.074166,51.468931],[-0.074447,51.468935],[-0.07507,51.468933],[-0.07566,51.468957],[-0.076279,51.46901],[-0.076658,51.469044],[-0.077089,51.469099],[-0.078213,51.469266],[-0.079238,51.469428],[-0.079946,51.469503],[-0.080582,51.469557],[-0.080971,51.469575],[-0.081486,51.469583],[-0.082073,51.469572],[-0.082341,51.469565],[-0.08269,51.46955],[-0.083315,51.469495],[-0.083677,51.46945],[-0.084235,51.469378],[-0.084911,51.469269],[-0.085447,51.469154],[-0.087051,51.46877],[-0.088408,51.46835],[-0.08979,51.467936],[-0.090946,51.467603],[-0.091734,51.467369],[-0.092311,51.467207],[-0.094352,51.466596],[-0.095481,51.466262],[-0.096256,51.466024],[-0.096868,51.465869],[-0.097807,51.465642],[-0.098536,51.46549],[-0.099145,51.465373],[-0.099867,51.465254],[-0.100647,51.465145],[-0.101594,51.465038],[-0.102128,51.464987],[-0.102608,51.46492],[-0.103177,51.464823],[-0.103667,51.464709],[-0.104276,51.464547],[-0.104609,51.464442],[-0.104941,51.464325],[-0.105513,51.464103],[-0.105851,51.463986],[-0.106272,51.463849],[-0.106621,51.463757],[-0.107025,51.463658],[-0.107369,51.463588],[-0.107815,51.463501]]},"properties":{"category":"rail","kind":"rail","name":"South London line"}},{"type":"Feature","id":"way/199857883","geometry":{"type":"LineString","coordinates":[[-0.114506,51.463354],[-0.114282,51.46331],[-0.114097,51.463276],[-0.113806,51.46323],[-0.113361,51.463179],[-0.11284,51.463144],[-0.112418,51.463128],[-0.111985,51.463137],[-0.111686,51.463151],[-0.111442,51.463168],[-0.11117,51.463192],[-0.110759,51.463242],[-0.110408,51.463298],[-0.110036,51.463363],[-0.109657,51.463408],[-0.109225,51.463446],[-0.108882,51.463491],[-0.108639,51.46353],[-0.108451,51.463564],[-0.107744,51.463688],[-0.107138,51.463801],[-0.106791,51.463876],[-0.106646,51.463908],[-0.106367,51.46398],[-0.106089,51.464053],[-0.105711,51.464174],[-0.105423,51.464269],[-0.104704,51.464518],[-0.104129,51.464699],[-0.103704,51.464802],[-0.1033,51.464893],[-0.103037,51.464951],[-0.102711,51.465007],[-0.102405,51.465047],[-0.10178,51.465117],[-0.101039,51.465196],[-0.100541,51.465257],[-0.099908,51.465343],[-0.099239,51.465454],[-0.098574,51.465575],[-0.097915,51.465713],[-0.097552,51.465796],[-0.097253,51.465866],[-0.096322,51.466112],[-0.095542,51.466344],[-0.094382,51.466691],[-0.092668,51.467207],[-0.091807,51.467463],[-0.091072,51.467694],[-0.089894,51.468056],[-0.089599,51.468136],[-0.087982,51.468634],[-0.087118,51.46887],[-0.085528,51.469254],[-0.084852,51.469383],[-0.084136,51.469495],[-0.083739,51.469548],[-0.083339,51.469587],[-0.083073,51.469613],[-0.082387,51.469657],[-0.082102,51.469667],[-0.081461,51.469674],[-0.080928,51.46966],[-0.080579,51.469643],[-0.080177,51.469622],[-0.079471,51.46955],[-0.078854,51.469463],[-0.077583,51.469266],[-0.077178,51.469206],[-0.076821,51.469162],[-0.076325,51.469109],[-0.075845,51.46907],[-0.075378,51.469049],[-0.074927,51.469039],[-0.074329,51.469039],[-0.073806,51.469055],[-0.07342,51.469084],[-0.073093,51.469121],[-0.072747,51.469164],[-0.072446,51.469217],[-0.072082,51.469298],[-0.071685,51.469411],[-0.071197,51.469563],[-0.070456,51.469839],[-0.069906,51.470046],[-0.06941,51.470218],[-0.069013,51.47034],[-0.068587,51.470437],[-0.06812,51.470531],[-0.067624,51.470597],[-0.067348,51.470619],[-0.066943,51.470638],[-0.066532,51.470639],[-0.066111,51.470626],[-0.065636,51.470576],[-0.06525,51.470519],[-0.064813,51.470436],[-0.06466,51.470399],[-0.064274,51.4703],[-0.06388,51.470173]]},"properties":{"category":"rail","kind":"rail","name":null}},{"type":"Feature","id":"way/199857884","geometry":{"type":"LineString","coordinates":[[-0.107828,51.463533],[-0.108578,51.463428],[-0.109176,51.463354],[-0.109517,51.463302],[-0.109938,51.463215],[-0.110402,51.463107],[-0.110839,51.462981],[-0.111338,51.462881],[-0.111757,51.462814],[-0.112183,51.462773],[-0.112586,51.462749],[-0.113291,51.462751],[-0.113688,51.462786],[-0.114026,51.462811],[-0.114525,51.462893],[-0.114949,51.46298],[-0.115212,51.46304],[-0.115638,51.463177],[-0.11614,51.463366],[-0.116539,51.463484],[-0.116928,51.463588],[-0.117298,51.463668],[-0.11772,51.463742],[-0.118189,51.463792],[-0.118562,51.46381],[-0.11902,51.463822],[-0.119348,51.463817],[-0.119873,51.463774],[-0.120555,51.463698],[-0.122413,51.463488],[-0.123545,51.463362],[-0.123934,51.463336],[-0.1245,51.463294],[-0.125045,51.463294],[-0.125522,51.463304],[-0.125879,51.463319],[-0.126447,51.463369],[-0.126927,51.463431],[-0.127338,51.463499],[-0.128019,51.463631],[-0.128569,51.463763],[-0.129197,51.463972],[-0.129647,51.464138],[-0.130251,51.464407],[-0.130669,51.464609],[-0.131533,51.46507],[-0.132329,51.465498],[-0.133142,51.465938],[-0.134274,51.466564],[-0.134837,51.466932],[-0.135173,51.467161],[-0.135591,51.46746],[-0.135977,51.467739],[-0.136613,51.468237],[-0.13671,51.468312],[-0.137112,51.468668],[-0.137343,51.468887],[-0.137804,51.469339],[-0.138217,51.469762],[-0.138802,51.470347],[-0.13914,51.470683],[-0.13944,51.470932],[-0.139781,51.471189],[-0.140006,51.471328],[-0.140255,51.471491],[-0.140754,51.471757],[-0.141167,51.471946],[-0.141878,51.472228],[-0.142374,51.472469],[-0.142707,51.472636],[-0.143115,51.472871],[-0.143431,51.473097],[-0.143941,51.473446],[-0.144206,51.473668],[-0.144767,51.474195],[-0.145209,51.474612],[-0.146001,51.475356],[-0.146408,51.475755],[-0.146671,51.476059],[-0.146819,51.476264],[-0.146974,51.476495],[-0.147079,51.476667],[-0.147143,51.476796],[-0.14728,51.477126],[-0.147342,51.47733],[-0.147377,51.477506],[-0.147401,51.477669],[-0.147398,51.477895],[-0.147422,51.478181],[-0.147454,51.478393],[-0.147476,51.478506],[-0.147505,51.478668],[-0.147532,51.478921]]},"properties":{"category":"rail","kind":"rail","name":"South London line"}},{"type":"Feature","id":"way/199857885","geometry":{"type":"LineString","coordinates":[[-0.041561,51.477578],[-0.041885,51.478019],[-0.042178,51.478395],[-0.042374,51.478642],[-0.042583,51.478916],[-0.042982,51.47943],[-0.043583,51.48017],[-0.044718,51.481537],[-0.044962,51.481861],[-0.045192,51.48217],[-0.045871,51.483088],[-0.046134,51.483444],[-0.046252,51.48365],[-0.046319,51.48381],[-0.046357,51.484007],[-0.04637,51.484156],[-0.046357,51.484258],[-0.04634,51.484481],[-0.046279,51.484719],[-0.04618,51.484952],[-0.046051,51.485205],[-0.045909,51.485422],[-0.045759,51.485629],[-0.045517,51.485891],[-0.045109,51.48626],[-0.044476,51.486808],[-0.043985,51.487296],[-0.043661,51.48757],[-0.043339,51.487805],[-0.042974,51.488052],[-0.042542,51.488326],[-0.042199,51.488523],[-0.041708,51.488784],[-0.041137,51.489061],[-0.040657,51.489265],[-0.040107,51.489458],[-0.039584,51.489626],[-0.038482,51.489995],[-0.037532,51.490315],[-0.036996,51.490489],[-0.036529,51.490646],[-0.036207,51.490763],[-0.035738,51.490947],[-0.035105,51.4912],[-0.034571,51.491388],[-0.034187,51.491536],[-0.033973,51.49164],[-0.03378,51.491743],[-0.033629,51.491848]]},"properties":{"category":"rail","kind":"rail","name":"Deptford Wharf Branch"}},{"type":"Feature","id":"way/199857892","geometry":{"type":"LineString","coordinates":[[-0.338245,51.474128],[-0.339161,51.473603],[-0.342047,51.47212],[-0.34489,51.470716],[-0.364331,51.460851],[-0.365693,51.460089],[-0.367388,51.458939],[-0.368107,51.458284],[-0.371723,51.455015],[-0.373289,51.453491],[-0.374158,51.452822],[-0.374952,51.452467],[-0.37581,51.452227],[-0.376889,51.452088]]},"properties":{"category":"rail","kind":"rail","name":"Hounslow Loop Line"}},{"type":"Feature","id":"way/199857893","geometry":{"type":"LineString","coordinates":[[-0.212206,51.45762],[-0.212153,51.457685],[-0.2118,51.458116],[-0.211462,51.458517],[-0.211293,51.458741],[-0.211152,51.458976],[-0.210973,51.459311],[-0.210845,51.459836],[-0.210803,51.460313],[-0.210732,51.460727],[-0.210626,51.461106],[-0.210298,51.461776],[-0.210213,51.462089],[-0.210165,51.462425],[-0.210197,51.462806],[-0.210246,51.463124],[-0.210342,51.463411],[-0.210433,51.463849],[-0.210406,51.464203],[-0.210347,51.464551],[-0.21024,51.464808],[-0.209084,51.467077],[-0.209016,51.467227],[-0.208979,51.467403],[-0.20891,51.467835]]},"properties":{"category":"rail","kind":"subway","name":"District Railway-Wimbledon Branch"}},{"type":"Feature","id":"way/199857894","geometry":{"type":"LineString","coordinates":[[-0.211113,51.45897],[-0.211205,51.45881],[-0.211285,51.458673],[-0.211422,51.458505],[-0.211763,51.458085],[-0.212005,51.457803],[-0.212193,51.457569]]},"properties":{"category":"rail","kind":"subway","name":"District Railway-Wimbledon Branch"}},{"type":"Feature","id":"way/199857895","geometry":{"type":"LineString","coordinates":[[-0.212193,51.457569],[-0.212291,51.457455],[-0.212387,51.457316],[-0.212473,51.457168],[-0.212529,51.45706],[-0.212619,51.456858],[-0.212661,51.456718],[-0.212686,51.456572],[-0.212705,51.456343]]},"properties":{"category":"rail","kind":"rail","name":null}},{"type":"Feature","id":"way/199857896","geometry":{"type":"LineString","coordinates":[[-0.19778,51.46045],[-0.198124,51.460412],[-0.198659,51.460341],[-0.199187,51.460288],[-0.199772,51.460241],[-0.200691,51.46018],[-0.20126,51.460152],[-0.20224,51.460096],[-0.202716,51.460063],[-0.203407,51.460009],[-0.204221,51.459947],[-0.204881,51.459895],[-0.205524,51.459874],[-0.206219,51.459864],[-0.206919,51.459881],[-0.207236,51.459889],[-0.207575,51.459885],[-0.207804,51.459876],[-0.20814,51.459843],[-0.208422,51.459802],[-0.208681,51.459754],[-0.208861,51.45972],[-0.209084,51.459667],[-0.209328,51.459594],[-0.209571,51.459509],[-0.209867,51.459393],[-0.210155,51.459265],[-0.210372,51.459142],[-0.21051,51.45905],[-0.210752,51.458873],[-0.210909,51.458744],[-0.211034,51.45863],[-0.21136,51.458288],[-0.211552,51.458112],[-0.211763,51.457939],[-0.211951,51.457791],[-0.212193,51.457569]]},"properties":{"category":"rail","kind":"rail","name":null}},{"type":"Feature","id":"way/199857897","geometry":{"type":"LineString","coordinates":[[-0.212206,51.45762],[-0.212005,51.457803],[-0.211926,51.457865],[-0.211767,51.457987],[-0.211638,51.458088],[-0.211397,51.458301],[-0.21107,51.458651],[-0.210855,51.458842],[-0.210552,51.459069],[-0.210222,51.45927],[-0.209907,51.459421],[-0.20932,51.459629],[-0.208798,51.459818],[-0.208345,51.459966],[-0.207827,51.460121],[-0.207512,51.460208],[-0.207048,51.460294],[-0.206633,51.460349],[-0.206265,51.460384],[-0.2058,51.460408],[-0.205313,51.460416],[-0.204783,51.460399],[-0.203363,51.460332],[-0.202691,51.460315],[-0.201931,51.460318],[-0.201198,51.460329],[-0.20053,51.46037],[-0.199926,51.460409],[-0.199384,51.460449],[-0.199037,51.460474],[-0.19855,51.460521],[-0.198177,51.460552],[-0.197972,51.460557],[-0.19758,51.460567]]},"properties":{"category":"rail","kind":"rail","name":null}},{"type":"Feature","id":"way/199857898","geometry":{"type":"LineString","coordinates":[[-0.582902,51.240786],[-0.583068,51.241857],[-0.583087,51.242579],[-0.583035,51.242851],[-0.58289,51.243231],[-0.582545,51.243626],[-0.582171,51.24395],[-0.58162,51.244257],[-0.580901,51.244503],[-0.580289,51.244637],[-0.579491,51.244667],[-0.578972,51.244628],[-0.578449,51.244552],[-0.577805,51.244439],[-0.571229,51.243062],[-0.569763,51.242737],[-0.569301,51.242582],[-0.568983,51.242427],[-0.568717,51.242272],[-0.567666,51.241626],[-0.567335,51.241448],[-0.566756,51.241191],[-0.566265,51.241015],[-0.565686,51.240869],[-0.565163,51.240746],[-0.564565,51.240688],[-0.563851,51.240644],[-0.563323,51.240656],[-0.562529,51.240737],[-0.561759,51.240884],[-0.561287,51.240997],[-0.560731,51.241176],[-0.560339,51.241319],[-0.559849,51.241582],[-0.559573,51.241781],[-0.559307,51.242],[-0.558186,51.243003],[-0.557346,51.243746],[-0.556528,51.244395],[-0.555608,51.245017],[-0.5548,51.245547],[-0.551989,51.247324],[-0.54972,51.248774],[-0.545222,51.251562],[-0.540919,51.254201],[-0.539868,51.254772],[-0.538602,51.25539],[-0.537518,51.25584],[-0.535866,51.256458],[-0.53431,51.257062],[-0.532905,51.257498],[-0.531725,51.257807],[-0.529858,51.258284],[-0.528646,51.258525],[-0.526511,51.258928],[-0.524536,51.259271],[-0.522616,51.259593],[-0.521039,51.259929],[-0.519172,51.260385],[-0.518634,51.260537],[-0.517611,51.26089],[-0.513628,51.262258],[-0.512647,51.262536],[-0.511811,51.262737],[-0.510812,51.262965],[-0.509541,51.263196],[-0.508112,51.26338],[-0.502869,51.264065],[-0.4855,51.266261],[-0.482212,51.266834],[-0.48083,51.267161],[-0.47829,51.267863],[-0.475245,51.268716],[-0.471658,51.269511],[-0.469809,51.269779],[-0.45309,51.27221],[-0.449522,51.2729],[-0.446085,51.273905],[-0.443395,51.274933],[-0.440481,51.276265],[-0.43837,51.277446],[-0.436689,51.278521],[-0.435326,51.279561],[-0.420045,51.291361],[-0.419242,51.291945],[-0.418133,51.292793],[-0.416848,51.293783],[-0.413144,51.296632],[-0.408831,51.299973],[-0.405023,51.302878],[-0.399797,51.306942],[-0.398381,51.308244],[-0.397577,51.309089],[-0.396826,51.309914],[-0.395903,51.311228],[-0.394744,51.313079],[-0.393918,51.314393],[-0.393221,51.315292],[-0.39233,51.31611],[-0.39189,51.316445],[-0.390689,51.317237],[-0.389702,51.317793],[-0.388929,51.318142],[-0.387535,51.318678],[-0.38555,51.319295],[-0.383179,51.319952],[-0.381462,51.320475],[-0.380057,51.321025],[-0.378512,51.321736],[-0.377278,51.322453],[-0.37599,51.323318],[-0.375175,51.324036],[-0.374488,51.3249],[-0.373952,51.325765],[-0.373512,51.326805],[-0.372589,51.329231],[-0.372289,51.329768],[-0.371817,51.330378],[-0.371377,51.330834],[-0.370315,51.331765],[-0.369156,51.332422],[-0.36509,51.334507],[-0.363255,51.335586],[-0.362472,51.336176],[-0.359811,51.338274],[-0.35553,51.342],[-0.354179,51.343381],[-0.353063,51.344701],[-0.352172,51.345847],[-0.351196,51.347422],[-0.35037,51.348943],[-0.349662,51.350605],[-0.349072,51.35232],[-0.348698,51.353936],[-0.348634,51.354284],[-0.34862,51.354434],[-0.348558,51.35502],[-0.348462,51.356293],[-0.348454,51.360021],[-0.348446,51.360309],[-0.348451,51.361614],[-0.348446,51.362292],[-0.348451,51.363404],[-0.348446,51.364],[-0.34844,51.364134],[-0.348414,51.364558],[-0.3484,51.364665],[-0.348349,51.36503],[-0.348293,51.36529],[-0.348239,51.365514],[-0.348102,51.36602],[-0.348027,51.366275],[-0.34785,51.36673],[-0.34762,51.367243],[-0.34741,51.367668],[-0.347121,51.368167],[-0.346751,51.368689],[-0.346284,51.369326],[-0.345141,51.370598],[-0.344106,51.371589],[-0.342982,51.372684],[-0.341276,51.374352],[-0.341016,51.374645],[-0.340764,51.375035],[-0.3406,51.375369],[-0.34052,51.375638],[-0.34048,51.375926],[-0.340439,51.376261],[-0.340463,51.376475],[-0.340512,51.37674],[-0.340584,51.377031],[-0.340726,51.377423],[-0.34096,51.378014],[-0.341182,51.37864],[-0.341223,51.378826],[-0.341236,51.379089],[-0.341214,51.379291],[-0.341174,51.379524],[-0.341078,51.379778],[-0.340944,51.380031],[-0.340807,51.380225],[-0.340539,51.380512],[-0.340324,51.380699],[-0.340118,51.380833],[-0.340072,51.380865],[-0.33971,51.381061],[-0.339442,51.381193],[-0.338978,51.38136],[-0.338514,51.381481],[-0.338192,51.381541],[-0.337634,51.38162],[-0.335282,51.381941],[-0.33445,51.382072],[-0.334139,51.382125],[-0.333712,51.382221],[-0.333292,51.382308],[-0.332785,51.382418],[-0.332552,51.382463],[-0.331935,51.382551]]},"properties":{"category":"rail","kind":"rail","name":"New Guildford Line"}},{"type":"Feature","id":"way/199857899","geometry":{"type":"LineString","coordinates":[[-0.331591,51.382636],[-0.332165,51.382422],[-0.332605,51.382241],[-0.332913,51.382084],[-0.333213,51.381898],[-0.333436,51.381757],[-0.333734,51.381533],[-0.334088,51.381198],[-0.33449,51.38082],[-0.334852,51.380496],[-0.335346,51.380008],[-0.335941,51.379432],[-0.337089,51.378303],[-0.339267,51.376214],[-0.340823,51.37471],[-0.341223,51.374327],[-0.342931,51.372658],[-0.344042,51.371589],[-0.345088,51.370575],[-0.34623,51.369306],[-0.346692,51.368683],[-0.347062,51.368164],[-0.347191,51.367932],[-0.347346,51.367661],[-0.347566,51.367234],[-0.347794,51.366727],[-0.347968,51.366268],[-0.348049,51.366022],[-0.348188,51.365508],[-0.348245,51.365285],[-0.348293,51.365035],[-0.348349,51.364662],[-0.348357,51.364555],[-0.348387,51.364128],[-0.348389,51.364],[-0.348395,51.363401],[-0.348408,51.362279],[-0.3484,51.361301],[-0.348405,51.360075],[-0.348414,51.356294],[-0.348499,51.35501],[-0.348583,51.354435]]},"properties":{"category":"rail","kind":"rail","name":"New Guildford Line"}},{"type":"Feature","id":"way/199857970","geometry":{"type":"LineString","coordinates":[[-0.201535,51.41395],[-0.201256,51.413721],[-0.201085,51.413603],[-0.200687,51.413385],[-0.200339,51.413216],[-0.19996,51.41305],[-0.199783,51.412989],[-0.199406,51.412864],[-0.198993,51.41274],[-0.198524,51.412622],[-0.198084,51.412545],[-0.197701,51.412489],[-0.197403,51.412451],[-0.196855,51.412408],[-0.196468,51.412385],[-0.1961,51.412374],[-0.196025,51.412374],[-0.195378,51.412398],[-0.194943,51.412436],[-0.192492,51.412764],[-0.189082,51.413213],[-0.185867,51.413632],[-0.183321,51.413968]]},"properties":{"category":"rail","kind":"rail","name":null}},{"type":"Feature","id":"way/199857971","geometry":{"type":"LineString","coordinates":[[-0.163203,51.419835],[-0.163006,51.419855],[-0.162646,51.41988],[-0.162313,51.419894]]},"properties":{"category":"rail","kind":"rail","name":null}},{"type":"Feature","id":"way/199857972","geometry":{"type":"LineString","coordinates":[[-0.183321,51.413968],[-0.180986,51.414271],[-0.179302,51.414491],[-0.178305,51.414617],[-0.177002,51.414787],[-0.17578,51.414951],[-0.175192,51.415053],[-0.174527,51.415197],[-0.173973,51.415323],[-0.173476,51.415457],[-0.172818,51.41566],[-0.172422,51.415797],[-0.171959,51.41597],[-0.171397,51.416201],[-0.170986,51.416393],[-0.170451,51.416665],[-0.170064,51.416884],[-0.169614,51.417166],[-0.169001,51.417591],[-0.168513,51.417964],[-0.168106,51.418238],[-0.167961,51.418335],[-0.167522,51.418587],[-0.167232,51.418738],[-0.166747,51.418962],[-0.166425,51.41909],[-0.165979,51.419256],[-0.165551,51.419395],[-0.165057,51.41953],[-0.164622,51.419627],[-0.164038,51.419735],[-0.163556,51.419795],[-0.163203,51.419835]]},"properties":{"category":"rail","kind":"rail","name":null}},{"type":"Feature","id":"way/199857973","geometry":{"type":"LineString","coordinates":[[-0.162178,51.419861],[-0.16274,51.419844],[-0.163166,51.41981]]},"properties":{"category":"rail","kind":"rail","name":null}},{"type":"Feature","id":"way/199857974","geometry":{"type":"LineString","coordinates":[[-0.163166,51.41981],[-0.16351,51.419776],[-0.164001,51.419709],[-0.164609,51.419597],[-0.165055,51.419496],[-0.16554,51.419364],[-0.16596,51.419227],[-0.166392,51.41906],[-0.166756,51.418917],[-0.167225,51.418701],[-0.167507,51.418558],[-0.168056,51.418229],[-0.168474,51.417936],[-0.168947,51.417581],[-0.169577,51.41714],[-0.17004,51.416857],[-0.170427,51.416639],[-0.170947,51.416372],[-0.171336,51.416194],[-0.171786,51.416001],[-0.172204,51.415835],[-0.172792,51.415629],[-0.173461,51.415426],[-0.173967,51.415289],[-0.174508,51.415161],[-0.175172,51.415016],[-0.17615,51.414869],[-0.177522,51.414692],[-0.179451,51.41444],[-0.18319,51.413954],[-0.185406,51.413661],[-0.188942,51.413202],[-0.190655,51.412977],[-0.19271,51.412707],[-0.194889,51.412417],[-0.195371,51.41237],[-0.195646,51.412359],[-0.196033,51.412347],[-0.196483,51.412357],[-0.196855,51.412379],[-0.197418,51.412423],[-0.197695,51.412452],[-0.198093,51.412517],[-0.198554,51.412602],[-0.199,51.412711],[-0.199417,51.412834],[-0.199973,51.413026],[-0.200369,51.4132],[-0.200698,51.413358],[-0.201116,51.413589],[-0.201276,51.413699]]},"properties":{"category":"rail","kind":"rail","name":null}},{"type":"Feature","id":"way/199857975","geometry":{"type":"LineString","coordinates":[[-0.140822,51.419005],[-0.141458,51.418703],[-0.141848,51.418533],[-0.142288,51.418364],[-0.142914,51.418145],[-0.143139,51.418078],[-0.143682,51.417918],[-0.144079,51.417817],[-0.144519,51.417728],[-0.144758,51.417686],[-0.145314,51.417599],[-0.145533,51.417573],[-0.145984,51.417527],[-0.146454,51.417495],[-0.146911,51.417471],[-0.147426,51.417468],[-0.147816,51.417468],[-0.148367,51.417492],[-0.14881,51.417527],[-0.149196,51.417564],[-0.149594,51.417613],[-0.150061,51.417683],[-0.151163,51.417897],[-0.153451,51.41837],[-0.156959,51.41909],[-0.158844,51.419482],[-0.159226,51.419561],[-0.159534,51.41962],[-0.159924,51.41968],[-0.160322,51.419734],[-0.1606,51.419769],[-0.161057,51.419814],[-0.161364,51.419829],[-0.162178,51.419861],[-0.162646,51.41988],[-0.163354,51.419918],[-0.163959,51.419968],[-0.164277,51.419997],[-0.164683,51.420042],[-0.165397,51.42014],[-0.166222,51.420278],[-0.166772,51.420389],[-0.16716,51.420472],[-0.167823,51.420636],[-0.168302,51.420759],[-0.168974,51.420957],[-0.169841,51.421247],[-0.170585,51.421545],[-0.171312,51.421857],[-0.172764,51.422547],[-0.1734,51.42282],[-0.173965,51.423038],[-0.174649,51.423283],[-0.175329,51.423497],[-0.175958,51.42367],[-0.176674,51.423849],[-0.177517,51.424008],[-0.178177,51.424114],[-0.179768,51.42432],[-0.183152,51.424719],[-0.185976,51.425054],[-0.188971,51.425411],[-0.189802,51.4255],[-0.190677,51.42557],[-0.191381,51.425597],[-0.192403,51.42559],[-0.193055,51.425572],[-0.193831,51.425525],[-0.19424,51.425488],[-0.195318,51.425364],[-0.196074,51.425257],[-0.196646,51.425163],[-0.197462,51.424999],[-0.198368,51.424802],[-0.198909,51.424657],[-0.199679,51.424432],[-0.199963,51.424342],[-0.200483,51.424158],[-0.200977,51.423972],[-0.201369,51.423812],[-0.201792,51.423651],[-0.202082,51.423502],[-0.202362,51.423365],[-0.202541,51.423251],[-0.203148,51.422879],[-0.203511,51.422654]]},"properties":{"category":"rail","kind":"rail","name":null}},{"type":"Feature","id":"way/199857976","geometry":{"type":"LineString","coordinates":[[-0.202759,51.42317],[-0.20253,51.423307],[-0.202103,51.423533],[-0.201775,51.423691],[-0.201396,51.423862],[-0.201058,51.423995],[-0.200736,51.424118],[-0.200377,51.424245],[-0.199973,51.424377],[-0.199705,51.424464],[-0.198933,51.424687],[-0.198384,51.424831],[-0.197462,51.425034],[-0.196654,51.425195],[-0.196098,51.42529],[-0.195334,51.425396],[-0.194256,51.42552],[-0.193827,51.425555],[-0.193055,51.425605],[-0.192399,51.425627],[-0.191377,51.425624],[-0.190689,51.425605],[-0.189786,51.42554],[-0.188959,51.425441],[-0.185984,51.425084],[-0.183164,51.424751],[-0.181844,51.424605],[-0.179764,51.424352],[-0.178165,51.424141],[-0.177509,51.424042],[-0.176658,51.423881],[-0.17595,51.423705],[-0.175301,51.423531],[-0.174609,51.423311],[-0.173941,51.423068],[-0.173373,51.422849],[-0.17272,51.422572],[-0.171281,51.42189],[-0.170545,51.421575],[-0.169817,51.421282],[-0.16895,51.420987],[-0.16828,51.420787],[-0.167809,51.420665],[-0.167136,51.420498],[-0.166518,51.420368],[-0.166063,51.420285],[-0.165474,51.420183],[-0.165009,51.420116],[-0.164277,51.42003],[-0.163939,51.419997],[-0.163354,51.419945],[-0.162646,51.419906],[-0.162313,51.419894],[-0.161372,51.419861],[-0.161051,51.419839],[-0.160598,51.419798],[-0.16031,51.419764],[-0.159966,51.419718],[-0.159689,51.419674],[-0.159393,51.419623],[-0.159133,51.419571],[-0.158236,51.419382],[-0.154728,51.418668],[-0.151147,51.41793],[-0.150033,51.417717],[-0.149584,51.417646],[-0.149184,51.417599],[-0.1488,51.417561],[-0.148367,51.417528],[-0.14781,51.417504],[-0.147426,51.417497],[-0.146909,51.417506],[-0.146448,51.417528],[-0.145986,51.417564],[-0.145517,51.417606],[-0.145316,51.417629],[-0.144756,51.417716],[-0.144099,51.417847],[-0.143694,51.417954],[-0.143151,51.418106],[-0.142483,51.418324],[-0.141878,51.418556],[-0.141478,51.418731],[-0.141115,51.418894],[-0.140768,51.419072],[-0.140381,51.419286]]},"properties":{"category":"rail","kind":"rail","name":null}},{"type":"Feature","id":"way/199858314","geometry":{"type":"LineString","coordinates":[[-0.242787,51.387348],[-0.242449,51.388169],[-0.242186,51.388811],[-0.242077,51.389088],[-0.241902,51.389508],[-0.241442,51.390617]]},"properties":{"category":"rail","kind":"rail","name":null}},{"type":"Feature","id":"way/199858323","geometry":{"type":"LineString","coordinates":[[-0.015693,51.466397],[-0.015389,51.466239],[-0.015279,51.466177],[-0.015148,51.466104],[-0.014871,51.465952],[-0.014392,51.465699],[-0.014135,51.465555],[-0.013933,51.465421],[-0.013715,51.465243],[-0.013583,51.465114],[-0.013455,51.46497],[-0.013332,51.464793],[-0.01322,51.464598],[-0.013124,51.46439],[-0.013092,51.464296],[-0.013016,51.464026],[-0.012986,51.46381],[-0.012981,51.463608],[-0.013007,51.463344],[-0.013051,51.463134],[-0.013146,51.462911],[-0.0133,51.462623],[-0.013432,51.462417],[-0.013663,51.462156],[-0.013888,51.461939],[-0.014171,51.461667],[-0.014353,51.461492],[-0.014872,51.460993],[-0.015411,51.460465],[-0.015848,51.460023],[-0.016502,51.459396]]},"properties":{"category":"rail","kind":"rail","name":"Mid-Kent Railway"}},{"type":"Feature","id":"way/199858324","geometry":{"type":"LineString","coordinates":[[-0.010684,51.465199],[-0.012291,51.465424],[-0.012865,51.465519],[-0.01339,51.465631],[-0.014022,51.465781],[-0.014723,51.465984],[-0.015028,51.466095],[-0.015118,51.46613],[-0.015389,51.466239],[-0.01576,51.466386],[-0.015915,51.466448],[-0.018263,51.467385]]},"properties":{"category":"rail","kind":"rail","name":"North Kent Line"}},{"type":"Feature","id":"way/199858326","geometry":{"type":"LineString","coordinates":[[-0.025219,51.467103],[-0.02304,51.467708],[-0.022222,51.467937]]},"properties":{"category":"rail","kind":"rail","name":null}},{"type":"Feature","id":"way/199858327","geometry":{"type":"LineString","coordinates":[[-0.022222,51.467937],[-0.021523,51.468134],[-0.02032,51.468473]]},"properties":{"category":"rail","kind":"rail","name":null}},{"type":"Feature","id":"way/199858965","geometry":{"type":"LineString","coordinates":[[-0.083641,51.517556],[-0.082888,51.517788],[-0.082451,51.518257],[-0.08221,51.518614]]},"properties":{"category":"rail","kind":"subway","name":null}},{"type":"Feature","id":"way/199858966","geometry":{"type":"LineString","coordinates":[[-0.08217,51.518604],[-0.082397,51.518247],[-0.082859,51.51776],[-0.08361,51.517534]]},"properties":{"category":"rail","kind":"subway","name":null}},{"type":"Feature","id":"way/199858967","geometry":{"type":"LineString","coordinates":[[-0.08361,51.517534],[-0.083744,51.517512],[-0.083895,51.517498],[-0.084046,51.517501],[-0.084337,51.517498]]},"properties":{"category":"rail","kind":"subway","name":null}},{"type":"Feature","id":"way/199858968","geometry":{"type":"LineString","coordinates":[[-0.084349,51.517545],[-0.084148,51.517531],[-0.084007,51.517528],[-0.083845,51.517532],[-0.083724,51.517541],[-0.083641,51.517556]]},"properties":{"category":"rail","kind":"subway","name":null}},{"type":"Feature","id":"way/199858969","geometry":{"type":"LineString","coordinates":[[-0.185362,51.49498],[-0.185829,51.495105],[-0.186109,51.495223],[-0.186386,51.495347],[-0.186755,51.49554],[-0.187071,51.495733],[-0.187351,51.495936],[-0.1876,51.496157]]},"properties":{"category":"rail","kind":"subway","name":null}},{"type":"Feature","id":"way/199858970","geometry":{"type":"LineString","coordinates":[[-0.182779,51.49444],[-0.183031,51.494492],[-0.184272,51.494752],[-0.185362,51.49498]]},"properties":{"category":"rail","kind":"subway","name":null}},{"type":"Feature","id":"way/199858971","geometry":{"type":"LineString","coordinates":[[-0.170543,51.494052],[-0.170889,51.49407],[-0.171664,51.494104],[-0.171935,51.49411],[-0.173827,51.494188],[-0.17551,51.49413],[-0.179247,51.493872],[-0.180022,51.493877],[-0.182779,51.49444]]},"properties":{"category":"rail","kind":"subway","name":null}},{"type":"Feature","id":"way/199858972","geometry":{"type":"LineString","coordinates":[[-0.104527,51.520148],[-0.104679,51.520282],[-0.105155,51.52087],[-0.105413,51.521183],[-0.105683,51.521527],[-0.106027,51.521926],[-0.106439,51.522445],[-0.106708,51.522653]]},"properties":{"category":"rail","kind":"subway","name":"Metropolitan Railway"}},{"type":"Feature","id":"way/199858973","geometry":{"type":"LineString","coordinates":[[-0.104587,51.520096],[-0.104751,51.520245],[-0.105234,51.520846],[-0.105465,51.521146],[-0.105741,51.521501],[-0.106072,51.521899],[-0.106135,51.521976],[-0.106516,51.522403],[-0.106757,51.522615]]},"properties":{"category":"rail","kind":"subway","name":"Metropolitan Railway"}},{"type":"Feature","id":"way/199858974","geometry":{"type":"LineString","coordinates":[[-0.101256,51.547331],[-0.101626,51.547438],[-0.101876,51.547533],[-0.102197,51.547678],[-0.102495,51.547833],[-0.102774,51.548026],[-0.102916,51.54814],[-0.103088,51.548295],[-0.103241,51.548453],[-0.10341,51.548682],[-0.103582,51.549004],[-0.104598,51.551104]]},"properties":{"category":"rail","kind":"rail","name":"Canonbury Spur"}},{"type":"Feature","id":"way/199858975","geometry":{"type":"LineString","coordinates":[[-0.104547,51.55111],[-0.103517,51.549007],[-0.103388,51.548764],[-0.103252,51.548555],[-0.103104,51.54838],[-0.102889,51.54818],[-0.10264,51.54798],[-0.102399,51.547826],[-0.10216,51.547701],[-0.101857,51.547564],[-0.101607,51.547458],[-0.10124,51.547356]]},"properties":{"category":"rail","kind":"rail","name":"Canonbury Spur"}},{"type":"Feature","id":"way/199858976","geometry":{"type":"LineString","coordinates":[[-0.10124,51.547356],[-0.10098,51.547296],[-0.10069,51.547249],[-0.100349,51.547207],[-0.100012,51.547184],[-0.099663,51.547184],[-0.09943,51.547194],[-0.099199,51.547211],[-0.098848,51.54726]]},"properties":{"category":"rail","kind":"rail","name":"Canonbury Spur"}},{"type":"Feature","id":"way/199858977","geometry":{"type":"LineString","coordinates":[[-0.099129,51.547194],[-0.099454,51.547156],[-0.100017,51.547156],[-0.100355,51.547174],[-0.100704,51.547217],[-0.101023,51.547277],[-0.101256,51.547331]]},"properties":{"category":"rail","kind":"rail","name":"Canonbury Spur"}},{"type":"Feature","id":"way/199858978","geometry":{"type":"LineString","coordinates":[[-0.106274,51.563566],[-0.106253,51.562862],[-0.106237,51.562674],[-0.106202,51.562432],[-0.106114,51.562117],[-0.105982,51.561665],[-0.105853,51.561198],[-0.105816,51.560948],[-0.105808,51.560596],[-0.105853,51.560324],[-0.105955,51.559961],[-0.106054,51.559717],[-0.106199,51.559437],[-0.106484,51.559015],[-0.10676,51.55862],[-0.106889,51.558391],[-0.106975,51.558195],[-0.10706,51.557933],[-0.107106,51.557676],[-0.107146,51.557463],[-0.107138,51.557229],[-0.107114,51.556952],[-0.107042,51.556692],[-0.106835,51.55612],[-0.106631,51.555632],[-0.106486,51.555315],[-0.106315,51.554966],[-0.106143,51.554596],[-0.105982,51.554259],[-0.105738,51.553744],[-0.105542,51.55334],[-0.105467,51.553128],[-0.105413,51.552965],[-0.105362,51.552803],[-0.105306,51.55265],[-0.105151,51.552328],[-0.104547,51.55111]]},"properties":{"category":"rail","kind":"rail","name":"Canonbury Spur"}},{"type":"Feature","id":"way/199858979","geometry":{"type":"LineString","coordinates":[[-0.104598,51.551104],[-0.105196,51.55232],[-0.105349,51.55264],[-0.105765,51.553514],[-0.106103,51.554197],[-0.106419,51.554848],[-0.106789,51.555597],[-0.107122,51.556285],[-0.107865,51.557798],[-0.108042,51.558151],[-0.108329,51.558748],[-0.108426,51.558987],[-0.108466,51.559234],[-0.108468,51.559475],[-0.108431,51.559696],[-0.108361,51.559931],[-0.108243,51.560216],[-0.10809,51.560479],[-0.1079,51.560734],[-0.107629,51.56105],[-0.107404,51.561338],[-0.10724,51.561595],[-0.107109,51.561835],[-0.106972,51.562175],[-0.106875,51.562597]]},"properties":{"category":"rail","kind":"rail","name":"Canonbury Spur"}},{"type":"Feature","id":"way/199858981","geometry":{"type":"LineString","coordinates":[[-0.01173,51.508033],[-0.010928,51.507715],[-0.010569,51.507625]]},"properties":{"category":"rail","kind":"rail","name":null}},{"type":"Feature","id":"way/199858982","geometry":{"type":"LineString","coordinates":[[-0.155141,51.543117],[-0.155796,51.5432],[-0.156247,51.54329],[-0.157121,51.54338],[-0.157952,51.543424],[-0.158934,51.54342],[-0.159798,51.543357],[-0.160538,51.543224],[-0.161273,51.543063],[-0.161826,51.542973]]},"properties":{"category":"rail","kind":"rail","name":null}},{"type":"Feature","id":"way/199858983","geometry":{"type":"LineString","coordinates":[[-0.030246,51.544378],[-0.029555,51.543755],[-0.029279,51.543507],[-0.028102,51.542131],[-0.027149,51.540958],[-0.026757,51.539935],[-0.026121,51.537298],[-0.02586,51.535788],[-0.025094,51.533882],[-0.023356,51.531098],[-0.023073,51.530617],[-0.022786,51.530128],[-0.022189,51.529286],[-0.021959,51.529018],[-0.021744,51.528818],[-0.021385,51.528408],[-0.020609,51.527358]]},"properties":{"category":"rail","kind":"rail","name":"North London Railway"}},{"type":"Feature","id":"way/199859019","geometry":{"type":"LineString","coordinates":[[-0.105598,51.521029],[-0.10541,51.520786],[-0.10473,51.519978]]},"properties":{"category":"rail","kind":"rail","name":null}},{"type":"Feature","id":"way/199859020","geometry":{"type":"LineString","coordinates":[[-0.104798,51.519965],[-0.105462,51.520772],[-0.105651,51.521014]]},"properties":{"category":"rail","kind":"rail","name":null}},{"type":"Feature","id":"way/199859021","geometry":{"type":"LineString","coordinates":[[-0.089232,51.518184],[-0.090759,51.518704],[-0.091908,51.519309],[-0.092206,51.519509],[-0.092641,51.519688],[-0.09314,51.519828],[-0.093501,51.519903],[-0.093732,51.519943],[-0.093961,51.519961],[-0.09522,51.520056],[-0.096166,51.520107],[-0.096603,51.520107],[-0.097024,51.520103],[-0.097388,51.520112],[-0.097775,51.5201]]},"properties":{"category":"rail","kind":"rail","name":null}},{"type":"Feature","id":"way/199859022","geometry":{"type":"LineString","coordinates":[[-0.097788,51.52017],[-0.096694,51.520155],[-0.096194,51.520142],[-0.095193,51.520087],[-0.093956,51.519996],[-0.093555,51.519946],[-0.0931,51.519858],[-0.092615,51.51972],[-0.092182,51.519536],[-0.091736,51.519258],[-0.090591,51.51876],[-0.089146,51.518257]]},"properties":{"category":"rail","kind":"rail","name":null}},{"type":"Feature","id":"way/199859023","geometry":{"type":"LineString","coordinates":[[-0.046132,51.490468],[-0.046095,51.490289],[-0.046086,51.490162],[-0.046101,51.489661],[-0.04615,51.489105],[-0.046214,51.488787],[-0.046306,51.488485],[-0.046424,51.488223],[-0.046657,51.487827],[-0.046764,51.487667],[-0.046928,51.487451],[-0.047287,51.487082],[-0.048044,51.486387],[-0.0485,51.48596],[-0.048838,51.485619],[-0.049036,51.485368],[-0.049143,51.485201],[-0.049213,51.485019],[-0.049363,51.484271],[-0.049396,51.48387],[-0.049455,51.48299],[-0.049487,51.482642],[-0.049599,51.482352],[-0.049841,51.481938],[-0.04997,51.48175],[-0.050163,51.481553],[-0.050495,51.481276],[-0.050994,51.480979],[-0.051402,51.480788],[-0.051826,51.480641],[-0.052147,51.480551],[-0.052545,51.480371],[-0.053076,51.48003],[-0.053349,51.479786],[-0.053569,51.479564],[-0.053709,51.479392],[-0.053826,51.479231]]},"properties":{"category":"rail","kind":"rail","name":null}},{"type":"Feature","id":"way/199859027","geometry":{"type":"LineString","coordinates":[[-0.041376,51.477389],[-0.041515,51.477579],[-0.041692,51.477818],[-0.042084,51.478338],[-0.042417,51.478787],[-0.042548,51.478996],[-0.042607,51.479101],[-0.042655,51.479218],[-0.042674,51.479338],[-0.042685,51.479455],[-0.042669,51.479951],[-0.042658,51.48032]]},"properties":{"category":"rail","kind":"rail","name":"East London Railway"}},{"type":"Feature","id":"way/199859028","geometry":{"type":"LineString","coordinates":[[-0.042602,51.480312],[-0.042617,51.480173],[-0.042615,51.479951],[-0.042626,51.479565],[-0.04262,51.479442],[-0.042615,51.479318],[-0.042602,51.47921],[-0.042508,51.479016],[-0.042363,51.47879],[-0.041934,51.478221],[-0.041513,51.477649],[-0.041193,51.477195]]},"properties":{"category":"rail","kind":"rail","name":"East London Railway"}},{"type":"Feature","id":"way/199859029","geometry":{"type":"LineString","coordinates":[[-0.053629,51.479565],[-0.053408,51.479789],[-0.0532,51.479979],[-0.053018,51.480117],[-0.052779,51.480273],[-0.052624,51.48036],[-0.052308,51.480504],[-0.052001,51.480629],[-0.051634,51.480744],[-0.051388,51.480838],[-0.051061,51.480987],[-0.050875,51.48109],[-0.050611,51.481253],[-0.050482,51.481341],[-0.050265,51.481521],[-0.050134,51.481648],[-0.050015,51.481772],[-0.049912,51.481898],[-0.049809,51.482073],[-0.049681,51.482281],[-0.049622,51.482426],[-0.049574,51.48255],[-0.049531,51.482745],[-0.049507,51.482965],[-0.0495,51.483202],[-0.049436,51.484623],[-0.049412,51.48477],[-0.049377,51.484932],[-0.049291,51.485163],[-0.049173,51.485365],[-0.048929,51.485741],[-0.048481,51.486178],[-0.047706,51.486927],[-0.047075,51.487515],[-0.046837,51.487793],[-0.046585,51.488154],[-0.046493,51.488306],[-0.046365,51.488657],[-0.046279,51.488984],[-0.046233,51.489403],[-0.046228,51.49025],[-0.046247,51.490614],[-0.046286,51.490877]]},"properties":{"category":"rail","kind":"rail","name":null}},{"type":"Feature","id":"way/199859030","geometry":{"type":"LineString","coordinates":[[-0.043291,51.483865],[-0.043175,51.483716],[-0.043084,51.483615],[-0.042942,51.483491],[-0.042795,51.483379],[-0.042569,51.483235],[-0.042363,51.48313],[-0.042057,51.482985],[-0.0418,51.482868],[-0.041486,51.482743],[-0.041231,51.482644],[-0.040837,51.48252],[-0.040483,51.48244],[-0.040112,51.482373],[-0.039823,51.482333],[-0.039267,51.482295],[-0.038256,51.482233],[-0.037867,51.482196],[-0.037562,51.482155],[-0.037202,51.482079],[-0.03699,51.482021],[-0.036355,51.48181],[-0.036151,51.481719],[-0.03592,51.481598],[-0.035622,51.481406],[-0.03537,51.481216],[-0.035158,51.481029],[-0.034976,51.480842],[-0.034863,51.480718],[-0.034743,51.480533],[-0.034638,51.480349],[-0.034566,51.480175],[-0.034517,51.479935],[-0.034469,51.479626],[-0.034448,51.479405],[-0.034415,51.479213],[-0.034346,51.479016],[-0.034271,51.478889],[-0.034185,51.478755],[-0.034059,51.478575],[-0.033697,51.478072]]},"properties":{"category":"rail","kind":"rail","name":null}},{"type":"Feature","id":"way/199859031","geometry":{"type":"LineString","coordinates":[[-0.034193,51.478475],[-0.034391,51.47871],[-0.034729,51.479126],[-0.034906,51.479373],[-0.035274,51.479829],[-0.03584,51.480549],[-0.036086,51.480865],[-0.036202,51.481004],[-0.036341,51.481142],[-0.036494,51.481276],[-0.036666,51.481391],[-0.036862,51.48151],[-0.037143,51.481652],[-0.037417,51.481772],[-0.037795,51.481906],[-0.038087,51.481979],[-0.038345,51.482043],[-0.039509,51.48224],[-0.040139,51.482348],[-0.040496,51.482412],[-0.040778,51.482474],[-0.041105,51.482564],[-0.041365,51.482656],[-0.041606,51.482748],[-0.042057,51.482945],[-0.04261,51.48322],[-0.042846,51.483364],[-0.042953,51.483437],[-0.043079,51.483531],[-0.043175,51.483626],[-0.043353,51.483838]]},"properties":{"category":"rail","kind":"rail","name":null}},{"type":"Feature","id":"way/199859256","geometry":{"type":"LineString","coordinates":[[-0.428016,51.641066],[-0.426519,51.641043],[-0.425484,51.641016],[-0.424315,51.640957],[-0.421649,51.64077],[-0.419122,51.640657],[-0.418156,51.640667],[-0.416772,51.640713],[-0.415512,51.640837],[-0.414128,51.641023],[-0.412819,51.641259],[-0.410705,51.641795],[-0.408694,51.642365],[-0.407964,51.642584],[-0.407385,51.642761],[-0.406682,51.642997],[-0.405952,51.64327],[-0.405351,51.643512],[-0.404702,51.643814],[-0.403139,51.644583],[-0.401886,51.645214],[-0.401291,51.645522],[-0.400792,51.64577],[-0.400384,51.645981]]},"properties":{"category":"rail","kind":"rail","name":"Watford and Rickmansworth Railway"}},{"type":"Feature","id":"way/199859257","geometry":{"type":"LineString","coordinates":[[-0.395092,51.65032],[-0.394669,51.650908],[-0.394262,51.651297],[-0.393466,51.651811],[-0.391254,51.652982],[-0.390644,51.653431],[-0.39027,51.65391],[-0.390002,51.65452],[-0.389912,51.655196],[-0.389977,51.655716],[-0.391286,51.65909],[-0.391506,51.65956],[-0.39188,51.660134],[-0.392262,51.660609],[-0.393245,51.661638]]},"properties":{"category":"rail","kind":"rail","name":null}},{"type":"Feature","id":"way/199859258","geometry":{"type":"LineString","coordinates":[[-0.467005,51.635849],[-0.465768,51.63649],[-0.465497,51.636625],[-0.465138,51.636782],[-0.464945,51.636865],[-0.464339,51.637088],[-0.463534,51.637361],[-0.462896,51.637531],[-0.462021,51.63774],[-0.461179,51.6379],[-0.460278,51.638007],[-0.459194,51.638067],[-0.458352,51.638107],[-0.457445,51.6381],[-0.456909,51.638063],[-0.456292,51.637994],[-0.455144,51.637817],[-0.452687,51.637497],[-0.451893,51.637414],[-0.451158,51.637371],[-0.450144,51.637338],[-0.449039,51.637381],[-0.448288,51.637471],[-0.447607,51.637594],[-0.447033,51.637724],[-0.4461,51.63797],[-0.444716,51.63837],[-0.444034,51.638573],[-0.443348,51.638759],[-0.442076,51.639122],[-0.440531,51.639528],[-0.439378,51.639801],[-0.437973,51.640091],[-0.436787,51.640291],[-0.435655,51.640487],[-0.434094,51.640697],[-0.432984,51.64081],[-0.431852,51.640903],[-0.430634,51.640983],[-0.429561,51.64103],[-0.428016,51.641066]]},"properties":{"category":"rail","kind":"rail","name":null}},{"type":"Feature","id":"way/199859259","geometry":{"type":"LineString","coordinates":[[-0.395122,51.65021],[-0.395615,51.649545],[-0.396007,51.649085],[-0.396417,51.648656],[-0.396937,51.648203],[-0.397402,51.647791],[-0.397925,51.647338],[-0.398437,51.64698],[-0.398869,51.646735],[-0.399263,51.646522],[-0.400137,51.646063],[-0.400778,51.645745],[-0.401693,51.645271],[-0.402675,51.644776],[-0.402868,51.644697],[-0.403139,51.644583]]},"properties":{"category":"rail","kind":"rail","name":null}},{"type":"Feature","id":"way/199860519","geometry":{"type":"LineString","coordinates":[[-0.010676,51.746827],[-0.012194,51.744881],[-0.014043,51.742429],[-0.015043,51.741029],[-0.016051,51.739323],[-0.017284,51.7369],[-0.018592,51.733811],[-0.019273,51.731804],[-0.019713,51.730138],[-0.019993,51.728836],[-0.022085,51.714869],[-0.023859,51.702709],[-0.024906,51.695768],[-0.026512,51.684761],[-0.027334,51.679318],[-0.028642,51.670607],[-0.029295,51.66621],[-0.030864,51.655584],[-0.031378,51.652415],[-0.031593,51.651354],[-0.032275,51.648839],[-0.033115,51.646724],[-0.034797,51.642881],[-0.036525,51.639195],[-0.038122,51.635827],[-0.040046,51.63178],[-0.041867,51.627931],[-0.043389,51.624719],[-0.044818,51.621605],[-0.046154,51.618717],[-0.047312,51.616235],[-0.048564,51.613726],[-0.049049,51.612581],[-0.050134,51.610088],[-0.051321,51.607376],[-0.05389,51.601912],[-0.056996,51.595311],[-0.05811,51.592942],[-0.058948,51.591078],[-0.059704,51.588774],[-0.060143,51.586779],[-0.060265,51.585738],[-0.060314,51.584592],[-0.060257,51.583606],[-0.059923,51.582156],[-0.059631,51.581307],[-0.059444,51.580843],[-0.058614,51.579327],[-0.057777,51.578215],[-0.057013,51.577341],[-0.056313,51.576664],[-0.054972,51.575623],[-0.05372,51.574759],[-0.05211,51.573814],[-0.049248,51.572439],[-0.047947,51.571818],[-0.045637,51.570797],[-0.040791,51.568536],[-0.040562,51.568438],[-0.037135,51.566766],[-0.033558,51.565063],[-0.033135,51.5648],[-0.032785,51.564482],[-0.031964,51.563678],[-0.031314,51.563233],[-0.030086,51.562389],[-0.029256,51.561909],[-0.028232,51.561434],[-0.026606,51.560747],[-0.025045,51.56012],[-0.023914,51.5597],[-0.020833,51.558254],[-0.019719,51.557739],[-0.018922,51.557456],[-0.016816,51.556768],[-0.015125,51.556182],[-0.013881,51.555646],[-0.013035,51.555211],[-0.009336,51.552688],[-0.007547,51.551632],[-0.006824,51.551197],[-0.006503,51.550928],[-0.006166,51.55064],[-0.005937,51.550387],[-0.005638,51.550044],[-0.005418,51.549769],[-0.004975,51.549159],[-0.0046,51.548549],[-0.004385,51.548136],[-0.004176,51.547656],[-0.004031,51.547249],[-0.003908,51.546872],[-0.00354,51.545818],[-0.003192,51.544762],[-0.003122,51.544523],[-0.003082,51.54424],[-0.003071,51.543836],[-0.003093,51.543578],[-0.003119,51.543424],[-0.003181,51.543166],[-0.003264,51.542929],[-0.003353,51.542715],[-0.0035,51.542433],[-0.003667,51.54219],[-0.003849,51.541998],[-0.003989,51.541858]]},"properties":{"category":"rail","kind":"rail","name":null}},{"type":"Feature","id":"way/199861392","geometry":{"type":"LineString","coordinates":[[-0.108895,51.595125],[-0.109794,51.595427],[-0.111103,51.595918],[-0.112693,51.596546],[-0.114029,51.59709],[-0.115228,51.597578],[-0.115888,51.597861],[-0.11658,51.598196],[-0.116944,51.598391],[-0.117701,51.598854],[-0.11971,51.600097],[-0.120316,51.600467],[-0.120525,51.600602],[-0.120922,51.600843],[-0.121126,51.600978],[-0.121359,51.60114]]},"properties":{"category":"rail","kind":"rail","name":null}},{"type":"Feature","id":"way/199861393","geometry":{"type":"LineString","coordinates":[[-0.120541,51.600657],[-0.120273,51.60049],[-0.119672,51.600118],[-0.117953,51.599054],[-0.117666,51.598877],[-0.11717,51.598562],[-0.116896,51.598401],[-0.116539,51.598211],[-0.115847,51.597884],[-0.115204,51.597608],[-0.11401,51.597116],[-0.112661,51.596563],[-0.111076,51.595938],[-0.109759,51.595452],[-0.108887,51.595154]]},"properties":{"category":"rail","kind":"rail","name":null}},{"type":"Feature","id":"way/199861394","geometry":{"type":"LineString","coordinates":[[-0.108887,51.595154],[-0.1079,51.594823],[-0.106688,51.594423],[-0.105859,51.594145],[-0.104361,51.593598],[-0.100602,51.592006],[-0.095605,51.589881],[-0.09477,51.589528],[-0.093706,51.589073],[-0.093107,51.588815],[-0.091893,51.5883],[-0.090482,51.587696],[-0.090176,51.587553],[-0.08965,51.587291],[-0.089465,51.587181],[-0.089202,51.587023],[-0.08898,51.586886],[-0.088558,51.586596],[-0.088014,51.586223],[-0.087378,51.585777],[-0.087097,51.5856],[-0.086904,51.585495],[-0.086638,51.585362],[-0.086268,51.585205],[-0.086048,51.585125],[-0.085742,51.585022],[-0.085463,51.584938],[-0.085125,51.584847],[-0.084846,51.584792],[-0.084508,51.584732],[-0.084213,51.584688],[-0.0778,51.584005],[-0.077494,51.583958],[-0.07732,51.583923],[-0.077156,51.583882],[-0.076856,51.583788],[-0.076676,51.583718],[-0.076515,51.58365],[-0.076293,51.583523],[-0.076043,51.58337],[-0.07585,51.583197],[-0.075747,51.583078],[-0.075668,51.582981],[-0.075613,51.582913],[-0.075558,51.582825],[-0.075485,51.582683],[-0.075432,51.582568],[-0.0754,51.582443],[-0.075378,51.582339],[-0.075361,51.582184],[-0.075369,51.581998]]},"properties":{"category":"rail","kind":"rail","name":null}},{"type":"Feature","id":"way/199861395","geometry":{"type":"LineString","coordinates":[[-0.075423,51.581983],[-0.075413,51.582127],[-0.075416,51.582287],[-0.075437,51.582413],[-0.075483,51.582553],[-0.075539,51.582682],[-0.075581,51.582762],[-0.075652,51.582892],[-0.075737,51.582994],[-0.07581,51.583077],[-0.075904,51.583178],[-0.076054,51.583307],[-0.076231,51.583438],[-0.076462,51.583578],[-0.076617,51.58366],[-0.076894,51.583765],[-0.07721,51.583858],[-0.077508,51.583925],[-0.077693,51.583953],[-0.077808,51.583973],[-0.084299,51.584665],[-0.084594,51.584708],[-0.084954,51.584778],[-0.085187,51.584828],[-0.085485,51.584908],[-0.085745,51.584983],[-0.086043,51.585085],[-0.086263,51.585167],[-0.086582,51.585297],[-0.086871,51.585433],[-0.087102,51.585553],[-0.087325,51.5857],[-0.087612,51.585892],[-0.088333,51.586387],[-0.088607,51.586585],[-0.089017,51.586866],[-0.089277,51.587023],[-0.089578,51.587195],[-0.089715,51.58728],[-0.09013,51.587491],[-0.090514,51.587673],[-0.091919,51.588271],[-0.092405,51.588471],[-0.093148,51.588793],[-0.093767,51.589055],[-0.094805,51.589504],[-0.09565,51.589866],[-0.100639,51.591981],[-0.103713,51.593292],[-0.104392,51.593575],[-0.10514,51.593854],[-0.105891,51.59412],[-0.106696,51.594387],[-0.108895,51.595125]]},"properties":{"category":"rail","kind":"rail","name":null}},{"type":"Feature","id":"way/199861396","geometry":{"type":"LineString","coordinates":[[-0.073136,51.580254],[-0.073511,51.580239],[-0.07375,51.580239],[-0.073887,51.580247],[-0.07408,51.580268],[-0.074228,51.580292],[-0.074367,51.580326],[-0.074494,51.580364],[-0.074598,51.580397],[-0.074713,51.580444],[-0.074824,51.580494],[-0.074927,51.580551],[-0.075007,51.580598],[-0.075106,51.580672],[-0.075182,51.580741],[-0.075271,51.580824],[-0.075332,51.580895],[-0.075389,51.580971],[-0.075433,51.581051],[-0.075476,51.581146],[-0.075507,51.581232],[-0.075531,51.581325],[-0.075549,51.581393],[-0.075548,51.581484],[-0.075542,51.581582]]},"properties":{"category":"rail","kind":"rail","name":null}},{"type":"Feature","id":"way/199861397","geometry":{"type":"LineString","coordinates":[[-0.075491,51.581587],[-0.075501,51.581468],[-0.075494,51.581362],[-0.075476,51.581276],[-0.07544,51.581162],[-0.075384,51.581047],[-0.075322,51.580954],[-0.075239,51.580847],[-0.075141,51.580752],[-0.075062,51.580683],[-0.07496,51.580612],[-0.074851,51.580548],[-0.074718,51.580485],[-0.074595,51.580432],[-0.074469,51.58039],[-0.074343,51.580352],[-0.07419,51.580319],[-0.074073,51.580301],[-0.073932,51.580284],[-0.073778,51.580272],[-0.073557,51.58027],[-0.073384,51.580272],[-0.073125,51.580285]]},"properties":{"category":"rail","kind":"rail","name":null}},{"type":"Feature","id":"way/199861398","geometry":{"type":"LineString","coordinates":[[-0.061256,51.624989],[-0.061216,51.625159],[-0.061181,51.625354],[-0.061165,51.62552],[-0.061165,51.625718],[-0.061176,51.625892],[-0.061211,51.626096],[-0.061264,51.626308],[-0.061331,51.626514],[-0.061447,51.626766],[-0.061597,51.627044],[-0.061887,51.627523],[-0.062112,51.627921],[-0.062281,51.628237],[-0.062442,51.628556],[-0.062673,51.629047],[-0.062796,51.629285],[-0.062866,51.629411],[-0.063126,51.629843],[-0.063433,51.63033],[-0.063708,51.630777],[-0.063995,51.631244],[-0.064098,51.631432],[-0.064233,51.631707],[-0.06438,51.632011],[-0.064561,51.632453],[-0.064676,51.632779],[-0.064765,51.633066],[-0.064851,51.633434],[-0.064909,51.63372],[-0.064979,51.634173],[-0.065009,51.634524],[-0.065025,51.63497],[-0.065044,51.635129],[-0.065076,51.635358],[-0.065121,51.635585],[-0.06518,51.635834],[-0.065237,51.636016],[-0.065325,51.636289],[-0.065411,51.636505],[-0.065556,51.636805],[-0.065642,51.636961],[-0.06576,51.637168],[-0.065902,51.637403],[-0.066162,51.63776],[-0.06642,51.638063],[-0.067168,51.638962],[-0.069987,51.642316],[-0.071022,51.643551],[-0.072986,51.64589],[-0.073501,51.646502],[-0.073908,51.646985]]},"properties":{"category":"rail","kind":"rail","name":null}},{"type":"Feature","id":"way/199861399","geometry":{"type":"LineString","coordinates":[[-0.06271,51.629223],[-0.062587,51.628967],[-0.062402,51.628566],[-0.062198,51.628178],[-0.062056,51.627921],[-0.061581,51.627104],[-0.061452,51.626867],[-0.061286,51.626534],[-0.061216,51.626334],[-0.061171,51.626168],[-0.061138,51.625996],[-0.06112,51.625812],[-0.061117,51.625588],[-0.061128,51.625369],[-0.061162,51.625154],[-0.061209,51.624981]]},"properties":{"category":"rail","kind":"rail","name":null}},{"type":"Feature","id":"way/199861400","geometry":{"type":"LineString","coordinates":[[-0.072771,51.565183],[-0.072546,51.565028],[-0.072277,51.564816],[-0.072047,51.564619],[-0.071899,51.56449],[-0.071698,51.564298],[-0.071481,51.564051],[-0.071323,51.563866],[-0.071237,51.563749],[-0.071081,51.563531],[-0.070995,51.563394],[-0.070872,51.563194],[-0.070652,51.562794],[-0.070566,51.56265],[-0.069963,51.561537],[-0.069888,51.5614],[-0.06831,51.558503],[-0.065856,51.554032],[-0.065762,51.553864],[-0.065631,51.553647],[-0.065481,51.553437],[-0.065374,51.553282],[-0.065207,51.553067],[-0.065073,51.552915],[-0.064934,51.552766],[-0.064582,51.55244],[-0.064362,51.552251],[-0.06407,51.552026],[-0.063662,51.551754],[-0.063386,51.551591],[-0.062378,51.55097],[-0.062115,51.55079],[-0.061911,51.550622],[-0.061777,51.550481],[-0.061656,51.550351],[-0.061533,51.55019],[-0.061447,51.55005],[-0.061364,51.549856],[-0.061264,51.549574],[-0.061211,51.549367],[-0.061146,51.549219],[-0.061095,51.549122],[-0.060688,51.548525],[-0.06046,51.548198],[-0.060216,51.547835],[-0.060047,51.547588],[-0.059824,51.547261],[-0.059556,51.546832],[-0.059473,51.546695],[-0.059212,51.546258],[-0.059068,51.545998],[-0.058985,51.545825],[-0.058778,51.545371],[-0.058625,51.545024],[-0.058282,51.544258],[-0.057973,51.543546],[-0.057877,51.543298],[-0.057828,51.543166],[-0.057791,51.543029],[-0.057759,51.542922],[-0.057716,51.542719],[-0.057692,51.542542],[-0.057684,51.54236],[-0.057684,51.542208],[-0.057697,51.542038],[-0.057756,51.541623],[-0.057901,51.540932],[-0.058113,51.540096],[-0.058212,51.539709],[-0.058233,51.539587],[-0.058268,51.539369],[-0.058287,51.539139],[-0.058292,51.53894],[-0.058295,51.53866],[-0.058284,51.538363],[-0.058266,51.538011],[-0.058217,51.53724],[-0.058134,51.53575],[-0.058099,51.535166],[-0.058059,51.534844],[-0.05793,51.5339],[-0.057866,51.533443],[-0.05782,51.533186],[-0.057764,51.532979],[-0.057651,51.532592],[-0.057552,51.532288],[-0.057469,51.532076],[-0.057356,51.531809],[-0.057228,51.531519],[-0.057163,51.53138],[-0.057083,51.531177],[-0.057037,51.531057],[-0.056951,51.530806],[-0.05686,51.530461],[-0.056632,51.529657],[-0.05656,51.529405],[-0.056514,51.52921],[-0.056468,51.528949],[-0.056334,51.528042],[-0.056302,51.527853],[-0.056292,51.527693],[-0.056289,51.527306],[-0.056302,51.526563],[-0.05631,51.525931],[-0.056316,51.525714],[-0.056326,51.525609],[-0.056364,51.525465],[-0.056415,51.525298],[-0.056444,51.525236],[-0.056506,51.525128],[-0.056662,51.524936],[-0.056801,51.524796],[-0.056978,51.524636],[-0.057142,51.524529],[-0.057319,51.524435],[-0.057466,51.524362],[-0.057716,51.524259],[-0.057957,51.524173],[-0.058174,51.524112],[-0.058368,51.524072],[-0.058692,51.524012],[-0.058909,51.523983],[-0.059151,51.523961],[-0.060505,51.523848],[-0.061519,51.523776],[-0.063182,51.523706]]},"properties":{"category":"rail","kind":"rail","name":null}},{"type":"Feature","id":"way/199861401","geometry":{"type":"LineString","coordinates":[[-0.063179,51.523739],[-0.062238,51.523781],[-0.061549,51.523806],[-0.0605,51.523875],[-0.058875,51.524012],[-0.058354,51.524105],[-0.058118,51.524163],[-0.057909,51.524225],[-0.05771,51.524297],[-0.05755,51.52437],[-0.057303,51.524482],[-0.05708,51.524622],[-0.056941,51.524722],[-0.056804,51.524856],[-0.05668,51.524984],[-0.05656,51.525145],[-0.056468,51.525286],[-0.05641,51.525482],[-0.056383,51.525612],[-0.056367,51.52571],[-0.056364,51.525927],[-0.056353,51.526568],[-0.056345,51.527324],[-0.056337,51.527584],[-0.056353,51.527811],[-0.056383,51.52805],[-0.056528,51.528933],[-0.056571,51.529216],[-0.05668,51.52963],[-0.056914,51.530449],[-0.05701,51.530813],[-0.057083,51.531048],[-0.057128,51.531169],[-0.057211,51.531371],[-0.057268,51.531501],[-0.057402,51.531803],[-0.05752,51.532073],[-0.057598,51.532286],[-0.057735,51.532682],[-0.057788,51.532877],[-0.057869,51.533179],[-0.057914,51.533431],[-0.057976,51.533895],[-0.05811,51.534846],[-0.058145,51.535166],[-0.058185,51.535752],[-0.058266,51.537225],[-0.058314,51.538021],[-0.05833,51.538358],[-0.058349,51.538657],[-0.058338,51.538933],[-0.058333,51.539125],[-0.058319,51.539357],[-0.058282,51.539581],[-0.05826,51.539716],[-0.058158,51.5401],[-0.057954,51.540932],[-0.057796,51.541628],[-0.057735,51.542091],[-0.057735,51.542231],[-0.057737,51.542362],[-0.057748,51.542529],[-0.057775,51.542717],[-0.057804,51.542882],[-0.05785,51.543051],[-0.057909,51.543247],[-0.05803,51.543548],[-0.058335,51.544252],[-0.058673,51.545025],[-0.058824,51.545363],[-0.058987,51.545725],[-0.0591,51.545958],[-0.059253,51.546242],[-0.05952,51.546689],[-0.059652,51.546917],[-0.059773,51.547096],[-0.059864,51.547241],[-0.060092,51.547574],[-0.06031,51.5479],[-0.060728,51.548518],[-0.061042,51.548972],[-0.061154,51.549134],[-0.061203,51.549234],[-0.061254,51.549351],[-0.061315,51.549546],[-0.061398,51.549826],[-0.061482,51.549996],[-0.061581,51.550163],[-0.061707,51.550348],[-0.061809,51.550457],[-0.061983,51.550628],[-0.06219,51.550797],[-0.062388,51.550932],[-0.062587,51.551054],[-0.063603,51.551676],[-0.064014,51.551931],[-0.064164,51.552048],[-0.06444,51.552259],[-0.064735,51.552523],[-0.065035,51.55281],[-0.065197,51.553],[-0.065333,51.55316],[-0.065524,51.553424],[-0.065642,51.55358],[-0.065797,51.553832],[-0.065902,51.554022],[-0.068353,51.558485],[-0.069922,51.56137],[-0.069998,51.5615],[-0.070218,51.561895],[-0.070631,51.562655],[-0.070703,51.562795],[-0.070789,51.562947],[-0.070939,51.563221],[-0.071044,51.563382],[-0.071116,51.563507],[-0.071288,51.563744],[-0.071416,51.563909],[-0.071583,51.564096],[-0.071744,51.564276],[-0.07188,51.564406],[-0.072009,51.564531],[-0.0722,51.5647],[-0.072538,51.564965],[-0.072806,51.565158]]},"properties":{"category":"rail","kind":"rail","name":null}},{"type":"Feature","id":"way/199861402","geometry":{"type":"LineString","coordinates":[[-0.072806,51.565158],[-0.073358,51.56551],[-0.073637,51.5657],[-0.074418,51.566197],[-0.074788,51.566429],[-0.075536,51.566915],[-0.075864,51.567132],[-0.076438,51.567521],[-0.076652,51.567694],[-0.076899,51.567896],[-0.077116,51.568101],[-0.077229,51.568211],[-0.077387,51.568382],[-0.077596,51.568623],[-0.077733,51.568798],[-0.077835,51.568948],[-0.077924,51.569076],[-0.077969,51.569176],[-0.078092,51.569406],[-0.078133,51.569511],[-0.0782,51.569665],[-0.078286,51.569876],[-0.078331,51.570028],[-0.078353,51.570091],[-0.078396,51.57028],[-0.078438,51.570481],[-0.078471,51.570675],[-0.078473,51.570847],[-0.078476,51.571032],[-0.078463,51.571168],[-0.078452,51.571312],[-0.078422,51.571564],[-0.078406,51.571685],[-0.078363,51.571858],[-0.078299,51.572102],[-0.078245,51.572265],[-0.078189,51.572419],[-0.078103,51.572602],[-0.077996,51.572859],[-0.077913,51.572997],[-0.077811,51.573154],[-0.077626,51.573426],[-0.0774,51.573686],[-0.076896,51.574254],[-0.076161,51.575088],[-0.07596,51.575324],[-0.075834,51.575504],[-0.075711,51.575691],[-0.075536,51.575973],[-0.075469,51.576099],[-0.075408,51.576238],[-0.075367,51.576351],[-0.0753,51.576578],[-0.07526,51.576826],[-0.075244,51.576951],[-0.075231,51.577111],[-0.075209,51.577285],[-0.07522,51.577441],[-0.075223,51.577578],[-0.075255,51.577776],[-0.075316,51.578033],[-0.075501,51.578776],[-0.075652,51.579417],[-0.075703,51.579675],[-0.07573,51.579888],[-0.075746,51.580142],[-0.075743,51.580393],[-0.075724,51.580726],[-0.075692,51.580957],[-0.07566,51.581163],[-0.075542,51.581582],[-0.075461,51.581858],[-0.075423,51.581983],[-0.075361,51.582184],[-0.075279,51.582453],[-0.075215,51.582717],[-0.075148,51.583015],[-0.075105,51.58332],[-0.075086,51.583575],[-0.07507,51.584557],[-0.075059,51.58606],[-0.075048,51.587335],[-0.07504,51.588073],[-0.075037,51.588493],[-0.075005,51.588705],[-0.074979,51.588826],[-0.074901,51.589108],[-0.074828,51.589275],[-0.074729,51.589486],[-0.074643,51.589636],[-0.07448,51.589879],[-0.074329,51.590073],[-0.074171,51.590261],[-0.073983,51.590451],[-0.073814,51.590603],[-0.073691,51.590711],[-0.073509,51.590849],[-0.07323,51.591039],[-0.072449,51.591546],[-0.071256,51.592332],[-0.071044,51.592497],[-0.070832,51.592672],[-0.070657,51.592842],[-0.070531,51.592982],[-0.070419,51.593114],[-0.070298,51.593277],[-0.070188,51.593459],[-0.070099,51.593625],[-0.070041,51.593735],[-0.06996,51.59394],[-0.069904,51.594135],[-0.069861,51.594332],[-0.069842,51.594492],[-0.069837,51.594677],[-0.069842,51.594758],[-0.069853,51.594902],[-0.069882,51.595082],[-0.069931,51.595278],[-0.069987,51.595463],[-0.070067,51.59567],[-0.070244,51.596176],[-0.070306,51.5964],[-0.070346,51.596583],[-0.070405,51.596894],[-0.070429,51.597119],[-0.070443,51.597409],[-0.070448,51.597653],[-0.070443,51.597829],[-0.07036,51.599684],[-0.070352,51.599905],[-0.07036,51.600177],[-0.070387,51.60078],[-0.070488,51.601476],[-0.070564,51.601979],[-0.070662,51.602585],[-0.071087,51.605317],[-0.071122,51.605906],[-0.071105,51.606294],[-0.071065,51.606672],[-0.070939,51.60729],[-0.070757,51.607906],[-0.070623,51.608201],[-0.070467,51.608513],[-0.069574,51.610313],[-0.068304,51.612825],[-0.067758,51.613916],[-0.06766,51.614089],[-0.06694,51.615319],[-0.064057,51.620135],[-0.062305,51.623069],[-0.061495,51.624436],[-0.061353,51.624709],[-0.061256,51.624989]]},"properties":{"category":"rail","kind":"rail","name":null}},{"type":"Feature","id":"way/199861403","geometry":{"type":"LineString","coordinates":[[-0.061209,51.624981],[-0.061305,51.624706],[-0.061439,51.624431],[-0.06208,51.623354],[-0.06401,51.620127],[-0.066888,51.615311],[-0.067614,51.614081],[-0.067704,51.613911],[-0.068254,51.612819],[-0.069517,51.61031],[-0.070301,51.608743],[-0.070566,51.608206],[-0.070698,51.607913],[-0.07088,51.607292],[-0.071012,51.606669],[-0.071054,51.606297],[-0.07107,51.605896],[-0.071041,51.605321],[-0.070837,51.604003],[-0.070614,51.602587],[-0.070521,51.601979],[-0.070411,51.601355],[-0.070344,51.60079],[-0.070311,51.600183],[-0.070303,51.599967],[-0.070311,51.599683],[-0.070395,51.597798],[-0.070397,51.597606],[-0.070389,51.597281],[-0.070378,51.597098],[-0.070341,51.59682],[-0.070317,51.59666],[-0.070242,51.596336],[-0.070175,51.596121],[-0.070105,51.595908],[-0.069957,51.595522],[-0.069925,51.595425],[-0.069866,51.595213],[-0.069815,51.594987],[-0.069791,51.594758],[-0.069788,51.594602],[-0.069794,51.59445],[-0.069821,51.594299],[-0.069853,51.59414],[-0.069915,51.593934],[-0.069998,51.593719],[-0.070094,51.593534],[-0.070185,51.593374],[-0.070287,51.593222],[-0.070411,51.59306],[-0.070537,51.592911],[-0.07073,51.592712],[-0.070904,51.592559],[-0.071052,51.592437],[-0.071457,51.592151],[-0.072401,51.591536],[-0.073348,51.590918],[-0.073493,51.590819],[-0.073672,51.590678],[-0.073876,51.590498],[-0.07412,51.590251],[-0.07427,51.590079],[-0.074437,51.589854],[-0.074579,51.589651],[-0.074665,51.589491],[-0.074775,51.58928],[-0.074842,51.589101],[-0.07493,51.588826],[-0.074957,51.588706],[-0.074981,51.58851],[-0.074989,51.588321],[-0.074995,51.58808],[-0.075,51.587335],[-0.075008,51.586061],[-0.075021,51.58469],[-0.075027,51.583853],[-0.075027,51.583578],[-0.075054,51.583342],[-0.075078,51.583168],[-0.075123,51.582892],[-0.075206,51.582512],[-0.075369,51.581998],[-0.07541,51.581867],[-0.075491,51.581587],[-0.075549,51.581393],[-0.075561,51.581353],[-0.075622,51.581115],[-0.075671,51.580792],[-0.075703,51.580301],[-0.075692,51.58001],[-0.075662,51.579797],[-0.075617,51.579487],[-0.075445,51.578776],[-0.07522,51.577795],[-0.075196,51.577688],[-0.075172,51.577533],[-0.075163,51.577361],[-0.075166,51.577176],[-0.07519,51.576948],[-0.075217,51.57676],[-0.075257,51.576538],[-0.075316,51.576346],[-0.07537,51.576214],[-0.075429,51.576073],[-0.075654,51.575694],[-0.075794,51.575473],[-0.075925,51.575286],[-0.076108,51.575084],[-0.076853,51.574237],[-0.077371,51.573652],[-0.077583,51.573394],[-0.077773,51.573135],[-0.077899,51.572924],[-0.078034,51.572635],[-0.078138,51.572409],[-0.078184,51.572255],[-0.078245,51.572089],[-0.078315,51.571845],[-0.078353,51.571669],[-0.078369,51.571567],[-0.078398,51.571323],[-0.078409,51.571175],[-0.07842,51.571053],[-0.078417,51.570917],[-0.078422,51.570805],[-0.078414,51.570653],[-0.078377,51.570455],[-0.07835,51.570313],[-0.078302,51.570105],[-0.078243,51.569918],[-0.078151,51.569686],[-0.078079,51.569523],[-0.078036,51.569408],[-0.077934,51.569203],[-0.077859,51.569076],[-0.077755,51.568914],[-0.077596,51.568703],[-0.07746,51.568538],[-0.077341,51.568401],[-0.077202,51.568258],[-0.077063,51.568109],[-0.076896,51.567957],[-0.07662,51.567711],[-0.076392,51.567542],[-0.075829,51.567149],[-0.075531,51.56696],[-0.074742,51.566452],[-0.074426,51.566249],[-0.073581,51.565707],[-0.073321,51.565535],[-0.072771,51.565183]]},"properties":{"category":"rail","kind":"rail","name":null}},{"type":"Feature","id":"way/199861551","geometry":{"type":"LineString","coordinates":[[9.7e-05,51.609777],[-4e-05,51.609221],[-0.000215,51.608568],[-0.000389,51.607897],[-0.000587,51.607147],[-0.000842,51.606386],[-0.001167,51.605596],[-0.002167,51.603251],[-0.00298,51.601285],[-0.003068,51.601011],[-0.00313,51.6008],[-0.003264,51.600292],[-0.003345,51.599939],[-0.003406,51.599522],[-0.00346,51.598982],[-0.00349,51.598649],[-0.003487,51.598212],[-0.003474,51.597801],[-0.003449,51.597479],[-0.003423,51.597223],[-0.003377,51.596923],[-0.003253,51.596415],[-0.003154,51.596036],[-0.002926,51.59543],[-0.002752,51.595027],[-0.00257,51.594657],[-0.002379,51.594322],[-0.002232,51.594087],[-0.002022,51.593777],[-0.001658,51.593246],[-0.001427,51.592892],[-0.001242,51.592524],[-0.001126,51.592291],[-0.000963,51.591896],[-0.000845,51.591601],[-0.000746,51.591307],[-0.000636,51.590893],[-0.000421,51.590051],[-0.000354,51.589766],[-0.000316,51.589435],[-0.000314,51.589214],[-0.000343,51.589028],[-0.0004,51.588716],[-0.000451,51.588526],[-0.000536,51.588308],[-0.000636,51.588116],[-0.000791,51.587895],[-0.001014,51.587646],[-0.001239,51.58741],[-0.001446,51.587226],[-0.001674,51.587028],[-0.001864,51.586881],[-0.002167,51.58669],[-0.00261,51.58645],[-0.00298,51.58628],[-0.003404,51.586106],[-0.00371,51.586005],[-0.004069,51.585901],[-0.004493,51.585803],[-0.005507,51.58561],[-0.006263,51.585465],[-0.00647,51.585423],[-0.00683,51.585338],[-0.007162,51.585236],[-0.007468,51.585126],[-0.007724,51.585029],[-0.008032,51.584893],[-0.008333,51.584741],[-0.008662,51.584562],[-0.008947,51.584435],[-0.009286,51.584309],[-0.009665,51.584198],[-0.00992,51.584131],[-0.010399,51.584032],[-0.01137,51.583841],[-0.011907,51.583759],[-0.012732,51.583671],[-0.015189,51.583404],[-0.019477,51.582931],[-0.021849,51.582674],[-0.023477,51.582494],[-0.025282,51.582296],[-0.026845,51.582122],[-0.0278,51.582017],[-0.028949,51.581879],[-0.029362,51.581813],[-0.03006,51.581683],[-0.030839,51.581524],[-0.031437,51.581378],[-0.0321,51.581188],[-0.032517,51.581059],[-0.032993,51.580893],[-0.033474,51.580713],[-0.033992,51.580494],[-0.03447,51.580275],[-0.034984,51.580016],[-0.036099,51.579419],[-0.038682,51.578032],[-0.042255,51.576124],[-0.043788,51.575298],[-0.044307,51.57499],[-0.044969,51.574574],[-0.04503,51.574534],[-0.045155,51.57443],[-0.045273,51.574332],[-0.045391,51.57423],[-0.045514,51.574111],[-0.0456,51.574019],[-0.045717,51.573886],[-0.0458,51.573785],[-0.04587,51.573682],[-0.045964,51.573528],[-0.046025,51.573416],[-0.046095,51.573274],[-0.046131,51.573171],[-0.046176,51.573004],[-0.0462,51.572904],[-0.046216,51.57282],[-0.046235,51.572678],[-0.046243,51.572557],[-0.04624,51.572446],[-0.046226,51.572344],[-0.046213,51.572199],[-0.046186,51.572053],[-0.046156,51.571936],[-0.046118,51.571813],[-0.046086,51.571739],[-0.046009,51.571593],[-0.045942,51.571484],[-0.045867,51.571379],[-0.045736,51.571207],[-0.045577,51.571037],[-0.045453,51.570916],[-0.045355,51.570834],[-0.04519,51.570731],[-0.045046,51.570633],[-0.044829,51.570513],[-0.044641,51.570417],[-0.041887,51.569145],[-0.041234,51.568843],[-0.041106,51.568777],[-0.040855,51.568617],[-0.040562,51.568438]]},"properties":{"category":"rail","kind":"rail","name":null}},{"type":"Feature","id":"way/199861552","geometry":{"type":"LineString","coordinates":[[-0.040791,51.568536],[-0.041062,51.568696],[-0.041277,51.568821],[-0.041915,51.569118],[-0.044184,51.570163],[-0.044678,51.570391],[-0.0449,51.570513],[-0.045091,51.570617],[-0.045332,51.570773],[-0.045463,51.570878],[-0.045681,51.571068],[-0.045791,51.571198],[-0.045949,51.571398],[-0.046051,51.571567],[-0.046153,51.571772],[-0.046231,51.572035],[-0.046271,51.572265],[-0.046298,51.572445],[-0.046295,51.572665],[-0.04626,51.572901],[-0.046198,51.573124],[-0.04615,51.573262],[-0.046048,51.573476],[-0.045954,51.573641],[-0.045834,51.573822],[-0.045701,51.573973],[-0.045603,51.57408],[-0.04545,51.574229],[-0.045318,51.574349],[-0.045203,51.574451],[-0.045096,51.574537],[-0.045005,51.574596],[-0.044342,51.575013],[-0.043822,51.575321],[-0.042288,51.576148],[-0.038715,51.578056],[-0.036132,51.579443],[-0.035016,51.58004],[-0.034501,51.5803],[-0.034021,51.58052],[-0.033501,51.58074],[-0.033018,51.58092],[-0.032541,51.581087],[-0.032122,51.581217],[-0.031457,51.581407],[-0.030856,51.581553],[-0.030076,51.581713],[-0.029376,51.581843],[-0.02896,51.58191],[-0.027809,51.582048],[-0.026854,51.582153],[-0.025291,51.582327],[-0.023485,51.582525],[-0.021857,51.582705],[-0.019486,51.582962],[-0.015197,51.583435],[-0.012741,51.583702],[-0.011917,51.58379],[-0.011383,51.583872],[-0.010415,51.584062],[-0.009938,51.58416],[-0.009685,51.584227],[-0.00931,51.584337],[-0.008975,51.584462],[-0.008693,51.584587],[-0.008366,51.584765],[-0.008063,51.584918],[-0.007752,51.585055],[-0.007494,51.585153],[-0.007186,51.585263],[-0.006853,51.585367],[-0.006601,51.58543],[-0.006278,51.585495]]},"properties":{"category":"rail","kind":"rail","name":null}},{"type":"Feature","id":"way/199861553","geometry":{"type":"LineString","coordinates":[[-0.006278,51.585495],[-0.005522,51.58564],[-0.004509,51.585833],[-0.004088,51.585931],[-0.003732,51.586033],[-0.00343,51.586134],[-0.003009,51.586306],[-0.002642,51.586474],[-0.002202,51.586713],[-0.001902,51.586902],[-0.001714,51.587047],[-0.001487,51.587245],[-0.001282,51.587427],[-0.001074,51.58765],[-0.000877,51.587929],[-0.000731,51.588181],[-0.00065,51.588353],[-0.000532,51.588658],[-0.000487,51.588866],[-0.000463,51.589025],[-0.00044,51.589213],[-0.000442,51.58939],[-0.000493,51.589764],[-0.000549,51.59005],[-0.000761,51.590884],[-0.00094,51.591565],[-0.000999,51.591754],[-0.001047,51.591913],[-0.001175,51.592282],[-0.00129,51.592515],[-0.001475,51.592882],[-0.001704,51.593233],[-0.002069,51.593765],[-0.002279,51.594075],[-0.002427,51.594311],[-0.002618,51.594647],[-0.002801,51.595018],[-0.002975,51.595422],[-0.003204,51.59603],[-0.003304,51.59641],[-0.003427,51.596919],[-0.003473,51.59722],[-0.0035,51.597478],[-0.003524,51.5978],[-0.003537,51.598212],[-0.00354,51.59865],[-0.003511,51.598984],[-0.003457,51.599524],[-0.003395,51.599942],[-0.003314,51.600296],[-0.00318,51.600805],[-0.003118,51.601017],[-0.003029,51.601292],[-0.002216,51.603258],[-0.001216,51.605604],[-0.000892,51.606393],[-0.000637,51.607153],[-0.000439,51.607902],[-0.000264,51.608573],[-9e-05,51.609226],[4.6e-05,51.609782]]},"properties":{"category":"rail","kind":"rail","name":null}},{"type":"Feature","id":"way/199861554","geometry":{"type":"LineString","coordinates":[[-0.073855,51.646992],[-0.073458,51.646514],[-0.072945,51.645905],[-0.070977,51.643566],[-0.069944,51.642331],[-0.067128,51.638976],[-0.066328,51.638017],[-0.066116,51.637774],[-0.065899,51.637484],[-0.065779,51.637279],[-0.065634,51.63704],[-0.065529,51.636863],[-0.065379,51.636558],[-0.065277,51.636299],[-0.065207,51.636082],[-0.065145,51.635899],[-0.06507,51.635595],[-0.065025,51.635357],[-0.064995,51.635134],[-0.064974,51.634944],[-0.064968,51.634779],[-0.06496,51.634524],[-0.064928,51.634195],[-0.064875,51.633842],[-0.064783,51.633349],[-0.064689,51.633009],[-0.06462,51.632778],[-0.064523,51.632495],[-0.064421,51.63224],[-0.064311,51.631974],[-0.064188,51.631722],[-0.064065,51.631486],[-0.063949,51.631273],[-0.063528,51.630577],[-0.063094,51.629871],[-0.062866,51.629491],[-0.06271,51.629223],[-0.06252,51.628935],[-0.062369,51.628705],[-0.062053,51.628194],[-0.06171,51.627635],[-0.061012,51.626521],[-0.060567,51.625798],[-0.0601,51.625049],[-0.059556,51.624171],[-0.059092,51.623449],[-0.058896,51.623164],[-0.058496,51.622648],[-0.058166,51.62228],[-0.057799,51.621903],[-0.057536,51.621642],[-0.057271,51.621394],[-0.056762,51.62097],[-0.05506,51.61971],[-0.052453,51.617805],[-0.051,51.616734],[-0.049895,51.615933],[-0.04942,51.615575],[-0.0492,51.615422],[-0.049076,51.61532],[-0.048897,51.615144],[-0.048752,51.61495],[-0.04862,51.614747],[-0.048553,51.614579],[-0.048486,51.614334],[-0.048486,51.614156],[-0.0485,51.613974],[-0.048564,51.613726]]},"properties":{"category":"rail","kind":"rail","name":null}},{"type":"Feature","id":"way/199861555","geometry":{"type":"LineString","coordinates":[[-0.063002,51.637819],[-0.0633,51.637551],[-0.063635,51.637214],[-0.063847,51.636985],[-0.064032,51.63676],[-0.064233,51.636502],[-0.064389,51.63628],[-0.064504,51.636089],[-0.064612,51.635908],[-0.064708,51.635733],[-0.064789,51.635573],[-0.064845,51.635433],[-0.064904,51.635282],[-0.064939,51.63517],[-0.06496,51.635017],[-0.064974,51.634944]]},"properties":{"category":"rail","kind":"rail","name":"Churchbury Loop"}},{"type":"Feature","id":"way/199861556","geometry":{"type":"LineString","coordinates":[[-0.065025,51.63497],[-0.064995,51.635134],[-0.064966,51.635265],[-0.06488,51.635478],[-0.064791,51.635673],[-0.0647,51.635856],[-0.064577,51.636067],[-0.064459,51.636251],[-0.064314,51.636464],[-0.064132,51.636707],[-0.063936,51.63695],[-0.063711,51.637199],[-0.063464,51.637451],[-0.063241,51.637659],[-0.063061,51.63782]]},"properties":{"category":"rail","kind":"rail","name":"Churchbury Loop"}},{"type":"Feature","id":"way/199861557","geometry":{"type":"LineString","coordinates":[[-0.04503,51.574534],[-0.045318,51.574349],[-0.045415,51.574286],[-0.045752,51.574047],[-0.045964,51.573889],[-0.046194,51.573716],[-0.046676,51.57334],[-0.047023,51.573044],[-0.047457,51.572642],[-0.047818,51.572278],[-0.048227,51.571822],[-0.048605,51.571395],[-0.048867,51.571076],[-0.049089,51.570784],[-0.049357,51.570398],[-0.049883,51.569611],[-0.050196,51.569152],[-0.050604,51.56855]]},"properties":{"category":"rail","kind":"rail","name":null}},{"type":"Feature","id":"way/199861558","geometry":{"type":"LineString","coordinates":[[-0.050651,51.568563],[-0.050243,51.569164],[-0.049929,51.569623],[-0.049404,51.57041],[-0.049135,51.570797],[-0.048913,51.57109],[-0.04865,51.57141],[-0.048272,51.571837],[-0.047861,51.572294],[-0.047499,51.572659],[-0.047065,51.573062],[-0.046716,51.573359],[-0.046233,51.573736],[-0.046003,51.573909],[-0.045791,51.574067],[-0.045453,51.574307],[-0.045096,51.574537]]},"properties":{"category":"rail","kind":"rail","name":null}},{"type":"Feature","id":"way/199861597","geometry":{"type":"LineString","coordinates":[[-0.080449,51.517991],[-0.079914,51.518948],[-0.079747,51.519264],[-0.079687,51.51938],[-0.079642,51.5195],[-0.079622,51.519591],[-0.079609,51.51972],[-0.079611,51.519844],[-0.079614,51.519888],[-0.079635,51.520025],[-0.079636,51.520043],[-0.079656,51.520151],[-0.079668,51.520293],[-0.07969,51.520485],[-0.079676,51.520621]]},"properties":{"category":"rail","kind":"rail","name":null}},{"type":"Feature","id":"way/199861598","geometry":{"type":"LineString","coordinates":[[-0.080503,51.518006],[-0.07997,51.518955],[-0.079801,51.519275]]},"properties":{"category":"rail","kind":"rail","name":null}},{"type":"Feature","id":"way/199861599","geometry":{"type":"LineString","coordinates":[[-0.08062,51.518033],[-0.080094,51.518985],[-0.079925,51.519301],[-0.079852,51.519445],[-0.079742,51.519689],[-0.079718,51.519795],[-0.079706,51.519899],[-0.079668,51.520293],[-0.07963,51.520582],[-0.0796,51.520717],[-0.079571,51.520828],[-0.079519,51.520956],[-0.079463,51.521062],[-0.079391,51.521182]]},"properties":{"category":"rail","kind":"rail","name":null}},{"type":"Feature","id":"way/199861600","geometry":{"type":"LineString","coordinates":[[-0.080676,51.518049],[-0.080145,51.518993],[-0.079977,51.519312],[-0.079866,51.519521],[-0.079815,51.519641],[-0.079779,51.519742],[-0.079754,51.519886],[-0.079742,51.520018],[-0.079726,51.520169],[-0.079704,51.520436],[-0.07969,51.520485]]},"properties":{"category":"rail","kind":"rail","name":null}},{"type":"Feature","id":"way/199861601","geometry":{"type":"LineString","coordinates":[[-0.080802,51.518072],[-0.080271,51.519023],[-0.080097,51.519337],[-0.080014,51.519528],[-0.079942,51.519739],[-0.079874,51.519949],[-0.079808,51.520204],[-0.079748,51.520469],[-0.079718,51.520638]]},"properties":{"category":"rail","kind":"rail","name":null}},{"type":"Feature","id":"way/199861602","geometry":{"type":"LineString","coordinates":[[-0.080854,51.518084],[-0.080317,51.519033],[-0.080151,51.519349],[-0.08009,51.519491],[-0.079984,51.519772],[-0.079917,51.519993],[-0.079853,51.520222],[-0.07983,51.520331],[-0.079794,51.520498],[-0.079761,51.520649],[-0.079738,51.520752],[-0.079704,51.520867],[-0.079675,51.520961],[-0.079643,51.521045]]},"properties":{"category":"rail","kind":"rail","name":null}},{"type":"Feature","id":"way/199861603","geometry":{"type":"LineString","coordinates":[[-0.080978,51.518115],[-0.080491,51.518985],[-0.080235,51.519456],[-0.080153,51.519642],[-0.080062,51.51986],[-0.07998,51.52003],[-0.07983,51.520331],[-0.079748,51.520469]]},"properties":{"category":"rail","kind":"rail","name":null}},{"type":"Feature","id":"way/199861604","geometry":{"type":"LineString","coordinates":[[-0.08103,51.518125],[-0.080541,51.518997],[-0.080277,51.519465],[-0.080198,51.519654],[-0.080141,51.519792],[-0.080065,51.519944],[-0.07999,51.520107],[-0.079945,51.520202],[-0.079884,51.520328],[-0.079794,51.520498]]},"properties":{"category":"rail","kind":"rail","name":null}},{"type":"Feature","id":"way/199861605","geometry":{"type":"LineString","coordinates":[[-0.081696,51.517741],[-0.081431,51.518233],[-0.081355,51.518309],[-0.081275,51.518413],[-0.080656,51.519547],[-0.080519,51.519794],[-0.080469,51.519976],[-0.080403,51.520106],[-0.080151,51.52056]]},"properties":{"category":"rail","kind":"rail","name":null}},{"type":"Feature","id":"way/199861606","geometry":{"type":"LineString","coordinates":[[-0.081764,51.517916],[-0.081616,51.518102],[-0.081551,51.518196],[-0.081375,51.518529],[-0.080793,51.519577],[-0.080449,51.520184]]},"properties":{"category":"rail","kind":"rail","name":null}},{"type":"Feature","id":"way/199861607","geometry":{"type":"LineString","coordinates":[[-0.081507,51.518598],[-0.08095,51.519611],[-0.080816,51.519844],[-0.08073,51.51998],[-0.080666,51.520064],[-0.08056,51.520169],[-0.080421,51.520305]]},"properties":{"category":"rail","kind":"rail","name":null}},{"type":"Feature","id":"way/199861608","geometry":{"type":"LineString","coordinates":[[-0.08157,51.518777],[-0.081099,51.519643],[-0.08101,51.519771],[-0.08087,51.519964],[-0.080754,51.520107],[-0.080682,51.520193],[-0.080517,51.520333],[-0.080317,51.52052],[-0.080247,51.520581]]},"properties":{"category":"rail","kind":"rail","name":null}},{"type":"Feature","id":"way/199861609","geometry":{"type":"LineString","coordinates":[[-0.081706,51.518736],[-0.081199,51.519665],[-0.081129,51.519771],[-0.081024,51.519915],[-0.080842,51.520154],[-0.080748,51.520258],[-0.080437,51.520609],[-0.080339,51.520713],[-0.080185,51.520845],[-0.079974,51.520996],[-0.079784,51.521111],[-0.079459,51.521322],[-0.079235,51.52147],[-0.078966,51.521642],[-0.078816,51.521721],[-0.078525,51.521853],[-0.077966,51.522046],[-0.077794,51.522104]]},"properties":{"category":"rail","kind":"rail","name":null}},{"type":"Feature","id":"way/199861610","geometry":{"type":"LineString","coordinates":[[-0.081754,51.518744],[-0.081242,51.519674],[-0.081175,51.519782],[-0.081078,51.519916],[-0.08093,51.520108],[-0.080798,51.520268],[-0.0806,51.520481],[-0.080481,51.52062]]},"properties":{"category":"rail","kind":"rail","name":null}},{"type":"Feature","id":"way/199861611","geometry":{"type":"LineString","coordinates":[[-0.08188,51.518768],[-0.081372,51.519702],[-0.081255,51.519914],[-0.081165,51.52006],[-0.081043,51.520214],[-0.080874,51.520419],[-0.080662,51.520602],[-0.080483,51.520747],[-0.080267,51.520888],[-0.080055,51.521027],[-0.079976,51.521078],[-0.0798,51.521194],[-0.079345,51.521482]]},"properties":{"category":"rail","kind":"rail","name":null}},{"type":"Feature","id":"way/199861612","geometry":{"type":"LineString","coordinates":[[-0.081928,51.518776],[-0.081417,51.519712],[-0.081315,51.519892],[-0.081235,51.520035],[-0.081153,51.520149],[-0.081032,51.520303],[-0.080886,51.520459],[-0.0807,51.520624],[-0.080511,51.520769],[-0.080287,51.520918],[-0.080071,51.521059],[-0.079882,51.521183],[-0.079758,51.521258],[-0.079375,51.521505],[-0.079111,51.521682]]},"properties":{"category":"rail","kind":"rail","name":null}},{"type":"Feature","id":"way/199861613","geometry":{"type":"LineString","coordinates":[[-0.080071,51.521059],[-0.080499,51.520854],[-0.080666,51.520763],[-0.080812,51.520681],[-0.080916,51.520597],[-0.081071,51.520467],[-0.081223,51.520316],[-0.081369,51.520143],[-0.081507,51.519934],[-0.081608,51.519753],[-0.081938,51.519142],[-0.08221,51.518614]]},"properties":{"category":"rail","kind":"rail","name":null}},{"type":"Feature","id":"way/199861614","geometry":{"type":"LineString","coordinates":[[-0.080055,51.521027],[-0.080287,51.520918],[-0.080417,51.520856],[-0.080598,51.520763],[-0.080762,51.520661],[-0.080928,51.520546],[-0.081041,51.520451],[-0.081213,51.520272],[-0.081345,51.520103],[-0.081461,51.519919],[-0.08156,51.519742],[-0.081888,51.519135],[-0.08217,51.518604]]},"properties":{"category":"rail","kind":"rail","name":null}},{"type":"Feature","id":"way/199862072","geometry":{"type":"LineString","coordinates":[[-0.223818,51.549643],[-0.224425,51.549739],[-0.225565,51.549916],[-0.226253,51.550021],[-0.226823,51.5501],[-0.227392,51.550167],[-0.228026,51.550251],[-0.229121,51.550424],[-0.230355,51.550618],[-0.231512,51.550802],[-0.232275,51.55093],[-0.233383,51.5511],[-0.235267,51.551397],[-0.236214,51.551562],[-0.237081,51.551712],[-0.237675,51.551824],[-0.238312,51.551946],[-0.238863,51.55204],[-0.239299,51.552104],[-0.239935,51.552194],[-0.241541,51.552412],[-0.242869,51.552587],[-0.243613,51.552694],[-0.244357,51.552804],[-0.244862,51.552893],[-0.245617,51.553035],[-0.246112,51.553137],[-0.246875,51.553312],[-0.247378,51.553438],[-0.247924,51.553585],[-0.248866,51.553869],[-0.249576,51.55407],[-0.250401,51.554293],[-0.251062,51.554448],[-0.252011,51.554667],[-0.252631,51.554802],[-0.253163,51.554929],[-0.254529,51.555287],[-0.25582,51.555634],[-0.256453,51.555806],[-0.257436,51.556083],[-0.258797,51.556494],[-0.259715,51.556793],[-0.260808,51.557169],[-0.262135,51.557663],[-0.263134,51.558057],[-0.265604,51.559087],[-0.267664,51.559946],[-0.268879,51.560443],[-0.27016,51.560941],[-0.27076,51.561173],[-0.27142,51.561418],[-0.272168,51.561696],[-0.272485,51.561805],[-0.272862,51.561923],[-0.273329,51.562058],[-0.27369,51.562151],[-0.274171,51.562267],[-0.274617,51.56236],[-0.275435,51.562512],[-0.276251,51.562667],[-0.277022,51.562812],[-0.277496,51.562906],[-0.277984,51.563019],[-0.278614,51.563198],[-0.279291,51.563438],[-0.280351,51.563817],[-0.281125,51.564104]]},"properties":{"category":"rail","kind":"rail","name":null}},{"type":"Feature","id":"way/199862073","geometry":{"type":"LineString","coordinates":[[-0.223846,51.549514],[-0.224184,51.549574],[-0.225823,51.549828],[-0.227223,51.550045],[-0.228261,51.55021],[-0.228959,51.550318],[-0.230812,51.55061],[-0.232593,51.550892],[-0.233594,51.55105],[-0.235265,51.551316],[-0.236761,51.551556],[-0.2381,51.551767],[-0.239266,51.551951],[-0.240511,51.552158],[-0.242158,51.552406],[-0.243829,51.552651],[-0.245194,51.552877],[-0.245953,51.553022],[-0.246567,51.553153],[-0.247273,51.553322],[-0.247831,51.553464],[-0.249022,51.553787],[-0.249834,51.554007],[-0.250416,51.554162],[-0.250907,51.554279],[-0.25191,51.554528],[-0.253203,51.554851],[-0.254281,51.555138],[-0.255767,51.555547],[-0.256674,51.55579],[-0.25775,51.556092],[-0.258565,51.556344],[-0.259745,51.556724],[-0.260949,51.557136],[-0.262004,51.557528],[-0.263117,51.557951],[-0.264565,51.558565],[-0.26556,51.558979],[-0.266603,51.559417],[-0.267647,51.559852],[-0.268449,51.560186],[-0.269445,51.560573],[-0.270072,51.560806],[-0.270804,51.561079],[-0.271308,51.561263],[-0.271702,51.561401],[-0.272068,51.561517],[-0.272386,51.561616],[-0.272663,51.561695],[-0.273074,51.561811],[-0.27356,51.561934],[-0.274002,51.562044],[-0.274547,51.562168],[-0.27507,51.562278],[-0.275529,51.562371],[-0.276104,51.56248],[-0.277032,51.562652],[-0.277692,51.562797],[-0.278226,51.562945],[-0.278824,51.563125],[-0.279419,51.563309],[-0.280004,51.563504],[-0.28035,51.563632],[-0.280814,51.563808],[-0.281468,51.564086],[-0.28201,51.564338],[-0.282541,51.564606],[-0.283112,51.564928],[-0.283552,51.565191],[-0.284016,51.565492],[-0.284538,51.565856],[-0.285046,51.566256],[-0.285501,51.566646],[-0.286403,51.567478],[-0.286973,51.567955],[-0.28714,51.568091],[-0.287606,51.568445],[-0.28799,51.568719],[-0.288479,51.569041],[-0.288965,51.569344],[-0.289568,51.569692],[-0.290495,51.570181],[-0.29102,51.570428],[-0.291443,51.570619],[-0.292359,51.570991],[-0.292927,51.571217],[-0.293495,51.571425],[-0.294175,51.571668],[-0.295024,51.571961],[-0.295448,51.572103],[-0.295946,51.572269],[-0.296511,51.572462],[-0.296961,51.572617],[-0.297747,51.572862],[-0.298308,51.573036],[-0.29876,51.573176],[-0.299723,51.573505],[-0.301142,51.573995],[-0.302245,51.574373],[-0.303916,51.574935],[-0.30589,51.575607],[-0.307167,51.576033],[-0.308124,51.57636],[-0.308986,51.576633],[-0.309993,51.576933],[-0.310676,51.577119],[-0.311592,51.577362],[-0.312369,51.577538],[-0.313003,51.577683],[-0.313664,51.577816],[-0.31506,51.57805],[-0.315321,51.578091],[-0.315994,51.578203],[-0.316621,51.578295],[-0.317453,51.578401],[-0.31815,51.578471],[-0.318783,51.578526],[-0.319416,51.578571],[-0.320202,51.578615],[-0.321323,51.578645],[-0.322257,51.578663],[-0.322986,51.578666],[-0.324072,51.578661],[-0.325108,51.578643],[-0.32712,51.578603],[-0.328874,51.578563],[-0.330743,51.57852],[-0.331781,51.578495],[-0.332543,51.57848],[-0.333494,51.578494]]},"properties":{"category":"rail","kind":"rail","name":null}},{"type":"Feature","id":"way/199862074","geometry":{"type":"LineString","coordinates":[[-0.337599,51.579643],[-0.337057,51.579493],[-0.335201,51.578971],[-0.33463,51.578813],[-0.334348,51.578745],[-0.334179,51.57871],[-0.333793,51.578645],[-0.33357,51.578613],[-0.333042,51.578563],[-0.332551,51.578548],[-0.332184,51.57854],[-0.331789,51.578546],[-0.329837,51.578595],[-0.328474,51.578628],[-0.327122,51.578655],[-0.326194,51.578676],[-0.324853,51.578701],[-0.323684,51.578713],[-0.322989,51.578711],[-0.322316,51.578706],[-0.321425,51.578691],[-0.320639,51.578671],[-0.319853,51.578645],[-0.31877,51.578605],[-0.318164,51.578566],[-0.317858,51.578545],[-0.317493,51.578496],[-0.317013,51.578428],[-0.31646,51.57834],[-0.315216,51.578116],[-0.315036,51.578088],[-0.31365,51.577846],[-0.312987,51.577713],[-0.312351,51.577568],[-0.311573,51.577391],[-0.310656,51.577148],[-0.309972,51.576961],[-0.308964,51.576661],[-0.3081,51.576388],[-0.307142,51.576061],[-0.305866,51.575634],[-0.303892,51.574962],[-0.302221,51.574401],[-0.301118,51.574022],[-0.299667,51.573532],[-0.298699,51.573212],[-0.298251,51.573065],[-0.297725,51.57291],[-0.29692,51.572675],[-0.296422,51.572525],[-0.29596,51.572384],[-0.295456,51.572209],[-0.295027,51.572064],[-0.294236,51.571792],[-0.293527,51.571537],[-0.292798,51.57125],[-0.292275,51.571042],[-0.291403,51.570658],[-0.290467,51.570236],[-0.289486,51.569751],[-0.288901,51.569453],[-0.288418,51.569198],[-0.287782,51.568826],[-0.287426,51.568589],[-0.287093,51.568331],[-0.286851,51.568144],[-0.286154,51.567506],[-0.285304,51.566702],[-0.284875,51.566342],[-0.284325,51.565922],[-0.283869,51.565602],[-0.283357,51.565281],[-0.282858,51.565001],[-0.282158,51.564651],[-0.281474,51.564344],[-0.280961,51.564138],[-0.280256,51.563881],[-0.279537,51.563641],[-0.278588,51.563309],[-0.277904,51.563097],[-0.27744,51.562974],[-0.276952,51.562857],[-0.276211,51.562704],[-0.27542,51.562542],[-0.274602,51.56239],[-0.274154,51.562297],[-0.273671,51.56218],[-0.273309,51.562087],[-0.27284,51.561952],[-0.272462,51.561833],[-0.272142,51.561723],[-0.271394,51.561445],[-0.270734,51.5612],[-0.270133,51.560968],[-0.268851,51.560469],[-0.267636,51.559972],[-0.265576,51.559114],[-0.263106,51.558083],[-0.262108,51.55769],[-0.260783,51.557196],[-0.259692,51.556821],[-0.258774,51.556522],[-0.257414,51.556112],[-0.256433,51.555835],[-0.2558,51.555663],[-0.254509,51.555316],[-0.253144,51.554958],[-0.252613,51.554831],[-0.251993,51.554696],[-0.251044,51.554478],[-0.250381,51.554322],[-0.249555,51.554099],[-0.248845,51.553897],[-0.247903,51.553614],[-0.247359,51.553467],[-0.246857,51.553342],[-0.246095,51.553167],[-0.245602,51.553065],[-0.244848,51.552923],[-0.244344,51.552835],[-0.243601,51.552725],[-0.242858,51.552618],[-0.24153,51.552443],[-0.239924,51.552224],[-0.239288,51.552134],[-0.238851,51.552071],[-0.238298,51.551976],[-0.23766,51.551854],[-0.237067,51.551746],[-0.236201,51.551592],[-0.235254,51.551427],[-0.233371,51.55113],[-0.232263,51.55096],[-0.231499,51.550838],[-0.230343,51.550648],[-0.229104,51.550461],[-0.228009,51.550288],[-0.227382,51.550198],[-0.226813,51.550131],[-0.226242,51.550051],[-0.225552,51.549946],[-0.224412,51.549769],[-0.223798,51.549671]]},"properties":{"category":"rail","kind":"rail","name":null}},{"type":"Feature","id":"way/199862075","geometry":{"type":"LineString","coordinates":[[-0.333786,51.578524],[-0.334237,51.578602],[-0.334616,51.578677],[-0.33489,51.578741],[-0.335055,51.578782],[-0.335492,51.578901],[-0.335909,51.579019],[-0.336412,51.57916],[-0.336809,51.579271],[-0.337198,51.579377],[-0.337404,51.579436],[-0.337681,51.5795]]},"properties":{"category":"rail","kind":"rail","name":null}},{"type":"Feature","id":"way/199862076","geometry":{"type":"LineString","coordinates":[[-0.317147,51.578293],[-0.317772,51.578365],[-0.318469,51.578435],[-0.319408,51.578511],[-0.319937,51.578546],[-0.320401,51.57857],[-0.32098,51.5786],[-0.321538,51.578621],[-0.322241,51.578633],[-0.322919,51.57864],[-0.323772,51.578636],[-0.324652,51.578623],[-0.325937,51.578595],[-0.32713,51.578568],[-0.32889,51.57853],[-0.330523,51.578493],[-0.331564,51.578466],[-0.332438,51.578452],[-0.332784,51.578451],[-0.333012,51.57846],[-0.333208,51.578469],[-0.333494,51.578494],[-0.333786,51.578524]]},"properties":{"category":"rail","kind":"rail","name":null}},{"type":"Feature","id":"way/199862077","geometry":{"type":"LineString","coordinates":[[-0.337681,51.5795],[-0.337901,51.579546],[-0.338212,51.579605],[-0.33853,51.579649],[-0.338881,51.579689],[-0.33914,51.579713],[-0.339416,51.579726],[-0.340045,51.579746],[-0.340881,51.579766],[-0.341286,51.579779],[-0.342167,51.579812],[-0.343344,51.579858],[-0.344038,51.579891],[-0.344477,51.579912],[-0.34488,51.579937],[-0.345211,51.579962],[-0.345689,51.580005],[-0.346126,51.580054],[-0.346672,51.580126],[-0.347213,51.580213],[-0.347508,51.580272],[-0.348805,51.580538],[-0.349554,51.580695],[-0.350034,51.58079],[-0.350209,51.580822],[-0.350696,51.580902],[-0.351144,51.58099],[-0.351394,51.581037],[-0.351799,51.58114],[-0.352099,51.581227],[-0.352424,51.581338],[-0.352842,51.581498],[-0.353467,51.581747],[-0.353942,51.581918],[-0.35414,51.581983],[-0.35495,51.582267],[-0.355808,51.582565],[-0.357268,51.583067],[-0.357984,51.583313],[-0.358998,51.583662],[-0.360655,51.584238],[-0.361513,51.584537],[-0.361951,51.58468],[-0.362793,51.584995],[-0.363219,51.585155],[-0.363858,51.585412],[-0.36422,51.585557],[-0.364842,51.58581],[-0.366956,51.586722],[-0.367712,51.587048],[-0.368895,51.587563],[-0.370319,51.588173],[-0.371489,51.58868],[-0.372559,51.589145],[-0.374235,51.589869],[-0.37626,51.590748],[-0.377993,51.591494],[-0.378881,51.591876],[-0.379903,51.592316],[-0.380935,51.592754],[-0.382038,51.593232]]},"properties":{"category":"rail","kind":"rail","name":null}},{"type":"Feature","id":"way/199862078","geometry":{"type":"LineString","coordinates":[[-0.382009,51.593258],[-0.380907,51.59278],[-0.379874,51.592342],[-0.378852,51.591902],[-0.377964,51.59152],[-0.376231,51.590773],[-0.374206,51.589895],[-0.37253,51.58917],[-0.37146,51.588705],[-0.37029,51.588199],[-0.368866,51.587589],[-0.367683,51.587074],[-0.366927,51.586747],[-0.364814,51.585836],[-0.364192,51.585583],[-0.36383,51.585438],[-0.363192,51.585182],[-0.362767,51.585022],[-0.361926,51.584707],[-0.361489,51.584564],[-0.36063,51.584266],[-0.358973,51.583689],[-0.357959,51.583341],[-0.357243,51.583094],[-0.355784,51.582592],[-0.354925,51.582294],[-0.354116,51.582011],[-0.353917,51.581946],[-0.35344,51.581773],[-0.352815,51.581525],[-0.352398,51.581365],[-0.352076,51.581255],[-0.351778,51.581169],[-0.351374,51.581066],[-0.350932,51.580973],[-0.350778,51.580947],[-0.350382,51.580883],[-0.350195,51.580852],[-0.3498,51.58077],[-0.348851,51.580585],[-0.348046,51.580428],[-0.347523,51.580353],[-0.347046,51.580292],[-0.346622,51.580243],[-0.345656,51.58015],[-0.344803,51.580081],[-0.343698,51.580015],[-0.342271,51.579946],[-0.341569,51.579912],[-0.341067,51.579883],[-0.340332,51.579855],[-0.339793,51.579855],[-0.339085,51.579858],[-0.338752,51.579842],[-0.338345,51.579791],[-0.337883,51.579705],[-0.337599,51.579643]]},"properties":{"category":"rail","kind":"rail","name":null}},{"type":"Feature","id":"way/199862080","geometry":{"type":"LineString","coordinates":[[-0.474459,51.640324],[-0.474673,51.640374],[-0.47507,51.640475],[-0.475494,51.640607],[-0.475714,51.640689],[-0.476012,51.640807],[-0.476363,51.640978],[-0.476621,51.641108],[-0.477007,51.641334],[-0.478029,51.64196],[-0.478753,51.642413],[-0.479649,51.642975],[-0.480386,51.643447],[-0.481049,51.643859],[-0.481743,51.644302],[-0.482251,51.644623],[-0.482835,51.644988],[-0.483492,51.645376],[-0.48394,51.64562],[-0.484485,51.645895],[-0.485214,51.646233],[-0.48566,51.646422],[-0.486046,51.646577],[-0.486638,51.6468],[-0.48714,51.646972],[-0.487537,51.647103],[-0.488267,51.647331],[-0.489128,51.647563],[-0.489771,51.647731],[-0.490482,51.6479],[-0.491139,51.648045],[-0.491713,51.648162],[-0.492408,51.648293],[-0.493084,51.648401],[-0.493556,51.648473],[-0.494057,51.648536],[-0.494581,51.648601],[-0.495055,51.648651],[-0.496067,51.648764],[-0.496493,51.648816],[-0.496705,51.648846],[-0.497322,51.648931],[-0.497459,51.648952],[-0.498537,51.649117],[-0.499183,51.649219],[-0.500355,51.649405],[-0.502262,51.649721],[-0.503258,51.649882],[-0.504043,51.650011],[-0.504341,51.650062],[-0.50609,51.650354],[-0.507227,51.650538],[-0.508861,51.65081],[-0.509558,51.650951],[-0.510194,51.651082],[-0.510821,51.651219],[-0.511631,51.651417],[-0.512112,51.651548],[-0.512803,51.651758],[-0.513329,51.651931],[-0.513737,51.652074],[-0.514394,51.652307],[-0.515872,51.652911],[-0.51669,51.653284],[-0.517047,51.653465],[-0.51743,51.653645],[-0.518144,51.65404],[-0.518731,51.654369],[-0.519313,51.654719],[-0.520247,51.655304],[-0.520485,51.655457],[-0.520582,51.655519],[-0.521118,51.65587],[-0.521982,51.656429],[-0.522948,51.65705],[-0.523817,51.65761],[-0.52434,51.657947],[-0.525788,51.658888],[-0.526708,51.659479],[-0.527891,51.660258],[-0.529026,51.660988],[-0.530925,51.662218],[-0.531509,51.662597]]},"properties":{"category":"rail","kind":"rail","name":null}},{"type":"Feature","id":"way/199862081","geometry":{"type":"LineString","coordinates":[[-0.474452,51.640356],[-0.473983,51.640275],[-0.473613,51.640227],[-0.473353,51.640205],[-0.4731,51.640187],[-0.472843,51.640181],[-0.472419,51.640177],[-0.472038,51.640197],[-0.471797,51.64021],[-0.471247,51.640276],[-0.470718,51.640371],[-0.470322,51.640449],[-0.468946,51.640712],[-0.467811,51.64093],[-0.466638,51.64115],[-0.466094,51.64125],[-0.465926,51.641283],[-0.465589,51.641328],[-0.465152,51.641389],[-0.464801,51.641419],[-0.464532,51.641439],[-0.464141,51.641461],[-0.463823,51.641472],[-0.463508,51.641479],[-0.463155,51.641481],[-0.462751,51.641474],[-0.46225,51.64145],[-0.461865,51.641425],[-0.461307,51.641372],[-0.460835,51.641308],[-0.45991,51.64117],[-0.459014,51.641045],[-0.457428,51.640816],[-0.456619,51.640698],[-0.456139,51.64063],[-0.455532,51.640543],[-0.453757,51.640281],[-0.452925,51.640165],[-0.452314,51.640075],[-0.451514,51.639946],[-0.450709,51.639787],[-0.449822,51.639569],[-0.449499,51.639487],[-0.448889,51.639322],[-0.448545,51.63923],[-0.448233,51.639151],[-0.447761,51.639026],[-0.446732,51.638753],[-0.445077,51.638322],[-0.444916,51.638282],[-0.444567,51.638189],[-0.443975,51.63803],[-0.443429,51.63786],[-0.442889,51.637686],[-0.441948,51.637355],[-0.441245,51.637071],[-0.440602,51.636792],[-0.440322,51.636672],[-0.439868,51.636457],[-0.439531,51.636295],[-0.438583,51.635793],[-0.437944,51.635438],[-0.437302,51.635066],[-0.436858,51.634793],[-0.436476,51.634542],[-0.436059,51.63424],[-0.435647,51.633921],[-0.435281,51.63362],[-0.435039,51.633401],[-0.434652,51.63304],[-0.434257,51.632663],[-0.433924,51.63229],[-0.433645,51.631979],[-0.433403,51.631703],[-0.433152,51.631381],[-0.43287,51.630979],[-0.431971,51.62961],[-0.43147,51.628849],[-0.430362,51.627167],[-0.429495,51.625855],[-0.429158,51.625336],[-0.428857,51.624883],[-0.428465,51.624287],[-0.427173,51.622328],[-0.426695,51.6216],[-0.426443,51.621207],[-0.426252,51.6209],[-0.426069,51.62058],[-0.4259,51.620258],[-0.425752,51.61995],[-0.42562,51.61965],[-0.425486,51.61933],[-0.425343,51.618946],[-0.425244,51.618641],[-0.425161,51.618382],[-0.425067,51.618015],[-0.424999,51.617731],[-0.424962,51.617515],[-0.424916,51.617218],[-0.424868,51.616883],[-0.424849,51.616475],[-0.424833,51.615912],[-0.424822,51.615076],[-0.424817,51.614697],[-0.42479,51.614329],[-0.424763,51.61396],[-0.424645,51.613232],[-0.42457,51.61291],[-0.424479,51.612515],[-0.42438,51.612159],[-0.424308,51.611916],[-0.424139,51.611463],[-0.424056,51.61123],[-0.423885,51.61084],[-0.423735,51.610521],[-0.423513,51.610097],[-0.423288,51.609703],[-0.422999,51.609231],[-0.422705,51.608828],[-0.422231,51.608227],[-0.422065,51.608031],[-0.421851,51.607786],[-0.421557,51.60749],[-0.421225,51.607159],[-0.420957,51.606915],[-0.420757,51.606729],[-0.42039,51.606414],[-0.420021,51.606119],[-0.419705,51.605879],[-0.419293,51.605575],[-0.418465,51.605019],[-0.418313,51.60492],[-0.417855,51.604629],[-0.41713,51.604205],[-0.416163,51.603674],[-0.415604,51.603394],[-0.414216,51.602755],[-0.413082,51.602247],[-0.402875,51.598002],[-0.401947,51.597745],[-0.401006,51.597509],[-0.400525,51.597389],[-0.400181,51.597315],[-0.39965,51.597222],[-0.396325,51.596728],[-0.393989,51.596382],[-0.391489,51.596015],[-0.390431,51.595855],[-0.389872,51.595767],[-0.389077,51.595617],[-0.388241,51.595445],[-0.387244,51.595208],[-0.386434,51.594989],[-0.385707,51.594758],[-0.385328,51.594628],[-0.384914,51.594481],[-0.384325,51.594248],[-0.38364,51.593958],[-0.383447,51.593875],[-0.382275,51.593371],[-0.382009,51.593258]]},"properties":{"category":"rail","kind":"rail","name":null}},{"type":"Feature","id":"way/199862082","geometry":{"type":"LineString","coordinates":[[-0.382038,51.593232],[-0.382303,51.593345],[-0.383475,51.593849],[-0.383669,51.593932],[-0.384352,51.594222],[-0.38494,51.594454],[-0.385353,51.5946],[-0.385731,51.59473],[-0.386455,51.59496],[-0.387263,51.595178],[-0.388258,51.595415],[-0.389092,51.595587],[-0.389886,51.595737],[-0.390444,51.595825],[-0.391501,51.595985],[-0.394,51.596351],[-0.396337,51.596698],[-0.399663,51.597191],[-0.400196,51.597284],[-0.400542,51.597359],[-0.401025,51.597479],[-0.401967,51.597716],[-0.4029,51.597974],[-0.413111,51.602221],[-0.414246,51.602729],[-0.415635,51.603369],[-0.416196,51.60365],[-0.417164,51.604182],[-0.417891,51.604607],[-0.418349,51.604898],[-0.418502,51.604998],[-0.419331,51.605554],[-0.419744,51.605859],[-0.420061,51.606099],[-0.420431,51.606396],[-0.420798,51.60671],[-0.421,51.606897],[-0.421268,51.607142],[-0.4216,51.607473],[-0.421895,51.60777],[-0.42211,51.608016],[-0.422276,51.608213],[-0.422751,51.608814],[-0.423046,51.609219],[-0.423336,51.609692],[-0.423561,51.610087],[-0.423784,51.610512],[-0.423934,51.610832],[-0.424106,51.611223],[-0.424189,51.611456],[-0.424358,51.611909],[-0.42443,51.612154],[-0.424529,51.61251],[-0.424621,51.612905],[-0.424696,51.613228],[-0.424814,51.613958],[-0.424841,51.614328],[-0.424867,51.614696],[-0.424873,51.615075],[-0.424883,51.615912],[-0.424899,51.616474],[-0.424918,51.616881],[-0.424967,51.617216],[-0.425012,51.617512],[-0.42505,51.617727],[-0.425117,51.61801],[-0.425211,51.618376],[-0.425294,51.618634],[-0.425393,51.618939],[-0.425535,51.619322],[-0.425669,51.619642],[-0.425801,51.619942],[-0.425948,51.620248],[-0.426117,51.62057],[-0.4263,51.620889],[-0.42649,51.621196],[-0.426742,51.621589],[-0.42722,51.622316],[-0.428512,51.624275],[-0.428904,51.624871],[-0.429204,51.625324],[-0.429542,51.625843],[-0.430409,51.627155],[-0.431517,51.628837],[-0.432018,51.629598],[-0.432917,51.630966],[-0.433198,51.631368],[-0.433448,51.631689],[-0.433689,51.631964],[-0.433968,51.632275],[-0.434301,51.632646],[-0.434695,51.633023],[-0.435081,51.633384],[-0.435323,51.633602],[-0.435687,51.633902],[-0.436098,51.63422],[-0.436513,51.634521],[-0.436894,51.634771],[-0.437337,51.635044],[-0.437978,51.635415],[-0.438616,51.635769],[-0.439563,51.636271],[-0.439898,51.636432],[-0.440352,51.636647],[-0.440631,51.636767],[-0.441273,51.637045],[-0.441974,51.637328],[-0.442913,51.637658],[-0.443452,51.637832],[-0.443997,51.638002],[-0.444587,51.63816],[-0.444936,51.638253],[-0.445097,51.638293],[-0.446751,51.638724],[-0.447819,51.638992],[-0.448299,51.639115],[-0.448626,51.6392],[-0.448991,51.639294],[-0.449847,51.639508],[-0.45074,51.63973],[-0.451577,51.639899],[-0.452344,51.640038],[-0.452937,51.640134],[-0.453768,51.640251],[-0.455544,51.640512],[-0.456539,51.640648],[-0.45744,51.640785],[-0.459025,51.641015],[-0.459921,51.64114],[-0.460846,51.641278],[-0.461316,51.641341],[-0.461871,51.641394],[-0.462255,51.641419],[-0.462753,51.641442],[-0.463156,51.641449],[-0.463507,51.641447],[-0.463821,51.641441],[-0.464137,51.641429],[-0.464526,51.641407],[-0.464795,51.641388],[-0.465143,51.641358],[-0.465578,51.641298],[-0.465913,51.641253],[-0.466079,51.641219],[-0.466624,51.64112],[-0.467796,51.6409],[-0.468931,51.640682],[-0.470307,51.640419],[-0.470703,51.640341],[-0.471235,51.640246],[-0.47179,51.640179],[-0.472034,51.640166],[-0.472417,51.640146],[-0.472844,51.640149],[-0.473104,51.640156],[-0.473359,51.640174],[-0.473622,51.640196],[-0.473995,51.640244],[-0.474459,51.640324]]},"properties":{"category":"rail","kind":"rail","name":null}},{"type":"Feature","id":"way/199862083","geometry":{"type":"LineString","coordinates":[[-0.191218,51.546794],[-0.190172,51.546858],[-0.188935,51.546931],[-0.188039,51.546981],[-0.18714,51.547029],[-0.186752,51.547061],[-0.18593,51.54716],[-0.185181,51.54725],[-0.183816,51.547415],[-0.183394,51.54746],[-0.182987,51.547478],[-0.182581,51.547486],[-0.182258,51.547483],[-0.181894,51.547465],[-0.181663,51.547437],[-0.181297,51.547376],[-0.180922,51.547287],[-0.180528,51.547178],[-0.180394,51.547129],[-0.177875,51.545607],[-0.175433,51.543885]]},"properties":{"category":"rail","kind":"rail","name":null}},{"type":"Feature","id":"way/199862084","geometry":{"type":"LineString","coordinates":[[-0.191223,51.546825],[-0.190177,51.546889],[-0.18894,51.546962],[-0.188058,51.547019],[-0.187167,51.547082],[-0.186666,51.547117],[-0.185952,51.547196],[-0.18519,51.547281],[-0.183852,51.547454],[-0.183179,51.547521],[-0.182902,51.547546],[-0.182495,51.547553],[-0.182154,51.547548],[-0.181797,51.547516],[-0.181615,51.547498],[-0.181277,51.547444],[-0.181006,51.547393],[-0.180767,51.547333],[-0.180475,51.547241],[-0.180363,51.547204],[-0.177841,51.545625],[-0.175374,51.543893]]},"properties":{"category":"rail","kind":"rail","name":null}},{"type":"Feature","id":"way/199862085","geometry":{"type":"LineString","coordinates":[[-0.223818,51.549643],[-0.222284,51.549404],[-0.221372,51.549257],[-0.220233,51.549079],[-0.218737,51.548813],[-0.21667,51.54849],[-0.214307,51.548119],[-0.211617,51.547702],[-0.209487,51.547369],[-0.208839,51.547275],[-0.208191,51.547203],[-0.20766,51.547154],[-0.20702,51.547111],[-0.206362,51.547084],[-0.205565,51.547054],[-0.204887,51.547031],[-0.204415,51.547001],[-0.203917,51.546954],[-0.203397,51.546909],[-0.202808,51.546851],[-0.202141,51.546768],[-0.201428,51.546689],[-0.20089,51.546644],[-0.199583,51.546547],[-0.198745,51.546499],[-0.197573,51.546441],[-0.196904,51.546407],[-0.196437,51.546399],[-0.195955,51.5464],[-0.195518,51.546421],[-0.195067,51.546451],[-0.194556,51.546506],[-0.193792,51.546583],[-0.193133,51.546649],[-0.192204,51.546726],[-0.191218,51.546794]]},"properties":{"category":"rail","kind":"rail","name":null}},{"type":"Feature","id":"way/199862086","geometry":{"type":"LineString","coordinates":[[-0.223798,51.549671],[-0.222272,51.549434],[-0.22136,51.549287],[-0.22022,51.549109],[-0.218723,51.548844],[-0.216658,51.54852],[-0.214295,51.54815],[-0.211605,51.547733],[-0.209475,51.547399],[-0.208829,51.547306],[-0.208182,51.547234],[-0.207654,51.547186],[-0.207016,51.547142],[-0.206358,51.547116],[-0.205562,51.547086],[-0.204883,51.547062],[-0.204408,51.547032],[-0.20391,51.546986],[-0.203389,51.54694],[-0.202799,51.546882],[-0.202131,51.546799],[-0.201421,51.54672],[-0.200884,51.546675],[-0.199578,51.546579],[-0.198741,51.54653],[-0.197569,51.546472],[-0.196901,51.546439],[-0.196437,51.54643],[-0.195957,51.546432],[-0.195522,51.546452],[-0.195074,51.546482],[-0.194565,51.546537],[-0.1938,51.546614],[-0.19314,51.54668],[-0.19221,51.546757],[-0.191223,51.546825]]},"properties":{"category":"rail","kind":"rail","name":null}},{"type":"Feature","id":"way/199863094","geometry":{"type":"LineString","coordinates":[[-0.13499,51.528239],[-0.135371,51.528567],[-0.136385,51.529447],[-0.136559,51.529599],[-0.136826,51.52985],[-0.137023,51.530056],[-0.137344,51.530371],[-0.137524,51.530519],[-0.13784,51.53079],[-0.13828,51.531084],[-0.138737,51.531365]]},"properties":{"category":"rail","kind":"rail","name":null}},{"type":"Feature","id":"way/199863095","geometry":{"type":"LineString","coordinates":[[-0.135237,51.528625],[-0.135924,51.529223],[-0.136647,51.529857],[-0.136971,51.530178],[-0.137187,51.5304],[-0.137406,51.530581],[-0.137717,51.530786]]},"properties":{"category":"rail","kind":"rail","name":null}},{"type":"Feature","id":"way/199863097","geometry":{"type":"LineString","coordinates":[[-0.133511,51.528717],[-0.134064,51.529229],[-0.134137,51.529296],[-0.134251,51.529388],[-0.134385,51.529491],[-0.134497,51.529568],[-0.134651,51.529666],[-0.13484,51.529777],[-0.135094,51.529912],[-0.135739,51.530233],[-0.135878,51.530306],[-0.136073,51.530396],[-0.136233,51.530461],[-0.136357,51.530506]]},"properties":{"category":"rail","kind":"rail","name":null}},{"type":"Feature","id":"way/199863098","geometry":{"type":"LineString","coordinates":[[-0.134046,51.529335],[-0.134172,51.52944],[-0.13432,51.529548],[-0.134521,51.52968],[-0.134749,51.529814],[-0.13484,51.529864],[-0.135323,51.530112],[-0.135717,51.530299],[-0.135854,51.530354],[-0.13602,51.530414],[-0.136329,51.530523]]},"properties":{"category":"rail","kind":"rail","name":null}},{"type":"Feature","id":"way/199863099","geometry":{"type":"LineString","coordinates":[[-0.133259,51.529122],[-0.133745,51.529569],[-0.133956,51.529732],[-0.134081,51.529823],[-0.134263,51.529936],[-0.134474,51.530054],[-0.134625,51.530132],[-0.134797,51.530221],[-0.134948,51.530288],[-0.135049,51.530329],[-0.135223,51.530384],[-0.135402,51.530433],[-0.135547,51.530472],[-0.135682,51.530507],[-0.135838,51.530531],[-0.136161,51.530576],[-0.136301,51.530596],[-0.136557,51.530641],[-0.136805,51.530705],[-0.137145,51.530847],[-0.137655,51.531062],[-0.137891,51.531149],[-0.138335,51.531335],[-0.138686,51.531483]]},"properties":{"category":"rail","kind":"rail","name":null}},{"type":"Feature","id":"way/199863100","geometry":{"type":"LineString","coordinates":[[-0.1333,51.529105],[-0.133786,51.52955],[-0.133995,51.529712],[-0.134119,51.529802],[-0.134298,51.529913],[-0.134507,51.530031],[-0.134658,51.530108],[-0.134828,51.530196],[-0.134977,51.530262],[-0.135075,51.530302],[-0.135245,51.530356],[-0.135422,51.530404],[-0.135567,51.530443],[-0.135698,51.530477],[-0.13585,51.5305],[-0.136172,51.530545],[-0.136313,51.530565],[-0.136597,51.530615],[-0.136885,51.530699],[-0.137168,51.530821],[-0.137431,51.530904],[-0.137668,51.530975]]},"properties":{"category":"rail","kind":"rail","name":null}},{"type":"Feature","id":"way/199863102","geometry":{"type":"LineString","coordinates":[[-0.134878,51.529575],[-0.135277,51.529799],[-0.135661,51.529994],[-0.136173,51.530232],[-0.13637,51.530334],[-0.136655,51.530502],[-0.136767,51.530572]]},"properties":{"category":"rail","kind":"rail","name":null}},{"type":"Feature","id":"way/199863103","geometry":{"type":"LineString","coordinates":[[-0.491142,51.742309],[-0.484233,51.740807],[-0.479233,51.739359],[-0.474899,51.737884],[-0.471165,51.736396],[-0.467775,51.734841],[-0.464299,51.733153],[-0.462947,51.732343],[-0.450373,51.72486],[-0.447734,51.723198],[-0.446468,51.722215],[-0.444708,51.72058],[-0.443077,51.718626],[-0.441575,51.716525],[-0.440545,51.714252],[-0.438314,51.707378],[-0.43767,51.705224],[-0.43649,51.701221],[-0.435374,51.69783],[-0.434945,51.696606],[-0.434301,51.695316],[-0.43325,51.693667],[-0.431769,51.691858],[-0.429924,51.689996],[-0.426555,51.687255],[-0.419302,51.681708],[-0.406256,51.671622],[-0.402372,51.668707],[-0.397072,51.664568],[-0.396128,51.663796],[-0.393245,51.661638],[-0.391987,51.660695],[-0.388661,51.658006],[-0.38645,51.656116],[-0.384798,51.653733],[-0.384305,51.652242],[-0.383918,51.650738],[-0.383854,51.649207],[-0.384391,51.64701],[-0.385099,51.644866],[-0.385234,51.644475],[-0.386472,51.640898],[-0.386966,51.63902],[-0.38718,51.637609],[-0.38733,51.636024],[-0.387309,51.634825],[-0.387094,51.633001],[-0.386601,51.631123],[-0.385506,51.627926],[-0.382889,51.623277],[-0.381258,51.620839],[-0.379026,51.618321],[-0.377267,51.616523],[-0.375014,51.614684],[-0.368641,51.609634],[-0.363534,51.606222],[-0.35686,51.602571],[-0.341819,51.595546],[-0.334673,51.592147],[-0.330188,51.589974],[-0.326326,51.588068],[-0.323022,51.586281],[-0.320339,51.584628],[-0.318344,51.583108],[-0.316761,51.581788],[-0.315635,51.580788],[-0.315013,51.580186],[-0.314002,51.579068],[-0.313053,51.577988],[-0.312264,51.576793],[-0.311229,51.5752],[-0.309763,51.572756],[-0.30853,51.570596],[-0.306657,51.567456],[-0.304722,51.564169],[-0.303674,51.562338],[-0.302467,51.560354],[-0.300581,51.557228],[-0.299176,51.555151],[-0.297919,51.553595],[-0.29713,51.552745],[-0.296243,51.551833],[-0.294111,51.550101],[-0.291917,51.548538],[-0.289612,51.547112],[-0.28631,51.54538],[-0.281861,51.543563],[-0.276598,51.541831],[-0.268267,51.539125],[-0.264742,51.537937],[-0.258864,51.536021],[-0.252369,51.533897],[-0.247341,51.532299],[-0.244594,51.531525],[-0.241054,51.530858],[-0.237814,51.53031],[-0.234745,51.53007],[-0.23069,51.530057],[-0.22466,51.530417],[-0.221077,51.530791],[-0.217386,51.531498],[-0.213416,51.532259],[-0.207837,51.533341],[-0.204898,51.533794],[-0.200671,51.534622],[-0.197559,51.535423],[-0.19434,51.536384],[-0.190736,51.537838],[-0.187152,51.539267],[-0.185242,51.539894],[-0.182646,51.540561],[-0.180007,51.541082],[-0.178827,51.541242],[-0.163269,51.542828],[-0.161826,51.542973],[-0.159496,51.543101],[-0.156881,51.543119],[-0.155695,51.543008],[-0.154508,51.542782],[-0.153717,51.542556],[-0.152928,51.542288],[-0.15227,51.541987],[-0.15168,51.541697],[-0.151349,51.541491],[-0.151038,51.541276],[-0.150866,51.541142],[-0.150373,51.540742],[-0.149852,51.540288],[-0.148884,51.539402],[-0.147886,51.538486],[-0.14669,51.537397],[-0.145502,51.536306],[-0.144308,51.535213],[-0.143689,51.534647],[-0.143364,51.534355],[-0.142828,51.533862],[-0.142447,51.533519],[-0.142055,51.533197],[-0.141661,51.532909],[-0.14117,51.532565],[-0.140816,51.532358],[-0.140516,51.532185],[-0.140183,51.532025],[-0.13999,51.531943],[-0.138752,51.531419],[-0.137692,51.530987],[-0.137668,51.530975],[-0.137207,51.530772],[-0.137007,51.530693],[-0.136809,51.53059],[-0.136767,51.530572],[-0.136302,51.530376],[-0.13606,51.530273],[-0.135696,51.530109],[-0.135325,51.529927],[-0.135017,51.52977],[-0.134762,51.529625],[-0.13451,51.529472],[-0.134306,51.529313],[-0.134143,51.529173],[-0.133612,51.528677]]},"properties":{"category":"rail","kind":"rail","name":null}},{"type":"Feature","id":"way/199863107","geometry":{"type":"LineString","coordinates":[[-0.134947,51.528841],[-0.136294,51.530089],[-0.136382,51.530157],[-0.136479,51.530229],[-0.136586,51.530303],[-0.136813,51.530442],[-0.136904,51.530491],[-0.13706,51.530568],[-0.137576,51.530772],[-0.137644,51.530799],[-0.1378,51.530869]]},"properties":{"category":"rail","kind":"rail","name":null}},{"type":"Feature","id":"way/199863108","geometry":{"type":"LineString","coordinates":[[-0.134789,51.528739],[-0.136162,51.530022],[-0.136253,51.530109],[-0.136414,51.530234],[-0.136671,51.53042],[-0.136927,51.530614]]},"properties":{"category":"rail","kind":"rail","name":null}},{"type":"Feature","id":"way/200069996","geometry":{"type":"LineString","coordinates":[[-0.106393,51.564833],[-0.105748,51.568945],[-0.105016,51.574605],[-0.105016,51.576334],[-0.105293,51.577546],[-0.105732,51.578658],[-0.106903,51.580507],[-0.109131,51.582831],[-0.110285,51.584084],[-0.110822,51.584883],[-0.111651,51.586348],[-0.112854,51.588682],[-0.113814,51.589955],[-0.118546,51.595865],[-0.119831,51.59739],[-0.120644,51.598198],[-0.12214,51.599612],[-0.123961,51.600895],[-0.125522,51.601915],[-0.128628,51.603855],[-0.137849,51.609632],[-0.138873,51.610298],[-0.140792,51.611793],[-0.142321,51.613318],[-0.142825,51.613813],[-0.147281,51.618346],[-0.155607,51.626877],[-0.157737,51.629048],[-0.160225,51.631581],[-0.162616,51.634095],[-0.16499,51.636356],[-0.166291,51.637678],[-0.168486,51.640463],[-0.16969,51.642552],[-0.172617,51.648294],[-0.174178,51.651361],[-0.174731,51.652996],[-0.175089,51.654307],[-0.175284,51.65571],[-0.175398,51.657738],[-0.175869,51.663548],[-0.176178,51.668662],[-0.17665,51.67561],[-0.17704,51.677244],[-0.177658,51.678534],[-0.179073,51.680854],[-0.181919,51.685431],[-0.184277,51.689121],[-0.184894,51.689978],[-0.185659,51.690845],[-0.186391,51.691591],[-0.188488,51.693456],[-0.191806,51.696379],[-0.193156,51.697588],[-0.194017,51.698375],[-0.195579,51.699967],[-0.197741,51.702497],[-0.20088,51.706538],[-0.20153,51.707647],[-0.202457,51.7094],[-0.203108,51.71079],[-0.203628,51.712131],[-0.204084,51.713914],[-0.204311,51.715536],[-0.204848,51.721168],[-0.205336,51.727423],[-0.20558,51.728682],[-0.205824,51.729629],[-0.206149,51.730556],[-0.206751,51.731754],[-0.207352,51.732812],[-0.208133,51.73393],[-0.209174,51.735118],[-0.2101,51.735974],[-0.210588,51.736417],[-0.212475,51.73814],[-0.218264,51.743386],[-0.219386,51.744463],[-0.220102,51.745329],[-0.220719,51.746386],[-0.221386,51.747594],[-0.221874,51.749064],[-0.222085,51.750202],[-0.222118,51.75141],[-0.222004,51.752497],[-0.221679,51.753736],[-0.221224,51.754793],[-0.220719,51.755769],[-0.22015,51.756584],[-0.219418,51.75749],[-0.218394,51.758708],[-0.217516,51.759745],[-0.217044,51.76049],[-0.216621,51.761295],[-0.21628,51.762121],[-0.215971,51.763379],[-0.215727,51.764335],[-0.215776,51.76516],[-0.215743,51.7668],[-0.215803,51.767666],[-0.215857,51.768451],[-0.21615,51.775485],[-0.21615,51.77636],[-0.215971,51.777537],[-0.215776,51.778453],[-0.215451,51.779238],[-0.213906,51.782125],[-0.207027,51.794458],[-0.203815,51.800849],[-0.20264,51.803104],[-0.201335,51.8055],[-0.19418,51.819575],[-0.188245,51.831505],[-0.184976,51.837484],[-0.18387,51.840076],[-0.183024,51.842347],[-0.182667,51.843663],[-0.182618,51.844919],[-0.182699,51.846004],[-0.182976,51.8474],[-0.183594,51.850022],[-0.184634,51.85392],[-0.185317,51.857375],[-0.18548,51.85863],[-0.185903,51.863431],[-0.186147,51.864606],[-0.186407,51.865379],[-0.186748,51.866283],[-0.187074,51.867086],[-0.192733,51.879797],[-0.194164,51.882818],[-0.195009,51.884234],[-0.195823,51.885368],[-0.197026,51.886763],[-0.198233,51.88813],[-0.198896,51.888881],[-0.20036,51.890517],[-0.201921,51.892544],[-0.202864,51.893949],[-0.204246,51.896388],[-0.20719,51.901786],[-0.211596,51.909903],[-0.215207,51.916132],[-0.216475,51.917747],[-0.217483,51.918921],[-0.21937,51.921007],[-0.222655,51.924637],[-0.224801,51.926934],[-0.226005,51.928037],[-0.227257,51.92907],[-0.228379,51.929882],[-0.229859,51.930784],[-0.232119,51.932248],[-0.234038,51.933482],[-0.240526,51.937582],[-0.245389,51.94068],[-0.252349,51.945061],[-0.258333,51.949151],[-0.259406,51.949983],[-0.26087,51.951276],[-0.263033,51.95318],[-0.265001,51.954964],[-0.265565,51.955498]]},"properties":{"category":"rail","kind":"rail","name":"East Coast Mainline"}},{"type":"Feature","id":"way/200185060","geometry":{"type":"LineString","coordinates":[[-0.12214,51.599612],[-0.123383,51.60069],[-0.124036,51.601456],[-0.124258,51.60206],[-0.124184,51.602635],[-0.123913,51.603216],[-0.121793,51.605559],[-0.120339,51.60725],[-0.117332,51.610602],[-0.11589,51.612248],[-0.11361,51.614804],[-0.110172,51.618661],[-0.108077,51.621056],[-0.107152,51.622295],[-0.106585,51.623244],[-0.106055,51.624453],[-0.105279,51.626809],[-0.104687,51.628959],[-0.104404,51.629625],[-0.104071,51.630175],[-0.103517,51.631002],[-0.102962,51.631675],[-0.101939,51.632731],[-0.101212,51.633648],[-0.100916,51.634077],[-0.100201,51.635438],[-0.099104,51.638268],[-0.097527,51.641863],[-0.096911,51.643332],[-0.096631,51.643941]]},"properties":{"category":"rail","kind":"rail","name":"Hertford loop line"}},{"type":"Feature","id":"way/200185061","geometry":{"type":"LineString","coordinates":[[-0.092767,51.653304],[-0.093979,51.651001],[-0.09473,51.649124],[-0.095406,51.647606],[-0.095985,51.645675],[-0.096631,51.643941]]},"properties":{"category":"rail","kind":"rail","name":null}},{"type":"Feature","id":"way/200425819","geometry":{"type":"LineString","coordinates":[[0.270716,51.191437],[0.26645,51.191883],[0.264993,51.192035],[0.264105,51.192205],[0.263611,51.192368],[0.263078,51.192562],[0.26262,51.192825],[0.262163,51.193123],[0.261836,51.193451],[0.261387,51.194078],[0.26092,51.195049],[0.260177,51.196955],[0.259608,51.198239],[0.25886,51.199432],[0.258014,51.2004],[0.25673,51.201592],[0.255461,51.202448],[0.253168,51.203742],[0.239021,51.211057],[0.236354,51.212024],[0.23328,51.213023],[0.227767,51.214602],[0.222287,51.216231],[0.220449,51.216863],[0.219149,51.217372],[0.21601,51.218972],[0.21388,51.220326],[0.211489,51.222109],[0.207879,51.225296],[0.206334,51.226824],[0.205033,51.228555],[0.204123,51.230032],[0.199839,51.238624],[0.194432,51.252164],[0.188939,51.265713],[0.188123,51.267109],[0.186793,51.268545],[0.185763,51.269472],[0.18484,51.27021],[0.184003,51.271365],[0.183059,51.272747],[0.182716,51.273835],[0.182459,51.274989],[0.182158,51.275969],[0.181901,51.276412],[0.180871,51.278197],[0.17954,51.279499],[0.177931,51.280761],[0.175871,51.281848],[0.174133,51.282908],[0.172309,51.284358],[0.171429,51.285432],[0.170571,51.28672],[0.170035,51.288317],[0.169884,51.2899],[0.170249,51.291578],[0.171751,51.298702],[0.171782,51.298953],[0.171901,51.299937],[0.171751,51.302191],[0.171129,51.304163],[0.170013,51.306081],[0.168661,51.307785],[0.164305,51.312908],[0.163383,51.314303],[0.162803,51.315524],[0.161494,51.319306],[0.160743,51.32066],[0.160005,51.321537],[0.147161,51.335986],[0.144972,51.338385],[0.143328,51.340299]]},"properties":{"category":"rail","kind":"rail","name":"South Eastern Main Line"}},{"type":"Feature","id":"way/200427447","geometry":{"type":"LineString","coordinates":[[0.520014,51.277475],[0.518258,51.27737],[0.516633,51.277405],[0.515288,51.277651],[0.513196,51.278141],[0.511309,51.278878],[0.509983,51.279742],[0.508974,51.280642],[0.508339,51.281518],[0.505164,51.286904],[0.504062,51.288061],[0.502642,51.289101],[0.501147,51.289825],[0.499485,51.290409],[0.497486,51.290806],[0.494964,51.291028],[0.492573,51.290946],[0.490276,51.290503],[0.488221,51.28979],[0.479273,51.284813],[0.477648,51.28403],[0.476415,51.283563],[0.475201,51.283166],[0.473127,51.28264],[0.470923,51.282324],[0.469037,51.282149],[0.467131,51.282149],[0.465599,51.282196],[0.440307,51.285666],[0.43332,51.286717],[0.431677,51.287079],[0.42809,51.288049],[0.425176,51.289089],[0.422131,51.290467],[0.418694,51.292091],[0.410923,51.295736],[0.409373,51.29639],[0.407654,51.296915],[0.404329,51.297768],[0.400238,51.298726],[0.395288,51.29987],[0.392019,51.300548],[0.388451,51.300957],[0.385033,51.301108],[0.38139,51.30098],[0.379148,51.300781],[0.376365,51.300326],[0.374348,51.299882],[0.371228,51.29924],[0.369192,51.298959],[0.365811,51.298562],[0.356508,51.297745],[0.351259,51.297324],[0.347336,51.297242],[0.340126,51.297196],[0.337679,51.297149],[0.335643,51.296799],[0.329646,51.294755],[0.328656,51.294451],[0.326844,51.294019],[0.324939,51.293668],[0.323706,51.293563],[0.306166,51.293131],[0.29789,51.292944],[0.292884,51.292617],[0.28799,51.292301],[0.286365,51.292301],[0.284534,51.292418],[0.283525,51.2925],[0.281247,51.292804],[0.279322,51.293189],[0.277361,51.293773],[0.275661,51.294369],[0.272897,51.295432],[0.271346,51.295864],[0.269049,51.29639],[0.266732,51.296775],[0.264173,51.297056],[0.262454,51.297114],[0.247436,51.297254],[0.230082,51.297406],[0.226738,51.297453],[0.224609,51.29764],[0.203146,51.299952],[0.201352,51.300244],[0.200045,51.300735],[0.199241,51.301237],[0.198588,51.301774],[0.198046,51.302475],[0.197897,51.303152],[0.197822,51.303876]]},"properties":{"category":"rail","kind":"rail","name":"Kent Downs Line"}},{"type":"Feature","id":"way/200427449","geometry":{"type":"LineString","coordinates":[[0.170369,51.393697],[0.172581,51.394229],[0.173898,51.39433],[0.1758,51.394168],[0.177248,51.393833],[0.180289,51.392615],[0.182403,51.39155],[0.184306,51.390312],[0.185997,51.388952],[0.188696,51.385867],[0.195559,51.377494],[0.200063,51.372093],[0.201283,51.37055],[0.201885,51.369627],[0.203039,51.367525],[0.203901,51.365829],[0.204259,51.364804],[0.204373,51.363982],[0.204356,51.363078],[0.204242,51.362276],[0.203917,51.361433],[0.203072,51.360011],[0.202047,51.358569],[0.201706,51.357869],[0.201023,51.355878],[0.200502,51.354934],[0.199738,51.35404],[0.196713,51.351166],[0.196112,51.350526],[0.19577,51.349968],[0.195315,51.349054],[0.194973,51.347723],[0.194859,51.345763],[0.194762,51.345072],[0.194339,51.343995],[0.193802,51.342949],[0.193054,51.341893],[0.190339,51.33855],[0.189802,51.337656],[0.189363,51.336732],[0.189152,51.335767],[0.188973,51.334669],[0.188225,51.323136],[0.188322,51.322181],[0.18881,51.321134],[0.189477,51.320138],[0.190225,51.319396],[0.194843,51.315331],[0.196307,51.314081],[0.197087,51.313013],[0.197884,51.311763],[0.198193,51.310787],[0.198616,51.309405],[0.198616,51.3079],[0.198567,51.307392],[0.198209,51.305776],[0.197822,51.303876],[0.196274,51.297154],[0.194973,51.291459],[0.194632,51.290656],[0.193949,51.289862],[0.193233,51.289364],[0.192567,51.288967],[0.191396,51.28852],[0.190274,51.288276],[0.188225,51.287686],[0.187037,51.287127],[0.186046,51.286364],[0.185249,51.285621],[0.181086,51.28076],[0.180694,51.279819],[0.18063,51.279183],[0.180871,51.278197]]},"properties":{"category":"rail","kind":"rail","name":"Darent Valley line"}},{"type":"Feature","id":"way/200431557","geometry":{"type":"LineString","coordinates":[[-0.093485,51.361524],[-0.093216,51.360867],[-0.092776,51.359808],[-0.092669,51.359118],[-0.092491,51.356507],[-0.092325,51.354643],[-0.09225,51.353678],[-0.092325,51.352968],[-0.092583,51.351279],[-0.092883,51.350026],[-0.093076,51.349323],[-0.093495,51.348324],[-0.094439,51.346361],[-0.095158,51.345282],[-0.09608,51.343995],[-0.097539,51.342434],[-0.098473,51.341448],[-0.098923,51.340785],[-0.099492,51.33996],[-0.099835,51.339351],[-0.100125,51.338566],[-0.100404,51.337702],[-0.10049,51.337052],[-0.100565,51.336194],[-0.10049,51.335456],[-0.100382,51.334746],[-0.100157,51.334049],[-0.0999,51.333352],[-0.099685,51.332869],[-0.099235,51.332091],[-0.098612,51.331314],[-0.093087,51.324596],[-0.091885,51.323483],[-0.090448,51.322243],[-0.088549,51.320996],[-0.085577,51.31938],[-0.08489,51.318991],[-0.08342,51.317972],[-0.082283,51.316946],[-0.081081,51.315806],[-0.079944,51.314317],[-0.079354,51.313439],[-0.079043,51.312661],[-0.078646,51.311829],[-0.078356,51.310763],[-0.078109,51.309334],[-0.077798,51.308489],[-0.077369,51.307537],[-0.076725,51.306296],[-0.0762,51.305491],[-0.075288,51.304411],[-0.074097,51.303305],[-0.073056,51.302211],[-0.07134,51.300863],[-0.070084,51.300011],[-0.068421,51.299025],[-0.066791,51.298294],[-0.064913,51.297549],[-0.062424,51.296764],[-0.061179,51.296288],[-0.059935,51.295798],[-0.058175,51.295013],[-0.056866,51.294349],[-0.055654,51.293544],[-0.054763,51.29292],[-0.053701,51.291947],[-0.052843,51.291162],[-0.052232,51.290431],[-0.051631,51.289679],[-0.050363,51.28797],[-0.048732,51.28644],[-0.046457,51.284951],[-0.044934,51.283783],[-0.044054,51.282763],[-0.043754,51.282078],[-0.042616,51.278441],[-0.041801,51.276615],[-0.040621,51.275032],[-0.039097,51.273448],[-0.03708,51.271877],[-0.034119,51.270226],[-0.031287,51.269071],[-0.027038,51.267635],[-0.022167,51.265876],[-0.013756,51.262909],[-0.010988,51.261875],[-0.009722,51.261378],[-0.007941,51.260424],[-0.006503,51.259431],[-0.004937,51.258249],[-0.004508,51.257766],[-0.003499,51.256705],[-0.002491,51.255443],[-0.001632,51.253777],[-0.000774,51.252179],[0.001265,51.248338],[0.002724,51.246054],[0.003539,51.244872],[0.004526,51.244026],[0.0065,51.242481],[0.006728,51.242283],[0.007487,51.241622],[0.009483,51.239983],[0.01062,51.238948],[0.01165,51.237806],[0.012101,51.236691],[0.012423,51.234784],[0.012294,51.233386],[0.011972,51.232553],[0.001543,51.212005],[-0.007576,51.193828],[-0.008284,51.192281],[-0.008692,51.190843],[-0.009614,51.187467],[-0.009829,51.18623],[-0.009905,51.1854],[-0.009873,51.184452],[-0.009775,51.183657],[-0.009531,51.1828],[-0.009271,51.181934],[-0.007303,51.176929],[-0.006685,51.176072],[-0.006132,51.175399],[-0.005287,51.174594],[-0.003579,51.173401],[-0.002636,51.172514],[-0.002099,51.171698],[-0.001823,51.171025],[-0.000359,51.164866],[-9.9e-05,51.163337],[-0.000197,51.162399],[-0.000538,51.161369],[-0.000945,51.160502],[-0.002506,51.158941],[-0.003335,51.157901],[-0.003807,51.156963],[-0.004165,51.156239],[-0.004327,51.155402],[-0.004132,51.154107],[-0.003758,51.15326],[-0.003221,51.152067],[-0.002636,51.150965],[-0.002392,51.150271],[-0.00236,51.14968],[-0.002376,51.148782],[-0.003221,51.141355],[-0.003514,51.140518],[-0.003953,51.139753],[-0.004409,51.139263],[-0.005449,51.138447],[-0.006393,51.137794],[-0.007222,51.137457],[-0.008962,51.136733],[-0.010409,51.135733],[-0.013402,51.133356],[-0.014003,51.132672],[-0.015402,51.130366],[-0.017256,51.127283],[-0.017646,51.1266],[-0.017808,51.126375]]},"properties":{"category":"rail","kind":"rail","name":"Oxted line"}},{"type":"Feature","id":"way/200444931","geometry":{"type":"LineString","coordinates":[[0.07363,51.27003],[0.077184,51.271927],[0.079525,51.273301],[0.082127,51.274801],[0.08381,51.275702],[0.085575,51.276658],[0.087461,51.277411],[0.08977,51.27827],[0.093868,51.279644],[0.098641,51.28121],[0.10117,51.282171],[0.104211,51.283402],[0.106853,51.28416],[0.109854,51.284933],[0.112846,51.285446],[0.117277,51.286026],[0.120952,51.286606],[0.123489,51.286891],[0.125815,51.287196],[0.129604,51.287857],[0.132571,51.288254],[0.135547,51.288604],[0.137523,51.288792],[0.140247,51.28922],[0.14441,51.290221],[0.147589,51.290908],[0.150882,51.291579],[0.155379,51.292566],[0.159046,51.293379],[0.162388,51.294081],[0.164477,51.294533],[0.167656,51.295164],[0.16938,51.295789],[0.170413,51.296531],[0.17108,51.297289],[0.171502,51.298189],[0.171782,51.298953]]},"properties":{"category":"rail","kind":"rail","name":"Westerham Valley branch line"}},{"type":"Feature","id":"way/200444950","geometry":{"type":"LineString","coordinates":[[-0.419242,51.291945],[-0.418381,51.292425],[-0.417308,51.292835],[-0.416576,51.292997],[-0.415641,51.293129],[-0.414914,51.293144],[-0.413987,51.2931],[-0.413187,51.292967],[-0.412408,51.29279],[-0.406339,51.291142],[-0.391963,51.28864],[-0.390288,51.288467],[-0.388337,51.288447],[-0.386174,51.288548],[-0.383848,51.288874],[-0.381279,51.289464],[-0.378807,51.290338],[-0.373994,51.292728],[-0.371766,51.293643],[-0.368904,51.294701],[-0.366481,51.295494],[-0.363358,51.296307],[-0.360252,51.296979],[-0.356903,51.297528],[-0.353699,51.297873],[-0.351016,51.298056],[-0.348999,51.298056],[-0.347422,51.297863],[-0.345828,51.297589],[-0.344592,51.297192],[-0.339291,51.295352],[-0.33825,51.295189],[-0.337291,51.29527],[-0.336299,51.295484],[-0.335063,51.295911],[-0.334315,51.296419],[-0.333751,51.297065]]},"properties":{"category":"rail","kind":"rail","name":null}},{"type":"Feature","id":"way/200445777","geometry":{"type":"LineString","coordinates":[[-0.079126,51.283089],[-0.079383,51.283472],[-0.079662,51.284176],[-0.07977,51.284522],[-0.079973,51.285263],[-0.080006,51.285965],[-0.079871,51.287065],[-0.079657,51.287605],[-0.07912,51.288632],[-0.078514,51.289437],[-0.077039,51.290668],[-0.07455,51.292134],[-0.073638,51.292869],[-0.073075,51.293493],[-0.072619,51.294164],[-0.072276,51.294878],[-0.07212,51.295395],[-0.071997,51.296005],[-0.072066,51.297032],[-0.072174,51.297548],[-0.072334,51.297988],[-0.072715,51.298716],[-0.073193,51.299349],[-0.073804,51.300014],[-0.075376,51.301718],[-0.07727,51.303757],[-0.079465,51.306132],[-0.079968,51.306733],[-0.080428,51.307468],[-0.080619,51.307902],[-0.080902,51.309003],[-0.081058,51.309942],[-0.081256,51.310862],[-0.081539,51.311623],[-0.081822,51.312233],[-0.082204,51.312831],[-0.082665,51.313512],[-0.083096,51.313972],[-0.08391,51.314764],[-0.084823,51.315574],[-0.085524,51.316083],[-0.093579,51.321506],[-0.095052,51.322431],[-0.095653,51.322794],[-0.096538,51.323236],[-0.097933,51.323838],[-0.099327,51.324315],[-0.100828,51.324758],[-0.105719,51.326124],[-0.106547,51.326368],[-0.10717,51.326589],[-0.107658,51.326805],[-0.108203,51.327089],[-0.108621,51.327305],[-0.109088,51.327566],[-0.109591,51.327942],[-0.109987,51.328256],[-0.110518,51.328787],[-0.110872,51.329212],[-0.111658,51.330384],[-0.111997,51.330897],[-0.112323,51.331286],[-0.112663,51.331666],[-0.113116,51.3321],[-0.113732,51.332569],[-0.114517,51.333081],[-0.115027,51.333396],[-0.115452,51.33378],[-0.11577,51.334223],[-0.115961,51.334736],[-0.115968,51.335403],[-0.115792,51.335899],[-0.11519,51.336637],[-0.114441,51.337144],[-0.112677,51.338273],[-0.112058,51.338701]]},"properties":{"category":"rail","kind":"rail","name":"Caterham Line"}},{"type":"Feature","id":"way/200504940","geometry":{"type":"LineString","coordinates":[[-0.561144,51.668115],[-0.556922,51.66733],[-0.555087,51.667081],[-0.553924,51.66695],[-0.552501,51.666864],[-0.551192,51.666894],[-0.54872,51.66705],[-0.546395,51.667156],[-0.543549,51.667055],[-0.541833,51.666813],[-0.539857,51.666435],[-0.538508,51.666112],[-0.536442,51.665401],[-0.534759,51.66463],[-0.533499,51.663959],[-0.531473,51.662619],[-0.530888,51.662239],[-0.528989,51.66101],[-0.527854,51.660279],[-0.526671,51.659501],[-0.525752,51.65891],[-0.524303,51.657968],[-0.52378,51.657632],[-0.522911,51.657072],[-0.521945,51.656451],[-0.521082,51.655892],[-0.520545,51.655541],[-0.520449,51.655479],[-0.52021,51.655326],[-0.519278,51.654741],[-0.518697,51.654392],[-0.51811,51.654063],[-0.517398,51.653669],[-0.517015,51.65349],[-0.516659,51.653309],[-0.515843,51.652937],[-0.514367,51.652334],[-0.513712,51.652102],[-0.513305,51.651959],[-0.51278,51.651786],[-0.51209,51.651577],[-0.511612,51.651446],[-0.510804,51.651248],[-0.510177,51.651112],[-0.509542,51.650981],[-0.508846,51.65084],[-0.507214,51.650569],[-0.506077,51.650384],[-0.504328,51.650093],[-0.50403,51.650041],[-0.503245,51.649913],[-0.50225,51.649752],[-0.500343,51.649435],[-0.499171,51.649249],[-0.498524,51.649147],[-0.497446,51.648983],[-0.49731,51.648961],[-0.496694,51.648876],[-0.496482,51.648846],[-0.496057,51.648795],[-0.495047,51.648682],[-0.494571,51.648632],[-0.494047,51.648567],[-0.493545,51.648504],[-0.493072,51.648432],[-0.492394,51.648323],[-0.491698,51.648192],[-0.491123,51.648075],[-0.490465,51.64793],[-0.489752,51.64776],[-0.489108,51.647591],[-0.488245,51.64736],[-0.487514,51.647131],[-0.487116,51.646999],[-0.486613,51.646828],[-0.486019,51.646604],[-0.485631,51.646449],[-0.485185,51.646258],[-0.484454,51.64592],[-0.483907,51.645644],[-0.483458,51.645399],[-0.4828,51.64501],[-0.482214,51.644645],[-0.481707,51.644324],[-0.481013,51.643881],[-0.48035,51.643469],[-0.479612,51.642997],[-0.478717,51.642435],[-0.477993,51.641982],[-0.476971,51.641357],[-0.476587,51.641132],[-0.476331,51.641003],[-0.475982,51.640832],[-0.475687,51.640715],[-0.47547,51.640634],[-0.475049,51.640504],[-0.474655,51.640403],[-0.474452,51.640356]]},"properties":{"category":"rail","kind":"rail","name":null}},{"type":"Feature","id":"way/200523297","geometry":{"type":"LineString","coordinates":[[0.31855,51.422407],[0.319939,51.423579],[0.320698,51.424218],[0.321353,51.424738],[0.321962,51.425208],[0.323171,51.426205],[0.323555,51.426461],[0.324507,51.427074],[0.325647,51.427738],[0.326444,51.428175],[0.327356,51.4286],[0.328023,51.428914],[0.329971,51.429814],[0.333192,51.431334],[0.335539,51.432429],[0.339085,51.434084],[0.342706,51.43579],[0.345959,51.437313],[0.346793,51.437701],[0.347889,51.438209],[0.349194,51.438826],[0.350567,51.439471],[0.351352,51.439832],[0.351697,51.439995],[0.352853,51.440535],[0.35318,51.440686],[0.353423,51.440806],[0.353647,51.440926],[0.35388,51.441057],[0.354293,51.441251],[0.355044,51.441605],[0.355481,51.441811],[0.355787,51.441935],[0.356101,51.442065],[0.356313,51.442169],[0.356938,51.442479],[0.357426,51.442765],[0.357847,51.442994],[0.358196,51.443147],[0.358591,51.443303],[0.358988,51.443422],[0.359274,51.443498],[0.359576,51.443565],[0.360095,51.443677],[0.360528,51.443766],[0.361158,51.443903],[0.361723,51.444024],[0.362138,51.444115],[0.36262,51.444221],[0.362777,51.444258],[0.362899,51.44429],[0.36303,51.44433],[0.363143,51.444367],[0.363245,51.444405],[0.363353,51.444453],[0.363481,51.444517],[0.36359,51.444575],[0.363663,51.444619],[0.363754,51.44468],[0.363846,51.444741],[0.363965,51.444835],[0.364047,51.444902],[0.364162,51.445023],[0.364255,51.445133],[0.364331,51.445242],[0.364389,51.44534],[0.36444,51.445449],[0.364483,51.445582],[0.364516,51.445682],[0.364546,51.445812]]},"properties":{"category":"rail","kind":"rail","name":null}},{"type":"Feature","id":"way/200773857","geometry":{"type":"LineString","coordinates":[[-0.400384,51.645981],[-0.399392,51.646497],[-0.398802,51.646812],[-0.398482,51.646993],[-0.398136,51.64723],[-0.397876,51.647429],[-0.396854,51.648322],[-0.396487,51.648646],[-0.396184,51.648959],[-0.395591,51.649654],[-0.395344,51.649986],[-0.395092,51.65032]]},"properties":{"category":"rail","kind":"rail","name":null}},{"type":"Feature","id":"way/200817052","geometry":{"type":"LineString","coordinates":[[-0.461486,51.359663],[-0.463062,51.359157],[-0.464323,51.358941],[-0.465397,51.358842],[-0.466826,51.358882],[-0.468358,51.359157],[-0.469684,51.359512],[-0.47087,51.360055],[-0.471748,51.360609],[-0.472608,51.361425],[-0.473093,51.362166],[-0.474616,51.364813],[-0.47512,51.36563],[-0.475867,51.366604],[-0.476577,51.36749],[-0.477707,51.368615],[-0.478987,51.369694],[-0.480472,51.370732],[-0.482153,51.371776],[-0.484516,51.37314],[-0.494413,51.378814],[-0.50379,51.384037],[-0.509412,51.38717],[-0.51018,51.387469],[-0.511511,51.38793],[-0.513236,51.388346],[-0.515023,51.388561],[-0.518511,51.388876],[-0.520138,51.389069],[-0.521345,51.38923],[-0.522775,51.389545],[-0.524365,51.389938],[-0.526201,51.390537],[-0.527914,51.391214],[-0.530293,51.392206],[-0.533177,51.393321],[-0.536516,51.394429],[-0.539166,51.395175],[-0.541163,51.395697],[-0.546228,51.396828],[-0.553548,51.398419],[-0.558654,51.399507],[-0.559319,51.399646],[-0.560054,51.399837],[-0.560807,51.400149],[-0.561436,51.400649],[-0.561867,51.40131],[-0.561978,51.401864],[-0.561933,51.402619]]},"properties":{"category":"rail","kind":"rail","name":"Chertsey branch line"}},{"type":"Feature","id":"way/200981011","geometry":{"type":"LineString","coordinates":[[-0.097109,51.372306],[-0.095851,51.372397],[-0.095342,51.372469],[-0.094883,51.372584],[-0.094392,51.372758],[-0.094006,51.372954],[-0.093746,51.373123],[-0.093491,51.373346],[-0.093317,51.37356],[-0.093137,51.373813],[-0.093049,51.374063],[-0.092992,51.374426],[-0.092987,51.375253],[-0.092941,51.375675]]},"properties":{"category":"rail","kind":"rail","name":null}},{"type":"Feature","id":"way/201031343","geometry":{"type":"LineString","coordinates":[[0.143328,51.340299],[0.141238,51.341991],[0.139093,51.343385],[0.137054,51.344229],[0.134329,51.345074],[0.130982,51.345731],[0.127591,51.346374],[0.123343,51.347285],[0.121412,51.347955],[0.11903,51.349081],[0.116219,51.350475],[0.114803,51.351413],[0.108365,51.356599],[0.104288,51.359239],[0.099117,51.362468],[0.096971,51.364223],[0.094589,51.366433],[0.092723,51.368429],[0.088732,51.37364],[0.085857,51.376894],[0.080728,51.382198],[0.074506,51.388599],[0.068755,51.394329],[0.065729,51.397301],[0.063713,51.39951],[0.061159,51.402134],[0.059249,51.403955],[0.057378,51.40543]]},"properties":{"category":"rail","kind":"rail","name":"South Eastern Main Line"}},{"type":"Feature","id":"way/201065187","geometry":{"type":"LineString","coordinates":[[-0.23689,51.59344],[-0.236953,51.593176],[-0.237157,51.59244],[-0.237318,51.59191],[-0.237479,51.591375],[-0.237853,51.590131],[-0.238055,51.58945],[-0.23816,51.589041],[-0.238401,51.588284],[-0.238584,51.587694],[-0.238744,51.587159],[-0.239021,51.58625],[-0.239139,51.585832],[-0.239246,51.585413],[-0.239347,51.584934],[-0.239421,51.584447],[-0.239473,51.583942],[-0.239493,51.583451],[-0.239492,51.583119],[-0.239473,51.58272],[-0.239448,51.582381],[-0.239378,51.581888],[-0.239273,51.581336],[-0.239182,51.580995],[-0.239031,51.580498],[-0.238866,51.580036],[-0.238546,51.57931],[-0.238363,51.578953],[-0.238161,51.578589],[-0.237864,51.578103],[-0.237518,51.577586],[-0.237085,51.577022],[-0.236644,51.576501],[-0.236325,51.576163],[-0.235792,51.575652],[-0.235234,51.575176],[-0.234919,51.574927],[-0.234584,51.574673],[-0.234063,51.574285],[-0.233539,51.573895],[-0.232365,51.57303]]},"properties":{"category":"rail","kind":"rail","name":"Midland mainline"}},{"type":"Feature","id":"way/201065188","geometry":{"type":"LineString","coordinates":[[-0.236838,51.593632],[-0.23689,51.59344]]},"properties":{"category":"rail","kind":"rail","name":"Midland mainline"}},{"type":"Feature","id":"way/201065193","geometry":{"type":"LineString","coordinates":[[-0.23049,51.571642],[-0.229523,51.570943],[-0.228308,51.570107],[-0.227096,51.569278],[-0.226096,51.56856],[-0.225068,51.567759],[-0.223773,51.566731],[-0.222592,51.56582],[-0.221454,51.564971],[-0.219976,51.563884],[-0.218219,51.562601],[-0.216475,51.561318],[-0.215506,51.5606],[-0.214532,51.559881],[-0.213668,51.559223]]},"properties":{"category":"rail","kind":"rail","name":"Midland mainline"}},{"type":"Feature","id":"way/201065194","geometry":{"type":"LineString","coordinates":[[-0.232365,51.57303],[-0.23049,51.571642]]},"properties":{"category":"rail","kind":"rail","name":"Midland mainline"}},{"type":"Feature","id":"way/201065195","geometry":{"type":"LineString","coordinates":[[-0.236888,51.593637],[-0.23694,51.593446]]},"properties":{"category":"rail","kind":"rail","name":"Midland mainline"}},{"type":"Feature","id":"way/201065196","geometry":{"type":"LineString","coordinates":[[-0.230523,51.571621],[-0.229563,51.570917],[-0.228892,51.570414],[-0.228355,51.570022],[-0.226858,51.568915],[-0.226016,51.568295],[-0.225216,51.567701],[-0.222634,51.565798],[-0.221489,51.564949],[-0.22001,51.563859],[-0.218249,51.562583],[-0.216509,51.5613],[-0.215538,51.56058],[-0.214567,51.55986],[-0.213705,51.5592]]},"properties":{"category":"rail","kind":"rail","name":"Midland mainline"}},{"type":"Feature","id":"way/201065197","geometry":{"type":"LineString","coordinates":[[-0.23694,51.593446],[-0.237007,51.59318],[-0.237374,51.591916],[-0.237528,51.59138],[-0.237901,51.590138],[-0.238103,51.589455],[-0.238216,51.589046],[-0.238451,51.588288],[-0.238635,51.587701],[-0.238794,51.587171],[-0.238796,51.587165],[-0.238856,51.586966],[-0.239071,51.586256],[-0.239194,51.585838],[-0.239302,51.585415],[-0.239398,51.584936],[-0.239473,51.584449],[-0.239527,51.583944],[-0.239545,51.583449],[-0.239542,51.583118],[-0.239522,51.582717],[-0.239499,51.582379],[-0.239466,51.582104],[-0.239396,51.581649],[-0.239291,51.581175],[-0.239172,51.580769],[-0.239035,51.580361],[-0.23879,51.579741],[-0.238596,51.579302],[-0.238412,51.578943],[-0.238211,51.578576],[-0.23791,51.578088],[-0.237566,51.57757],[-0.237135,51.577006],[-0.236693,51.576489],[-0.236368,51.576147],[-0.235837,51.575635],[-0.235278,51.575156],[-0.234958,51.574905],[-0.234107,51.574266],[-0.233576,51.573875],[-0.232405,51.57301]]},"properties":{"category":"rail","kind":"rail","name":"Midland mainline"}},{"type":"Feature","id":"way/201065198","geometry":{"type":"LineString","coordinates":[[-0.232405,51.57301],[-0.230523,51.571621]]},"properties":{"category":"rail","kind":"rail","name":"Midland mainline"}},{"type":"Feature","id":"way/201065199","geometry":{"type":"LineString","coordinates":[[-0.238584,51.587694],[-0.238794,51.587171]]},"properties":{"category":"rail","kind":"rail","name":"Midland mainline"}},{"type":"Feature","id":"way/201065200","geometry":{"type":"LineString","coordinates":[[-0.272383,51.639351],[-0.272002,51.638681],[-0.271584,51.638015],[-0.271401,51.637733],[-0.271073,51.637265],[-0.270527,51.636541],[-0.26972,51.635477],[-0.26892,51.634419],[-0.268086,51.633321],[-0.266492,51.631225],[-0.265738,51.630232],[-0.26522,51.629582],[-0.264683,51.62895],[-0.263201,51.627394],[-0.259916,51.62401],[-0.251214,51.61503],[-0.248861,51.612603],[-0.246419,51.610091],[-0.243987,51.607577],[-0.242741,51.606291],[-0.24149,51.605004],[-0.240718,51.604203],[-0.240107,51.603568],[-0.239514,51.60293],[-0.238985,51.602311],[-0.238521,51.601695],[-0.238236,51.601278],[-0.237972,51.60084],[-0.237728,51.600412],[-0.237528,51.600008],[-0.237345,51.599607],[-0.237156,51.599112],[-0.23707,51.598867],[-0.236994,51.598618],[-0.236867,51.59815],[-0.236804,51.597888],[-0.23673,51.597509],[-0.236672,51.59714],[-0.236594,51.596408],[-0.23658,51.595852],[-0.2366,51.595331],[-0.236658,51.594761],[-0.236719,51.594349],[-0.236808,51.593946],[-0.236888,51.593637]]},"properties":{"category":"rail","kind":"rail","name":"Midland mainline"}},{"type":"Feature","id":"way/201065201","geometry":{"type":"LineString","coordinates":[[-0.133788,51.545868],[-0.134195,51.546355],[-0.13451,51.546721],[-0.134809,51.547048],[-0.135057,51.547295]]},"properties":{"category":"rail","kind":"rail","name":"Midland Main Line"}},{"type":"Feature","id":"way/201065202","geometry":{"type":"LineString","coordinates":[[-0.135057,51.547295],[-0.135571,51.547749]]},"properties":{"category":"rail","kind":"rail","name":"Midland Main Line"}},{"type":"Feature","id":"way/201065203","geometry":{"type":"LineString","coordinates":[[-0.135025,51.547325],[-0.134754,51.547058],[-0.134458,51.546733],[-0.134151,51.546366],[-0.133755,51.545879]]},"properties":{"category":"rail","kind":"rail","name":"Midland Main Line"}},{"type":"Feature","id":"way/201065204","geometry":{"type":"LineString","coordinates":[[-0.135505,51.547748],[-0.135025,51.547325]]},"properties":{"category":"rail","kind":"rail","name":"Midland Main Line"}},{"type":"Feature","id":"way/201065205","geometry":{"type":"LineString","coordinates":[[-0.131704,51.543279],[-0.131815,51.543466],[-0.131922,51.543621]]},"properties":{"category":"rail","kind":"rail","name":"Midland Main Line"}},{"type":"Feature","id":"way/201065206","geometry":{"type":"LineString","coordinates":[[-0.131887,51.543639],[-0.131764,51.54348],[-0.131652,51.543289]]},"properties":{"category":"rail","kind":"rail","name":"Midland Main Line"}},{"type":"Feature","id":"way/201065207","geometry":{"type":"LineString","coordinates":[[-0.131498,51.542952],[-0.131704,51.543279]]},"properties":{"category":"rail","kind":"rail","name":"Midland Main Line"}},{"type":"Feature","id":"way/201065208","geometry":{"type":"LineString","coordinates":[[-0.131652,51.543289],[-0.131449,51.542959]]},"properties":{"category":"rail","kind":"rail","name":"Midland Main Line"}},{"type":"Feature","id":"way/201065209","geometry":{"type":"LineString","coordinates":[[-0.130791,51.541267],[-0.130848,51.541435],[-0.130923,51.541662],[-0.130995,51.541893],[-0.131186,51.542375],[-0.131303,51.542606],[-0.131498,51.542952]]},"properties":{"category":"rail","kind":"rail","name":"Midland Main Line"}},{"type":"Feature","id":"way/201065210","geometry":{"type":"LineString","coordinates":[[-0.1307,51.541027],[-0.130791,51.541267]]},"properties":{"category":"rail","kind":"rail","name":"Midland Main Line"}},{"type":"Feature","id":"way/201065212","geometry":{"type":"LineString","coordinates":[[-0.131449,51.542959],[-0.131245,51.542616],[-0.131119,51.542379],[-0.131031,51.542194],[-0.130915,51.5419],[-0.130804,51.54153],[-0.130715,51.54127]]},"properties":{"category":"rail","kind":"rail","name":"Midland Main Line"}},{"type":"Feature","id":"way/201065213","geometry":{"type":"LineString","coordinates":[[-0.130715,51.54127],[-0.130622,51.541026]]},"properties":{"category":"rail","kind":"rail","name":"Midland Main Line"}},{"type":"Feature","id":"way/201065214","geometry":{"type":"LineString","coordinates":[[-0.135571,51.547749],[-0.135986,51.548097],[-0.136384,51.548394]]},"properties":{"category":"rail","kind":"rail","name":"Midland Main Line"}},{"type":"Feature","id":"way/201065215","geometry":{"type":"LineString","coordinates":[[-0.136333,51.548407],[-0.135944,51.548119],[-0.135505,51.547748]]},"properties":{"category":"rail","kind":"rail","name":"Midland Main Line"}},{"type":"Feature","id":"way/201065216","geometry":{"type":"LineString","coordinates":[[-0.136672,51.548647],[-0.136333,51.548407]]},"properties":{"category":"rail","kind":"rail","name":"Midland Main Line"}},{"type":"Feature","id":"way/201065217","geometry":{"type":"LineString","coordinates":[[-0.136384,51.548394],[-0.136729,51.548645]]},"properties":{"category":"rail","kind":"rail","name":"Midland Main Line"}},{"type":"Feature","id":"way/201065218","geometry":{"type":"LineString","coordinates":[[-0.137667,51.549302],[-0.137428,51.549156],[-0.137179,51.548996],[-0.136917,51.548826],[-0.136672,51.548647]]},"properties":{"category":"rail","kind":"rail","name":"Midland Main Line"}},{"type":"Feature","id":"way/201065219","geometry":{"type":"LineString","coordinates":[[-0.136729,51.548645],[-0.136956,51.548807],[-0.137217,51.548978],[-0.137456,51.549132],[-0.137725,51.549291]]},"properties":{"category":"rail","kind":"rail","name":"Midland Main Line"}},{"type":"Feature","id":"way/201065220","geometry":{"type":"LineString","coordinates":[[-0.138148,51.549572],[-0.137667,51.549302]]},"properties":{"category":"rail","kind":"rail","name":"Midland Main Line"}},{"type":"Feature","id":"way/201065221","geometry":{"type":"LineString","coordinates":[[-0.137725,51.549291],[-0.138204,51.54956]]},"properties":{"category":"rail","kind":"rail","name":"Midland Main Line"}},{"type":"Feature","id":"way/201065222","geometry":{"type":"LineString","coordinates":[[-0.138204,51.54956],[-0.138426,51.549681],[-0.138659,51.549798],[-0.139185,51.550055],[-0.139926,51.550396],[-0.140448,51.550613]]},"properties":{"category":"rail","kind":"rail","name":"Midland Main Line"}},{"type":"Feature","id":"way/201065223","geometry":{"type":"LineString","coordinates":[[-0.140416,51.550642],[-0.139901,51.550422],[-0.139149,51.550083],[-0.138618,51.549827],[-0.138395,51.54971],[-0.138148,51.549572]]},"properties":{"category":"rail","kind":"rail","name":"Midland Main Line"}},{"type":"Feature","id":"way/201065224","geometry":{"type":"LineString","coordinates":[[-0.140448,51.550613],[-0.141015,51.550843]]},"properties":{"category":"rail","kind":"rail","name":"Midland Main Line"}},{"type":"Feature","id":"way/201065225","geometry":{"type":"LineString","coordinates":[[-0.140989,51.550871],[-0.140416,51.550642]]},"properties":{"category":"rail","kind":"rail","name":"Midland Main Line"}},{"type":"Feature","id":"way/201065226","geometry":{"type":"LineString","coordinates":[[-0.147975,51.552426],[-0.149024,51.552524],[-0.1499,51.552597],[-0.150588,51.55263],[-0.151493,51.552656]]},"properties":{"category":"rail","kind":"rail","name":"Midland Main Line"}},{"type":"Feature","id":"way/201065227","geometry":{"type":"LineString","coordinates":[[-0.151494,51.552687],[-0.150586,51.552663],[-0.149897,51.552629],[-0.149015,51.552564],[-0.147994,51.552467]]},"properties":{"category":"rail","kind":"rail","name":"Midland Main Line"}},{"type":"Feature","id":"way/201065228","geometry":{"type":"LineString","coordinates":[[-0.14736,51.552361],[-0.147975,51.552426]]},"properties":{"category":"rail","kind":"rail","name":"Midland Main Line"}},{"type":"Feature","id":"way/201065229","geometry":{"type":"LineString","coordinates":[[-0.147994,51.552467],[-0.14736,51.552396]]},"properties":{"category":"rail","kind":"rail","name":"Midland Main Line"}},{"type":"Feature","id":"way/201065230","geometry":{"type":"LineString","coordinates":[[-0.151822,51.552656],[-0.152769,51.552641],[-0.153462,51.552618],[-0.154007,51.55259]]},"properties":{"category":"rail","kind":"rail","name":"Midland Main Line"}},{"type":"Feature","id":"way/201065231","geometry":{"type":"LineString","coordinates":[[-0.154016,51.552628],[-0.153463,51.552656],[-0.152775,51.552681],[-0.15182,51.55269]]},"properties":{"category":"rail","kind":"rail","name":"Midland Main Line"}},{"type":"Feature","id":"way/201065232","geometry":{"type":"LineString","coordinates":[[-0.15182,51.55269],[-0.151494,51.552687]]},"properties":{"category":"rail","kind":"rail","name":"Midland Main Line"}},{"type":"Feature","id":"way/201065233","geometry":{"type":"LineString","coordinates":[[-0.151493,51.552656],[-0.151822,51.552656]]},"properties":{"category":"rail","kind":"rail","name":"Midland Main Line"}},{"type":"Feature","id":"way/201065234","geometry":{"type":"LineString","coordinates":[[-0.154007,51.55259],[-0.155503,51.552455]]},"properties":{"category":"rail","kind":"rail","name":"Midland Main Line"}},{"type":"Feature","id":"way/201065235","geometry":{"type":"LineString","coordinates":[[-0.155513,51.552507],[-0.154016,51.552628]]},"properties":{"category":"rail","kind":"rail","name":"Midland Main Line"}},{"type":"Feature","id":"way/201065236","geometry":{"type":"LineString","coordinates":[[-0.157495,51.552286],[-0.156978,51.552343],[-0.156576,51.552386]]},"properties":{"category":"rail","kind":"rail","name":"Midland Main Line"}},{"type":"Feature","id":"way/201065237","geometry":{"type":"LineString","coordinates":[[-0.156557,51.552349],[-0.156962,51.552302],[-0.157466,51.552242]]},"properties":{"category":"rail","kind":"rail","name":"Midland Main Line"}},{"type":"Feature","id":"way/201065238","geometry":{"type":"LineString","coordinates":[[-0.156347,51.552372],[-0.156557,51.552349]]},"properties":{"category":"rail","kind":"rail","name":"Midland Main Line"}},{"type":"Feature","id":"way/201065239","geometry":{"type":"LineString","coordinates":[[-0.156576,51.552386],[-0.156371,51.552408]]},"properties":{"category":"rail","kind":"rail","name":"Midland Main Line"}},{"type":"Feature","id":"way/201065240","geometry":{"type":"LineString","coordinates":[[-0.156371,51.552408],[-0.156043,51.552445],[-0.155513,51.552507]]},"properties":{"category":"rail","kind":"rail","name":"Midland Main Line"}},{"type":"Feature","id":"way/201065241","geometry":{"type":"LineString","coordinates":[[-0.155503,51.552455],[-0.156025,51.552405],[-0.156347,51.552372]]},"properties":{"category":"rail","kind":"rail","name":"Midland Main Line"}},{"type":"Feature","id":"way/201065242","geometry":{"type":"LineString","coordinates":[[-0.272335,51.639359],[-0.271955,51.638691],[-0.27154,51.638026],[-0.27133,51.637714],[-0.271018,51.63727],[-0.270485,51.636555],[-0.27008,51.636024],[-0.269674,51.635491],[-0.268869,51.63443],[-0.268455,51.633882],[-0.268037,51.633332],[-0.267202,51.63223],[-0.266446,51.631237],[-0.265692,51.630241],[-0.265181,51.629596],[-0.264632,51.628965],[-0.263155,51.627407],[-0.261279,51.625472],[-0.259872,51.624023],[-0.251177,51.615048],[-0.249448,51.613258],[-0.248818,51.612617],[-0.246371,51.610107],[-0.243943,51.607591],[-0.242695,51.606306],[-0.241455,51.605021],[-0.240676,51.604219],[-0.240065,51.603586],[-0.239466,51.602946],[-0.238937,51.602326],[-0.238474,51.601706],[-0.238186,51.601288],[-0.237923,51.600849],[-0.237682,51.600419],[-0.237486,51.600018],[-0.237298,51.599616],[-0.237107,51.59912],[-0.237023,51.598874],[-0.236941,51.598624],[-0.236815,51.598156],[-0.236749,51.597892],[-0.236677,51.597514],[-0.236619,51.597144],[-0.236543,51.596409],[-0.236531,51.595853],[-0.236548,51.59533],[-0.236607,51.59476],[-0.236667,51.594347],[-0.236756,51.593939],[-0.236838,51.593632]]},"properties":{"category":"rail","kind":"rail","name":"Midland mainline"}},{"type":"Feature","id":"way/201065247","geometry":{"type":"LineString","coordinates":[[-0.276811,51.647597],[-0.272335,51.639359]]},"properties":{"category":"rail","kind":"rail","name":"Midland mainline"}},{"type":"Feature","id":"way/201065248","geometry":{"type":"LineString","coordinates":[[-0.325644,51.703429],[-0.325653,51.703256],[-0.32565,51.70268],[-0.325623,51.702157],[-0.325574,51.701634],[-0.325511,51.701163],[-0.325434,51.700692],[-0.32532,51.700188],[-0.325111,51.699407],[-0.324855,51.698649],[-0.324681,51.698174],[-0.324427,51.697589],[-0.324144,51.697007],[-0.323681,51.696167],[-0.323146,51.695258],[-0.320606,51.690902],[-0.318555,51.687392],[-0.31818,51.686783],[-0.317568,51.685896],[-0.317194,51.685343],[-0.31692,51.684985],[-0.316642,51.684629],[-0.316034,51.683902],[-0.315421,51.683228],[-0.314856,51.682649],[-0.313981,51.681796],[-0.313209,51.681118],[-0.312348,51.680393],[-0.311544,51.679744],[-0.310728,51.679063],[-0.309879,51.678359],[-0.309044,51.677667],[-0.307475,51.676364],[-0.307053,51.676012],[-0.30461,51.673981],[-0.30262,51.67233],[-0.301114,51.671081],[-0.299645,51.66986],[-0.295765,51.666635],[-0.295134,51.666111],[-0.293858,51.665053],[-0.292271,51.663731],[-0.289091,51.66109],[-0.286854,51.659225],[-0.284285,51.657094],[-0.283781,51.656678],[-0.283291,51.656261],[-0.282421,51.655502],[-0.281754,51.654856],[-0.28088,51.653938],[-0.279889,51.652753],[-0.27906,51.651594],[-0.278422,51.650542],[-0.276811,51.647597]]},"properties":{"category":"rail","kind":"rail","name":"Midland mainline"}},{"type":"Feature","id":"way/201065310","geometry":{"type":"LineString","coordinates":[[-0.325692,51.703429],[-0.325696,51.703256],[-0.325699,51.702677],[-0.325667,51.702154],[-0.325618,51.701631],[-0.325561,51.701158],[-0.32537,51.700183],[-0.325162,51.6994],[-0.324907,51.69864],[-0.324727,51.698168],[-0.324474,51.697582],[-0.324187,51.696999],[-0.323728,51.696157],[-0.323196,51.695247],[-0.320652,51.690892],[-0.318604,51.687383],[-0.318234,51.686775],[-0.317619,51.685885],[-0.317239,51.685329],[-0.316684,51.684617],[-0.316074,51.683888],[-0.315463,51.683212],[-0.314905,51.68263],[-0.314025,51.681784],[-0.313252,51.681101],[-0.31239,51.680377],[-0.310768,51.679046],[-0.309093,51.677652],[-0.307095,51.675992],[-0.304655,51.673969],[-0.301158,51.671063],[-0.295817,51.666621],[-0.295179,51.666095],[-0.293913,51.665041],[-0.292316,51.663714],[-0.289129,51.66107],[-0.286891,51.659208],[-0.284318,51.657071],[-0.283821,51.656658],[-0.283329,51.656244],[-0.282471,51.655491],[-0.2818,51.654842],[-0.280927,51.653921],[-0.279933,51.652739],[-0.279108,51.65158],[-0.27847,51.650533],[-0.27686,51.647586]]},"properties":{"category":"rail","kind":"rail","name":"Midland mainline"}},{"type":"Feature","id":"way/201065311","geometry":{"type":"LineString","coordinates":[[-0.27686,51.647586],[-0.272383,51.639351]]},"properties":{"category":"rail","kind":"rail","name":"Midland mainline"}},{"type":"Feature","id":"way/201380099","geometry":{"type":"LineString","coordinates":[[-0.013014,51.474253],[-0.013183,51.474073],[-0.013459,51.47368],[-0.013567,51.473525],[-0.013612,51.473443],[-0.013709,51.473344],[-0.014017,51.473102],[-0.014162,51.472952],[-0.01446,51.472587]]},"properties":{"category":"rail","kind":"rail","name":null}},{"type":"Feature","id":"way/201380100","geometry":{"type":"LineString","coordinates":[[-0.012027,51.475],[-0.013014,51.474253]]},"properties":{"category":"rail","kind":"rail","name":null}},{"type":"Feature","id":"way/201438228","geometry":{"type":"LineString","coordinates":[[-0.122684,51.472185],[-0.121531,51.473224],[-0.118988,51.475603],[-0.117019,51.477454],[-0.115555,51.478917],[-0.114031,51.480254],[-0.113055,51.481149],[-0.112342,51.481924],[-0.111167,51.483214],[-0.110233,51.484136],[-0.109139,51.485208],[-0.105925,51.488336],[-0.10376,51.490499],[-0.102942,51.491438],[-0.102584,51.491749],[-0.101004,51.492819],[-0.100918,51.49288],[-0.100757,51.493146],[-0.10058,51.493986],[-0.100575,51.495084],[-0.10047,51.495475],[-0.1003,51.495688],[-0.099534,51.496778],[-0.09866,51.497646],[-0.09742,51.498842],[-0.096892,51.499194],[-0.09557,51.499929],[-0.094183,51.5006],[-0.093674,51.500896],[-0.093231,51.501223],[-0.093086,51.501345],[-0.092708,51.501744],[-0.092515,51.501953],[-0.092196,51.502513],[-0.091774,51.503128],[-0.09149,51.503517],[-0.091268,51.503766],[-0.091045,51.504014],[-0.09039,51.504499],[-0.089983,51.504802],[-0.089186,51.505489],[-0.088757,51.505853]]},"properties":{"category":"rail","kind":"subway","name":null}},{"type":"Feature","id":"way/201526546","geometry":{"type":"LineString","coordinates":[[-0.1677,51.465896],[-0.169275,51.465244],[-0.170525,51.464839],[-0.171351,51.464622],[-0.174226,51.464021],[-0.175369,51.46379],[-0.176292,51.463576],[-0.177284,51.463269],[-0.17882,51.462786],[-0.179849,51.462536],[-0.180546,51.462386]]},"properties":{"category":"rail","kind":"rail","name":"Waterloo-Reading Line"}},{"type":"Feature","id":"way/201528423","geometry":{"type":"LineString","coordinates":[[-0.138731,51.47037],[-0.13904,51.470664],[-0.139181,51.470778],[-0.139329,51.470893],[-0.139558,51.471076],[-0.139828,51.471313],[-0.139952,51.471441],[-0.140135,51.471619],[-0.140321,51.471808],[-0.14071,51.472081],[-0.140981,51.47224],[-0.141415,51.47246],[-0.142547,51.472963],[-0.143076,51.473224],[-0.143792,51.473468],[-0.144011,51.473534],[-0.144404,51.473625],[-0.144799,51.473693],[-0.145205,51.473736],[-0.145584,51.473754],[-0.146124,51.473752],[-0.146476,51.473731],[-0.146892,51.473673],[-0.147264,51.4736],[-0.148057,51.47343],[-0.14854,51.473318],[-0.149245,51.473125],[-0.149748,51.472903]]},"properties":{"category":"rail","kind":"rail","name":null}},{"type":"Feature","id":"way/201528424","geometry":{"type":"LineString","coordinates":[[-0.149764,51.472933],[-0.149509,51.473047],[-0.149265,51.473154],[-0.14856,51.473348],[-0.148074,51.473459],[-0.14728,51.47363],[-0.146905,51.473703],[-0.146483,51.473762],[-0.146127,51.473784],[-0.145582,51.473785],[-0.145199,51.473767],[-0.144788,51.473723],[-0.144389,51.473655],[-0.143992,51.473563],[-0.143769,51.473496],[-0.143048,51.473251],[-0.142516,51.472988],[-0.141385,51.472485],[-0.140947,51.472263],[-0.140674,51.472103],[-0.140283,51.471829]]},"properties":{"category":"rail","kind":"rail","name":null}},{"type":"Feature","id":"way/201831730","geometry":{"type":"LineString","coordinates":[[-0.127748,51.574839],[-0.127544,51.574798],[-0.127308,51.574759],[-0.12658,51.574603],[-0.125558,51.57439]]},"properties":{"category":"rail","kind":"rail","name":null}}]}