{
 "type": "FeatureCollection",
 "name": "os-five-foot-1893-heights",
 "crs_note": "WGS84 lon/lat; bng_e/bng_n are EPSG:27700; heights in feet above Ordnance Datum (Liverpool)",
 "mosaics_read": [
  "m18_131054_87119",
  "m18_131054_87122",
  "m18_131054_87125",
  "m18_131054_87128",
  "m18_131054_87131",
  "m18_131057_87116",
  "m18_131057_87119",
  "m18_131057_87122",
  "m18_131057_87125",
  "m18_131057_87128",
  "m18_131057_87131",
  "m18_131057_87134",
  "m18_131060_87116",
  "m18_131060_87119",
  "m18_131060_87122",
  "m18_131060_87125",
  "m18_131060_87128",
  "m18_131060_87131",
  "m18_131060_87134",
  "m18_131063_87116",
  "m18_131063_87119",
  "m18_131063_87122",
  "m18_131063_87125",
  "m18_131063_87128",
  "m18_131063_87131",
  "m18_131063_87134",
  "m18_131063_87137",
  "m18_131063_87140",
  "m18_131063_87143",
  "m18_131063_87146",
  "m18_131066_87116",
  "m18_131066_87119",
  "m18_131066_87122",
  "m18_131066_87125",
  "m18_131066_87128",
  "m18_131066_87131",
  "m18_131066_87134",
  "m18_131066_87137",
  "m18_131066_87140",
  "m18_131066_87143",
  "m18_131066_87146",
  "m18_131069_87119",
  "m18_131069_87122",
  "m18_131069_87125",
  "m18_131069_87128",
  "m18_131069_87131",
  "m18_131069_87134",
  "m18_131069_87137",
  "m18_131069_87140",
  "m18_131069_87143",
  "m18_131069_87146",
  "m18_131072_87119",
  "m18_131072_87122",
  "m18_131072_87125",
  "m18_131072_87128",
  "m18_131072_87131",
  "m18_131081_87128",
  "m18_131081_87131",
  "m18_131084_87122",
  "m18_131084_87125",
  "m18_131084_87128",
  "m18_131084_87131",
  "m18_131084_87134",
  "m18_131084_87137",
  "m18_131087_87122",
  "m18_131087_87125",
  "m18_131087_87128",
  "m18_131087_87131",
  "m18_131087_87134",
  "m18_131087_87137",
  "m18_131090_87122",
  "m18_131090_87125",
  "m18_131090_87128",
  "m18_131090_87131",
  "m18_131090_87134",
  "m18_131090_87137",
  "m18_131093_87122",
  "m18_131093_87125",
  "m18_131093_87128",
  "m18_131093_87131",
  "m18_131093_87134",
  "m18_131093_87137",
  "m18_131096_87122",
  "m18_131096_87125",
  "m18_131096_87128",
  "m18_131096_87131",
  "m18_131096_87134",
  "m18_131096_87137",
  "m18_131099_87125",
  "m18_131099_87128",
  "m18_131099_87131",
  "m18_131099_87134"
 ],
 "files": [
  "m18_131054_87119.opus-j.json",
  "m18_131054_87122.opus-h.json",
  "m18_131054_87125.opus-g.json",
  "m18_131054_87125.opus-k.json",
  "m18_131054_87128.opus-h.json",
  "m18_131054_87128.opus-j.json",
  "m18_131054_87131.opus-j.json",
  "m18_131057_87116.opus-j.json",
  "m18_131057_87119.opus-g.json",
  "m18_131057_87122.opus-f.json",
  "m18_131057_87125.opus-d.json",
  "m18_131057_87125.opus-f.json",
  "m18_131057_87128.opus-e.json",
  "m18_131057_87131.opus-g.json",
  "m18_131057_87134.opus-i.json",
  "m18_131060_87116.opus-i.json",
  "m18_131060_87119.opus-f.json",
  "m18_131060_87122.opus-d.json",
  "m18_131060_87125.opus-c.json",
  "m18_131060_87128.opus-c.json",
  "m18_131060_87128.opus-e.json",
  "m18_131060_87131.opus-e.json",
  "m18_131060_87134.opus-h.json",
  "m18_131060_87134.opus-i.json",
  "m18_131063_87116.opus-h.json",
  "m18_131063_87119.opus-e.json",
  "m18_131063_87122.opus-c.json",
  "m18_131063_87125.opus-c.json",
  "m18_131063_87128.opus-c.json",
  "m18_131063_87131.opus-d.json",
  "m18_131063_87134.opus-b.json",
  "m18_131063_87137.opus-b.json",
  "m18_131063_87140.json",
  "m18_131063_87143.opus-b.json",
  "m18_131063_87146.opus-b.json",
  "m18_131066_87116.opus-i.json",
  "m18_131066_87119.opus-f.json",
  "m18_131066_87122.opus-d.json",
  "m18_131066_87125.opus-c.json",
  "m18_131066_87128.opus-d.json",
  "m18_131066_87131.opus-e.json",
  "m18_131066_87134.opus-b.json",
  "m18_131066_87134.opus-d.json",
  "m18_131066_87137.json",
  "m18_131066_87140.json",
  "m18_131066_87143.json",
  "m18_131066_87146.opus-b.json",
  "m18_131069_87119.opus-g.json",
  "m18_131069_87122.opus-f.json",
  "m18_131069_87125.opus-e.json",
  "m18_131069_87125.opus-g.json",
  "m18_131069_87128.opus-f.json",
  "m18_131069_87128.opus-h.json",
  "m18_131069_87131.opus-g.json",
  "m18_131069_87131.opus-k.json",
  "m18_131069_87134.opus-b.json",
  "m18_131069_87137.json",
  "m18_131069_87140.json",
  "m18_131069_87143.json",
  "m18_131069_87146.opus-b.json",
  "m18_131072_87119.opus-j.json",
  "m18_131072_87122.opus-i.json",
  "m18_131072_87125.opus-h.json",
  "m18_131072_87128.opus-i.json",
  "m18_131072_87128.opus-l.json",
  "m18_131072_87131.opus-j.json",
  "m18_131081_87128.opus-s.json",
  "m18_131081_87131.opus-s.json",
  "m18_131084_87122.opus-s.json",
  "m18_131084_87125.opus-q.json",
  "m18_131084_87128.opus-o.json",
  "m18_131084_87128.opus-q.json",
  "m18_131084_87131.opus-o.json",
  "m18_131084_87134.opus-q.json",
  "m18_131084_87137.opus-s.json",
  "m18_131087_87122.opus-q.json",
  "m18_131087_87125.opus-n.json",
  "m18_131087_87128.opus-l.json",
  "m18_131087_87128.opus-o.json",
  "m18_131087_87131.opus-l.json",
  "m18_131087_87134.opus-n.json",
  "m18_131087_87137.opus-q.json",
  "m18_131087_87137.opus-s.json",
  "m18_131090_87122.opus-o.json",
  "m18_131090_87125.opus-l.json",
  "m18_131090_87128.opus-k.json",
  "m18_131090_87128.opus-m.json",
  "m18_131090_87131.opus-k.json",
  "m18_131090_87134.opus-l.json",
  "m18_131090_87137.opus-p.json",
  "m18_131093_87122.opus-o.json",
  "m18_131093_87125.opus-m.json",
  "m18_131093_87128.opus-k.json",
  "m18_131093_87131.opus-k.json",
  "m18_131093_87134.opus-m.json",
  "m18_131093_87134.opus-n.json",
  "m18_131093_87137.opus-p.json",
  "m18_131096_87122.opus-r.json",
  "m18_131096_87125.opus-n.json",
  "m18_131096_87128.opus-m.json",
  "m18_131096_87131.opus-m.json",
  "m18_131096_87134.opus-n.json",
  "m18_131096_87134.opus-p.json",
  "m18_131096_87137.opus-r.json",
  "m18_131099_87125.opus-r.json",
  "m18_131099_87128.opus-p.json",
  "m18_131099_87128.opus-r.json",
  "m18_131099_87131.opus-p.json",
  "m18_131099_87134.opus-r.json"
 ],
 "features": [
  {
   "type": "Feature",
   "properties": {
    "id": "sh_537996_185675",
    "type": "spot",
    "value_ft": 16.5,
    "raw": "16·5",
    "confidence": "medium",
    "n_readings": 1,
    "readers": [
     "opus-h"
    ],
    "mosaics": [
     "m18_131063_87116"
    ],
    "bng_e": 537995.56,
    "bng_n": 185674.91,
    "spread_m": 0.0,
    "datum": "OD Liverpool",
    "source": "OS 1:1056 London 1891-96 via NLS",
    "disputed": false,
    "views": [
     "opus-h:m18_131063_87116@252,22=16.5(m)"
    ],
    "notes": "field/marsh boundary near the north edge; dot is a blob on the fence line just left of the figures"
   },
   "geometry": {
    "type": "Point",
    "coordinates": [
     -0.0110051,
     51.5530917
    ]
   }
  },
  {
   "type": "Feature",
   "properties": {
    "id": "sh_538484_185667",
    "type": "spot",
    "value_ft": 29.8,
    "raw": "29·8",
    "confidence": "high",
    "n_readings": 1,
    "readers": [
     "opus-i"
    ],
    "mosaics": [
     "m18_131066_87116"
    ],
    "bng_e": 538484.42,
    "bng_n": 185667.07,
    "spread_m": 0.0,
    "datum": "OD Liverpool",
    "source": "OS 1:1056 London 1891-96 via NLS",
    "disputed": false,
    "views": [
     "opus-i:m18_131066_87116@797,79=29.8(h)"
    ],
    "notes": "street east of Leyton Road; dot above-right of figure"
   },
   "geometry": {
    "type": "Point",
    "coordinates": [
     -0.0039616,
     51.5529015
    ]
   }
  },
  {
   "type": "Feature",
   "properties": {
    "id": "sh_537559_185650",
    "type": "spot",
    "value_ft": 16.7,
    "raw": "16·7",
    "confidence": "high",
    "n_readings": 1,
    "readers": [
     "opus-j"
    ],
    "mosaics": [
     "m18_131057_87116"
    ],
    "bng_e": 537558.58,
    "bng_n": 185649.68,
    "spread_m": 0.0,
    "datum": "OD Liverpool",
    "source": "OS 1:1056 London 1891-96 via NLS",
    "disputed": false,
    "views": [
     "opus-j:m18_131057_87116@612,58=16.7(h)"
    ],
    "notes": "east bank of the River Lea by the county boundary, beside a track; dot above figures, 8x"
   },
   "geometry": {
    "type": "Point",
    "coordinates": [
     -0.0173136,
     51.5529716
    ]
   }
  },
  {
   "type": "Feature",
   "properties": {
    "id": "sh_538255_185638",
    "type": "spot",
    "value_ft": 22.3,
    "raw": "22·3",
    "confidence": "medium",
    "n_readings": 2,
    "readers": [
     "opus-h",
     "opus-i"
    ],
    "mosaics": [
     "m18_131063_87116",
     "m18_131066_87116"
    ],
    "bng_e": 538255.21,
    "bng_n": 185638.36,
    "spread_m": 2.08,
    "datum": "OD Liverpool",
    "source": "OS 1:1056 London 1891-96 via NLS",
    "disputed": true,
    "values": [
     22.3,
     22.8
    ],
    "values_by_reader": {
     "opus-h": [
      22.3
     ],
     "opus-i": [
      22.8
     ]
    },
    "views": [
     "opus-h:m18_131063_87116@952,142=22.3(m)",
     "opus-i:m18_131066_87116@174,137=22.8(m)"
    ],
    "notes": "road by the terrace NE of the railway; digits clear; the only nearby dots belong to the F.P., position = centre of figures"
   },
   "geometry": {
    "type": "Point",
    "coordinates": [
     -0.0072768,
     51.5526997
    ]
   }
  },
  {
   "type": "Feature",
   "properties": {
    "id": "sh_538425_185634",
    "type": "bench_mark",
    "value_ft": 30.7,
    "raw": "B.M.30·70",
    "confidence": "medium",
    "n_readings": 1,
    "readers": [
     "opus-i"
    ],
    "mosaics": [
     "m18_131066_87116"
    ],
    "bng_e": 538425.41,
    "bng_n": 185633.9,
    "spread_m": 0.0,
    "datum": "OD Liverpool",
    "source": "OS 1:1056 London 1891-96 via NLS",
    "disputed": false,
    "views": [
     "opus-i:m18_131066_87116@636,164=30.7(m)"
    ],
    "notes": "Leyton Road; text at 572,178 west of the road; the only pheon in +-60 px is on the house corner east of the road, 45 px from the text end; association inferred"
   },
   "geometry": {
    "type": "Point",
    "coordinates": [
     -0.0048253,
     51.552618
    ]
   }
  },
  {
   "type": "Feature",
   "properties": {
    "id": "sh_538414_185633",
    "type": "spot",
    "value_ft": 28.1,
    "raw": "28·1",
    "confidence": "high",
    "n_readings": 1,
    "readers": [
     "opus-i"
    ],
    "mosaics": [
     "m18_131066_87116"
    ],
    "bng_e": 538413.52,
    "bng_n": 185633.21,
    "spread_m": 0.0,
    "datum": "OD Liverpool",
    "source": "OS 1:1056 London 1891-96 via NLS",
    "disputed": false,
    "views": [
     "opus-i:m18_131066_87116@604,165=28.1(h)"
    ],
    "notes": "Leyton Road; dot below-right of figure"
   },
   "geometry": {
    "type": "Point",
    "coordinates": [
     -0.0049969,
     51.5526147
    ]
   }
  },
  {
   "type": "Feature",
   "properties": {
    "id": "sh_538037_185629",
    "type": "spot",
    "value_ft": 16.2,
    "raw": "16·2",
    "confidence": "medium",
    "n_readings": 1,
    "readers": [
     "opus-h"
    ],
    "mosaics": [
     "m18_131063_87116"
    ],
    "bng_e": 538036.99,
    "bng_n": 185629.26,
    "spread_m": 0.0,
    "datum": "OD Liverpool",
    "source": "OS 1:1056 London 1891-96 via NLS",
    "disputed": false,
    "views": [
     "opus-h:m18_131063_87116@360,148=16.2(m)"
    ],
    "notes": "bank of the C.D. ditch where it meets the lane; digits clear at 8x; no survey dot distinguishable from the boundary dots in the ditch, position = centre of figures"
   },
   "geometry": {
    "type": "Point",
    "coordinates": [
     -0.0104257,
     51.5526714
    ]
   }
  },
  {
   "type": "Feature",
   "properties": {
    "id": "sh_538193_185615",
    "type": "spot",
    "value_ft": 17.5,
    "raw": "17·5",
    "confidence": "medium",
    "n_readings": 2,
    "readers": [
     "opus-h",
     "opus-i"
    ],
    "mosaics": [
     "m18_131063_87116",
     "m18_131066_87116"
    ],
    "bng_e": 538192.94,
    "bng_n": 185615.13,
    "spread_m": 0.56,
    "datum": "OD Liverpool",
    "source": "OS 1:1056 London 1891-96 via NLS",
    "disputed": false,
    "views": [
     "opus-h:m18_131063_87116@778,196=17.5(m)",
     "opus-i:m18_131066_87116@10,199=17.5(m)"
    ],
    "notes": "GER Loughton branch running lines; digits clear at 8x; dot not separable from the rails, position = centre of figures"
   },
   "geometry": {
    "type": "Point",
    "coordinates": [
     -0.0081834,
     51.5525063
    ]
   }
  },
  {
   "type": "Feature",
   "properties": {
    "id": "sh_538126_185598",
    "type": "spot",
    "value_ft": 18.0,
    "raw": "18·0",
    "confidence": "medium",
    "n_readings": 1,
    "readers": [
     "opus-h"
    ],
    "mosaics": [
     "m18_131063_87116"
    ],
    "bng_e": 538125.69,
    "bng_n": 185597.53,
    "spread_m": 0.0,
    "datum": "OD Liverpool",
    "source": "OS 1:1056 London 1891-96 via NLS",
    "disputed": false,
    "views": [
     "opus-h:m18_131063_87116@596,240=18.0(m)"
    ],
    "notes": "field north of the Nursery; digits clear at 12x; no dot (a building corner touches the 0), position = centre of figures"
   },
   "geometry": {
    "type": "Point",
    "coordinates": [
     -0.0091597,
     51.5523645
    ]
   }
  },
  {
   "type": "Feature",
   "properties": {
    "id": "sh_537953_185588",
    "type": "spot",
    "value_ft": 15.4,
    "raw": "15·4",
    "confidence": "high",
    "n_readings": 2,
    "readers": [
     "opus-h",
     "opus-i"
    ],
    "mosaics": [
     "m18_131060_87116",
     "m18_131063_87116"
    ],
    "bng_e": 537953.08,
    "bng_n": 185587.82,
    "spread_m": 0.26,
    "datum": "OD Liverpool",
    "source": "OS 1:1056 London 1891-96 via NLS",
    "disputed": true,
    "values": [
     15.4,
     16.4
    ],
    "values_by_reader": {
     "opus-h": [
      15.4
     ],
     "opus-i": [
      16.4
     ]
    },
    "views": [
     "opus-h:m18_131063_87116@132,254=15.4(h)",
     "opus-i:m18_131060_87116@899,253=16.4(l)"
    ],
    "notes": "lane by the sluice; dot below-left of figures"
   },
   "geometry": {
    "type": "Point",
    "coordinates": [
     -0.0116515,
     51.5523195
    ]
   }
  },
  {
   "type": "Feature",
   "properties": {
    "id": "sh_537943_185585",
    "type": "bench_mark",
    "value_ft": 17.35,
    "raw": "B.M.17·35",
    "confidence": "high",
    "n_readings": 2,
    "readers": [
     "opus-h",
     "opus-i"
    ],
    "mosaics": [
     "m18_131060_87116",
     "m18_131063_87116"
    ],
    "bng_e": 537943.3,
    "bng_n": 185584.77,
    "spread_m": 0.37,
    "datum": "OD Liverpool",
    "source": "OS 1:1056 London 1891-96 via NLS",
    "disputed": false,
    "views": [
     "opus-i:m18_131060_87116@873,262=17.35(h)",
     "opus-h:m18_131063_87116@105,260=17.35(h)"
    ],
    "notes": "sluice/bridge at the east end of the lane; pheon on the bridge parapet 20 px below the text beside the S; digits clear at 8x"
   },
   "geometry": {
    "type": "Point",
    "coordinates": [
     -0.0117937,
     51.5522945
    ]
   }
  },
  {
   "type": "Feature",
   "properties": {
    "id": "sh_538438_185579",
    "type": "spot",
    "value_ft": 31.2,
    "raw": "31·2",
    "confidence": "high",
    "n_readings": 1,
    "readers": [
     "opus-i"
    ],
    "mosaics": [
     "m18_131066_87116"
    ],
    "bng_e": 538437.71,
    "bng_n": 185578.56,
    "spread_m": 0.0,
    "datum": "OD Liverpool",
    "source": "OS 1:1056 London 1891-96 via NLS",
    "disputed": false,
    "views": [
     "opus-i:m18_131066_87116@665,314=31.2(h)"
    ],
    "notes": "Leyton Road; dot left of figure"
   },
   "geometry": {
    "type": "Point",
    "coordinates": [
     -0.0046697,
     51.5521177
    ]
   }
  },
  {
   "type": "Feature",
   "properties": {
    "id": "sh_538093_185578",
    "type": "spot",
    "value_ft": 16.9,
    "raw": "16·9",
    "confidence": "high",
    "n_readings": 1,
    "readers": [
     "opus-h"
    ],
    "mosaics": [
     "m18_131063_87116"
    ],
    "bng_e": 538092.73,
    "bng_n": 185577.7,
    "spread_m": 0.0,
    "datum": "OD Liverpool",
    "source": "OS 1:1056 London 1891-96 via NLS",
    "disputed": false,
    "views": [
     "opus-h:m18_131063_87116@506,291=16.9(h)"
    ],
    "notes": "lane end at the B.S./H. by the Def. boundary; dot above-left of figures (the H. has its own dot)"
   },
   "geometry": {
    "type": "Point",
    "coordinates": [
     -0.0096425,
     51.5521944
    ]
   }
  },
  {
   "type": "Feature",
   "properties": {
    "id": "sh_537573_185570",
    "type": "spot",
    "value_ft": 16.8,
    "raw": "16·8",
    "confidence": "high",
    "n_readings": 1,
    "readers": [
     "opus-j"
    ],
    "mosaics": [
     "m18_131057_87116"
    ],
    "bng_e": 537573.02,
    "bng_n": 185570.26,
    "spread_m": 0.0,
    "datum": "OD Liverpool",
    "source": "OS 1:1056 London 1891-96 via NLS",
    "disputed": false,
    "views": [
     "opus-j:m18_131057_87116@645,273=16.8(h)"
    ],
    "notes": "east bank of the Lea at the ditch junction; dot above figures, 8x"
   },
   "geometry": {
    "type": "Point",
    "coordinates": [
     -0.0171366,
     51.5522544
    ]
   }
  },
  {
   "type": "Feature",
   "properties": {
    "id": "sh_537894_185565",
    "type": "spot",
    "value_ft": 16.5,
    "raw": "16·5",
    "confidence": "low",
    "n_readings": 1,
    "readers": [
     "opus-i"
    ],
    "mosaics": [
     "m18_131060_87116"
    ],
    "bng_e": 537893.6,
    "bng_n": 185564.86,
    "spread_m": 0.0,
    "datum": "OD Liverpool",
    "source": "OS 1:1056 London 1891-96 via NLS",
    "disputed": false,
    "views": [
     "opus-i:m18_131060_87116@738,311=16.5(l)"
    ],
    "notes": "Temple Mill Lane; dot left of figure; 8x suggested 15·5 but at 24x the second digit has the curved top and closed bowl of the 6 in 14·6, unlike the flat-topped 5s of 15·1/15·4; 5 vs 6 unresolved"
   },
   "geometry": {
    "type": "Point",
    "coordinates": [
     -0.0125179,
     51.5521277
    ]
   }
  },
  {
   "type": "Feature",
   "properties": {
    "id": "sh_537365_185564",
    "type": "spot",
    "value_ft": 22.2,
    "raw": "22·2",
    "confidence": "high",
    "n_readings": 1,
    "readers": [
     "opus-j"
    ],
    "mosaics": [
     "m18_131057_87116"
    ],
    "bng_e": 537365.16,
    "bng_n": 185563.52,
    "spread_m": 0.0,
    "datum": "OD Liverpool",
    "source": "OS 1:1056 London 1891-96 via NLS",
    "disputed": false,
    "views": [
     "opus-j:m18_131057_87116@86,276=22.2(h)"
    ],
    "notes": "Templemills Road on the bridge approach embankment; dot left of figures, 8x"
   },
   "geometry": {
    "type": "Point",
    "coordinates": [
     -0.0201353,
     51.5522444
    ]
   }
  },
  {
   "type": "Feature",
   "properties": {
    "id": "sh_537353_185561",
    "type": "bench_mark",
    "value_ft": 27.92,
    "raw": "B.M.27·92",
    "confidence": "high",
    "n_readings": 1,
    "readers": [
     "opus-j"
    ],
    "mosaics": [
     "m18_131057_87116"
    ],
    "bng_e": 537352.58,
    "bng_n": 185560.58,
    "spread_m": 0.0,
    "datum": "OD Liverpool",
    "source": "OS 1:1056 London 1891-96 via NLS",
    "disputed": false,
    "views": [
     "opus-j:m18_131057_87116@52,283=27.92(h)"
    ],
    "notes": "Templemills Road bridge over the Lea (west abutment/parapet corner); pheon right of text below the parapet corner, 6x"
   },
   "geometry": {
    "type": "Point",
    "coordinates": [
     -0.0203177,
     51.5522211
    ]
   }
  },
  {
   "type": "Feature",
   "properties": {
    "id": "sh_537805_185541",
    "type": "bench_mark",
    "value_ft": 13.92,
    "raw": "B.M.13·92",
    "confidence": "low",
    "n_readings": 1,
    "readers": [
     "opus-i"
    ],
    "mosaics": [
     "m18_131060_87116"
    ],
    "bng_e": 537804.92,
    "bng_n": 185541.29,
    "spread_m": 0.0,
    "datum": "OD Liverpool",
    "source": "OS 1:1056 London 1891-96 via NLS",
    "disputed": false,
    "views": [
     "opus-i:m18_131060_87116@498,368=13.92(l)"
    ],
    "notes": "bridge where the north-south ditch meets the lane ditch; pheon right of text on the ditch edge; second digit 3 vs 8 unresolved at 16x/24x (13·92 or 18·92)"
   },
   "geometry": {
    "type": "Point",
    "coordinates": [
     -0.0138053,
     51.5519376
    ]
   }
  },
  {
   "type": "Feature",
   "properties": {
    "id": "sh_537817_185541",
    "type": "spot",
    "value_ft": 15.4,
    "raw": "15·4",
    "confidence": "high",
    "n_readings": 1,
    "readers": [
     "opus-i"
    ],
    "mosaics": [
     "m18_131060_87116"
    ],
    "bng_e": 537816.84,
    "bng_n": 185540.87,
    "spread_m": 0.0,
    "datum": "OD Liverpool",
    "source": "OS 1:1056 London 1891-96 via NLS",
    "disputed": false,
    "views": [
     "opus-i:m18_131060_87116@530,370=15.4(h)"
    ],
    "notes": "Temple Mill Lane east of the bridge (C.C.D. boundary corner); dot left of figure; flat-topped 5 clear at 24x"
   },
   "geometry": {
    "type": "Point",
    "coordinates": [
     -0.0136337,
     51.5519309
    ]
   }
  },
  {
   "type": "Feature",
   "properties": {
    "id": "sh_537448_185530",
    "type": "spot",
    "value_ft": 16.6,
    "raw": "16·6",
    "confidence": "high",
    "n_readings": 1,
    "readers": [
     "opus-j"
    ],
    "mosaics": [
     "m18_131057_87116"
    ],
    "bng_e": 537447.56,
    "bng_n": 185530.48,
    "spread_m": 0.0,
    "datum": "OD Liverpool",
    "source": "OS 1:1056 London 1891-96 via NLS",
    "disputed": false,
    "views": [
     "opus-j:m18_131057_87116@305,371=16.6(h)"
    ],
    "notes": "Templemills Road east of the embankment hatching; dot left of figures, 8x"
   },
   "geometry": {
    "type": "Point",
    "coordinates": [
     -0.0189605,
     51.5519276
    ]
   }
  },
  {
   "type": "Feature",
   "properties": {
    "id": "sh_538122_185530",
    "type": "bench_mark",
    "value_ft": 18.62,
    "raw": "B.M.18·62",
    "confidence": "high",
    "n_readings": 1,
    "readers": [
     "opus-h"
    ],
    "mosaics": [
     "m18_131063_87116"
    ],
    "bng_e": 538121.58,
    "bng_n": 185529.85,
    "spread_m": 0.0,
    "datum": "OD Liverpool",
    "source": "OS 1:1056 London 1891-96 via NLS",
    "disputed": false,
    "views": [
     "opus-h:m18_131063_87116@580,422=18.62(h)"
    ],
    "notes": "Temple Mill Lane west side (fence line) by the terrace; pheon on the fence 15 px above-right of text; clear at 6x"
   },
   "geometry": {
    "type": "Point",
    "coordinates": [
     -0.0092456,
     51.5517574
    ]
   }
  },
  {
   "type": "Feature",
   "properties": {
    "id": "sh_538234_185524",
    "type": "spot",
    "value_ft": 15.2,
    "raw": "15·2",
    "confidence": "low",
    "n_readings": 1,
    "readers": [
     "opus-i"
    ],
    "mosaics": [
     "m18_131066_87116"
    ],
    "bng_e": 538233.76,
    "bng_n": 185524.0,
    "spread_m": 0.0,
    "datum": "OD Liverpool",
    "source": "OS 1:1056 London 1891-96 via NLS",
    "disputed": false,
    "views": [
     "opus-i:m18_131066_87116@113,446=15.2(l)"
    ],
    "notes": "rotated figure among the GER lines north of Loughton Junction; read as 15·2 but last digit (2/8) and position uncertain at 14x and rotated; dot on rails not identified"
   },
   "geometry": {
    "type": "Point",
    "coordinates": [
     -0.0076309,
     51.5516774
    ]
   }
  },
  {
   "type": "Feature",
   "properties": {
    "id": "sh_538462_185522",
    "type": "spot",
    "value_ft": 34.3,
    "raw": "34·3",
    "confidence": "high",
    "n_readings": 1,
    "readers": [
     "opus-i"
    ],
    "mosaics": [
     "m18_131066_87116"
    ],
    "bng_e": 538461.95,
    "bng_n": 185522.43,
    "spread_m": 0.0,
    "datum": "OD Liverpool",
    "source": "OS 1:1056 London 1891-96 via NLS",
    "disputed": false,
    "views": [
     "opus-i:m18_131066_87116@726,467=34.3(h)"
    ],
    "notes": "Leyton Road by the P.O.; dot left of figure"
   },
   "geometry": {
    "type": "Point",
    "coordinates": [
     -0.0043425,
     51.5516073
    ]
   }
  },
  {
   "type": "Feature",
   "properties": {
    "id": "sh_537737_185522",
    "type": "spot",
    "value_ft": 15.1,
    "raw": "15·1",
    "confidence": "high",
    "n_readings": 1,
    "readers": [
     "opus-i"
    ],
    "mosaics": [
     "m18_131060_87116"
    ],
    "bng_e": 537736.58,
    "bng_n": 185522.36,
    "spread_m": 0.0,
    "datum": "OD Liverpool",
    "source": "OS 1:1056 London 1891-96 via NLS",
    "disputed": false,
    "views": [
     "opus-i:m18_131060_87116@313,414=15.1(h)"
    ],
    "notes": "Temple Mill Lane between the ditches; dot right of figure; flat-topped 5 clear at 24x"
   },
   "geometry": {
    "type": "Point",
    "coordinates": [
     -0.0147977,
     51.5517841
    ]
   }
  },
  {
   "type": "Feature",
   "properties": {
    "id": "sh_538122_185509",
    "type": "spot",
    "value_ft": 17.1,
    "raw": "17·1",
    "confidence": "high",
    "n_readings": 1,
    "readers": [
     "opus-h"
    ],
    "mosaics": [
     "m18_131063_87116"
    ],
    "bng_e": 538122.13,
    "bng_n": 185509.45,
    "spread_m": 0.0,
    "datum": "OD Liverpool",
    "source": "OS 1:1056 London 1891-96 via NLS",
    "disputed": false,
    "views": [
     "opus-h:m18_131063_87116@580,477=17.1(h)"
    ],
    "notes": "Temple Mill Lane; dot right of figures"
   },
   "geometry": {
    "type": "Point",
    "coordinates": [
     -0.0092456,
     51.551574
    ]
   }
  },
  {
   "type": "Feature",
   "properties": {
    "id": "sh_537658_185505",
    "type": "spot",
    "value_ft": 16.4,
    "raw": "16·4",
    "confidence": "low",
    "n_readings": 1,
    "readers": [
     "opus-i"
    ],
    "mosaics": [
     "m18_131060_87116"
    ],
    "bng_e": 537658.16,
    "bng_n": 185504.64,
    "spread_m": 0.0,
    "datum": "OD Liverpool",
    "source": "OS 1:1056 London 1891-96 via NLS",
    "disputed": false,
    "views": [
     "opus-i:m18_131060_87116@101,456=16.4(l)"
    ],
    "notes": "Temple Mill Lane west part; dot left of figure; second digit curved-top like 6 at 16x/24x, 5 vs 6 unresolved"
   },
   "geometry": {
    "type": "Point",
    "coordinates": [
     -0.015935,
     51.551644
    ]
   }
  },
  {
   "type": "Feature",
   "properties": {
    "id": "sh_537648_185504",
    "type": "spot",
    "value_ft": 16.4,
    "raw": "16·4",
    "confidence": "high",
    "n_readings": 1,
    "readers": [
     "opus-j"
    ],
    "mosaics": [
     "m18_131057_87116"
    ],
    "bng_e": 537648.5,
    "bng_n": 185504.01,
    "spread_m": 0.0,
    "datum": "OD Liverpool",
    "source": "OS 1:1056 London 1891-96 via NLS",
    "disputed": false,
    "views": [
     "opus-j:m18_131057_87116@843,457=16.4(h)"
    ],
    "notes": "bank between the two channels east of the bridge (C.D.); dot left of figures, 8x"
   },
   "geometry": {
    "type": "Point",
    "coordinates": [
     -0.0160745,
     51.5516407
    ]
   }
  },
  {
   "type": "Feature",
   "properties": {
    "id": "sh_538545_185498",
    "type": "spot",
    "value_ft": 35.7,
    "raw": "35·7",
    "confidence": "medium",
    "n_readings": 1,
    "readers": [
     "opus-i"
    ],
    "mosaics": [
     "m18_131066_87116"
    ],
    "bng_e": 538545.24,
    "bng_n": 185497.97,
    "spread_m": 0.0,
    "datum": "OD Liverpool",
    "source": "OS 1:1056 London 1891-96 via NLS",
    "disputed": false,
    "views": [
     "opus-i:m18_131066_87116@948,539=35.7(m)"
    ],
    "notes": "Temple Mill Lane / U.D. boundary, figure sitting just above the py ~543 sheet join; digits clear at 16x; boundary dots all around, no survey dot identifiable; position = centre of figures"
   },
   "geometry": {
    "type": "Point",
    "coordinates": [
     -0.0031516,
     51.5513672
    ]
   }
  },
  {
   "type": "Feature",
   "properties": {
    "id": "sh_537519_185495",
    "type": "spot",
    "value_ft": 15.8,
    "raw": "15·8",
    "confidence": "high",
    "n_readings": 1,
    "readers": [
     "opus-j"
    ],
    "mosaics": [
     "m18_131057_87116"
    ],
    "bng_e": 537519.24,
    "bng_n": 185494.56,
    "spread_m": 0.0,
    "datum": "OD Liverpool",
    "source": "OS 1:1056 London 1891-96 via NLS",
    "disputed": false,
    "views": [
     "opus-j:m18_131057_87116@495,473=15.8(h)"
    ],
    "notes": "Templemills Road west of Templemills Bridge; dot below-right of figures, 8x"
   },
   "geometry": {
    "type": "Point",
    "coordinates": [
     -0.0179413,
     51.5515873
    ]
   }
  },
  {
   "type": "Feature",
   "properties": {
    "id": "sh_537578_185487",
    "type": "spot",
    "value_ft": 19.2,
    "raw": "19·2",
    "confidence": "medium",
    "n_readings": 1,
    "readers": [
     "opus-j"
    ],
    "mosaics": [
     "m18_131057_87116"
    ],
    "bng_e": 537577.5,
    "bng_n": 185487.23,
    "spread_m": 0.0,
    "datum": "OD Liverpool",
    "source": "OS 1:1056 London 1891-96 via NLS",
    "disputed": false,
    "views": [
     "opus-j:m18_131057_87116@651,497=19.2(m)"
    ],
    "notes": "roadway on Templemills Bridge over the Lea; the only nearby dot (636,504) lies in the channel on the county-boundary line, so position = centre of figures"
   },
   "geometry": {
    "type": "Point",
    "coordinates": [
     -0.0171044,
     51.5515073
    ]
   }
  },
  {
   "type": "Feature",
   "properties": {
    "id": "sh_537592_185485",
    "type": "bench_mark",
    "value_ft": 19.23,
    "raw": "B.M.19·23",
    "confidence": "medium",
    "n_readings": 1,
    "readers": [
     "opus-j"
    ],
    "mosaics": [
     "m18_131057_87116"
    ],
    "bng_e": 537592.08,
    "bng_n": 185484.66,
    "spread_m": 0.0,
    "datum": "OD Liverpool",
    "source": "OS 1:1056 London 1891-96 via NLS",
    "disputed": false,
    "views": [
     "opus-j:m18_131057_87116@690,505=19.23(m)"
    ],
    "notes": "building east of the bridge among boundary stones; digits clear at 11x; no pheon found among the B.S. dots and lines, position = centre of text"
   },
   "geometry": {
    "type": "Point",
    "coordinates": [
     -0.0168952,
     51.5514806
    ]
   }
  },
  {
   "type": "Feature",
   "properties": {
    "id": "sh_538496_185467",
    "type": "bench_mark",
    "value_ft": 37.4,
    "raw": "B.M.37·40",
    "confidence": "high",
    "n_readings": 1,
    "readers": [
     "opus-i"
    ],
    "mosaics": [
     "m18_131066_87116"
    ],
    "bng_e": 538495.85,
    "bng_n": 185466.56,
    "spread_m": 0.0,
    "datum": "OD Liverpool",
    "source": "OS 1:1056 London 1891-96 via NLS",
    "disputed": false,
    "views": [
     "opus-i:m18_131066_87116@813,620=37.4(h)"
    ],
    "notes": "Temple Mill Lane / Leyton Road corner house; pheon right of the text on the house front"
   },
   "geometry": {
    "type": "Point",
    "coordinates": [
     -0.0038758,
     51.551097
    ]
   }
  },
  {
   "type": "Feature",
   "properties": {
    "id": "sh_538485_185458",
    "type": "spot",
    "value_ft": 34.2,
    "raw": "34·2",
    "confidence": "medium",
    "n_readings": 1,
    "readers": [
     "opus-i"
    ],
    "mosaics": [
     "m18_131066_87116"
    ],
    "bng_e": 538484.53,
    "bng_n": 185458.45,
    "spread_m": 0.0,
    "datum": "OD Liverpool",
    "source": "OS 1:1056 London 1891-96 via NLS",
    "disputed": false,
    "views": [
     "opus-i:m18_131066_87116@782,641=34.2(m)"
    ],
    "notes": "Temple Mill Lane at the C.R. boundary; surrounded by boundary dots, survey dot not identifiable; position = centre of figures"
   },
   "geometry": {
    "type": "Point",
    "coordinates": [
     -0.0040421,
     51.5510269
    ]
   }
  },
  {
   "type": "Feature",
   "properties": {
    "id": "sh_538425_185430",
    "type": "spot",
    "value_ft": 29.0,
    "raw": "29·0",
    "confidence": "medium",
    "n_readings": 1,
    "readers": [
     "opus-i"
    ],
    "mosaics": [
     "m18_131066_87116"
    ],
    "bng_e": 538425.4,
    "bng_n": 185429.74,
    "spread_m": 0.0,
    "datum": "OD Liverpool",
    "source": "OS 1:1056 London 1891-96 via NLS",
    "disputed": false,
    "views": [
     "opus-i:m18_131066_87116@621,714=29.0(m)"
    ],
    "notes": "Temple Mill Lane east of the bridge; boundary dots all round; position = centre of figures"
   },
   "geometry": {
    "type": "Point",
    "coordinates": [
     -0.0049057,
     51.5507834
    ]
   }
  },
  {
   "type": "Feature",
   "properties": {
    "id": "sh_538136_185430",
    "type": "spot",
    "value_ft": 17.2,
    "raw": "17·2",
    "confidence": "medium",
    "n_readings": 1,
    "readers": [
     "opus-h"
    ],
    "mosaics": [
     "m18_131063_87116"
    ],
    "bng_e": 538135.84,
    "bng_n": 185429.64,
    "spread_m": 0.0,
    "datum": "OD Liverpool",
    "source": "OS 1:1056 London 1891-96 via NLS",
    "disputed": false,
    "views": [
     "opus-h:m18_131063_87116@611,693=17.2(m)"
    ],
    "notes": "Temple Mill Lane at the boundary post; digits clear at 8x; nearby dots are boundary dots, position = centre of figures"
   },
   "geometry": {
    "type": "Point",
    "coordinates": [
     -0.0090793,
     51.5508535
    ]
   }
  },
  {
   "type": "Feature",
   "properties": {
    "id": "sh_538874_185412",
    "type": "spot",
    "value_ft": 35.5,
    "raw": "35·5",
    "confidence": "high",
    "n_readings": 1,
    "readers": [
     "opus-j"
    ],
    "mosaics": [
     "m18_131072_87119"
    ],
    "bng_e": 538874.35,
    "bng_n": 185412.31,
    "spread_m": 0.0,
    "datum": "OD Liverpool",
    "source": "OS 1:1056 London 1891-96 via NLS",
    "disputed": false,
    "views": [
     "opus-j:m18_131072_87119@290,26=35.5(h)"
    ],
    "notes": "Brydges Road / Chobham Road, north end; dot above figures below F.P, 8x"
   },
   "geometry": {
    "type": "Point",
    "coordinates": [
     0.0015584,
     51.5505166
    ]
   }
  },
  {
   "type": "Feature",
   "properties": {
    "id": "sh_537596_185408",
    "type": "spot",
    "value_ft": 16.9,
    "raw": "16·9",
    "confidence": "high",
    "n_readings": 1,
    "readers": [
     "opus-j"
    ],
    "mosaics": [
     "m18_131057_87116"
    ],
    "bng_e": 537596.41,
    "bng_n": 185407.57,
    "spread_m": 0.0,
    "datum": "OD Liverpool",
    "source": "OS 1:1056 London 1891-96 via NLS",
    "disputed": false,
    "views": [
     "opus-j:m18_131057_87116@696,713=16.9(h)"
    ],
    "notes": "yard of the cottages south of Templemills Bridge; dot above-right of figures at a fence corner, 8x"
   },
   "geometry": {
    "type": "Point",
    "coordinates": [
     -0.016863,
     51.5507868
    ]
   }
  },
  {
   "type": "Feature",
   "properties": {
    "id": "sh_538769_185408",
    "type": "bench_mark",
    "value_ft": 36.45,
    "raw": "B.M.36·45",
    "confidence": "high",
    "n_readings": 1,
    "readers": [
     "opus-g"
    ],
    "mosaics": [
     "m18_131069_87119"
    ],
    "bng_e": 538769.15,
    "bng_n": 185407.57,
    "spread_m": 0.0,
    "datum": "OD Liverpool",
    "source": "OS 1:1056 London 1891-96 via NLS",
    "disputed": false,
    "views": [
     "opus-g:m18_131069_87119@775,31=36.45(h)"
    ],
    "notes": "building corner on Chandos Road West; pheon up-right of text; 7x"
   },
   "geometry": {
    "type": "Point",
    "coordinates": [
     4.02e-05,
     51.5504999
    ]
   }
  },
  {
   "type": "Feature",
   "properties": {
    "id": "sh_538505_185406",
    "type": "spot",
    "value_ft": 34.3,
    "raw": "34·3",
    "confidence": "high",
    "n_readings": 3,
    "readers": [
     "opus-f",
     "opus-g",
     "opus-i"
    ],
    "mosaics": [
     "m18_131066_87116",
     "m18_131066_87119",
     "m18_131069_87119"
    ],
    "bng_e": 538505.31,
    "bng_n": 185406.31,
    "spread_m": 0.83,
    "datum": "OD Liverpool",
    "source": "OS 1:1056 London 1891-96 via NLS",
    "disputed": false,
    "views": [
     "opus-i:m18_131066_87116@835,781=34.3(h)",
     "opus-f:m18_131066_87119@834,17=34.3(h)",
     "opus-g:m18_131069_87119@65,15=34.3(h)"
    ],
    "notes": "road by the Baptist Chapel; dot above-left of figure"
   },
   "geometry": {
    "type": "Point",
    "coordinates": [
     -0.0037631,
     51.5505533
    ]
   }
  },
  {
   "type": "Feature",
   "properties": {
    "id": "sh_538774_185402",
    "type": "spot",
    "value_ft": 34.9,
    "raw": "34·9",
    "confidence": "medium",
    "n_readings": 2,
    "readers": [
     "opus-g",
     "opus-j"
    ],
    "mosaics": [
     "m18_131069_87119",
     "m18_131072_87119"
    ],
    "bng_e": 538773.57,
    "bng_n": 185402.5,
    "spread_m": 0.19,
    "datum": "OD Liverpool",
    "source": "OS 1:1056 London 1891-96 via NLS",
    "disputed": false,
    "views": [
     "opus-g:m18_131069_87119@786,45=34.9(m)",
     "opus-j:m18_131072_87119@19,45=34.9(m)"
    ],
    "notes": "Chandos Road West; digits clear at 10x; dot is the one above the W of W E S T, below-left of the figures, may be a lettering interpunct"
   },
   "geometry": {
    "type": "Point",
    "coordinates": [
     0.0001019,
     51.5504532
    ]
   }
  },
  {
   "type": "Feature",
   "properties": {
    "id": "sh_539124_185402",
    "type": "spot",
    "value_ft": 33.6,
    "raw": "33·6",
    "confidence": "medium",
    "n_readings": 1,
    "readers": [
     "opus-j"
    ],
    "mosaics": [
     "m18_131072_87119"
    ],
    "bng_e": 539124.01,
    "bng_n": 185401.7,
    "spread_m": 0.0,
    "datum": "OD Liverpool",
    "source": "OS 1:1056 London 1891-96 via NLS",
    "disputed": false,
    "views": [
     "opus-j:m18_131072_87119@960,73=33.6(m)"
    ],
    "notes": "garden plot west of Leytonstone Road; no dot within +-30 px; position = centre of figures"
   },
   "geometry": {
    "type": "Point",
    "coordinates": [
     0.0051525,
     51.5503598
    ]
   }
  },
  {
   "type": "Feature",
   "properties": {
    "id": "sh_538374_185394",
    "type": "bench_mark",
    "value_ft": 36.56,
    "raw": "B.M.36·56",
    "confidence": "medium",
    "n_readings": 2,
    "readers": [
     "opus-f",
     "opus-i"
    ],
    "mosaics": [
     "m18_131066_87116",
     "m18_131066_87119"
    ],
    "bng_e": 538373.7,
    "bng_n": 185394.36,
    "spread_m": 0.59,
    "datum": "OD Liverpool",
    "source": "OS 1:1056 London 1891-96 via NLS",
    "disputed": false,
    "views": [
     "opus-i:m18_131066_87116@478,806=36.56(m)",
     "opus-f:m18_131066_87119@481,37=36.56(m)"
    ],
    "notes": "Temple Mill Lane bridge parapet; digits clear; no pheon found within +-60 px (the crossed symbol at 440,795 is a lamp/ornament, not a pheon); position = centre of text"
   },
   "geometry": {
    "type": "Point",
    "coordinates": [
     -0.0056648,
     51.5504782
    ]
   }
  },
  {
   "type": "Feature",
   "properties": {
    "id": "sh_538363_185390",
    "type": "spot",
    "value_ft": 36.0,
    "raw": "36·0",
    "confidence": "medium",
    "n_readings": 2,
    "readers": [
     "opus-f",
     "opus-i"
    ],
    "mosaics": [
     "m18_131066_87116",
     "m18_131066_87119"
    ],
    "bng_e": 538363.38,
    "bng_n": 185390.37,
    "spread_m": 0.26,
    "datum": "OD Liverpool",
    "source": "OS 1:1056 London 1891-96 via NLS",
    "disputed": false,
    "views": [
     "opus-i:m18_131066_87116@451,815=36.0(m)",
     "opus-f:m18_131066_87119@452,48=36.0(m)"
    ],
    "notes": "Temple Mill Lane bridge over the railway; no dot found; position = centre of figures"
   },
   "geometry": {
    "type": "Point",
    "coordinates": [
     -0.005815,
     51.5504448
    ]
   }
  },
  {
   "type": "Feature",
   "properties": {
    "id": "sh_538535_185374",
    "type": "bench_mark",
    "value_ft": 35.38,
    "raw": "B.M.35·38",
    "confidence": "high",
    "n_readings": 3,
    "readers": [
     "opus-f",
     "opus-g",
     "opus-i"
    ],
    "mosaics": [
     "m18_131066_87116",
     "m18_131066_87119",
     "m18_131069_87119"
    ],
    "bng_e": 538534.61,
    "bng_n": 185373.82,
    "spread_m": 1.07,
    "datum": "OD Liverpool",
    "source": "OS 1:1056 London 1891-96 via NLS",
    "disputed": false,
    "views": [
     "opus-i:m18_131066_87116@908,871=35.38(h)",
     "opus-f:m18_131066_87119@911,105=35.38(h)",
     "opus-g:m18_131069_87119@144,106=35.38(h)"
    ],
    "notes": "building corner; pheon left of the text"
   },
   "geometry": {
    "type": "Point",
    "coordinates": [
     -0.0033536,
     51.5502542
    ]
   }
  },
  {
   "type": "Feature",
   "properties": {
    "id": "sh_538299_185370",
    "type": "spot",
    "value_ft": 28.4,
    "raw": "28·4",
    "confidence": "medium",
    "n_readings": 2,
    "readers": [
     "opus-f",
     "opus-i"
    ],
    "mosaics": [
     "m18_131066_87116",
     "m18_131066_87119"
    ],
    "bng_e": 538298.8,
    "bng_n": 185370.23,
    "spread_m": 0.19,
    "datum": "OD Liverpool",
    "source": "OS 1:1056 London 1891-96 via NLS",
    "disputed": false,
    "views": [
     "opus-i:m18_131066_87116@277,865=28.4(m)",
     "opus-f:m18_131066_87119@276,97=28.4(m)"
    ],
    "notes": "Temple Mill Lane embankment (between the hatched slopes); dot left of figure, just after the F.F. lettering"
   },
   "geometry": {
    "type": "Point",
    "coordinates": [
     -0.0067538,
     51.5502797
    ]
   }
  },
  {
   "type": "Feature",
   "properties": {
    "id": "sh_538532_185368",
    "type": "spot",
    "value_ft": 34.1,
    "raw": "34·1",
    "confidence": "high",
    "n_readings": 3,
    "readers": [
     "opus-f",
     "opus-g",
     "opus-i"
    ],
    "mosaics": [
     "m18_131066_87116",
     "m18_131066_87119",
     "m18_131069_87119"
    ],
    "bng_e": 538532.04,
    "bng_n": 185367.93,
    "spread_m": 1.12,
    "datum": "OD Liverpool",
    "source": "OS 1:1056 London 1891-96 via NLS",
    "disputed": false,
    "views": [
     "opus-i:m18_131066_87116@900,888=34.1(h)",
     "opus-f:m18_131066_87119@905,121=34.1(h)",
     "opus-g:m18_131069_87119@136,120=34.1(h)"
    ],
    "notes": "road below B.M.35·38; dot above-left of figure"
   },
   "geometry": {
    "type": "Point",
    "coordinates": [
     -0.003393,
     51.5502019
    ]
   }
  },
  {
   "type": "Feature",
   "properties": {
    "id": "sh_538159_185358",
    "type": "spot",
    "value_ft": 16.3,
    "raw": "16·3",
    "confidence": "medium",
    "n_readings": 2,
    "readers": [
     "opus-e",
     "opus-h"
    ],
    "mosaics": [
     "m18_131063_87116",
     "m18_131063_87119"
    ],
    "bng_e": 538159.01,
    "bng_n": 185357.7,
    "spread_m": 0.42,
    "datum": "OD Liverpool",
    "source": "OS 1:1056 London 1891-96 via NLS",
    "disputed": false,
    "views": [
     "opus-h:m18_131063_87116@669,888=16.3(m)",
     "opus-e:m18_131063_87119@667,121=16.3(m)"
    ],
    "notes": "Temple Mill Lane; digits clear at 8x; nearest dot is the ·L·A·N·E interpunct, position = centre of figures"
   },
   "geometry": {
    "type": "Point",
    "coordinates": [
     -0.0087735,
     51.5502013
    ]
   }
  },
  {
   "type": "Feature",
   "properties": {
    "id": "sh_538236_185347",
    "type": "spot",
    "value_ft": 19.0,
    "raw": "19·0",
    "confidence": "medium",
    "n_readings": 4,
    "readers": [
     "opus-e",
     "opus-f",
     "opus-h",
     "opus-i"
    ],
    "mosaics": [
     "m18_131063_87116",
     "m18_131063_87119",
     "m18_131066_87116",
     "m18_131066_87119"
    ],
    "bng_e": 538236.34,
    "bng_n": 185347.19,
    "spread_m": 0.77,
    "datum": "OD Liverpool",
    "source": "OS 1:1056 London 1891-96 via NLS",
    "disputed": false,
    "views": [
     "opus-h:m18_131063_87116@877,922=19.0(m)",
     "opus-e:m18_131063_87119@875,154=19.0(m)",
     "opus-i:m18_131066_87116@106,923=19.0(m)",
     "opus-f:m18_131066_87119@106,155=19.0(m)"
    ],
    "notes": "road/embankment east of the vertical sheet join; small post-like dot left of figures taken as the survey dot, uncertain"
   },
   "geometry": {
    "type": "Point",
    "coordinates": [
     -0.0076631,
     51.5500879
    ]
   }
  },
  {
   "type": "Feature",
   "properties": {
    "id": "sh_539121_185336",
    "type": "spot",
    "value_ft": 33.5,
    "raw": "33·5",
    "confidence": "high",
    "n_readings": 1,
    "readers": [
     "opus-j"
    ],
    "mosaics": [
     "m18_131072_87119"
    ],
    "bng_e": 539120.59,
    "bng_n": 185336.27,
    "spread_m": 0.0,
    "datum": "OD Liverpool",
    "source": "OS 1:1056 London 1891-96 via NLS",
    "disputed": false,
    "views": [
     "opus-j:m18_131072_87119@946,249=33.5(h)"
    ],
    "notes": "Leytonstone Road; dot on the tram rails left of figures, 8x"
   },
   "geometry": {
    "type": "Point",
    "coordinates": [
     0.0050774,
     51.5497727
    ]
   }
  },
  {
   "type": "Feature",
   "properties": {
    "id": "sh_537084_185334",
    "type": "spot",
    "value_ft": 16.9,
    "raw": "16·9",
    "confidence": "low",
    "n_readings": 1,
    "readers": [
     "opus-j"
    ],
    "mosaics": [
     "m18_131054_87119"
    ],
    "bng_e": 537084.05,
    "bng_n": 185333.93,
    "spread_m": 0.0,
    "datum": "OD Liverpool",
    "source": "OS 1:1056 London 1891-96 via NLS",
    "disputed": false,
    "views": [
     "opus-j:m18_131054_87119@82,106=16.9(l)"
    ],
    "notes": "Temple Mill Lane (dotted edges) crossing the marsh; last digit a 9 or possibly 8 even at 20x; no separate survey dot: the interpunct after the M of TEMPLE MILL lettering (82,106) is taken as the dot per the field note, with a small tick on the lane's dotted edge at 93,108 immediately left of the figures as the alternative"
   },
   "geometry": {
    "type": "Point",
    "coordinates": [
     -0.0242767,
     51.5502497
    ]
   }
  },
  {
   "type": "Feature",
   "properties": {
    "id": "sh_537615_185332",
    "type": "bench_mark",
    "value_ft": 18.08,
    "raw": "B.M.18·08",
    "confidence": "high",
    "n_readings": 2,
    "readers": [
     "opus-g",
     "opus-j"
    ],
    "mosaics": [
     "m18_131057_87116",
     "m18_131057_87119"
    ],
    "bng_e": 537614.82,
    "bng_n": 185332.34,
    "spread_m": 0.0,
    "datum": "OD Liverpool",
    "source": "OS 1:1056 London 1891-96 via NLS",
    "disputed": false,
    "views": [
     "opus-j:m18_131057_87116@740,917=18.08(h)",
     "opus-g:m18_131057_87119@740,149=18.08(h)"
    ],
    "notes": "road fork south of Temple Mills; pheon right of text at the corner, 6x"
   },
   "geometry": {
    "type": "Point",
    "coordinates": [
     -0.016627,
     51.5501063
    ]
   }
  },
  {
   "type": "Feature",
   "properties": {
    "id": "sh_539056_185331",
    "type": "spot",
    "value_ft": 33.7,
    "raw": "33·7",
    "confidence": "high",
    "n_readings": 1,
    "readers": [
     "opus-j"
    ],
    "mosaics": [
     "m18_131072_87119"
    ],
    "bng_e": 539055.6,
    "bng_n": 185331.15,
    "spread_m": 0.0,
    "datum": "OD Liverpool",
    "source": "OS 1:1056 London 1891-96 via NLS",
    "disputed": false,
    "views": [
     "opus-j:m18_131072_87119@771,258=33.7(h)"
    ],
    "notes": "Chobham Road at Bond Street; dot left of figures, 8x"
   },
   "geometry": {
    "type": "Point",
    "coordinates": [
     0.0041387,
     51.5497427
    ]
   }
  },
  {
   "type": "Feature",
   "properties": {
    "id": "sh_537617_185329",
    "type": "spot",
    "value_ft": 16.7,
    "raw": "16·7",
    "confidence": "medium",
    "n_readings": 2,
    "readers": [
     "opus-g",
     "opus-j"
    ],
    "mosaics": [
     "m18_131057_87116",
     "m18_131057_87119"
    ],
    "bng_e": 537616.78,
    "bng_n": 185328.68,
    "spread_m": 1.18,
    "datum": "OD Liverpool",
    "source": "OS 1:1056 London 1891-96 via NLS",
    "disputed": false,
    "views": [
     "opus-j:m18_131057_87116@748,928=16.7(m)",
     "opus-g:m18_131057_87119@742,158=16.7(m)"
    ],
    "notes": "written directly below the pheon of B.M.18·08 (probably ground level at the B.M.); no own dot; position = centre of figures"
   },
   "geometry": {
    "type": "Point",
    "coordinates": [
     -0.0166002,
     51.5500729
    ]
   }
  },
  {
   "type": "Feature",
   "properties": {
    "id": "sh_538887_185328",
    "type": "bench_mark",
    "value_ft": 36.13,
    "raw": "B.M.36·13",
    "confidence": "low",
    "n_readings": 1,
    "readers": [
     "opus-j"
    ],
    "mosaics": [
     "m18_131072_87119"
    ],
    "bng_e": 538887.07,
    "bng_n": 185328.39,
    "spread_m": 0.0,
    "datum": "OD Liverpool",
    "source": "OS 1:1056 London 1891-96 via NLS",
    "disputed": false,
    "views": [
     "opus-j:m18_131072_87119@318,253=36.13(l)"
    ],
    "notes": "P.H. at Brydges Road / Chobham Road corner; pheon pointing east into the P.H. wall ~30 px above the text; second digit 6 or 8 even at 12x (36·13 fits the ~34 ft street better, 38·13 possible)"
   },
   "geometry": {
    "type": "Point",
    "coordinates": [
     0.0017086,
     51.5497594
    ]
   }
  },
  {
   "type": "Feature",
   "properties": {
    "id": "sh_538172_185326",
    "type": "bench_mark",
    "value_ft": 17.61,
    "raw": "B.M.17·61",
    "confidence": "high",
    "n_readings": 2,
    "readers": [
     "opus-e",
     "opus-h"
    ],
    "mosaics": [
     "m18_131063_87116",
     "m18_131063_87119"
    ],
    "bng_e": 538171.79,
    "bng_n": 185325.75,
    "spread_m": 0.42,
    "datum": "OD Liverpool",
    "source": "OS 1:1056 London 1891-96 via NLS",
    "disputed": false,
    "views": [
     "opus-h:m18_131063_87116@701,976=17.61(h)",
     "opus-e:m18_131063_87119@699,207=17.61(h)"
    ],
    "notes": "corner of Temple Mill Lane and the road east; pheon above text on the fence curve; clear at 6x"
   },
   "geometry": {
    "type": "Point",
    "coordinates": [
     -0.0086018,
     51.5499111
    ]
   }
  },
  {
   "type": "Feature",
   "properties": {
    "id": "sh_539001_185325",
    "type": "spot",
    "value_ft": 33.7,
    "raw": "33·7",
    "confidence": "high",
    "n_readings": 1,
    "readers": [
     "opus-j"
    ],
    "mosaics": [
     "m18_131072_87119"
    ],
    "bng_e": 539000.68,
    "bng_n": 185325.19,
    "spread_m": 0.0,
    "datum": "OD Liverpool",
    "source": "OS 1:1056 London 1891-96 via NLS",
    "disputed": false,
    "views": [
     "opus-j:m18_131072_87119@623,270=33.7(h)"
    ],
    "notes": "Chobham Road; dot below-left of figures, 6x/8x"
   },
   "geometry": {
    "type": "Point",
    "coordinates": [
     0.0033447,
     51.5497026
    ]
   }
  },
  {
   "type": "Feature",
   "properties": {
    "id": "sh_538571_185318",
    "type": "spot",
    "value_ft": 34.0,
    "raw": "34·0",
    "confidence": "medium",
    "n_readings": 2,
    "readers": [
     "opus-f",
     "opus-g"
    ],
    "mosaics": [
     "m18_131066_87119",
     "m18_131069_87119"
    ],
    "bng_e": 538570.98,
    "bng_n": 185318.45,
    "spread_m": 0.42,
    "datum": "OD Liverpool",
    "source": "OS 1:1056 London 1891-96 via NLS",
    "disputed": false,
    "views": [
     "opus-f:m18_131066_87119@1003,257=34.0(m)",
     "opus-g:m18_131069_87119@237,256=34.0(m)"
    ],
    "notes": "road near east edge (M·A·J... lettering); dot = interpunct after A above figures, figures wholly inside, 8x"
   },
   "geometry": {
    "type": "Point",
    "coordinates": [
     -0.0028512,
     51.5497477
    ]
   }
  },
  {
   "type": "Feature",
   "properties": {
    "id": "sh_538165_185318",
    "type": "spot",
    "value_ft": 15.9,
    "raw": "15·9",
    "confidence": "high",
    "n_readings": 2,
    "readers": [
     "opus-e",
     "opus-h"
    ],
    "mosaics": [
     "m18_131063_87116",
     "m18_131063_87119"
    ],
    "bng_e": 538164.57,
    "bng_n": 185317.58,
    "spread_m": 0.83,
    "datum": "OD Liverpool",
    "source": "OS 1:1056 London 1891-96 via NLS",
    "disputed": false,
    "views": [
     "opus-h:m18_131063_87116@679,995=15.9(h)",
     "opus-e:m18_131063_87119@681,231=15.9(h)"
    ],
    "notes": "road south of the B.M., near the south edge (figure whole); dot above figures"
   },
   "geometry": {
    "type": "Point",
    "coordinates": [
     -0.0087091,
     51.5498394
    ]
   }
  },
  {
   "type": "Feature",
   "properties": {
    "id": "sh_538946_185317",
    "type": "spot",
    "value_ft": 34.0,
    "raw": "34·0",
    "confidence": "high",
    "n_readings": 1,
    "readers": [
     "opus-j"
    ],
    "mosaics": [
     "m18_131072_87119"
    ],
    "bng_e": 538946.18,
    "bng_n": 185317.39,
    "spread_m": 0.0,
    "datum": "OD Liverpool",
    "source": "OS 1:1056 London 1891-96 via NLS",
    "disputed": false,
    "views": [
     "opus-j:m18_131072_87119@476,287=34.0(h)"
    ],
    "notes": "Chobham Road at Newton Road; dot above-left of figures, 8x"
   },
   "geometry": {
    "type": "Point",
    "coordinates": [
     0.0025562,
     51.5496459
    ]
   }
  },
  {
   "type": "Feature",
   "properties": {
    "id": "sh_539002_185317",
    "type": "bench_mark",
    "value_ft": 34.92,
    "raw": "B.M.34·92",
    "confidence": "high",
    "n_readings": 1,
    "readers": [
     "opus-j"
    ],
    "mosaics": [
     "m18_131072_87119"
    ],
    "bng_e": 539002.02,
    "bng_n": 185317.06,
    "spread_m": 0.0,
    "datum": "OD Liverpool",
    "source": "OS 1:1056 London 1891-96 via NLS",
    "disputed": false,
    "views": [
     "opus-j:m18_131072_87119@626,292=34.92(h)"
    ],
    "notes": "Chobham Road south frontage; pheon below-right of text on the frontage line, 6x"
   },
   "geometry": {
    "type": "Point",
    "coordinates": [
     0.0033608,
     51.5496293
    ]
   }
  },
  {
   "type": "Feature",
   "properties": {
    "id": "sh_537688_185311",
    "type": "spot",
    "value_ft": 14.6,
    "raw": "14·6",
    "confidence": "high",
    "n_readings": 4,
    "readers": [
     "opus-f",
     "opus-g",
     "opus-i",
     "opus-j"
    ],
    "mosaics": [
     "m18_131057_87116",
     "m18_131057_87119",
     "m18_131060_87116",
     "m18_131060_87119"
    ],
    "bng_e": 537687.78,
    "bng_n": 185311.39,
    "spread_m": 0.68,
    "datum": "OD Liverpool",
    "source": "OS 1:1056 London 1891-96 via NLS",
    "disputed": false,
    "views": [
     "opus-j:m18_131057_87116@934,978=14.6(h)",
     "opus-g:m18_131057_87119@935,212=14.6(h)",
     "opus-i:m18_131060_87116@166,980=14.6(h)",
     "opus-f:m18_131060_87119@167,209=14.6(h)"
    ],
    "notes": "path/field edge in the south-east; dot on the line right of figures, 8x"
   },
   "geometry": {
    "type": "Point",
    "coordinates": [
     -0.0155836,
     51.5499003
    ]
   }
  },
  {
   "type": "Feature",
   "properties": {
    "id": "sh_538885_185309",
    "type": "spot",
    "value_ft": 33.8,
    "raw": "33·8",
    "confidence": "high",
    "n_readings": 1,
    "readers": [
     "opus-j"
    ],
    "mosaics": [
     "m18_131072_87119"
    ],
    "bng_e": 538884.63,
    "bng_n": 185308.65,
    "spread_m": 0.0,
    "datum": "OD Liverpool",
    "source": "OS 1:1056 London 1891-96 via NLS",
    "disputed": false,
    "views": [
     "opus-j:m18_131072_87119@310,306=33.8(h)"
    ],
    "notes": "Chobham Road at Brydges Road; dot below-left of figures, separate from the F.P.'s own dot, 8x"
   },
   "geometry": {
    "type": "Point",
    "coordinates": [
     0.0016657,
     51.5495826
    ]
   }
  },
  {
   "type": "Feature",
   "properties": {
    "id": "sh_538804_185298",
    "type": "spot",
    "value_ft": 34.0,
    "raw": "34·0",
    "confidence": "high",
    "n_readings": 2,
    "readers": [
     "opus-g",
     "opus-j"
    ],
    "mosaics": [
     "m18_131069_87119",
     "m18_131072_87119"
    ],
    "bng_e": 538803.6,
    "bng_n": 185298.08,
    "spread_m": 0.26,
    "datum": "OD Liverpool",
    "source": "OS 1:1056 London 1891-96 via NLS",
    "disputed": false,
    "views": [
     "opus-g:m18_131069_87119@859,329=34.0(h)",
     "opus-j:m18_131072_87119@92,328=34.0(h)"
    ],
    "notes": "Chobham Road east; dot above the figures between O and B of C H O B H A M; 7x"
   },
   "geometry": {
    "type": "Point",
    "coordinates": [
     0.0004935,
     51.5495075
    ]
   }
  },
  {
   "type": "Feature",
   "properties": {
    "id": "sh_538096_185297",
    "type": "spot",
    "value_ft": 15.7,
    "raw": "15·7",
    "confidence": "high",
    "n_readings": 1,
    "readers": [
     "opus-e"
    ],
    "mosaics": [
     "m18_131063_87119"
    ],
    "bng_e": 538095.54,
    "bng_n": 185296.77,
    "spread_m": 0.0,
    "datum": "OD Liverpool",
    "source": "OS 1:1056 London 1891-96 via NLS",
    "disputed": false,
    "views": [
     "opus-e:m18_131063_87119@493,280=15.7(h)"
    ],
    "notes": "road junction south of Wycliffe Road; dot above-left, 6x"
   },
   "geometry": {
    "type": "Point",
    "coordinates": [
     -0.0097123,
     51.5496693
    ]
   }
  },
  {
   "type": "Feature",
   "properties": {
    "id": "sh_538726_185289",
    "type": "spot",
    "value_ft": 34.5,
    "raw": "34·5",
    "confidence": "high",
    "n_readings": 1,
    "readers": [
     "opus-g"
    ],
    "mosaics": [
     "m18_131069_87119"
    ],
    "bng_e": 538725.51,
    "bng_n": 185288.7,
    "spread_m": 0.0,
    "datum": "OD Liverpool",
    "source": "OS 1:1056 London 1891-96 via NLS",
    "disputed": false,
    "views": [
     "opus-g:m18_131069_87119@649,348=34.5(h)"
    ],
    "notes": "Chobham Road; dot left of figures; 7x"
   },
   "geometry": {
    "type": "Point",
    "coordinates": [
     -0.0006357,
     51.5494425
    ]
   }
  },
  {
   "type": "Feature",
   "properties": {
    "id": "sh_537972_185285",
    "type": "bench_mark",
    "value_ft": 15.59,
    "raw": "B.M.15·59",
    "confidence": "high",
    "n_readings": 2,
    "readers": [
     "opus-e",
     "opus-f"
    ],
    "mosaics": [
     "m18_131060_87119",
     "m18_131063_87119"
    ],
    "bng_e": 537972.3,
    "bng_n": 185284.88,
    "spread_m": 0.53,
    "datum": "OD Liverpool",
    "source": "OS 1:1056 London 1891-96 via NLS",
    "disputed": false,
    "views": [
     "opus-f:m18_131060_87119@928,304=15.59(h)",
     "opus-e:m18_131063_87119@162,302=15.59(h)"
    ],
    "notes": "front wall of Artificial Manure Works; pheon above text, 8x"
   },
   "geometry": {
    "type": "Point",
    "coordinates": [
     -0.0114933,
     51.5495926
    ]
   }
  },
  {
   "type": "Feature",
   "properties": {
    "id": "sh_538017_185283",
    "type": "spot",
    "value_ft": 14.9,
    "raw": "14·9",
    "confidence": "low",
    "n_readings": 1,
    "readers": [
     "opus-e"
    ],
    "mosaics": [
     "m18_131063_87119"
    ],
    "bng_e": 538016.64,
    "bng_n": 185282.74,
    "spread_m": 0.0,
    "datum": "OD Liverpool",
    "source": "OS 1:1056 London 1891-96 via NLS",
    "disputed": false,
    "views": [
     "opus-e:m18_131063_87119@280,312=14.9(l)"
    ],
    "notes": "road south of the Manure Works; dot above-left; final digit 9 or 8 at 10x and 14x (loop shape unclear)"
   },
   "geometry": {
    "type": "Point",
    "coordinates": [
     -0.0108549,
     51.5495625
    ]
   }
  },
  {
   "type": "Feature",
   "properties": {
    "id": "sh_537854_185282",
    "type": "spot",
    "value_ft": 14.4,
    "raw": "14·4",
    "confidence": "high",
    "n_readings": 1,
    "readers": [
     "opus-f"
    ],
    "mosaics": [
     "m18_131060_87119"
    ],
    "bng_e": 537853.65,
    "bng_n": 185282.02,
    "spread_m": 0.0,
    "datum": "OD Liverpool",
    "source": "OS 1:1056 London 1891-96 via NLS",
    "disputed": false,
    "views": [
     "opus-f:m18_131060_87119@610,302=14.4(h)"
    ],
    "notes": "track south of the embanked channel; dot above figures, 8x"
   },
   "geometry": {
    "type": "Point",
    "coordinates": [
     -0.0132045,
     51.5495959
    ]
   }
  },
  {
   "type": "Feature",
   "properties": {
    "id": "sh_538668_185281",
    "type": "spot",
    "value_ft": 34.3,
    "raw": "34·3",
    "confidence": "high",
    "n_readings": 1,
    "readers": [
     "opus-g"
    ],
    "mosaics": [
     "m18_131069_87119"
    ],
    "bng_e": 538668.03,
    "bng_n": 185280.82,
    "spread_m": 0.0,
    "datum": "OD Liverpool",
    "source": "OS 1:1056 London 1891-96 via NLS",
    "disputed": false,
    "views": [
     "opus-g:m18_131069_87119@494,365=34.3(h)"
    ],
    "notes": "Chobham Road; dot left of figures, F.P. dot separate; 7x"
   },
   "geometry": {
    "type": "Point",
    "coordinates": [
     -0.0014672,
     51.5493857
    ]
   }
  },
  {
   "type": "Feature",
   "properties": {
    "id": "sh_537933_185280",
    "type": "spot",
    "value_ft": 14.4,
    "raw": "14·4",
    "confidence": "high",
    "n_readings": 2,
    "readers": [
     "opus-e",
     "opus-f"
    ],
    "mosaics": [
     "m18_131060_87119",
     "m18_131063_87119"
    ],
    "bng_e": 537933.36,
    "bng_n": 185279.73,
    "spread_m": 0.37,
    "datum": "OD Liverpool",
    "source": "OS 1:1056 London 1891-96 via NLS",
    "disputed": false,
    "views": [
     "opus-f:m18_131060_87119@825,314=14.4(h)",
     "opus-e:m18_131063_87119@55,314=14.4(h)"
    ],
    "notes": "track in front of Artificial Manure Works; dot above figures, 8x"
   },
   "geometry": {
    "type": "Point",
    "coordinates": [
     -0.0120565,
     51.5495559
    ]
   }
  },
  {
   "type": "Feature",
   "properties": {
    "id": "sh_538605_185271",
    "type": "spot",
    "value_ft": 33.6,
    "raw": "33·6",
    "confidence": "high",
    "n_readings": 1,
    "readers": [
     "opus-g"
    ],
    "mosaics": [
     "m18_131069_87119"
    ],
    "bng_e": 538605.39,
    "bng_n": 185271.32,
    "spread_m": 0.0,
    "datum": "OD Liverpool",
    "source": "OS 1:1056 London 1891-96 via NLS",
    "disputed": false,
    "views": [
     "opus-g:m18_131069_87119@325,386=33.6(h)"
    ],
    "notes": "Major Road / Chobham Road junction; dot left of figures, L.B. and F.P. dots separate; 7x"
   },
   "geometry": {
    "type": "Point",
    "coordinates": [
     -0.0023737,
     51.5493157
    ]
   }
  },
  {
   "type": "Feature",
   "properties": {
    "id": "sh_537773_185267",
    "type": "spot",
    "value_ft": 15.1,
    "raw": "15·1",
    "confidence": "high",
    "n_readings": 1,
    "readers": [
     "opus-f"
    ],
    "mosaics": [
     "m18_131060_87119"
    ],
    "bng_e": 537773.29,
    "bng_n": 185266.85,
    "spread_m": 0.0,
    "datum": "OD Liverpool",
    "source": "OS 1:1056 London 1891-96 via NLS",
    "disputed": false,
    "views": [
     "opus-f:m18_131060_87119@393,337=15.1(h)"
    ],
    "notes": "track south of the embanked channel; dot above-left of figures, 8x"
   },
   "geometry": {
    "type": "Point",
    "coordinates": [
     -0.0143686,
     51.5494791
    ]
   }
  },
  {
   "type": "Feature",
   "properties": {
    "id": "sh_538597_185258",
    "type": "bench_mark",
    "value_ft": 33.06,
    "raw": "B.M.33·06",
    "confidence": "high",
    "n_readings": 1,
    "readers": [
     "opus-g"
    ],
    "mosaics": [
     "m18_131069_87119"
    ],
    "bng_e": 538597.19,
    "bng_n": 185258.1,
    "spread_m": 0.0,
    "datum": "OD Liverpool",
    "source": "OS 1:1056 London 1891-96 via NLS",
    "disputed": false,
    "views": [
     "opus-g:m18_131069_87119@302,421=33.06(h)"
    ],
    "notes": "house front on Chobham Road; pheon right of text; 7x"
   },
   "geometry": {
    "type": "Point",
    "coordinates": [
     -0.0024971,
     51.5491989
    ]
   }
  },
  {
   "type": "Feature",
   "properties": {
    "id": "sh_539128_185254",
    "type": "spot",
    "value_ft": 33.0,
    "raw": "33·0",
    "confidence": "medium",
    "n_readings": 1,
    "readers": [
     "opus-j"
    ],
    "mosaics": [
     "m18_131072_87119"
    ],
    "bng_e": 539128.06,
    "bng_n": 185254.06,
    "spread_m": 0.0,
    "datum": "OD Liverpool",
    "source": "OS 1:1056 London 1891-96 via NLS",
    "disputed": false,
    "views": [
     "opus-j:m18_131072_87119@960,471=33.0(m)"
    ],
    "notes": "Leytonstone Road by the P.O.; tick on the tram rails right of the figures taken as the dot"
   },
   "geometry": {
    "type": "Point",
    "coordinates": [
     0.0051525,
     51.5490321
    ]
   }
  },
  {
   "type": "Feature",
   "properties": {
    "id": "sh_539050_185243",
    "type": "spot",
    "value_ft": 31.3,
    "raw": "31·3",
    "confidence": "high",
    "n_readings": 1,
    "readers": [
     "opus-j"
    ],
    "mosaics": [
     "m18_131072_87119"
    ],
    "bng_e": 539049.82,
    "bng_n": 185243.01,
    "spread_m": 0.0,
    "datum": "OD Liverpool",
    "source": "OS 1:1056 London 1891-96 via NLS",
    "disputed": false,
    "views": [
     "opus-j:m18_131072_87119@749,495=31.3(h)"
    ],
    "notes": "Henniker Road east; dot left of figures, 8x"
   },
   "geometry": {
    "type": "Point",
    "coordinates": [
     0.0040206,
     51.5489521
    ]
   }
  },
  {
   "type": "Feature",
   "properties": {
    "id": "sh_537692_185240",
    "type": "spot",
    "value_ft": 15.1,
    "raw": "15·1",
    "confidence": "high",
    "n_readings": 2,
    "readers": [
     "opus-f",
     "opus-g"
    ],
    "mosaics": [
     "m18_131057_87119",
     "m18_131060_87119"
    ],
    "bng_e": 537691.76,
    "bng_n": 185240.13,
    "spread_m": 0.37,
    "datum": "OD Liverpool",
    "source": "OS 1:1056 London 1891-96 via NLS",
    "disputed": false,
    "views": [
     "opus-g:m18_131057_87119@940,404=15.1(h)",
     "opus-f:m18_131060_87119@172,402=15.1(h)"
    ],
    "notes": "marsh corner at Potter's Ditch / Channel Sea River; dot right of figures; 7x"
   },
   "geometry": {
    "type": "Point",
    "coordinates": [
     -0.0155541,
     51.549259
    ]
   }
  },
  {
   "type": "Feature",
   "properties": {
    "id": "sh_538973_185237",
    "type": "bench_mark",
    "value_ft": 31.83,
    "raw": "B.M.31·83",
    "confidence": "high",
    "n_readings": 1,
    "readers": [
     "opus-j"
    ],
    "mosaics": [
     "m18_131072_87119"
    ],
    "bng_e": 538972.57,
    "bng_n": 185237.18,
    "spread_m": 0.0,
    "datum": "OD Liverpool",
    "source": "OS 1:1056 London 1891-96 via NLS",
    "disputed": false,
    "views": [
     "opus-j:m18_131072_87119@541,505=31.83(h)"
    ],
    "notes": "Henniker Road north frontage; pheon above-left of text on the frontage, 6x"
   },
   "geometry": {
    "type": "Point",
    "coordinates": [
     0.0029048,
     51.5489187
    ]
   }
  },
  {
   "type": "Feature",
   "properties": {
    "id": "sh_538540_185234",
    "type": "spot",
    "value_ft": 33.0,
    "raw": "33·0",
    "confidence": "high",
    "n_readings": 2,
    "readers": [
     "opus-f",
     "opus-g"
    ],
    "mosaics": [
     "m18_131066_87119",
     "m18_131069_87119"
    ],
    "bng_e": 538539.8,
    "bng_n": 185233.7,
    "spread_m": 0.19,
    "datum": "OD Liverpool",
    "source": "OS 1:1056 London 1891-96 via NLS",
    "disputed": false,
    "views": [
     "opus-f:m18_131066_87119@914,483=33.0(h)",
     "opus-g:m18_131069_87119@146,482=33.0(h)"
    ],
    "notes": "Chobham Road; dot left of figures, 8x"
   },
   "geometry": {
    "type": "Point",
    "coordinates": [
     -0.003334,
     51.5489938
    ]
   }
  },
  {
   "type": "Feature",
   "properties": {
    "id": "sh_538975_185232",
    "type": "spot",
    "value_ft": 29.6,
    "raw": "29·6",
    "confidence": "high",
    "n_readings": 1,
    "readers": [
     "opus-j"
    ],
    "mosaics": [
     "m18_131072_87119"
    ],
    "bng_e": 538974.57,
    "bng_n": 185232.04,
    "spread_m": 0.0,
    "datum": "OD Liverpool",
    "source": "OS 1:1056 London 1891-96 via NLS",
    "disputed": false,
    "views": [
     "opus-j:m18_131072_87119@546,519=29.6(h)"
    ],
    "notes": "Henniker Road; dot after the final D of ROAD, left of figures, 8x"
   },
   "geometry": {
    "type": "Point",
    "coordinates": [
     0.0029317,
     51.548872
    ]
   }
  },
  {
   "type": "Feature",
   "properties": {
    "id": "sh_537638_185226",
    "type": "spot",
    "value_ft": 17.8,
    "raw": "17·8",
    "confidence": "high",
    "n_readings": 2,
    "readers": [
     "opus-f",
     "opus-g"
    ],
    "mosaics": [
     "m18_131057_87119",
     "m18_131060_87119"
    ],
    "bng_e": 537638.19,
    "bng_n": 185225.5,
    "spread_m": 0.19,
    "datum": "OD Liverpool",
    "source": "OS 1:1056 London 1891-96 via NLS",
    "disputed": false,
    "views": [
     "opus-g:m18_131057_87119@795,438=17.8(h)",
     "opus-f:m18_131060_87119@27,439=17.8(m)"
    ],
    "notes": "embankment corner at the head of Waterworks River; dot in the bank hatching below figures; 7x"
   },
   "geometry": {
    "type": "Point",
    "coordinates": [
     -0.016332,
     51.5491406
    ]
   }
  },
  {
   "type": "Feature",
   "properties": {
    "id": "sh_538895_185219",
    "type": "spot",
    "value_ft": 29.0,
    "raw": "29·0",
    "confidence": "high",
    "n_readings": 1,
    "readers": [
     "opus-j"
    ],
    "mosaics": [
     "m18_131072_87119"
    ],
    "bng_e": 538894.53,
    "bng_n": 185219.08,
    "spread_m": 0.0,
    "datum": "OD Liverpool",
    "source": "OS 1:1056 London 1891-96 via NLS",
    "disputed": false,
    "views": [
     "opus-j:m18_131072_87119@330,548=29.0(h)"
    ],
    "notes": "Henniker Road; dot after the final R of HENNIKER, left of figures, 8x"
   },
   "geometry": {
    "type": "Point",
    "coordinates": [
     0.001773,
     51.5487753
    ]
   }
  },
  {
   "type": "Feature",
   "properties": {
    "id": "sh_537714_185219",
    "type": "bench_mark",
    "value_ft": 19.5,
    "raw": "B.M.19·50",
    "confidence": "high",
    "n_readings": 1,
    "readers": [
     "opus-f"
    ],
    "mosaics": [
     "m18_131060_87119"
    ],
    "bng_e": 537714.3,
    "bng_n": 185218.84,
    "spread_m": 0.0,
    "datum": "OD Liverpool",
    "source": "OS 1:1056 London 1891-96 via NLS",
    "disputed": false,
    "views": [
     "opus-f:m18_131060_87119@231,462=19.5(h)"
    ],
    "notes": "building corner at Artificial Manure Works (west works); pheon left of text, 7x and 8x"
   },
   "geometry": {
    "type": "Point",
    "coordinates": [
     -0.0152376,
     51.5490622
    ]
   }
  },
  {
   "type": "Feature",
   "properties": {
    "id": "sh_538871_185218",
    "type": "spot",
    "value_ft": 28.5,
    "raw": "28·5",
    "confidence": "low",
    "n_readings": 1,
    "readers": [
     "opus-j"
    ],
    "mosaics": [
     "m18_131072_87119"
    ],
    "bng_e": 538870.74,
    "bng_n": 185218.06,
    "spread_m": 0.0,
    "datum": "OD Liverpool",
    "source": "OS 1:1056 London 1891-96 via NLS",
    "disputed": false,
    "views": [
     "opus-j:m18_131072_87119@266,549=28.5(l)"
    ],
    "notes": "Henniker Road at Falmouth Street; dot above-right between K and E of HENNIKER (interpunct position); second digit 8 or 6 at 12x (28·5 fits between 27·7 and 29·0 on the same road)"
   },
   "geometry": {
    "type": "Point",
    "coordinates": [
     0.0014296,
     51.5487719
    ]
   }
  },
  {
   "type": "Feature",
   "properties": {
    "id": "sh_538793_185211",
    "type": "bench_mark",
    "value_ft": 29.14,
    "raw": "B.M.29·14",
    "confidence": "high",
    "n_readings": 2,
    "readers": [
     "opus-g",
     "opus-j"
    ],
    "mosaics": [
     "m18_131069_87119",
     "m18_131072_87119"
    ],
    "bng_e": 538793.13,
    "bng_n": 185211.3,
    "spread_m": 0.42,
    "datum": "OD Liverpool",
    "source": "OS 1:1056 London 1891-96 via NLS",
    "disputed": false,
    "views": [
     "opus-g:m18_131069_87119@824,562=29.14(h)",
     "opus-j:m18_131072_87119@58,561=29.14(h)"
    ],
    "notes": "house front, Chobham/Henniker road; pheon above-right of text; 7x"
   },
   "geometry": {
    "type": "Point",
    "coordinates": [
     0.0003085,
     51.5487303
    ]
   }
  },
  {
   "type": "Feature",
   "properties": {
    "id": "sh_538794_185207",
    "type": "spot",
    "value_ft": 27.7,
    "raw": "27·7",
    "confidence": "high",
    "n_readings": 2,
    "readers": [
     "opus-g",
     "opus-j"
    ],
    "mosaics": [
     "m18_131069_87119",
     "m18_131072_87119"
    ],
    "bng_e": 538794.17,
    "bng_n": 185207.24,
    "spread_m": 0.59,
    "datum": "OD Liverpool",
    "source": "OS 1:1056 London 1891-96 via NLS",
    "disputed": false,
    "views": [
     "opus-g:m18_131069_87119@827,571=27.7(h)",
     "opus-j:m18_131072_87119@60,574=27.7(h)"
    ],
    "notes": "same road east; dot left of figures; 7x"
   },
   "geometry": {
    "type": "Point",
    "coordinates": [
     0.0003219,
     51.5486936
    ]
   }
  },
  {
   "type": "Feature",
   "properties": {
    "id": "sh_538492_185207",
    "type": "spot",
    "value_ft": 31.5,
    "raw": "31·5",
    "confidence": "high",
    "n_readings": 2,
    "readers": [
     "opus-f",
     "opus-g"
    ],
    "mosaics": [
     "m18_131066_87119",
     "m18_131069_87119"
    ],
    "bng_e": 538492.32,
    "bng_n": 185207.16,
    "spread_m": 0.26,
    "datum": "OD Liverpool",
    "source": "OS 1:1056 London 1891-96 via NLS",
    "disputed": false,
    "views": [
     "opus-f:m18_131066_87119@785,551=31.5(h)",
     "opus-g:m18_131069_87119@16,550=31.5(h)"
    ],
    "notes": "Chobham Road west end; dot above figures, 8x"
   },
   "geometry": {
    "type": "Point",
    "coordinates": [
     -0.0040287,
     51.5487669
    ]
   }
  },
  {
   "type": "Feature",
   "properties": {
    "id": "sh_541405_185206",
    "type": "spot",
    "value_ft": 32.8,
    "raw": "32·8",
    "confidence": "low",
    "n_readings": 1,
    "readers": [
     "opus-r"
    ],
    "mosaics": [
     "m18_131096_87122"
    ],
    "bng_e": 541405.06,
    "bng_n": 185205.62,
    "spread_m": 0.0,
    "datum": "OD Liverpool",
    "source": "OS 1:1056 London 1891-96 via NLS",
    "disputed": false,
    "views": [
     "opus-r:m18_131096_87122@930,3=32.8(l)"
    ],
    "notes": "Romford Road at N edge; digit tops touch the mosaic edge (y~0-5), possibly clipped; no dot; centre of figures"
   },
   "geometry": {
    "type": "Point",
    "coordinates": [
     0.0379506,
     51.5480314
    ]
   }
  },
  {
   "type": "Feature",
   "properties": {
    "id": "sh_538723_185198",
    "type": "spot",
    "value_ft": 28.4,
    "raw": "28·4",
    "confidence": "high",
    "n_readings": 1,
    "readers": [
     "opus-g"
    ],
    "mosaics": [
     "m18_131069_87119"
    ],
    "bng_e": 538722.76,
    "bng_n": 185198.42,
    "spread_m": 0.0,
    "datum": "OD Liverpool",
    "source": "OS 1:1056 London 1891-96 via NLS",
    "disputed": false,
    "views": [
     "opus-g:m18_131069_87119@635,591=28.4(h)"
    ],
    "notes": "road by 'STRATFORD' lettering; dot above figures; 7x"
   },
   "geometry": {
    "type": "Point",
    "coordinates": [
     -0.0007108,
     51.5486318
    ]
   }
  },
  {
   "type": "Feature",
   "properties": {
    "id": "sh_538658_185192",
    "type": "spot",
    "value_ft": 30.5,
    "raw": "30·5",
    "confidence": "high",
    "n_readings": 1,
    "readers": [
     "opus-g"
    ],
    "mosaics": [
     "m18_131069_87119"
    ],
    "bng_e": 538657.81,
    "bng_n": 185191.82,
    "spread_m": 0.0,
    "datum": "OD Liverpool",
    "source": "OS 1:1056 London 1891-96 via NLS",
    "disputed": false,
    "views": [
     "opus-g:m18_131069_87119@460,604=30.5(h)"
    ],
    "notes": "road junction by Meth. Chapel; dot above-left of figures; 7x"
   },
   "geometry": {
    "type": "Point",
    "coordinates": [
     -0.0016495,
     51.5485885
    ]
   }
  },
  {
   "type": "Feature",
   "properties": {
    "id": "sh_538572_185189",
    "type": "spot",
    "value_ft": 30.9,
    "raw": "30·9",
    "confidence": "medium",
    "n_readings": 2,
    "readers": [
     "opus-f",
     "opus-g"
    ],
    "mosaics": [
     "m18_131066_87119",
     "m18_131069_87119"
    ],
    "bng_e": 538572.09,
    "bng_n": 185189.29,
    "spread_m": 1.32,
    "datum": "OD Liverpool",
    "source": "OS 1:1056 London 1891-96 via NLS",
    "disputed": false,
    "views": [
     "opus-f:m18_131066_87119@1001,604=30.9(m)",
     "opus-g:m18_131069_87119@226,605=30.9(m)"
    ],
    "notes": "road near east edge; dot = interpunct after Y of spaced lettering (F.P. dot at 1017,590 excluded), 8x"
   },
   "geometry": {
    "type": "Point",
    "coordinates": [
     -0.002886,
     51.5485868
    ]
   }
  },
  {
   "type": "Feature",
   "properties": {
    "id": "sh_541334_185183",
    "type": "spot",
    "value_ft": 32.8,
    "raw": "32·8",
    "confidence": "medium",
    "n_readings": 1,
    "readers": [
     "opus-r"
    ],
    "mosaics": [
     "m18_131096_87122"
    ],
    "bng_e": 541333.85,
    "bng_n": 185183.22,
    "spread_m": 0.0,
    "datum": "OD Liverpool",
    "source": "OS 1:1056 London 1891-96 via NLS",
    "disputed": false,
    "views": [
     "opus-r:m18_131096_87122@737,58=32.8(m)"
    ],
    "notes": "Romford Road N side E of Red Post Lane; no own dot (rail dot 747,78 only); centre of figures; 12x"
   },
   "geometry": {
    "type": "Point",
    "coordinates": [
     0.0369153,
     51.5478479
    ]
   }
  },
  {
   "type": "Feature",
   "properties": {
    "id": "sh_539131_185177",
    "type": "bench_mark",
    "value_ft": 33.59,
    "raw": "B.M.33·59",
    "confidence": "high",
    "n_readings": 1,
    "readers": [
     "opus-j"
    ],
    "mosaics": [
     "m18_131072_87119"
    ],
    "bng_e": 539130.92,
    "bng_n": 185176.55,
    "spread_m": 0.0,
    "datum": "OD Liverpool",
    "source": "OS 1:1056 London 1891-96 via NLS",
    "disputed": false,
    "views": [
     "opus-j:m18_131072_87119@962,680=33.59(h)"
    ],
    "notes": "Maryland Road east end near Leytonstone Road; pheon right of text beyond the F.P., 5x"
   },
   "geometry": {
    "type": "Point",
    "coordinates": [
     0.0051633,
     51.548335
    ]
   }
  },
  {
   "type": "Feature",
   "properties": {
    "id": "sh_540920_185174",
    "type": "spot",
    "value_ft": 32.9,
    "raw": "32·9",
    "confidence": "high",
    "n_readings": 1,
    "readers": [
     "opus-o"
    ],
    "mosaics": [
     "m18_131093_87122"
    ],
    "bng_e": 540920.19,
    "bng_n": 185174.32,
    "spread_m": 0.0,
    "datum": "OD Liverpool",
    "source": "OS 1:1056 London 1891-96 via NLS",
    "disputed": false,
    "views": [
     "opus-o:m18_131093_87122@393,51=32.9(h)"
    ],
    "notes": "Windsor Road corner beside a circled '13'; dot directly left of figure; digits clear at 6x"
   },
   "geometry": {
    "type": "Point",
    "coordinates": [
     0.03095,
     51.5478713
    ]
   }
  },
  {
   "type": "Feature",
   "properties": {
    "id": "sh_540582_185173",
    "type": "spot",
    "value_ft": 33.6,
    "raw": "33·6",
    "confidence": "high",
    "n_readings": 2,
    "readers": [
     "opus-o",
     "opus-q"
    ],
    "mosaics": [
     "m18_131087_87122",
     "m18_131090_87122"
    ],
    "bng_e": 540582.25,
    "bng_n": 185173.3,
    "spread_m": 2.61,
    "datum": "OD Liverpool",
    "source": "OS 1:1056 London 1891-96 via NLS",
    "disputed": false,
    "views": [
     "opus-o:m18_131090_87122@260,28=33.6(h)",
     "opus-q:m18_131087_87122@1014,29=33.6(l)"
    ],
    "notes": "Road south of the Methodist (Wesleyan) Chapel; dot right of figure; final 6 open-topped at 10-12x"
   },
   "geometry": {
    "type": "Point",
    "coordinates": [
     0.0260791,
     51.5479463
    ]
   }
  },
  {
   "type": "Feature",
   "properties": {
    "id": "sh_538464_185172",
    "type": "bench_mark",
    "value_ft": 21.9,
    "raw": "B.M.21·90",
    "confidence": "high",
    "n_readings": 1,
    "readers": [
     "opus-f"
    ],
    "mosaics": [
     "m18_131066_87119"
    ],
    "bng_e": 538464.43,
    "bng_n": 185172.06,
    "spread_m": 0.0,
    "datum": "OD Liverpool",
    "source": "OS 1:1056 London 1891-96 via NLS",
    "disputed": false,
    "views": [
     "opus-f:m18_131066_87119@707,643=21.9(h)"
    ],
    "notes": "signal box by the Ward Bdy.; pheon below text, 8x"
   },
   "geometry": {
    "type": "Point",
    "coordinates": [
     -0.0044444,
     51.5484584
    ]
   }
  },
  {
   "type": "Feature",
   "properties": {
    "id": "sh_538445_185167",
    "type": "spot",
    "value_ft": 17.4,
    "raw": "17·4",
    "confidence": "medium",
    "n_readings": 1,
    "readers": [
     "opus-f"
    ],
    "mosaics": [
     "m18_131066_87119"
    ],
    "bng_e": 538444.84,
    "bng_n": 185167.07,
    "spread_m": 0.0,
    "datum": "OD Liverpool",
    "source": "OS 1:1056 London 1891-96 via NLS",
    "disputed": false,
    "views": [
     "opus-f:m18_131066_87119@654,655=17.4(m)"
    ],
    "notes": "Cambridge Old Main Line; figures clear at 8x beside the rails, dot inferred as the tick on the rail 25 px east"
   },
   "geometry": {
    "type": "Point",
    "coordinates": [
     -0.0047287,
     51.5484183
    ]
   }
  },
  {
   "type": "Feature",
   "properties": {
    "id": "sh_541323_185164",
    "type": "bench_mark",
    "value_ft": 34.52,
    "raw": "B.M.34·52",
    "confidence": "high",
    "n_readings": 1,
    "readers": [
     "opus-r"
    ],
    "mosaics": [
     "m18_131096_87122"
    ],
    "bng_e": 541323.21,
    "bng_n": 185164.36,
    "spread_m": 0.0,
    "datum": "OD Liverpool",
    "source": "OS 1:1056 London 1891-96 via NLS",
    "disputed": false,
    "views": [
     "opus-r:m18_131096_87122@707,108=34.52(h)"
    ],
    "notes": "Romford Road S side at Plashet Hall entrance wall; pheon apex left of text, 8x/14x"
   },
   "geometry": {
    "type": "Point",
    "coordinates": [
     0.0367543,
     51.5476811
    ]
   }
  },
  {
   "type": "Feature",
   "properties": {
    "id": "sh_540172_185161",
    "type": "spot",
    "value_ft": 35.2,
    "raw": "35·2",
    "confidence": "medium",
    "n_readings": 1,
    "readers": [
     "opus-s"
    ],
    "mosaics": [
     "m18_131084_87122"
    ],
    "bng_e": 540172.04,
    "bng_n": 185161.02,
    "spread_m": 0.0,
    "datum": "OD Liverpool",
    "source": "OS 1:1056 London 1891-96 via NLS",
    "disputed": false,
    "views": [
     "opus-s:m18_131084_87122@686,31=35.2(m)"
    ],
    "notes": "The Grove east, near north edge; nearby dots belong to the F.P.; position = centre of figures"
   },
   "geometry": {
    "type": "Point",
    "coordinates": [
     0.0201622,
     51.547938
    ]
   }
  },
  {
   "type": "Feature",
   "properties": {
    "id": "sh_540521_185159",
    "type": "spot",
    "value_ft": 33.4,
    "raw": "33·4",
    "confidence": "medium",
    "n_readings": 2,
    "readers": [
     "opus-o",
     "opus-q"
    ],
    "mosaics": [
     "m18_131087_87122",
     "m18_131090_87122"
    ],
    "bng_e": 540520.87,
    "bng_n": 185158.61,
    "spread_m": 0.19,
    "datum": "OD Liverpool",
    "source": "OS 1:1056 London 1891-96 via NLS",
    "disputed": false,
    "views": [
     "opus-q:m18_131087_87122@855,63=33.4(m)",
     "opus-o:m18_131090_87122@87,64=33.4(m)"
    ],
    "notes": "north-south ROAD east of Pawnbrokers' Almshouses, beside the R of ROAD; leading 3s render as 8 at 14x but are identical in shape; dot left-below figure may be a lettering interpunct (F.P. below has its own dot)"
   },
   "geometry": {
    "type": "Point",
    "coordinates": [
     0.0251886,
     51.5478296
    ]
   }
  },
  {
   "type": "Feature",
   "properties": {
    "id": "sh_538389_185157",
    "type": "spot",
    "value_ft": 24.0,
    "raw": "24·0",
    "confidence": "high",
    "n_readings": 1,
    "readers": [
     "opus-f"
    ],
    "mosaics": [
     "m18_131066_87119"
    ],
    "bng_e": 538388.55,
    "bng_n": 185156.63,
    "spread_m": 0.0,
    "datum": "OD Liverpool",
    "source": "OS 1:1056 London 1891-96 via NLS",
    "disputed": false,
    "views": [
     "opus-f:m18_131066_87119@502,679=24.0(h)"
    ],
    "notes": "open ground between the High Meads Loop and the main line; dot above-left of figures, 8x"
   },
   "geometry": {
    "type": "Point",
    "coordinates": [
     -0.0055441,
     51.5483383
    ]
   }
  },
  {
   "type": "Feature",
   "properties": {
    "id": "sh_538688_185154",
    "type": "bench_mark",
    "value_ft": 30.49,
    "raw": "B.M.30·49",
    "confidence": "high",
    "n_readings": 1,
    "readers": [
     "opus-g"
    ],
    "mosaics": [
     "m18_131069_87119"
    ],
    "bng_e": 538687.5,
    "bng_n": 185154.02,
    "spread_m": 0.0,
    "datum": "OD Liverpool",
    "source": "OS 1:1056 London 1891-96 via NLS",
    "disputed": false,
    "views": [
     "opus-g:m18_131069_87119@537,708=30.49(h)"
    ],
    "notes": "house wall; pheon above-right of text; 7x"
   },
   "geometry": {
    "type": "Point",
    "coordinates": [
     -0.0012365,
     51.5482415
    ]
   }
  },
  {
   "type": "Feature",
   "properties": {
    "id": "sh_541264_185148",
    "type": "spot",
    "value_ft": 32.9,
    "raw": "32·9",
    "confidence": "medium",
    "n_readings": 1,
    "readers": [
     "opus-r"
    ],
    "mosaics": [
     "m18_131096_87122"
    ],
    "bng_e": 541264.1,
    "bng_n": 185148.24,
    "spread_m": 0.0,
    "datum": "OD Liverpool",
    "source": "OS 1:1056 London 1891-96 via NLS",
    "disputed": false,
    "views": [
     "opus-r:m18_131096_87122@547,147=32.9(m)"
    ],
    "notes": "Romford Road S of tramway, E of Red Post Lane junction; only a rail tick at ~536,139; centre of figures; 12x"
   },
   "geometry": {
    "type": "Point",
    "coordinates": [
     0.035896,
     51.547551
    ]
   }
  },
  {
   "type": "Feature",
   "properties": {
    "id": "sh_538339_185148",
    "type": "bench_mark",
    "value_ft": 18.9,
    "raw": "B.M.18·90",
    "confidence": "high",
    "n_readings": 1,
    "readers": [
     "opus-f"
    ],
    "mosaics": [
     "m18_131066_87119"
    ],
    "bng_e": 538338.92,
    "bng_n": 185147.85,
    "spread_m": 0.0,
    "datum": "OD Liverpool",
    "source": "OS 1:1056 London 1891-96 via NLS",
    "disputed": false,
    "views": [
     "opus-f:m18_131066_87119@368,699=18.9(h)"
    ],
    "notes": "at the F.B. (footbridge) over the High Meads Loop; pheon right of text, 8x"
   },
   "geometry": {
    "type": "Point",
    "coordinates": [
     -0.0062629,
     51.5482716
    ]
   }
  },
  {
   "type": "Feature",
   "properties": {
    "id": "sh_538603_185147",
    "type": "bench_mark",
    "value_ft": 30.91,
    "raw": "B.M.30·91",
    "confidence": "high",
    "n_readings": 1,
    "readers": [
     "opus-g"
    ],
    "mosaics": [
     "m18_131069_87119"
    ],
    "bng_e": 538603.21,
    "bng_n": 185146.89,
    "spread_m": 0.0,
    "datum": "OD Liverpool",
    "source": "OS 1:1056 London 1891-96 via NLS",
    "disputed": false,
    "views": [
     "opus-g:m18_131069_87119@310,721=30.91(h)"
    ],
    "notes": "corner house at Castle Street East; pheon above-right of text; 7x"
   },
   "geometry": {
    "type": "Point",
    "coordinates": [
     -0.0024542,
     51.5481982
    ]
   }
  },
  {
   "type": "Feature",
   "properties": {
    "id": "sh_537672_185146",
    "type": "spot",
    "value_ft": 18.0,
    "raw": "18·0",
    "confidence": "medium",
    "n_readings": 1,
    "readers": [
     "opus-g"
    ],
    "mosaics": [
     "m18_131057_87119"
    ],
    "bng_e": 537671.98,
    "bng_n": 185146.05,
    "spread_m": 0.0,
    "datum": "OD Liverpool",
    "source": "OS 1:1056 London 1891-96 via NLS",
    "disputed": false,
    "views": [
     "opus-g:m18_131057_87119@880,655=18.0(m)"
    ],
    "notes": "ground east of the Waterworks River bank; no dot found; position = centre of figures; 7x"
   },
   "geometry": {
    "type": "Point",
    "coordinates": [
     -0.015876,
     51.5484183
    ]
   }
  },
  {
   "type": "Feature",
   "properties": {
    "id": "sh_537659_185146",
    "type": "spot",
    "value_ft": 18.0,
    "raw": "18·0",
    "confidence": "medium",
    "n_readings": 1,
    "readers": [
     "opus-f"
    ],
    "mosaics": [
     "m18_131060_87119"
    ],
    "bng_e": 537659.34,
    "bng_n": 185145.71,
    "spread_m": 0.0,
    "datum": "OD Liverpool",
    "source": "OS 1:1056 London 1891-96 via NLS",
    "disputed": false,
    "views": [
     "opus-f:m18_131060_87119@78,655=18.0(m)"
    ],
    "notes": "Waterworks River bank; figures in open ground east of the bank, dot in the embankment hatching 25 px west, 7x"
   },
   "geometry": {
    "type": "Point",
    "coordinates": [
     -0.0160584,
     51.5484183
    ]
   }
  },
  {
   "type": "Feature",
   "properties": {
    "id": "sh_538595_185144",
    "type": "spot",
    "value_ft": 30.2,
    "raw": "30·2",
    "confidence": "medium",
    "n_readings": 1,
    "readers": [
     "opus-g"
    ],
    "mosaics": [
     "m18_131069_87119"
    ],
    "bng_e": 538594.71,
    "bng_n": 185144.43,
    "spread_m": 0.0,
    "datum": "OD Liverpool",
    "source": "OS 1:1056 London 1891-96 via NLS",
    "disputed": false,
    "views": [
     "opus-g:m18_131069_87119@287,727=30.2(m)"
    ],
    "notes": "Leyton Road / Castle Street West; no separate dot found; position = centre of figures; 7x"
   },
   "geometry": {
    "type": "Point",
    "coordinates": [
     -0.0025776,
     51.5481782
    ]
   }
  },
  {
   "type": "Feature",
   "properties": {
    "id": "sh_541193_185135",
    "type": "spot",
    "value_ft": 32.7,
    "raw": "32·7",
    "confidence": "medium",
    "n_readings": 1,
    "readers": [
     "opus-r"
    ],
    "mosaics": [
     "m18_131096_87122"
    ],
    "bng_e": 541192.62,
    "bng_n": 185135.48,
    "spread_m": 0.0,
    "datum": "OD Liverpool",
    "source": "OS 1:1056 London 1891-96 via NLS",
    "disputed": false,
    "views": [
     "opus-r:m18_131096_87122@354,176=32.7(m)"
    ],
    "notes": "Romford Road N kerb under 'Co. &'; no own dot (tram rails and boundary dots only), position = centre of figures; 12x"
   },
   "geometry": {
    "type": "Point",
    "coordinates": [
     0.0348607,
     51.5474543
    ]
   }
  },
  {
   "type": "Feature",
   "properties": {
    "id": "sh_541164_185135",
    "type": "bench_mark",
    "value_ft": 34.06,
    "raw": "B.M.34·06",
    "confidence": "low",
    "n_readings": 1,
    "readers": [
     "opus-r"
    ],
    "mosaics": [
     "m18_131096_87122"
    ],
    "bng_e": 541163.6,
    "bng_n": 185135.05,
    "spread_m": 0.0,
    "datum": "OD Liverpool",
    "source": "OS 1:1056 London 1891-96 via NLS",
    "disputed": false,
    "views": [
     "opus-r:m18_131096_87122@276,175=34.06(l)"
    ],
    "notes": "Romford Road north side house front W of Co.& Parly. Boro. Bdy.; pheon apex above text end, 8x; final 6 vs 8 disagree smooth/blocky at 10x"
   },
   "geometry": {
    "type": "Point",
    "coordinates": [
     0.0344423,
     51.5474576
    ]
   }
  },
  {
   "type": "Feature",
   "properties": {
    "id": "sh_540088_185135",
    "type": "spot",
    "value_ft": 35.8,
    "raw": "35·8",
    "confidence": "low",
    "n_readings": 1,
    "readers": [
     "opus-s"
    ],
    "mosaics": [
     "m18_131084_87122"
    ],
    "bng_e": 540087.54,
    "bng_n": 185134.56,
    "spread_m": 0.0,
    "datum": "OD Liverpool",
    "source": "OS 1:1056 London 1891-96 via NLS",
    "disputed": false,
    "views": [
     "opus-s:m18_131084_87122@457,96=35.8(l)"
    ],
    "notes": "Norwich Road north end at The Grove; dot above figure (F.P. dot at 443,92 separate); final 8 at 6x but 6-like at 9x"
   },
   "geometry": {
    "type": "Point",
    "coordinates": [
     0.0189337,
     51.5477211
    ]
   }
  },
  {
   "type": "Feature",
   "properties": {
    "id": "sh_538696_185132",
    "type": "spot",
    "value_ft": 29.3,
    "raw": "29·3",
    "confidence": "medium",
    "n_readings": 1,
    "readers": [
     "opus-g"
    ],
    "mosaics": [
     "m18_131069_87119"
    ],
    "bng_e": 538696.3,
    "bng_n": 185131.62,
    "spread_m": 0.0,
    "datum": "OD Liverpool",
    "source": "OS 1:1056 London 1891-96 via NLS",
    "disputed": false,
    "views": [
     "opus-g:m18_131069_87119@559,769=29.3(m)"
    ],
    "notes": "Beddingfield Street East junction; dot below figures (F.P. has its own dot further below); 7x"
   },
   "geometry": {
    "type": "Point",
    "coordinates": [
     -0.0011185,
     51.5480381
    ]
   }
  },
  {
   "type": "Feature",
   "properties": {
    "id": "sh_540080_185127",
    "type": "bench_mark",
    "value_ft": 37.17,
    "raw": "B.M.37·17",
    "confidence": "high",
    "n_readings": 1,
    "readers": [
     "opus-s"
    ],
    "mosaics": [
     "m18_131084_87122"
    ],
    "bng_e": 540079.92,
    "bng_n": 185127.3,
    "spread_m": 0.0,
    "datum": "OD Liverpool",
    "source": "OS 1:1056 London 1891-96 via NLS",
    "disputed": false,
    "views": [
     "opus-s:m18_131084_87122@436,115=37.17(h)"
    ],
    "notes": "The Grove / Norwich Road corner; pheon on wall ~15 px NE of text; digits clear at 6x"
   },
   "geometry": {
    "type": "Point",
    "coordinates": [
     0.0188211,
     51.5476578
    ]
   }
  },
  {
   "type": "Feature",
   "properties": {
    "id": "sh_538890_185123",
    "type": "spot",
    "value_ft": 27.6,
    "raw": "27·6",
    "confidence": "medium",
    "n_readings": 2,
    "readers": [
     "opus-i",
     "opus-j"
    ],
    "mosaics": [
     "m18_131072_87119",
     "m18_131072_87122"
    ],
    "bng_e": 538890.09,
    "bng_n": 185122.81,
    "spread_m": 0.83,
    "datum": "OD Liverpool",
    "source": "OS 1:1056 London 1891-96 via NLS",
    "disputed": false,
    "views": [
     "opus-i:m18_131072_87122@313,40=27.6(m)",
     "opus-j:m18_131072_87119@309,806=27.6(l)"
    ],
    "notes": "Maryland Road at Store Street; dot below the figure beside the A of MARYLAND; last digit read as an open-topped 6 at 16x, 6 vs 8 not certain"
   },
   "geometry": {
    "type": "Point",
    "coordinates": [
     0.001671,
     51.5479113
    ]
   }
  },
  {
   "type": "Feature",
   "properties": {
    "id": "sh_538325_185117",
    "type": "spot",
    "value_ft": 17.7,
    "raw": "17·7",
    "confidence": "medium",
    "n_readings": 1,
    "readers": [
     "opus-f"
    ],
    "mosaics": [
     "m18_131066_87119"
    ],
    "bng_e": 538325.25,
    "bng_n": 185116.66,
    "spread_m": 0.0,
    "datum": "OD Liverpool",
    "source": "OS 1:1056 London 1891-96 via NLS",
    "disputed": false,
    "views": [
     "opus-f:m18_131066_87119@329,782=17.7(m)"
    ],
    "notes": "High Meads Loop; dot = tick on the rail left of figures, 8x"
   },
   "geometry": {
    "type": "Point",
    "coordinates": [
     -0.0064722,
     51.5479947
    ]
   }
  },
  {
   "type": "Feature",
   "properties": {
    "id": "sh_540019_185116",
    "type": "spot",
    "value_ft": 36.0,
    "raw": "36·0",
    "confidence": "low",
    "n_readings": 1,
    "readers": [
     "opus-s"
    ],
    "mosaics": [
     "m18_131084_87122"
    ],
    "bng_e": 540019.2,
    "bng_n": 185115.6,
    "spread_m": 0.0,
    "datum": "OD Liverpool",
    "source": "OS 1:1056 London 1891-96 via NLS",
    "disputed": false,
    "views": [
     "opus-s:m18_131084_87122@272,142=36.0(l)"
    ],
    "notes": "The Grove; isolated dot left of figure; second digit 6 or 8 ambiguous at 9-12x"
   },
   "geometry": {
    "type": "Point",
    "coordinates": [
     0.0179413,
     51.5475677
    ]
   }
  },
  {
   "type": "Feature",
   "properties": {
    "id": "sh_538333_185115",
    "type": "spot",
    "value_ft": 17.7,
    "raw": "17·7",
    "confidence": "medium",
    "n_readings": 1,
    "readers": [
     "opus-d"
    ],
    "mosaics": [
     "m18_131066_87122"
    ],
    "bng_e": 538332.75,
    "bng_n": 185114.64,
    "spread_m": 0.0,
    "datum": "OD Liverpool",
    "source": "OS 1:1056 London 1891-96 via NLS",
    "disputed": false,
    "views": [
     "opus-d:m18_131066_87122@349,20=17.7(m)"
    ],
    "notes": "G.E.R. High Meads Loop near the north edge; figures clear and whole at 8x; no dot found (a hooked tick on a rail at 329,13 not used), position = centre of figures"
   },
   "geometry": {
    "type": "Point",
    "coordinates": [
     -0.0063649,
     51.5479747
    ]
   }
  },
  {
   "type": "Feature",
   "properties": {
    "id": "sh_541122_185111",
    "type": "spot",
    "value_ft": 32.5,
    "raw": "32·5",
    "confidence": "medium",
    "n_readings": 2,
    "readers": [
     "opus-o",
     "opus-r"
    ],
    "mosaics": [
     "m18_131093_87122",
     "m18_131096_87122"
    ],
    "bng_e": 541121.65,
    "bng_n": 185110.86,
    "spread_m": 0.19,
    "datum": "OD Liverpool",
    "source": "OS 1:1056 London 1891-96 via NLS",
    "disputed": false,
    "views": [
     "opus-o:m18_131093_87122@930,237=32.5(m)",
     "opus-r:m18_131096_87122@161,237=32.5(m)"
    ],
    "notes": "Romford Road just west of the px ~940 join; regular rail ticks, no distinct dot; position = centre of figures; digits clear at 6x"
   },
   "geometry": {
    "type": "Point",
    "coordinates": [
     0.033828,
     51.5472508
    ]
   }
  },
  {
   "type": "Feature",
   "properties": {
    "id": "sh_538832_185108",
    "type": "spot",
    "value_ft": 25.8,
    "raw": "25·8",
    "confidence": "high",
    "n_readings": 4,
    "readers": [
     "opus-f",
     "opus-g",
     "opus-i",
     "opus-j"
    ],
    "mosaics": [
     "m18_131069_87119",
     "m18_131069_87122",
     "m18_131072_87119",
     "m18_131072_87122"
    ],
    "bng_e": 538832.24,
    "bng_n": 185108.33,
    "spread_m": 0.62,
    "datum": "OD Liverpool",
    "source": "OS 1:1056 London 1891-96 via NLS",
    "disputed": false,
    "views": [
     "opus-g:m18_131069_87119@923,842=25.8(h)",
     "opus-f:m18_131069_87122@921,73=25.8(h)",
     "opus-j:m18_131072_87119@155,842=25.8(h)",
     "opus-i:m18_131072_87122@155,74=25.8(h)"
    ],
    "notes": "Maryland Road; dot left of figures; 7x"
   },
   "geometry": {
    "type": "Point",
    "coordinates": [
     0.0008315,
     51.5477954
    ]
   }
  },
  {
   "type": "Feature",
   "properties": {
    "id": "sh_541057_185100",
    "type": "spot",
    "value_ft": 32.5,
    "raw": "32·5",
    "confidence": "medium",
    "n_readings": 1,
    "readers": [
     "opus-o"
    ],
    "mosaics": [
     "m18_131093_87122"
    ],
    "bng_e": 541056.64,
    "bng_n": 185099.78,
    "spread_m": 0.0,
    "datum": "OD Liverpool",
    "source": "OS 1:1056 London 1891-96 via NLS",
    "disputed": false,
    "views": [
     "opus-o:m18_131093_87122@754,262=32.5(m)"
    ],
    "notes": "Romford Road below the milepost (London 5 / Ilford 3); small tick on the rail above-left of figure taken as the dot; digits clear at 6x"
   },
   "geometry": {
    "type": "Point",
    "coordinates": [
     0.0328866,
     51.5471674
    ]
   }
  },
  {
   "type": "Feature",
   "properties": {
    "id": "sh_538821_185098",
    "type": "bench_mark",
    "value_ft": 27.9,
    "raw": "B.M.27·90",
    "confidence": "medium",
    "n_readings": 3,
    "readers": [
     "opus-f",
     "opus-g",
     "opus-j"
    ],
    "mosaics": [
     "m18_131069_87119",
     "m18_131069_87122",
     "m18_131072_87119"
    ],
    "bng_e": 538821.06,
    "bng_n": 185097.53,
    "spread_m": 1.24,
    "datum": "OD Liverpool",
    "source": "OS 1:1056 London 1891-96 via NLS",
    "disputed": false,
    "views": [
     "opus-g:m18_131069_87119@889,872=27.9(m)",
     "opus-f:m18_131069_87122@893,101=27.9(m)",
     "opus-j:m18_131072_87119@125,869=27.9(m)"
    ],
    "notes": "St Paul's Church boundary; digits clear; pheon taken as the arrow at the church enclosure corner 20 px right of text; 6x"
   },
   "geometry": {
    "type": "Point",
    "coordinates": [
     0.0006661,
     51.5477011
    ]
   }
  },
  {
   "type": "Feature",
   "properties": {
    "id": "sh_538792_185097",
    "type": "spot",
    "value_ft": 26.1,
    "raw": "26·1",
    "confidence": "high",
    "n_readings": 4,
    "readers": [
     "opus-f",
     "opus-g",
     "opus-i",
     "opus-j"
    ],
    "mosaics": [
     "m18_131069_87119",
     "m18_131069_87122",
     "m18_131072_87119",
     "m18_131072_87122"
    ],
    "bng_e": 538791.5,
    "bng_n": 185097.37,
    "spread_m": 1.03,
    "datum": "OD Liverpool",
    "source": "OS 1:1056 London 1891-96 via NLS",
    "disputed": false,
    "views": [
     "opus-g:m18_131069_87119@811,868=26.1(h)",
     "opus-f:m18_131069_87122@815,100=26.1(h)",
     "opus-j:m18_131072_87119@44,869=26.1(h)",
     "opus-i:m18_131072_87122@43,100=26.1(h)"
    ],
    "notes": "Maryland Road / Ashton Street; dot left of figures; 7x"
   },
   "geometry": {
    "type": "Point",
    "coordinates": [
     0.0002401,
     51.547707
    ]
   }
  },
  {
   "type": "Feature",
   "properties": {
    "id": "sh_539946_185093",
    "type": "spot",
    "value_ft": 35.6,
    "raw": "35·6",
    "confidence": "medium",
    "n_readings": 1,
    "readers": [
     "opus-s"
    ],
    "mosaics": [
     "m18_131084_87122"
    ],
    "bng_e": 539946.12,
    "bng_n": 185093.16,
    "spread_m": 0.0,
    "datum": "OD Liverpool",
    "source": "OS 1:1056 London 1891-96 via NLS",
    "disputed": false,
    "views": [
     "opus-s:m18_131084_87122@74,197=35.6(m)"
    ],
    "notes": "The Grove, west; dot between G and R of GROVE (lettering otherwise not interpunctuated), taken as survey dot; final 6 at 6x, 9x and 12x"
   },
   "geometry": {
    "type": "Point",
    "coordinates": [
     0.0168792,
     51.5473842
    ]
   }
  },
  {
   "type": "Feature",
   "properties": {
    "id": "sh_538497_185093",
    "type": "spot",
    "value_ft": 18.2,
    "raw": "18·2",
    "confidence": "medium",
    "n_readings": 4,
    "readers": [
     "opus-d",
     "opus-f",
     "opus-g"
    ],
    "mosaics": [
     "m18_131066_87119",
     "m18_131066_87122",
     "m18_131069_87119",
     "m18_131069_87122"
    ],
    "bng_e": 538497.12,
    "bng_n": 185092.77,
    "spread_m": 1.18,
    "datum": "OD Liverpool",
    "source": "OS 1:1056 London 1891-96 via NLS",
    "disputed": false,
    "views": [
     "opus-f:m18_131066_87119@788,860=18.2(m)",
     "opus-d:m18_131066_87122@787,91=18.2(m)",
     "opus-g:m18_131069_87119@24,858=18.2(m)",
     "opus-f:m18_131069_87122@21,91=18.2(m)"
    ],
    "notes": "corner of shaded works yard west of Heaton Place; no dot, position = centre of figures, 8x (same figure as m18_131069_87122 21,91)"
   },
   "geometry": {
    "type": "Point",
    "coordinates": [
     -0.0040045,
     51.5477378
    ]
   }
  },
  {
   "type": "Feature",
   "properties": {
    "id": "sh_538810_185091",
    "type": "bench_mark",
    "value_ft": 27.9,
    "raw": "B.M.27·90",
    "confidence": "medium",
    "n_readings": 1,
    "readers": [
     "opus-i"
    ],
    "mosaics": [
     "m18_131072_87122"
    ],
    "bng_e": 538809.81,
    "bng_n": 185091.29,
    "spread_m": 0.0,
    "datum": "OD Liverpool",
    "source": "OS 1:1056 London 1891-96 via NLS",
    "disputed": false,
    "views": [
     "opus-i:m18_131072_87122@93,118=27.9(m)"
    ],
    "notes": "corner by St Paul's Church; digits clear at 8x; no pheon found within +-60 px at 4x, position = centre of text"
   },
   "geometry": {
    "type": "Point",
    "coordinates": [
     0.0005016,
     51.5476478
    ]
   }
  },
  {
   "type": "Feature",
   "properties": {
    "id": "sh_538639_185090",
    "type": "spot",
    "value_ft": 29.8,
    "raw": "29·8",
    "confidence": "high",
    "n_readings": 2,
    "readers": [
     "opus-f",
     "opus-g"
    ],
    "mosaics": [
     "m18_131069_87119",
     "m18_131069_87122"
    ],
    "bng_e": 538638.62,
    "bng_n": 185090.32,
    "spread_m": 0.53,
    "datum": "OD Liverpool",
    "source": "OS 1:1056 London 1891-96 via NLS",
    "disputed": false,
    "views": [
     "opus-g:m18_131069_87119@400,877=29.8(h)",
     "opus-f:m18_131069_87122@402,107=29.8(h)"
    ],
    "notes": "Queen's Road / Beddingfield Street; dot above-left of figures; F.P. dot separate; 7x"
   },
   "geometry": {
    "type": "Point",
    "coordinates": [
     -0.001966,
     51.5476811
    ]
   }
  },
  {
   "type": "Feature",
   "properties": {
    "id": "sh_540993_185089",
    "type": "spot",
    "value_ft": 32.6,
    "raw": "32·6",
    "confidence": "medium",
    "n_readings": 1,
    "readers": [
     "opus-o"
    ],
    "mosaics": [
     "m18_131093_87122"
    ],
    "bng_e": 540992.55,
    "bng_n": 185088.71,
    "spread_m": 0.0,
    "datum": "OD Liverpool",
    "source": "OS 1:1056 London 1891-96 via NLS",
    "disputed": false,
    "views": [
     "opus-o:m18_131093_87122@581,287=32.6(m)"
    ],
    "notes": "Romford Road by 'Co. & Parly. Boro. Bdy.' and F.P.; two rail ticks below; position = centre of figures; final 6 open-topped at 10x"
   },
   "geometry": {
    "type": "Point",
    "coordinates": [
     0.0319585,
     51.547084
    ]
   }
  },
  {
   "type": "Feature",
   "properties": {
    "id": "sh_540536_185088",
    "type": "spot",
    "value_ft": 33.1,
    "raw": "33·1",
    "confidence": "high",
    "n_readings": 2,
    "readers": [
     "opus-o",
     "opus-q"
    ],
    "mosaics": [
     "m18_131087_87122",
     "m18_131090_87122"
    ],
    "bng_e": 540536.43,
    "bng_n": 185087.57,
    "spread_m": 0.19,
    "datum": "OD Liverpool",
    "source": "OS 1:1056 London 1891-96 via NLS",
    "disputed": false,
    "views": [
     "opus-q:m18_131087_87122@891,256=33.1(h)",
     "opus-o:m18_131090_87122@124,256=33.1(h)"
    ],
    "notes": "junction east of the Almshouses; digits clear at 8x; dot immediately left of figure"
   },
   "geometry": {
    "type": "Point",
    "coordinates": [
     0.0253844,
     51.5471874
    ]
   }
  },
  {
   "type": "Feature",
   "properties": {
    "id": "sh_538749_185082",
    "type": "spot",
    "value_ft": 26.1,
    "raw": "26·1",
    "confidence": "high",
    "n_readings": 2,
    "readers": [
     "opus-f",
     "opus-g"
    ],
    "mosaics": [
     "m18_131069_87119",
     "m18_131069_87122"
    ],
    "bng_e": 538749.02,
    "bng_n": 185082.01,
    "spread_m": 0.19,
    "datum": "OD Liverpool",
    "source": "OS 1:1056 London 1891-96 via NLS",
    "disputed": false,
    "views": [
     "opus-g:m18_131069_87119@697,906=26.1(h)",
     "opus-f:m18_131069_87122@697,139=26.1(h)"
    ],
    "notes": "Queen's Road; dot left of figures; 7x"
   },
   "geometry": {
    "type": "Point",
    "coordinates": [
     -0.0003782,
     51.5475794
    ]
   }
  },
  {
   "type": "Feature",
   "properties": {
    "id": "sh_541004_185079",
    "type": "bench_mark",
    "value_ft": 34.14,
    "raw": "B.M.34·14",
    "confidence": "medium",
    "n_readings": 1,
    "readers": [
     "opus-o"
    ],
    "mosaics": [
     "m18_131093_87122"
    ],
    "bng_e": 541003.61,
    "bng_n": 185079.0,
    "spread_m": 0.0,
    "datum": "OD Liverpool",
    "source": "OS 1:1056 London 1891-96 via NLS",
    "disputed": false,
    "views": [
     "opus-o:m18_131093_87122@610,314=34.14(m)"
    ],
    "notes": "Building west of the Police Station; text ~600,331; arrow pheon ~15 px above at the building corner inside a tree symbol, point estimated; digits clear at 6x"
   },
   "geometry": {
    "type": "Point",
    "coordinates": [
     0.0321141,
     51.5469939
    ]
   }
  },
  {
   "type": "Feature",
   "properties": {
    "id": "sh_540105_185078",
    "type": "spot",
    "value_ft": 35.3,
    "raw": "35·3",
    "confidence": "medium",
    "n_readings": 1,
    "readers": [
     "opus-s"
    ],
    "mosaics": [
     "m18_131084_87122"
    ],
    "bng_e": 540105.47,
    "bng_n": 185078.25,
    "spread_m": 0.0,
    "datum": "OD Liverpool",
    "source": "OS 1:1056 London 1891-96 via NLS",
    "disputed": false,
    "views": [
     "opus-s:m18_131084_87122@501,249=35.3(m)"
    ],
    "notes": "Norwich Road; dot below the N of N·O·R·W·I·C·H (interpunctuated lettering); final 3 matches the leading 3 at 9x"
   },
   "geometry": {
    "type": "Point",
    "coordinates": [
     0.0191698,
     51.5472107
    ]
   }
  },
  {
   "type": "Feature",
   "properties": {
    "id": "sh_538713_185076",
    "type": "bench_mark",
    "value_ft": 28.11,
    "raw": "B.M.28·11",
    "confidence": "high",
    "n_readings": 2,
    "readers": [
     "opus-f",
     "opus-g"
    ],
    "mosaics": [
     "m18_131069_87119",
     "m18_131069_87122"
    ],
    "bng_e": 538713.45,
    "bng_n": 185076.21,
    "spread_m": 0.42,
    "datum": "OD Liverpool",
    "source": "OS 1:1056 London 1891-96 via NLS",
    "disputed": false,
    "views": [
     "opus-g:m18_131069_87119@602,920=28.11(h)",
     "opus-f:m18_131069_87122@600,151=28.11(h)"
    ],
    "notes": "house front, Beddingfield Street West; pheon left of text; 6x"
   },
   "geometry": {
    "type": "Point",
    "coordinates": [
     -0.0008932,
     51.547536
    ]
   }
  },
  {
   "type": "Feature",
   "properties": {
    "id": "sh_541285_185075",
    "type": "spot",
    "value_ft": 33.5,
    "raw": "33·5",
    "confidence": "medium",
    "n_readings": 1,
    "readers": [
     "opus-r"
    ],
    "mosaics": [
     "m18_131096_87122"
    ],
    "bng_e": 541284.75,
    "bng_n": 185074.94,
    "spread_m": 0.0,
    "datum": "OD Liverpool",
    "source": "OS 1:1056 London 1891-96 via NLS",
    "disputed": false,
    "views": [
     "opus-r:m18_131096_87122@597,346=33.5(m)"
    ],
    "notes": "Red Post Lane, in R E . D lettering; dot directly after figure between E and D (interpunct position); 12x"
   },
   "geometry": {
    "type": "Point",
    "coordinates": [
     0.0361642,
     51.5468872
    ]
   }
  },
  {
   "type": "Feature",
   "properties": {
    "id": "sh_540937_185073",
    "type": "spot",
    "value_ft": 32.8,
    "raw": "32·8",
    "confidence": "medium",
    "n_readings": 1,
    "readers": [
     "opus-o"
    ],
    "mosaics": [
     "m18_131093_87122"
    ],
    "bng_e": 540936.79,
    "bng_n": 185072.69,
    "spread_m": 0.0,
    "datum": "OD Liverpool",
    "source": "OS 1:1056 London 1891-96 via NLS",
    "disputed": false,
    "views": [
     "opus-o:m18_131093_87122@430,326=32.8(m)"
    ],
    "notes": "Romford Road by C.R. and a survey triangle (centre ~415,315) immediately left of the figure; rail tick under the figure taken as the dot (alt: the triangle); final 8 closed at 10x"
   },
   "geometry": {
    "type": "Point",
    "coordinates": [
     0.0311485,
     51.5469539
    ]
   }
  },
  {
   "type": "Feature",
   "properties": {
    "id": "sh_537674_185070",
    "type": "spot",
    "value_ft": 17.8,
    "raw": "17·8",
    "confidence": "high",
    "n_readings": 4,
    "readers": [
     "opus-d",
     "opus-f",
     "opus-g"
    ],
    "mosaics": [
     "m18_131057_87119",
     "m18_131057_87122",
     "m18_131060_87119",
     "m18_131060_87122"
    ],
    "bng_e": 537673.5,
    "bng_n": 185069.71,
    "spread_m": 0.33,
    "datum": "OD Liverpool",
    "source": "OS 1:1056 London 1891-96 via NLS",
    "disputed": false,
    "views": [
     "opus-g:m18_131057_87119@878,860=17.8(h)",
     "opus-f:m18_131057_87122@879,93=17.8(h)",
     "opus-f:m18_131060_87119@110,861=17.8(h)",
     "opus-d:m18_131060_87122@111,93=17.8(h)"
    ],
    "notes": "Waterworks River east embankment; dot in the bank hatching left of figures; 7x"
   },
   "geometry": {
    "type": "Point",
    "coordinates": [
     -0.015884,
     51.547732
    ]
   }
  },
  {
   "type": "Feature",
   "properties": {
    "id": "sh_538928_185070",
    "type": "bench_mark",
    "value_ft": 28.83,
    "raw": "B.M.28·83",
    "confidence": "high",
    "n_readings": 2,
    "readers": [
     "opus-i",
     "opus-j"
    ],
    "mosaics": [
     "m18_131072_87119",
     "m18_131072_87122"
    ],
    "bng_e": 538927.65,
    "bng_n": 185069.64,
    "spread_m": 0.74,
    "datum": "OD Liverpool",
    "source": "OS 1:1056 London 1891-96 via NLS",
    "disputed": false,
    "views": [
     "opus-i:m18_131072_87122@408,187=28.83(h)",
     "opus-j:m18_131072_87119@408,951=28.83(m)"
    ],
    "notes": "Maryland Road south frontage; pheon immediately left of the text"
   },
   "geometry": {
    "type": "Point",
    "coordinates": [
     0.0021914,
     51.5474242
    ]
   }
  },
  {
   "type": "Feature",
   "properties": {
    "id": "sh_538266_185063",
    "type": "spot",
    "value_ft": 17.0,
    "raw": "17·0",
    "confidence": "high",
    "n_readings": 4,
    "readers": [
     "opus-c",
     "opus-d",
     "opus-e",
     "opus-f"
    ],
    "mosaics": [
     "m18_131063_87119",
     "m18_131063_87122",
     "m18_131066_87119",
     "m18_131066_87122"
    ],
    "bng_e": 538265.86,
    "bng_n": 185063.07,
    "spread_m": 0.42,
    "datum": "OD Liverpool",
    "source": "OS 1:1056 London 1891-96 via NLS",
    "disputed": false,
    "views": [
     "opus-e:m18_131063_87119@933,922=17.0(h)",
     "opus-f:m18_131066_87119@166,921=17.0(h)",
     "opus-d:m18_131066_87122@165,155=17.0(h)",
     "opus-c:m18_131063_87122@934,154=17.0(l)"
    ],
    "notes": "GER embankment (High Meads); dot on the rails ~12 px above-left of the figures, which sit in the embankment hatching; 10x"
   },
   "geometry": {
    "type": "Point",
    "coordinates": [
     -0.0073492,
     51.5475277
    ]
   }
  },
  {
   "type": "Feature",
   "properties": {
    "id": "sh_540887_185063",
    "type": "spot",
    "value_ft": 32.6,
    "raw": "32·6",
    "confidence": "high",
    "n_readings": 1,
    "readers": [
     "opus-o"
    ],
    "mosaics": [
     "m18_131093_87122"
    ],
    "bng_e": 540887.19,
    "bng_n": 185062.77,
    "spread_m": 0.0,
    "datum": "OD Liverpool",
    "source": "OS 1:1056 London 1891-96 via NLS",
    "disputed": false,
    "views": [
     "opus-o:m18_131093_87122@296,349=32.6(h)"
    ],
    "notes": "Romford Road; dot as a tick on the tram rail below figure; final 6 open-topped at 10x"
   },
   "geometry": {
    "type": "Point",
    "coordinates": [
     0.0304297,
     51.5468771
    ]
   }
  },
  {
   "type": "Feature",
   "properties": {
    "id": "sh_538907_185061",
    "type": "spot",
    "value_ft": 27.0,
    "raw": "27·0",
    "confidence": "high",
    "n_readings": 2,
    "readers": [
     "opus-i",
     "opus-j"
    ],
    "mosaics": [
     "m18_131072_87119",
     "m18_131072_87122"
    ],
    "bng_e": 538906.66,
    "bng_n": 185061.27,
    "spread_m": 0.0,
    "datum": "OD Liverpool",
    "source": "OS 1:1056 London 1891-96 via NLS",
    "disputed": false,
    "views": [
     "opus-j:m18_131072_87119@351,974=27.0(h)",
     "opus-i:m18_131072_87122@351,206=27.0(h)"
    ],
    "notes": "Maryland Street by the School; dot left of figures, 8x"
   },
   "geometry": {
    "type": "Point",
    "coordinates": [
     0.0018856,
     51.5473542
    ]
   }
  },
  {
   "type": "Feature",
   "properties": {
    "id": "sh_540838_185055",
    "type": "spot",
    "value_ft": 32.5,
    "raw": "32·5",
    "confidence": "high",
    "n_readings": 2,
    "readers": [
     "opus-o"
    ],
    "mosaics": [
     "m18_131090_87122",
     "m18_131093_87122"
    ],
    "bng_e": 540837.53,
    "bng_n": 185054.89,
    "spread_m": 0.19,
    "datum": "OD Liverpool",
    "source": "OS 1:1056 London 1891-96 via NLS",
    "disputed": false,
    "views": [
     "opus-o:m18_131090_87122@930,366=32.5(h)",
     "opus-o:m18_131093_87122@162,367=32.5(h)"
    ],
    "notes": "Romford Road by TRAMWAY lettering near the Pump; dot as a tick on the tram rail below figure; 5 flat-topped at 12x"
   },
   "geometry": {
    "type": "Point",
    "coordinates": [
     0.0297108,
     51.5468188
    ]
   }
  },
  {
   "type": "Feature",
   "properties": {
    "id": "sh_538672_185054",
    "type": "spot",
    "value_ft": 28.5,
    "raw": "28·5",
    "confidence": "high",
    "n_readings": 2,
    "readers": [
     "opus-f",
     "opus-g"
    ],
    "mosaics": [
     "m18_131069_87119",
     "m18_131069_87122"
    ],
    "bng_e": 538671.62,
    "bng_n": 185054.28,
    "spread_m": 0.42,
    "datum": "OD Liverpool",
    "source": "OS 1:1056 London 1891-96 via NLS",
    "disputed": false,
    "views": [
     "opus-g:m18_131069_87119@486,976=28.5(h)",
     "opus-f:m18_131069_87122@488,207=28.5(h)"
    ],
    "notes": "Queen's Road south; dot left of figures; 7x"
   },
   "geometry": {
    "type": "Point",
    "coordinates": [
     -0.0015047,
     51.5473492
    ]
   }
  },
  {
   "type": "Feature",
   "properties": {
    "id": "sh_537676_185046",
    "type": "bench_mark",
    "value_ft": 19.76,
    "raw": "B.M.19·76",
    "confidence": "high",
    "n_readings": 4,
    "readers": [
     "opus-d",
     "opus-f",
     "opus-g"
    ],
    "mosaics": [
     "m18_131057_87119",
     "m18_131057_87122",
     "m18_131060_87119",
     "m18_131060_87122"
    ],
    "bng_e": 537676.45,
    "bng_n": 185046.4,
    "spread_m": 0.84,
    "datum": "OD Liverpool",
    "source": "OS 1:1056 London 1891-96 via NLS",
    "disputed": false,
    "views": [
     "opus-g:m18_131057_87119@884,922=19.76(h)",
     "opus-f:m18_131057_87122@885,158=19.76(h)",
     "opus-f:m18_131060_87119@117,924=19.76(h)",
     "opus-d:m18_131060_87122@117,155=19.76(m)"
    ],
    "notes": "text over the Waterworks River channel; pheon on the embankment right of text; 7x"
   },
   "geometry": {
    "type": "Point",
    "coordinates": [
     -0.0158505,
     51.5475218
    ]
   }
  },
  {
   "type": "Feature",
   "properties": {
    "id": "sh_540743_185041",
    "type": "spot",
    "value_ft": 32.2,
    "raw": "32·2",
    "confidence": "high",
    "n_readings": 1,
    "readers": [
     "opus-o"
    ],
    "mosaics": [
     "m18_131090_87122"
    ],
    "bng_e": 540742.63,
    "bng_n": 185040.94,
    "spread_m": 0.0,
    "datum": "OD Liverpool",
    "source": "OS 1:1056 London 1891-96 via NLS",
    "disputed": false,
    "views": [
     "opus-o:m18_131090_87122@674,397=32.2(h)"
    ],
    "notes": "Romford Road at the Palmerston Road corner; dot on tram rail above-left; digits clear at 6x"
   },
   "geometry": {
    "type": "Point",
    "coordinates": [
     0.0283376,
     51.546717
    ]
   }
  },
  {
   "type": "Feature",
   "properties": {
    "id": "sh_540791_185036",
    "type": "bench_mark",
    "value_ft": 34.78,
    "raw": "B.M.34·78",
    "confidence": "high",
    "n_readings": 2,
    "readers": [
     "opus-o"
    ],
    "mosaics": [
     "m18_131090_87122",
     "m18_131093_87122"
    ],
    "bng_e": 540790.77,
    "bng_n": 185036.15,
    "spread_m": 0.19,
    "datum": "OD Liverpool",
    "source": "OS 1:1056 London 1891-96 via NLS",
    "disputed": false,
    "views": [
     "opus-o:m18_131090_87122@803,414=34.78(h)",
     "opus-o:m18_131093_87122@35,413=34.78(m)"
    ],
    "notes": "Second bench mark of the same value, on the building line south of Romford Road east of Palmerston Road; text ~785,412; pheon junction ~803,414; digits clear at 12x"
   },
   "geometry": {
    "type": "Point",
    "coordinates": [
     0.0290296,
     51.546662
    ]
   }
  },
  {
   "type": "Feature",
   "properties": {
    "id": "sh_540585_185029",
    "type": "bench_mark",
    "value_ft": 34.78,
    "raw": "B.M.34·78",
    "confidence": "high",
    "n_readings": 2,
    "readers": [
     "opus-o",
     "opus-q"
    ],
    "mosaics": [
     "m18_131087_87122",
     "m18_131090_87122"
    ],
    "bng_e": 540584.58,
    "bng_n": 185028.76,
    "spread_m": 0.19,
    "datum": "OD Liverpool",
    "source": "OS 1:1056 London 1891-96 via NLS",
    "disputed": false,
    "views": [
     "opus-q:m18_131087_87122@1017,418=34.78(h)",
     "opus-o:m18_131090_87122@248,418=34.78(h)"
    ],
    "notes": "building corner, north side of Romford Road near the survey triangle; text 972-1007,427; pheon apex at building line 8x"
   },
   "geometry": {
    "type": "Point",
    "coordinates": [
     0.026055,
     51.546647
    ]
   }
  },
  {
   "type": "Feature",
   "properties": {
    "id": "sh_540657_185029",
    "type": "spot",
    "value_ft": 32.6,
    "raw": "32·6",
    "confidence": "high",
    "n_readings": 1,
    "readers": [
     "opus-o"
    ],
    "mosaics": [
     "m18_131090_87122"
    ],
    "bng_e": 540656.61,
    "bng_n": 185028.53,
    "spread_m": 0.0,
    "datum": "OD Liverpool",
    "source": "OS 1:1056 London 1891-96 via NLS",
    "disputed": false,
    "views": [
     "opus-o:m18_131090_87122@442,424=32.6(h)"
    ],
    "notes": "Romford Road opposite Emmanuel Institute; dot on tram rail above-left; final 6 open-topped at 12x"
   },
   "geometry": {
    "type": "Point",
    "coordinates": [
     0.027093,
     51.5466269
    ]
   }
  },
  {
   "type": "Feature",
   "properties": {
    "id": "sh_538895_185025",
    "type": "spot",
    "value_ft": 27.4,
    "raw": "27·4",
    "confidence": "medium",
    "n_readings": 1,
    "readers": [
     "opus-i"
    ],
    "mosaics": [
     "m18_131072_87122"
    ],
    "bng_e": 538894.99,
    "bng_n": 185025.31,
    "spread_m": 0.0,
    "datum": "OD Liverpool",
    "source": "OS 1:1056 London 1891-96 via NLS",
    "disputed": false,
    "views": [
     "opus-i:m18_131072_87122@317,302=27.4(m)"
    ],
    "notes": "Store Street; the only dot sits between the R and E of STORE (interpunct position), 5 px above-right of figure"
   },
   "geometry": {
    "type": "Point",
    "coordinates": [
     0.0017032,
     51.5470339
    ]
   }
  },
  {
   "type": "Feature",
   "properties": {
    "id": "sh_540126_185022",
    "type": "spot",
    "value_ft": 34.9,
    "raw": "34·9",
    "confidence": "medium",
    "n_readings": 1,
    "readers": [
     "opus-s"
    ],
    "mosaics": [
     "m18_131084_87122"
    ],
    "bng_e": 540126.01,
    "bng_n": 185022.02,
    "spread_m": 0.0,
    "datum": "OD Liverpool",
    "source": "OS 1:1056 London 1891-96 via NLS",
    "disputed": false,
    "views": [
     "opus-s:m18_131084_87122@552,402=34.9(m)"
    ],
    "notes": "Norwich Road at Clova Road; dot after the H of NORWICH (last letter), taken as survey dot"
   },
   "geometry": {
    "type": "Point",
    "coordinates": [
     0.0194433,
     51.5467003
    ]
   }
  },
  {
   "type": "Feature",
   "properties": {
    "id": "sh_538523_185019",
    "type": "spot",
    "value_ft": 17.8,
    "raw": "17·8",
    "confidence": "medium",
    "n_readings": 2,
    "readers": [
     "opus-d",
     "opus-f"
    ],
    "mosaics": [
     "m18_131066_87122",
     "m18_131069_87122"
    ],
    "bng_e": 538522.96,
    "bng_n": 185018.67,
    "spread_m": 0.93,
    "datum": "OD Liverpool",
    "source": "OS 1:1056 London 1891-96 via NLS",
    "disputed": false,
    "views": [
     "opus-d:m18_131066_87122@851,294=17.8(m)",
     "opus-f:m18_131069_87122@87,291=17.8(m)"
    ],
    "notes": "Stratford yard, at the NW corner of a shaded yard beside the lines; figures clear at 8x; no dot found, position = centre of figures"
   },
   "geometry": {
    "type": "Point",
    "coordinates": [
     -0.0036612,
     51.5470656
    ]
   }
  },
  {
   "type": "Feature",
   "properties": {
    "id": "sh_540950_185017",
    "type": "spot",
    "value_ft": 32.6,
    "raw": "32·6",
    "confidence": "medium",
    "n_readings": 1,
    "readers": [
     "opus-o"
    ],
    "mosaics": [
     "m18_131093_87122"
    ],
    "bng_e": 540949.51,
    "bng_n": 185016.61,
    "spread_m": 0.0,
    "datum": "OD Liverpool",
    "source": "OS 1:1056 London 1891-96 via NLS",
    "disputed": false,
    "views": [
     "opus-o:m18_131093_87122@460,478=32.6(m)"
    ],
    "notes": "N-S road at Finden Road corner on the large-dot boundary; small mark left of figure taken as the dot; digits clear at 6x"
   },
   "geometry": {
    "type": "Point",
    "coordinates": [
     0.0313094,
     51.5464468
    ]
   }
  },
  {
   "type": "Feature",
   "properties": {
    "id": "sh_540567_185015",
    "type": "spot",
    "value_ft": 33.1,
    "raw": "33·1",
    "confidence": "high",
    "n_readings": 2,
    "readers": [
     "opus-o",
     "opus-q"
    ],
    "mosaics": [
     "m18_131087_87122",
     "m18_131090_87122"
    ],
    "bng_e": 540566.91,
    "bng_n": 185015.09,
    "spread_m": 0.19,
    "datum": "OD Liverpool",
    "source": "OS 1:1056 London 1891-96 via NLS",
    "disputed": false,
    "views": [
     "opus-o:m18_131090_87122@200,453=33.1(h)",
     "opus-q:m18_131087_87122@968,454=33.1(m)"
    ],
    "notes": "Romford Road at the 'F' of ROMFORD; dot on tram rail above-left of figure; digits clear at 6x"
   },
   "geometry": {
    "type": "Point",
    "coordinates": [
     0.0257948,
     51.5465285
    ]
   }
  },
  {
   "type": "Feature",
   "properties": {
    "id": "sh_538199_185014",
    "type": "bench_mark",
    "value_ft": 14.69,
    "raw": "B.M.14·69",
    "confidence": "high",
    "n_readings": 1,
    "readers": [
     "opus-c"
    ],
    "mosaics": [
     "m18_131063_87122"
    ],
    "bng_e": 538198.89,
    "bng_n": 185014.1,
    "spread_m": 0.0,
    "datum": "OD Liverpool",
    "source": "OS 1:1056 London 1891-96 via NLS",
    "disputed": false,
    "views": [
     "opus-c:m18_131063_87122@750,281=14.69(h)"
    ],
    "notes": "north foot of the High Meads Loop embankment; pheon right of the text, point at its left tip; digits clear at 6x"
   },
   "geometry": {
    "type": "Point",
    "coordinates": [
     -0.0083336,
     51.547104
    ]
   }
  },
  {
   "type": "Feature",
   "properties": {
    "id": "sh_540552_185012",
    "type": "spot",
    "value_ft": 33.3,
    "raw": "33·3",
    "confidence": "medium",
    "n_readings": 2,
    "readers": [
     "opus-o",
     "opus-q"
    ],
    "mosaics": [
     "m18_131087_87122",
     "m18_131090_87122"
    ],
    "bng_e": 540552.1,
    "bng_n": 185012.27,
    "spread_m": 0.53,
    "datum": "OD Liverpool",
    "source": "OS 1:1056 London 1891-96 via NLS",
    "disputed": false,
    "views": [
     "opus-q:m18_131087_87122@929,461=33.3(m)",
     "opus-o:m18_131090_87122@159,459=33.3(m)"
    ],
    "notes": "Romford Road by the M of ROMFORD; all three digits identical italic 3s at 12x; dot on the rail above figure"
   },
   "geometry": {
    "type": "Point",
    "coordinates": [
     0.0255802,
     51.5465068
    ]
   }
  },
  {
   "type": "Feature",
   "properties": {
    "id": "sh_538206_185009",
    "type": "spot",
    "value_ft": 16.3,
    "raw": "16·3",
    "confidence": "high",
    "n_readings": 1,
    "readers": [
     "opus-c"
    ],
    "mosaics": [
     "m18_131063_87122"
    ],
    "bng_e": 538206.11,
    "bng_n": 185008.73,
    "spread_m": 0.0,
    "datum": "OD Liverpool",
    "source": "OS 1:1056 London 1891-96 via NLS",
    "disputed": false,
    "views": [
     "opus-c:m18_131063_87122@769,296=16.3(h)"
    ],
    "notes": "High Meads Loop; figures at 800,312 outside the hatching; dot on the rails at 769,296"
   },
   "geometry": {
    "type": "Point",
    "coordinates": [
     -0.0082317,
     51.547054
    ]
   }
  },
  {
   "type": "Feature",
   "properties": {
    "id": "sh_538217_185003",
    "type": "spot",
    "value_ft": 16.3,
    "raw": "16·3",
    "confidence": "medium",
    "n_readings": 1,
    "readers": [
     "opus-d"
    ],
    "mosaics": [
     "m18_131066_87122"
    ],
    "bng_e": 538216.69,
    "bng_n": 185002.71,
    "spread_m": 0.0,
    "datum": "OD Liverpool",
    "source": "OS 1:1056 London 1891-96 via NLS",
    "disputed": false,
    "views": [
     "opus-d:m18_131066_87122@29,313=16.3(m)"
    ],
    "notes": "G.E.R. lines at the west edge, in the tinted strip west of the sheet join (px ~70); figures clear at 8x, no dot found, position = centre of figures"
   },
   "geometry": {
    "type": "Point",
    "coordinates": [
     -0.0080815,
     51.5469972
    ]
   }
  },
  {
   "type": "Feature",
   "properties": {
    "id": "sh_540493_185001",
    "type": "spot",
    "value_ft": 32.9,
    "raw": "32·9",
    "confidence": "medium",
    "n_readings": 1,
    "readers": [
     "opus-q"
    ],
    "mosaics": [
     "m18_131087_87122"
    ],
    "bng_e": 540493.24,
    "bng_n": 185000.62,
    "spread_m": 0.0,
    "datum": "OD Liverpool",
    "source": "OS 1:1056 London 1891-96 via NLS",
    "disputed": false,
    "views": [
     "opus-q:m18_131087_87122@769,487=32.9(m)"
    ],
    "notes": "Romford Road under the R of ROMFORD; digits clear at 8x; dot on the rail beside the R"
   },
   "geometry": {
    "type": "Point",
    "coordinates": [
     0.0247273,
     51.5464168
    ]
   }
  },
  {
   "type": "Feature",
   "properties": {
    "id": "sh_541302_184997",
    "type": "spot",
    "value_ft": 33.3,
    "raw": "33·3",
    "confidence": "low",
    "n_readings": 1,
    "readers": [
     "opus-r"
    ],
    "mosaics": [
     "m18_131096_87122"
    ],
    "bng_e": 541302.19,
    "bng_n": 184996.71,
    "spread_m": 0.0,
    "datum": "OD Liverpool",
    "source": "OS 1:1056 London 1891-96 via NLS",
    "disputed": false,
    "views": [
     "opus-r:m18_131096_87122@638,558=33.3(l)"
    ],
    "notes": "Red Post Lane by 'A . N' of LANE; dot above N (LANE not interpuncted); final digit same glyph as the two leading 3s at 12x (read 33·8 at 2x)"
   },
   "geometry": {
    "type": "Point",
    "coordinates": [
     0.0363842,
     51.5461799
    ]
   }
  },
  {
   "type": "Feature",
   "properties": {
    "id": "sh_540423_184989",
    "type": "spot",
    "value_ft": 33.2,
    "raw": "33·2",
    "confidence": "medium",
    "n_readings": 1,
    "readers": [
     "opus-q"
    ],
    "mosaics": [
     "m18_131087_87122"
    ],
    "bng_e": 540422.83,
    "bng_n": 184989.01,
    "spread_m": 0.0,
    "datum": "OD Liverpool",
    "source": "OS 1:1056 London 1891-96 via NLS",
    "disputed": false,
    "views": [
     "opus-q:m18_131087_87122@579,513=33.2(m)"
    ],
    "notes": "Romford Road opposite Sprowston Road; digits clear at 8x; dot = mark on the rail below figure"
   },
   "geometry": {
    "type": "Point",
    "coordinates": [
     0.0237081,
     51.54633
    ]
   }
  },
  {
   "type": "Feature",
   "properties": {
    "id": "sh_538951_184988",
    "type": "bench_mark",
    "value_ft": 29.89,
    "raw": "B.M.29·89",
    "confidence": "medium",
    "n_readings": 1,
    "readers": [
     "opus-i"
    ],
    "mosaics": [
     "m18_131072_87122"
    ],
    "bng_e": 538950.72,
    "bng_n": 184988.22,
    "spread_m": 0.0,
    "datum": "OD Liverpool",
    "source": "OS 1:1056 London 1891-96 via NLS",
    "disputed": false,
    "views": [
     "opus-i:m18_131072_87122@464,406=29.89(m)"
    ],
    "notes": "David Street; text on the Mechanics' Institute side (495,362); the only pheon found at 4x is on the south frontage 45 px SW across the street; association inferred"
   },
   "geometry": {
    "type": "Point",
    "coordinates": [
     0.0024918,
     51.546687
    ]
   }
  },
  {
   "type": "Feature",
   "properties": {
    "id": "sh_538919_184988",
    "type": "spot",
    "value_ft": 28.1,
    "raw": "28·1",
    "confidence": "medium",
    "n_readings": 1,
    "readers": [
     "opus-i"
    ],
    "mosaics": [
     "m18_131072_87122"
    ],
    "bng_e": 538919.47,
    "bng_n": 184987.74,
    "spread_m": 0.0,
    "datum": "OD Liverpool",
    "source": "OS 1:1056 London 1891-96 via NLS",
    "disputed": false,
    "views": [
     "opus-i:m18_131072_87122@380,405=28.1(m)"
    ],
    "notes": "Store Street / David Street corner, figure over the building corner; the nearest dot (390,410) sits above the H and is probably the hydrant's; position = centre of figures"
   },
   "geometry": {
    "type": "Point",
    "coordinates": [
     0.0020412,
     51.5466903
    ]
   }
  },
  {
   "type": "Feature",
   "properties": {
    "id": "sh_538701_184987",
    "type": "spot",
    "value_ft": 25.0,
    "raw": "25·0",
    "confidence": "high",
    "n_readings": 1,
    "readers": [
     "opus-f"
    ],
    "mosaics": [
     "m18_131069_87122"
    ],
    "bng_e": 538700.99,
    "bng_n": 184987.33,
    "spread_m": 0.0,
    "datum": "OD Liverpool",
    "source": "OS 1:1056 London 1891-96 via NLS",
    "disputed": false,
    "views": [
     "opus-f:m18_131069_87122@561,390=25.0(h)"
    ],
    "notes": "Major Road at Dorset Place; dot above figures, 8x"
   },
   "geometry": {
    "type": "Point",
    "coordinates": [
     -0.0011077,
     51.5467404
    ]
   }
  },
  {
   "type": "Feature",
   "properties": {
    "id": "sh_539043_184985",
    "type": "bench_mark",
    "value_ft": 30.99,
    "raw": "B.M.30·99",
    "confidence": "medium",
    "n_readings": 1,
    "readers": [
     "opus-i"
    ],
    "mosaics": [
     "m18_131072_87122"
    ],
    "bng_e": 539042.74,
    "bng_n": 184985.17,
    "spread_m": 0.0,
    "datum": "OD Liverpool",
    "source": "OS 1:1056 London 1891-96 via NLS",
    "disputed": false,
    "views": [
     "opus-i:m18_131072_87122@711,421=30.99(m)"
    ],
    "notes": "same corner; pheon on the house corner 25 px above the text, the only pheon nearby"
   },
   "geometry": {
    "type": "Point",
    "coordinates": [
     0.0038168,
     51.546637
    ]
   }
  },
  {
   "type": "Feature",
   "properties": {
    "id": "sh_541310_184985",
    "type": "bench_mark",
    "value_ft": 33.99,
    "raw": "B.M.33·99",
    "confidence": "high",
    "n_readings": 1,
    "readers": [
     "opus-r"
    ],
    "mosaics": [
     "m18_131096_87122"
    ],
    "bng_e": 541310.33,
    "bng_n": 184985.06,
    "spread_m": 0.0,
    "datum": "OD Liverpool",
    "source": "OS 1:1056 London 1891-96 via NLS",
    "disputed": false,
    "views": [
     "opus-r:m18_131096_87122@659,590=33.99(h)"
    ],
    "notes": "Red Post Lane E side building; pheon apex right-above text on building line, 8x/12x"
   },
   "geometry": {
    "type": "Point",
    "coordinates": [
     0.0364968,
     51.5460732
    ]
   }
  },
  {
   "type": "Feature",
   "properties": {
    "id": "sh_537680_184985",
    "type": "spot",
    "value_ft": 14.6,
    "raw": "14·6",
    "confidence": "high",
    "n_readings": 2,
    "readers": [
     "opus-d",
     "opus-f"
    ],
    "mosaics": [
     "m18_131057_87122",
     "m18_131060_87122"
    ],
    "bng_e": 537680.27,
    "bng_n": 184984.78,
    "spread_m": 0.19,
    "datum": "OD Liverpool",
    "source": "OS 1:1056 London 1891-96 via NLS",
    "disputed": false,
    "views": [
     "opus-f:m18_131057_87122@890,322=14.6(h)",
     "opus-d:m18_131060_87122@123,322=14.6(h)"
    ],
    "notes": "east bank of Waterworks River; dot above figures (the dot at 869,319 is on the boundary line and not used), 8x"
   },
   "geometry": {
    "type": "Point",
    "coordinates": [
     -0.0158197,
     51.5469672
    ]
   }
  },
  {
   "type": "Feature",
   "properties": {
    "id": "sh_540751_184982",
    "type": "spot",
    "value_ft": 32.3,
    "raw": "32·3",
    "confidence": "high",
    "n_readings": 1,
    "readers": [
     "opus-o"
    ],
    "mosaics": [
     "m18_131090_87122"
    ],
    "bng_e": 540750.57,
    "bng_n": 184982.5,
    "spread_m": 0.0,
    "datum": "OD Liverpool",
    "source": "OS 1:1056 London 1891-96 via NLS",
    "disputed": false,
    "views": [
     "opus-o:m18_131090_87122@691,555=32.3(h)"
    ],
    "notes": "Palmerston Road; dot directly above figure; final 3 open at 12x"
   },
   "geometry": {
    "type": "Point",
    "coordinates": [
     0.0284287,
     51.5461899
    ]
   }
  },
  {
   "type": "Feature",
   "properties": {
    "id": "sh_540425_184982",
    "type": "bench_mark",
    "value_ft": 33.99,
    "raw": "B.M.33·99",
    "confidence": "high",
    "n_readings": 1,
    "readers": [
     "opus-q"
    ],
    "mosaics": [
     "m18_131087_87122"
    ],
    "bng_e": 540424.9,
    "bng_n": 184981.65,
    "spread_m": 0.0,
    "datum": "OD Liverpool",
    "source": "OS 1:1056 London 1891-96 via NLS",
    "disputed": false,
    "views": [
     "opus-q:m18_131087_87122@584,533=33.99(h)"
    ],
    "notes": "house front south side of Romford Road opposite Sprowston Road; text 584-603,537-544; pheon apex just NW of text at 8x"
   },
   "geometry": {
    "type": "Point",
    "coordinates": [
     0.0237349,
     51.5462633
    ]
   }
  },
  {
   "type": "Feature",
   "properties": {
    "id": "sh_539050_184981",
    "type": "spot",
    "value_ft": 31.8,
    "raw": "31·8",
    "confidence": "high",
    "n_readings": 1,
    "readers": [
     "opus-i"
    ],
    "mosaics": [
     "m18_131072_87122"
    ],
    "bng_e": 539049.94,
    "bng_n": 184980.55,
    "spread_m": 0.0,
    "datum": "OD Liverpool",
    "source": "OS 1:1056 London 1891-96 via NLS",
    "disputed": false,
    "views": [
     "opus-i:m18_131072_87122@730,434=31.8(h)"
    ],
    "notes": "West Street / Well Street junction; dot below-right of figure (the ·F.P. dot at 708,432 is separate)"
   },
   "geometry": {
    "type": "Point",
    "coordinates": [
     0.0039187,
     51.5465936
    ]
   }
  },
  {
   "type": "Feature",
   "properties": {
    "id": "sh_541231_184971",
    "type": "spot",
    "value_ft": 31.8,
    "raw": "31·8",
    "confidence": "high",
    "n_readings": 1,
    "readers": [
     "opus-r"
    ],
    "mosaics": [
     "m18_131096_87122"
    ],
    "bng_e": 541231.07,
    "bng_n": 184970.97,
    "spread_m": 0.0,
    "datum": "OD Liverpool",
    "source": "OS 1:1056 London 1891-96 via NLS",
    "disputed": false,
    "views": [
     "opus-r:m18_131096_87122@445,622=31.8(h)"
    ],
    "notes": "Henderson Road; dot above between 1 and 8; final 8 two closed loops at 12x smooth and blocky"
   },
   "geometry": {
    "type": "Point",
    "coordinates": [
     0.0353488,
     51.5459664
    ]
   }
  },
  {
   "type": "Feature",
   "properties": {
    "id": "sh_540953_184967",
    "type": "spot",
    "value_ft": 32.4,
    "raw": "32·4",
    "confidence": "medium",
    "n_readings": 1,
    "readers": [
     "opus-o"
    ],
    "mosaics": [
     "m18_131093_87122"
    ],
    "bng_e": 540953.11,
    "bng_n": 184967.33,
    "spread_m": 0.0,
    "datum": "OD Liverpool",
    "source": "OS 1:1056 London 1891-96 via NLS",
    "disputed": false,
    "views": [
     "opus-o:m18_131093_87122@466,611=32.4(m)"
    ],
    "notes": "N-S road at St John's Terrace/St Dunstan's Street on the large-dot boundary; no distinct dot, position = centre of figures; digits clear at 6x"
   },
   "geometry": {
    "type": "Point",
    "coordinates": [
     0.0313416,
     51.5460031
    ]
   }
  },
  {
   "type": "Feature",
   "properties": {
    "id": "sh_540341_184966",
    "type": "spot",
    "value_ft": 33.6,
    "raw": "33·6",
    "confidence": "low",
    "n_readings": 1,
    "readers": [
     "opus-q"
    ],
    "mosaics": [
     "m18_131087_87122"
    ],
    "bng_e": 540340.84,
    "bng_n": 184965.96,
    "spread_m": 0.0,
    "datum": "OD Liverpool",
    "source": "OS 1:1056 London 1891-96 via NLS",
    "disputed": false,
    "views": [
     "opus-q:m18_131087_87122@357,569=33.6(l)"
    ],
    "notes": "Romford Road (tramway); dot = mark on the rail 10 px above figure; final digit 6 when smoothed, unclear blocky (5/6) — 2x read 33·5"
   },
   "geometry": {
    "type": "Point",
    "coordinates": [
     0.0225172,
     51.5461432
    ]
   }
  },
  {
   "type": "Feature",
   "properties": {
    "id": "sh_540146_184964",
    "type": "spot",
    "value_ft": 34.3,
    "raw": "34·3",
    "confidence": "high",
    "n_readings": 1,
    "readers": [
     "opus-s"
    ],
    "mosaics": [
     "m18_131084_87122"
    ],
    "bng_e": 540146.23,
    "bng_n": 184963.55,
    "spread_m": 0.0,
    "datum": "OD Liverpool",
    "source": "OS 1:1056 London 1891-96 via NLS",
    "disputed": false,
    "views": [
     "opus-s:m18_131084_87122@602,561=34.3(h)"
    ],
    "notes": "Norwich Road south end by the Sunday School; dot above-left of figure; final 3 matches leading 3 at 9x"
   },
   "geometry": {
    "type": "Point",
    "coordinates": [
     0.0197116,
     51.5461699
    ]
   }
  },
  {
   "type": "Feature",
   "properties": {
    "id": "sh_538859_184960",
    "type": "spot",
    "value_ft": 26.9,
    "raw": "26·9",
    "confidence": "medium",
    "n_readings": 2,
    "readers": [
     "opus-f",
     "opus-i"
    ],
    "mosaics": [
     "m18_131069_87122",
     "m18_131072_87122"
    ],
    "bng_e": 538859.37,
    "bng_n": 184959.92,
    "spread_m": 1.91,
    "datum": "OD Liverpool",
    "source": "OS 1:1056 London 1891-96 via NLS",
    "disputed": false,
    "views": [
     "opus-f:m18_131069_87122@989,478=26.9(m)",
     "opus-i:m18_131072_87122@212,473=26.9(m)"
    ],
    "notes": "Waddington Road; dot = interpunct after N of W·A·D·D·I·N·G·T·O·N left of figures, 8x"
   },
   "geometry": {
    "type": "Point",
    "coordinates": [
     0.0011641,
     51.5464551
    ]
   }
  },
  {
   "type": "Feature",
   "properties": {
    "id": "sh_538147_184956",
    "type": "spot",
    "value_ft": 15.9,
    "raw": "15·9",
    "confidence": "high",
    "n_readings": 1,
    "readers": [
     "opus-c"
    ],
    "mosaics": [
     "m18_131063_87122"
    ],
    "bng_e": 538147.24,
    "bng_n": 184956.27,
    "spread_m": 0.0,
    "datum": "OD Liverpool",
    "source": "OS 1:1056 London 1891-96 via NLS",
    "disputed": false,
    "views": [
     "opus-c:m18_131063_87122@607,433=15.9(h)"
    ],
    "notes": "G.E.R. High Meads Loop embankment; figures NW of the rails at 570-585,420; isolated dot on the rails at 607,433; confirmed at 6x"
   },
   "geometry": {
    "type": "Point",
    "coordinates": [
     -0.0091007,
     51.5465969
    ]
   }
  },
  {
   "type": "Feature",
   "properties": {
    "id": "sh_541312_184953",
    "type": "spot",
    "value_ft": 33.0,
    "raw": "33·0",
    "confidence": "high",
    "n_readings": 1,
    "readers": [
     "opus-r"
    ],
    "mosaics": [
     "m18_131096_87122"
    ],
    "bng_e": 541311.97,
    "bng_n": 184953.18,
    "spread_m": 0.0,
    "datum": "OD Liverpool",
    "source": "OS 1:1056 London 1891-96 via NLS",
    "disputed": false,
    "views": [
     "opus-r:m18_131096_87122@661,676=33.0(h)"
    ],
    "notes": "Red Post Lane S part; dot above-left; 0 upright oval at 10x/14x"
   },
   "geometry": {
    "type": "Point",
    "coordinates": [
     0.0365076,
     51.5457863
    ]
   }
  },
  {
   "type": "Feature",
   "properties": {
    "id": "sh_538540_184949",
    "type": "spot",
    "value_ft": 18.8,
    "raw": "18·8",
    "confidence": "medium",
    "n_readings": 2,
    "readers": [
     "opus-d",
     "opus-f"
    ],
    "mosaics": [
     "m18_131066_87122",
     "m18_131069_87122"
    ],
    "bng_e": 538540.32,
    "bng_n": 184948.79,
    "spread_m": 1.5,
    "datum": "OD Liverpool",
    "source": "OS 1:1056 London 1891-96 via NLS",
    "disputed": false,
    "views": [
     "opus-d:m18_131066_87122@891,480=18.8(m)",
     "opus-f:m18_131069_87122@130,484=18.8(m)"
    ],
    "notes": "Stratford yard by the Works buildings; figures clear at 8x; only a faint smudge above-left of the 1 may be the dot (H dots nearby not used)"
   },
   "geometry": {
    "type": "Point",
    "coordinates": [
     -0.0034386,
     51.5464335
    ]
   }
  },
  {
   "type": "Feature",
   "properties": {
    "id": "sh_540256_184948",
    "type": "bench_mark",
    "value_ft": 35.57,
    "raw": "B.M.35·57",
    "confidence": "high",
    "n_readings": 2,
    "readers": [
     "opus-q",
     "opus-s"
    ],
    "mosaics": [
     "m18_131084_87122",
     "m18_131087_87122"
    ],
    "bng_e": 540255.9,
    "bng_n": 184948.2,
    "spread_m": 0.59,
    "datum": "OD Liverpool",
    "source": "OS 1:1056 London 1891-96 via NLS",
    "disputed": true,
    "values": [
     33.57,
     35.57
    ],
    "values_by_reader": {
     "opus-q": [
      33.57
     ],
     "opus-s": [
      35.57
     ]
    },
    "views": [
     "opus-s:m18_131084_87122@896,612=35.57(h)",
     "opus-q:m18_131087_87122@127,609=33.57(m)"
    ],
    "notes": "house frontage north of the railway, east of the Congl. Chapel; pheon ~20 px SW of text; digits clear at 6x"
   },
   "geometry": {
    "type": "Point",
    "coordinates": [
     0.021286,
     51.5460048
    ]
   }
  },
  {
   "type": "Feature",
   "properties": {
    "id": "sh_541160_184945",
    "type": "spot",
    "value_ft": 31.2,
    "raw": "31·2",
    "confidence": "high",
    "n_readings": 1,
    "readers": [
     "opus-r"
    ],
    "mosaics": [
     "m18_131096_87122"
    ],
    "bng_e": 541159.95,
    "bng_n": 184944.86,
    "spread_m": 0.0,
    "datum": "OD Liverpool",
    "source": "OS 1:1056 London 1891-96 via NLS",
    "disputed": false,
    "views": [
     "opus-r:m18_131096_87122@252,687=31.2(h)"
    ],
    "notes": "Henderson Road W part; dot right-above figure; 8x/14x"
   },
   "geometry": {
    "type": "Point",
    "coordinates": [
     0.0343135,
     51.5457496
    ]
   }
  },
  {
   "type": "Feature",
   "properties": {
    "id": "sh_538961_184942",
    "type": "spot",
    "value_ft": 28.5,
    "raw": "28·5",
    "confidence": "medium",
    "n_readings": 1,
    "readers": [
     "opus-i"
    ],
    "mosaics": [
     "m18_131072_87122"
    ],
    "bng_e": 538960.56,
    "bng_n": 184941.71,
    "spread_m": 0.0,
    "datum": "OD Liverpool",
    "source": "OS 1:1056 London 1891-96 via NLS",
    "disputed": false,
    "views": [
     "opus-i:m18_131072_87122@487,532=28.5(m)"
    ],
    "notes": "Waddington Street; figure at 488,538; dot above-left of the figure, below the F.P. (the F.P. has its own trailing dot at 505,534)"
   },
   "geometry": {
    "type": "Point",
    "coordinates": [
     0.0026152,
     51.5462667
    ]
   }
  },
  {
   "type": "Feature",
   "properties": {
    "id": "sh_540260_184939",
    "type": "spot",
    "value_ft": 33.8,
    "raw": "33·8",
    "confidence": "medium",
    "n_readings": 2,
    "readers": [
     "opus-q",
     "opus-s"
    ],
    "mosaics": [
     "m18_131084_87122",
     "m18_131087_87122"
    ],
    "bng_e": 540260.26,
    "bng_n": 184938.67,
    "spread_m": 2.48,
    "datum": "OD Liverpool",
    "source": "OS 1:1056 London 1891-96 via NLS",
    "disputed": false,
    "views": [
     "opus-s:m18_131084_87122@905,630=33.8(m)",
     "opus-q:m18_131087_87122@140,643=33.8(l)"
    ],
    "notes": "on the railway east; dot taken as the tick on the rails above the figure; final 8 differs from the two 3s at 9x and 12x"
   },
   "geometry": {
    "type": "Point",
    "coordinates": [
     0.021345,
     51.545918
    ]
   }
  },
  {
   "type": "Feature",
   "properties": {
    "id": "sh_538681_184938",
    "type": "bench_mark",
    "value_ft": 21.92,
    "raw": "B.M.21·92",
    "confidence": "medium",
    "n_readings": 1,
    "readers": [
     "opus-f"
    ],
    "mosaics": [
     "m18_131069_87122"
    ],
    "bng_e": 538681.49,
    "bng_n": 184938.17,
    "spread_m": 0.0,
    "datum": "OD Liverpool",
    "source": "OS 1:1056 London 1891-96 via NLS",
    "disputed": false,
    "views": [
     "opus-f:m18_131069_87122@505,521=21.92(m)"
    ],
    "notes": "building at the head of Angel Place; digits clear at 8x; pheon found 25 px below-right of text at 505,521 pointing at the wall, association inferred"
   },
   "geometry": {
    "type": "Point",
    "coordinates": [
     -0.0014081,
     51.5463034
    ]
   }
  },
  {
   "type": "Feature",
   "properties": {
    "id": "sh_540575_184937",
    "type": "spot",
    "value_ft": 33.1,
    "raw": "33·1",
    "confidence": "high",
    "n_readings": 2,
    "readers": [
     "opus-o",
     "opus-q"
    ],
    "mosaics": [
     "m18_131087_87122",
     "m18_131090_87122"
    ],
    "bng_e": 540574.83,
    "bng_n": 184937.35,
    "spread_m": 0.26,
    "datum": "OD Liverpool",
    "source": "OS 1:1056 London 1891-96 via NLS",
    "disputed": false,
    "views": [
     "opus-q:m18_131087_87122@984,663=33.1(h)",
     "opus-o:m18_131090_87122@215,664=33.1(h)"
    ],
    "notes": "Upton Lane by hydrant H; digits clear at 8x; isolated dot right of figure (hydrant dot at 964,653 is separate)"
   },
   "geometry": {
    "type": "Point",
    "coordinates": [
     0.025878,
     51.545828
    ]
   }
  },
  {
   "type": "Feature",
   "properties": {
    "id": "sh_538688_184937",
    "type": "spot",
    "value_ft": 20.8,
    "raw": "20·8",
    "confidence": "medium",
    "n_readings": 1,
    "readers": [
     "opus-f"
    ],
    "mosaics": [
     "m18_131069_87122"
    ],
    "bng_e": 538687.84,
    "bng_n": 184937.23,
    "spread_m": 0.0,
    "datum": "OD Liverpool",
    "source": "OS 1:1056 London 1891-96 via NLS",
    "disputed": false,
    "views": [
     "opus-f:m18_131069_87122@522,524=20.8(m)"
    ],
    "notes": "Angel Place; dot = interpunct beside A of A·N·G·E·L above figures, 8x"
   },
   "geometry": {
    "type": "Point",
    "coordinates": [
     -0.001317,
     51.5462933
    ]
   }
  },
  {
   "type": "Feature",
   "properties": {
    "id": "sh_539140_184931",
    "type": "spot",
    "value_ft": 32.1,
    "raw": "32·1",
    "confidence": "medium",
    "n_readings": 1,
    "readers": [
     "opus-i"
    ],
    "mosaics": [
     "m18_131072_87122"
    ],
    "bng_e": 539139.88,
    "bng_n": 184931.41,
    "spread_m": 0.0,
    "datum": "OD Liverpool",
    "source": "OS 1:1056 London 1891-96 via NLS",
    "disputed": false,
    "views": [
     "opus-i:m18_131072_87122@968,573=32.1(m)"
    ],
    "notes": "road north of Maryland Point station; tick on the rail below the figure taken as the dot"
   },
   "geometry": {
    "type": "Point",
    "coordinates": [
     0.0051955,
     51.5461299
    ]
   }
  },
  {
   "type": "Feature",
   "properties": {
    "id": "sh_541398_184930",
    "type": "spot",
    "value_ft": 32.0,
    "raw": "32·0",
    "confidence": "high",
    "n_readings": 1,
    "readers": [
     "opus-r"
    ],
    "mosaics": [
     "m18_131096_87122"
    ],
    "bng_e": 541398.24,
    "bng_n": 184929.59,
    "spread_m": 0.0,
    "datum": "OD Liverpool",
    "source": "OS 1:1056 London 1891-96 via NLS",
    "disputed": false,
    "views": [
     "opus-r:m18_131096_87122@891,746=32.0(h)"
    ],
    "notes": "road E of Red Post Lane just above horizontal join; dot left of figure; 10x/14x"
   },
   "geometry": {
    "type": "Point",
    "coordinates": [
     0.0377414,
     51.5455527
    ]
   }
  },
  {
   "type": "Feature",
   "properties": {
    "id": "sh_538528_184927",
    "type": "bench_mark",
    "value_ft": 20.74,
    "raw": "B.M.20·74",
    "confidence": "high",
    "n_readings": 2,
    "readers": [
     "opus-d",
     "opus-f"
    ],
    "mosaics": [
     "m18_131066_87122",
     "m18_131069_87122"
    ],
    "bng_e": 538527.68,
    "bng_n": 184927.47,
    "spread_m": 0.19,
    "datum": "OD Liverpool",
    "source": "OS 1:1056 London 1891-96 via NLS",
    "disputed": false,
    "views": [
     "opus-d:m18_131066_87122@859,538=20.74(h)",
     "opus-f:m18_131069_87122@91,539=20.74(h)"
    ],
    "notes": "corner of the Works building beside the lines; pheon left of text at 6x"
   },
   "geometry": {
    "type": "Point",
    "coordinates": [
     -0.003629,
     51.546245
    ]
   }
  },
  {
   "type": "Feature",
   "properties": {
    "id": "sh_540757_184925",
    "type": "spot",
    "value_ft": 32.7,
    "raw": "32·7",
    "confidence": "medium",
    "n_readings": 1,
    "readers": [
     "opus-o"
    ],
    "mosaics": [
     "m18_131090_87122"
    ],
    "bng_e": 540757.0,
    "bng_n": 184925.13,
    "spread_m": 0.0,
    "datum": "OD Liverpool",
    "source": "OS 1:1056 London 1891-96 via NLS",
    "disputed": false,
    "views": [
     "opus-o:m18_131090_87122@704,710=32.7(m)"
    ],
    "notes": "Palmerston Road/Victoria Road corner, written directly above B.M.33.64 with no dot of its own (ground level at the bench mark); position = centre of figures"
   },
   "geometry": {
    "type": "Point",
    "coordinates": [
     0.0284985,
     51.5456728
    ]
   }
  },
  {
   "type": "Feature",
   "properties": {
    "id": "sh_541098_184923",
    "type": "spot",
    "value_ft": 31.0,
    "raw": "31·0",
    "confidence": "high",
    "n_readings": 2,
    "readers": [
     "opus-o",
     "opus-r"
    ],
    "mosaics": [
     "m18_131093_87122",
     "m18_131096_87122"
    ],
    "bng_e": 541098.39,
    "bng_n": 184923.29,
    "spread_m": 0.77,
    "datum": "OD Liverpool",
    "source": "OS 1:1056 London 1891-96 via NLS",
    "disputed": false,
    "views": [
     "opus-o:m18_131093_87122@855,741=31.0(h)",
     "opus-r:m18_131096_87122@83,740=31.0(h)"
    ],
    "notes": "Henderson Road east, just above the py ~750 join; dot directly above figure; 0 oval at 10x"
   },
   "geometry": {
    "type": "Point",
    "coordinates": [
     0.0334177,
     51.5455711
    ]
   }
  },
  {
   "type": "Feature",
   "properties": {
    "id": "sh_538877_184919",
    "type": "bench_mark",
    "value_ft": 28.88,
    "raw": "B.M.28·88",
    "confidence": "high",
    "n_readings": 1,
    "readers": [
     "opus-i"
    ],
    "mosaics": [
     "m18_131072_87122"
    ],
    "bng_e": 538876.68,
    "bng_n": 184919.37,
    "spread_m": 0.0,
    "datum": "OD Liverpool",
    "source": "OS 1:1056 London 1891-96 via NLS",
    "disputed": false,
    "views": [
     "opus-i:m18_131072_87122@260,586=28.88(h)"
    ],
    "notes": "Waddington Road / Waddington Street corner; pheon on the corner above-right of the text"
   },
   "geometry": {
    "type": "Point",
    "coordinates": [
     0.0013974,
     51.5460865
    ]
   }
  },
  {
   "type": "Feature",
   "properties": {
    "id": "sh_540757_184917",
    "type": "bench_mark",
    "value_ft": 33.64,
    "raw": "B.M.33·64",
    "confidence": "medium",
    "n_readings": 1,
    "readers": [
     "opus-o"
    ],
    "mosaics": [
     "m18_131090_87122"
    ],
    "bng_e": 540757.23,
    "bng_n": 184916.97,
    "spread_m": 0.0,
    "datum": "OD Liverpool",
    "source": "OS 1:1056 London 1891-96 via NLS",
    "disputed": false,
    "views": [
     "opus-o:m18_131090_87122@704,732=33.64(m)"
    ],
    "notes": "Palmerston Road/Victoria Road corner; text ~687,719; left-pointing pheon tip ~704,732; third digit rounded like the 6 of 32.6 at 20x, not flat-topped like the 5 of 32.5 (alt 33.54)"
   },
   "geometry": {
    "type": "Point",
    "coordinates": [
     0.0284985,
     51.5455994
    ]
   }
  },
  {
   "type": "Feature",
   "properties": {
    "id": "sh_541096_184912",
    "type": "bench_mark",
    "value_ft": 33.8,
    "raw": "B.M.33·80",
    "confidence": "high",
    "n_readings": 4,
    "readers": [
     "opus-m",
     "opus-n",
     "opus-o",
     "opus-r"
    ],
    "mosaics": [
     "m18_131093_87122",
     "m18_131093_87125",
     "m18_131096_87122",
     "m18_131096_87125"
    ],
    "bng_e": 541096.29,
    "bng_n": 184911.81,
    "spread_m": 0.97,
    "datum": "OD Liverpool",
    "source": "OS 1:1056 London 1891-96 via NLS",
    "disputed": false,
    "views": [
     "opus-o:m18_131093_87122@848,770=33.8(h)",
     "opus-m:m18_131093_87125@847,3=33.8(h)",
     "opus-n:m18_131096_87125@79,4=33.8(h)",
     "opus-r:m18_131096_87122@76,772=33.8(l)"
    ],
    "notes": "Henderson Road, north-west corner of the east terrace; text ~815,778; pheon at the building corner ~848,770; digits clear at 10x"
   },
   "geometry": {
    "type": "Point",
    "coordinates": [
     0.0333828,
     51.5454685
    ]
   }
  },
  {
   "type": "Feature",
   "properties": {
    "id": "sh_539081_184911",
    "type": "spot",
    "value_ft": 33.3,
    "raw": "33·3",
    "confidence": "high",
    "n_readings": 1,
    "readers": [
     "opus-i"
    ],
    "mosaics": [
     "m18_131072_87122"
    ],
    "bng_e": 539080.88,
    "bng_n": 184911.23,
    "spread_m": 0.0,
    "datum": "OD Liverpool",
    "source": "OS 1:1056 London 1891-96 via NLS",
    "disputed": false,
    "views": [
     "opus-i:m18_131072_87122@808,623=33.3(h)"
    ],
    "notes": "Leytonstone Road approach to the bridge by the P.H.; dot above-left of figure, separate from the two ·F.P dots"
   },
   "geometry": {
    "type": "Point",
    "coordinates": [
     0.0043371,
     51.5459631
    ]
   }
  },
  {
   "type": "Feature",
   "properties": {
    "id": "sh_538874_184911",
    "type": "spot",
    "value_ft": 27.1,
    "raw": "27·1",
    "confidence": "medium",
    "n_readings": 1,
    "readers": [
     "opus-i"
    ],
    "mosaics": [
     "m18_131072_87122"
    ],
    "bng_e": 538873.93,
    "bng_n": 184910.76,
    "spread_m": 0.0,
    "datum": "OD Liverpool",
    "source": "OS 1:1056 London 1891-96 via NLS",
    "disputed": false,
    "views": [
     "opus-i:m18_131072_87122@252,609=27.1(m)"
    ],
    "notes": "Waddington Street at the corner; dot left of figure between the N and G of WADDINGTON"
   },
   "geometry": {
    "type": "Point",
    "coordinates": [
     0.0013545,
     51.5460098
    ]
   }
  },
  {
   "type": "Feature",
   "properties": {
    "id": "sh_541042_184910",
    "type": "spot",
    "value_ft": 31.2,
    "raw": "31·2",
    "confidence": "medium",
    "n_readings": 2,
    "readers": [
     "opus-m",
     "opus-o"
    ],
    "mosaics": [
     "m18_131093_87122",
     "m18_131093_87125"
    ],
    "bng_e": 541041.82,
    "bng_n": 184909.65,
    "spread_m": 0.74,
    "datum": "OD Liverpool",
    "source": "OS 1:1056 London 1891-96 via NLS",
    "disputed": false,
    "views": [
     "opus-o:m18_131093_87122@702,773=31.2(m)",
     "opus-m:m18_131093_87125@698,5=31.2(m)"
    ],
    "notes": "Henderson Road; only dot is between the letters S and O of HENDERSON, directly above the figure; digits clear at 6x"
   },
   "geometry": {
    "type": "Point",
    "coordinates": [
     0.0325969,
     51.5454627
    ]
   }
  },
  {
   "type": "Feature",
   "properties": {
    "id": "sh_541320_184907",
    "type": "spot",
    "value_ft": 32.6,
    "raw": "32·6",
    "confidence": "high",
    "n_readings": 2,
    "readers": [
     "opus-n",
     "opus-r"
    ],
    "mosaics": [
     "m18_131096_87122",
     "m18_131096_87125"
    ],
    "bng_e": 541320.15,
    "bng_n": 184906.63,
    "spread_m": 0.42,
    "datum": "OD Liverpool",
    "source": "OS 1:1056 London 1891-96 via NLS",
    "disputed": false,
    "views": [
     "opus-r:m18_131096_87122@680,803=32.6(h)",
     "opus-n:m18_131096_87125@679,33=32.6(h)"
    ],
    "notes": "Sherrard Road at Red Post Lane; dot between SHERRARD and the figure (after last letter D); G-shaped 6 at 8x/10x"
   },
   "geometry": {
    "type": "Point",
    "coordinates": [
     0.0366068,
     51.5453659
    ]
   }
  },
  {
   "type": "Feature",
   "properties": {
    "id": "sh_540168_184906",
    "type": "spot",
    "value_ft": 34.0,
    "raw": "34·0",
    "confidence": "medium",
    "n_readings": 1,
    "readers": [
     "opus-s"
    ],
    "mosaics": [
     "m18_131084_87122"
    ],
    "bng_e": 540167.91,
    "bng_n": 184906.23,
    "spread_m": 0.0,
    "datum": "OD Liverpool",
    "source": "OS 1:1056 London 1891-96 via NLS",
    "disputed": false,
    "views": [
     "opus-s:m18_131084_87122@656,717=34.0(m)"
    ],
    "notes": "railway (T.&F.G.R.) by the Congregational chapel, at the sheet-edge line; dot taken as the tick on the rails left of figure"
   },
   "geometry": {
    "type": "Point",
    "coordinates": [
     0.0200012,
     51.5456495
    ]
   }
  },
  {
   "type": "Feature",
   "properties": {
    "id": "sh_539096_184906",
    "type": "spot",
    "value_ft": 35.0,
    "raw": "35·0",
    "confidence": "medium",
    "n_readings": 1,
    "readers": [
     "opus-i"
    ],
    "mosaics": [
     "m18_131072_87122"
    ],
    "bng_e": 539096.28,
    "bng_n": 184906.08,
    "spread_m": 0.0,
    "datum": "OD Liverpool",
    "source": "OS 1:1056 London 1891-96 via NLS",
    "disputed": false,
    "views": [
     "opus-i:m18_131072_87122@849,638=35.0(m)"
    ],
    "notes": "Leytonstone Road bridge approach; dot on the tramway rail right of figure"
   },
   "geometry": {
    "type": "Point",
    "coordinates": [
     0.0045571,
     51.545913
    ]
   }
  },
  {
   "type": "Feature",
   "properties": {
    "id": "sh_537669_184906",
    "type": "spot",
    "value_ft": 14.7,
    "raw": "14·7",
    "confidence": "high",
    "n_readings": 2,
    "readers": [
     "opus-d",
     "opus-f"
    ],
    "mosaics": [
     "m18_131057_87122",
     "m18_131060_87122"
    ],
    "bng_e": 537668.83,
    "bng_n": 184905.58,
    "spread_m": 0.19,
    "datum": "OD Liverpool",
    "source": "OS 1:1056 London 1891-96 via NLS",
    "disputed": false,
    "views": [
     "opus-f:m18_131057_87122@854,535=14.7(h)",
     "opus-d:m18_131060_87122@86,534=14.7(h)"
    ],
    "notes": "east bank of Waterworks River; dot on the bank line left of figures, 8x"
   },
   "geometry": {
    "type": "Point",
    "coordinates": [
     -0.0160155,
     51.5462583
    ]
   }
  },
  {
   "type": "Feature",
   "properties": {
    "id": "sh_537095_184901",
    "type": "spot",
    "value_ft": 22.6,
    "raw": "22·6",
    "confidence": "high",
    "n_readings": 1,
    "readers": [
     "opus-h"
    ],
    "mosaics": [
     "m18_131054_87122"
    ],
    "bng_e": 537095.0,
    "bng_n": 184901.0,
    "spread_m": 0.0,
    "datum": "OD Liverpool",
    "source": "OS 1:1056 London 1891-96 via NLS",
    "disputed": false,
    "views": [
     "opus-h:m18_131054_87122@80,505=22.6(h)"
    ],
    "notes": "road/fence beside the railway (Victoria Park line) at the west side; dot above-right of figures"
   },
   "geometry": {
    "type": "Point",
    "coordinates": [
     -0.0242874,
     51.5463567
    ]
   }
  },
  {
   "type": "Feature",
   "properties": {
    "id": "sh_538084_184900",
    "type": "spot",
    "value_ft": 15.7,
    "raw": "15·7",
    "confidence": "high",
    "n_readings": 1,
    "readers": [
     "opus-c"
    ],
    "mosaics": [
     "m18_131063_87122"
    ],
    "bng_e": 538083.99,
    "bng_n": 184900.34,
    "spread_m": 0.0,
    "datum": "OD Liverpool",
    "source": "OS 1:1056 London 1891-96 via NLS",
    "disputed": false,
    "views": [
     "opus-c:m18_131063_87122@433,579=15.7(h)"
    ],
    "notes": "High Meads Loop by 'HIGH'; figures at 455,587; dot on the rails at 433,579; confirmed at 6x"
   },
   "geometry": {
    "type": "Point",
    "coordinates": [
     -0.0100341,
     51.5461099
    ]
   }
  },
  {
   "type": "Feature",
   "properties": {
    "id": "sh_541007_184898",
    "type": "bench_mark",
    "value_ft": 33.2,
    "raw": "B.M.33·20",
    "confidence": "high",
    "n_readings": 2,
    "readers": [
     "opus-m",
     "opus-o"
    ],
    "mosaics": [
     "m18_131093_87122",
     "m18_131093_87125"
    ],
    "bng_e": 541006.78,
    "bng_n": 184897.91,
    "spread_m": 0.0,
    "datum": "OD Liverpool",
    "source": "OS 1:1056 London 1891-96 via NLS",
    "disputed": false,
    "views": [
     "opus-o:m18_131093_87122@605,802=33.2(h)",
     "opus-m:m18_131093_87125@605,34=33.2(h)"
    ],
    "notes": "Corner house at the west end of Henderson Road; text ~590,793; down-pointing pheon at the building corner ~605,802; digits clear at 6x"
   },
   "geometry": {
    "type": "Point",
    "coordinates": [
     0.0320873,
     51.5453659
    ]
   }
  },
  {
   "type": "Feature",
   "properties": {
    "id": "sh_540978_184897",
    "type": "spot",
    "value_ft": 31.1,
    "raw": "31·1",
    "confidence": "medium",
    "n_readings": 2,
    "readers": [
     "opus-m",
     "opus-o"
    ],
    "mosaics": [
     "m18_131093_87122",
     "m18_131093_87125"
    ],
    "bng_e": 540978.14,
    "bng_n": 184897.11,
    "spread_m": 1.53,
    "datum": "OD Liverpool",
    "source": "OS 1:1056 London 1891-96 via NLS",
    "disputed": false,
    "views": [
     "opus-o:m18_131093_87122@532,803=31.1(m)",
     "opus-m:m18_131093_87125@524,33=31.1(m)"
    ],
    "notes": "N-S road at Westbury Road/Henderson Road; only nearby dot is in line with the large boundary dots; position = centre of figures"
   },
   "geometry": {
    "type": "Point",
    "coordinates": [
     0.0316742,
     51.5453659
    ]
   }
  },
  {
   "type": "Feature",
   "properties": {
    "id": "sh_540579_184895",
    "type": "spot",
    "value_ft": 32.9,
    "raw": "32·9",
    "confidence": "high",
    "n_readings": 4,
    "readers": [
     "opus-l",
     "opus-n",
     "opus-o",
     "opus-q"
    ],
    "mosaics": [
     "m18_131087_87122",
     "m18_131087_87125",
     "m18_131090_87122",
     "m18_131090_87125"
    ],
    "bng_e": 540578.81,
    "bng_n": 184894.58,
    "spread_m": 1.53,
    "datum": "OD Liverpool",
    "source": "OS 1:1056 London 1891-96 via NLS",
    "disputed": false,
    "views": [
     "opus-q:m18_131087_87122@987,778=32.9(h)",
     "opus-n:m18_131087_87125@992,11=32.9(h)",
     "opus-o:m18_131090_87122@225,780=32.9(h)",
     "opus-l:m18_131090_87125@224,11=32.9(h)"
    ],
    "notes": "Sylvan Road at Upton Lane; digits clear at 8x; dot immediately left of figure"
   },
   "geometry": {
    "type": "Point",
    "coordinates": [
     0.0259182,
     51.5454426
    ]
   }
  },
  {
   "type": "Feature",
   "properties": {
    "id": "sh_539023_184894",
    "type": "spot",
    "value_ft": 30.9,
    "raw": "30·9",
    "confidence": "high",
    "n_readings": 1,
    "readers": [
     "opus-i"
    ],
    "mosaics": [
     "m18_131072_87122"
    ],
    "bng_e": 539022.92,
    "bng_n": 184893.67,
    "spread_m": 0.0,
    "datum": "OD Liverpool",
    "source": "OS 1:1056 London 1891-96 via NLS",
    "disputed": false,
    "views": [
     "opus-i:m18_131072_87122@651,666=30.9(h)"
    ],
    "notes": "Windmill Lane; dot left of figure"
   },
   "geometry": {
    "type": "Point",
    "coordinates": [
     0.0034949,
     51.5458196
    ]
   }
  },
  {
   "type": "Feature",
   "properties": {
    "id": "sh_539085_184892",
    "type": "bench_mark",
    "value_ft": 37.34,
    "raw": "B.M.37·34",
    "confidence": "high",
    "n_readings": 1,
    "readers": [
     "opus-i"
    ],
    "mosaics": [
     "m18_131072_87122"
    ],
    "bng_e": 539085.13,
    "bng_n": 184891.67,
    "spread_m": 0.0,
    "datum": "OD Liverpool",
    "source": "OS 1:1056 London 1891-96 via NLS",
    "disputed": false,
    "views": [
     "opus-i:m18_131072_87122@818,676=37.34(h)"
    ],
    "notes": "parapet of the Leytonstone Road bridge over the GER at Maryland Point; pheon right of the text"
   },
   "geometry": {
    "type": "Point",
    "coordinates": [
     0.0043908,
     51.5457863
    ]
   }
  },
  {
   "type": "Feature",
   "properties": {
    "id": "sh_537103_184885",
    "type": "bench_mark",
    "value_ft": 21.91,
    "raw": "B.M.21·91",
    "confidence": "high",
    "n_readings": 1,
    "readers": [
     "opus-h"
    ],
    "mosaics": [
     "m18_131054_87122"
    ],
    "bng_e": 537103.25,
    "bng_n": 184884.89,
    "spread_m": 0.0,
    "datum": "OD Liverpool",
    "source": "OS 1:1056 London 1891-96 via NLS",
    "disputed": false,
    "views": [
     "opus-h:m18_131054_87122@101,549=21.91(h)"
    ],
    "notes": "railway boundary wall by the Dye Works; pheon right of text; clear at 6x"
   },
   "geometry": {
    "type": "Point",
    "coordinates": [
     -0.0241747,
     51.5462099
    ]
   }
  },
  {
   "type": "Feature",
   "properties": {
    "id": "sh_538953_184880",
    "type": "bench_mark",
    "value_ft": 30.52,
    "raw": "B.M.30·52",
    "confidence": "high",
    "n_readings": 1,
    "readers": [
     "opus-i"
    ],
    "mosaics": [
     "m18_131072_87122"
    ],
    "bng_e": 538952.94,
    "bng_n": 184880.25,
    "spread_m": 0.0,
    "datum": "OD Liverpool",
    "source": "OS 1:1056 London 1891-96 via NLS",
    "disputed": false,
    "views": [
     "opus-i:m18_131072_87122@462,697=30.52(h)"
    ],
    "notes": "Windmill Lane north frontage; pheon below the text"
   },
   "geometry": {
    "type": "Point",
    "coordinates": [
     0.0024811,
     51.5457162
    ]
   }
  },
  {
   "type": "Feature",
   "properties": {
    "id": "sh_538678_184876",
    "type": "spot",
    "value_ft": 20.8,
    "raw": "20·8",
    "confidence": "medium",
    "n_readings": 1,
    "readers": [
     "opus-f"
    ],
    "mosaics": [
     "m18_131069_87122"
    ],
    "bng_e": 538677.59,
    "bng_n": 184876.43,
    "spread_m": 0.0,
    "datum": "OD Liverpool",
    "source": "OS 1:1056 London 1891-96 via NLS",
    "disputed": false,
    "views": [
     "opus-f:m18_131069_87122@490,687=20.8(m)"
    ],
    "notes": "Angel Place at Hammer Place; dot left of figures below the A of ANGEL (may be a lettering interpunct), 8x"
   },
   "geometry": {
    "type": "Point",
    "coordinates": [
     -0.0014886,
     51.5457496
    ]
   }
  },
  {
   "type": "Feature",
   "properties": {
    "id": "sh_538966_184875",
    "type": "spot",
    "value_ft": 28.8,
    "raw": "28·8",
    "confidence": "medium",
    "n_readings": 1,
    "readers": [
     "opus-i"
    ],
    "mosaics": [
     "m18_131072_87122"
    ],
    "bng_e": 538966.49,
    "bng_n": 184874.68,
    "spread_m": 0.0,
    "datum": "OD Liverpool",
    "source": "OS 1:1056 London 1891-96 via NLS",
    "disputed": false,
    "views": [
     "opus-i:m18_131072_87122@498,713=28.8(m)"
    ],
    "notes": "Windmill Lane; dot left of figure, 10 px after an F.P (could be the F.P.'s trailing dot)"
   },
   "geometry": {
    "type": "Point",
    "coordinates": [
     0.0026742,
     51.5456628
    ]
   }
  },
  {
   "type": "Feature",
   "properties": {
    "id": "sh_541647_184870",
    "type": "bench_mark",
    "value_ft": 33.04,
    "raw": "B.M.33·04",
    "confidence": "high",
    "n_readings": 1,
    "readers": [
     "opus-r"
    ],
    "mosaics": [
     "m18_131099_87125"
    ],
    "bng_e": 541647.05,
    "bng_n": 184870.44,
    "spread_m": 0.0,
    "datum": "OD Liverpool",
    "source": "OS 1:1056 London 1891-96 via NLS",
    "disputed": false,
    "views": [
     "opus-r:m18_131099_87125@787,156=33.04(h)"
    ],
    "notes": "NW corner of crossroads (Shrewsbury Road junction); pheon point left of arrow, right of text; survey triangle at ~773,168 below; 8x/12x"
   },
   "geometry": {
    "type": "Point",
    "coordinates": [
     0.0413033,
     51.5449589
    ]
   }
  },
  {
   "type": "Feature",
   "properties": {
    "id": "sh_540087_184870",
    "type": "spot",
    "value_ft": 33.7,
    "raw": "33·7",
    "confidence": "medium",
    "n_readings": 2,
    "readers": [
     "opus-q",
     "opus-s"
    ],
    "mosaics": [
     "m18_131084_87122",
     "m18_131084_87125"
    ],
    "bng_e": 540087.21,
    "bng_n": 184869.85,
    "spread_m": 0.77,
    "datum": "OD Liverpool",
    "source": "OS 1:1056 London 1891-96 via NLS",
    "disputed": false,
    "views": [
     "opus-s:m18_131084_87122@437,807=33.7(m)",
     "opus-q:m18_131084_87125@436,43=33.7(m)"
    ],
    "notes": "on the railway at Crosby Road; dot on the rails above figure; digits clear at 12x"
   },
   "geometry": {
    "type": "Point",
    "coordinates": [
     0.0188238,
     51.5453426
    ]
   }
  },
  {
   "type": "Feature",
   "properties": {
    "id": "sh_540278_184869",
    "type": "spot",
    "value_ft": 33.5,
    "raw": "33·5",
    "confidence": "high",
    "n_readings": 4,
    "readers": [
     "opus-n",
     "opus-q",
     "opus-s"
    ],
    "mosaics": [
     "m18_131084_87122",
     "m18_131084_87125",
     "m18_131087_87122",
     "m18_131087_87125"
    ],
    "bng_e": 540278.0,
    "bng_n": 184869.08,
    "spread_m": 0.91,
    "datum": "OD Liverpool",
    "source": "OS 1:1056 London 1891-96 via NLS",
    "disputed": false,
    "views": [
     "opus-q:m18_131087_87122@180,823=33.5(h)",
     "opus-n:m18_131087_87125@181,57=33.5(h)",
     "opus-s:m18_131084_87122@950,827=33.5(m)",
     "opus-q:m18_131084_87125@949,58=33.5(m)"
    ],
    "notes": "Disraeli Road north end, south of the sheet join; digits clear at 8x; dot directly above figure"
   },
   "geometry": {
    "type": "Point",
    "coordinates": [
     0.021573,
     51.5452884
    ]
   }
  },
  {
   "type": "Feature",
   "properties": {
    "id": "sh_540097_184866",
    "type": "bench_mark",
    "value_ft": 35.88,
    "raw": "B.M.35·88",
    "confidence": "high",
    "n_readings": 2,
    "readers": [
     "opus-q",
     "opus-s"
    ],
    "mosaics": [
     "m18_131084_87122",
     "m18_131084_87125"
    ],
    "bng_e": 540096.81,
    "bng_n": 184866.21,
    "spread_m": 0.19,
    "datum": "OD Liverpool",
    "source": "OS 1:1056 London 1891-96 via NLS",
    "disputed": false,
    "views": [
     "opus-s:m18_131084_87122@462,819=35.88(h)",
     "opus-q:m18_131084_87125@462,52=35.88(h)"
    ],
    "notes": "Crosby Road north end, wall south of railway; pheon ~20 px NE of text; 8s distinct from the 3 at 12x"
   },
   "geometry": {
    "type": "Point",
    "coordinates": [
     0.0189605,
     51.5453075
    ]
   }
  },
  {
   "type": "Feature",
   "properties": {
    "id": "sh_539100_184865",
    "type": "spot",
    "value_ft": 35.6,
    "raw": "35·6",
    "confidence": "medium",
    "n_readings": 1,
    "readers": [
     "opus-i"
    ],
    "mosaics": [
     "m18_131072_87122"
    ],
    "bng_e": 539100.0,
    "bng_n": 184865.34,
    "spread_m": 0.0,
    "datum": "OD Liverpool",
    "source": "OS 1:1056 London 1891-96 via NLS",
    "disputed": false,
    "views": [
     "opus-i:m18_131072_87122@856,748=35.6(m)"
    ],
    "notes": "Leytonstone Road south of the bridge, just below the py ~742 join; digits clear; no dot found, position = centre of figures"
   },
   "geometry": {
    "type": "Point",
    "coordinates": [
     0.0045946,
     51.5455461
    ]
   }
  },
  {
   "type": "Feature",
   "properties": {
    "id": "sh_538554_184865",
    "type": "spot",
    "value_ft": 20.1,
    "raw": "20·1",
    "confidence": "medium",
    "n_readings": 2,
    "readers": [
     "opus-d",
     "opus-f"
    ],
    "mosaics": [
     "m18_131066_87122",
     "m18_131069_87122"
    ],
    "bng_e": 538554.32,
    "bng_n": 184865.27,
    "spread_m": 0.74,
    "datum": "OD Liverpool",
    "source": "OS 1:1056 London 1891-96 via NLS",
    "disputed": false,
    "views": [
     "opus-d:m18_131066_87122@928,708=20.1(m)",
     "opus-f:m18_131069_87122@156,708=20.1(m)"
    ],
    "notes": "Stratford Works, on a shaded yard by a fence line; figures clear at 8x; no dot found (dot at 906,707 belongs to H), position = centre of figures"
   },
   "geometry": {
    "type": "Point",
    "coordinates": [
     -0.0032696,
     51.5456795
    ]
   }
  },
  {
   "type": "Feature",
   "properties": {
    "id": "sh_541653_184862",
    "type": "spot",
    "value_ft": 33.3,
    "raw": "33·3",
    "confidence": "high",
    "n_readings": 1,
    "readers": [
     "opus-r"
    ],
    "mosaics": [
     "m18_131099_87125"
    ],
    "bng_e": 541653.23,
    "bng_n": 184862.45,
    "spread_m": 0.0,
    "datum": "OD Liverpool",
    "source": "OS 1:1056 London 1891-96 via NLS",
    "disputed": false,
    "views": [
     "opus-r:m18_131099_87125@803,178=33.3(h)"
    ],
    "notes": "centre of crossroads; dot above; all three digits the same italic-3 glyph at 8x"
   },
   "geometry": {
    "type": "Point",
    "coordinates": [
     0.0413892,
     51.5448855
    ]
   }
  },
  {
   "type": "Feature",
   "properties": {
    "id": "sh_538894_184855",
    "type": "spot",
    "value_ft": 27.5,
    "raw": "27·5",
    "confidence": "high",
    "n_readings": 1,
    "readers": [
     "opus-i"
    ],
    "mosaics": [
     "m18_131072_87122"
    ],
    "bng_e": 538894.06,
    "bng_n": 184855.25,
    "spread_m": 0.0,
    "datum": "OD Liverpool",
    "source": "OS 1:1056 London 1891-96 via NLS",
    "disputed": false,
    "views": [
     "opus-i:m18_131072_87122@302,760=27.5(h)"
    ],
    "notes": "Windmill Lane at the Mission Church; dot below figure, above the D of WINDMILL"
   },
   "geometry": {
    "type": "Point",
    "coordinates": [
     0.0016227,
     51.545506
    ]
   }
  },
  {
   "type": "Feature",
   "properties": {
    "id": "sh_540986_184853",
    "type": "spot",
    "value_ft": 31.0,
    "raw": "31·0",
    "confidence": "medium",
    "n_readings": 2,
    "readers": [
     "opus-m",
     "opus-o"
    ],
    "mosaics": [
     "m18_131093_87122",
     "m18_131093_87125"
    ],
    "bng_e": 540985.69,
    "bng_n": 184853.14,
    "spread_m": 2.63,
    "datum": "OD Liverpool",
    "source": "OS 1:1056 London 1891-96 via NLS",
    "disputed": false,
    "views": [
     "opus-o:m18_131093_87122@538,922=31.0(m)",
     "opus-m:m18_131093_87125@552,152=31.0(m)"
    ],
    "notes": "N-S road south of Henderson Road on the boundary; a double dot right of figure, owner unclear; position = centre of figures; 0 oval at 10x"
   },
   "geometry": {
    "type": "Point",
    "coordinates": [
     0.0317654,
     51.5449689
    ]
   }
  },
  {
   "type": "Feature",
   "properties": {
    "id": "sh_540184_184849",
    "type": "spot",
    "value_ft": 34.4,
    "raw": "34·4",
    "confidence": "high",
    "n_readings": 2,
    "readers": [
     "opus-q",
     "opus-s"
    ],
    "mosaics": [
     "m18_131084_87122",
     "m18_131084_87125"
    ],
    "bng_e": 540184.39,
    "bng_n": 184848.77,
    "spread_m": 0.37,
    "datum": "OD Liverpool",
    "source": "OS 1:1056 London 1891-96 via NLS",
    "disputed": false,
    "views": [
     "opus-s:m18_131084_87122@696,874=34.4(h)",
     "opus-q:m18_131084_87125@696,104=34.4(h)"
    ],
    "notes": "road east of Crosby Road; dot directly above figure; clear at 12x"
   },
   "geometry": {
    "type": "Point",
    "coordinates": [
     0.0202158,
     51.5451291
    ]
   }
  },
  {
   "type": "Feature",
   "properties": {
    "id": "sh_538028_184848",
    "type": "spot",
    "value_ft": 15.7,
    "raw": "15·7",
    "confidence": "low",
    "n_readings": 1,
    "readers": [
     "opus-c"
    ],
    "mosaics": [
     "m18_131063_87122"
    ],
    "bng_e": 538027.71,
    "bng_n": 184848.32,
    "spread_m": 0.0,
    "datum": "OD Liverpool",
    "source": "OS 1:1056 London 1891-96 via NLS",
    "disputed": false,
    "views": [
     "opus-c:m18_131063_87122@278,715=15.7(l)"
    ],
    "notes": "High Meads Loop by the signal box; dot on the rails at 278,715 clear; figures at 298,722 over the hatching; second digit 5 or 6 (reads 15·7 at 2x, 16·7 possible at 8x)"
   },
   "geometry": {
    "type": "Point",
    "coordinates": [
     -0.0108656,
     51.5456562
    ]
   }
  },
  {
   "type": "Feature",
   "properties": {
    "id": "sh_538016_184847",
    "type": "bench_mark",
    "value_ft": 16.21,
    "raw": "B.M.16·21",
    "confidence": "high",
    "n_readings": 2,
    "readers": [
     "opus-c",
     "opus-d"
    ],
    "mosaics": [
     "m18_131060_87122",
     "m18_131063_87122"
    ],
    "bng_e": 538016.2,
    "bng_n": 184847.27,
    "spread_m": 0.37,
    "datum": "OD Liverpool",
    "source": "OS 1:1056 London 1891-96 via NLS",
    "disputed": false,
    "views": [
     "opus-d:m18_131060_87122@1016,717=16.21(h)",
     "opus-c:m18_131063_87122@246,717=16.21(h)"
    ],
    "notes": "Signal Box at High Meads Junction (SE); pheon on the signal box right of text, 8x"
   },
   "geometry": {
    "type": "Point",
    "coordinates": [
     -0.0110319,
     51.5456495
    ]
   }
  },
  {
   "type": "Feature",
   "properties": {
    "id": "sh_541588_184842",
    "type": "spot",
    "value_ft": 32.7,
    "raw": "32·7",
    "confidence": "high",
    "n_readings": 1,
    "readers": [
     "opus-r"
    ],
    "mosaics": [
     "m18_131099_87125"
    ],
    "bng_e": 541587.9,
    "bng_n": 184842.43,
    "spread_m": 0.0,
    "datum": "OD Liverpool",
    "source": "OS 1:1056 London 1891-96 via NLS",
    "disputed": false,
    "views": [
     "opus-r:m18_131099_87125@626,227=32.7(h)"
    ],
    "notes": "same road E part; dot above between 2 and 7; 8x"
   },
   "geometry": {
    "type": "Point",
    "coordinates": [
     0.0404397,
     51.544722
    ]
   }
  },
  {
   "type": "Feature",
   "properties": {
    "id": "sh_537146_184841",
    "type": "spot",
    "value_ft": 21.4,
    "raw": "21·4",
    "confidence": "high",
    "n_readings": 1,
    "readers": [
     "opus-h"
    ],
    "mosaics": [
     "m18_131054_87122"
    ],
    "bng_e": 537145.75,
    "bng_n": 184841.12,
    "spread_m": 0.0,
    "datum": "OD Liverpool",
    "source": "OS 1:1056 London 1891-96 via NLS",
    "disputed": false,
    "views": [
     "opus-h:m18_131054_87122@212,670=21.4(h)"
    ],
    "notes": "track beside the railway, south of the marsh; dot above-right of figures"
   },
   "geometry": {
    "type": "Point",
    "coordinates": [
     -0.0235793,
     51.5458063
    ]
   }
  },
  {
   "type": "Feature",
   "properties": {
    "id": "sh_538847_184839",
    "type": "spot",
    "value_ft": 26.2,
    "raw": "26·2",
    "confidence": "high",
    "n_readings": 5,
    "readers": [
     "opus-e",
     "opus-f",
     "opus-g",
     "opus-h",
     "opus-i"
    ],
    "mosaics": [
     "m18_131069_87122",
     "m18_131069_87125",
     "m18_131072_87122",
     "m18_131072_87125"
    ],
    "bng_e": 538847.17,
    "bng_n": 184838.74,
    "spread_m": 0.38,
    "datum": "OD Liverpool",
    "source": "OS 1:1056 London 1891-96 via NLS",
    "disputed": false,
    "views": [
     "opus-f:m18_131069_87122@943,801=26.2(h)",
     "opus-e:m18_131069_87125@942,33=26.2(h)",
     "opus-g:m18_131069_87125@943,32=26.2(h)",
     "opus-i:m18_131072_87122@175,802=26.2(h)",
     "opus-h:m18_131072_87125@175,33=26.2(h)"
    ],
    "notes": "street running east; dot left of figures, 8x"
   },
   "geometry": {
    "type": "Point",
    "coordinates": [
     0.0009404,
     51.5453693
    ]
   }
  },
  {
   "type": "Feature",
   "properties": {
    "id": "sh_540780_184832",
    "type": "spot",
    "value_ft": 33.7,
    "raw": "33·7",
    "confidence": "high",
    "n_readings": 2,
    "readers": [
     "opus-l",
     "opus-o"
    ],
    "mosaics": [
     "m18_131090_87122",
     "m18_131090_87125"
    ],
    "bng_e": 540779.5,
    "bng_n": 184832.01,
    "spread_m": 0.26,
    "datum": "OD Liverpool",
    "source": "OS 1:1056 London 1891-96 via NLS",
    "disputed": false,
    "views": [
     "opus-o:m18_131090_87122@757,963=33.7(h)",
     "opus-l:m18_131090_87125@758,194=33.7(m)"
    ],
    "notes": "Glenparke Road between the letters R and K; dot directly above figure (the lettering has no interpuncts); digits clear at 6x"
   },
   "geometry": {
    "type": "Point",
    "coordinates": [
     0.0287855,
     51.5448305
    ]
   }
  },
  {
   "type": "Feature",
   "properties": {
    "id": "sh_541325_184830",
    "type": "spot",
    "value_ft": 32.9,
    "raw": "32·9",
    "confidence": "medium",
    "n_readings": 2,
    "readers": [
     "opus-n",
     "opus-r"
    ],
    "mosaics": [
     "m18_131096_87122",
     "m18_131096_87125"
    ],
    "bng_e": 541325.06,
    "bng_n": 184830.47,
    "spread_m": 0.77,
    "datum": "OD Liverpool",
    "source": "OS 1:1056 London 1891-96 via NLS",
    "disputed": false,
    "views": [
     "opus-r:m18_131096_87122@685,1007=32.9(m)",
     "opus-n:m18_131096_87125@689,240=32.9(m)"
    ],
    "notes": "..LEY Road at Red Post Lane, S edge; dot below figure between L and E (interpunct position); 8x/14x"
   },
   "geometry": {
    "type": "Point",
    "coordinates": [
     0.036647,
     51.5446803
    ]
   }
  },
  {
   "type": "Feature",
   "properties": {
    "id": "sh_537655_184828",
    "type": "spot",
    "value_ft": 15.2,
    "raw": "15·2",
    "confidence": "high",
    "n_readings": 2,
    "readers": [
     "opus-d",
     "opus-f"
    ],
    "mosaics": [
     "m18_131057_87122",
     "m18_131060_87122"
    ],
    "bng_e": 537655.1,
    "bng_n": 184828.36,
    "spread_m": 0.26,
    "datum": "OD Liverpool",
    "source": "OS 1:1056 London 1891-96 via NLS",
    "disputed": false,
    "views": [
     "opus-f:m18_131057_87122@811,741=15.2(h)",
     "opus-d:m18_131060_87122@44,742=15.2(h)"
    ],
    "notes": "west bank of Waterworks River just below the py ~737 sheet join; dot on the bank line left of figures, 8x"
   },
   "geometry": {
    "type": "Point",
    "coordinates": [
     -0.0162434,
     51.5455677
    ]
   }
  },
  {
   "type": "Feature",
   "properties": {
    "id": "sh_539999_184828",
    "type": "spot",
    "value_ft": 32.3,
    "raw": "32·3",
    "confidence": "medium",
    "n_readings": 2,
    "readers": [
     "opus-q",
     "opus-s"
    ],
    "mosaics": [
     "m18_131084_87122",
     "m18_131084_87125"
    ],
    "bng_e": 539999.04,
    "bng_n": 184827.87,
    "spread_m": 0.95,
    "datum": "OD Liverpool",
    "source": "OS 1:1056 London 1891-96 via NLS",
    "disputed": false,
    "views": [
     "opus-s:m18_131084_87122@199,916=32.3(m)",
     "opus-q:m18_131084_87125@194,147=32.3(m)"
    ],
    "notes": "on the railway west; dot is a tick on the rails ~15 px NW of figure; final 3 matches leading 3"
   },
   "geometry": {
    "type": "Point",
    "coordinates": [
     0.0175363,
     51.5449873
    ]
   }
  },
  {
   "type": "Feature",
   "properties": {
    "id": "sh_538799_184823",
    "type": "spot",
    "value_ft": 25.6,
    "raw": "25·6",
    "confidence": "high",
    "n_readings": 5,
    "readers": [
     "opus-e",
     "opus-f",
     "opus-g",
     "opus-h",
     "opus-i"
    ],
    "mosaics": [
     "m18_131069_87122",
     "m18_131069_87125",
     "m18_131072_87122",
     "m18_131072_87125"
    ],
    "bng_e": 538799.29,
    "bng_n": 184822.88,
    "spread_m": 0.3,
    "datum": "OD Liverpool",
    "source": "OS 1:1056 London 1891-96 via NLS",
    "disputed": false,
    "views": [
     "opus-f:m18_131069_87122@813,840=25.6(h)",
     "opus-e:m18_131069_87125@813,72=25.6(h)",
     "opus-g:m18_131069_87125@813,72=25.6(h)",
     "opus-i:m18_131072_87122@45,841=25.6(h)",
     "opus-h:m18_131072_87125@45,72=25.6(h)"
    ],
    "notes": "street by P.H. east of Angel Place; dot left of figures, 8x"
   },
   "geometry": {
    "type": "Point",
    "coordinates": [
     0.0002441,
     51.5452385
    ]
   }
  },
  {
   "type": "Feature",
   "properties": {
    "id": "sh_541514_184817",
    "type": "spot",
    "value_ft": 32.2,
    "raw": "32·2",
    "confidence": "high",
    "n_readings": 1,
    "readers": [
     "opus-r"
    ],
    "mosaics": [
     "m18_131099_87125"
    ],
    "bng_e": 541513.8,
    "bng_n": 184816.6,
    "spread_m": 0.0,
    "datum": "OD Liverpool",
    "source": "OS 1:1056 London 1891-96 via NLS",
    "disputed": false,
    "views": [
     "opus-r:m18_131099_87125@425,291=32.2(h)"
    ],
    "notes": "same road; dot right-above figure; 8x"
   },
   "geometry": {
    "type": "Point",
    "coordinates": [
     0.0393614,
     51.5445085
    ]
   }
  },
  {
   "type": "Feature",
   "properties": {
    "id": "sh_538703_184816",
    "type": "spot",
    "value_ft": 22.6,
    "raw": "22·6",
    "confidence": "medium",
    "n_readings": 3,
    "readers": [
     "opus-e",
     "opus-f",
     "opus-g"
    ],
    "mosaics": [
     "m18_131069_87122",
     "m18_131069_87125"
    ],
    "bng_e": 538702.83,
    "bng_n": 184815.74,
    "spread_m": 0.35,
    "datum": "OD Liverpool",
    "source": "OS 1:1056 London 1891-96 via NLS",
    "disputed": false,
    "views": [
     "opus-f:m18_131069_87122@553,852=22.6(m)",
     "opus-e:m18_131069_87125@554,85=22.6(m)",
     "opus-g:m18_131069_87125@553,84=22.6(m)"
    ],
    "notes": "over garden/building inside the bend of Angel Place; no dot (dot at 546,867 is the interpunct of L·), position = centre of figures, 8x"
   },
   "geometry": {
    "type": "Point",
    "coordinates": [
     -0.0011489,
     51.545198
    ]
   }
  },
  {
   "type": "Feature",
   "properties": {
    "id": "sh_540591_184813",
    "type": "spot",
    "value_ft": 32.6,
    "raw": "32·6",
    "confidence": "high",
    "n_readings": 2,
    "readers": [
     "opus-l",
     "opus-o"
    ],
    "mosaics": [
     "m18_131090_87122",
     "m18_131090_87125"
    ],
    "bng_e": 540591.13,
    "bng_n": 184812.68,
    "spread_m": 0.19,
    "datum": "OD Liverpool",
    "source": "OS 1:1056 London 1891-96 via NLS",
    "disputed": false,
    "views": [
     "opus-o:m18_131090_87122@250,1000=32.6(h)",
     "opus-l:m18_131090_87125@250,233=32.6(m)"
    ],
    "notes": "Upton Lane ('UPT' lettering) near the bottom; dot left of figure; final 6 clear at 12x"
   },
   "geometry": {
    "type": "Point",
    "coordinates": [
     0.026063,
     51.5447037
    ]
   }
  },
  {
   "type": "Feature",
   "properties": {
    "id": "sh_538765_184811",
    "type": "spot",
    "value_ft": 26.6,
    "raw": "26·6",
    "confidence": "high",
    "n_readings": 3,
    "readers": [
     "opus-e",
     "opus-f",
     "opus-g"
    ],
    "mosaics": [
     "m18_131069_87122",
     "m18_131069_87125"
    ],
    "bng_e": 538764.98,
    "bng_n": 184811.37,
    "spread_m": 0.25,
    "datum": "OD Liverpool",
    "source": "OS 1:1056 London 1891-96 via NLS",
    "disputed": false,
    "views": [
     "opus-f:m18_131069_87122@720,869=26.6(h)",
     "opus-e:m18_131069_87125@720,101=26.6(h)",
     "opus-g:m18_131069_87125@720,100=26.6(h)"
    ],
    "notes": "east end of Angel Place; dot left of figures, 8x"
   },
   "geometry": {
    "type": "Point",
    "coordinates": [
     -0.0002548,
     51.5451435
    ]
   }
  },
  {
   "type": "Feature",
   "properties": {
    "id": "sh_541263_184809",
    "type": "spot",
    "value_ft": 31.5,
    "raw": "31·5",
    "confidence": "high",
    "n_readings": 1,
    "readers": [
     "opus-n"
    ],
    "mosaics": [
     "m18_131096_87125"
    ],
    "bng_e": 541263.11,
    "bng_n": 184809.25,
    "spread_m": 0.0,
    "datum": "OD Liverpool",
    "source": "OS 1:1056 London 1891-96 via NLS",
    "disputed": false,
    "views": [
     "opus-n:m18_131096_87125@519,292=31.5(h)"
    ],
    "notes": "Halley Road west; dot above-right of figure; 5 flat-topped at 12x"
   },
   "geometry": {
    "type": "Point",
    "coordinates": [
     0.0357458,
     51.5445052
    ]
   }
  },
  {
   "type": "Feature",
   "properties": {
    "id": "sh_540587_184805",
    "type": "bench_mark",
    "value_ft": 34.23,
    "raw": "B.M.34·23",
    "confidence": "high",
    "n_readings": 4,
    "readers": [
     "opus-l",
     "opus-n",
     "opus-o",
     "opus-q"
    ],
    "mosaics": [
     "m18_131087_87122",
     "m18_131087_87125",
     "m18_131090_87122",
     "m18_131090_87125"
    ],
    "bng_e": 540587.34,
    "bng_n": 184804.97,
    "spread_m": 3.64,
    "datum": "OD Liverpool",
    "source": "OS 1:1056 London 1891-96 via NLS",
    "disputed": true,
    "values": [
     34.23,
     34.28
    ],
    "values_by_reader": {
     "opus-l": [
      34.28
     ],
     "opus-n": [
      34.23
     ],
     "opus-o": [
      34.23
     ],
     "opus-q": [
      34.23
     ]
    },
    "views": [
     "opus-n:m18_131087_87125@1003,256=34.23(h)",
     "opus-q:m18_131087_87122@1015,1015=34.23(m)",
     "opus-o:m18_131090_87122@238,1021=34.23(m)",
     "opus-l:m18_131090_87125@237,256=34.28(l)"
    ],
    "notes": "wall on west side of Upton Lane; pheon right of text on the frontage line; last 3 matches first 3 at 16x"
   },
   "geometry": {
    "type": "Point",
    "coordinates": [
     0.0260054,
     51.5446353
    ]
   }
  },
  {
   "type": "Feature",
   "properties": {
    "id": "sh_538702_184804",
    "type": "bench_mark",
    "value_ft": 24.63,
    "raw": "B.M.24·63",
    "confidence": "high",
    "n_readings": 3,
    "readers": [
     "opus-e",
     "opus-f",
     "opus-g"
    ],
    "mosaics": [
     "m18_131069_87122",
     "m18_131069_87125"
    ],
    "bng_e": 538701.65,
    "bng_n": 184804.44,
    "spread_m": 0.7,
    "datum": "OD Liverpool",
    "source": "OS 1:1056 London 1891-96 via NLS",
    "disputed": false,
    "views": [
     "opus-f:m18_131069_87122@549,882=24.63(h)",
     "opus-e:m18_131069_87125@551,114=24.63(h)",
     "opus-g:m18_131069_87125@548,116=24.63(h)"
    ],
    "notes": "wall on the south side of Angel Place; pheon above-right of text on the wall line, 8x"
   },
   "geometry": {
    "type": "Point",
    "coordinates": [
     -0.0011703,
     51.5450968
    ]
   }
  },
  {
   "type": "Feature",
   "properties": {
    "id": "sh_541467_184804",
    "type": "bench_mark",
    "value_ft": 31.75,
    "raw": "B.M.31·75",
    "confidence": "high",
    "n_readings": 1,
    "readers": [
     "opus-r"
    ],
    "mosaics": [
     "m18_131099_87125"
    ],
    "bng_e": 541466.87,
    "bng_n": 184804.16,
    "spread_m": 0.0,
    "datum": "OD Liverpool",
    "source": "OS 1:1056 London 1891-96 via NLS",
    "disputed": false,
    "views": [
     "opus-r:m18_131099_87125@298,321=31.75(h)"
    ],
    "notes": "Bristol Road W (upper 'A R O A D' band), roadside; pheon apex right of text, 8x; decimals 16x"
   },
   "geometry": {
    "type": "Point",
    "coordinates": [
     0.0386801,
     51.5444084
    ]
   }
  },
  {
   "type": "Feature",
   "properties": {
    "id": "sh_537968_184799",
    "type": "spot",
    "value_ft": 15.8,
    "raw": "15·8",
    "confidence": "high",
    "n_readings": 4,
    "readers": [
     "opus-c",
     "opus-d"
    ],
    "mosaics": [
     "m18_131060_87122",
     "m18_131060_87125",
     "m18_131063_87122",
     "m18_131063_87125"
    ],
    "bng_e": 537967.64,
    "bng_n": 184799.07,
    "spread_m": 0.28,
    "datum": "OD Liverpool",
    "source": "OS 1:1056 London 1891-96 via NLS",
    "disputed": false,
    "views": [
     "opus-c:m18_131060_87125@881,76=15.8(h)",
     "opus-c:m18_131063_87122@113,843=15.8(h)",
     "opus-c:m18_131063_87125@113,75=15.8(h)",
     "opus-d:m18_131060_87122@881,843=15.8(m)"
    ],
    "notes": "beside the G.E.R. south of High Meads Junction (same figure as m18_131063_87125 at 113,76 there); digits clear at 6-8x; figures written outside the embankment hatching with the survey dot on the rails (the standard railway pattern, also seen on m18_131063_87122); position = that dot"
   },
   "geometry": {
    "type": "Point",
    "coordinates": [
     -0.0117507,
     51.5452283
    ]
   }
  },
  {
   "type": "Feature",
   "properties": {
    "id": "sh_541006_184797",
    "type": "spot",
    "value_ft": 30.8,
    "raw": "30·8",
    "confidence": "medium",
    "n_readings": 1,
    "readers": [
     "opus-m"
    ],
    "mosaics": [
     "m18_131093_87125"
    ],
    "bng_e": 541005.87,
    "bng_n": 184796.9,
    "spread_m": 0.0,
    "datum": "OD Liverpool",
    "source": "OS 1:1056 London 1891-96 via NLS",
    "disputed": false,
    "views": [
     "opus-m:m18_131093_87125@595,306=30.8(m)"
    ],
    "notes": "Gipsy Lane; extra dot below-left of figure off the regular boundary-dot spacing taken as survey dot; last digit 8 at 14x"
   },
   "geometry": {
    "type": "Point",
    "coordinates": [
     0.0320336,
     51.5444585
    ]
   }
  },
  {
   "type": "Feature",
   "properties": {
    "id": "sh_541666_184794",
    "type": "spot",
    "value_ft": 32.9,
    "raw": "32·9",
    "confidence": "high",
    "n_readings": 1,
    "readers": [
     "opus-r"
    ],
    "mosaics": [
     "m18_131099_87125"
    ],
    "bng_e": 541665.94,
    "bng_n": 184793.75,
    "spread_m": 0.0,
    "datum": "OD Liverpool",
    "source": "OS 1:1056 London 1891-96 via NLS",
    "disputed": false,
    "views": [
     "opus-r:m18_131099_87125@832,364=32.9(h)"
    ],
    "notes": "Shrewsbury Road at side-road mouth; dot above-left; 8x"
   },
   "geometry": {
    "type": "Point",
    "coordinates": [
     0.0415447,
     51.544265
    ]
   }
  },
  {
   "type": "Feature",
   "properties": {
    "id": "sh_540291_184792",
    "type": "spot",
    "value_ft": 33.4,
    "raw": "33·4",
    "confidence": "medium",
    "n_readings": 2,
    "readers": [
     "opus-n",
     "opus-q"
    ],
    "mosaics": [
     "m18_131084_87125",
     "m18_131087_87125"
    ],
    "bng_e": 540290.93,
    "bng_n": 184791.94,
    "spread_m": 0.37,
    "datum": "OD Liverpool",
    "source": "OS 1:1056 London 1891-96 via NLS",
    "disputed": false,
    "views": [
     "opus-q:m18_131084_87125@979,266=33.4(m)",
     "opus-n:m18_131087_87125@209,266=33.4(m)"
    ],
    "notes": "DISRAELI ROAD between the S and R of the lettering; digits clear at 8x; dot below figure could be a lettering interpunct"
   },
   "geometry": {
    "type": "Point",
    "coordinates": [
     0.0217286,
     51.5445919
    ]
   }
  },
  {
   "type": "Feature",
   "properties": {
    "id": "sh_541238_184791",
    "type": "bench_mark",
    "value_ft": 35.12,
    "raw": "B.M.35·12",
    "confidence": "high",
    "n_readings": 1,
    "readers": [
     "opus-n"
    ],
    "mosaics": [
     "m18_131096_87125"
    ],
    "bng_e": 541237.92,
    "bng_n": 184791.47,
    "spread_m": 0.0,
    "datum": "OD Liverpool",
    "source": "OS 1:1056 London 1891-96 via NLS",
    "disputed": false,
    "views": [
     "opus-n:m18_131096_87125@450,338=35.12(h)"
    ],
    "notes": "south side of Halley Road; pheon below the text on the house frontage; digits clear at 8x"
   },
   "geometry": {
    "type": "Point",
    "coordinates": [
     0.0353757,
     51.5443517
    ]
   }
  },
  {
   "type": "Feature",
   "properties": {
    "id": "sh_541437_184791",
    "type": "spot",
    "value_ft": 31.7,
    "raw": "31·7",
    "confidence": "high",
    "n_readings": 2,
    "readers": [
     "opus-n",
     "opus-r"
    ],
    "mosaics": [
     "m18_131096_87125",
     "m18_131099_87125"
    ],
    "bng_e": 541436.72,
    "bng_n": 184790.69,
    "spread_m": 0.37,
    "datum": "OD Liverpool",
    "source": "OS 1:1056 London 1891-96 via NLS",
    "disputed": false,
    "views": [
     "opus-n:m18_131096_87125@985,355=31.7(h)",
     "opus-r:m18_131099_87125@215,355=31.7(h)"
    ],
    "notes": "Monega Road east after D of ROAD; dot left of figure; 16x"
   },
   "geometry": {
    "type": "Point",
    "coordinates": [
     0.0382403,
     51.544295
    ]
   }
  },
  {
   "type": "Feature",
   "properties": {
    "id": "sh_540888_184790",
    "type": "bench_mark",
    "value_ft": 35.62,
    "raw": "B.M.35·62",
    "confidence": "high",
    "n_readings": 1,
    "readers": [
     "opus-m"
    ],
    "mosaics": [
     "m18_131093_87125"
    ],
    "bng_e": 540888.06,
    "bng_n": 184789.91,
    "spread_m": 0.0,
    "datum": "OD Liverpool",
    "source": "OS 1:1056 London 1891-96 via NLS",
    "disputed": false,
    "views": [
     "opus-m:m18_131093_87125@278,316=35.62(h)"
    ],
    "notes": "pheon on house frontage on north side of the road, ~20 px left of text; 8x"
   },
   "geometry": {
    "type": "Point",
    "coordinates": [
     0.0303331,
     51.5444251
    ]
   }
  },
  {
   "type": "Feature",
   "properties": {
    "id": "sh_538569_184787",
    "type": "spot",
    "value_ft": 20.9,
    "raw": "20·9",
    "confidence": "high",
    "n_readings": 5,
    "readers": [
     "opus-c",
     "opus-d",
     "opus-e",
     "opus-f",
     "opus-g"
    ],
    "mosaics": [
     "m18_131066_87122",
     "m18_131066_87125",
     "m18_131069_87122",
     "m18_131069_87125"
    ],
    "bng_e": 538568.53,
    "bng_n": 184786.65,
    "spread_m": 0.53,
    "datum": "OD Liverpool",
    "source": "OS 1:1056 London 1891-96 via NLS",
    "disputed": false,
    "views": [
     "opus-d:m18_131066_87122@959,921=20.9(h)",
     "opus-f:m18_131069_87122@189,921=20.9(h)",
     "opus-g:m18_131069_87125@191,152=20.9(h)",
     "opus-c:m18_131066_87125@958,153=20.9(m)",
     "opus-e:m18_131069_87125@191,153=20.9(m)"
    ],
    "notes": "Stratford Works lines east of 'Stratford Works' lettering; dot above-left of figures at 8x (the H above has its own dot at 963,909)"
   },
   "geometry": {
    "type": "Point",
    "coordinates": [
     -0.0030958,
     51.5449696
    ]
   }
  },
  {
   "type": "Feature",
   "properties": {
    "id": "sh_540920_184786",
    "type": "spot",
    "value_ft": 32.5,
    "raw": "32·5",
    "confidence": "high",
    "n_readings": 1,
    "readers": [
     "opus-m"
    ],
    "mosaics": [
     "m18_131093_87125"
    ],
    "bng_e": 540920.19,
    "bng_n": 184785.61,
    "spread_m": 0.0,
    "datum": "OD Liverpool",
    "source": "OS 1:1056 London 1891-96 via NLS",
    "disputed": false,
    "views": [
     "opus-m:m18_131093_87125@364,330=32.5(h)"
    ],
    "notes": "same road; dot left of figure; 8x"
   },
   "geometry": {
    "type": "Point",
    "coordinates": [
     0.0307945,
     51.5443784
    ]
   }
  },
  {
   "type": "Feature",
   "properties": {
    "id": "sh_541189_184783",
    "type": "spot",
    "value_ft": 31.8,
    "raw": "31·8",
    "confidence": "low",
    "n_readings": 1,
    "readers": [
     "opus-n"
    ],
    "mosaics": [
     "m18_131096_87125"
    ],
    "bng_e": 541189.38,
    "bng_n": 184783.44,
    "spread_m": 0.0,
    "datum": "OD Liverpool",
    "source": "OS 1:1056 London 1891-96 via NLS",
    "disputed": false,
    "views": [
     "opus-n:m18_131096_87125@319,356=31.8(l)"
    ],
    "notes": "terrace road in the west half (unnamed on this mosaic); dot above-right of figure; final digit 8 vs 3 unresolved at 12-16x (resembles the first 3 of the same figure; could be 31·3)"
   },
   "geometry": {
    "type": "Point",
    "coordinates": [
     0.0346729,
     51.5442917
    ]
   }
  },
  {
   "type": "Feature",
   "properties": {
    "id": "sh_537196_184782",
    "type": "spot",
    "value_ft": 21.5,
    "raw": "21·5",
    "confidence": "high",
    "n_readings": 3,
    "readers": [
     "opus-g",
     "opus-h",
     "opus-k"
    ],
    "mosaics": [
     "m18_131054_87122",
     "m18_131054_87125"
    ],
    "bng_e": 537195.73,
    "bng_n": 184782.33,
    "spread_m": 1.12,
    "datum": "OD Liverpool",
    "source": "OS 1:1056 London 1891-96 via NLS",
    "disputed": false,
    "views": [
     "opus-h:m18_131054_87122@339,832=21.5(h)",
     "opus-k:m18_131054_87125@344,64=21.5(h)",
     "opus-g:m18_131054_87125@343,64=21.5(m)"
    ],
    "notes": "Hackney Cut west towing path; dot left of figures; last digit 5 at 14x"
   },
   "geometry": {
    "type": "Point",
    "coordinates": [
     -0.0228819,
     51.5452658
    ]
   }
  },
  {
   "type": "Feature",
   "properties": {
    "id": "sh_540857_184780",
    "type": "spot",
    "value_ft": 32.9,
    "raw": "32·9",
    "confidence": "medium",
    "n_readings": 2,
    "readers": [
     "opus-l",
     "opus-m"
    ],
    "mosaics": [
     "m18_131090_87125",
     "m18_131093_87125"
    ],
    "bng_e": 540856.87,
    "bng_n": 184780.32,
    "spread_m": 0.95,
    "datum": "OD Liverpool",
    "source": "OS 1:1056 London 1891-96 via NLS",
    "disputed": false,
    "views": [
     "opus-l:m18_131090_87125@959,340=32.9(m)",
     "opus-m:m18_131093_87125@196,339=32.9(m)"
    ],
    "notes": "Whyteville Road east; dot at 959,340 between the O and A of ROAD (possible interpunct); 8x"
   },
   "geometry": {
    "type": "Point",
    "coordinates": [
     0.0298798,
     51.5443467
    ]
   }
  },
  {
   "type": "Feature",
   "properties": {
    "id": "sh_539096_184775",
    "type": "spot",
    "value_ft": 29.4,
    "raw": "29·4",
    "confidence": "medium",
    "n_readings": 2,
    "readers": [
     "opus-h",
     "opus-i"
    ],
    "mosaics": [
     "m18_131072_87122",
     "m18_131072_87125"
    ],
    "bng_e": 539095.78,
    "bng_n": 184775.01,
    "spread_m": 1.58,
    "datum": "OD Liverpool",
    "source": "OS 1:1056 London 1891-96 via NLS",
    "disputed": false,
    "views": [
     "opus-i:m18_131072_87122@835,988=29.4(m)",
     "opus-h:m18_131072_87125@841,226=29.4(m)"
    ],
    "notes": "Leytonstone Road by the Baptist chapel; tick on the tramway rail left of figure taken as the dot"
   },
   "geometry": {
    "type": "Point",
    "coordinates": [
     0.0044981,
     51.5447354
    ]
   }
  },
  {
   "type": "Feature",
   "properties": {
    "id": "sh_541711_184775",
    "type": "spot",
    "value_ft": 33.5,
    "raw": "33·5",
    "confidence": "high",
    "n_readings": 1,
    "readers": [
     "opus-r"
    ],
    "mosaics": [
     "m18_131099_87125"
    ],
    "bng_e": 541710.76,
    "bng_n": 184774.95,
    "spread_m": 0.0,
    "datum": "OD Liverpool",
    "source": "OS 1:1056 London 1891-96 via NLS",
    "disputed": false,
    "views": [
     "opus-r:m18_131099_87125@951,418=33.5(h)"
    ],
    "notes": "Shrewsbury Road E side at fence corner; dot right of figure by fence line; final 5 flat top 12x"
   },
   "geometry": {
    "type": "Point",
    "coordinates": [
     0.0421831,
     51.5440848
    ]
   }
  },
  {
   "type": "Feature",
   "properties": {
    "id": "sh_537617_184775",
    "type": "spot",
    "value_ft": 14.0,
    "raw": "14·0",
    "confidence": "high",
    "n_readings": 3,
    "readers": [
     "opus-d",
     "opus-f"
    ],
    "mosaics": [
     "m18_131057_87122",
     "m18_131057_87125"
    ],
    "bng_e": 537616.91,
    "bng_n": 184774.92,
    "spread_m": 0.25,
    "datum": "OD Liverpool",
    "source": "OS 1:1056 London 1891-96 via NLS",
    "disputed": false,
    "views": [
     "opus-f:m18_131057_87122@705,883=14.0(h)",
     "opus-d:m18_131057_87125@705,114=14.0(h)",
     "opus-f:m18_131057_87125@705,115=14.0(h)"
    ],
    "notes": "below C.R.; dot on the bank line left of figures, 8x"
   },
   "geometry": {
    "type": "Point",
    "coordinates": [
     -0.0168148,
     51.5450968
    ]
   }
  },
  {
   "type": "Feature",
   "properties": {
    "id": "sh_540193_184775",
    "type": "spot",
    "value_ft": 34.7,
    "raw": "34·7",
    "confidence": "high",
    "n_readings": 1,
    "readers": [
     "opus-q"
    ],
    "mosaics": [
     "m18_131084_87125"
    ],
    "bng_e": 540193.13,
    "bng_n": 184774.76,
    "spread_m": 0.0,
    "datum": "OD Liverpool",
    "source": "OS 1:1056 London 1891-96 via NLS",
    "disputed": false,
    "views": [
     "opus-q:m18_131084_87125@714,305=34.7(h)"
    ],
    "notes": "Margery Park Road east side; digits clear at 8x; dot directly above figure"
   },
   "geometry": {
    "type": "Point",
    "coordinates": [
     0.0203124,
     51.5444618
    ]
   }
  },
  {
   "type": "Feature",
   "properties": {
    "id": "sh_540785_184774",
    "type": "spot",
    "value_ft": 33.3,
    "raw": "33·3",
    "confidence": "low",
    "n_readings": 1,
    "readers": [
     "opus-l"
    ],
    "mosaics": [
     "m18_131090_87125"
    ],
    "bng_e": 540785.01,
    "bng_n": 184774.43,
    "spread_m": 0.0,
    "datum": "OD Liverpool",
    "source": "OS 1:1056 London 1891-96 via NLS",
    "disputed": false,
    "views": [
     "opus-l:m18_131090_87125@768,350=33.3(l)"
    ],
    "notes": "Whyteville Road at the cross-road; dot at 768,350 between V and I of WHYTEVILLE (possible interpunct); last digit read 3 at 30x (upper left open) but 8 possible"
   },
   "geometry": {
    "type": "Point",
    "coordinates": [
     0.0288418,
     51.5443117
    ]
   }
  },
  {
   "type": "Feature",
   "properties": {
    "id": "sh_541380_184771",
    "type": "spot",
    "value_ft": 31.5,
    "raw": "31·5",
    "confidence": "high",
    "n_readings": 2,
    "readers": [
     "opus-n",
     "opus-r"
    ],
    "mosaics": [
     "m18_131096_87125",
     "m18_131099_87125"
    ],
    "bng_e": 541379.93,
    "bng_n": 184771.48,
    "spread_m": 0.77,
    "datum": "OD Liverpool",
    "source": "OS 1:1056 London 1891-96 via NLS",
    "disputed": false,
    "views": [
     "opus-n:m18_131096_87125@832,403=31.5(h)",
     "opus-r:m18_131099_87125@60,402=31.5(l)"
    ],
    "notes": "Monega Road; dot right of figure; 5 flat-topped at 12x"
   },
   "geometry": {
    "type": "Point",
    "coordinates": [
     0.0374141,
     51.5441365
    ]
   }
  },
  {
   "type": "Feature",
   "properties": {
    "id": "sh_540299_184770",
    "type": "bench_mark",
    "value_ft": 34.39,
    "raw": "B.M.34·39",
    "confidence": "high",
    "n_readings": 2,
    "readers": [
     "opus-n",
     "opus-q"
    ],
    "mosaics": [
     "m18_131084_87125",
     "m18_131087_87125"
    ],
    "bng_e": 540298.99,
    "bng_n": 184769.88,
    "spread_m": 0.37,
    "datum": "OD Liverpool",
    "source": "OS 1:1056 London 1891-96 via NLS",
    "disputed": false,
    "views": [
     "opus-q:m18_131084_87125@997,326=34.39(h)",
     "opus-n:m18_131087_87125@231,326=34.39(h)"
    ],
    "notes": "house front, Disraeli Road east side; text 973-993,306-313; pheon apex 997,326 at 8x"
   },
   "geometry": {
    "type": "Point",
    "coordinates": [
     0.0218359,
     51.5443918
    ]
   }
  },
  {
   "type": "Feature",
   "properties": {
    "id": "sh_540720_184768",
    "type": "spot",
    "value_ft": 33.0,
    "raw": "33·0",
    "confidence": "high",
    "n_readings": 1,
    "readers": [
     "opus-l"
    ],
    "mosaics": [
     "m18_131090_87125"
    ],
    "bng_e": 540720.05,
    "bng_n": 184767.8,
    "spread_m": 0.0,
    "datum": "OD Liverpool",
    "source": "OS 1:1056 London 1891-96 via NLS",
    "disputed": false,
    "views": [
     "opus-l:m18_131090_87125@593,363=33.0(h)"
    ],
    "notes": "Whyteville Road; dot right of figures, before the W of WHYTEVILLE (no interpuncts in the name); 7x"
   },
   "geometry": {
    "type": "Point",
    "coordinates": [
     0.027903,
     51.5442683
    ]
   }
  },
  {
   "type": "Feature",
   "properties": {
    "id": "sh_537664_184765",
    "type": "spot",
    "value_ft": 15.0,
    "raw": "15·0",
    "confidence": "high",
    "n_readings": 5,
    "readers": [
     "opus-c",
     "opus-d",
     "opus-f"
    ],
    "mosaics": [
     "m18_131057_87122",
     "m18_131057_87125",
     "m18_131060_87122",
     "m18_131060_87125"
    ],
    "bng_e": 537664.46,
    "bng_n": 184764.87,
    "spread_m": 0.3,
    "datum": "OD Liverpool",
    "source": "OS 1:1056 London 1891-96 via NLS",
    "disputed": false,
    "views": [
     "opus-f:m18_131057_87122@832,913=15.0(h)",
     "opus-d:m18_131057_87125@832,145=15.0(h)",
     "opus-f:m18_131057_87125@832,146=15.0(h)",
     "opus-d:m18_131060_87122@64,913=15.0(h)",
     "opus-c:m18_131060_87125@64,145=15.0(h)"
    ],
    "notes": "west bank of Waterworks River; dot left of figures, 8x"
   },
   "geometry": {
    "type": "Point",
    "coordinates": [
     -0.0161335,
     51.5449949
    ]
   }
  },
  {
   "type": "Feature",
   "properties": {
    "id": "sh_540661_184763",
    "type": "spot",
    "value_ft": 32.8,
    "raw": "32·8",
    "confidence": "high",
    "n_readings": 1,
    "readers": [
     "opus-l"
    ],
    "mosaics": [
     "m18_131090_87125"
    ],
    "bng_e": 540661.0,
    "bng_n": 184762.83,
    "spread_m": 0.0,
    "datum": "OD Liverpool",
    "source": "OS 1:1056 London 1891-96 via NLS",
    "disputed": false,
    "views": [
     "opus-l:m18_131090_87125@434,372=32.8(h)"
    ],
    "notes": "Whyteville Road west end; dot right of figures; last digit a clear 8 at 30x"
   },
   "geometry": {
    "type": "Point",
    "coordinates": [
     0.0270501,
     51.5442383
    ]
   }
  },
  {
   "type": "Feature",
   "properties": {
    "id": "sh_537587_184761",
    "type": "bench_mark",
    "value_ft": 14.65,
    "raw": "B.M.14·65",
    "confidence": "high",
    "n_readings": 3,
    "readers": [
     "opus-d",
     "opus-f"
    ],
    "mosaics": [
     "m18_131057_87122",
     "m18_131057_87125"
    ],
    "bng_e": 537587.0,
    "bng_n": 184761.36,
    "spread_m": 0.25,
    "datum": "OD Liverpool",
    "source": "OS 1:1056 London 1891-96 via NLS",
    "disputed": false,
    "views": [
     "opus-d:m18_131057_87125@623,149=14.65(h)",
     "opus-f:m18_131057_87122@624,917=14.65(m)",
     "opus-f:m18_131057_87125@624,149=14.65(m)"
    ],
    "notes": "end of the track by the boundary stone (B.S.) on the Union & Parly. Boro. Bdy; pheon (arrow) right of text at 8x"
   },
   "geometry": {
    "type": "Point",
    "coordinates": [
     -0.0172511,
     51.5449823
    ]
   }
  },
  {
   "type": "Feature",
   "properties": {
    "id": "sh_540712_184760",
    "type": "bench_mark",
    "value_ft": 34.97,
    "raw": "B.M.34·97",
    "confidence": "high",
    "n_readings": 1,
    "readers": [
     "opus-l"
    ],
    "mosaics": [
     "m18_131090_87125"
    ],
    "bng_e": 540712.44,
    "bng_n": 184760.17,
    "spread_m": 0.0,
    "datum": "OD Liverpool",
    "source": "OS 1:1056 London 1891-96 via NLS",
    "disputed": false,
    "views": [
     "opus-l:m18_131090_87125@572,383=34.97(h)"
    ],
    "notes": "house front, south side of Whyteville Road; pheon at 572,383 right of text; 7x"
   },
   "geometry": {
    "type": "Point",
    "coordinates": [
     0.0277904,
     51.5442016
    ]
   }
  },
  {
   "type": "Feature",
   "properties": {
    "id": "sh_540596_184760",
    "type": "spot",
    "value_ft": 32.0,
    "raw": "32·0",
    "confidence": "high",
    "n_readings": 1,
    "readers": [
     "opus-l"
    ],
    "mosaics": [
     "m18_131090_87125"
    ],
    "bng_e": 540595.57,
    "bng_n": 184759.9,
    "spread_m": 0.0,
    "datum": "OD Liverpool",
    "source": "OS 1:1056 London 1891-96 via NLS",
    "disputed": false,
    "views": [
     "opus-l:m18_131090_87125@258,375=32.0(h)"
    ],
    "notes": "Upton Lane at the Glenparke/Whyteville Road junction; dot left of figures; 8x"
   },
   "geometry": {
    "type": "Point",
    "coordinates": [
     0.026106,
     51.5442283
    ]
   }
  },
  {
   "type": "Feature",
   "properties": {
    "id": "sh_541018_184758",
    "type": "spot",
    "value_ft": 30.4,
    "raw": "30·4",
    "confidence": "medium",
    "n_readings": 1,
    "readers": [
     "opus-m"
    ],
    "mosaics": [
     "m18_131093_87125"
    ],
    "bng_e": 541017.74,
    "bng_n": 184758.24,
    "spread_m": 0.0,
    "datum": "OD Liverpool",
    "source": "OS 1:1056 London 1891-96 via NLS",
    "disputed": false,
    "views": [
     "opus-m:m18_131093_87125@624,411=30.4(m)"
    ],
    "notes": "Gipsy Lane, by the P of the lane name; dot right of figure between figure and P, in the boundary-dot line"
   },
   "geometry": {
    "type": "Point",
    "coordinates": [
     0.0321892,
     51.5441082
    ]
   }
  },
  {
   "type": "Feature",
   "properties": {
    "id": "sh_541115_184757",
    "type": "spot",
    "value_ft": 31.4,
    "raw": "31·4",
    "confidence": "high",
    "n_readings": 2,
    "readers": [
     "opus-m",
     "opus-n"
    ],
    "mosaics": [
     "m18_131093_87125",
     "m18_131096_87125"
    ],
    "bng_e": 541115.47,
    "bng_n": 184757.43,
    "spread_m": 0.26,
    "datum": "OD Liverpool",
    "source": "OS 1:1056 London 1891-96 via NLS",
    "disputed": false,
    "views": [
     "opus-m:m18_131093_87125@886,420=31.4(h)",
     "opus-n:m18_131096_87125@119,421=31.4(h)"
    ],
    "notes": "road east of Gipsy Lane (Chesterton-type terrace street); dot right of figure; 8x"
   },
   "geometry": {
    "type": "Point",
    "coordinates": [
     0.0335974,
     51.5440765
    ]
   }
  },
  {
   "type": "Feature",
   "properties": {
    "id": "sh_540528_184754",
    "type": "spot",
    "value_ft": 33.1,
    "raw": "33·1",
    "confidence": "medium",
    "n_readings": 2,
    "readers": [
     "opus-l",
     "opus-n"
    ],
    "mosaics": [
     "m18_131087_87125",
     "m18_131090_87125"
    ],
    "bng_e": 540528.17,
    "bng_n": 184753.95,
    "spread_m": 0.93,
    "datum": "OD Liverpool",
    "source": "OS 1:1056 London 1891-96 via NLS",
    "disputed": false,
    "views": [
     "opus-n:m18_131087_87125@842,386=33.1(m)",
     "opus-l:m18_131090_87125@79,386=33.1(l)"
    ],
    "notes": "Chaucer Road, figure between O and A of ROAD; dot after figure between the letters; 12x"
   },
   "geometry": {
    "type": "Point",
    "coordinates": [
     0.0251323,
     51.5441916
    ]
   }
  },
  {
   "type": "Feature",
   "properties": {
    "id": "sh_541324_184753",
    "type": "spot",
    "value_ft": 32.9,
    "raw": "32·9",
    "confidence": "medium",
    "n_readings": 1,
    "readers": [
     "opus-n"
    ],
    "mosaics": [
     "m18_131096_87125"
    ],
    "bng_e": 541323.86,
    "bng_n": 184753.39,
    "spread_m": 0.0,
    "datum": "OD Liverpool",
    "source": "OS 1:1056 London 1891-96 via NLS",
    "disputed": false,
    "views": [
     "opus-n:m18_131096_87125@678,447=32.9(m)"
    ],
    "notes": "Monega Road at the cross road; figure between N and E of M O N E G A with dots on both sides; nearer dot after N taken"
   },
   "geometry": {
    "type": "Point",
    "coordinates": [
     0.0365988,
     51.5439881
    ]
   }
  },
  {
   "type": "Feature",
   "properties": {
    "id": "sh_540460_184748",
    "type": "spot",
    "value_ft": 33.2,
    "raw": "33·2",
    "confidence": "medium",
    "n_readings": 1,
    "readers": [
     "opus-n"
    ],
    "mosaics": [
     "m18_131087_87125"
    ],
    "bng_e": 540459.67,
    "bng_n": 184747.6,
    "spread_m": 0.0,
    "datum": "OD Liverpool",
    "source": "OS 1:1056 London 1891-96 via NLS",
    "disputed": false,
    "views": [
     "opus-n:m18_131087_87125@660,398=33.2(m)"
    ],
    "notes": "Chaucer Road, figure between U and C of CHAUCER; dot above first digit, between letters; digits clear at 12x"
   },
   "geometry": {
    "type": "Point",
    "coordinates": [
     0.0241426,
     51.5441516
    ]
   }
  },
  {
   "type": "Feature",
   "properties": {
    "id": "sh_537906_184747",
    "type": "spot",
    "value_ft": 15.7,
    "raw": "15·7",
    "confidence": "high",
    "n_readings": 2,
    "readers": [
     "opus-c",
     "opus-d"
    ],
    "mosaics": [
     "m18_131060_87122",
     "m18_131060_87125"
    ],
    "bng_e": 537905.78,
    "bng_n": 184746.62,
    "spread_m": 0.0,
    "datum": "OD Liverpool",
    "source": "OS 1:1056 London 1891-96 via NLS",
    "disputed": false,
    "views": [
     "opus-c:m18_131060_87125@711,212=15.7(h)",
     "opus-d:m18_131060_87122@711,980=15.7(m)"
    ],
    "notes": "G.E.R. High Meads Loop; digits clear at 6-8x; figures written outside the embankment hatching with the survey dot on the rails (the standard railway pattern, also seen on m18_131063_87122); position = that dot"
   },
   "geometry": {
    "type": "Point",
    "coordinates": [
     -0.0126627,
     51.5447721
    ]
   }
  },
  {
   "type": "Feature",
   "properties": {
    "id": "sh_540378_184739",
    "type": "spot",
    "value_ft": 34.1,
    "raw": "34·1",
    "confidence": "high",
    "n_readings": 1,
    "readers": [
     "opus-n"
    ],
    "mosaics": [
     "m18_131087_87125"
    ],
    "bng_e": 540378.38,
    "bng_n": 184739.04,
    "spread_m": 0.0,
    "datum": "OD Liverpool",
    "source": "OS 1:1056 London 1891-96 via NLS",
    "disputed": false,
    "views": [
     "opus-n:m18_131087_87125@441,415=34.1(h)"
    ],
    "notes": "Wyatt Road / Chaucer Road corner; dot above figure; 8x"
   },
   "geometry": {
    "type": "Point",
    "coordinates": [
     0.0229678,
     51.5440948
    ]
   }
  },
  {
   "type": "Feature",
   "properties": {
    "id": "sh_540387_184736",
    "type": "bench_mark",
    "value_ft": 35.27,
    "raw": "B.M.35·27",
    "confidence": "high",
    "n_readings": 1,
    "readers": [
     "opus-n"
    ],
    "mosaics": [
     "m18_131087_87125"
    ],
    "bng_e": 540386.67,
    "bng_n": 184735.55,
    "spread_m": 0.0,
    "datum": "OD Liverpool",
    "source": "OS 1:1056 London 1891-96 via NLS",
    "disputed": false,
    "views": [
     "opus-n:m18_131087_87125@463,425=35.27(h)"
    ],
    "notes": "corner house Wyatt Road / Chaucer Road; pheon below the text on the building corner; 5 has flat top bar at 14x"
   },
   "geometry": {
    "type": "Point",
    "coordinates": [
     0.0230858,
     51.5440615
    ]
   }
  },
  {
   "type": "Feature",
   "properties": {
    "id": "sh_539104_184736",
    "type": "bench_mark",
    "value_ft": 30.87,
    "raw": "B.M.30·87",
    "confidence": "high",
    "n_readings": 1,
    "readers": [
     "opus-h"
    ],
    "mosaics": [
     "m18_131072_87125"
    ],
    "bng_e": 539103.56,
    "bng_n": 184735.5,
    "spread_m": 0.0,
    "datum": "OD Liverpool",
    "source": "OS 1:1056 London 1891-96 via NLS",
    "disputed": false,
    "views": [
     "opus-h:m18_131072_87125@856,330=30.87(h)"
    ],
    "notes": "The Grove east frontage, Sunday School corner; pheon above-right of text; clear at 6x"
   },
   "geometry": {
    "type": "Point",
    "coordinates": [
     0.0045946,
     51.5443784
    ]
   }
  },
  {
   "type": "Feature",
   "properties": {
    "id": "sh_541051_184730",
    "type": "bench_mark",
    "value_ft": 33.55,
    "raw": "B.M.33·55",
    "confidence": "high",
    "n_readings": 1,
    "readers": [
     "opus-m"
    ],
    "mosaics": [
     "m18_131093_87125"
    ],
    "bng_e": 541050.91,
    "bng_n": 184729.84,
    "spread_m": 0.0,
    "datum": "OD Liverpool",
    "source": "OS 1:1056 London 1891-96 via NLS",
    "disputed": false,
    "views": [
     "opus-m:m18_131093_87125@711,490=33.55(h)"
    ],
    "notes": "pheon on house wall just below text at Gipsy Lane; 5s flat-topped at 14x"
   },
   "geometry": {
    "type": "Point",
    "coordinates": [
     0.0326559,
     51.5438446
    ]
   }
  },
  {
   "type": "Feature",
   "properties": {
    "id": "sh_541690_184729",
    "type": "spot",
    "value_ft": 32.4,
    "raw": "32·4",
    "confidence": "high",
    "n_readings": 1,
    "readers": [
     "opus-r"
    ],
    "mosaics": [
     "m18_131099_87125"
    ],
    "bng_e": 541690.09,
    "bng_n": 184728.7,
    "spread_m": 0.0,
    "datum": "OD Liverpool",
    "source": "OS 1:1056 London 1891-96 via NLS",
    "disputed": false,
    "views": [
     "opus-r:m18_131099_87125@892,541=32.4(h)"
    ],
    "notes": "Shrewsbury Road at S H of lettering; dot left of figure; 8x"
   },
   "geometry": {
    "type": "Point",
    "coordinates": [
     0.0418666,
     51.5436745
    ]
   }
  },
  {
   "type": "Feature",
   "properties": {
    "id": "sh_537573_184727",
    "type": "spot",
    "value_ft": 14.0,
    "raw": "14·0",
    "confidence": "high",
    "n_readings": 3,
    "readers": [
     "opus-d",
     "opus-f"
    ],
    "mosaics": [
     "m18_131057_87122",
     "m18_131057_87125"
    ],
    "bng_e": 537572.79,
    "bng_n": 184727.32,
    "spread_m": 0.25,
    "datum": "OD Liverpool",
    "source": "OS 1:1056 London 1891-96 via NLS",
    "disputed": false,
    "views": [
     "opus-f:m18_131057_87122@583,1007=14.0(h)",
     "opus-d:m18_131057_87125@583,240=14.0(h)",
     "opus-f:m18_131057_87125@583,240=14.0(h)"
    ],
    "notes": "open ground near south edge; dot left of figures, figures wholly inside, 8x"
   },
   "geometry": {
    "type": "Point",
    "coordinates": [
     -0.0174692,
     51.5446798
    ]
   }
  },
  {
   "type": "Feature",
   "properties": {
    "id": "sh_538792_184727",
    "type": "spot",
    "value_ft": 36.2,
    "raw": "36·2",
    "confidence": "high",
    "n_readings": 3,
    "readers": [
     "opus-e",
     "opus-g",
     "opus-h"
    ],
    "mosaics": [
     "m18_131069_87125",
     "m18_131072_87125"
    ],
    "bng_e": 538791.73,
    "bng_n": 184727.09,
    "spread_m": 0.51,
    "datum": "OD Liverpool",
    "source": "OS 1:1056 London 1891-96 via NLS",
    "disputed": false,
    "views": [
     "opus-e:m18_131069_87125@786,329=36.2(h)",
     "opus-g:m18_131069_87125@786,331=36.2(h)",
     "opus-h:m18_131072_87125@17,329=36.2(h)"
    ],
    "notes": "Angel Lane on the bridge approach; dot above the figures, 10x"
   },
   "geometry": {
    "type": "Point",
    "coordinates": [
     9.75e-05,
     51.5443795
    ]
   }
  },
  {
   "type": "Feature",
   "properties": {
    "id": "sh_541022_184727",
    "type": "spot",
    "value_ft": 30.6,
    "raw": "30·6",
    "confidence": "medium",
    "n_readings": 1,
    "readers": [
     "opus-m"
    ],
    "mosaics": [
     "m18_131093_87125"
    ],
    "bng_e": 541022.33,
    "bng_n": 184726.81,
    "spread_m": 0.0,
    "datum": "OD Liverpool",
    "source": "OS 1:1056 London 1891-96 via NLS",
    "disputed": false,
    "views": [
     "opus-m:m18_131093_87125@634,496=30.6(m)"
    ],
    "notes": "Gipsy Lane by the S of the lane name; no distinct survey dot (boundary dots); position = centre of figures; 6 at 14x"
   },
   "geometry": {
    "type": "Point",
    "coordinates": [
     0.0322428,
     51.5438246
    ]
   }
  },
  {
   "type": "Feature",
   "properties": {
    "id": "sh_540299_184721",
    "type": "spot",
    "value_ft": 33.5,
    "raw": "33·5",
    "confidence": "medium",
    "n_readings": 2,
    "readers": [
     "opus-n",
     "opus-q"
    ],
    "mosaics": [
     "m18_131084_87125",
     "m18_131087_87125"
    ],
    "bng_e": 540299.39,
    "bng_n": 184721.44,
    "spread_m": 0.26,
    "datum": "OD Liverpool",
    "source": "OS 1:1056 London 1891-96 via NLS",
    "disputed": false,
    "views": [
     "opus-q:m18_131084_87125@995,456=33.5(m)",
     "opus-n:m18_131087_87125@228,457=33.5(m)"
    ],
    "notes": "Disraeli Road at Knox Road junction, R·O of ROAD; digits clear at 8x; dot right of figure, may be interpunct"
   },
   "geometry": {
    "type": "Point",
    "coordinates": [
     0.0218225,
     51.5439564
    ]
   }
  },
  {
   "type": "Feature",
   "properties": {
    "id": "sh_539102_184718",
    "type": "spot",
    "value_ft": 29.7,
    "raw": "29·7",
    "confidence": "medium",
    "n_readings": 1,
    "readers": [
     "opus-h"
    ],
    "mosaics": [
     "m18_131072_87125"
    ],
    "bng_e": 539101.8,
    "bng_n": 184718.0,
    "spread_m": 0.0,
    "datum": "OD Liverpool",
    "source": "OS 1:1056 London 1891-96 via NLS",
    "disputed": false,
    "views": [
     "opus-h:m18_131072_87125@850,377=29.7(m)"
    ],
    "notes": "The Grove by the Wesleyan Methodist Chapel; digits clear at 12x; the dot to its SE belongs to the F.P., no survey dot found, position = centre of figures"
   },
   "geometry": {
    "type": "Point",
    "coordinates": [
     0.0045625,
     51.5442216
    ]
   }
  },
  {
   "type": "Feature",
   "properties": {
    "id": "sh_540245_184717",
    "type": "spot",
    "value_ft": 34.2,
    "raw": "34·2",
    "confidence": "medium",
    "n_readings": 2,
    "readers": [
     "opus-n",
     "opus-q"
    ],
    "mosaics": [
     "m18_131084_87125",
     "m18_131087_87125"
    ],
    "bng_e": 540244.98,
    "bng_n": 184717.16,
    "spread_m": 0.37,
    "datum": "OD Liverpool",
    "source": "OS 1:1056 London 1891-96 via NLS",
    "disputed": false,
    "views": [
     "opus-q:m18_131084_87125@849,463=34.2(m)",
     "opus-n:m18_131087_87125@81,465=34.2(m)"
    ],
    "notes": "KNOX ROAD between R and O; digits clear at 8x; dot directly above figure, may be an interpunct"
   },
   "geometry": {
    "type": "Point",
    "coordinates": [
     0.0210366,
     51.5439314
    ]
   }
  },
  {
   "type": "Feature",
   "properties": {
    "id": "sh_537246_184715",
    "type": "spot",
    "value_ft": 21.7,
    "raw": "21·7",
    "confidence": "medium",
    "n_readings": 3,
    "readers": [
     "opus-g",
     "opus-h",
     "opus-k"
    ],
    "mosaics": [
     "m18_131054_87122",
     "m18_131054_87125"
    ],
    "bng_e": 537245.68,
    "bng_n": 184715.24,
    "spread_m": 1.25,
    "datum": "OD Liverpool",
    "source": "OS 1:1056 London 1891-96 via NLS",
    "disputed": false,
    "views": [
     "opus-h:m18_131054_87122@468,1016=21.7(m)",
     "opus-g:m18_131054_87125@472,248=21.7(m)",
     "opus-k:m18_131054_87125@474,249=21.7(m)"
    ],
    "notes": "Hackney Cut east towing path by the south edge; digits clear at 12x and whole (lowest pixel ~1021); no dot inside the mosaic, position = centre of figures"
   },
   "geometry": {
    "type": "Point",
    "coordinates": [
     -0.0221881,
     51.5446509
    ]
   }
  },
  {
   "type": "Feature",
   "properties": {
    "id": "sh_540191_184711",
    "type": "spot",
    "value_ft": 35.0,
    "raw": "35·0",
    "confidence": "medium",
    "n_readings": 1,
    "readers": [
     "opus-q"
    ],
    "mosaics": [
     "m18_131084_87125"
    ],
    "bng_e": 540191.17,
    "bng_n": 184711.21,
    "spread_m": 0.0,
    "datum": "OD Liverpool",
    "source": "OS 1:1056 London 1891-96 via NLS",
    "disputed": false,
    "views": [
     "opus-q:m18_131084_87125@704,476=35.0(m)"
    ],
    "notes": "junction Margery Park Road / Knox Road, between the K of PARK and K of KNOX; final digit oval 0 at 16x; dot after K taken as survey dot"
   },
   "geometry": {
    "type": "Point",
    "coordinates": [
     0.0202587,
     51.5438913
    ]
   }
  },
  {
   "type": "Feature",
   "properties": {
    "id": "sh_538793_184710",
    "type": "bench_mark",
    "value_ft": 40.27,
    "raw": "B.M.40·27",
    "confidence": "high",
    "n_readings": 3,
    "readers": [
     "opus-e",
     "opus-g",
     "opus-h"
    ],
    "mosaics": [
     "m18_131069_87125",
     "m18_131072_87125"
    ],
    "bng_e": 538793.06,
    "bng_n": 184710.41,
    "spread_m": 0.72,
    "datum": "OD Liverpool",
    "source": "OS 1:1056 London 1891-96 via NLS",
    "disputed": false,
    "views": [
     "opus-e:m18_131069_87125@787,376=40.27(h)",
     "opus-g:m18_131069_87125@788,375=40.27(h)",
     "opus-h:m18_131072_87125@21,373=40.27(h)"
    ],
    "notes": "Angel Lane Bridge parapet; pheon 20 px below the text at the curved wall corner, 10x"
   },
   "geometry": {
    "type": "Point",
    "coordinates": [
     0.00011,
     51.5442294
    ]
   }
  },
  {
   "type": "Feature",
   "properties": {
    "id": "sh_538586_184707",
    "type": "spot",
    "value_ft": 21.4,
    "raw": "21·4",
    "confidence": "high",
    "n_readings": 3,
    "readers": [
     "opus-c",
     "opus-e",
     "opus-g"
    ],
    "mosaics": [
     "m18_131066_87125",
     "m18_131069_87125"
    ],
    "bng_e": 538585.56,
    "bng_n": 184707.34,
    "spread_m": 2.33,
    "datum": "OD Liverpool",
    "source": "OS 1:1056 London 1891-96 via NLS",
    "disputed": false,
    "views": [
     "opus-e:m18_131069_87125@233,362=21.4(h)",
     "opus-c:m18_131066_87125@996,370=21.4(m)",
     "opus-g:m18_131069_87125@230,371=21.4(m)"
    ],
    "notes": "by the turntable west of the works building; dot above-right of the figures, 10x"
   },
   "geometry": {
    "type": "Point",
    "coordinates": [
     -0.0028816,
     51.5442528
    ]
   }
  },
  {
   "type": "Feature",
   "properties": {
    "id": "sh_540596_184705",
    "type": "spot",
    "value_ft": 33.2,
    "raw": "33·2",
    "confidence": "high",
    "n_readings": 1,
    "readers": [
     "opus-l"
    ],
    "mosaics": [
     "m18_131090_87125"
    ],
    "bng_e": 540596.35,
    "bng_n": 184704.6,
    "spread_m": 0.0,
    "datum": "OD Liverpool",
    "source": "OS 1:1056 London 1891-96 via NLS",
    "disputed": false,
    "views": [
     "opus-l:m18_131090_87125@256,524=33.2(h)"
    ],
    "notes": "Upton Lane by the Steam Laundry; dot left of figures; 8x"
   },
   "geometry": {
    "type": "Point",
    "coordinates": [
     0.0260952,
     51.5437312
    ]
   }
  },
  {
   "type": "Feature",
   "properties": {
    "id": "sh_540120_184704",
    "type": "spot",
    "value_ft": 34.1,
    "raw": "34·1",
    "confidence": "medium",
    "n_readings": 1,
    "readers": [
     "opus-q"
    ],
    "mosaics": [
     "m18_131084_87125"
    ],
    "bng_e": 540120.28,
    "bng_n": 184703.69,
    "spread_m": 0.0,
    "datum": "OD Liverpool",
    "source": "OS 1:1056 London 1891-96 via NLS",
    "disputed": false,
    "views": [
     "opus-q:m18_131084_87125@513,491=34.1(m)"
    ],
    "notes": "KNOX ROAD; digits clear at 8x; dot right after the X of KNOX"
   },
   "geometry": {
    "type": "Point",
    "coordinates": [
     0.0192341,
     51.5438413
    ]
   }
  },
  {
   "type": "Feature",
   "properties": {
    "id": "sh_541311_184703",
    "type": "bench_mark",
    "value_ft": 34.63,
    "raw": "B.M.34·63",
    "confidence": "high",
    "n_readings": 1,
    "readers": [
     "opus-n"
    ],
    "mosaics": [
     "m18_131096_87125"
    ],
    "bng_e": 541311.49,
    "bng_n": 184702.93,
    "spread_m": 0.0,
    "datum": "OD Liverpool",
    "source": "OS 1:1056 London 1891-96 via NLS",
    "disputed": false,
    "views": [
     "opus-n:m18_131096_87125@641,582=34.63(h)"
    ],
    "notes": "corner house of Monega Road / Red Post Lane; pheon left of text on the building; digits clear at 8x"
   },
   "geometry": {
    "type": "Point",
    "coordinates": [
     0.0364003,
     51.5435377
    ]
   }
  },
  {
   "type": "Feature",
   "properties": {
    "id": "sh_538589_184696",
    "type": "bench_mark",
    "value_ft": 22.93,
    "raw": "B.M.22·93",
    "confidence": "high",
    "n_readings": 2,
    "readers": [
     "opus-e",
     "opus-g"
    ],
    "mosaics": [
     "m18_131069_87125"
    ],
    "bng_e": 538589.08,
    "bng_n": 184696.36,
    "spread_m": 1.13,
    "datum": "OD Liverpool",
    "source": "OS 1:1056 London 1891-96 via NLS",
    "disputed": false,
    "views": [
     "opus-e:m18_131069_87125@236,398=22.93(h)",
     "opus-g:m18_131069_87125@242,397=22.93(h)"
    ],
    "notes": "wall of the works building; pheon (arrow) 10 px left of the text, 6x"
   },
   "geometry": {
    "type": "Point",
    "coordinates": [
     -0.0028351,
     51.5441532
    ]
   }
  },
  {
   "type": "Feature",
   "properties": {
    "id": "sh_537243_184696",
    "type": "bench_mark",
    "value_ft": 21.25,
    "raw": "B.M.21·25",
    "confidence": "medium",
    "n_readings": 2,
    "readers": [
     "opus-g",
     "opus-k"
    ],
    "mosaics": [
     "m18_131054_87125"
    ],
    "bng_e": 537242.55,
    "bng_n": 184695.61,
    "spread_m": 0.42,
    "datum": "OD Liverpool",
    "source": "OS 1:1056 London 1891-96 via NLS",
    "disputed": false,
    "views": [
     "opus-g:m18_131054_87125@462,302=21.25(m)",
     "opus-k:m18_131054_87125@461,300=21.25(m)"
    ],
    "notes": "text over a building east of the towing path; pheon inferred at the canal wall about 30 px west, just before the P of 'Path' (9x); digits clear"
   },
   "geometry": {
    "type": "Point",
    "coordinates": [
     -0.0222409,
     51.5444752
    ]
   }
  },
  {
   "type": "Feature",
   "properties": {
    "id": "sh_540053_184695",
    "type": "spot",
    "value_ft": 34.1,
    "raw": "34·1",
    "confidence": "high",
    "n_readings": 1,
    "readers": [
     "opus-q"
    ],
    "mosaics": [
     "m18_131084_87125"
    ],
    "bng_e": 540052.76,
    "bng_n": 184695.14,
    "spread_m": 0.0,
    "datum": "OD Liverpool",
    "source": "OS 1:1056 London 1891-96 via NLS",
    "disputed": false,
    "views": [
     "opus-q:m18_131084_87125@331,509=34.1(h)"
    ],
    "notes": "open ground west of Knox Road block; digits clear at 8x; isolated dot above-left of figure"
   },
   "geometry": {
    "type": "Point",
    "coordinates": [
     0.0182578,
     51.5437812
    ]
   }
  },
  {
   "type": "Feature",
   "properties": {
    "id": "sh_540090_184694",
    "type": "bench_mark",
    "value_ft": 35.28,
    "raw": "B.M.35·28",
    "confidence": "high",
    "n_readings": 1,
    "readers": [
     "opus-q"
    ],
    "mosaics": [
     "m18_131084_87125"
    ],
    "bng_e": 540090.38,
    "bng_n": 184694.32,
    "spread_m": 0.0,
    "datum": "OD Liverpool",
    "source": "OS 1:1056 London 1891-96 via NLS",
    "disputed": false,
    "views": [
     "opus-q:m18_131084_87125@432,514=35.28(h)"
    ],
    "notes": "corner of Knox Road terrace; text 380-414,516; pheon right of text at building corner; final digit closed 8 at 8x and 16x (read 9 at 2x)"
   },
   "geometry": {
    "type": "Point",
    "coordinates": [
     0.0187996,
     51.5437646
    ]
   }
  },
  {
   "type": "Feature",
   "properties": {
    "id": "sh_538801_184694",
    "type": "spot",
    "value_ft": 38.7,
    "raw": "38·7",
    "confidence": "high",
    "n_readings": 3,
    "readers": [
     "opus-e",
     "opus-g",
     "opus-h"
    ],
    "mosaics": [
     "m18_131069_87125",
     "m18_131072_87125"
    ],
    "bng_e": 538800.7,
    "bng_n": 184694.16,
    "spread_m": 0.75,
    "datum": "OD Liverpool",
    "source": "OS 1:1056 London 1891-96 via NLS",
    "disputed": false,
    "views": [
     "opus-e:m18_131069_87125@807,421=38.7(h)",
     "opus-g:m18_131069_87125@807,418=38.7(h)",
     "opus-h:m18_131072_87125@40,418=38.7(h)"
    ],
    "notes": "Angel Lane Bridge roadway; dot above the figures, 10x confirms 38"
   },
   "geometry": {
    "type": "Point",
    "coordinates": [
     0.0002137,
     51.5440815
    ]
   }
  },
  {
   "type": "Feature",
   "properties": {
    "id": "sh_540183_184694",
    "type": "bench_mark",
    "value_ft": 35.96,
    "raw": "B.M.35·96",
    "confidence": "medium",
    "n_readings": 1,
    "readers": [
     "opus-q"
    ],
    "mosaics": [
     "m18_131084_87125"
    ],
    "bng_e": 540183.08,
    "bng_n": 184693.91,
    "spread_m": 0.0,
    "datum": "OD Liverpool",
    "source": "OS 1:1056 London 1891-96 via NLS",
    "disputed": false,
    "views": [
     "opus-q:m18_131084_87125@681,522=35.96(m)"
    ],
    "notes": "SE corner Knox Road / Margery Park Road; text 659-679,502-509; pheon apex 681,522 clear; final digit read 6 at 8x and 16x with slight 6/8 doubt"
   },
   "geometry": {
    "type": "Point",
    "coordinates": [
     0.0201354,
     51.5437379
    ]
   }
  },
  {
   "type": "Feature",
   "properties": {
    "id": "sh_537144_184692",
    "type": "spot",
    "value_ft": 17.4,
    "raw": "17·4",
    "confidence": "medium",
    "n_readings": 2,
    "readers": [
     "opus-g",
     "opus-k"
    ],
    "mosaics": [
     "m18_131054_87125"
    ],
    "bng_e": 537144.38,
    "bng_n": 184691.84,
    "spread_m": 2.89,
    "datum": "OD Liverpool",
    "source": "OS 1:1056 London 1891-96 via NLS",
    "disputed": false,
    "views": [
     "opus-g:m18_131054_87125@190,302=17.4(m)",
     "opus-k:m18_131054_87125@205,306=17.4(m)"
    ],
    "notes": "Wallis Road; dot is the interpunct between R and O of R O A D above-left of figures; 7x"
   },
   "geometry": {
    "type": "Point",
    "coordinates": [
     -0.0236571,
     51.5444652
    ]
   }
  },
  {
   "type": "Feature",
   "properties": {
    "id": "sh_537676_184686",
    "type": "spot",
    "value_ft": 14.8,
    "raw": "14·8",
    "confidence": "high",
    "n_readings": 3,
    "readers": [
     "opus-c",
     "opus-d",
     "opus-f"
    ],
    "mosaics": [
     "m18_131057_87125",
     "m18_131060_87125"
    ],
    "bng_e": 537675.53,
    "bng_n": 184686.04,
    "spread_m": 0.49,
    "datum": "OD Liverpool",
    "source": "OS 1:1056 London 1891-96 via NLS",
    "disputed": false,
    "views": [
     "opus-d:m18_131057_87125@856,359=14.8(h)",
     "opus-f:m18_131057_87125@856,359=14.8(h)",
     "opus-c:m18_131060_87125@88,357=14.8(h)"
    ],
    "notes": "bank by the Waterworks River, east of the county boundary; dot below-left of figures at 6x"
   },
   "geometry": {
    "type": "Point",
    "coordinates": [
     -0.0160047,
     51.5442839
    ]
   }
  },
  {
   "type": "Feature",
   "properties": {
    "id": "sh_538744_184686",
    "type": "spot",
    "value_ft": 30.0,
    "raw": "30·0",
    "confidence": "high",
    "n_readings": 2,
    "readers": [
     "opus-e",
     "opus-g"
    ],
    "mosaics": [
     "m18_131069_87125"
    ],
    "bng_e": 538743.85,
    "bng_n": 184685.93,
    "spread_m": 0.37,
    "datum": "OD Liverpool",
    "source": "OS 1:1056 London 1891-96 via NLS",
    "disputed": false,
    "views": [
     "opus-e:m18_131069_87125@654,436=30.0(h)",
     "opus-g:m18_131069_87125@654,438=30.0(h)"
    ],
    "notes": "approach ramp on the Angel Lane Bridge embankment above the railway; dot above-left, 6x"
   },
   "geometry": {
    "type": "Point",
    "coordinates": [
     -0.0006088,
     51.5440214
    ]
   }
  },
  {
   "type": "Feature",
   "properties": {
    "id": "sh_539988_184680",
    "type": "spot",
    "value_ft": 34.5,
    "raw": "34·5",
    "confidence": "medium",
    "n_readings": 1,
    "readers": [
     "opus-q"
    ],
    "mosaics": [
     "m18_131084_87125"
    ],
    "bng_e": 539988.05,
    "bng_n": 184679.62,
    "spread_m": 0.0,
    "datum": "OD Liverpool",
    "source": "OS 1:1056 London 1891-96 via NLS",
    "disputed": false,
    "views": [
     "opus-q:m18_131084_87125@156,546=34.5(m)"
    ],
    "notes": "ALICE ROAD east end; dot after the D of ROAD; final digit flat-topped 5 at 10x-16x"
   },
   "geometry": {
    "type": "Point",
    "coordinates": [
     0.017319,
     51.5436578
    ]
   }
  },
  {
   "type": "Feature",
   "properties": {
    "id": "sh_540385_184679",
    "type": "spot",
    "value_ft": 34.2,
    "raw": "34·2",
    "confidence": "high",
    "n_readings": 1,
    "readers": [
     "opus-n"
    ],
    "mosaics": [
     "m18_131087_87125"
    ],
    "bng_e": 540384.87,
    "bng_n": 184679.44,
    "spread_m": 0.0,
    "datum": "OD Liverpool",
    "source": "OS 1:1056 London 1891-96 via NLS",
    "disputed": false,
    "views": [
     "opus-n:m18_131087_87125@454,576=34.2(h)"
    ],
    "notes": "Wyatt Road / Gower Road junction; dot left of figure; 8x"
   },
   "geometry": {
    "type": "Point",
    "coordinates": [
     0.0230375,
     51.5435577
    ]
   }
  },
  {
   "type": "Feature",
   "properties": {
    "id": "sh_537863_184678",
    "type": "spot",
    "value_ft": 16.5,
    "raw": "16·5",
    "confidence": "high",
    "n_readings": 1,
    "readers": [
     "opus-c"
    ],
    "mosaics": [
     "m18_131060_87125"
    ],
    "bng_e": 537863.34,
    "bng_n": 184678.27,
    "spread_m": 0.0,
    "datum": "OD Liverpool",
    "source": "OS 1:1056 London 1891-96 via NLS",
    "disputed": false,
    "views": [
     "opus-c:m18_131060_87125@592,393=16.5(h)"
    ],
    "notes": "G.E.R. High Meads Loop; digits clear at 6-8x; figures written outside the embankment hatching with the survey dot on the rails (the standard railway pattern, also seen on m18_131063_87122); position = that dot"
   },
   "geometry": {
    "type": "Point",
    "coordinates": [
     -0.0133011,
     51.5441682
    ]
   }
  },
  {
   "type": "Feature",
   "properties": {
    "id": "sh_541327_184675",
    "type": "spot",
    "value_ft": 31.8,
    "raw": "31·8",
    "confidence": "high",
    "n_readings": 1,
    "readers": [
     "opus-n"
    ],
    "mosaics": [
     "m18_131096_87125"
    ],
    "bng_e": 541326.78,
    "bng_n": 184675.13,
    "spread_m": 0.0,
    "datum": "OD Liverpool",
    "source": "OS 1:1056 London 1891-96 via NLS",
    "disputed": false,
    "views": [
     "opus-n:m18_131096_87125@680,658=31.8(h)"
    ],
    "notes": "Red Post Lane between R and E; dot directly above figure; final 8 clearly closed at 16x"
   },
   "geometry": {
    "type": "Point",
    "coordinates": [
     0.0366095,
     51.5432841
    ]
   }
  },
  {
   "type": "Feature",
   "properties": {
    "id": "sh_541711_184675",
    "type": "spot",
    "value_ft": 34.2,
    "raw": "34·2",
    "confidence": "high",
    "n_readings": 1,
    "readers": [
     "opus-r"
    ],
    "mosaics": [
     "m18_131099_87125"
    ],
    "bng_e": 541711.33,
    "bng_n": 184674.72,
    "spread_m": 0.0,
    "datum": "OD Liverpool",
    "source": "OS 1:1056 London 1891-96 via NLS",
    "disputed": false,
    "views": [
     "opus-r:m18_131099_87125@945,688=34.2(h)"
    ],
    "notes": "Shrewsbury Road between E and W of lettering (not interpuncted); dot above the 3/4; 8x/12x"
   },
   "geometry": {
    "type": "Point",
    "coordinates": [
     0.0421509,
     51.5431841
    ]
   }
  },
  {
   "type": "Feature",
   "properties": {
    "id": "sh_539957_184673",
    "type": "spot",
    "value_ft": 33.7,
    "raw": "33·7",
    "confidence": "medium",
    "n_readings": 1,
    "readers": [
     "opus-q"
    ],
    "mosaics": [
     "m18_131084_87125"
    ],
    "bng_e": 539956.6,
    "bng_n": 184672.81,
    "spread_m": 0.0,
    "datum": "OD Liverpool",
    "source": "OS 1:1056 London 1891-96 via NLS",
    "disputed": false,
    "views": [
     "opus-q:m18_131084_87125@71,562=33.7(m)"
    ],
    "notes": "ALICE ROAD by 'C·E'; digits clear at 8x; no own dot (C·E interpunct only), position = centre of figures"
   },
   "geometry": {
    "type": "Point",
    "coordinates": [
     0.0168631,
     51.5436044
    ]
   }
  },
  {
   "type": "Feature",
   "properties": {
    "id": "sh_537516_184670",
    "type": "spot",
    "value_ft": 13.3,
    "raw": "13·3",
    "confidence": "high",
    "n_readings": 2,
    "readers": [
     "opus-d",
     "opus-f"
    ],
    "mosaics": [
     "m18_131057_87125"
    ],
    "bng_e": 537516.28,
    "bng_n": 184669.97,
    "spread_m": 0.0,
    "datum": "OD Liverpool",
    "source": "OS 1:1056 London 1891-96 via NLS",
    "disputed": false,
    "views": [
     "opus-d:m18_131057_87125@427,390=13.3(h)",
     "opus-f:m18_131057_87125@427,390=13.3(h)"
    ],
    "notes": "open marsh (Hackney/Old Ford marsh) inside the track bend; dot left of figures at 6x"
   },
   "geometry": {
    "type": "Point",
    "coordinates": [
     -0.0183061,
     51.5441782
    ]
   }
  },
  {
   "type": "Feature",
   "properties": {
    "id": "sh_541037_184653",
    "type": "spot",
    "value_ft": 31.2,
    "raw": "31·2",
    "confidence": "medium",
    "n_readings": 1,
    "readers": [
     "opus-m"
    ],
    "mosaics": [
     "m18_131093_87125"
    ],
    "bng_e": 541037.03,
    "bng_n": 184653.34,
    "spread_m": 0.0,
    "datum": "OD Liverpool",
    "source": "OS 1:1056 London 1891-96 via NLS",
    "disputed": false,
    "views": [
     "opus-m:m18_131093_87125@668,695=31.2(m)"
    ],
    "notes": "Gipsy Lane by 'Co. & Parly. Boro. Bdy.'; small extra dot beside a large boundary dot, left of figure"
   },
   "geometry": {
    "type": "Point",
    "coordinates": [
     0.0324252,
     51.5431607
    ]
   }
  },
  {
   "type": "Feature",
   "properties": {
    "id": "sh_541645_184646",
    "type": "spot",
    "value_ft": 33.7,
    "raw": "33·7",
    "confidence": "high",
    "n_readings": 1,
    "readers": [
     "opus-r"
    ],
    "mosaics": [
     "m18_131099_87125"
    ],
    "bng_e": 541644.76,
    "bng_n": 184645.75,
    "spread_m": 0.0,
    "datum": "OD Liverpool",
    "source": "OS 1:1056 London 1891-96 via NLS",
    "disputed": false,
    "views": [
     "opus-r:m18_131099_87125@764,761=33.7(h)"
    ],
    "notes": "Bristol Road E part N of School; dot right of figure; 8x/12x"
   },
   "geometry": {
    "type": "Point",
    "coordinates": [
     0.04118,
     51.5429405
    ]
   }
  },
  {
   "type": "Feature",
   "properties": {
    "id": "sh_538564_184645",
    "type": "spot",
    "value_ft": 21.3,
    "raw": "21·3",
    "confidence": "medium",
    "n_readings": 3,
    "readers": [
     "opus-c",
     "opus-e",
     "opus-g"
    ],
    "mosaics": [
     "m18_131066_87125",
     "m18_131069_87125"
    ],
    "bng_e": 538563.56,
    "bng_n": 184644.87,
    "spread_m": 0.51,
    "datum": "OD Liverpool",
    "source": "OS 1:1056 London 1891-96 via NLS",
    "disputed": false,
    "views": [
     "opus-c:m18_131066_87125@934,535=21.3(m)",
     "opus-e:m18_131069_87125@166,534=21.3(m)",
     "opus-g:m18_131069_87125@168,534=21.3(m)"
    ],
    "notes": "between rail lines north of the C.R. platform; digits clear at 8x; no dot found, position = centre of figures"
   },
   "geometry": {
    "type": "Point",
    "coordinates": [
     -0.0032231,
     51.5436967
    ]
   }
  },
  {
   "type": "Feature",
   "properties": {
    "id": "sh_540599_184642",
    "type": "spot",
    "value_ft": 33.8,
    "raw": "33·8",
    "confidence": "high",
    "n_readings": 1,
    "readers": [
     "opus-l"
    ],
    "mosaics": [
     "m18_131090_87125"
    ],
    "bng_e": 540599.22,
    "bng_n": 184641.56,
    "spread_m": 0.0,
    "datum": "OD Liverpool",
    "source": "OS 1:1056 London 1891-96 via NLS",
    "disputed": false,
    "views": [
     "opus-l:m18_131090_87125@259,694=33.8(h)"
    ],
    "notes": "Upton Lane at Haslemere Road; dot left of figures; last digit a clear 8 at 30x"
   },
   "geometry": {
    "type": "Point",
    "coordinates": [
     0.0261113,
     51.543164
    ]
   }
  },
  {
   "type": "Feature",
   "properties": {
    "id": "sh_541721_184639",
    "type": "bench_mark",
    "value_ft": 37.34,
    "raw": "B.M.37·34",
    "confidence": "high",
    "n_readings": 3,
    "readers": [
     "opus-p",
     "opus-r"
    ],
    "mosaics": [
     "m18_131099_87125",
     "m18_131099_87128"
    ],
    "bng_e": 541721.15,
    "bng_n": 184638.6,
    "spread_m": 0.25,
    "datum": "OD Liverpool",
    "source": "OS 1:1056 London 1891-96 via NLS",
    "disputed": false,
    "views": [
     "opus-r:m18_131099_87125@969,786=37.34(h)",
     "opus-p:m18_131099_87128@968,18=37.34(h)",
     "opus-r:m18_131099_87128@969,18=37.34(h)"
    ],
    "notes": "School NE wall by Shrewsbury Road; same tiles as 87128, pheon apex zoomed there 12x"
   },
   "geometry": {
    "type": "Point",
    "coordinates": [
     0.0422779,
     51.5428571
    ]
   }
  },
  {
   "type": "Feature",
   "properties": {
    "id": "sh_539069_184637",
    "type": "spot",
    "value_ft": 28.5,
    "raw": "28·5",
    "confidence": "high",
    "n_readings": 1,
    "readers": [
     "opus-h"
    ],
    "mosaics": [
     "m18_131072_87125"
    ],
    "bng_e": 539069.42,
    "bng_n": 184636.55,
    "spread_m": 0.0,
    "datum": "OD Liverpool",
    "source": "OS 1:1056 London 1891-96 via NLS",
    "disputed": false,
    "views": [
     "opus-h:m18_131072_87125@757,594=28.5(h)"
    ],
    "notes": "The Grove/Broadway tramway; dot on a rail left of figures"
   },
   "geometry": {
    "type": "Point",
    "coordinates": [
     0.0040636,
     51.5434977
    ]
   }
  },
  {
   "type": "Feature",
   "properties": {
    "id": "sh_538813_184636",
    "type": "spot",
    "value_ft": 28.5,
    "raw": "28·5",
    "confidence": "high",
    "n_readings": 3,
    "readers": [
     "opus-e",
     "opus-g",
     "opus-h"
    ],
    "mosaics": [
     "m18_131069_87125",
     "m18_131072_87125"
    ],
    "bng_e": 538813.2,
    "bng_n": 184636.34,
    "spread_m": 0.35,
    "datum": "OD Liverpool",
    "source": "OS 1:1056 London 1891-96 via NLS",
    "disputed": false,
    "views": [
     "opus-e:m18_131069_87125@836,575=28.5(h)",
     "opus-h:m18_131072_87125@69,576=28.5(h)",
     "opus-g:m18_131069_87125@837,576=28.5(m)"
    ],
    "notes": "Angel Lane junction with Tenby Road; dot left of figures, 10x"
   },
   "geometry": {
    "type": "Point",
    "coordinates": [
     0.0003711,
     51.5435588
    ]
   }
  },
  {
   "type": "Feature",
   "properties": {
    "id": "sh_537263_184633",
    "type": "spot",
    "value_ft": 21.4,
    "raw": "21·4",
    "confidence": "medium",
    "n_readings": 2,
    "readers": [
     "opus-g",
     "opus-k"
    ],
    "mosaics": [
     "m18_131054_87125"
    ],
    "bng_e": 537262.68,
    "bng_n": 184632.66,
    "spread_m": 0.37,
    "datum": "OD Liverpool",
    "source": "OS 1:1056 London 1891-96 via NLS",
    "disputed": false,
    "views": [
     "opus-g:m18_131054_87125@511,471=21.4(m)",
     "opus-k:m18_131054_87125@511,473=21.4(m)"
    ],
    "notes": "towing path by the footbridge, figures under W.M.; dot taken as the one at the canal wall below-left; C. has its own dot to the right; 7x"
   },
   "geometry": {
    "type": "Point",
    "coordinates": [
     -0.0219753,
     51.5439047
    ]
   }
  },
  {
   "type": "Feature",
   "properties": {
    "id": "sh_538686_184631",
    "type": "spot",
    "value_ft": 25.9,
    "raw": "25·9",
    "confidence": "medium",
    "n_readings": 2,
    "readers": [
     "opus-e",
     "opus-g"
    ],
    "mosaics": [
     "m18_131069_87125"
    ],
    "bng_e": 538685.79,
    "bng_n": 184631.06,
    "spread_m": 1.13,
    "datum": "OD Liverpool",
    "source": "OS 1:1056 London 1891-96 via NLS",
    "disputed": false,
    "views": [
     "opus-e:m18_131069_87125@491,581=25.9(m)",
     "opus-g:m18_131069_87125@497,580=25.9(m)"
    ],
    "notes": "Station Road; the survey dot is the interpunct in the spaced lettering 'O·N' of STATION, just left of the figures; digits clear at 10x"
   },
   "geometry": {
    "type": "Point",
    "coordinates": [
     -0.0014672,
     51.5435427
    ]
   }
  },
  {
   "type": "Feature",
   "properties": {
    "id": "sh_537458_184621",
    "type": "spot",
    "value_ft": 13.0,
    "raw": "13·0",
    "confidence": "high",
    "n_readings": 2,
    "readers": [
     "opus-d",
     "opus-f"
    ],
    "mosaics": [
     "m18_131057_87125"
    ],
    "bng_e": 537458.42,
    "bng_n": 184621.07,
    "spread_m": 0.19,
    "datum": "OD Liverpool",
    "source": "OS 1:1056 London 1891-96 via NLS",
    "disputed": false,
    "views": [
     "opus-d:m18_131057_87125@268,517=13.0(h)",
     "opus-f:m18_131057_87125@268,518=13.0(h)"
    ],
    "notes": "north foot of the G.E.R. embankment; dot left of figures at 6x"
   },
   "geometry": {
    "type": "Point",
    "coordinates": [
     -0.019159,
     51.5437529
    ]
   }
  },
  {
   "type": "Feature",
   "properties": {
    "id": "sh_537414_184620",
    "type": "bench_mark",
    "value_ft": 14.84,
    "raw": "B.M.14·84",
    "confidence": "high",
    "n_readings": 4,
    "readers": [
     "opus-d",
     "opus-f",
     "opus-g",
     "opus-k"
    ],
    "mosaics": [
     "m18_131054_87125",
     "m18_131057_87125"
    ],
    "bng_e": 537413.78,
    "bng_n": 184619.86,
    "spread_m": 0.93,
    "datum": "OD Liverpool",
    "source": "OS 1:1056 London 1891-96 via NLS",
    "disputed": false,
    "views": [
     "opus-g:m18_131054_87125@916,519=14.84(h)",
     "opus-k:m18_131054_87125@916,518=14.84(h)",
     "opus-d:m18_131057_87125@148,515=14.84(h)",
     "opus-f:m18_131057_87125@148,518=14.84(h)"
    ],
    "notes": "on the embankment fence line north of the GER; pheon left of text; 7x"
   },
   "geometry": {
    "type": "Point",
    "coordinates": [
     -0.0198027,
     51.5437529
    ]
   }
  },
  {
   "type": "Feature",
   "properties": {
    "id": "sh_537844_184619",
    "type": "bench_mark",
    "value_ft": 18.3,
    "raw": "B.M.18·30",
    "confidence": "high",
    "n_readings": 1,
    "readers": [
     "opus-c"
    ],
    "mosaics": [
     "m18_131060_87125"
    ],
    "bng_e": 537844.1,
    "bng_n": 184619.46,
    "spread_m": 0.0,
    "datum": "OD Liverpool",
    "source": "OS 1:1056 London 1891-96 via NLS",
    "disputed": false,
    "views": [
     "opus-c:m18_131060_87125@536,550=18.3(h)"
    ],
    "notes": "at the railway bridge/culvert structure where the Lea Curve meets the High Meads Loop; pheon below the text, point at 536,550"
   },
   "geometry": {
    "type": "Point",
    "coordinates": [
     -0.0136015,
     51.5436445
    ]
   }
  },
  {
   "type": "Feature",
   "properties": {
    "id": "sh_537374_184619",
    "type": "spot",
    "value_ft": 13.3,
    "raw": "13·3",
    "confidence": "high",
    "n_readings": 4,
    "readers": [
     "opus-d",
     "opus-f",
     "opus-g",
     "opus-k"
    ],
    "mosaics": [
     "m18_131054_87125",
     "m18_131057_87125"
    ],
    "bng_e": 537373.6,
    "bng_n": 184619.14,
    "spread_m": 0.56,
    "datum": "OD Liverpool",
    "source": "OS 1:1056 London 1891-96 via NLS",
    "disputed": false,
    "views": [
     "opus-g:m18_131054_87125@808,517=13.3(h)",
     "opus-k:m18_131054_87125@808,517=13.3(h)",
     "opus-d:m18_131057_87125@40,515=13.3(h)",
     "opus-f:m18_131057_87125@40,517=13.3(h)"
    ],
    "notes": "marsh at the north foot of the GER Park Branch embankment; dot left of figures; 7x"
   },
   "geometry": {
    "type": "Point",
    "coordinates": [
     -0.0203821,
     51.5437562
    ]
   }
  },
  {
   "type": "Feature",
   "properties": {
    "id": "sh_541581_184618",
    "type": "spot",
    "value_ft": 32.9,
    "raw": "32·9",
    "confidence": "high",
    "n_readings": 3,
    "readers": [
     "opus-p",
     "opus-r"
    ],
    "mosaics": [
     "m18_131099_87125",
     "m18_131099_87128"
    ],
    "bng_e": 541580.63,
    "bng_n": 184618.22,
    "spread_m": 0.55,
    "datum": "OD Liverpool",
    "source": "OS 1:1056 London 1891-96 via NLS",
    "disputed": false,
    "views": [
     "opus-r:m18_131099_87125@589,830=32.9(h)",
     "opus-p:m18_131099_87128@591,63=32.9(h)",
     "opus-r:m18_131099_87128@589,62=32.9(h)"
    ],
    "notes": "Bristol Road in B R I . S T O L; same tiles as 87128, dot above zoomed there 12x"
   },
   "geometry": {
    "type": "Point",
    "coordinates": [
     0.0402448,
     51.5427092
    ]
   }
  },
  {
   "type": "Feature",
   "properties": {
    "id": "sh_540391_184618",
    "type": "spot",
    "value_ft": 34.6,
    "raw": "34·6",
    "confidence": "high",
    "n_readings": 1,
    "readers": [
     "opus-n"
    ],
    "mosaics": [
     "m18_131087_87125"
    ],
    "bng_e": 540391.05,
    "bng_n": 184617.61,
    "spread_m": 0.0,
    "datum": "OD Liverpool",
    "source": "OS 1:1056 London 1891-96 via NLS",
    "disputed": false,
    "views": [
     "opus-n:m18_131087_87125@466,743=34.6(h)"
    ],
    "notes": "Wyatt Road / Dunbar Road junction; dot left of figure; last digit 6 at both 8x and 12x"
   },
   "geometry": {
    "type": "Point",
    "coordinates": [
     0.0231019,
     51.5430006
    ]
   }
  },
  {
   "type": "Feature",
   "properties": {
    "id": "sh_540180_184617",
    "type": "spot",
    "value_ft": 34.8,
    "raw": "34·8",
    "confidence": "medium",
    "n_readings": 1,
    "readers": [
     "opus-q"
    ],
    "mosaics": [
     "m18_131084_87125"
    ],
    "bng_e": 540179.99,
    "bng_n": 184617.34,
    "spread_m": 0.0,
    "datum": "OD Liverpool",
    "source": "OS 1:1056 London 1891-96 via NLS",
    "disputed": false,
    "views": [
     "opus-q:m18_131084_87125@667,728=34.8(m)"
    ],
    "notes": "Margery Park Road at Salisbury Road; final 8 closed at 10x; dot just right of the E of MARGERY (no interpuncts elsewhere in the name)"
   },
   "geometry": {
    "type": "Point",
    "coordinates": [
     0.0200603,
     51.5430506
    ]
   }
  },
  {
   "type": "Feature",
   "properties": {
    "id": "sh_537805_184616",
    "type": "spot",
    "value_ft": 16.8,
    "raw": "16·8",
    "confidence": "high",
    "n_readings": 1,
    "readers": [
     "opus-c"
    ],
    "mosaics": [
     "m18_131060_87125"
    ],
    "bng_e": 537805.48,
    "bng_n": 184615.81,
    "spread_m": 0.0,
    "datum": "OD Liverpool",
    "source": "OS 1:1056 London 1891-96 via NLS",
    "disputed": false,
    "views": [
     "opus-c:m18_131060_87125@432,557=16.8(h)"
    ],
    "notes": "on the G.E.R. line east of Lea Junction; dot upper-left of the figures on the rails"
   },
   "geometry": {
    "type": "Point",
    "coordinates": [
     -0.0141594,
     51.5436211
    ]
   }
  },
  {
   "type": "Feature",
   "properties": {
    "id": "sh_541353_184609",
    "type": "spot",
    "value_ft": 31.9,
    "raw": "31·9",
    "confidence": "low",
    "n_readings": 2,
    "readers": [
     "opus-m",
     "opus-n"
    ],
    "mosaics": [
     "m18_131096_87125",
     "m18_131096_87128"
    ],
    "bng_e": 541353.2,
    "bng_n": 184608.67,
    "spread_m": 0.0,
    "datum": "OD Liverpool",
    "source": "OS 1:1056 London 1891-96 via NLS",
    "disputed": true,
    "values": [
     31.3,
     31.9
    ],
    "values_by_reader": {
     "opus-m": [
      31.3
     ],
     "opus-n": [
      31.9
     ]
    },
    "views": [
     "opus-n:m18_131096_87125@746,839=31.9(l)",
     "opus-m:m18_131096_87128@746,71=31.3(l)"
    ],
    "notes": "Red Post Lane between D and P (RED POST); dot below figure just before the P; final 9 vs 3 unresolved at 12-16x"
   },
   "geometry": {
    "type": "Point",
    "coordinates": [
     0.0369635,
     51.5426803
    ]
   }
  },
  {
   "type": "Feature",
   "properties": {
    "id": "sh_541739_184607",
    "type": "spot",
    "value_ft": 35.3,
    "raw": "35·3",
    "confidence": "low",
    "n_readings": 3,
    "readers": [
     "opus-p",
     "opus-r"
    ],
    "mosaics": [
     "m18_131099_87125",
     "m18_131099_87128"
    ],
    "bng_e": 541739.4,
    "bng_n": 184606.94,
    "spread_m": 0.55,
    "datum": "OD Liverpool",
    "source": "OS 1:1056 London 1891-96 via NLS",
    "disputed": true,
    "values": [
     35.3,
     35.8
    ],
    "values_by_reader": {
     "opus-p": [
      35.8
     ],
     "opus-r": [
      35.3
     ]
    },
    "views": [
     "opus-r:m18_131099_87125@1015,872=35.3(l)",
     "opus-p:m18_131099_87128@1016,106=35.8(l)",
     "opus-r:m18_131099_87128@1015,104=35.3(l)"
    ],
    "notes": "Shrewsbury Road by School near E edge; same tiles as 87128; final digit matches leading 3 at 12x (2x reads 35·8); dot between R and Y of SHREWSBURY"
   },
   "geometry": {
    "type": "Point",
    "coordinates": [
     0.0425282,
     51.542568
    ]
   }
  },
  {
   "type": "Feature",
   "properties": {
    "id": "sh_537684_184605",
    "type": "spot",
    "value_ft": 14.7,
    "raw": "14·7",
    "confidence": "high",
    "n_readings": 3,
    "readers": [
     "opus-c",
     "opus-d",
     "opus-f"
    ],
    "mosaics": [
     "m18_131057_87125",
     "m18_131060_87125"
    ],
    "bng_e": 537684.05,
    "bng_n": 184605.22,
    "spread_m": 0.25,
    "datum": "OD Liverpool",
    "source": "OS 1:1056 London 1891-96 via NLS",
    "disputed": false,
    "views": [
     "opus-d:m18_131057_87125@873,577=14.7(h)",
     "opus-f:m18_131057_87125@873,576=14.7(h)",
     "opus-c:m18_131060_87125@105,577=14.7(h)"
    ],
    "notes": "bank of the Waterworks River by 'C.C. at L.W.'; dot above-left of figures at 6x"
   },
   "geometry": {
    "type": "Point",
    "coordinates": [
     -0.0159135,
     51.5435555
    ]
   }
  },
  {
   "type": "Feature",
   "properties": {
    "id": "sh_537870_184603",
    "type": "spot",
    "value_ft": 16.4,
    "raw": "16·4",
    "confidence": "medium",
    "n_readings": 1,
    "readers": [
     "opus-c"
    ],
    "mosaics": [
     "m18_131060_87125"
    ],
    "bng_e": 537870.24,
    "bng_n": 184602.72,
    "spread_m": 0.0,
    "datum": "OD Liverpool",
    "source": "OS 1:1056 London 1891-96 via NLS",
    "disputed": false,
    "views": [
     "opus-c:m18_131060_87125@605,597=16.4(m)"
    ],
    "notes": "track/road on the east side of the Channelsea by the railway; digits clear at 6x; no dot found, position = centre of figures"
   },
   "geometry": {
    "type": "Point",
    "coordinates": [
     -0.0132313,
     51.5434877
    ]
   }
  },
  {
   "type": "Feature",
   "properties": {
    "id": "sh_539052_184594",
    "type": "spot",
    "value_ft": 27.3,
    "raw": "27·3",
    "confidence": "high",
    "n_readings": 1,
    "readers": [
     "opus-h"
    ],
    "mosaics": [
     "m18_131072_87125"
    ],
    "bng_e": 539051.97,
    "bng_n": 184594.11,
    "spread_m": 0.0,
    "datum": "OD Liverpool",
    "source": "OS 1:1056 London 1891-96 via NLS",
    "disputed": false,
    "views": [
     "opus-h:m18_131072_87125@707,707=27.3(h)"
    ],
    "notes": "Broadway tramway; dot on a rail above-left of figures"
   },
   "geometry": {
    "type": "Point",
    "coordinates": [
     0.0037953,
     51.5431207
    ]
   }
  },
  {
   "type": "Feature",
   "properties": {
    "id": "sh_540387_184592",
    "type": "bench_mark",
    "value_ft": 36.38,
    "raw": "B.M.36·38",
    "confidence": "high",
    "n_readings": 3,
    "readers": [
     "opus-l",
     "opus-n",
     "opus-o"
    ],
    "mosaics": [
     "m18_131087_87125",
     "m18_131087_87128"
    ],
    "bng_e": 540386.91,
    "bng_n": 184592.25,
    "spread_m": 0.37,
    "datum": "OD Liverpool",
    "source": "OS 1:1056 London 1891-96 via NLS",
    "disputed": false,
    "views": [
     "opus-o:m18_131087_87128@453,43=36.38(h)",
     "opus-n:m18_131087_87125@452,811=36.38(l)",
     "opus-l:m18_131087_87128@454,43=36.38(l)"
    ],
    "notes": "House on the west side of the N-S road north of Skelton Road; text ~410,52; '<' pheon on the wall, point ~453,43; second digit rounded 6 at 12x"
   },
   "geometry": {
    "type": "Point",
    "coordinates": [
     0.0230321,
     51.5427737
    ]
   }
  },
  {
   "type": "Feature",
   "properties": {
    "id": "sh_541533_184592",
    "type": "bench_mark",
    "value_ft": 34.71,
    "raw": "B.M.34·71",
    "confidence": "high",
    "n_readings": 3,
    "readers": [
     "opus-p",
     "opus-r"
    ],
    "mosaics": [
     "m18_131099_87125",
     "m18_131099_87128"
    ],
    "bng_e": 541533.47,
    "bng_n": 184591.66,
    "spread_m": 0.78,
    "datum": "OD Liverpool",
    "source": "OS 1:1056 London 1891-96 via NLS",
    "disputed": false,
    "views": [
     "opus-r:m18_131099_87125@460,898=34.71(h)",
     "opus-p:m18_131099_87128@463,131=34.71(h)",
     "opus-r:m18_131099_87128@460,130=34.71(h)"
    ],
    "notes": "Bristol Road; same tiles as 87128, pheon apex zoomed there at 12x"
   },
   "geometry": {
    "type": "Point",
    "coordinates": [
     0.0395545,
     51.5424823
    ]
   }
  },
  {
   "type": "Feature",
   "properties": {
    "id": "sh_541519_184591",
    "type": "spot",
    "value_ft": 32.1,
    "raw": "32·1",
    "confidence": "high",
    "n_readings": 3,
    "readers": [
     "opus-p",
     "opus-r"
    ],
    "mosaics": [
     "m18_131099_87125",
     "m18_131099_87128"
    ],
    "bng_e": 541518.61,
    "bng_n": 184590.63,
    "spread_m": 0.0,
    "datum": "OD Liverpool",
    "source": "OS 1:1056 London 1891-96 via NLS",
    "disputed": false,
    "views": [
     "opus-r:m18_131099_87125@421,900=32.1(h)",
     "opus-p:m18_131099_87128@421,132=32.1(h)",
     "opus-r:m18_131099_87128@421,132=32.1(h)"
    ],
    "notes": "Bristol Road; same tiles as m18_131099_87128 (py+768), zoomed there at 8x/14x; dot right-above"
   },
   "geometry": {
    "type": "Point",
    "coordinates": [
     0.03934,
     51.5424768
    ]
   }
  },
  {
   "type": "Feature",
   "properties": {
    "id": "sh_538819_184587",
    "type": "spot",
    "value_ft": 24.1,
    "raw": "24·1",
    "confidence": "high",
    "n_readings": 3,
    "readers": [
     "opus-e",
     "opus-g",
     "opus-h"
    ],
    "mosaics": [
     "m18_131069_87125",
     "m18_131072_87125"
    ],
    "bng_e": 538818.89,
    "bng_n": 184587.12,
    "spread_m": 1.37,
    "datum": "OD Liverpool",
    "source": "OS 1:1056 London 1891-96 via NLS",
    "disputed": false,
    "views": [
     "opus-e:m18_131069_87125@847,709=24.1(h)",
     "opus-g:m18_131069_87125@846,708=24.1(m)",
     "opus-h:m18_131072_87125@84,709=24.1(m)"
    ],
    "notes": "Angel Lane at the Salway Road junction; dot left of figures, 10x"
   },
   "geometry": {
    "type": "Point",
    "coordinates": [
     0.0004336,
     51.5431151
    ]
   }
  },
  {
   "type": "Feature",
   "properties": {
    "id": "sh_541290_184587",
    "type": "spot",
    "value_ft": 30.7,
    "raw": "30·7",
    "confidence": "high",
    "n_readings": 2,
    "readers": [
     "opus-m",
     "opus-n"
    ],
    "mosaics": [
     "m18_131096_87125",
     "m18_131096_87128"
    ],
    "bng_e": 541289.6,
    "bng_n": 184586.66,
    "spread_m": 0.26,
    "datum": "OD Liverpool",
    "source": "OS 1:1056 London 1891-96 via NLS",
    "disputed": false,
    "views": [
     "opus-n:m18_131096_87125@574,894=30.7(h)",
     "opus-m:m18_131096_87128@573,125=30.7(h)"
    ],
    "notes": "Strone Road east / South Esk Road; dot right of figure; 8x"
   },
   "geometry": {
    "type": "Point",
    "coordinates": [
     0.0360382,
     51.5424984
    ]
   }
  },
  {
   "type": "Feature",
   "properties": {
    "id": "sh_537734_184580",
    "type": "spot",
    "value_ft": 16.6,
    "raw": "16·6",
    "confidence": "high",
    "n_readings": 3,
    "readers": [
     "opus-c",
     "opus-d",
     "opus-f"
    ],
    "mosaics": [
     "m18_131057_87125",
     "m18_131060_87125"
    ],
    "bng_e": 537733.75,
    "bng_n": 184579.83,
    "spread_m": 0.51,
    "datum": "OD Liverpool",
    "source": "OS 1:1056 London 1891-96 via NLS",
    "disputed": false,
    "views": [
     "opus-f:m18_131057_87125@1005,650=16.6(h)",
     "opus-c:m18_131060_87125@237,648=16.6(h)",
     "opus-d:m18_131057_87125@1004,648=16.6(m)"
    ],
    "notes": "on railway lines at Lea Junction; dot above figures on the rail, 8x"
   },
   "geometry": {
    "type": "Point",
    "coordinates": [
     -0.0152072,
     51.5433153
    ]
   }
  },
  {
   "type": "Feature",
   "properties": {
    "id": "sh_537684_184579",
    "type": "bench_mark",
    "value_ft": 18.48,
    "raw": "B.M.18·48",
    "confidence": "high",
    "n_readings": 3,
    "readers": [
     "opus-c",
     "opus-d",
     "opus-f"
    ],
    "mosaics": [
     "m18_131057_87125",
     "m18_131060_87125"
    ],
    "bng_e": 537684.38,
    "bng_n": 184579.24,
    "spread_m": 0.72,
    "datum": "OD Liverpool",
    "source": "OS 1:1056 London 1891-96 via NLS",
    "disputed": false,
    "views": [
     "opus-d:m18_131057_87125@873,645=18.48(h)",
     "opus-f:m18_131057_87125@872,647=18.48(h)",
     "opus-c:m18_131060_87125@103,648=18.48(h)"
    ],
    "notes": "G.E.R. at Lea Junction by the B.P.; pheon below-left of text at 6x"
   },
   "geometry": {
    "type": "Point",
    "coordinates": [
     -0.0159189,
     51.543322
    ]
   }
  },
  {
   "type": "Feature",
   "properties": {
    "id": "sh_538629_184579",
    "type": "spot",
    "value_ft": 25.3,
    "raw": "25·3",
    "confidence": "high",
    "n_readings": 2,
    "readers": [
     "opus-e",
     "opus-g"
    ],
    "mosaics": [
     "m18_131069_87125"
    ],
    "bng_e": 538628.95,
    "bng_n": 184579.02,
    "spread_m": 0.26,
    "datum": "OD Liverpool",
    "source": "OS 1:1056 London 1891-96 via NLS",
    "disputed": false,
    "views": [
     "opus-e:m18_131069_87125@338,716=25.3(h)",
     "opus-g:m18_131069_87125@337,717=25.3(h)"
    ],
    "notes": "Station Road frontage; dot above-right of figures, 10x"
   },
   "geometry": {
    "type": "Point",
    "coordinates": [
     -0.0023067,
     51.543089
    ]
   }
  },
  {
   "type": "Feature",
   "properties": {
    "id": "sh_541039_184579",
    "type": "spot",
    "value_ft": 31.2,
    "raw": "31·2",
    "confidence": "medium",
    "n_readings": 2,
    "readers": [
     "opus-k",
     "opus-m"
    ],
    "mosaics": [
     "m18_131093_87125",
     "m18_131093_87128"
    ],
    "bng_e": 541039.29,
    "bng_n": 184578.77,
    "spread_m": 0.19,
    "datum": "OD Liverpool",
    "source": "OS 1:1056 London 1891-96 via NLS",
    "disputed": false,
    "views": [
     "opus-m:m18_131093_87125@668,896=31.2(m)",
     "opus-k:m18_131093_87128@669,128=31.2(m)"
    ],
    "notes": "Gipsy Lane / C.R. boundary, south; no dot found; position = centre of figures"
   },
   "geometry": {
    "type": "Point",
    "coordinates": [
     0.0324279,
     51.5424901
    ]
   }
  },
  {
   "type": "Feature",
   "properties": {
    "id": "sh_540606_184577",
    "type": "spot",
    "value_ft": 34.1,
    "raw": "34·1",
    "confidence": "high",
    "n_readings": 3,
    "readers": [
     "opus-k",
     "opus-l",
     "opus-m"
    ],
    "mosaics": [
     "m18_131090_87125",
     "m18_131090_87128"
    ],
    "bng_e": 540605.58,
    "bng_n": 184577.38,
    "spread_m": 1.0,
    "datum": "OD Liverpool",
    "source": "OS 1:1056 London 1891-96 via NLS",
    "disputed": false,
    "views": [
     "opus-l:m18_131090_87125@274,867=34.1(h)",
     "opus-k:m18_131090_87128@270,100=34.1(h)",
     "opus-m:m18_131090_87128@270,99=34.1(h)"
    ],
    "notes": "Upton Lane south of the triangle; dot right of figures; 8x"
   },
   "geometry": {
    "type": "Point",
    "coordinates": [
     0.0261775,
     51.5425857
    ]
   }
  },
  {
   "type": "Feature",
   "properties": {
    "id": "sh_539725_184577",
    "type": "spot",
    "value_ft": 27.3,
    "raw": "27·3",
    "confidence": "high",
    "n_readings": 1,
    "readers": [
     "opus-s"
    ],
    "mosaics": [
     "m18_131081_87128"
    ],
    "bng_e": 539725.45,
    "bng_n": 184577.34,
    "spread_m": 0.0,
    "datum": "OD Liverpool",
    "source": "OS 1:1056 London 1891-96 via NLS",
    "disputed": false,
    "views": [
     "opus-s:m18_131081_87128@211,34=27.3(h)"
    ],
    "notes": "Vaughan Road, south of the V of VAUGHAN; dot above-right of figure; open 3 clear at 12x like the 3s of 33·2"
   },
   "geometry": {
    "type": "Point",
    "coordinates": [
     0.0134942,
     51.5428037
    ]
   }
  },
  {
   "type": "Feature",
   "properties": {
    "id": "sh_539954_184576",
    "type": "spot",
    "value_ft": 32.7,
    "raw": "32·7",
    "confidence": "medium",
    "n_readings": 4,
    "readers": [
     "opus-o",
     "opus-q",
     "opus-s"
    ],
    "mosaics": [
     "m18_131081_87128",
     "m18_131084_87125",
     "m18_131084_87128"
    ],
    "bng_e": 539953.88,
    "bng_n": 184575.65,
    "spread_m": 0.95,
    "datum": "OD Liverpool",
    "source": "OS 1:1056 London 1891-96 via NLS",
    "disputed": false,
    "views": [
     "opus-s:m18_131081_87128@822,56=32.7(m)",
     "opus-q:m18_131084_87125@57,823=32.7(m)",
     "opus-o:m18_131084_87128@58,56=32.7(m)",
     "opus-q:m18_131084_87128@57,55=32.7(m)"
    ],
    "notes": "road between Bolton Road and the next street, north; only nearby dots belong to the dash-dot boundary along R·O·A·D; position = centre of figures"
   },
   "geometry": {
    "type": "Point",
    "coordinates": [
     0.0167853,
     51.542732
    ]
   }
  },
  {
   "type": "Feature",
   "properties": {
    "id": "sh_540611_184570",
    "type": "bench_mark",
    "value_ft": 35.72,
    "raw": "B.M.35·72",
    "confidence": "high",
    "n_readings": 3,
    "readers": [
     "opus-k",
     "opus-l",
     "opus-m"
    ],
    "mosaics": [
     "m18_131090_87125",
     "m18_131090_87128"
    ],
    "bng_e": 540610.99,
    "bng_n": 184570.48,
    "spread_m": 0.63,
    "datum": "OD Liverpool",
    "source": "OS 1:1056 London 1891-96 via NLS",
    "disputed": false,
    "views": [
     "opus-l:m18_131090_87125@287,886=35.72(h)",
     "opus-k:m18_131090_87128@284,118=35.72(h)",
     "opus-m:m18_131090_87128@285,119=35.72(h)"
    ],
    "notes": "building corner east side of Upton Lane (Ursuline Convent grounds); pheon at 287,886 above-left of text; 7x"
   },
   "geometry": {
    "type": "Point",
    "coordinates": [
     0.0262526,
     51.5425224
    ]
   }
  },
  {
   "type": "Feature",
   "properties": {
    "id": "sh_537364_184569",
    "type": "spot",
    "value_ft": 17.5,
    "raw": "17·5",
    "confidence": "high",
    "n_readings": 4,
    "readers": [
     "opus-d",
     "opus-f",
     "opus-g",
     "opus-k"
    ],
    "mosaics": [
     "m18_131054_87125",
     "m18_131057_87125"
    ],
    "bng_e": 537364.24,
    "bng_n": 184569.42,
    "spread_m": 0.39,
    "datum": "OD Liverpool",
    "source": "OS 1:1056 London 1891-96 via NLS",
    "disputed": false,
    "views": [
     "opus-k:m18_131054_87125@779,650=17.5(h)",
     "opus-d:m18_131057_87125@11,650=17.5(h)",
     "opus-f:m18_131057_87125@12,649=17.5(h)",
     "opus-g:m18_131054_87125@779,650=17.5(m)"
    ],
    "notes": "open ground south of GER embankment; dot upper-left of figure"
   },
   "geometry": {
    "type": "Point",
    "coordinates": [
     -0.0205363,
     51.5433117
    ]
   }
  },
  {
   "type": "Feature",
   "properties": {
    "id": "sh_539693_184568",
    "type": "bench_mark",
    "value_ft": 27.66,
    "raw": "B.M.27·66",
    "confidence": "high",
    "n_readings": 1,
    "readers": [
     "opus-s"
    ],
    "mosaics": [
     "m18_131081_87128"
    ],
    "bng_e": 539692.57,
    "bng_n": 184568.26,
    "spread_m": 0.0,
    "datum": "OD Liverpool",
    "source": "OS 1:1056 London 1891-96 via NLS",
    "disputed": false,
    "views": [
     "opus-s:m18_131081_87128@122,56=27.66(h)"
    ],
    "notes": "Vaughan Road / Fairland Road South corner; pheon on building corner left of text; digits clear at 12x"
   },
   "geometry": {
    "type": "Point",
    "coordinates": [
     0.0130168,
     51.5427303
    ]
   }
  },
  {
   "type": "Feature",
   "properties": {
    "id": "sh_538575_184565",
    "type": "spot",
    "value_ft": 22.4,
    "raw": "22·4",
    "confidence": "medium",
    "n_readings": 3,
    "readers": [
     "opus-c",
     "opus-e",
     "opus-g"
    ],
    "mosaics": [
     "m18_131066_87125",
     "m18_131069_87125"
    ],
    "bng_e": 538575.06,
    "bng_n": 184564.74,
    "spread_m": 1.41,
    "datum": "OD Liverpool",
    "source": "OS 1:1056 London 1891-96 via NLS",
    "disputed": false,
    "views": [
     "opus-c:m18_131066_87125@962,752=22.4(m)",
     "opus-e:m18_131069_87125@193,751=22.4(m)",
     "opus-g:m18_131069_87125@188,750=22.4(m)"
    ],
    "notes": "station approach west of the Well at Stratford Station; digits clear at 6x; no dot found, position = centre of figures"
   },
   "geometry": {
    "type": "Point",
    "coordinates": [
     -0.003089,
     51.5429739
    ]
   }
  },
  {
   "type": "Feature",
   "properties": {
    "id": "sh_541456_184564",
    "type": "spot",
    "value_ft": 31.5,
    "raw": "31·5",
    "confidence": "high",
    "n_readings": 5,
    "readers": [
     "opus-m",
     "opus-n",
     "opus-p",
     "opus-r"
    ],
    "mosaics": [
     "m18_131096_87125",
     "m18_131096_87128",
     "m18_131099_87125",
     "m18_131099_87128"
    ],
    "bng_e": 541456.14,
    "bng_n": 184564.23,
    "spread_m": 3.47,
    "datum": "OD Liverpool",
    "source": "OS 1:1056 London 1891-96 via NLS",
    "disputed": false,
    "views": [
     "opus-m:m18_131096_87128@1023,198=31.5(h)",
     "opus-r:m18_131099_87125@251,966=31.5(h)",
     "opus-p:m18_131099_87128@257,198=31.5(h)",
     "opus-r:m18_131099_87128@251,198=31.5(h)",
     "opus-n:m18_131096_87125@1010,968=31.5(m)"
    ],
    "notes": "road at the east edge; dot right of figure at the very edge; 5 flat-topped at 16x"
   },
   "geometry": {
    "type": "Point",
    "coordinates": [
     0.0384291,
     51.5422552
    ]
   }
  },
  {
   "type": "Feature",
   "properties": {
    "id": "sh_541225_184564",
    "type": "spot",
    "value_ft": 30.4,
    "raw": "30·4",
    "confidence": "high",
    "n_readings": 2,
    "readers": [
     "opus-m",
     "opus-n"
    ],
    "mosaics": [
     "m18_131096_87125",
     "m18_131096_87128"
    ],
    "bng_e": 541224.52,
    "bng_n": 184564.06,
    "spread_m": 0.19,
    "datum": "OD Liverpool",
    "source": "OS 1:1056 London 1891-96 via NLS",
    "disputed": false,
    "views": [
     "opus-n:m18_131096_87125@397,949=30.4(h)",
     "opus-m:m18_131096_87128@397,182=30.4(h)"
    ],
    "notes": "South Esk Road; dot left of figure; 8x"
   },
   "geometry": {
    "type": "Point",
    "coordinates": [
     0.0350914,
     51.5423116
    ]
   }
  },
  {
   "type": "Feature",
   "properties": {
    "id": "sh_541232_184557",
    "type": "bench_mark",
    "value_ft": 32.97,
    "raw": "B.M.32·97",
    "confidence": "high",
    "n_readings": 2,
    "readers": [
     "opus-m",
     "opus-n"
    ],
    "mosaics": [
     "m18_131096_87125",
     "m18_131096_87128"
    ],
    "bng_e": 541231.61,
    "bng_n": 184556.83,
    "spread_m": 0.59,
    "datum": "OD Liverpool",
    "source": "OS 1:1056 London 1891-96 via NLS",
    "disputed": false,
    "views": [
     "opus-n:m18_131096_87125@417,970=32.97(h)",
     "opus-m:m18_131096_87128@414,201=32.97(m)"
    ],
    "notes": "corner of South Esk Road; pheon right of text on the frontage; digits clear at 8x"
   },
   "geometry": {
    "type": "Point",
    "coordinates": [
     0.0351906,
     51.5422449
    ]
   }
  },
  {
   "type": "Feature",
   "properties": {
    "id": "sh_540402_184557",
    "type": "spot",
    "value_ft": 34.9,
    "raw": "34·9",
    "confidence": "high",
    "n_readings": 3,
    "readers": [
     "opus-l",
     "opus-n",
     "opus-o"
    ],
    "mosaics": [
     "m18_131087_87125",
     "m18_131087_87128"
    ],
    "bng_e": 540401.92,
    "bng_n": 184556.52,
    "spread_m": 0.28,
    "datum": "OD Liverpool",
    "source": "OS 1:1056 London 1891-96 via NLS",
    "disputed": false,
    "views": [
     "opus-n:m18_131087_87125@490,908=34.9(h)",
     "opus-l:m18_131087_87128@491,141=34.9(h)",
     "opus-o:m18_131087_87128@491,140=34.9(h)"
    ],
    "notes": "Wyatt Road / Skelton Road junction; dot left of figure; 8x"
   },
   "geometry": {
    "type": "Point",
    "coordinates": [
     0.0232342,
     51.542449
    ]
   }
  },
  {
   "type": "Feature",
   "properties": {
    "id": "sh_537280_184556",
    "type": "spot",
    "value_ft": 22.0,
    "raw": "22·0",
    "confidence": "high",
    "n_readings": 2,
    "readers": [
     "opus-g",
     "opus-k"
    ],
    "mosaics": [
     "m18_131054_87125"
    ],
    "bng_e": 537280.38,
    "bng_n": 184556.29,
    "spread_m": 0.0,
    "datum": "OD Liverpool",
    "source": "OS 1:1056 London 1891-96 via NLS",
    "disputed": false,
    "views": [
     "opus-g:m18_131054_87125@553,679=22.0(h)",
     "opus-k:m18_131054_87125@553,679=22.0(h)"
    ],
    "notes": "towing path east of the Cut south of the GER; dot left of figures; 7x"
   },
   "geometry": {
    "type": "Point",
    "coordinates": [
     -0.02175,
     51.5432141
    ]
   }
  },
  {
   "type": "Feature",
   "properties": {
    "id": "sh_539036_184550",
    "type": "bench_mark",
    "value_ft": 26.16,
    "raw": "B.M.26·16",
    "confidence": "high",
    "n_readings": 3,
    "readers": [
     "opus-h",
     "opus-i",
     "opus-l"
    ],
    "mosaics": [
     "m18_131072_87125",
     "m18_131072_87128"
    ],
    "bng_e": 539036.17,
    "bng_n": 184550.24,
    "spread_m": 0.39,
    "datum": "OD Liverpool",
    "source": "OS 1:1056 London 1891-96 via NLS",
    "disputed": false,
    "views": [
     "opus-h:m18_131072_87125@661,825=26.16(h)",
     "opus-i:m18_131072_87128@662,56=26.16(h)",
     "opus-l:m18_131072_87128@661,55=26.16(m)"
    ],
    "notes": "Broadway (Tramway lettering), pheon left of text between M and B.M.; clear at 6x"
   },
   "geometry": {
    "type": "Point",
    "coordinates": [
     0.0035504,
     51.5427303
    ]
   }
  },
  {
   "type": "Feature",
   "properties": {
    "id": "sh_539016_184543",
    "type": "spot",
    "value_ft": 26.2,
    "raw": "26·2",
    "confidence": "medium",
    "n_readings": 3,
    "readers": [
     "opus-h",
     "opus-i",
     "opus-l"
    ],
    "mosaics": [
     "m18_131072_87125",
     "m18_131072_87128"
    ],
    "bng_e": 539016.15,
    "bng_n": 184542.76,
    "spread_m": 0.78,
    "datum": "OD Liverpool",
    "source": "OS 1:1056 London 1891-96 via NLS",
    "disputed": false,
    "views": [
     "opus-h:m18_131072_87125@605,842=26.2(m)",
     "opus-i:m18_131072_87128@608,74=26.2(m)",
     "opus-l:m18_131072_87128@608,76=26.2(m)"
    ],
    "notes": "Salway Place at the Broadway; digits clear at 10x; no dot found, position = centre of figures"
   },
   "geometry": {
    "type": "Point",
    "coordinates": [
     0.0032589,
     51.542668
    ]
   }
  },
  {
   "type": "Feature",
   "properties": {
    "id": "sh_538593_184541",
    "type": "bench_mark",
    "value_ft": 27.63,
    "raw": "B.M.27·63",
    "confidence": "high",
    "n_readings": 6,
    "readers": [
     "opus-c",
     "opus-d",
     "opus-e",
     "opus-f",
     "opus-g",
     "opus-h"
    ],
    "mosaics": [
     "m18_131066_87125",
     "m18_131066_87128",
     "m18_131069_87125",
     "m18_131069_87128"
    ],
    "bng_e": 538593.15,
    "bng_n": 184540.73,
    "spread_m": 0.77,
    "datum": "OD Liverpool",
    "source": "OS 1:1056 London 1891-96 via NLS",
    "disputed": false,
    "views": [
     "opus-e:m18_131069_87125@238,815=27.63(h)",
     "opus-g:m18_131069_87125@237,818=27.63(h)",
     "opus-f:m18_131069_87128@239,51=27.63(h)",
     "opus-h:m18_131069_87128@240,49=27.63(h)",
     "opus-c:m18_131066_87125@1007,818=27.63(m)",
     "opus-d:m18_131066_87128@1006,47=27.63(m)"
    ],
    "notes": "Stratford Station building; pheon ~12 px above-right of the two-line text, 10x"
   },
   "geometry": {
    "type": "Point",
    "coordinates": [
     -0.0028378,
     51.5427537
    ]
   }
  },
  {
   "type": "Feature",
   "properties": {
    "id": "sh_538824_184540",
    "type": "spot",
    "value_ft": 23.4,
    "raw": "23·4",
    "confidence": "medium",
    "n_readings": 7,
    "readers": [
     "opus-e",
     "opus-f",
     "opus-g",
     "opus-h",
     "opus-i",
     "opus-l"
    ],
    "mosaics": [
     "m18_131069_87125",
     "m18_131069_87128",
     "m18_131072_87125",
     "m18_131072_87128"
    ],
    "bng_e": 538824.42,
    "bng_n": 184539.62,
    "spread_m": 0.61,
    "datum": "OD Liverpool",
    "source": "OS 1:1056 London 1891-96 via NLS",
    "disputed": false,
    "views": [
     "opus-e:m18_131069_87125@859,837=23.4(m)",
     "opus-g:m18_131069_87125@859,838=23.4(m)",
     "opus-f:m18_131069_87128@860,70=23.4(m)",
     "opus-h:m18_131069_87128@861,68=23.4(m)",
     "opus-h:m18_131072_87125@93,836=23.4(m)",
     "opus-i:m18_131072_87128@91,69=23.4(m)",
     "opus-l:m18_131072_87128@91,69=23.4(m)"
    ],
    "notes": "Angel Lane; digits clear at 10x; dot taken as the one right of the L of LANE (~10 px below-left), association uncertain (F.P. dots nearby)"
   },
   "geometry": {
    "type": "Point",
    "coordinates": [
     0.0004947,
     51.5426869
    ]
   }
  },
  {
   "type": "Feature",
   "properties": {
    "id": "sh_538761_184538",
    "type": "spot",
    "value_ft": 19.1,
    "raw": "19·1",
    "confidence": "medium",
    "n_readings": 4,
    "readers": [
     "opus-e",
     "opus-f",
     "opus-g",
     "opus-h"
    ],
    "mosaics": [
     "m18_131069_87125",
     "m18_131069_87128"
    ],
    "bng_e": 538760.91,
    "bng_n": 184538.44,
    "spread_m": 4.2,
    "datum": "OD Liverpool",
    "source": "OS 1:1056 London 1891-96 via NLS",
    "disputed": false,
    "views": [
     "opus-e:m18_131069_87125@685,834=19.1(m)",
     "opus-g:m18_131069_87125@694,835=19.1(m)",
     "opus-f:m18_131069_87128@678,70=19.1(m)",
     "opus-h:m18_131069_87128@699,67=19.1(m)"
    ],
    "notes": "William Street; the survey dot is the interpunct 'E·T' in the street lettering just left of the figures; digits clear at 14x"
   },
   "geometry": {
    "type": "Point",
    "coordinates": [
     -0.0004211,
     51.5426919
    ]
   }
  },
  {
   "type": "Feature",
   "properties": {
    "id": "sh_538039_184538",
    "type": "bench_mark",
    "value_ft": 17.37,
    "raw": "B.M.17·37",
    "confidence": "high",
    "n_readings": 2,
    "readers": [
     "opus-c"
    ],
    "mosaics": [
     "m18_131063_87125",
     "m18_131063_87128"
    ],
    "bng_e": 538038.95,
    "bng_n": 184537.88,
    "spread_m": 0.19,
    "datum": "OD Liverpool",
    "source": "OS 1:1056 London 1891-96 via NLS",
    "disputed": false,
    "views": [
     "opus-c:m18_131063_87125@285,784=17.37(h)",
     "opus-c:m18_131063_87128@286,16=17.37(h)"
    ],
    "notes": "pheon on the SE corner of the long building on the north bank of the river; point at the building corner; digits clear at 6x"
   },
   "geometry": {
    "type": "Point",
    "coordinates": [
     -0.0108254,
     51.5428638
    ]
   }
  },
  {
   "type": "Feature",
   "properties": {
    "id": "sh_540177_184537",
    "type": "spot",
    "value_ft": 35.1,
    "raw": "35·1",
    "confidence": "high",
    "n_readings": 3,
    "readers": [
     "opus-o",
     "opus-q"
    ],
    "mosaics": [
     "m18_131084_87125",
     "m18_131084_87128"
    ],
    "bng_e": 540176.61,
    "bng_n": 184537.3,
    "spread_m": 0.25,
    "datum": "OD Liverpool",
    "source": "OS 1:1056 London 1891-96 via NLS",
    "disputed": false,
    "views": [
     "opus-q:m18_131084_87125@652,943=35.1(h)",
     "opus-o:m18_131084_87128@652,175=35.1(h)",
     "opus-q:m18_131084_87128@652,176=35.1(h)"
    ],
    "notes": "Margery Park Road at Burleigh Road; digits clear at 8x; dot below figure"
   },
   "geometry": {
    "type": "Point",
    "coordinates": [
     0.0199798,
     51.5423322
    ]
   }
  },
  {
   "type": "Feature",
   "properties": {
    "id": "sh_541391_184536",
    "type": "spot",
    "value_ft": 30.4,
    "raw": "30·4",
    "confidence": "high",
    "n_readings": 3,
    "readers": [
     "opus-m",
     "opus-p",
     "opus-r"
    ],
    "mosaics": [
     "m18_131096_87128",
     "m18_131099_87128"
    ],
    "bng_e": 541391.21,
    "bng_n": 184535.96,
    "spread_m": 0.63,
    "datum": "OD Liverpool",
    "source": "OS 1:1056 London 1891-96 via NLS",
    "disputed": false,
    "views": [
     "opus-m:m18_131096_87128@843,270=30.4(h)",
     "opus-p:m18_131099_87128@76,269=30.4(h)",
     "opus-r:m18_131099_87128@73,270=30.4(h)"
    ],
    "notes": "POST LANE at Rothsay Road; dot above figure; 8x"
   },
   "geometry": {
    "type": "Point",
    "coordinates": [
     0.0374821,
     51.5420175
    ]
   }
  },
  {
   "type": "Feature",
   "properties": {
    "id": "sh_538134_184535",
    "type": "spot",
    "value_ft": 16.8,
    "raw": "16·8",
    "confidence": "high",
    "n_readings": 2,
    "readers": [
     "opus-c"
    ],
    "mosaics": [
     "m18_131063_87125",
     "m18_131063_87128"
    ],
    "bng_e": 538133.77,
    "bng_n": 184534.89,
    "spread_m": 0.0,
    "datum": "OD Liverpool",
    "source": "OS 1:1056 London 1891-96 via NLS",
    "disputed": false,
    "views": [
     "opus-c:m18_131063_87125@540,799=16.8(h)",
     "opus-c:m18_131063_87128@540,31=16.8(h)"
    ],
    "notes": "north river bank where the wall bends SE; dot left of figures, confirmed at 6x"
   },
   "geometry": {
    "type": "Point",
    "coordinates": [
     -0.0094601,
     51.5428137
    ]
   }
  },
  {
   "type": "Feature",
   "properties": {
    "id": "sh_541139_184535",
    "type": "spot",
    "value_ft": 30.9,
    "raw": "30·9",
    "confidence": "high",
    "n_readings": 2,
    "readers": [
     "opus-k",
     "opus-m"
    ],
    "mosaics": [
     "m18_131093_87128",
     "m18_131096_87128"
    ],
    "bng_e": 541138.97,
    "bng_n": 184534.76,
    "spread_m": 0.0,
    "datum": "OD Liverpool",
    "source": "OS 1:1056 London 1891-96 via NLS",
    "disputed": false,
    "views": [
     "opus-k:m18_131093_87128@933,254=30.9(h)",
     "opus-m:m18_131096_87128@165,254=30.9(h)"
    ],
    "notes": "road north of Marlborough Road just west of the vertical sheet join; dot right of figure"
   },
   "geometry": {
    "type": "Point",
    "coordinates": [
     0.0338468,
     51.5420697
    ]
   }
  },
  {
   "type": "Feature",
   "properties": {
    "id": "sh_537097_184535",
    "type": "bench_mark",
    "value_ft": 17.98,
    "raw": "B.M.17·98",
    "confidence": "high",
    "n_readings": 2,
    "readers": [
     "opus-g",
     "opus-k"
    ],
    "mosaics": [
     "m18_131054_87125"
    ],
    "bng_e": 537097.45,
    "bng_n": 184534.64,
    "spread_m": 0.74,
    "datum": "OD Liverpool",
    "source": "OS 1:1056 London 1891-96 via NLS",
    "disputed": false,
    "views": [
     "opus-g:m18_131054_87125@60,726=17.98(h)",
     "opus-k:m18_131054_87125@60,722=17.98(h)"
    ],
    "notes": "house wall on the road below Tallow Works; pheon above the text; 7x"
   },
   "geometry": {
    "type": "Point",
    "coordinates": [
     -0.0243947,
     51.5430639
    ]
   }
  },
  {
   "type": "Feature",
   "properties": {
    "id": "sh_538054_184534",
    "type": "spot",
    "value_ft": 17.2,
    "raw": "17·2",
    "confidence": "high",
    "n_readings": 2,
    "readers": [
     "opus-c"
    ],
    "mosaics": [
     "m18_131063_87125",
     "m18_131063_87128"
    ],
    "bng_e": 538054.13,
    "bng_n": 184533.83,
    "spread_m": 0.0,
    "datum": "OD Liverpool",
    "source": "OS 1:1056 London 1891-96 via NLS",
    "disputed": false,
    "views": [
     "opus-c:m18_131063_87125@326,796=17.2(h)",
     "opus-c:m18_131063_87128@326,28=17.2(h)"
    ],
    "notes": "north river bank below the B.M.; dot left of figures, confirmed at 6x"
   },
   "geometry": {
    "type": "Point",
    "coordinates": [
     -0.0106081,
     51.5428237
    ]
   }
  },
  {
   "type": "Feature",
   "properties": {
    "id": "sh_537906_184533",
    "type": "spot",
    "value_ft": 17.1,
    "raw": "17·1",
    "confidence": "high",
    "n_readings": 3,
    "readers": [
     "opus-c",
     "opus-e"
    ],
    "mosaics": [
     "m18_131060_87125",
     "m18_131060_87128"
    ],
    "bng_e": 537905.52,
    "bng_n": 184532.64,
    "spread_m": 0.35,
    "datum": "OD Liverpool",
    "source": "OS 1:1056 London 1891-96 via NLS",
    "disputed": false,
    "views": [
     "opus-e:m18_131060_87128@694,21=17.1(h)",
     "opus-c:m18_131060_87125@695,788=17.1(m)",
     "opus-c:m18_131060_87128@695,20=17.1(m)"
    ],
    "notes": "dot on top of the Channel Sea bank (within the hatching), figures below-left, 6x"
   },
   "geometry": {
    "type": "Point",
    "coordinates": [
     -0.0127503,
     51.5428493
    ]
   }
  },
  {
   "type": "Feature",
   "properties": {
    "id": "sh_539713_184531",
    "type": "spot",
    "value_ft": 26.6,
    "raw": "26·6",
    "confidence": "medium",
    "n_readings": 1,
    "readers": [
     "opus-s"
    ],
    "mosaics": [
     "m18_131081_87128"
    ],
    "bng_e": 539712.59,
    "bng_n": 184530.94,
    "spread_m": 0.0,
    "datum": "OD Liverpool",
    "source": "OS 1:1056 London 1891-96 via NLS",
    "disputed": false,
    "views": [
     "opus-s:m18_131081_87128@173,158=26.6(m)"
    ],
    "notes": "Fairland Road South, north; dot left-above of figure; middle digit 6 fuzzy (tree symbol beside final digit), 6 at 8x and blocky 10x"
   },
   "geometry": {
    "type": "Point",
    "coordinates": [
     0.0132904,
     51.54239
    ]
   }
  },
  {
   "type": "Feature",
   "properties": {
    "id": "sh_537978_184529",
    "type": "spot",
    "value_ft": 17.5,
    "raw": "17·5",
    "confidence": "high",
    "n_readings": 5,
    "readers": [
     "opus-c",
     "opus-e"
    ],
    "mosaics": [
     "m18_131060_87125",
     "m18_131060_87128",
     "m18_131063_87125",
     "m18_131063_87128"
    ],
    "bng_e": 537977.87,
    "bng_n": 184529.31,
    "spread_m": 0.94,
    "datum": "OD Liverpool",
    "source": "OS 1:1056 London 1891-96 via NLS",
    "disputed": false,
    "views": [
     "opus-c:m18_131060_87125@889,803=17.5(h)",
     "opus-c:m18_131060_87128@889,35=17.5(h)",
     "opus-e:m18_131060_87128@888,37=17.5(h)",
     "opus-c:m18_131063_87125@121,801=17.5(h)",
     "opus-c:m18_131063_87128@121,33=17.5(h)"
    ],
    "notes": "north bank of the Channelsea below the long building (same figure as m18_131063_87125 at 121,801); dot below-left of figures"
   },
   "geometry": {
    "type": "Point",
    "coordinates": [
     -0.0117089,
     51.5428017
    ]
   }
  },
  {
   "type": "Feature",
   "properties": {
    "id": "sh_537107_184529",
    "type": "spot",
    "value_ft": 15.9,
    "raw": "15·9",
    "confidence": "high",
    "n_readings": 2,
    "readers": [
     "opus-g",
     "opus-k"
    ],
    "mosaics": [
     "m18_131054_87125"
    ],
    "bng_e": 537106.54,
    "bng_n": 184528.76,
    "spread_m": 0.19,
    "datum": "OD Liverpool",
    "source": "OS 1:1056 London 1891-96 via NLS",
    "disputed": false,
    "views": [
     "opus-g:m18_131054_87125@84,741=15.9(h)",
     "opus-k:m18_131054_87125@84,740=15.9(h)"
    ],
    "notes": "road junction; dot left of figures; 7x"
   },
   "geometry": {
    "type": "Point",
    "coordinates": [
     -0.0242659,
     51.5430089
    ]
   }
  },
  {
   "type": "Feature",
   "properties": {
    "id": "sh_540969_184529",
    "type": "spot",
    "value_ft": 32.5,
    "raw": "32·5",
    "confidence": "medium",
    "n_readings": 1,
    "readers": [
     "opus-k"
    ],
    "mosaics": [
     "m18_131093_87128"
    ],
    "bng_e": 540969.39,
    "bng_n": 184528.56,
    "spread_m": 0.0,
    "datum": "OD Liverpool",
    "source": "OS 1:1056 London 1891-96 via NLS",
    "disputed": false,
    "views": [
     "opus-k:m18_131093_87128@477,258=32.5(m)"
    ],
    "notes": "St George's Road; two dots below-left of figure, one of them the leading dot of '·F.P'"
   },
   "geometry": {
    "type": "Point",
    "coordinates": [
     0.0314006,
     51.5420564
    ]
   }
  },
  {
   "type": "Feature",
   "properties": {
    "id": "sh_537384_184525",
    "type": "spot",
    "value_ft": 24.5,
    "raw": "24·5",
    "confidence": "high",
    "n_readings": 7,
    "readers": [
     "opus-d",
     "opus-e",
     "opus-f",
     "opus-g",
     "opus-h",
     "opus-j",
     "opus-k"
    ],
    "mosaics": [
     "m18_131054_87125",
     "m18_131054_87128",
     "m18_131057_87125",
     "m18_131057_87128"
    ],
    "bng_e": 537384.02,
    "bng_n": 184524.72,
    "spread_m": 0.38,
    "datum": "OD Liverpool",
    "source": "OS 1:1056 London 1891-96 via NLS",
    "disputed": false,
    "views": [
     "opus-g:m18_131054_87125@829,771=24.5(h)",
     "opus-k:m18_131054_87125@829,772=24.5(h)",
     "opus-h:m18_131054_87128@829,4=24.5(h)",
     "opus-j:m18_131054_87128@829,4=24.5(h)",
     "opus-d:m18_131057_87125@61,772=24.5(h)",
     "opus-f:m18_131057_87125@62,771=24.5(h)",
     "opus-e:m18_131057_87128@61,3=24.5(h)"
    ],
    "notes": "raised ground east of the Cut, south of the GER; dot left of figures; 7x"
   },
   "geometry": {
    "type": "Point",
    "coordinates": [
     -0.0202687,
     51.5429052
    ]
   }
  },
  {
   "type": "Feature",
   "properties": {
    "id": "sh_538587_184521",
    "type": "spot",
    "value_ft": 22.8,
    "raw": "22·8",
    "confidence": "high",
    "n_readings": 6,
    "readers": [
     "opus-c",
     "opus-d",
     "opus-e",
     "opus-f",
     "opus-g",
     "opus-h"
    ],
    "mosaics": [
     "m18_131066_87125",
     "m18_131066_87128",
     "m18_131069_87125",
     "m18_131069_87128"
    ],
    "bng_e": 538587.41,
    "bng_n": 184521.2,
    "spread_m": 2.69,
    "datum": "OD Liverpool",
    "source": "OS 1:1056 London 1891-96 via NLS",
    "disputed": false,
    "views": [
     "opus-e:m18_131069_87125@221,868=22.8(h)",
     "opus-f:m18_131069_87128@224,99=22.8(h)",
     "opus-c:m18_131066_87125@990,873=22.8(m)",
     "opus-d:m18_131066_87128@991,100=22.8(m)",
     "opus-g:m18_131069_87125@225,867=22.8(m)",
     "opus-h:m18_131069_87128@215,104=22.8(m)"
    ],
    "notes": "station platform by the L.B.; small dot directly above the figures; 14x confirms 8"
   },
   "geometry": {
    "type": "Point",
    "coordinates": [
     -0.0029281,
     51.5425796
    ]
   }
  },
  {
   "type": "Feature",
   "properties": {
    "id": "sh_540914_184521",
    "type": "spot",
    "value_ft": 32.9,
    "raw": "32·9",
    "confidence": "medium",
    "n_readings": 1,
    "readers": [
     "opus-k"
    ],
    "mosaics": [
     "m18_131093_87128"
    ],
    "bng_e": 540914.15,
    "bng_n": 184520.72,
    "spread_m": 0.0,
    "datum": "OD Liverpool",
    "source": "OS 1:1056 London 1891-96 via NLS",
    "disputed": false,
    "views": [
     "opus-k:m18_131093_87128@328,275=32.9(m)"
    ],
    "notes": "St George's Road (R O · A D); only dot is just left of figure, between the O and A of ROAD"
   },
   "geometry": {
    "type": "Point",
    "coordinates": [
     0.0306013,
     51.5419997
    ]
   }
  },
  {
   "type": "Feature",
   "properties": {
    "id": "sh_537292_184517",
    "type": "bench_mark",
    "value_ft": 23.68,
    "raw": "B.M.23·68",
    "confidence": "high",
    "n_readings": 4,
    "readers": [
     "opus-g",
     "opus-h",
     "opus-j",
     "opus-k"
    ],
    "mosaics": [
     "m18_131054_87125",
     "m18_131054_87128"
    ],
    "bng_e": 537291.59,
    "bng_n": 184516.68,
    "spread_m": 0.62,
    "datum": "OD Liverpool",
    "source": "OS 1:1056 London 1891-96 via NLS",
    "disputed": false,
    "views": [
     "opus-g:m18_131054_87125@581,788=23.68(h)",
     "opus-k:m18_131054_87125@580,786=23.68(h)",
     "opus-h:m18_131054_87128@580,18=23.68(h)",
     "opus-j:m18_131054_87128@580,18=23.68(h)"
    ],
    "notes": "White Post Lane bridge over the Cut; pheon at the parapet left of the text; 7x"
   },
   "geometry": {
    "type": "Point",
    "coordinates": [
     -0.0216038,
     51.5428554
    ]
   }
  },
  {
   "type": "Feature",
   "properties": {
    "id": "sh_540880_184517",
    "type": "spot",
    "value_ft": 33.3,
    "raw": "33·3",
    "confidence": "high",
    "n_readings": 3,
    "readers": [
     "opus-k",
     "opus-m"
    ],
    "mosaics": [
     "m18_131090_87128",
     "m18_131093_87128"
    ],
    "bng_e": 540880.01,
    "bng_n": 184516.67,
    "spread_m": 0.25,
    "datum": "OD Liverpool",
    "source": "OS 1:1056 London 1891-96 via NLS",
    "disputed": false,
    "views": [
     "opus-k:m18_131090_87128@1004,283=33.3(h)",
     "opus-m:m18_131090_87128@1004,284=33.3(h)",
     "opus-k:m18_131093_87128@236,283=33.3(h)"
    ],
    "notes": "St George's Road near east edge; dot right of figure; directly above B.M.34·84"
   },
   "geometry": {
    "type": "Point",
    "coordinates": [
     0.0301078,
     51.5419719
    ]
   }
  },
  {
   "type": "Feature",
   "properties": {
    "id": "sh_538699_184515",
    "type": "spot",
    "value_ft": 17.8,
    "raw": "17·8",
    "confidence": "high",
    "n_readings": 4,
    "readers": [
     "opus-e",
     "opus-f",
     "opus-g",
     "opus-h"
    ],
    "mosaics": [
     "m18_131069_87125",
     "m18_131069_87128"
    ],
    "bng_e": 538698.99,
    "bng_n": 184515.49,
    "spread_m": 0.46,
    "datum": "OD Liverpool",
    "source": "OS 1:1056 London 1891-96 via NLS",
    "disputed": false,
    "views": [
     "opus-e:m18_131069_87125@521,892=17.8(h)",
     "opus-g:m18_131069_87125@521,892=17.8(h)",
     "opus-f:m18_131069_87128@521,126=17.8(h)",
     "opus-h:m18_131069_87128@521,125=17.8(h)"
    ],
    "notes": "William Street; dot above-right of figures, 10x"
   },
   "geometry": {
    "type": "Point",
    "coordinates": [
     -0.0013223,
     51.5425009
    ]
   }
  },
  {
   "type": "Feature",
   "properties": {
    "id": "sh_537745_184514",
    "type": "spot",
    "value_ft": 20.7,
    "raw": "20·7",
    "confidence": "high",
    "n_readings": 3,
    "readers": [
     "opus-c",
     "opus-e"
    ],
    "mosaics": [
     "m18_131060_87125",
     "m18_131060_87128"
    ],
    "bng_e": 537745.33,
    "bng_n": 184514.43,
    "spread_m": 0.25,
    "datum": "OD Liverpool",
    "source": "OS 1:1056 London 1891-96 via NLS",
    "disputed": false,
    "views": [
     "opus-c:m18_131060_87125@263,826=20.7(h)",
     "opus-c:m18_131060_87128@263,58=20.7(h)",
     "opus-e:m18_131060_87128@263,57=20.7(h)"
    ],
    "notes": "open ground south of the Victoria Park Branch; dot above-left of the figures; digits clear at 6x (higher than the surrounding marsh, likely made ground)"
   },
   "geometry": {
    "type": "Point",
    "coordinates": [
     -0.015066,
     51.5427248
    ]
   }
  },
  {
   "type": "Feature",
   "properties": {
    "id": "sh_538833_184513",
    "type": "bench_mark",
    "value_ft": 25.05,
    "raw": "B.M.25·05",
    "confidence": "high",
    "n_readings": 7,
    "readers": [
     "opus-e",
     "opus-f",
     "opus-g",
     "opus-h",
     "opus-i",
     "opus-l"
    ],
    "mosaics": [
     "m18_131069_87125",
     "m18_131069_87128",
     "m18_131072_87125",
     "m18_131072_87128"
    ],
    "bng_e": 538832.74,
    "bng_n": 184513.38,
    "spread_m": 0.93,
    "datum": "OD Liverpool",
    "source": "OS 1:1056 London 1891-96 via NLS",
    "disputed": false,
    "views": [
     "opus-e:m18_131069_87125@878,907=25.05(h)",
     "opus-g:m18_131069_87125@880,908=25.05(h)",
     "opus-f:m18_131069_87128@880,141=25.05(h)",
     "opus-h:m18_131069_87128@880,142=25.05(h)",
     "opus-h:m18_131072_87125@112,910=25.05(h)",
     "opus-i:m18_131072_87128@114,139=25.05(h)",
     "opus-l:m18_131072_87128@113,139=25.05(h)"
    ],
    "notes": "building front on the east side of Angel Lane; pheon ~25 px above-left of the text on the frontage line, 10x digits"
   },
   "geometry": {
    "type": "Point",
    "coordinates": [
     0.0006043,
     51.5424491
    ]
   }
  },
  {
   "type": "Feature",
   "properties": {
    "id": "sh_538827_184513",
    "type": "spot",
    "value_ft": 23.2,
    "raw": "23·2",
    "confidence": "high",
    "n_readings": 7,
    "readers": [
     "opus-e",
     "opus-f",
     "opus-g",
     "opus-h",
     "opus-i",
     "opus-l"
    ],
    "mosaics": [
     "m18_131069_87125",
     "m18_131069_87128",
     "m18_131072_87125",
     "m18_131072_87128"
    ],
    "bng_e": 538827.06,
    "bng_n": 184513.12,
    "spread_m": 1.81,
    "datum": "OD Liverpool",
    "source": "OS 1:1056 London 1891-96 via NLS",
    "disputed": false,
    "views": [
     "opus-e:m18_131069_87125@863,911=23.2(h)",
     "opus-g:m18_131069_87125@864,907=23.2(h)",
     "opus-f:m18_131069_87128@866,140=23.2(h)",
     "opus-h:m18_131069_87128@864,143=23.2(h)",
     "opus-h:m18_131072_87125@96,908=23.2(h)",
     "opus-i:m18_131072_87128@101,138=23.2(h)",
     "opus-l:m18_131072_87128@96,141=23.2(h)"
    ],
    "notes": "Angel Lane at a side-street mouth; dot above-right of figures, 10x"
   },
   "geometry": {
    "type": "Point",
    "coordinates": [
     0.0005223,
     51.5424482
    ]
   }
  },
  {
   "type": "Feature",
   "properties": {
    "id": "sh_540807_184513",
    "type": "spot",
    "value_ft": 34.1,
    "raw": "34·1",
    "confidence": "medium",
    "n_readings": 3,
    "readers": [
     "opus-k",
     "opus-m"
    ],
    "mosaics": [
     "m18_131090_87128",
     "m18_131093_87128"
    ],
    "bng_e": 540807.03,
    "bng_n": 184512.92,
    "spread_m": 0.25,
    "datum": "OD Liverpool",
    "source": "OS 1:1056 London 1891-96 via NLS",
    "disputed": false,
    "views": [
     "opus-k:m18_131090_87128@808,288=34.1(m)",
     "opus-m:m18_131090_87128@807,288=34.1(m)",
     "opus-k:m18_131093_87128@40,288=34.1(m)"
    ],
    "notes": "St George's Road, figure written between 'O.' and 'R' of GEORGE'S; the only dot is the one right after the O (808,288), just left of the figure"
   },
   "geometry": {
    "type": "Point",
    "coordinates": [
     0.0290546,
     51.5419563
    ]
   }
  },
  {
   "type": "Feature",
   "properties": {
    "id": "sh_540881_184510",
    "type": "bench_mark",
    "value_ft": 34.84,
    "raw": "B.M.34·84",
    "confidence": "medium",
    "n_readings": 2,
    "readers": [
     "opus-k",
     "opus-m"
    ],
    "mosaics": [
     "m18_131090_87128"
    ],
    "bng_e": 540880.55,
    "bng_n": 184510.5,
    "spread_m": 0.0,
    "datum": "OD Liverpool",
    "source": "OS 1:1056 London 1891-96 via NLS",
    "disputed": false,
    "views": [
     "opus-m:m18_131090_87128@1005,300=34.84(m)",
     "opus-k:m18_131090_87128@1005,300=34.84(l)"
    ],
    "notes": "by the N of UPTON at east edge; no pheon found within the mosaic (likely just beyond east edge); position = centre of text; 20x digits"
   },
   "geometry": {
    "type": "Point",
    "coordinates": [
     0.0301132,
     51.5419163
    ]
   }
  },
  {
   "type": "Feature",
   "properties": {
    "id": "sh_541057_184508",
    "type": "spot",
    "value_ft": 31.8,
    "raw": "31·8",
    "confidence": "medium",
    "n_readings": 1,
    "readers": [
     "opus-k"
    ],
    "mosaics": [
     "m18_131093_87128"
    ],
    "bng_e": 541057.44,
    "bng_n": 184508.36,
    "spread_m": 0.0,
    "datum": "OD Liverpool",
    "source": "OS 1:1056 London 1891-96 via NLS",
    "disputed": false,
    "views": [
     "opus-k:m18_131093_87128@712,319=31.8(m)"
    ],
    "notes": "boundary lane by B.M.34·17; small double dot just right of figure on the line of large boundary dots, may be a boundary dot"
   },
   "geometry": {
    "type": "Point",
    "coordinates": [
     0.0326613,
     51.5418529
    ]
   }
  },
  {
   "type": "Feature",
   "properties": {
    "id": "sh_540888_184506",
    "type": "bench_mark",
    "value_ft": 34.84,
    "raw": "B.M.34·84",
    "confidence": "low",
    "n_readings": 1,
    "readers": [
     "opus-k"
    ],
    "mosaics": [
     "m18_131093_87128"
    ],
    "bng_e": 540888.5,
    "bng_n": 184505.89,
    "spread_m": 0.0,
    "datum": "OD Liverpool",
    "source": "OS 1:1056 London 1891-96 via NLS",
    "disputed": false,
    "views": [
     "opus-k:m18_131093_87128@258,313=34.84(l)"
    ],
    "notes": "St George's Road; pheon at building corner 15 px right of the text, touching the serif of the large 'N' lettering; third digit read as 8 at 16x on the neighbouring mosaic but 6 not excluded"
   },
   "geometry": {
    "type": "Point",
    "coordinates": [
     0.0302258,
     51.5418729
    ]
   }
  },
  {
   "type": "Feature",
   "properties": {
    "id": "sh_541689_184506",
    "type": "spot",
    "value_ft": 34.4,
    "raw": "34·4",
    "confidence": "high",
    "n_readings": 2,
    "readers": [
     "opus-p",
     "opus-r"
    ],
    "mosaics": [
     "m18_131099_87128"
    ],
    "bng_e": 541688.87,
    "bng_n": 184505.71,
    "spread_m": 0.77,
    "datum": "OD Liverpool",
    "source": "OS 1:1056 London 1891-96 via NLS",
    "disputed": false,
    "views": [
     "opus-p:m18_131099_87128@874,374=34.4(h)",
     "opus-r:m18_131099_87128@870,373=34.4(h)"
    ],
    "notes": "road north of York Road; dot right of the figure; 8x"
   },
   "geometry": {
    "type": "Point",
    "coordinates": [
     0.0417593,
     51.541671
    ]
   }
  },
  {
   "type": "Feature",
   "properties": {
    "id": "sh_541065_184504",
    "type": "bench_mark",
    "value_ft": 34.17,
    "raw": "B.M.34·17",
    "confidence": "high",
    "n_readings": 1,
    "readers": [
     "opus-k"
    ],
    "mosaics": [
     "m18_131093_87128"
    ],
    "bng_e": 541065.36,
    "bng_n": 184504.49,
    "spread_m": 0.0,
    "datum": "OD Liverpool",
    "source": "OS 1:1056 London 1891-96 via NLS",
    "disputed": false,
    "views": [
     "opus-k:m18_131093_87128@733,330=34.17(h)"
    ],
    "notes": "corner of lane and road; pheon below text on building corner"
   },
   "geometry": {
    "type": "Point",
    "coordinates": [
     0.0327739,
     51.5418162
    ]
   }
  },
  {
   "type": "Feature",
   "properties": {
    "id": "sh_538208_184504",
    "type": "spot",
    "value_ft": 16.9,
    "raw": "16·9",
    "confidence": "high",
    "n_readings": 2,
    "readers": [
     "opus-c"
    ],
    "mosaics": [
     "m18_131063_87125",
     "m18_131063_87128"
    ],
    "bng_e": 538208.32,
    "bng_n": 184503.87,
    "spread_m": 0.0,
    "datum": "OD Liverpool",
    "source": "OS 1:1056 London 1891-96 via NLS",
    "disputed": false,
    "views": [
     "opus-c:m18_131063_87125@738,888=16.9(h)",
     "opus-c:m18_131063_87128@738,120=16.9(h)"
    ],
    "notes": "north bank of the river further SE, on the hatched bank; dot upper-left of figures; final 9 confirmed at 8x"
   },
   "geometry": {
    "type": "Point",
    "coordinates": [
     -0.008398,
     51.5425168
    ]
   }
  },
  {
   "type": "Feature",
   "properties": {
    "id": "sh_540742_184502",
    "type": "spot",
    "value_ft": 34.1,
    "raw": "34·1",
    "confidence": "medium",
    "n_readings": 2,
    "readers": [
     "opus-k",
     "opus-m"
    ],
    "mosaics": [
     "m18_131090_87128"
    ],
    "bng_e": 540741.93,
    "bng_n": 184502.01,
    "spread_m": 1.67,
    "datum": "OD Liverpool",
    "source": "OS 1:1056 London 1891-96 via NLS",
    "disputed": false,
    "views": [
     "opus-k:m18_131090_87128@632,308=34.1(m)",
     "opus-m:m18_131090_87128@632,317=34.1(m)"
    ],
    "notes": "St George's Road; only dot is the one after 'T' of 'S T·' just above the figure"
   },
   "geometry": {
    "type": "Point",
    "coordinates": [
     0.0281122,
     51.5418745
    ]
   }
  },
  {
   "type": "Feature",
   "properties": {
    "id": "sh_540452_184501",
    "type": "bench_mark",
    "value_ft": 37.18,
    "raw": "B.M.37·18",
    "confidence": "medium",
    "n_readings": 2,
    "readers": [
     "opus-l",
     "opus-o"
    ],
    "mosaics": [
     "m18_131087_87128"
    ],
    "bng_e": 540451.6,
    "bng_n": 184500.84,
    "spread_m": 1.11,
    "datum": "OD Liverpool",
    "source": "OS 1:1056 London 1891-96 via NLS",
    "disputed": false,
    "views": [
     "opus-l:m18_131087_87128@620,291=37.18(m)",
     "opus-o:m18_131087_87128@620,297=37.18(l)"
    ],
    "notes": "house front, north side of Upton Lane; upward pheon right of text, point at 620,291; last digit read 8 (two closed loops) at 20x and 24x (left side closed), 3 (37·13) less likely"
   },
   "geometry": {
    "type": "Point",
    "coordinates": [
     0.023928,
     51.5419363
    ]
   }
  },
  {
   "type": "Feature",
   "properties": {
    "id": "sh_540611_184500",
    "type": "spot",
    "value_ft": 34.6,
    "raw": "34·6",
    "confidence": "high",
    "n_readings": 2,
    "readers": [
     "opus-k",
     "opus-m"
    ],
    "mosaics": [
     "m18_131090_87128"
    ],
    "bng_e": 540610.95,
    "bng_n": 184500.06,
    "spread_m": 0.0,
    "datum": "OD Liverpool",
    "source": "OS 1:1056 London 1891-96 via NLS",
    "disputed": false,
    "views": [
     "opus-k:m18_131090_87128@280,308=34.6(h)",
     "opus-m:m18_131090_87128@280,308=34.6(m)"
    ],
    "notes": "same lane east of the large 'P' symbol; dot above figure; 6 read at 12x"
   },
   "geometry": {
    "type": "Point",
    "coordinates": [
     0.026224,
     51.5418896
    ]
   }
  },
  {
   "type": "Feature",
   "properties": {
    "id": "sh_540678_184499",
    "type": "spot",
    "value_ft": 34.3,
    "raw": "34·3",
    "confidence": "high",
    "n_readings": 2,
    "readers": [
     "opus-k",
     "opus-m"
    ],
    "mosaics": [
     "m18_131090_87128"
    ],
    "bng_e": 540678.0,
    "bng_n": 184498.76,
    "spread_m": 0.19,
    "datum": "OD Liverpool",
    "source": "OS 1:1056 London 1891-96 via NLS",
    "disputed": false,
    "views": [
     "opus-k:m18_131090_87128@460,316=34.3(h)",
     "opus-m:m18_131090_87128@460,317=34.3(h)"
    ],
    "notes": "road in front of convent; dot right of figure; 3 read at 12x"
   },
   "geometry": {
    "type": "Point",
    "coordinates": [
     0.0271896,
     51.5418612
    ]
   }
  },
  {
   "type": "Feature",
   "properties": {
    "id": "sh_540469_184498",
    "type": "spot",
    "value_ft": 35.2,
    "raw": "35·2",
    "confidence": "medium",
    "n_readings": 2,
    "readers": [
     "opus-l",
     "opus-o"
    ],
    "mosaics": [
     "m18_131087_87128"
    ],
    "bng_e": 540468.61,
    "bng_n": 184498.34,
    "spread_m": 0.19,
    "datum": "OD Liverpool",
    "source": "OS 1:1056 London 1891-96 via NLS",
    "disputed": false,
    "views": [
     "opus-l:m18_131087_87128@666,302=35.2(m)",
     "opus-o:m18_131087_87128@665,302=35.2(m)"
    ],
    "notes": "Upton Lane; black dot at 666,302 just left of the figures and just above the F.P (whose own dot is at 652,309); an orange speck at 660,302 ignored; 8x"
   },
   "geometry": {
    "type": "Point",
    "coordinates": [
     0.0241721,
     51.5419096
    ]
   }
  },
  {
   "type": "Feature",
   "properties": {
    "id": "sh_541214_184497",
    "type": "spot",
    "value_ft": 31.3,
    "raw": "31·3",
    "confidence": "low",
    "n_readings": 1,
    "readers": [
     "opus-m"
    ],
    "mosaics": [
     "m18_131096_87128"
    ],
    "bng_e": 541213.73,
    "bng_n": 184497.11,
    "spread_m": 0.0,
    "datum": "OD Liverpool",
    "source": "OS 1:1056 London 1891-96 via NLS",
    "disputed": false,
    "views": [
     "opus-m:m18_131096_87128@363,361=31.3(l)"
    ],
    "notes": "end of MARLBOROUGH ROAD; last digit 3 or 8 (matches the italic first 3 at 16x); only nearby dots are the A·D interpunct and the F.P. dot; position = centre of figures"
   },
   "geometry": {
    "type": "Point",
    "coordinates": [
     0.034909,
     51.5417127
    ]
   }
  },
  {
   "type": "Feature",
   "properties": {
    "id": "sh_540547_184496",
    "type": "spot",
    "value_ft": 34.7,
    "raw": "34·7",
    "confidence": "high",
    "n_readings": 4,
    "readers": [
     "opus-k",
     "opus-l",
     "opus-m",
     "opus-o"
    ],
    "mosaics": [
     "m18_131087_87128",
     "m18_131090_87128"
    ],
    "bng_e": 540547.24,
    "bng_n": 184495.51,
    "spread_m": 0.59,
    "datum": "OD Liverpool",
    "source": "OS 1:1056 London 1891-96 via NLS",
    "disputed": false,
    "views": [
     "opus-l:m18_131087_87128@877,315=34.7(h)",
     "opus-o:m18_131087_87128@876,314=34.7(h)",
     "opus-m:m18_131090_87128@109,317=34.7(h)",
     "opus-k:m18_131090_87128@108,316=34.7(m)"
    ],
    "notes": "Upton Lane at Khedive Road junction; dot above figures; 8x"
   },
   "geometry": {
    "type": "Point",
    "coordinates": [
     0.025304,
     51.5418645
    ]
   }
  },
  {
   "type": "Feature",
   "properties": {
    "id": "sh_537237_184495",
    "type": "spot",
    "value_ft": 22.3,
    "raw": "22·3",
    "confidence": "medium",
    "n_readings": 4,
    "readers": [
     "opus-g",
     "opus-h",
     "opus-j",
     "opus-k"
    ],
    "mosaics": [
     "m18_131054_87125",
     "m18_131054_87128"
    ],
    "bng_e": 537237.08,
    "bng_n": 184495.34,
    "spread_m": 4.8,
    "datum": "OD Liverpool",
    "source": "OS 1:1056 London 1891-96 via NLS",
    "disputed": false,
    "views": [
     "opus-g:m18_131054_87125@439,833=22.3(m)",
     "opus-k:m18_131054_87125@423,831=22.3(m)",
     "opus-h:m18_131054_87128@432,80=22.3(m)",
     "opus-j:m18_131054_87128@435,80=22.3(m)"
    ],
    "notes": "White Post Lane east; nearest dot is the interpunct between N and E of L A N E, 13 px above; 7x"
   },
   "geometry": {
    "type": "Point",
    "coordinates": [
     -0.0223978,
     51.5426769
    ]
   }
  },
  {
   "type": "Feature",
   "properties": {
    "id": "sh_539978_184492",
    "type": "spot",
    "value_ft": 33.2,
    "raw": "33·2",
    "confidence": "high",
    "n_readings": 3,
    "readers": [
     "opus-o",
     "opus-q",
     "opus-s"
    ],
    "mosaics": [
     "m18_131081_87128",
     "m18_131084_87128"
    ],
    "bng_e": 539978.08,
    "bng_n": 184492.34,
    "spread_m": 3.97,
    "datum": "OD Liverpool",
    "source": "OS 1:1056 London 1891-96 via NLS",
    "disputed": false,
    "views": [
     "opus-o:m18_131084_87128@105,279=33.2(h)",
     "opus-s:m18_131081_87128@890,283=33.2(m)",
     "opus-q:m18_131084_87128@119,283=33.2(m)"
    ],
    "notes": "Corner of Reginald Road and the diagonal road; dot 10 px left of figure at the top of a kerb tick; digits clear at 12x"
   },
   "geometry": {
    "type": "Point",
    "coordinates": [
     0.0171009,
     51.5419774
    ]
   }
  },
  {
   "type": "Feature",
   "properties": {
    "id": "sh_538762_184492",
    "type": "spot",
    "value_ft": 18.8,
    "raw": "18·8",
    "confidence": "high",
    "n_readings": 4,
    "readers": [
     "opus-e",
     "opus-f",
     "opus-g",
     "opus-h"
    ],
    "mosaics": [
     "m18_131069_87125",
     "m18_131069_87128"
    ],
    "bng_e": 538761.9,
    "bng_n": 184491.87,
    "spread_m": 0.46,
    "datum": "OD Liverpool",
    "source": "OS 1:1056 London 1891-96 via NLS",
    "disputed": false,
    "views": [
     "opus-g:m18_131069_87125@688,961=18.8(h)",
     "opus-f:m18_131069_87128@688,194=18.8(h)",
     "opus-h:m18_131069_87128@689,192=18.8(h)",
     "opus-e:m18_131069_87125@688,961=18.8(l)"
    ],
    "notes": "Western Street east; dot left of figures; 7x"
   },
   "geometry": {
    "type": "Point",
    "coordinates": [
     -0.0004251,
     51.5422732
    ]
   }
  },
  {
   "type": "Feature",
   "properties": {
    "id": "sh_540690_184492",
    "type": "bench_mark",
    "value_ft": 36.36,
    "raw": "B.M.36·36",
    "confidence": "low",
    "n_readings": 2,
    "readers": [
     "opus-k",
     "opus-m"
    ],
    "mosaics": [
     "m18_131090_87128"
    ],
    "bng_e": 540689.91,
    "bng_n": 184491.85,
    "spread_m": 0.42,
    "datum": "OD Liverpool",
    "source": "OS 1:1056 London 1891-96 via NLS",
    "disputed": true,
    "values": [
     36.36,
     36.38
    ],
    "values_by_reader": {
     "opus-k": [
      36.36
     ],
     "opus-m": [
      36.38
     ]
    },
    "views": [
     "opus-k:m18_131090_87128@492,337=36.36(l)",
     "opus-m:m18_131090_87128@491,335=36.38(l)"
    ],
    "notes": "convent frontage by large 'T' symbol; pheon below-left of text; at 16x first pair reads 36 (possibly 35) and last digit 6 or 8; review"
   },
   "geometry": {
    "type": "Point",
    "coordinates": [
     0.0273585,
     51.5417961
    ]
   }
  },
  {
   "type": "Feature",
   "properties": {
    "id": "sh_540412_184491",
    "type": "spot",
    "value_ft": 34.9,
    "raw": "34·9",
    "confidence": "high",
    "n_readings": 2,
    "readers": [
     "opus-l",
     "opus-o"
    ],
    "mosaics": [
     "m18_131087_87128"
    ],
    "bng_e": 540412.03,
    "bng_n": 184491.39,
    "spread_m": 0.42,
    "datum": "OD Liverpool",
    "source": "OS 1:1056 London 1891-96 via NLS",
    "disputed": false,
    "views": [
     "opus-l:m18_131087_87128@514,316=34.9(h)",
     "opus-o:m18_131087_87128@512,317=34.9(h)"
    ],
    "notes": "Upton Lane by the Methodist Chapel; dot left of figures; 14x"
   },
   "geometry": {
    "type": "Point",
    "coordinates": [
     0.023354,
     51.5418612
    ]
   }
  },
  {
   "type": "Feature",
   "properties": {
    "id": "sh_538636_184491",
    "type": "spot",
    "value_ft": 17.6,
    "raw": "17·6",
    "confidence": "high",
    "n_readings": 4,
    "readers": [
     "opus-e",
     "opus-f",
     "opus-g",
     "opus-h"
    ],
    "mosaics": [
     "m18_131069_87125",
     "m18_131069_87128"
    ],
    "bng_e": 538636.1,
    "bng_n": 184491.22,
    "spread_m": 0.86,
    "datum": "OD Liverpool",
    "source": "OS 1:1056 London 1891-96 via NLS",
    "disputed": false,
    "views": [
     "opus-g:m18_131069_87125@350,952=17.6(h)",
     "opus-f:m18_131069_87128@352,184=17.6(h)",
     "opus-h:m18_131069_87128@350,187=17.6(h)",
     "opus-e:m18_131069_87125@349,955=17.6(m)"
    ],
    "notes": "road by P.H. south of Eastern Junction; dot above the figures; 7x"
   },
   "geometry": {
    "type": "Point",
    "coordinates": [
     -0.0022383,
     51.5422983
    ]
   }
  },
  {
   "type": "Feature",
   "properties": {
    "id": "sh_538647_184491",
    "type": "bench_mark",
    "value_ft": 19.41,
    "raw": "B.M.19·41",
    "confidence": "high",
    "n_readings": 4,
    "readers": [
     "opus-e",
     "opus-f",
     "opus-g",
     "opus-h"
    ],
    "mosaics": [
     "m18_131069_87125",
     "m18_131069_87128"
    ],
    "bng_e": 538646.53,
    "bng_n": 184490.85,
    "spread_m": 0.66,
    "datum": "OD Liverpool",
    "source": "OS 1:1056 London 1891-96 via NLS",
    "disputed": false,
    "views": [
     "opus-e:m18_131069_87125@377,954=19.41(h)",
     "opus-g:m18_131069_87125@378,955=19.41(h)",
     "opus-f:m18_131069_87128@378,189=19.41(h)",
     "opus-h:m18_131069_87128@380,187=19.41(h)"
    ],
    "notes": "corner of the building south of the Urinal; pheon below-left of the text, 10x"
   },
   "geometry": {
    "type": "Point",
    "coordinates": [
     -0.0020881,
     51.5422924
    ]
   }
  },
  {
   "type": "Feature",
   "properties": {
    "id": "sh_541419_184488",
    "type": "spot",
    "value_ft": 29.5,
    "raw": "29·5",
    "confidence": "high",
    "n_readings": 3,
    "readers": [
     "opus-m",
     "opus-p",
     "opus-r"
    ],
    "mosaics": [
     "m18_131096_87128",
     "m18_131099_87128"
    ],
    "bng_e": 541418.62,
    "bng_n": 184487.59,
    "spread_m": 0.25,
    "datum": "OD Liverpool",
    "source": "OS 1:1056 London 1891-96 via NLS",
    "disputed": false,
    "views": [
     "opus-p:m18_131099_87128@145,402=29.5(h)",
     "opus-r:m18_131099_87128@145,402=29.5(h)",
     "opus-m:m18_131096_87128@912,402=29.5(m)"
    ],
    "notes": "LANE at 'N'; dot above the figure; 5 flat-topped at 12x"
   },
   "geometry": {
    "type": "Point",
    "coordinates": [
     0.0378576,
     51.5415759
    ]
   }
  },
  {
   "type": "Feature",
   "properties": {
    "id": "sh_537311_184486",
    "type": "spot",
    "value_ft": 22.2,
    "raw": "22·2",
    "confidence": "high",
    "n_readings": 4,
    "readers": [
     "opus-g",
     "opus-h",
     "opus-j",
     "opus-k"
    ],
    "mosaics": [
     "m18_131054_87125",
     "m18_131054_87128"
    ],
    "bng_e": 537310.93,
    "bng_n": 184486.48,
    "spread_m": 0.28,
    "datum": "OD Liverpool",
    "source": "OS 1:1056 London 1891-96 via NLS",
    "disputed": false,
    "views": [
     "opus-g:m18_131054_87125@630,869=22.2(h)",
     "opus-k:m18_131054_87125@630,869=22.2(h)",
     "opus-h:m18_131054_87128@630,101=22.2(h)",
     "opus-j:m18_131054_87128@630,102=22.2(h)"
    ],
    "notes": "road east of the Cut; dot left of figures; 7x"
   },
   "geometry": {
    "type": "Point",
    "coordinates": [
     -0.021337,
     51.5425793
    ]
   }
  },
  {
   "type": "Feature",
   "properties": {
    "id": "sh_538735_184486",
    "type": "bench_mark",
    "value_ft": 20.0,
    "raw": "B.M.20·00",
    "confidence": "high",
    "n_readings": 4,
    "readers": [
     "opus-e",
     "opus-f",
     "opus-g",
     "opus-h"
    ],
    "mosaics": [
     "m18_131069_87125",
     "m18_131069_87128"
    ],
    "bng_e": 538734.88,
    "bng_n": 184486.21,
    "spread_m": 0.84,
    "datum": "OD Liverpool",
    "source": "OS 1:1056 London 1891-96 via NLS",
    "disputed": false,
    "views": [
     "opus-e:m18_131069_87125@614,976=20.0(h)",
     "opus-g:m18_131069_87125@617,974=20.0(h)",
     "opus-f:m18_131069_87128@617,205=20.0(h)",
     "opus-h:m18_131069_87128@613,206=20.0(h)"
    ],
    "notes": "house front on Western Street; pheon directly below the text, 10x"
   },
   "geometry": {
    "type": "Point",
    "coordinates": [
     -0.0008167,
     51.542229
    ]
   }
  },
  {
   "type": "Feature",
   "properties": {
    "id": "sh_538276_184486",
    "type": "bench_mark",
    "value_ft": 18.21,
    "raw": "B.M.18·21",
    "confidence": "high",
    "n_readings": 4,
    "readers": [
     "opus-c",
     "opus-d"
    ],
    "mosaics": [
     "m18_131063_87125",
     "m18_131063_87128",
     "m18_131066_87125",
     "m18_131066_87128"
    ],
    "bng_e": 538276.36,
    "bng_n": 184486.05,
    "spread_m": 0.56,
    "datum": "OD Liverpool",
    "source": "OS 1:1056 London 1891-96 via NLS",
    "disputed": false,
    "views": [
     "opus-c:m18_131063_87125@920,941=18.21(h)",
     "opus-c:m18_131063_87128@920,173=18.21(h)",
     "opus-c:m18_131066_87125@152,941=18.21(h)",
     "opus-d:m18_131066_87128@150,173=18.21(h)"
    ],
    "notes": "near Channel Sea Junction, on the railway/bank south of the tracks; pheon left of text; digits clear at 8x"
   },
   "geometry": {
    "type": "Point",
    "coordinates": [
     -0.0074243,
     51.54234
    ]
   }
  },
  {
   "type": "Feature",
   "properties": {
    "id": "sh_537808_184484",
    "type": "spot",
    "value_ft": 18.5,
    "raw": "18·5",
    "confidence": "high",
    "n_readings": 3,
    "readers": [
     "opus-c",
     "opus-e"
    ],
    "mosaics": [
     "m18_131060_87125",
     "m18_131060_87128"
    ],
    "bng_e": 537808.07,
    "bng_n": 184484.08,
    "spread_m": 0.25,
    "datum": "OD Liverpool",
    "source": "OS 1:1056 London 1891-96 via NLS",
    "disputed": false,
    "views": [
     "opus-c:m18_131060_87125@429,912=18.5(h)",
     "opus-c:m18_131060_87128@429,144=18.5(h)",
     "opus-e:m18_131060_87128@430,144=18.5(h)"
    ],
    "notes": "open ground south of the Victoria Park Branch; dot above-left of figures"
   },
   "geometry": {
    "type": "Point",
    "coordinates": [
     -0.0141737,
     51.5424367
    ]
   }
  },
  {
   "type": "Feature",
   "properties": {
    "id": "sh_538290_184481",
    "type": "spot",
    "value_ft": 16.3,
    "raw": "16·3",
    "confidence": "high",
    "n_readings": 4,
    "readers": [
     "opus-c",
     "opus-d"
    ],
    "mosaics": [
     "m18_131063_87125",
     "m18_131063_87128",
     "m18_131066_87125",
     "m18_131066_87128"
    ],
    "bng_e": 538290.18,
    "bng_n": 184481.13,
    "spread_m": 0.39,
    "datum": "OD Liverpool",
    "source": "OS 1:1056 London 1891-96 via NLS",
    "disputed": false,
    "views": [
     "opus-c:m18_131063_87125@956,955=16.3(h)",
     "opus-c:m18_131063_87128@956,187=16.3(h)",
     "opus-c:m18_131066_87125@188,955=16.3(h)",
     "opus-d:m18_131066_87128@189,188=16.3(h)"
    ],
    "notes": "bank just below the B.M.18·21; dot above the figures on the hatched bank; 3 confirmed at 8x"
   },
   "geometry": {
    "type": "Point",
    "coordinates": [
     -0.0072272,
     51.5422924
    ]
   }
  },
  {
   "type": "Feature",
   "properties": {
    "id": "sh_539129_184478",
    "type": "spot",
    "value_ft": 26.6,
    "raw": "26·6",
    "confidence": "medium",
    "n_readings": 2,
    "readers": [
     "opus-i",
     "opus-l"
    ],
    "mosaics": [
     "m18_131072_87128"
    ],
    "bng_e": 539129.24,
    "bng_n": 184477.61,
    "spread_m": 0.42,
    "datum": "OD Liverpool",
    "source": "OS 1:1056 London 1891-96 via NLS",
    "disputed": false,
    "views": [
     "opus-i:m18_131072_87128@905,259=26.6(m)",
     "opus-l:m18_131072_87128@907,258=26.6(m)"
    ],
    "notes": "Romford Road tramway; digits clear; no separate dot, position = centre of figures"
   },
   "geometry": {
    "type": "Point",
    "coordinates": [
     0.0048629,
     51.5420547
    ]
   }
  },
  {
   "type": "Feature",
   "properties": {
    "id": "sh_538721_184477",
    "type": "spot",
    "value_ft": 18.1,
    "raw": "18·1",
    "confidence": "medium",
    "n_readings": 4,
    "readers": [
     "opus-e",
     "opus-f",
     "opus-g",
     "opus-h"
    ],
    "mosaics": [
     "m18_131069_87125",
     "m18_131069_87128"
    ],
    "bng_e": 538721.36,
    "bng_n": 184477.03,
    "spread_m": 1.81,
    "datum": "OD Liverpool",
    "source": "OS 1:1056 London 1891-96 via NLS",
    "disputed": false,
    "views": [
     "opus-e:m18_131069_87125@578,997=18.1(m)",
     "opus-g:m18_131069_87125@583,997=18.1(m)",
     "opus-f:m18_131069_87128@577,231=18.1(m)",
     "opus-h:m18_131069_87128@575,231=18.1(m)"
    ],
    "notes": "Western Street; the survey dot is the interpunct 'N·' after WESTERN; 14x reads 18·1"
   },
   "geometry": {
    "type": "Point",
    "coordinates": [
     -0.0010152,
     51.5421498
    ]
   }
  },
  {
   "type": "Feature",
   "properties": {
    "id": "sh_541632_184475",
    "type": "bench_mark",
    "value_ft": 35.4,
    "raw": "B.M.35·40",
    "confidence": "high",
    "n_readings": 2,
    "readers": [
     "opus-p",
     "opus-r"
    ],
    "mosaics": [
     "m18_131099_87128"
    ],
    "bng_e": 541632.03,
    "bng_n": 184474.79,
    "spread_m": 0.77,
    "datum": "OD Liverpool",
    "source": "OS 1:1056 London 1891-96 via NLS",
    "disputed": false,
    "views": [
     "opus-p:m18_131099_87128@719,453=35.4(h)",
     "opus-r:m18_131099_87128@715,452=35.4(h)"
    ],
    "notes": "York Road house front; pheon left of the text with shaft on the building line, junction at 8x; 40 clear at 16x"
   },
   "geometry": {
    "type": "Point",
    "coordinates": [
     0.0409278,
     51.5414075
    ]
   }
  },
  {
   "type": "Feature",
   "properties": {
    "id": "sh_537161_184474",
    "type": "spot",
    "value_ft": 16.1,
    "raw": "16·1",
    "confidence": "high",
    "n_readings": 4,
    "readers": [
     "opus-g",
     "opus-h",
     "opus-j",
     "opus-k"
    ],
    "mosaics": [
     "m18_131054_87125",
     "m18_131054_87128"
    ],
    "bng_e": 537161.15,
    "bng_n": 184474.36,
    "spread_m": 0.38,
    "datum": "OD Liverpool",
    "source": "OS 1:1056 London 1891-96 via NLS",
    "disputed": false,
    "views": [
     "opus-g:m18_131054_87125@227,892=16.1(h)",
     "opus-k:m18_131054_87125@226,891=16.1(h)",
     "opus-h:m18_131054_87128@227,122=16.1(h)",
     "opus-j:m18_131054_87128@227,123=16.1(h)"
    ],
    "notes": "White Post Lane / Combos Road junction; dot above-left; 7x"
   },
   "geometry": {
    "type": "Point",
    "coordinates": [
     -0.0235002,
     51.5425068
    ]
   }
  },
  {
   "type": "Feature",
   "properties": {
    "id": "sh_537676_184472",
    "type": "spot",
    "value_ft": 14.7,
    "raw": "14·7",
    "confidence": "high",
    "n_readings": 6,
    "readers": [
     "opus-c",
     "opus-d",
     "opus-e",
     "opus-f"
    ],
    "mosaics": [
     "m18_131057_87125",
     "m18_131057_87128",
     "m18_131060_87125",
     "m18_131060_87128"
    ],
    "bng_e": 537675.63,
    "bng_n": 184472.01,
    "spread_m": 0.72,
    "datum": "OD Liverpool",
    "source": "OS 1:1056 London 1891-96 via NLS",
    "disputed": false,
    "views": [
     "opus-d:m18_131057_87125@841,935=14.7(h)",
     "opus-f:m18_131057_87125@841,935=14.7(h)",
     "opus-e:m18_131057_87128@840,165=14.7(h)",
     "opus-c:m18_131060_87125@73,936=14.7(h)",
     "opus-c:m18_131060_87128@73,168=14.7(h)",
     "opus-e:m18_131060_87128@72,166=14.7(h)"
    ],
    "notes": "corner of the enclosure by the county boundary (SE); dot above-left of figures at 6x"
   },
   "geometry": {
    "type": "Point",
    "coordinates": [
     -0.016087,
     51.5423605
    ]
   }
  },
  {
   "type": "Feature",
   "properties": {
    "id": "sh_538370_184471",
    "type": "spot",
    "value_ft": 16.3,
    "raw": "16·3",
    "confidence": "high",
    "n_readings": 2,
    "readers": [
     "opus-c",
     "opus-d"
    ],
    "mosaics": [
     "m18_131066_87125",
     "m18_131066_87128"
    ],
    "bng_e": 538369.64,
    "bng_n": 184471.32,
    "spread_m": 0.19,
    "datum": "OD Liverpool",
    "source": "OS 1:1056 London 1891-96 via NLS",
    "disputed": false,
    "views": [
     "opus-c:m18_131066_87125@401,987=16.3(h)",
     "opus-d:m18_131066_87128@401,220=16.3(h)"
    ],
    "notes": "hatched bank south of the Victoria Park Branch; dot above-right of figures; figures whole above the south edge"
   },
   "geometry": {
    "type": "Point",
    "coordinates": [
     -0.0060859,
     51.5421848
    ]
   }
  },
  {
   "type": "Feature",
   "properties": {
    "id": "sh_541605_184469",
    "type": "spot",
    "value_ft": 32.8,
    "raw": "32·8",
    "confidence": "medium",
    "n_readings": 2,
    "readers": [
     "opus-p",
     "opus-r"
    ],
    "mosaics": [
     "m18_131099_87128"
    ],
    "bng_e": 541605.19,
    "bng_n": 184469.4,
    "spread_m": 0.42,
    "datum": "OD Liverpool",
    "source": "OS 1:1056 London 1891-96 via NLS",
    "disputed": false,
    "views": [
     "opus-p:m18_131099_87128@644,466=32.8(m)",
     "opus-r:m18_131099_87128@645,464=32.8(l)"
    ],
    "notes": "York Road after 'K'; dot left of the figure; final digit reads 8 (two closed loops) at 12x and 16x, unlike the open 3 in the same figure; YORK ROAD has no interpuncts"
   },
   "geometry": {
    "type": "Point",
    "coordinates": [
     0.0405389,
     51.5413658
    ]
   }
  },
  {
   "type": "Feature",
   "properties": {
    "id": "sh_541058_184468",
    "type": "spot",
    "value_ft": 32.2,
    "raw": "32·2",
    "confidence": "medium",
    "n_readings": 1,
    "readers": [
     "opus-k"
    ],
    "mosaics": [
     "m18_131093_87128"
    ],
    "bng_e": 541058.2,
    "bng_n": 184467.54,
    "spread_m": 0.0,
    "datum": "OD Liverpool",
    "source": "OS 1:1056 London 1891-96 via NLS",
    "disputed": false,
    "views": [
     "opus-k:m18_131093_87128@711,429=32.2(m)"
    ],
    "notes": "boundary lane at St George's Square; extra dots beside figure on the boundary dot line"
   },
   "geometry": {
    "type": "Point",
    "coordinates": [
     0.0326559,
     51.5414859
    ]
   }
  },
  {
   "type": "Feature",
   "properties": {
    "id": "sh_538539_184467",
    "type": "spot",
    "value_ft": 24.2,
    "raw": "24·2",
    "confidence": "medium",
    "n_readings": 6,
    "readers": [
     "opus-c",
     "opus-d",
     "opus-e",
     "opus-f",
     "opus-g",
     "opus-h"
    ],
    "mosaics": [
     "m18_131066_87125",
     "m18_131066_87128",
     "m18_131069_87125",
     "m18_131069_87128"
    ],
    "bng_e": 538538.75,
    "bng_n": 184467.46,
    "spread_m": 3.41,
    "datum": "OD Liverpool",
    "source": "OS 1:1056 London 1891-96 via NLS",
    "disputed": false,
    "views": [
     "opus-d:m18_131066_87128@862,241=24.2(m)",
     "opus-e:m18_131069_87125@80,1012=24.2(m)",
     "opus-g:m18_131069_87125@95,1008=24.2(m)",
     "opus-f:m18_131069_87128@82,245=24.2(m)",
     "opus-h:m18_131069_87128@93,240=24.2(m)",
     "opus-c:m18_131066_87125@846,1012=24.2(l)"
    ],
    "notes": "railway at Stratford (Low Level approach); figures clear at 8x among the rails; dot taken as the tick on the rail right of figures"
   },
   "geometry": {
    "type": "Point",
    "coordinates": [
     -0.0036505,
     51.5421086
    ]
   }
  },
  {
   "type": "Feature",
   "properties": {
    "id": "sh_537831_184464",
    "type": "bench_mark",
    "value_ft": 18.92,
    "raw": "B.M.18·92",
    "confidence": "high",
    "n_readings": 3,
    "readers": [
     "opus-c",
     "opus-e"
    ],
    "mosaics": [
     "m18_131060_87125",
     "m18_131060_87128"
    ],
    "bng_e": 537831.45,
    "bng_n": 184463.68,
    "spread_m": 0.55,
    "datum": "OD Liverpool",
    "source": "OS 1:1056 London 1891-96 via NLS",
    "disputed": false,
    "views": [
     "opus-c:m18_131060_87125@490,969=18.92(h)",
     "opus-c:m18_131060_87128@490,201=18.92(h)",
     "opus-e:m18_131060_87128@492,200=18.92(h)"
    ],
    "notes": "small building south of the Victoria Park Branch; pheon right of the text on the building corner; digits clear at 6x"
   },
   "geometry": {
    "type": "Point",
    "coordinates": [
     -0.0138447,
     51.5422477
    ]
   }
  },
  {
   "type": "Feature",
   "properties": {
    "id": "sh_538960_184459",
    "type": "spot",
    "value_ft": 24.3,
    "raw": "24·3",
    "confidence": "medium",
    "n_readings": 1,
    "readers": [
     "opus-i"
    ],
    "mosaics": [
     "m18_131072_87128"
    ],
    "bng_e": 538960.01,
    "bng_n": 184458.68,
    "spread_m": 0.0,
    "datum": "OD Liverpool",
    "source": "OS 1:1056 London 1891-96 via NLS",
    "disputed": false,
    "views": [
     "opus-i:m18_131072_87128@450,297=24.3(m)"
    ],
    "notes": "Broadway west of St John's churchyard; no survey dot found (the dot at 441,320 belongs to an H); position = centre of figures"
   },
   "geometry": {
    "type": "Point",
    "coordinates": [
     0.0024167,
     51.5419263
    ]
   }
  },
  {
   "type": "Feature",
   "properties": {
    "id": "sh_538971_184458",
    "type": "spot",
    "value_ft": 24.3,
    "raw": "24·3",
    "confidence": "medium",
    "n_readings": 1,
    "readers": [
     "opus-l"
    ],
    "mosaics": [
     "m18_131072_87128"
    ],
    "bng_e": 538971.21,
    "bng_n": 184457.5,
    "spread_m": 0.0,
    "datum": "OD Liverpool",
    "source": "OS 1:1056 London 1891-96 via NLS",
    "disputed": false,
    "views": [
     "opus-l:m18_131072_87128@480,301=24.3(m)"
    ],
    "notes": "Broadway west carriageway; figures 443-458,297; isolated dot on tramway rail at 480,301 (5x) taken as survey dot"
   },
   "geometry": {
    "type": "Point",
    "coordinates": [
     0.0025776,
     51.5419129
    ]
   }
  },
  {
   "type": "Feature",
   "properties": {
    "id": "sh_539059_184457",
    "type": "spot",
    "value_ft": 24.3,
    "raw": "24·3",
    "confidence": "medium",
    "n_readings": 2,
    "readers": [
     "opus-i",
     "opus-l"
    ],
    "mosaics": [
     "m18_131072_87128"
    ],
    "bng_e": 539058.72,
    "bng_n": 184456.55,
    "spread_m": 0.37,
    "datum": "OD Liverpool",
    "source": "OS 1:1056 London 1891-96 via NLS",
    "disputed": false,
    "views": [
     "opus-i:m18_131072_87128@716,310=24.3(m)",
     "opus-l:m18_131072_87128@714,310=24.3(m)"
    ],
    "notes": "Romford Road tramway east of the churchyard; figure at 728,322; dot between the rails 15 px NW (the dot at 736,311 belongs to the H)"
   },
   "geometry": {
    "type": "Point",
    "coordinates": [
     0.0038383,
     51.5418829
    ]
   }
  },
  {
   "type": "Feature",
   "properties": {
    "id": "sh_541223_184456",
    "type": "spot",
    "value_ft": 31.6,
    "raw": "31·6",
    "confidence": "medium",
    "n_readings": 1,
    "readers": [
     "opus-m"
    ],
    "mosaics": [
     "m18_131096_87128"
    ],
    "bng_e": 541223.06,
    "bng_n": 184456.15,
    "spread_m": 0.0,
    "datum": "OD Liverpool",
    "source": "OS 1:1056 London 1891-96 via NLS",
    "disputed": false,
    "views": [
     "opus-m:m18_131096_87128@385,472=31.6(m)"
    ],
    "notes": "JEPHSON ROAD north; isolated dot below-left of figure; last digit 6 at 16x, 6/8 doubt at 24x"
   },
   "geometry": {
    "type": "Point",
    "coordinates": [
     0.035027,
     51.5413424
    ]
   }
  },
  {
   "type": "Feature",
   "properties": {
    "id": "sh_539735_184455",
    "type": "spot",
    "value_ft": 26.6,
    "raw": "26·6",
    "confidence": "medium",
    "n_readings": 1,
    "readers": [
     "opus-s"
    ],
    "mosaics": [
     "m18_131081_87128"
    ],
    "bng_e": 539735.14,
    "bng_n": 184455.45,
    "spread_m": 0.0,
    "datum": "OD Liverpool",
    "source": "OS 1:1056 London 1891-96 via NLS",
    "disputed": false,
    "views": [
     "opus-s:m18_131081_87128@228,363=26.6(m)"
    ],
    "notes": "Fairland Road South near its south end; digits clear at 12x; no survey dot found within 40 px (only the H hydrant dot at 218,351), position = centre of figures"
   },
   "geometry": {
    "type": "Point",
    "coordinates": [
     0.0135854,
     51.5417061
    ]
   }
  },
  {
   "type": "Feature",
   "properties": {
    "id": "sh_538659_184455",
    "type": "spot",
    "value_ft": 17.9,
    "raw": "17·9",
    "confidence": "high",
    "n_readings": 2,
    "readers": [
     "opus-f",
     "opus-h"
    ],
    "mosaics": [
     "m18_131069_87128"
    ],
    "bng_e": 538658.77,
    "bng_n": 184455.08,
    "spread_m": 0.26,
    "datum": "OD Liverpool",
    "source": "OS 1:1056 London 1891-96 via NLS",
    "disputed": false,
    "views": [
     "opus-f:m18_131069_87128@409,284=17.9(h)",
     "opus-h:m18_131069_87128@408,285=17.9(h)"
    ],
    "notes": "junction of Martin Street and Western Street; dot above figures, 8x"
   },
   "geometry": {
    "type": "Point",
    "coordinates": [
     -0.0019258,
     51.541968
    ]
   }
  },
  {
   "type": "Feature",
   "properties": {
    "id": "sh_538844_184453",
    "type": "spot",
    "value_ft": 23.1,
    "raw": "23·1",
    "confidence": "high",
    "n_readings": 4,
    "readers": [
     "opus-f",
     "opus-h",
     "opus-i",
     "opus-l"
    ],
    "mosaics": [
     "m18_131069_87128",
     "m18_131072_87128"
    ],
    "bng_e": 538844.02,
    "bng_n": 184453.18,
    "spread_m": 0.65,
    "datum": "OD Liverpool",
    "source": "OS 1:1056 London 1891-96 via NLS",
    "disputed": false,
    "views": [
     "opus-f:m18_131069_87128@906,302=23.1(h)",
     "opus-h:m18_131069_87128@906,305=23.1(h)",
     "opus-i:m18_131072_87128@138,304=23.1(h)",
     "opus-l:m18_131072_87128@138,302=23.1(h)"
    ],
    "notes": "Angel Lane south; dot above figures, 8x"
   },
   "geometry": {
    "type": "Point",
    "coordinates": [
     0.000743,
     51.5419054
    ]
   }
  },
  {
   "type": "Feature",
   "properties": {
    "id": "sh_539983_184452",
    "type": "bench_mark",
    "value_ft": 35.21,
    "raw": "B.M.35·21",
    "confidence": "high",
    "n_readings": 3,
    "readers": [
     "opus-o",
     "opus-q",
     "opus-s"
    ],
    "mosaics": [
     "m18_131081_87128",
     "m18_131084_87128"
    ],
    "bng_e": 539983.02,
    "bng_n": 184452.38,
    "spread_m": 0.51,
    "datum": "OD Liverpool",
    "source": "OS 1:1056 London 1891-96 via NLS",
    "disputed": false,
    "views": [
     "opus-s:m18_131081_87128@893,389=35.21(h)",
     "opus-o:m18_131084_87128@125,390=35.21(h)",
     "opus-q:m18_131084_87128@127,390=35.21(h)"
    ],
    "notes": "Ham Park Road frontage at corner of the road with the boundary; pheon on building corner ~30 px NE of text; digits clear at 12x"
   },
   "geometry": {
    "type": "Point",
    "coordinates": [
     0.0171563,
     51.5416171
    ]
   }
  },
  {
   "type": "Feature",
   "properties": {
    "id": "sh_540048_184452",
    "type": "spot",
    "value_ft": 34.6,
    "raw": "34·6",
    "confidence": "medium",
    "n_readings": 1,
    "readers": [
     "opus-q"
    ],
    "mosaics": [
     "m18_131084_87128"
    ],
    "bng_e": 540048.31,
    "bng_n": 184451.83,
    "spread_m": 0.0,
    "datum": "OD Liverpool",
    "source": "OS 1:1056 London 1891-96 via NLS",
    "disputed": false,
    "views": [
     "opus-q:m18_131084_87128@301,396=34.6(m)"
    ],
    "notes": "Ham Park Road / park gate at SE corner of Reginald Road block; digits clear at 8x; dot taken as the filled dot of the gate symbol left of the figure"
   },
   "geometry": {
    "type": "Point",
    "coordinates": [
     0.0180969,
     51.541596
    ]
   }
  },
  {
   "type": "Feature",
   "properties": {
    "id": "sh_540055_184452",
    "type": "spot",
    "value_ft": 34.6,
    "raw": "34·6",
    "confidence": "medium",
    "n_readings": 1,
    "readers": [
     "opus-o"
    ],
    "mosaics": [
     "m18_131084_87128"
    ],
    "bng_e": 540055.39,
    "bng_n": 184451.65,
    "spread_m": 0.0,
    "datum": "OD Liverpool",
    "source": "OS 1:1056 London 1891-96 via NLS",
    "disputed": false,
    "views": [
     "opus-o:m18_131084_87128@320,397=34.6(m)"
    ],
    "notes": "Ham Park Road at the C.F.P. corner beside a post/lamp symbol; digits clear at 12x; no separate survey dot (circle symbol to the left), position = centre of figures"
   },
   "geometry": {
    "type": "Point",
    "coordinates": [
     0.0181988,
     51.5415926
    ]
   }
  },
  {
   "type": "Feature",
   "properties": {
    "id": "sh_539818_184448",
    "type": "bench_mark",
    "value_ft": 30.7,
    "raw": "B.M.30·70",
    "confidence": "high",
    "n_readings": 1,
    "readers": [
     "opus-s"
    ],
    "mosaics": [
     "m18_131081_87128"
    ],
    "bng_e": 539818.37,
    "bng_n": 184447.72,
    "spread_m": 0.0,
    "datum": "OD Liverpool",
    "source": "OS 1:1056 London 1891-96 via NLS",
    "disputed": false,
    "views": [
     "opus-s:m18_131081_87128@451,390=30.7(h)"
    ],
    "notes": "West Ham Park Board School (Boys Girls & Infants), SW corner; pheon on building corner above text; digits clear at 12x"
   },
   "geometry": {
    "type": "Point",
    "coordinates": [
     0.0147817,
     51.541616
    ]
   }
  },
  {
   "type": "Feature",
   "properties": {
    "id": "sh_538442_184444",
    "type": "spot",
    "value_ft": 16.4,
    "raw": "16·4",
    "confidence": "high",
    "n_readings": 1,
    "readers": [
     "opus-d"
    ],
    "mosaics": [
     "m18_131066_87128"
    ],
    "bng_e": 538442.24,
    "bng_n": 184443.79,
    "spread_m": 0.0,
    "datum": "OD Liverpool",
    "source": "OS 1:1056 London 1891-96 via NLS",
    "disputed": false,
    "views": [
     "opus-d:m18_131066_87128@594,299=16.4(h)"
    ],
    "notes": "Channel Sea River at the Foot Bridge by Fork Junction; dot below-right of figures at the bridge end, 6x"
   },
   "geometry": {
    "type": "Point",
    "coordinates": [
     -0.0050506,
     51.5419196
    ]
   }
  },
  {
   "type": "Feature",
   "properties": {
    "id": "sh_537879_184443",
    "type": "spot",
    "value_ft": 16.9,
    "raw": "16·9",
    "confidence": "high",
    "n_readings": 2,
    "readers": [
     "opus-c",
     "opus-e"
    ],
    "mosaics": [
     "m18_131060_87128"
    ],
    "bng_e": 537878.86,
    "bng_n": 184442.75,
    "spread_m": 0.26,
    "datum": "OD Liverpool",
    "source": "OS 1:1056 London 1891-96 via NLS",
    "disputed": false,
    "views": [
     "opus-c:m18_131060_87128@616,261=16.9(h)",
     "opus-e:m18_131060_87128@617,260=16.9(h)"
    ],
    "notes": "Channel Sea siding/track east of the Tallow Works, between the dotted fence lines; dot left of figures"
   },
   "geometry": {
    "type": "Point",
    "coordinates": [
     -0.0131696,
     51.542048
    ]
   }
  },
  {
   "type": "Feature",
   "properties": {
    "id": "sh_539995_184442",
    "type": "spot",
    "value_ft": 33.4,
    "raw": "33·4",
    "confidence": "high",
    "n_readings": 3,
    "readers": [
     "opus-o",
     "opus-q",
     "opus-s"
    ],
    "mosaics": [
     "m18_131081_87128",
     "m18_131084_87128"
    ],
    "bng_e": 539994.73,
    "bng_n": 184442.06,
    "spread_m": 3.22,
    "datum": "OD Liverpool",
    "source": "OS 1:1056 London 1891-96 via NLS",
    "disputed": false,
    "views": [
     "opus-o:m18_131084_87128@148,416=33.4(h)",
     "opus-s:m18_131081_87128@928,420=33.4(m)",
     "opus-q:m18_131084_87128@161,419=33.4(m)"
    ],
    "notes": "Ham Park Road just east of B.M.35.21; dot directly left of figure; digits clear at 10x"
   },
   "geometry": {
    "type": "Point",
    "coordinates": [
     0.0173208,
     51.5415214
    ]
   }
  },
  {
   "type": "Feature",
   "properties": {
    "id": "sh_540184_184441",
    "type": "bench_mark",
    "value_ft": 35.79,
    "raw": "B.M.35·79",
    "confidence": "high",
    "n_readings": 2,
    "readers": [
     "opus-o",
     "opus-q"
    ],
    "mosaics": [
     "m18_131084_87128"
    ],
    "bng_e": 540183.93,
    "bng_n": 184440.72,
    "spread_m": 0.19,
    "datum": "OD Liverpool",
    "source": "OS 1:1056 London 1891-96 via NLS",
    "disputed": false,
    "views": [
     "opus-q:m18_131084_87128@664,436=35.79(h)",
     "opus-o:m18_131084_87128@665,436=35.79(m)"
    ],
    "notes": "building on NE corner of Ham Park Road and the north-south road, by L.B.; text 670-690,413; pheon apex 664,436 at 8x"
   },
   "geometry": {
    "type": "Point",
    "coordinates": [
     0.0200468,
     51.5414625
    ]
   }
  },
  {
   "type": "Feature",
   "properties": {
    "id": "sh_541535_184439",
    "type": "spot",
    "value_ft": 31.4,
    "raw": "31·4",
    "confidence": "high",
    "n_readings": 2,
    "readers": [
     "opus-p",
     "opus-r"
    ],
    "mosaics": [
     "m18_131099_87128"
    ],
    "bng_e": 541534.74,
    "bng_n": 184439.4,
    "spread_m": 0.77,
    "datum": "OD Liverpool",
    "source": "OS 1:1056 London 1891-96 via NLS",
    "disputed": false,
    "views": [
     "opus-p:m18_131099_87128@455,540=31.4(h)",
     "opus-r:m18_131099_87128@451,541=31.4(h)"
    ],
    "notes": "York Road west; dot right of the figure; 8x"
   },
   "geometry": {
    "type": "Point",
    "coordinates": [
     0.0395116,
     51.5411139
    ]
   }
  },
  {
   "type": "Feature",
   "properties": {
    "id": "sh_540104_184437",
    "type": "spot",
    "value_ft": 34.6,
    "raw": "34·6",
    "confidence": "medium",
    "n_readings": 2,
    "readers": [
     "opus-o",
     "opus-q"
    ],
    "mosaics": [
     "m18_131084_87128"
    ],
    "bng_e": 540104.18,
    "bng_n": 184437.22,
    "spread_m": 2.77,
    "datum": "OD Liverpool",
    "source": "OS 1:1056 London 1891-96 via NLS",
    "disputed": false,
    "views": [
     "opus-o:m18_131084_87128@443,442=34.6(m)",
     "opus-q:m18_131084_87128@457,437=34.6(m)"
    ],
    "notes": "Ham Park Road by C.R. and F.P., beside a post symbol; digits clear at 12x (6 matches other 6s); dot not identified, position = centre of figures"
   },
   "geometry": {
    "type": "Point",
    "coordinates": [
     0.0188962,
     51.5414508
    ]
   }
  },
  {
   "type": "Feature",
   "properties": {
    "id": "sh_537691_184437",
    "type": "bench_mark",
    "value_ft": 14.25,
    "raw": "B.M.14·25",
    "confidence": "medium",
    "n_readings": 3,
    "readers": [
     "opus-c",
     "opus-e"
    ],
    "mosaics": [
     "m18_131057_87128",
     "m18_131060_87128"
    ],
    "bng_e": 537691.35,
    "bng_n": 184436.73,
    "spread_m": 0.25,
    "datum": "OD Liverpool",
    "source": "OS 1:1056 London 1891-96 via NLS",
    "disputed": false,
    "views": [
     "opus-e:m18_131057_87128@880,263=14.25(m)",
     "opus-c:m18_131060_87128@113,263=14.25(m)",
     "opus-e:m18_131060_87128@112,263=14.25(m)"
    ],
    "notes": "under the curved embankment by the Und./Def. boundary stones; digits clear; no pheon found, position = centre of figures (overlap with m18_131060_87128)"
   },
   "geometry": {
    "type": "Point",
    "coordinates": [
     -0.0158742,
     51.5420397
    ]
   }
  },
  {
   "type": "Feature",
   "properties": {
    "id": "sh_540557_184436",
    "type": "spot",
    "value_ft": 34.3,
    "raw": "34·3",
    "confidence": "high",
    "n_readings": 4,
    "readers": [
     "opus-k",
     "opus-l",
     "opus-m",
     "opus-o"
    ],
    "mosaics": [
     "m18_131087_87128",
     "m18_131090_87128"
    ],
    "bng_e": 540557.06,
    "bng_n": 184436.37,
    "spread_m": 0.26,
    "datum": "OD Liverpool",
    "source": "OS 1:1056 London 1891-96 via NLS",
    "disputed": false,
    "views": [
     "opus-l:m18_131087_87128@899,475=34.3(h)",
     "opus-k:m18_131090_87128@130,476=34.3(h)",
     "opus-m:m18_131090_87128@131,475=34.3(h)",
     "opus-o:m18_131087_87128@898,476=34.3(m)"
    ],
    "notes": "Khedive Road; dot above figures; last digit open on the left (3) at 20x"
   },
   "geometry": {
    "type": "Point",
    "coordinates": [
     0.025422,
     51.5413307
    ]
   }
  },
  {
   "type": "Feature",
   "properties": {
    "id": "sh_540178_184435",
    "type": "spot",
    "value_ft": 35.6,
    "raw": "35·6",
    "confidence": "medium",
    "n_readings": 2,
    "readers": [
     "opus-o",
     "opus-q"
    ],
    "mosaics": [
     "m18_131084_87128"
    ],
    "bng_e": 540178.33,
    "bng_n": 184434.62,
    "spread_m": 0.0,
    "datum": "OD Liverpool",
    "source": "OS 1:1056 London 1891-96 via NLS",
    "disputed": true,
    "values": [
     35.0,
     35.6
    ],
    "values_by_reader": {
     "opus-o": [
      35.6
     ],
     "opus-q": [
      35.0
     ]
    },
    "views": [
     "opus-o:m18_131084_87128@649,452=35.6(m)",
     "opus-q:m18_131084_87128@649,452=35.0(l)"
    ],
    "notes": "Ham Park Road at the N-S road junction; dot clear left of figure; final digit G-shaped, read 35.0 at 2x but matches the known 6s at 14-20x (alt 35.0)"
   },
   "geometry": {
    "type": "Point",
    "coordinates": [
     0.0199637,
     51.5414091
    ]
   }
  },
  {
   "type": "Feature",
   "properties": {
    "id": "sh_540375_184434",
    "type": "spot",
    "value_ft": 34.2,
    "raw": "34·2",
    "confidence": "medium",
    "n_readings": 1,
    "readers": [
     "opus-o"
    ],
    "mosaics": [
     "m18_131087_87128"
    ],
    "bng_e": 540374.52,
    "bng_n": 184434.48,
    "spread_m": 0.0,
    "datum": "OD Liverpool",
    "source": "OS 1:1056 London 1891-96 via NLS",
    "disputed": false,
    "views": [
     "opus-o:m18_131087_87128@408,467=34.2(m)"
    ],
    "notes": "Ham Park Road/Dorris Road corner at the Ward boundary; dot left of figure may be part of the C.R. dash-dot boundary; digits clear at 6x"
   },
   "geometry": {
    "type": "Point",
    "coordinates": [
     0.0227907,
     51.5413591
    ]
   }
  },
  {
   "type": "Feature",
   "properties": {
    "id": "sh_540385_184434",
    "type": "spot",
    "value_ft": 34.2,
    "raw": "34·2",
    "confidence": "medium",
    "n_readings": 1,
    "readers": [
     "opus-l"
    ],
    "mosaics": [
     "m18_131087_87128"
    ],
    "bng_e": 540384.95,
    "bng_n": 184434.39,
    "spread_m": 0.0,
    "datum": "OD Liverpool",
    "source": "OS 1:1056 London 1891-96 via NLS",
    "disputed": false,
    "views": [
     "opus-l:m18_131087_87128@436,468=34.2(m)"
    ],
    "notes": "Park Road / Dorris Road corner at the Ward boundary; dot at 424,467 is part of the dash-dot boundary line; position = centre of figures; 8x"
   },
   "geometry": {
    "type": "Point",
    "coordinates": [
     0.0229409,
     51.5413557
    ]
   }
  },
  {
   "type": "Feature",
   "properties": {
    "id": "sh_539936_184434",
    "type": "spot",
    "value_ft": 31.5,
    "raw": "31·5",
    "confidence": "medium",
    "n_readings": 1,
    "readers": [
     "opus-s"
    ],
    "mosaics": [
     "m18_131081_87128"
    ],
    "bng_e": 539936.39,
    "bng_n": 184433.52,
    "spread_m": 0.0,
    "datum": "OD Liverpool",
    "source": "OS 1:1056 London 1891-96 via NLS",
    "disputed": false,
    "views": [
     "opus-s:m18_131081_87128@767,437=31.5(m)"
    ],
    "notes": "Ham Park Road; dot between O and A of ROAD (lettering otherwise not interpunctuated), taken as survey dot; digits clear at 12x"
   },
   "geometry": {
    "type": "Point",
    "coordinates": [
     0.0164768,
     51.5414592
    ]
   }
  },
  {
   "type": "Feature",
   "properties": {
    "id": "sh_540237_184432",
    "type": "spot",
    "value_ft": 34.6,
    "raw": "34·6",
    "confidence": "medium",
    "n_readings": 4,
    "readers": [
     "opus-l",
     "opus-o",
     "opus-q"
    ],
    "mosaics": [
     "m18_131084_87128",
     "m18_131087_87128"
    ],
    "bng_e": 540237.41,
    "bng_n": 184431.99,
    "spread_m": 1.31,
    "datum": "OD Liverpool",
    "source": "OS 1:1056 London 1891-96 via NLS",
    "disputed": true,
    "values": [
     34.6,
     34.8
    ],
    "values_by_reader": {
     "opus-l": [
      34.8
     ],
     "opus-o": [
      34.6
     ],
     "opus-q": [
      34.6
     ]
    },
    "views": [
     "opus-q:m18_131084_87128@809,461=34.6(m)",
     "opus-o:m18_131084_87128@808,461=34.6(l)",
     "opus-l:m18_131087_87128@37,466=34.8(l)",
     "opus-o:m18_131087_87128@40,466=34.6(l)"
    ],
    "notes": "HAM PARK ROAD under 'A·R'; digits clear at 14x; only dot is the lettering interpunct between A and R at 809,461"
   },
   "geometry": {
    "type": "Point",
    "coordinates": [
     0.020814,
     51.5413708
    ]
   }
  },
  {
   "type": "Feature",
   "properties": {
    "id": "sh_537293_184431",
    "type": "spot",
    "value_ft": 21.1,
    "raw": "21·1",
    "confidence": "high",
    "n_readings": 4,
    "readers": [
     "opus-g",
     "opus-h",
     "opus-j",
     "opus-k"
    ],
    "mosaics": [
     "m18_131054_87125",
     "m18_131054_87128"
    ],
    "bng_e": 537293.35,
    "bng_n": 184431.15,
    "spread_m": 0.47,
    "datum": "OD Liverpool",
    "source": "OS 1:1056 London 1891-96 via NLS",
    "disputed": false,
    "views": [
     "opus-k:m18_131054_87125@578,1017=21.1(h)",
     "opus-h:m18_131054_87128@579,248=21.1(h)",
     "opus-j:m18_131054_87128@578,250=21.1(h)",
     "opus-g:m18_131054_87125@580,1017=21.1(m)"
    ],
    "notes": "bank east of Hackney Cut near south edge; dot right of figure; figures end ~3 px above mosaic edge but whole"
   },
   "geometry": {
    "type": "Point",
    "coordinates": [
     -0.0216119,
     51.5420864
    ]
   }
  },
  {
   "type": "Feature",
   "properties": {
    "id": "sh_540302_184431",
    "type": "spot",
    "value_ft": 34.6,
    "raw": "34·6",
    "confidence": "medium",
    "n_readings": 4,
    "readers": [
     "opus-l",
     "opus-o",
     "opus-q"
    ],
    "mosaics": [
     "m18_131084_87128",
     "m18_131087_87128"
    ],
    "bng_e": 540301.84,
    "bng_n": 184430.8,
    "spread_m": 0.79,
    "datum": "OD Liverpool",
    "source": "OS 1:1056 London 1891-96 via NLS",
    "disputed": false,
    "views": [
     "opus-o:m18_131084_87128@980,472=34.6(m)",
     "opus-q:m18_131084_87128@980,472=34.6(m)",
     "opus-l:m18_131087_87128@214,470=34.6(m)",
     "opus-o:m18_131087_87128@212,472=34.6(m)"
    ],
    "notes": "Ham Park Road east end beside 'F.P.'; digits clear at 10x; nearest dots belong to the F.P., position = centre of figures"
   },
   "geometry": {
    "type": "Point",
    "coordinates": [
     0.021742,
     51.5413441
    ]
   }
  },
  {
   "type": "Feature",
   "properties": {
    "id": "sh_541451_184429",
    "type": "spot",
    "value_ft": 30.2,
    "raw": "30·2",
    "confidence": "high",
    "n_readings": 3,
    "readers": [
     "opus-m",
     "opus-p",
     "opus-r"
    ],
    "mosaics": [
     "m18_131096_87128",
     "m18_131099_87128"
    ],
    "bng_e": 541451.39,
    "bng_n": 184429.22,
    "spread_m": 0.88,
    "datum": "OD Liverpool",
    "source": "OS 1:1056 London 1891-96 via NLS",
    "disputed": false,
    "views": [
     "opus-m:m18_131096_87128@998,562=30.2(h)",
     "opus-p:m18_131099_87128@229,561=30.2(h)",
     "opus-r:m18_131099_87128@226,562=30.2(h)"
    ],
    "notes": "POST LANE south-east corner; dot above figure; 8x"
   },
   "geometry": {
    "type": "Point",
    "coordinates": [
     0.0383064,
     51.5410432
    ]
   }
  },
  {
   "type": "Feature",
   "properties": {
    "id": "sh_539021_184429",
    "type": "spot",
    "value_ft": 22.5,
    "raw": "22·5",
    "confidence": "medium",
    "n_readings": 2,
    "readers": [
     "opus-i",
     "opus-l"
    ],
    "mosaics": [
     "m18_131072_87128"
    ],
    "bng_e": 539021.12,
    "bng_n": 184429.16,
    "spread_m": 0.74,
    "datum": "OD Liverpool",
    "source": "OS 1:1056 London 1891-96 via NLS",
    "disputed": false,
    "views": [
     "opus-i:m18_131072_87128@612,379=22.5(m)",
     "opus-l:m18_131072_87128@612,383=22.5(m)"
    ],
    "notes": "Broadway south-east of the churchyard; figure at 636,390; dot on the tramway rail 25 px NW"
   },
   "geometry": {
    "type": "Point",
    "coordinates": [
     0.0032857,
     51.541646
    ]
   }
  },
  {
   "type": "Feature",
   "properties": {
    "id": "sh_538995_184428",
    "type": "bench_mark",
    "value_ft": 27.41,
    "raw": "B.M.27·41",
    "confidence": "medium",
    "n_readings": 2,
    "readers": [
     "opus-i",
     "opus-l"
    ],
    "mosaics": [
     "m18_131072_87128"
    ],
    "bng_e": 538994.74,
    "bng_n": 184427.51,
    "spread_m": 0.19,
    "datum": "OD Liverpool",
    "source": "OS 1:1056 London 1891-96 via NLS",
    "disputed": false,
    "views": [
     "opus-i:m18_131072_87128@541,383=27.41(m)",
     "opus-l:m18_131072_87128@541,384=27.41(m)"
    ],
    "notes": "St John's Church by the Monument; text at 508,402; broad-arrow pheon at the church's south porch 40 px NE; association inferred"
   },
   "geometry": {
    "type": "Point",
    "coordinates": [
     0.0029048,
     51.5416377
    ]
   }
  },
  {
   "type": "Feature",
   "properties": {
    "id": "sh_539879_184424",
    "type": "spot",
    "value_ft": 29.5,
    "raw": "29·5",
    "confidence": "medium",
    "n_readings": 1,
    "readers": [
     "opus-s"
    ],
    "mosaics": [
     "m18_131081_87128"
    ],
    "bng_e": 539878.96,
    "bng_n": 184423.77,
    "spread_m": 0.0,
    "datum": "OD Liverpool",
    "source": "OS 1:1056 London 1891-96 via NLS",
    "disputed": false,
    "views": [
     "opus-s:m18_131081_87128@612,459=29.5(m)"
    ],
    "notes": "Ham Park Road; dot after the A of PARK (lettering otherwise not interpunctuated), taken as survey dot; 5 has flat top at 12x"
   },
   "geometry": {
    "type": "Point",
    "coordinates": [
     0.0156453,
     51.5413858
    ]
   }
  },
  {
   "type": "Feature",
   "properties": {
    "id": "sh_540756_184423",
    "type": "spot",
    "value_ft": 33.4,
    "raw": "33·4",
    "confidence": "medium",
    "n_readings": 2,
    "readers": [
     "opus-k",
     "opus-m"
    ],
    "mosaics": [
     "m18_131090_87128"
    ],
    "bng_e": 540756.41,
    "bng_n": 184422.96,
    "spread_m": 0.19,
    "datum": "OD Liverpool",
    "source": "OS 1:1056 London 1891-96 via NLS",
    "disputed": false,
    "views": [
     "opus-k:m18_131090_87128@665,526=33.4(m)",
     "opus-m:m18_131090_87128@665,527=33.4(m)"
    ],
    "notes": "Wolseley Road; only dot is the interpunct between E and Y of WOLSELE·Y just above figure"
   },
   "geometry": {
    "type": "Point",
    "coordinates": [
     0.0282893,
     51.5411606
    ]
   }
  },
  {
   "type": "Feature",
   "properties": {
    "id": "sh_541234_184422",
    "type": "spot",
    "value_ft": 31.7,
    "raw": "31·7",
    "confidence": "medium",
    "n_readings": 1,
    "readers": [
     "opus-m"
    ],
    "mosaics": [
     "m18_131096_87128"
    ],
    "bng_e": 541234.06,
    "bng_n": 184421.93,
    "spread_m": 0.0,
    "datum": "OD Liverpool",
    "source": "OS 1:1056 London 1891-96 via NLS",
    "disputed": false,
    "views": [
     "opus-m:m18_131096_87128@412,565=31.7(m)"
    ],
    "notes": "JEPHSON ROAD; dot below figure between the H and S of JEPHSON, next to an F.P. (interpunct ambiguity)"
   },
   "geometry": {
    "type": "Point",
    "coordinates": [
     0.0351718,
     51.5410321
    ]
   }
  },
  {
   "type": "Feature",
   "properties": {
    "id": "sh_541478_184421",
    "type": "bench_mark",
    "value_ft": 32.29,
    "raw": "B.M.32·29",
    "confidence": "high",
    "n_readings": 2,
    "readers": [
     "opus-p",
     "opus-r"
    ],
    "mosaics": [
     "m18_131099_87128"
    ],
    "bng_e": 541477.54,
    "bng_n": 184421.28,
    "spread_m": 0.53,
    "datum": "OD Liverpool",
    "source": "OS 1:1056 London 1891-96 via NLS",
    "disputed": false,
    "views": [
     "opus-p:m18_131099_87128@299,586=32.29(h)",
     "opus-r:m18_131099_87128@297,584=32.29(h)"
    ],
    "notes": "corner house at LANE / York Road west end; pheon on the building corner above-left of the text at 8x"
   },
   "geometry": {
    "type": "Point",
    "coordinates": [
     0.0386801,
     51.5409654
    ]
   }
  },
  {
   "type": "Feature",
   "properties": {
    "id": "sh_539820_184414",
    "type": "spot",
    "value_ft": 27.8,
    "raw": "27·8",
    "confidence": "medium",
    "n_readings": 1,
    "readers": [
     "opus-s"
    ],
    "mosaics": [
     "m18_131081_87128"
    ],
    "bng_e": 539819.66,
    "bng_n": 184414.34,
    "spread_m": 0.0,
    "datum": "OD Liverpool",
    "source": "OS 1:1056 London 1891-96 via NLS",
    "disputed": false,
    "views": [
     "opus-s:m18_131081_87128@452,480=27.8(m)"
    ],
    "notes": "Ham Park Road south of the school; dot directly above the 7; final 8 closed at 12x and blocky 10x but stands alone (no matching digit), so medium"
   },
   "geometry": {
    "type": "Point",
    "coordinates": [
     0.014787,
     51.5413157
    ]
   }
  },
  {
   "type": "Feature",
   "properties": {
    "id": "sh_537177_184410",
    "type": "bench_mark",
    "value_ft": 17.71,
    "raw": "B.M.17·71",
    "confidence": "high",
    "n_readings": 2,
    "readers": [
     "opus-h",
     "opus-j"
    ],
    "mosaics": [
     "m18_131054_87128"
    ],
    "bng_e": 537176.93,
    "bng_n": 184410.37,
    "spread_m": 0.26,
    "datum": "OD Liverpool",
    "source": "OS 1:1056 London 1891-96 via NLS",
    "disputed": false,
    "views": [
     "opus-h:m18_131054_87128@264,297=17.71(h)",
     "opus-j:m18_131054_87128@265,296=17.71(h)"
    ],
    "notes": "Davey Road south end, building by the H; pheon above text; clear at 6x"
   },
   "geometry": {
    "type": "Point",
    "coordinates": [
     -0.0232977,
     51.5419279
    ]
   }
  },
  {
   "type": "Feature",
   "properties": {
    "id": "sh_541462_184408",
    "type": "spot",
    "value_ft": 30.5,
    "raw": "30·5",
    "confidence": "high",
    "n_readings": 2,
    "readers": [
     "opus-p",
     "opus-r"
    ],
    "mosaics": [
     "m18_131099_87128"
    ],
    "bng_e": 541462.47,
    "bng_n": 184407.87,
    "spread_m": 0.19,
    "datum": "OD Liverpool",
    "source": "OS 1:1056 London 1891-96 via NLS",
    "disputed": false,
    "views": [
     "opus-r:m18_131099_87128@256,620=30.5(h)",
     "opus-p:m18_131099_87128@257,620=30.5(m)"
    ],
    "notes": "lane at York Road corner; dot left-below figure; final 5 flat top at 12x"
   },
   "geometry": {
    "type": "Point",
    "coordinates": [
     0.0384575,
     51.5408486
    ]
   }
  },
  {
   "type": "Feature",
   "properties": {
    "id": "sh_537350_184408",
    "type": "spot",
    "value_ft": 22.1,
    "raw": "22·1",
    "confidence": "high",
    "n_readings": 2,
    "readers": [
     "opus-h",
     "opus-j"
    ],
    "mosaics": [
     "m18_131054_87128"
    ],
    "bng_e": 537349.54,
    "bng_n": 184407.79,
    "spread_m": 0.0,
    "datum": "OD Liverpool",
    "source": "OS 1:1056 London 1891-96 via NLS",
    "disputed": false,
    "views": [
     "opus-h:m18_131054_87128@728,316=22.1(h)",
     "opus-j:m18_131054_87128@728,316=22.1(h)"
    ],
    "notes": "Hackney Cut east towing path; dot left; figure sits among the spaced 'Towing Path' letters but digits are clear at 8x"
   },
   "geometry": {
    "type": "Point",
    "coordinates": [
     -0.0208112,
     51.5418629
    ]
   }
  },
  {
   "type": "Feature",
   "properties": {
    "id": "sh_538493_184405",
    "type": "spot",
    "value_ft": 24.1,
    "raw": "24·1",
    "confidence": "medium",
    "n_readings": 1,
    "readers": [
     "opus-d"
    ],
    "mosaics": [
     "m18_131066_87128"
    ],
    "bng_e": 538492.79,
    "bng_n": 184405.44,
    "spread_m": 0.0,
    "datum": "OD Liverpool",
    "source": "OS 1:1056 London 1891-96 via NLS",
    "disputed": false,
    "views": [
     "opus-d:m18_131066_87128@727,406=24.1(m)"
    ],
    "notes": "railway at Central Junction; final digit crossed by a rail, read as 1 at 10x (7 not excluded); dot right of figures at 8x"
   },
   "geometry": {
    "type": "Point",
    "coordinates": [
     -0.0043371,
     51.5415626
    ]
   }
  },
  {
   "type": "Feature",
   "properties": {
    "id": "sh_540161_184405",
    "type": "spot",
    "value_ft": 34.1,
    "raw": "34·1",
    "confidence": "high",
    "n_readings": 2,
    "readers": [
     "opus-o",
     "opus-q"
    ],
    "mosaics": [
     "m18_131084_87128"
    ],
    "bng_e": 540160.54,
    "bng_n": 184404.8,
    "spread_m": 0.0,
    "datum": "OD Liverpool",
    "source": "OS 1:1056 London 1891-96 via NLS",
    "disputed": false,
    "views": [
     "opus-o:m18_131084_87128@599,531=34.1(h)",
     "opus-q:m18_131084_87128@599,531=34.1(h)"
    ],
    "notes": "West Ham Park path junction at the shrubbery south of Ham Park Road; dot on the junction above-left; digits clear at 6x"
   },
   "geometry": {
    "type": "Point",
    "coordinates": [
     0.0196955,
     51.5411455
    ]
   }
  },
  {
   "type": "Feature",
   "properties": {
    "id": "sh_541055_184404",
    "type": "spot",
    "value_ft": 32.4,
    "raw": "32·4",
    "confidence": "medium",
    "n_readings": 1,
    "readers": [
     "opus-k"
    ],
    "mosaics": [
     "m18_131093_87128"
    ],
    "bng_e": 541055.49,
    "bng_n": 184404.34,
    "spread_m": 0.0,
    "datum": "OD Liverpool",
    "source": "OS 1:1056 London 1891-96 via NLS",
    "disputed": false,
    "views": [
     "opus-k:m18_131093_87128@699,599=32.4(m)"
    ],
    "notes": "boundary lane at Oakdale Road; small double dot just right of figure, on the line of large boundary dots, may be a boundary dot"
   },
   "geometry": {
    "type": "Point",
    "coordinates": [
     0.0325915,
     51.5409187
    ]
   }
  },
  {
   "type": "Feature",
   "properties": {
    "id": "sh_539761_184404",
    "type": "spot",
    "value_ft": 26.4,
    "raw": "26·4",
    "confidence": "high",
    "n_readings": 1,
    "readers": [
     "opus-s"
    ],
    "mosaics": [
     "m18_131081_87128"
    ],
    "bng_e": 539760.76,
    "bng_n": 184403.8,
    "spread_m": 0.0,
    "datum": "OD Liverpool",
    "source": "OS 1:1056 London 1891-96 via NLS",
    "disputed": false,
    "views": [
     "opus-s:m18_131081_87128@293,504=26.4(h)"
    ],
    "notes": "Ham Park Road west end near Amity Road; isolated dot left of figure; digits clear at 12x"
   },
   "geometry": {
    "type": "Point",
    "coordinates": [
     0.0139341,
     51.5412356
    ]
   }
  },
  {
   "type": "Feature",
   "properties": {
    "id": "sh_538690_184404",
    "type": "spot",
    "value_ft": 16.6,
    "raw": "16·6",
    "confidence": "medium",
    "n_readings": 2,
    "readers": [
     "opus-f",
     "opus-h"
    ],
    "mosaics": [
     "m18_131069_87128"
    ],
    "bng_e": 538690.14,
    "bng_n": 184403.77,
    "spread_m": 0.37,
    "datum": "OD Liverpool",
    "source": "OS 1:1056 London 1891-96 via NLS",
    "disputed": false,
    "views": [
     "opus-f:m18_131069_87128@488,425=16.6(m)",
     "opus-h:m18_131069_87128@490,425=16.6(m)"
    ],
    "notes": "written over a building east of Martin Street; digits read 16·6 at 14x (final glyph matches the 6 of 16), no dot found, position = centre of figures"
   },
   "geometry": {
    "type": "Point",
    "coordinates": [
     -0.001494,
     51.5414992
    ]
   }
  },
  {
   "type": "Feature",
   "properties": {
    "id": "sh_537259_184403",
    "type": "bench_mark",
    "value_ft": 23.18,
    "raw": "B.M.23·18",
    "confidence": "high",
    "n_readings": 2,
    "readers": [
     "opus-h",
     "opus-j"
    ],
    "mosaics": [
     "m18_131054_87128"
    ],
    "bng_e": 537259.2,
    "bng_n": 184403.49,
    "spread_m": 0.0,
    "datum": "OD Liverpool",
    "source": "OS 1:1056 London 1891-96 via NLS",
    "disputed": false,
    "views": [
     "opus-j:m18_131054_87128@485,321=23.18(h)",
     "opus-h:m18_131054_87128@485,321=23.18(m)"
    ],
    "notes": "Hertford Union Canal north wall by Lea Chemical Works; pheon right of the text on the wall line, 12x"
   },
   "geometry": {
    "type": "Point",
    "coordinates": [
     -0.0221148,
     51.5418462
    ]
   }
  },
  {
   "type": "Feature",
   "properties": {
    "id": "sh_538520_184400",
    "type": "bench_mark",
    "value_ft": 25.5,
    "raw": "B.M.25·50",
    "confidence": "medium",
    "n_readings": 2,
    "readers": [
     "opus-f",
     "opus-h"
    ],
    "mosaics": [
     "m18_131069_87128"
    ],
    "bng_e": 538519.73,
    "bng_n": 184400.42,
    "spread_m": 0.42,
    "datum": "OD Liverpool",
    "source": "OS 1:1056 London 1891-96 via NLS",
    "disputed": false,
    "views": [
     "opus-f:m18_131069_87128@30,422=25.5(m)",
     "opus-h:m18_131069_87128@32,421=25.5(m)"
    ],
    "notes": "by the Foot Bridge approach near west edge; digits clear at 8x; no pheon found within +-45 px at 6x (may lie beyond the west edge), position = centre of text"
   },
   "geometry": {
    "type": "Point",
    "coordinates": [
     -0.0039509,
     51.5415109
    ]
   }
  },
  {
   "type": "Feature",
   "properties": {
    "id": "sh_538506_184399",
    "type": "bench_mark",
    "value_ft": 25.5,
    "raw": "B.M.25·50",
    "confidence": "high",
    "n_readings": 1,
    "readers": [
     "opus-d"
    ],
    "mosaics": [
     "m18_131066_87128"
    ],
    "bng_e": 538506.0,
    "bng_n": 184398.74,
    "spread_m": 0.0,
    "datum": "OD Liverpool",
    "source": "OS 1:1056 London 1891-96 via NLS",
    "disputed": false,
    "views": [
     "opus-d:m18_131066_87128@762,425=25.5(h)"
    ],
    "notes": "by the station approach near Central Junction; pheon left of text at 6x"
   },
   "geometry": {
    "type": "Point",
    "coordinates": [
     -0.0041494,
     51.5414992
    ]
   }
  },
  {
   "type": "Feature",
   "properties": {
    "id": "sh_537664_184398",
    "type": "spot",
    "value_ft": 17.4,
    "raw": "17·4",
    "confidence": "high",
    "n_readings": 3,
    "readers": [
     "opus-c",
     "opus-e"
    ],
    "mosaics": [
     "m18_131057_87128",
     "m18_131060_87128"
    ],
    "bng_e": 537664.1,
    "bng_n": 184398.37,
    "spread_m": 0.35,
    "datum": "OD Liverpool",
    "source": "OS 1:1056 London 1891-96 via NLS",
    "disputed": false,
    "views": [
     "opus-e:m18_131057_87128@804,364=17.4(h)",
     "opus-e:m18_131060_87128@36,364=17.4(h)",
     "opus-c:m18_131060_87128@37,365=17.4(m)"
    ],
    "notes": "dot on the crest of the western embankment of the channel, 6x (overlap)"
   },
   "geometry": {
    "type": "Point",
    "coordinates": [
     -0.0162819,
     51.5417016
    ]
   }
  },
  {
   "type": "Feature",
   "properties": {
    "id": "sh_537941_184394",
    "type": "spot",
    "value_ft": 15.8,
    "raw": "15·8",
    "confidence": "high",
    "n_readings": 3,
    "readers": [
     "opus-c",
     "opus-e"
    ],
    "mosaics": [
     "m18_131060_87128",
     "m18_131063_87128"
    ],
    "bng_e": 537940.79,
    "bng_n": 184394.49,
    "spread_m": 1.14,
    "datum": "OD Liverpool",
    "source": "OS 1:1056 London 1891-96 via NLS",
    "disputed": false,
    "views": [
     "opus-c:m18_131060_87128@780,398=15.8(h)",
     "opus-e:m18_131060_87128@779,393=15.8(h)",
     "opus-c:m18_131063_87128@11,394=15.8(h)"
    ],
    "notes": "north end of Carpenter's Road by the signal box; dot left of figures; confirmed at 6x"
   },
   "geometry": {
    "type": "Point",
    "coordinates": [
     -0.0122961,
     51.5415993
    ]
   }
  },
  {
   "type": "Feature",
   "properties": {
    "id": "sh_541245_184393",
    "type": "spot",
    "value_ft": 31.9,
    "raw": "31·9",
    "confidence": "medium",
    "n_readings": 1,
    "readers": [
     "opus-m"
    ],
    "mosaics": [
     "m18_131096_87128"
    ],
    "bng_e": 541244.54,
    "bng_n": 184393.26,
    "spread_m": 0.0,
    "datum": "OD Liverpool",
    "source": "OS 1:1056 London 1891-96 via NLS",
    "disputed": false,
    "views": [
     "opus-m:m18_131096_87128@438,643=31.9(m)"
    ],
    "notes": "JEPHSON ROAD south; dot above-left of figure directly below an F.P. mark (could be the F.P.'s own dot)"
   },
   "geometry": {
    "type": "Point",
    "coordinates": [
     0.0353113,
     51.5407719
    ]
   }
  },
  {
   "type": "Feature",
   "properties": {
    "id": "sh_541382_184390",
    "type": "spot",
    "value_ft": 30.4,
    "raw": "30·4",
    "confidence": "medium",
    "n_readings": 3,
    "readers": [
     "opus-m",
     "opus-p",
     "opus-r"
    ],
    "mosaics": [
     "m18_131096_87128",
     "m18_131099_87128"
    ],
    "bng_e": 541382.24,
    "bng_n": 184390.29,
    "spread_m": 0.63,
    "datum": "OD Liverpool",
    "source": "OS 1:1056 London 1891-96 via NLS",
    "disputed": false,
    "views": [
     "opus-m:m18_131096_87128@806,661=30.4(m)",
     "opus-p:m18_131099_87128@40,662=30.4(m)",
     "opus-r:m18_131099_87128@41,661=30.4(m)"
    ],
    "notes": "WESTBURY ROAD; no dot found at 16x; position = centre of figures"
   },
   "geometry": {
    "type": "Point",
    "coordinates": [
     0.0372943,
     51.5407107
    ]
   }
  },
  {
   "type": "Feature",
   "properties": {
    "id": "sh_538973_184390",
    "type": "spot",
    "value_ft": 21.1,
    "raw": "21·1",
    "confidence": "high",
    "n_readings": 2,
    "readers": [
     "opus-i",
     "opus-l"
    ],
    "mosaics": [
     "m18_131072_87128"
    ],
    "bng_e": 538973.05,
    "bng_n": 184390.16,
    "spread_m": 0.19,
    "datum": "OD Liverpool",
    "source": "OS 1:1056 London 1891-96 via NLS",
    "disputed": false,
    "views": [
     "opus-i:m18_131072_87128@480,483=21.1(h)",
     "opus-l:m18_131072_87128@480,482=21.1(h)"
    ],
    "notes": "Broadway tramway by the churchyard; dot on the rail left of figure (the H's dot at 470,500 is separate)"
   },
   "geometry": {
    "type": "Point",
    "coordinates": [
     0.0025776,
     51.5413074
    ]
   }
  },
  {
   "type": "Feature",
   "properties": {
    "id": "sh_539713_184388",
    "type": "spot",
    "value_ft": 25.7,
    "raw": "25·7",
    "confidence": "high",
    "n_readings": 1,
    "readers": [
     "opus-s"
    ],
    "mosaics": [
     "m18_131081_87128"
    ],
    "bng_e": 539712.81,
    "bng_n": 184387.63,
    "spread_m": 0.0,
    "datum": "OD Liverpool",
    "source": "OS 1:1056 London 1891-96 via NLS",
    "disputed": false,
    "views": [
     "opus-s:m18_131081_87128@163,544=25.7(h)"
    ],
    "notes": "Amity Road / Ham Park Road junction; dot above figure, separate from the two F.P. dots; digits clear at 12x"
   },
   "geometry": {
    "type": "Point",
    "coordinates": [
     0.0132367,
     51.5411022
    ]
   }
  },
  {
   "type": "Feature",
   "properties": {
    "id": "sh_538929_184387",
    "type": "spot",
    "value_ft": 21.8,
    "raw": "21·8",
    "confidence": "high",
    "n_readings": 2,
    "readers": [
     "opus-i",
     "opus-l"
    ],
    "mosaics": [
     "m18_131072_87128"
    ],
    "bng_e": 538928.85,
    "bng_n": 184386.54,
    "spread_m": 0.37,
    "datum": "OD Liverpool",
    "source": "OS 1:1056 London 1891-96 via NLS",
    "disputed": false,
    "views": [
     "opus-l:m18_131072_87128@360,489=21.8(h)",
     "opus-i:m18_131072_87128@362,489=21.8(m)"
    ],
    "notes": "Broadway tramway by churchyard west tip; dot as thickening on rail at 360,489; 8x"
   },
   "geometry": {
    "type": "Point",
    "coordinates": [
     0.0019392,
     51.5412857
    ]
   }
  },
  {
   "type": "Feature",
   "properties": {
    "id": "sh_538864_184378",
    "type": "spot",
    "value_ft": 22.1,
    "raw": "22·1",
    "confidence": "high",
    "n_readings": 4,
    "readers": [
     "opus-f",
     "opus-h",
     "opus-i",
     "opus-l"
    ],
    "mosaics": [
     "m18_131069_87128",
     "m18_131072_87128"
    ],
    "bng_e": 538863.93,
    "bng_n": 184378.36,
    "spread_m": 0.84,
    "datum": "OD Liverpool",
    "source": "OS 1:1056 London 1891-96 via NLS",
    "disputed": false,
    "views": [
     "opus-i:m18_131072_87128@186,506=22.1(h)",
     "opus-l:m18_131072_87128@186,507=22.1(h)",
     "opus-f:m18_131069_87128@954,508=22.1(m)",
     "opus-h:m18_131069_87128@954,504=22.1(m)"
    ],
    "notes": "Angel Lane near Wilton's Yard; isolated dot in the lane left of figure"
   },
   "geometry": {
    "type": "Point",
    "coordinates": [
     0.0010005,
     51.5412281
    ]
   }
  },
  {
   "type": "Feature",
   "properties": {
    "id": "sh_540569_184375",
    "type": "spot",
    "value_ft": 34.4,
    "raw": "34·4",
    "confidence": "high",
    "n_readings": 4,
    "readers": [
     "opus-k",
     "opus-l",
     "opus-m",
     "opus-o"
    ],
    "mosaics": [
     "m18_131087_87128",
     "m18_131090_87128"
    ],
    "bng_e": 540568.63,
    "bng_n": 184374.96,
    "spread_m": 0.28,
    "datum": "OD Liverpool",
    "source": "OS 1:1056 London 1891-96 via NLS",
    "disputed": false,
    "views": [
     "opus-l:m18_131087_87128@925,642=34.4(h)",
     "opus-o:m18_131087_87128@925,641=34.4(h)",
     "opus-k:m18_131090_87128@157,642=34.4(h)",
     "opus-m:m18_131090_87128@157,642=34.4(h)"
    ],
    "notes": "Khedive Road; dot above figures; 20x"
   },
   "geometry": {
    "type": "Point",
    "coordinates": [
     0.0255641,
     51.540776
    ]
   }
  },
  {
   "type": "Feature",
   "properties": {
    "id": "sh_540382_184374",
    "type": "spot",
    "value_ft": 34.4,
    "raw": "34·4",
    "confidence": "medium",
    "n_readings": 2,
    "readers": [
     "opus-l",
     "opus-o"
    ],
    "mosaics": [
     "m18_131087_87128"
    ],
    "bng_e": 540381.96,
    "bng_n": 184374.16,
    "spread_m": 2.05,
    "datum": "OD Liverpool",
    "source": "OS 1:1056 London 1891-96 via NLS",
    "disputed": false,
    "views": [
     "opus-l:m18_131087_87128@429,630=34.4(m)",
     "opus-o:m18_131087_87128@418,630=34.4(m)"
    ],
    "notes": "road along the Ward boundary at Verona Road; dot at 418,629 sits in the boundary dash line; position = centre of figures; 8x"
   },
   "geometry": {
    "type": "Point",
    "coordinates": [
     0.0228739,
     51.5408152
    ]
   }
  },
  {
   "type": "Feature",
   "properties": {
    "id": "sh_538536_184373",
    "type": "spot",
    "value_ft": 19.1,
    "raw": "19·1",
    "confidence": "high",
    "n_readings": 3,
    "readers": [
     "opus-d",
     "opus-f",
     "opus-h"
    ],
    "mosaics": [
     "m18_131066_87128",
     "m18_131069_87128"
    ],
    "bng_e": 538535.98,
    "bng_n": 184373.32,
    "spread_m": 0.35,
    "datum": "OD Liverpool",
    "source": "OS 1:1056 London 1891-96 via NLS",
    "disputed": false,
    "views": [
     "opus-d:m18_131066_87128@840,495=19.1(h)",
     "opus-f:m18_131069_87128@73,496=19.1(h)",
     "opus-h:m18_131069_87128@73,496=19.1(h)"
    ],
    "notes": "open ground by the Foot Bridge south of Stratford Low Level; dot directly above figures, 6x"
   },
   "geometry": {
    "type": "Point",
    "coordinates": [
     -0.0037274,
     51.5412634
    ]
   }
  },
  {
   "type": "Feature",
   "properties": {
    "id": "sh_538690_184364",
    "type": "bench_mark",
    "value_ft": 16.26,
    "raw": "B.M.16·26",
    "confidence": "high",
    "n_readings": 2,
    "readers": [
     "opus-f",
     "opus-h"
    ],
    "mosaics": [
     "m18_131069_87128"
    ],
    "bng_e": 538689.54,
    "bng_n": 184364.4,
    "spread_m": 0.56,
    "datum": "OD Liverpool",
    "source": "OS 1:1056 London 1891-96 via NLS",
    "disputed": false,
    "views": [
     "opus-h:m18_131069_87128@486,531=16.26(h)",
     "opus-f:m18_131069_87128@483,531=16.26(m)"
    ],
    "notes": "Martin Street west frontage; pheon left of text on the building line; clear at 12x"
   },
   "geometry": {
    "type": "Point",
    "coordinates": [
     -0.0015181,
     51.5411455
    ]
   }
  },
  {
   "type": "Feature",
   "properties": {
    "id": "sh_541318_184356",
    "type": "spot",
    "value_ft": 31.0,
    "raw": "31·0",
    "confidence": "medium",
    "n_readings": 1,
    "readers": [
     "opus-m"
    ],
    "mosaics": [
     "m18_131096_87128"
    ],
    "bng_e": 541317.81,
    "bng_n": 184355.57,
    "spread_m": 0.0,
    "datum": "OD Liverpool",
    "source": "OS 1:1056 London 1891-96 via NLS",
    "disputed": false,
    "views": [
     "opus-m:m18_131096_87128@632,750=31.0(m)"
    ],
    "notes": "WESTBURY ROAD lettering; dot above the figure between the P and R letters (interpunct ambiguity)"
   },
   "geometry": {
    "type": "Point",
    "coordinates": [
     0.036352,
     51.5404149
    ]
   }
  },
  {
   "type": "Feature",
   "properties": {
    "id": "sh_541050_184353",
    "type": "spot",
    "value_ft": 31.5,
    "raw": "31·5",
    "confidence": "medium",
    "n_readings": 1,
    "readers": [
     "opus-k"
    ],
    "mosaics": [
     "m18_131093_87128"
    ],
    "bng_e": 541050.23,
    "bng_n": 184352.58,
    "spread_m": 0.0,
    "datum": "OD Liverpool",
    "source": "OS 1:1056 London 1891-96 via NLS",
    "disputed": false,
    "views": [
     "opus-k:m18_131093_87128@681,738=31.5(m)"
    ],
    "notes": "boundary lane at Windsor Road; pair of small dots left of figure beside the large boundary dots"
   },
   "geometry": {
    "type": "Point",
    "coordinates": [
     0.032495,
     51.5404549
    ]
   }
  },
  {
   "type": "Feature",
   "properties": {
    "id": "sh_537195_184352",
    "type": "spot",
    "value_ft": 21.8,
    "raw": "21·8",
    "confidence": "high",
    "n_readings": 2,
    "readers": [
     "opus-h",
     "opus-j"
    ],
    "mosaics": [
     "m18_131054_87128"
    ],
    "bng_e": 537195.43,
    "bng_n": 184352.39,
    "spread_m": 0.0,
    "datum": "OD Liverpool",
    "source": "OS 1:1056 London 1891-96 via NLS",
    "disputed": false,
    "views": [
     "opus-h:m18_131054_87128@310,454=21.8(h)",
     "opus-j:m18_131054_87128@310,454=21.8(h)"
    ],
    "notes": "Hertford Union Canal north towing path; dot above figures"
   },
   "geometry": {
    "type": "Point",
    "coordinates": [
     -0.0230536,
     51.5414025
    ]
   }
  },
  {
   "type": "Feature",
   "properties": {
    "id": "sh_540122_184352",
    "type": "spot",
    "value_ft": 34.2,
    "raw": "34·2",
    "confidence": "high",
    "n_readings": 2,
    "readers": [
     "opus-o",
     "opus-q"
    ],
    "mosaics": [
     "m18_131084_87128"
    ],
    "bng_e": 540122.18,
    "bng_n": 184351.57,
    "spread_m": 0.19,
    "datum": "OD Liverpool",
    "source": "OS 1:1056 London 1891-96 via NLS",
    "disputed": false,
    "views": [
     "opus-o:m18_131084_87128@492,671=34.2(h)",
     "opus-q:m18_131084_87128@492,672=34.2(h)"
    ],
    "notes": "Park path by the Drinking Fountain; dot left of figure on the path; digits clear at 6x"
   },
   "geometry": {
    "type": "Point",
    "coordinates": [
     0.0191215,
     51.5406768
    ]
   }
  },
  {
   "type": "Feature",
   "properties": {
    "id": "sh_540813_184351",
    "type": "spot",
    "value_ft": 33.4,
    "raw": "33·4",
    "confidence": "high",
    "n_readings": 3,
    "readers": [
     "opus-k",
     "opus-m"
    ],
    "mosaics": [
     "m18_131090_87128",
     "m18_131093_87128"
    ],
    "bng_e": 540813.39,
    "bng_n": 184350.71,
    "spread_m": 0.28,
    "datum": "OD Liverpool",
    "source": "OS 1:1056 London 1891-96 via NLS",
    "disputed": false,
    "views": [
     "opus-k:m18_131090_87128@812,725=33.4(h)",
     "opus-m:m18_131090_87128@813,726=33.4(h)",
     "opus-k:m18_131093_87128@45,725=33.4(h)"
    ],
    "notes": "Elmhurst Road at Belton Road; dot left of figure"
   },
   "geometry": {
    "type": "Point",
    "coordinates": [
     0.0290814,
     51.5404972
    ]
   }
  },
  {
   "type": "Feature",
   "properties": {
    "id": "sh_541258_184350",
    "type": "spot",
    "value_ft": 31.7,
    "raw": "31·7",
    "confidence": "high",
    "n_readings": 1,
    "readers": [
     "opus-m"
    ],
    "mosaics": [
     "m18_131096_87128"
    ],
    "bng_e": 541258.03,
    "bng_n": 184349.82,
    "spread_m": 0.0,
    "datum": "OD Liverpool",
    "source": "OS 1:1056 London 1891-96 via NLS",
    "disputed": false,
    "views": [
     "opus-m:m18_131096_87128@471,761=31.7(h)"
    ],
    "notes": "Jephson Road at Westbury Road; dot above-right of figure; 8x"
   },
   "geometry": {
    "type": "Point",
    "coordinates": [
     0.0354883,
     51.5403782
    ]
   }
  },
  {
   "type": "Feature",
   "properties": {
    "id": "sh_538913_184349",
    "type": "bench_mark",
    "value_ft": 23.63,
    "raw": "B.M.23·63",
    "confidence": "high",
    "n_readings": 2,
    "readers": [
     "opus-i",
     "opus-l"
    ],
    "mosaics": [
     "m18_131072_87128"
    ],
    "bng_e": 538912.76,
    "bng_n": 184348.78,
    "spread_m": 0.77,
    "datum": "OD Liverpool",
    "source": "OS 1:1056 London 1891-96 via NLS",
    "disputed": false,
    "views": [
     "opus-l:m18_131072_87128@313,590=23.63(h)",
     "opus-i:m18_131072_87128@317,589=23.63(m)"
    ],
    "notes": "drinking fountain (D.F) on Broadway island; pheon on fountain's east side at 313,590; 8x"
   },
   "geometry": {
    "type": "Point",
    "coordinates": [
     0.0016925,
     51.5409504
    ]
   }
  },
  {
   "type": "Feature",
   "properties": {
    "id": "sh_540764_184349",
    "type": "bench_mark",
    "value_ft": 35.26,
    "raw": "B.M.35·26",
    "confidence": "high",
    "n_readings": 2,
    "readers": [
     "opus-k",
     "opus-m"
    ],
    "mosaics": [
     "m18_131090_87128"
    ],
    "bng_e": 540764.43,
    "bng_n": 184348.73,
    "spread_m": 0.37,
    "datum": "OD Liverpool",
    "source": "OS 1:1056 London 1891-96 via NLS",
    "disputed": false,
    "views": [
     "opus-k:m18_131090_87128@682,727=35.26(h)",
     "opus-m:m18_131090_87128@680,727=35.26(h)"
    ],
    "notes": "corner of Wolseley Road and Elmhurst Road; pheon at building corner below-left of text"
   },
   "geometry": {
    "type": "Point",
    "coordinates": [
     0.0283751,
     51.5404916
    ]
   }
  },
  {
   "type": "Feature",
   "properties": {
    "id": "sh_541494_184349",
    "type": "spot",
    "value_ft": 30.1,
    "raw": "30·1",
    "confidence": "high",
    "n_readings": 3,
    "readers": [
     "opus-p",
     "opus-r"
    ],
    "mosaics": [
     "m18_131099_87128",
     "m18_131099_87131"
    ],
    "bng_e": 541494.34,
    "bng_n": 184348.6,
    "spread_m": 0.99,
    "datum": "OD Liverpool",
    "source": "OS 1:1056 London 1891-96 via NLS",
    "disputed": false,
    "views": [
     "opus-p:m18_131099_87128@339,782=30.1(h)",
     "opus-r:m18_131099_87128@335,782=30.1(h)",
     "opus-p:m18_131099_87131@339,14=30.1(h)"
    ],
    "notes": "road junction south of the LANE; dot above the 3; 8x/16x"
   },
   "geometry": {
    "type": "Point",
    "coordinates": [
     0.0388929,
     51.5403081
    ]
   }
  },
  {
   "type": "Feature",
   "properties": {
    "id": "sh_538706_184348",
    "type": "spot",
    "value_ft": 16.0,
    "raw": "16·0",
    "confidence": "high",
    "n_readings": 2,
    "readers": [
     "opus-f",
     "opus-h"
    ],
    "mosaics": [
     "m18_131069_87128"
    ],
    "bng_e": 538705.62,
    "bng_n": 184348.13,
    "spread_m": 0.19,
    "datum": "OD Liverpool",
    "source": "OS 1:1056 London 1891-96 via NLS",
    "disputed": false,
    "views": [
     "opus-f:m18_131069_87128@526,576=16.0(h)",
     "opus-h:m18_131069_87128@527,576=16.0(h)"
    ],
    "notes": "Martin Street at Broad Street; dot left of figures (dot at 526,566 belongs to F.P.), 9x"
   },
   "geometry": {
    "type": "Point",
    "coordinates": [
     -0.0012928,
     51.5409954
    ]
   }
  },
  {
   "type": "Feature",
   "properties": {
    "id": "sh_540771_184343",
    "type": "spot",
    "value_ft": 33.3,
    "raw": "33·3",
    "confidence": "high",
    "n_readings": 2,
    "readers": [
     "opus-k",
     "opus-m"
    ],
    "mosaics": [
     "m18_131090_87128"
    ],
    "bng_e": 540771.1,
    "bng_n": 184343.16,
    "spread_m": 0.26,
    "datum": "OD Liverpool",
    "source": "OS 1:1056 London 1891-96 via NLS",
    "disputed": false,
    "views": [
     "opus-m:m18_131090_87128@699,743=33.3(h)",
     "opus-k:m18_131090_87128@698,742=33.3(m)"
    ],
    "notes": "ELMHURST ROAD; dot after the final D of ROAD, left of figure; 8x"
   },
   "geometry": {
    "type": "Point",
    "coordinates": [
     0.028469,
     51.5404399
    ]
   }
  },
  {
   "type": "Feature",
   "properties": {
    "id": "sh_538837_184343",
    "type": "bench_mark",
    "value_ft": 22.42,
    "raw": "B.M.22·42",
    "confidence": "high",
    "n_readings": 4,
    "readers": [
     "opus-f",
     "opus-h",
     "opus-i",
     "opus-l"
    ],
    "mosaics": [
     "m18_131069_87128",
     "m18_131072_87128"
    ],
    "bng_e": 538837.44,
    "bng_n": 184343.1,
    "spread_m": 2.14,
    "datum": "OD Liverpool",
    "source": "OS 1:1056 London 1891-96 via NLS",
    "disputed": false,
    "views": [
     "opus-f:m18_131069_87128@880,597=22.42(h)",
     "opus-h:m18_131069_87128@880,605=22.42(h)",
     "opus-i:m18_131072_87128@113,598=22.42(h)",
     "opus-l:m18_131072_87128@112,597=22.42(h)"
    ],
    "notes": "building west side of Angel Lane south; pheon right of text on the frontage, 8x"
   },
   "geometry": {
    "type": "Point",
    "coordinates": [
     0.0006049,
     51.5409178
    ]
   }
  },
  {
   "type": "Feature",
   "properties": {
    "id": "sh_538914_184342",
    "type": "spot",
    "value_ft": 20.5,
    "raw": "20·5",
    "confidence": "high",
    "n_readings": 2,
    "readers": [
     "opus-i",
     "opus-l"
    ],
    "mosaics": [
     "m18_131072_87128"
    ],
    "bng_e": 538914.45,
    "bng_n": 184341.59,
    "spread_m": 0.53,
    "datum": "OD Liverpool",
    "source": "OS 1:1056 London 1891-96 via NLS",
    "disputed": false,
    "views": [
     "opus-l:m18_131072_87128@320,608=20.5(h)",
     "opus-i:m18_131072_87128@318,610=20.5(m)"
    ],
    "notes": "Broadway south of fountain; clear dot on tramway rails at 320,608; 8x"
   },
   "geometry": {
    "type": "Point",
    "coordinates": [
     0.0017139,
     51.5408853
    ]
   }
  },
  {
   "type": "Feature",
   "properties": {
    "id": "sh_541246_184338",
    "type": "bench_mark",
    "value_ft": 33.1,
    "raw": "B.M.33·10",
    "confidence": "high",
    "n_readings": 2,
    "readers": [
     "opus-m"
    ],
    "mosaics": [
     "m18_131096_87128",
     "m18_131096_87131"
    ],
    "bng_e": 541245.88,
    "bng_n": 184338.16,
    "spread_m": 0.59,
    "datum": "OD Liverpool",
    "source": "OS 1:1056 London 1891-96 via NLS",
    "disputed": false,
    "views": [
     "opus-m:m18_131096_87128@437,790=33.1(h)",
     "opus-m:m18_131096_87131@438,25=33.1(h)"
    ],
    "notes": "Cromwell Road / Jephson Road corner; pheon on house corner ~15 px below-right of text; 8x"
   },
   "geometry": {
    "type": "Point",
    "coordinates": [
     0.0353086,
     51.5402764
    ]
   }
  },
  {
   "type": "Feature",
   "properties": {
    "id": "sh_541698_184338",
    "type": "spot",
    "value_ft": 32.9,
    "raw": "32·9",
    "confidence": "high",
    "n_readings": 3,
    "readers": [
     "opus-p",
     "opus-r"
    ],
    "mosaics": [
     "m18_131099_87128",
     "m18_131099_87131"
    ],
    "bng_e": 541698.4,
    "bng_n": 184337.71,
    "spread_m": 0.97,
    "datum": "OD Liverpool",
    "source": "OS 1:1056 London 1891-96 via NLS",
    "disputed": false,
    "views": [
     "opus-p:m18_131099_87128@886,828=32.9(h)",
     "opus-p:m18_131099_87131@886,59=32.9(h)",
     "opus-r:m18_131099_87128@883,825=32.9(m)"
    ],
    "notes": "Chester Road between 'E' and 'R'; dot right of the figure (CHESTER has no interpuncts); 8x"
   },
   "geometry": {
    "type": "Point",
    "coordinates": [
     0.0418291,
     51.5401591
    ]
   }
  },
  {
   "type": "Feature",
   "properties": {
    "id": "sh_538003_184337",
    "type": "spot",
    "value_ft": 13.5,
    "raw": "13·5",
    "confidence": "medium",
    "n_readings": 3,
    "readers": [
     "opus-c",
     "opus-e"
    ],
    "mosaics": [
     "m18_131060_87128",
     "m18_131063_87128"
    ],
    "bng_e": 538002.92,
    "bng_n": 184336.53,
    "spread_m": 0.25,
    "datum": "OD Liverpool",
    "source": "OS 1:1056 London 1891-96 via NLS",
    "disputed": false,
    "views": [
     "opus-c:m18_131060_87128@942,556=13.5(m)",
     "opus-e:m18_131060_87128@942,555=13.5(m)",
     "opus-c:m18_131063_87128@174,556=13.5(m)"
    ],
    "notes": "Carpenter's Road (same figure as m18_131063_87128 174,556); figures NE of the road edge, position = the dot in the carriageway below the R of CARPENTER'S ~25 px SW"
   },
   "geometry": {
    "type": "Point",
    "coordinates": [
     -0.0114235,
     51.5410633
    ]
   }
  },
  {
   "type": "Feature",
   "properties": {
    "id": "sh_537624_184335",
    "type": "spot",
    "value_ft": 18.6,
    "raw": "18·6",
    "confidence": "high",
    "n_readings": 1,
    "readers": [
     "opus-e"
    ],
    "mosaics": [
     "m18_131057_87128"
    ],
    "bng_e": 537624.36,
    "bng_n": 184335.41,
    "spread_m": 0.0,
    "datum": "OD Liverpool",
    "source": "OS 1:1056 London 1891-96 via NLS",
    "disputed": false,
    "views": [
     "opus-e:m18_131057_87128@693,531=18.6(h)"
    ],
    "notes": "dot on the crest of the embankment south of the 'C.C. at L.W.' boundary, figures right, 6x"
   },
   "geometry": {
    "type": "Point",
    "coordinates": [
     -0.0168791,
     51.5411455
    ]
   }
  },
  {
   "type": "Feature",
   "properties": {
    "id": "sh_539729_184335",
    "type": "spot",
    "value_ft": 27.4,
    "raw": "27·4",
    "confidence": "high",
    "n_readings": 1,
    "readers": [
     "opus-s"
    ],
    "mosaics": [
     "m18_131081_87128"
    ],
    "bng_e": 539728.78,
    "bng_n": 184334.97,
    "spread_m": 0.0,
    "datum": "OD Liverpool",
    "source": "OS 1:1056 London 1891-96 via NLS",
    "disputed": false,
    "views": [
     "opus-s:m18_131081_87128@202,687=27.4(h)"
    ],
    "notes": "junction at the north end of Cecil Road; isolated dot left-above figure, separate from F.P. dots; clear at 12x"
   },
   "geometry": {
    "type": "Point",
    "coordinates": [
     0.0134459,
     51.5406251
    ]
   }
  },
  {
   "type": "Feature",
   "properties": {
    "id": "sh_537687_184334",
    "type": "spot",
    "value_ft": 11.2,
    "raw": "11·2",
    "confidence": "high",
    "n_readings": 3,
    "readers": [
     "opus-c",
     "opus-e"
    ],
    "mosaics": [
     "m18_131057_87128",
     "m18_131060_87128"
    ],
    "bng_e": 537687.31,
    "bng_n": 184333.9,
    "spread_m": 0.25,
    "datum": "OD Liverpool",
    "source": "OS 1:1056 London 1891-96 via NLS",
    "disputed": false,
    "views": [
     "opus-e:m18_131057_87128@862,540=11.2(h)",
     "opus-c:m18_131060_87128@94,539=11.2(h)",
     "opus-e:m18_131060_87128@94,540=11.2(h)"
    ],
    "notes": "dot on the embankment edge, figures right, 6x (overlap)"
   },
   "geometry": {
    "type": "Point",
    "coordinates": [
     -0.0159725,
     51.5411166
    ]
   }
  },
  {
   "type": "Feature",
   "properties": {
    "id": "sh_540377_184328",
    "type": "bench_mark",
    "value_ft": 37.99,
    "raw": "B.M.37·99",
    "confidence": "high",
    "n_readings": 2,
    "readers": [
     "opus-l",
     "opus-o"
    ],
    "mosaics": [
     "m18_131087_87128"
    ],
    "bng_e": 540377.27,
    "bng_n": 184328.36,
    "spread_m": 0.19,
    "datum": "OD Liverpool",
    "source": "OS 1:1056 London 1891-96 via NLS",
    "disputed": false,
    "views": [
     "opus-l:m18_131087_87128@407,753=37.99(h)",
     "opus-o:m18_131087_87128@408,753=37.99(h)"
    ],
    "notes": "wall by Meggs' Almshouses, west side of the boundary road; pheon at 407,753 right of text; 7x"
   },
   "geometry": {
    "type": "Point",
    "coordinates": [
     0.0227881,
     51.5404049
    ]
   }
  },
  {
   "type": "Feature",
   "properties": {
    "id": "sh_537374_184324",
    "type": "spot",
    "value_ft": 22.6,
    "raw": "22·6",
    "confidence": "high",
    "n_readings": 3,
    "readers": [
     "opus-e",
     "opus-h",
     "opus-j"
    ],
    "mosaics": [
     "m18_131054_87128",
     "m18_131057_87128"
    ],
    "bng_e": 537374.5,
    "bng_n": 184324.31,
    "spread_m": 0.25,
    "datum": "OD Liverpool",
    "source": "OS 1:1056 London 1891-96 via NLS",
    "disputed": false,
    "views": [
     "opus-h:m18_131054_87128@789,542=22.6(h)",
     "opus-j:m18_131054_87128@789,543=22.6(h)",
     "opus-e:m18_131057_87128@21,543=22.6(h)"
    ],
    "notes": "Hackney Cut east towing path; dot left of figures, 'h' of Path below"
   },
   "geometry": {
    "type": "Point",
    "coordinates": [
     -0.020484,
     51.5411066
    ]
   }
  },
  {
   "type": "Feature",
   "properties": {
    "id": "sh_539110_184324",
    "type": "bench_mark",
    "value_ft": 24.06,
    "raw": "B.M.24·06",
    "confidence": "medium",
    "n_readings": 2,
    "readers": [
     "opus-i",
     "opus-l"
    ],
    "mosaics": [
     "m18_131072_87128"
    ],
    "bng_e": 539109.63,
    "bng_n": 184323.73,
    "spread_m": 0.56,
    "datum": "OD Liverpool",
    "source": "OS 1:1056 London 1891-96 via NLS",
    "disputed": false,
    "views": [
     "opus-i:m18_131072_87128@842,673=24.06(m)",
     "opus-l:m18_131072_87128@842,670=24.06(m)"
    ],
    "notes": "Victoria Street north frontage; pheon below the text; last digit open-topped 6 at 20x, 6 vs 8 not certain"
   },
   "geometry": {
    "type": "Point",
    "coordinates": [
     0.0045195,
     51.5406768
    ]
   }
  },
  {
   "type": "Feature",
   "properties": {
    "id": "sh_539118_184322",
    "type": "spot",
    "value_ft": 23.2,
    "raw": "23·2",
    "confidence": "medium",
    "n_readings": 2,
    "readers": [
     "opus-i",
     "opus-l"
    ],
    "mosaics": [
     "m18_131072_87128"
    ],
    "bng_e": 539117.86,
    "bng_n": 184322.28,
    "spread_m": 0.0,
    "datum": "OD Liverpool",
    "source": "OS 1:1056 London 1891-96 via NLS",
    "disputed": false,
    "views": [
     "opus-i:m18_131072_87128@864,676=23.2(m)",
     "opus-l:m18_131072_87128@864,676=23.2(m)"
    ],
    "notes": "Victoria Street; the dot sits between the R and E of spaced STREET (interpunct position), above-left of figure"
   },
   "geometry": {
    "type": "Point",
    "coordinates": [
     0.0046376,
     51.5406618
    ]
   }
  },
  {
   "type": "Feature",
   "properties": {
    "id": "sh_541194_184322",
    "type": "spot",
    "value_ft": 31.4,
    "raw": "31·4",
    "confidence": "high",
    "n_readings": 2,
    "readers": [
     "opus-m"
    ],
    "mosaics": [
     "m18_131096_87128",
     "m18_131096_87131"
    ],
    "bng_e": 541194.23,
    "bng_n": 184321.5,
    "spread_m": 0.26,
    "datum": "OD Liverpool",
    "source": "OS 1:1056 London 1891-96 via NLS",
    "disputed": false,
    "views": [
     "opus-m:m18_131096_87128@297,832=31.4(h)",
     "opus-m:m18_131096_87131@298,65=31.4(h)"
    ],
    "notes": "CROMWELL ROAD; dot above the 4; 8x"
   },
   "geometry": {
    "type": "Point",
    "coordinates": [
     0.0345576,
     51.5401396
    ]
   }
  },
  {
   "type": "Feature",
   "properties": {
    "id": "sh_538012_184321",
    "type": "bench_mark",
    "value_ft": 14.76,
    "raw": "B.M.14·76",
    "confidence": "high",
    "n_readings": 1,
    "readers": [
     "opus-c"
    ],
    "mosaics": [
     "m18_131063_87128"
    ],
    "bng_e": 538011.52,
    "bng_n": 184321.41,
    "spread_m": 0.0,
    "datum": "OD Liverpool",
    "source": "OS 1:1056 London 1891-96 via NLS",
    "disputed": false,
    "views": [
     "opus-c:m18_131063_87128@196,597=14.76(h)"
    ],
    "notes": "Carpenter's Road east side; digits clear at 8x; pheon ~30 px left of and below the text at the building corner (found on m18_131060_87128 at 964,597, just outside the 8x windows first used here)"
   },
   "geometry": {
    "type": "Point",
    "coordinates": [
     -0.0113055,
     51.5409253
    ]
   }
  },
  {
   "type": "Feature",
   "properties": {
    "id": "sh_541656_184315",
    "type": "bench_mark",
    "value_ft": 33.69,
    "raw": "B.M.33·69",
    "confidence": "high",
    "n_readings": 3,
    "readers": [
     "opus-p",
     "opus-r"
    ],
    "mosaics": [
     "m18_131099_87128",
     "m18_131099_87131"
    ],
    "bng_e": 541655.84,
    "bng_n": 184315.48,
    "spread_m": 1.12,
    "datum": "OD Liverpool",
    "source": "OS 1:1056 London 1891-96 via NLS",
    "disputed": false,
    "views": [
     "opus-p:m18_131099_87128@771,884=33.69(h)",
     "opus-r:m18_131099_87128@766,883=33.69(h)",
     "opus-p:m18_131099_87131@770,115=33.69(h)"
    ],
    "notes": "Chester Road south-side building line; pheon under the 'H' of CHESTER below-right of the text, junction at 8x; digits clear"
   },
   "geometry": {
    "type": "Point",
    "coordinates": [
     0.0412068,
     51.53997
    ]
   }
  },
  {
   "type": "Feature",
   "properties": {
    "id": "sh_540388_184313",
    "type": "spot",
    "value_ft": 34.8,
    "raw": "34·8",
    "confidence": "medium",
    "n_readings": 3,
    "readers": [
     "opus-l",
     "opus-o"
    ],
    "mosaics": [
     "m18_131087_87128",
     "m18_131087_87131"
    ],
    "bng_e": 540387.57,
    "bng_n": 184312.55,
    "spread_m": 0.78,
    "datum": "OD Liverpool",
    "source": "OS 1:1056 London 1891-96 via NLS",
    "disputed": false,
    "views": [
     "opus-l:m18_131087_87128@435,796=34.8(m)",
     "opus-l:m18_131087_87131@435,28=34.8(m)",
     "opus-o:m18_131087_87128@432,797=34.8(l)"
    ],
    "notes": "road at Meggs' Almshouses / Kingsley Road; last digit 8 (clear upper loop) at 20-30x; dot at 422,795 lies in the gap of the Ward boundary dashes, position = centre of figures"
   },
   "geometry": {
    "type": "Point",
    "coordinates": [
     0.0229302,
     51.5402603
    ]
   }
  },
  {
   "type": "Feature",
   "properties": {
    "id": "sh_541521_184311",
    "type": "spot",
    "value_ft": 29.4,
    "raw": "29·4",
    "confidence": "high",
    "n_readings": 3,
    "readers": [
     "opus-p",
     "opus-r"
    ],
    "mosaics": [
     "m18_131099_87128",
     "m18_131099_87131"
    ],
    "bng_e": 541521.44,
    "bng_n": 184311.24,
    "spread_m": 1.02,
    "datum": "OD Liverpool",
    "source": "OS 1:1056 London 1891-96 via NLS",
    "disputed": false,
    "views": [
     "opus-p:m18_131099_87128@409,885=29.4(h)",
     "opus-r:m18_131099_87128@405,884=29.4(h)",
     "opus-p:m18_131099_87131@409,117=29.4(h)"
    ],
    "notes": "tree-lined path/road beside large 'H'; dot left of the figure; 8x"
   },
   "geometry": {
    "type": "Point",
    "coordinates": [
     0.0392684,
     51.5399656
    ]
   }
  },
  {
   "type": "Feature",
   "properties": {
    "id": "sh_539739_184311",
    "type": "bench_mark",
    "value_ft": 29.03,
    "raw": "B.M.29·03",
    "confidence": "high",
    "n_readings": 1,
    "readers": [
     "opus-s"
    ],
    "mosaics": [
     "m18_131081_87128"
    ],
    "bng_e": 539738.74,
    "bng_n": 184311.11,
    "spread_m": 0.0,
    "datum": "OD Liverpool",
    "source": "OS 1:1056 London 1891-96 via NLS",
    "disputed": false,
    "views": [
     "opus-s:m18_131081_87128@227,752=29.03(h)"
    ],
    "notes": "Cecil Road west side; pheon on wall ~15 px NE of text; digits clear at 12x"
   },
   "geometry": {
    "type": "Point",
    "coordinates": [
     0.01358,
     51.5404082
    ]
   }
  },
  {
   "type": "Feature",
   "properties": {
    "id": "sh_541628_184310",
    "type": "spot",
    "value_ft": 29.8,
    "raw": "29·8",
    "confidence": "high",
    "n_readings": 3,
    "readers": [
     "opus-p",
     "opus-r"
    ],
    "mosaics": [
     "m18_131099_87128",
     "m18_131099_87131"
    ],
    "bng_e": 541628.44,
    "bng_n": 184310.01,
    "spread_m": 0.74,
    "datum": "OD Liverpool",
    "source": "OS 1:1056 London 1891-96 via NLS",
    "disputed": false,
    "views": [
     "opus-r:m18_131099_87128@693,896=29.8(h)",
     "opus-p:m18_131099_87128@696,896=29.8(m)",
     "opus-p:m18_131099_87131@696,128=29.8(m)"
    ],
    "notes": "Chester Road W end, dot right of big 'E'; 8x/12x"
   },
   "geometry": {
    "type": "Point",
    "coordinates": [
     0.0408098,
     51.5399277
    ]
   }
  },
  {
   "type": "Feature",
   "properties": {
    "id": "sh_538871_184309",
    "type": "spot",
    "value_ft": 19.2,
    "raw": "19·2",
    "confidence": "high",
    "n_readings": 4,
    "readers": [
     "opus-f",
     "opus-h",
     "opus-i",
     "opus-l"
    ],
    "mosaics": [
     "m18_131069_87128",
     "m18_131072_87128"
    ],
    "bng_e": 538870.67,
    "bng_n": 184309.01,
    "spread_m": 0.19,
    "datum": "OD Liverpool",
    "source": "OS 1:1056 London 1891-96 via NLS",
    "disputed": false,
    "views": [
     "opus-f:m18_131069_87128@967,694=19.2(h)",
     "opus-h:m18_131069_87128@967,693=19.2(h)",
     "opus-i:m18_131072_87128@199,694=19.2(h)",
     "opus-l:m18_131072_87128@199,693=19.2(h)"
    ],
    "notes": "on tramway/railway rails at the Broadway end of Angel Lane; dot on the rail left of figures, 8x"
   },
   "geometry": {
    "type": "Point",
    "coordinates": [
     0.0010702,
     51.5406034
    ]
   }
  },
  {
   "type": "Feature",
   "properties": {
    "id": "sh_540583_184308",
    "type": "spot",
    "value_ft": 34.6,
    "raw": "34·6",
    "confidence": "high",
    "n_readings": 6,
    "readers": [
     "opus-k",
     "opus-l",
     "opus-m",
     "opus-o"
    ],
    "mosaics": [
     "m18_131087_87128",
     "m18_131087_87131",
     "m18_131090_87128",
     "m18_131090_87131"
    ],
    "bng_e": 540582.77,
    "bng_n": 184307.75,
    "spread_m": 0.31,
    "datum": "OD Liverpool",
    "source": "OS 1:1056 London 1891-96 via NLS",
    "disputed": false,
    "views": [
     "opus-o:m18_131087_87128@958,823=34.6(h)",
     "opus-k:m18_131090_87128@190,824=34.6(m)",
     "opus-m:m18_131090_87128@190,824=34.6(m)",
     "opus-k:m18_131090_87131@190,56=34.6(m)",
     "opus-l:m18_131087_87128@958,824=34.6(l)",
     "opus-l:m18_131087_87131@958,56=34.6(l)"
    ],
    "notes": "Khedive Road; dot directly above figure; digits clear at 6x"
   },
   "geometry": {
    "type": "Point",
    "coordinates": [
     0.0257412,
     51.5401685
    ]
   }
  },
  {
   "type": "Feature",
   "properties": {
    "id": "sh_540821_184306",
    "type": "spot",
    "value_ft": 32.1,
    "raw": "32·1",
    "confidence": "high",
    "n_readings": 5,
    "readers": [
     "opus-k",
     "opus-m"
    ],
    "mosaics": [
     "m18_131090_87128",
     "m18_131090_87131",
     "m18_131093_87128",
     "m18_131093_87131"
    ],
    "bng_e": 540820.69,
    "bng_n": 184306.48,
    "spread_m": 0.0,
    "datum": "OD Liverpool",
    "source": "OS 1:1056 London 1891-96 via NLS",
    "disputed": false,
    "views": [
     "opus-k:m18_131090_87128@829,845=32.1(h)",
     "opus-m:m18_131090_87128@829,845=32.1(h)",
     "opus-k:m18_131090_87131@829,77=32.1(h)",
     "opus-k:m18_131093_87128@61,845=32.1(h)",
     "opus-k:m18_131093_87131@61,77=32.1(h)"
    ],
    "notes": "road east of Belton Road by Boys Girls & Infants School; dot directly above figure"
   },
   "geometry": {
    "type": "Point",
    "coordinates": [
     0.029169,
     51.5400979
    ]
   }
  },
  {
   "type": "Feature",
   "properties": {
    "id": "sh_540594_184305",
    "type": "bench_mark",
    "value_ft": 36.42,
    "raw": "B.M.36·42",
    "confidence": "high",
    "n_readings": 6,
    "readers": [
     "opus-k",
     "opus-l",
     "opus-m",
     "opus-o"
    ],
    "mosaics": [
     "m18_131087_87128",
     "m18_131087_87131",
     "m18_131090_87128",
     "m18_131090_87131"
    ],
    "bng_e": 540593.89,
    "bng_n": 184305.08,
    "spread_m": 1.43,
    "datum": "OD Liverpool",
    "source": "OS 1:1056 London 1891-96 via NLS",
    "disputed": false,
    "views": [
     "opus-o:m18_131087_87128@988,828=36.42(h)",
     "opus-k:m18_131090_87128@219,830=36.42(h)",
     "opus-m:m18_131090_87128@220,833=36.42(h)",
     "opus-k:m18_131090_87131@219,62=36.42(h)",
     "opus-l:m18_131087_87128@988,835=36.42(l)",
     "opus-l:m18_131087_87131@988,67=36.42(l)"
    ],
    "notes": "Corner house on Khedive Road; text ~990,818; up-arrow pheon below, point ~988,828; digits clear at 6x"
   },
   "geometry": {
    "type": "Point",
    "coordinates": [
     0.0259003,
     51.5401418
    ]
   }
  },
  {
   "type": "Feature",
   "properties": {
    "id": "sh_540070_184301",
    "type": "spot",
    "value_ft": 33.4,
    "raw": "33·4",
    "confidence": "high",
    "n_readings": 3,
    "readers": [
     "opus-o",
     "opus-q"
    ],
    "mosaics": [
     "m18_131084_87128",
     "m18_131084_87131"
    ],
    "bng_e": 540070.34,
    "bng_n": 184300.95,
    "spread_m": 0.0,
    "datum": "OD Liverpool",
    "source": "OS 1:1056 London 1891-96 via NLS",
    "disputed": false,
    "views": [
     "opus-o:m18_131084_87128@349,804=33.4(h)",
     "opus-q:m18_131084_87128@349,804=33.4(h)",
     "opus-o:m18_131084_87131@349,36=33.4(h)"
    ],
    "notes": "Diagonal park path (NE-SW); dot above figure; digits clear at 6x"
   },
   "geometry": {
    "type": "Point",
    "coordinates": [
     0.0183544,
     51.5402347
    ]
   }
  },
  {
   "type": "Feature",
   "properties": {
    "id": "sh_541054_184300",
    "type": "spot",
    "value_ft": 31.8,
    "raw": "31·8",
    "confidence": "medium",
    "n_readings": 2,
    "readers": [
     "opus-k"
    ],
    "mosaics": [
     "m18_131093_87128",
     "m18_131093_87131"
    ],
    "bng_e": 541054.3,
    "bng_n": 184299.6,
    "spread_m": 0.0,
    "datum": "OD Liverpool",
    "source": "OS 1:1056 London 1891-96 via NLS",
    "disputed": false,
    "views": [
     "opus-k:m18_131093_87128@688,881=31.8(m)",
     "opus-k:m18_131093_87131@688,113=31.8(m)"
    ],
    "notes": "boundary lane at Cromwell Road; small double dot just right of figure beside the boundary dot line, may be a boundary dot"
   },
   "geometry": {
    "type": "Point",
    "coordinates": [
     0.0325325,
     51.5399778
    ]
   }
  },
  {
   "type": "Feature",
   "properties": {
    "id": "sh_538757_184296",
    "type": "spot",
    "value_ft": 16.9,
    "raw": "16·9",
    "confidence": "medium",
    "n_readings": 2,
    "readers": [
     "opus-f",
     "opus-h"
    ],
    "mosaics": [
     "m18_131069_87128"
    ],
    "bng_e": 538757.29,
    "bng_n": 184296.07,
    "spread_m": 0.56,
    "datum": "OD Liverpool",
    "source": "OS 1:1056 London 1891-96 via NLS",
    "disputed": false,
    "views": [
     "opus-f:m18_131069_87128@660,720=16.9(m)",
     "opus-h:m18_131069_87128@663,720=16.9(m)"
    ],
    "notes": "Martin Street south; dot = interpunct before T of S·T·R·E·E·T, 8x"
   },
   "geometry": {
    "type": "Point",
    "coordinates": [
     -0.0005686,
     51.540515
    ]
   }
  },
  {
   "type": "Feature",
   "properties": {
    "id": "sh_538531_184294",
    "type": "spot",
    "value_ft": 18.0,
    "raw": "18·0",
    "confidence": "high",
    "n_readings": 3,
    "readers": [
     "opus-d",
     "opus-f",
     "opus-h"
    ],
    "mosaics": [
     "m18_131066_87128",
     "m18_131069_87128"
    ],
    "bng_e": 538531.19,
    "bng_n": 184294.36,
    "spread_m": 0.37,
    "datum": "OD Liverpool",
    "source": "OS 1:1056 London 1891-96 via NLS",
    "disputed": false,
    "views": [
     "opus-d:m18_131066_87128@822,709=18.0(h)",
     "opus-f:m18_131069_87128@54,707=18.0(h)",
     "opus-h:m18_131069_87128@54,708=18.0(h)"
    ],
    "notes": "G.E.R. Woolwich Branch bridge parapet; dot left of figures at 6x"
   },
   "geometry": {
    "type": "Point",
    "coordinates": [
     -0.0038275,
     51.540555
    ]
   }
  },
  {
   "type": "Feature",
   "properties": {
    "id": "sh_538952_184292",
    "type": "spot",
    "value_ft": 21.6,
    "raw": "21·6",
    "confidence": "high",
    "n_readings": 2,
    "readers": [
     "opus-i",
     "opus-l"
    ],
    "mosaics": [
     "m18_131072_87128"
    ],
    "bng_e": 538951.9,
    "bng_n": 184292.49,
    "spread_m": 0.37,
    "datum": "OD Liverpool",
    "source": "OS 1:1056 London 1891-96 via NLS",
    "disputed": false,
    "views": [
     "opus-i:m18_131072_87128@416,745=21.6(h)",
     "opus-l:m18_131072_87128@416,743=21.6(h)"
    ],
    "notes": "footway east of the Town Hall; dot above-left of figure"
   },
   "geometry": {
    "type": "Point",
    "coordinates": [
     0.0022343,
     51.5404349
    ]
   }
  },
  {
   "type": "Feature",
   "properties": {
    "id": "sh_541128_184292",
    "type": "spot",
    "value_ft": 31.3,
    "raw": "31·3",
    "confidence": "medium",
    "n_readings": 4,
    "readers": [
     "opus-k",
     "opus-m"
    ],
    "mosaics": [
     "m18_131093_87128",
     "m18_131093_87131",
     "m18_131096_87128",
     "m18_131096_87131"
    ],
    "bng_e": 541128.23,
    "bng_n": 184291.81,
    "spread_m": 0.19,
    "datum": "OD Liverpool",
    "source": "OS 1:1056 London 1891-96 via NLS",
    "disputed": false,
    "views": [
     "opus-k:m18_131093_87128@886,907=31.3(m)",
     "opus-k:m18_131093_87131@886,139=31.3(m)",
     "opus-m:m18_131096_87128@118,908=31.3(m)",
     "opus-m:m18_131096_87131@118,140=31.3(m)"
    ],
    "notes": "Cromwell Road; only dot is the interpunct between M and W of CROM·WELL above figure"
   },
   "geometry": {
    "type": "Point",
    "coordinates": [
     0.0335947,
     51.5398894
    ]
   }
  },
  {
   "type": "Feature",
   "properties": {
    "id": "sh_538062_184289",
    "type": "spot",
    "value_ft": 13.1,
    "raw": "13·1",
    "confidence": "high",
    "n_readings": 1,
    "readers": [
     "opus-c"
    ],
    "mosaics": [
     "m18_131063_87128"
    ],
    "bng_e": 538062.28,
    "bng_n": 184289.01,
    "spread_m": 0.0,
    "datum": "OD Liverpool",
    "source": "OS 1:1056 London 1891-96 via NLS",
    "disputed": false,
    "views": [
     "opus-c:m18_131063_87128@330,688=13.1(h)"
    ],
    "notes": "Carpenter's Road; dot in the carriageway just left of the E of CARPENTER'S, SW of the figures"
   },
   "geometry": {
    "type": "Point",
    "coordinates": [
     -0.0105867,
     51.5406217
    ]
   }
  },
  {
   "type": "Feature",
   "properties": {
    "id": "sh_540986_184286",
    "type": "spot",
    "value_ft": 32.1,
    "raw": "32·1",
    "confidence": "high",
    "n_readings": 2,
    "readers": [
     "opus-k"
    ],
    "mosaics": [
     "m18_131093_87128",
     "m18_131093_87131"
    ],
    "bng_e": 540986.19,
    "bng_n": 184285.82,
    "spread_m": 0.0,
    "datum": "OD Liverpool",
    "source": "OS 1:1056 London 1891-96 via NLS",
    "disputed": false,
    "views": [
     "opus-k:m18_131093_87128@504,913=32.1(h)",
     "opus-k:m18_131093_87131@504,145=32.1(h)"
    ],
    "notes": "road north of Upton Park Road; dot right of figure"
   },
   "geometry": {
    "type": "Point",
    "coordinates": [
     0.0315455,
     51.539871
    ]
   }
  },
  {
   "type": "Feature",
   "properties": {
    "id": "sh_539046_184285",
    "type": "spot",
    "value_ft": 22.4,
    "raw": "22·4",
    "confidence": "high",
    "n_readings": 3,
    "readers": [
     "opus-i",
     "opus-j",
     "opus-l"
    ],
    "mosaics": [
     "m18_131072_87128",
     "m18_131072_87131"
    ],
    "bng_e": 539045.54,
    "bng_n": 184285.03,
    "spread_m": 0.83,
    "datum": "OD Liverpool",
    "source": "OS 1:1056 London 1891-96 via NLS",
    "disputed": false,
    "views": [
     "opus-i:m18_131072_87128@668,770=22.4(h)",
     "opus-l:m18_131072_87128@668,771=22.4(h)",
     "opus-j:m18_131072_87131@665,4=22.4(h)"
    ],
    "notes": "Victoria Street west end; dot left of figure"
   },
   "geometry": {
    "type": "Point",
    "coordinates": [
     0.0035808,
     51.5403448
    ]
   }
  },
  {
   "type": "Feature",
   "properties": {
    "id": "sh_541565_184285",
    "type": "spot",
    "value_ft": 28.9,
    "raw": "28·9",
    "confidence": "high",
    "n_readings": 3,
    "readers": [
     "opus-p",
     "opus-r"
    ],
    "mosaics": [
     "m18_131099_87128",
     "m18_131099_87131"
    ],
    "bng_e": 541565.49,
    "bng_n": 184284.62,
    "spread_m": 0.49,
    "datum": "OD Liverpool",
    "source": "OS 1:1056 London 1891-96 via NLS",
    "disputed": false,
    "views": [
     "opus-p:m18_131099_87128@524,959=28.9(h)",
     "opus-p:m18_131099_87131@524,191=28.9(h)",
     "opus-r:m18_131099_87128@524,961=28.9(m)"
    ],
    "notes": "road by Congregational Chapel just south of the py~952 join; dot above-right; 8x/16x"
   },
   "geometry": {
    "type": "Point",
    "coordinates": [
     0.0398925,
     51.5397153
    ]
   }
  },
  {
   "type": "Feature",
   "properties": {
    "id": "sh_537581_184283",
    "type": "spot",
    "value_ft": 19.1,
    "raw": "19·1",
    "confidence": "high",
    "n_readings": 1,
    "readers": [
     "opus-e"
    ],
    "mosaics": [
     "m18_131057_87128"
    ],
    "bng_e": 537581.47,
    "bng_n": 184283.38,
    "spread_m": 0.0,
    "datum": "OD Liverpool",
    "source": "OS 1:1056 London 1891-96 via NLS",
    "disputed": false,
    "views": [
     "opus-e:m18_131057_87128@574,668=19.1(h)"
    ],
    "notes": "dot at the crest of the embankment hatching, figures right, 10x"
   },
   "geometry": {
    "type": "Point",
    "coordinates": [
     -0.0175175,
     51.5406885
    ]
   }
  },
  {
   "type": "Feature",
   "properties": {
    "id": "sh_540930_184283",
    "type": "bench_mark",
    "value_ft": 35.91,
    "raw": "B.M.35·91",
    "confidence": "high",
    "n_readings": 2,
    "readers": [
     "opus-k"
    ],
    "mosaics": [
     "m18_131093_87128",
     "m18_131093_87131"
    ],
    "bng_e": 540929.69,
    "bng_n": 184282.77,
    "spread_m": 0.0,
    "datum": "OD Liverpool",
    "source": "OS 1:1056 London 1891-96 via NLS",
    "disputed": false,
    "views": [
     "opus-k:m18_131093_87128@352,917=35.91(h)",
     "opus-k:m18_131093_87131@352,149=35.91(h)"
    ],
    "notes": "front of houses north of Upton Park Road; pheon 15 px above-left of text on the house front line"
   },
   "geometry": {
    "type": "Point",
    "coordinates": [
     0.0307301,
     51.5398577
    ]
   }
  },
  {
   "type": "Feature",
   "properties": {
    "id": "sh_539164_184281",
    "type": "bench_mark",
    "value_ft": 27.31,
    "raw": "B.M.27·31",
    "confidence": "high",
    "n_readings": 2,
    "readers": [
     "opus-i",
     "opus-l"
    ],
    "mosaics": [
     "m18_131072_87128"
    ],
    "bng_e": 539164.21,
    "bng_n": 184281.41,
    "spread_m": 0.26,
    "datum": "OD Liverpool",
    "source": "OS 1:1056 London 1891-96 via NLS",
    "disputed": false,
    "views": [
     "opus-i:m18_131072_87128@985,789=27.31(h)",
     "opus-l:m18_131072_87128@986,790=27.31(h)"
    ],
    "notes": "Mark Street south frontage; pheon below the text"
   },
   "geometry": {
    "type": "Point",
    "coordinates": [
     0.0052893,
     51.5402831
    ]
   }
  },
  {
   "type": "Feature",
   "properties": {
    "id": "sh_538713_184280",
    "type": "spot",
    "value_ft": 16.2,
    "raw": "16·2",
    "confidence": "medium",
    "n_readings": 2,
    "readers": [
     "opus-f",
     "opus-h"
    ],
    "mosaics": [
     "m18_131069_87128"
    ],
    "bng_e": 538712.88,
    "bng_n": 184279.82,
    "spread_m": 0.67,
    "datum": "OD Liverpool",
    "source": "OS 1:1056 London 1891-96 via NLS",
    "disputed": false,
    "views": [
     "opus-f:m18_131069_87128@542,762=16.2(m)",
     "opus-h:m18_131069_87128@540,759=16.2(m)"
    ],
    "notes": "Frederick Street; dot = interpunct in FREDERICK·STREET directly above-left of figures, 8x"
   },
   "geometry": {
    "type": "Point",
    "coordinates": [
     -0.001215,
     51.5403798
    ]
   }
  },
  {
   "type": "Feature",
   "properties": {
    "id": "sh_537110_184278",
    "type": "spot",
    "value_ft": 22.3,
    "raw": "22·3",
    "confidence": "medium",
    "n_readings": 2,
    "readers": [
     "opus-h",
     "opus-j"
    ],
    "mosaics": [
     "m18_131054_87128"
    ],
    "bng_e": 537109.97,
    "bng_n": 184277.86,
    "spread_m": 0.19,
    "datum": "OD Liverpool",
    "source": "OS 1:1056 London 1891-96 via NLS",
    "disputed": false,
    "views": [
     "opus-h:m18_131054_87128@75,648=22.3(m)",
     "opus-j:m18_131054_87128@75,649=22.3(m)"
    ],
    "notes": "Old Ford Lock, towing path beside the lock head; dot above-right, but another dot 20 px below (lock furniture) makes the attribution uncertain"
   },
   "geometry": {
    "type": "Point",
    "coordinates": [
     -0.0243142,
     51.5407535
    ]
   }
  },
  {
   "type": "Feature",
   "properties": {
    "id": "sh_537740_184274",
    "type": "spot",
    "value_ft": 16.7,
    "raw": "16·7",
    "confidence": "high",
    "n_readings": 3,
    "readers": [
     "opus-c",
     "opus-e"
    ],
    "mosaics": [
     "m18_131057_87128",
     "m18_131060_87128"
    ],
    "bng_e": 537739.82,
    "bng_n": 184273.56,
    "spread_m": 0.25,
    "datum": "OD Liverpool",
    "source": "OS 1:1056 London 1891-96 via NLS",
    "disputed": false,
    "views": [
     "opus-e:m18_131057_87128@998,706=16.7(h)",
     "opus-c:m18_131060_87128@231,706=16.7(h)",
     "opus-e:m18_131060_87128@231,706=16.7(h)"
    ],
    "notes": "dot on the embankment, figures to the right ending ~2 px inside the east edge, 6x (overlap)"
   },
   "geometry": {
    "type": "Point",
    "coordinates": [
     -0.0152394,
     51.5405617
    ]
   }
  },
  {
   "type": "Feature",
   "properties": {
    "id": "sh_540915_184273",
    "type": "spot",
    "value_ft": 32.3,
    "raw": "32·3",
    "confidence": "medium",
    "n_readings": 2,
    "readers": [
     "opus-k"
    ],
    "mosaics": [
     "m18_131093_87128",
     "m18_131093_87131"
    ],
    "bng_e": 540915.06,
    "bng_n": 184273.08,
    "spread_m": 0.0,
    "datum": "OD Liverpool",
    "source": "OS 1:1056 London 1891-96 via NLS",
    "disputed": false,
    "views": [
     "opus-k:m18_131093_87128@312,942=32.3(m)",
     "opus-k:m18_131093_87131@312,174=32.3(m)"
    ],
    "notes": "St George's Avenue end just above the sheet join; small dot below-right of figure; 3 read at 12x"
   },
   "geometry": {
    "type": "Point",
    "coordinates": [
     0.0305155,
     51.5397743
    ]
   }
  },
  {
   "type": "Feature",
   "properties": {
    "id": "sh_539145_184273",
    "type": "spot",
    "value_ft": 24.9,
    "raw": "24·9",
    "confidence": "high",
    "n_readings": 3,
    "readers": [
     "opus-i",
     "opus-j",
     "opus-l"
    ],
    "mosaics": [
     "m18_131072_87128",
     "m18_131072_87131"
    ],
    "bng_e": 539145.15,
    "bng_n": 184273.03,
    "spread_m": 1.26,
    "datum": "OD Liverpool",
    "source": "OS 1:1056 London 1891-96 via NLS",
    "disputed": false,
    "views": [
     "opus-j:m18_131072_87131@932,43=24.9(h)",
     "opus-i:m18_131072_87128@932,811=24.9(m)",
     "opus-l:m18_131072_87128@937,810=24.9(m)"
    ],
    "notes": "Mark Street; dot directly above the figures between T and R of STREET, 8x"
   },
   "geometry": {
    "type": "Point",
    "coordinates": [
     0.0050113,
     51.5402125
    ]
   }
  },
  {
   "type": "Feature",
   "properties": {
    "id": "sh_540040_184272",
    "type": "bench_mark",
    "value_ft": 33.41,
    "raw": "B.M.33·41",
    "confidence": "high",
    "n_readings": 3,
    "readers": [
     "opus-o",
     "opus-q"
    ],
    "mosaics": [
     "m18_131084_87128",
     "m18_131084_87131"
    ],
    "bng_e": 540039.63,
    "bng_n": 184271.63,
    "spread_m": 0.55,
    "datum": "OD Liverpool",
    "source": "OS 1:1056 London 1891-96 via NLS",
    "disputed": false,
    "views": [
     "opus-o:m18_131084_87128@265,880=33.41(h)",
     "opus-q:m18_131084_87128@265,882=33.41(h)",
     "opus-o:m18_131084_87131@263,112=33.41(h)"
    ],
    "notes": "Beside the diagonal park path; text ~287,888; pheon ~22 px left-up at ~265,880; digits clear at 10x"
   },
   "geometry": {
    "type": "Point",
    "coordinates": [
     0.0179002,
     51.5399789
    ]
   }
  },
  {
   "type": "Feature",
   "properties": {
    "id": "sh_540590_184268",
    "type": "spot",
    "value_ft": 34.0,
    "raw": "34·0",
    "confidence": "medium",
    "n_readings": 6,
    "readers": [
     "opus-k",
     "opus-l",
     "opus-m",
     "opus-o"
    ],
    "mosaics": [
     "m18_131087_87128",
     "m18_131087_87131",
     "m18_131090_87128",
     "m18_131090_87131"
    ],
    "bng_e": 540589.78,
    "bng_n": 184267.59,
    "spread_m": 3.36,
    "datum": "OD Liverpool",
    "source": "OS 1:1056 London 1891-96 via NLS",
    "disputed": false,
    "views": [
     "opus-l:m18_131087_87128@975,934=34.0(m)",
     "opus-o:m18_131087_87128@966,928=34.0(m)",
     "opus-l:m18_131087_87131@975,166=34.0(m)",
     "opus-k:m18_131090_87128@208,933=34.0(m)",
     "opus-m:m18_131090_87128@207,933=34.0(m)",
     "opus-k:m18_131090_87131@208,165=34.0(m)"
    ],
    "notes": "Khedive Road south end; dot at 975,934 between V and E of KHEDIVE lettering (possible interpunct); 8x"
   },
   "geometry": {
    "type": "Point",
    "coordinates": [
     0.0258261,
     51.539806
    ]
   }
  },
  {
   "type": "Feature",
   "properties": {
    "id": "sh_541060_184266",
    "type": "spot",
    "value_ft": 31.6,
    "raw": "31·6",
    "confidence": "medium",
    "n_readings": 2,
    "readers": [
     "opus-k"
    ],
    "mosaics": [
     "m18_131093_87128",
     "m18_131093_87131"
    ],
    "bng_e": 541059.7,
    "bng_n": 184266.33,
    "spread_m": 0.0,
    "datum": "OD Liverpool",
    "source": "OS 1:1056 London 1891-96 via NLS",
    "disputed": false,
    "views": [
     "opus-k:m18_131093_87128@700,971=31.6(m)",
     "opus-k:m18_131093_87131@700,203=31.6(m)"
    ],
    "notes": "boundary lane by Methodist Chapel below the sheet join; several dots nearby (boundary and chapel lettering), survey dot not identified, position = centre of figures"
   },
   "geometry": {
    "type": "Point",
    "coordinates": [
     0.0325969,
     51.5396775
    ]
   }
  },
  {
   "type": "Feature",
   "properties": {
    "id": "sh_540476_184265",
    "type": "bench_mark",
    "value_ft": 36.86,
    "raw": "B.M.36·86",
    "confidence": "low",
    "n_readings": 3,
    "readers": [
     "opus-l",
     "opus-o"
    ],
    "mosaics": [
     "m18_131087_87128",
     "m18_131087_87131"
    ],
    "bng_e": 540475.51,
    "bng_n": 184264.74,
    "spread_m": 0.55,
    "datum": "OD Liverpool",
    "source": "OS 1:1056 London 1891-96 via NLS",
    "disputed": false,
    "views": [
     "opus-l:m18_131087_87128@666,932=36.86(l)",
     "opus-o:m18_131087_87128@668,931=36.86(l)",
     "opus-l:m18_131087_87131@666,164=36.86(l)"
    ],
    "notes": "house front, north side of Lancaster Road; pheon left of text at 666,932 (7x); second digit 6, third digit 8 at 20-30x, last digit ambiguous 6/5/8"
   },
   "geometry": {
    "type": "Point",
    "coordinates": [
     0.0241783,
     51.5398087
    ]
   }
  },
  {
   "type": "Feature",
   "properties": {
    "id": "sh_538659_184262",
    "type": "spot",
    "value_ft": 15.7,
    "raw": "15·7",
    "confidence": "high",
    "n_readings": 4,
    "readers": [
     "opus-f",
     "opus-g",
     "opus-h",
     "opus-k"
    ],
    "mosaics": [
     "m18_131069_87128",
     "m18_131069_87131"
    ],
    "bng_e": 538659.38,
    "bng_n": 184262.12,
    "spread_m": 0.46,
    "datum": "OD Liverpool",
    "source": "OS 1:1056 London 1891-96 via NLS",
    "disputed": false,
    "views": [
     "opus-f:m18_131069_87128@396,803=15.7(h)",
     "opus-h:m18_131069_87128@396,805=15.7(h)",
     "opus-g:m18_131069_87131@396,37=15.7(h)",
     "opus-k:m18_131069_87131@396,36=15.7(h)"
    ],
    "notes": "west end of Frederick Street by Station Street; dot above figures, 8x"
   },
   "geometry": {
    "type": "Point",
    "coordinates": [
     -0.0019929,
     51.5402339
    ]
   }
  },
  {
   "type": "Feature",
   "properties": {
    "id": "sh_537099_184260",
    "type": "bench_mark",
    "value_ft": 24.35,
    "raw": "B.M.24·35",
    "confidence": "high",
    "n_readings": 2,
    "readers": [
     "opus-h",
     "opus-j"
    ],
    "mosaics": [
     "m18_131054_87128"
    ],
    "bng_e": 537099.09,
    "bng_n": 184260.3,
    "spread_m": 0.19,
    "datum": "OD Liverpool",
    "source": "OS 1:1056 London 1891-96 via NLS",
    "disputed": false,
    "views": [
     "opus-j:m18_131054_87128@45,695=24.35(h)",
     "opus-h:m18_131054_87128@44,695=24.35(m)"
    ],
    "notes": "Old Ford Lock, west edge; digits 24·35 whole and clear at 12x, only the B of B.M. clipped by the west edge; pheon on the lock wall right of the text at 45,695 (shape blurred, position within ~2 px)"
   },
   "geometry": {
    "type": "Point",
    "coordinates": [
     -0.0244778,
     51.5405984
    ]
   }
  },
  {
   "type": "Feature",
   "properties": {
    "id": "sh_538830_184260",
    "type": "spot",
    "value_ft": 18.1,
    "raw": "18·1",
    "confidence": "high",
    "n_readings": 7,
    "readers": [
     "opus-f",
     "opus-g",
     "opus-h",
     "opus-i",
     "opus-j",
     "opus-k",
     "opus-l"
    ],
    "mosaics": [
     "m18_131069_87128",
     "m18_131069_87131",
     "m18_131072_87128",
     "m18_131072_87131"
    ],
    "bng_e": 538829.95,
    "bng_n": 184259.76,
    "spread_m": 0.56,
    "datum": "OD Liverpool",
    "source": "OS 1:1056 London 1891-96 via NLS",
    "disputed": false,
    "views": [
     "opus-f:m18_131069_87128@854,823=18.1(h)",
     "opus-h:m18_131069_87128@854,824=18.1(h)",
     "opus-g:m18_131069_87131@854,54=18.1(h)",
     "opus-k:m18_131069_87131@853,56=18.1(h)",
     "opus-i:m18_131072_87128@86,824=18.1(h)",
     "opus-l:m18_131072_87128@87,822=18.1(h)",
     "opus-j:m18_131072_87131@86,55=18.1(h)"
    ],
    "notes": "on the rails of the line crossing south-east of Angel Lane; dot on rail left of figures, 8x"
   },
   "geometry": {
    "type": "Point",
    "coordinates": [
     0.000464,
     51.5401708
    ]
   }
  },
  {
   "type": "Feature",
   "properties": {
    "id": "sh_540516_184259",
    "type": "spot",
    "value_ft": 34.2,
    "raw": "34·2",
    "confidence": "high",
    "n_readings": 6,
    "readers": [
     "opus-k",
     "opus-l",
     "opus-m",
     "opus-o"
    ],
    "mosaics": [
     "m18_131087_87128",
     "m18_131087_87131",
     "m18_131090_87128",
     "m18_131090_87131"
    ],
    "bng_e": 540515.63,
    "bng_n": 184258.79,
    "spread_m": 0.94,
    "datum": "OD Liverpool",
    "source": "OS 1:1056 London 1891-96 via NLS",
    "disputed": false,
    "views": [
     "opus-l:m18_131087_87128@774,950=34.2(h)",
     "opus-o:m18_131087_87128@774,950=34.2(h)",
     "opus-l:m18_131087_87131@774,181=34.2(h)",
     "opus-k:m18_131090_87128@6,951=34.2(h)",
     "opus-m:m18_131090_87128@7,953=34.2(h)",
     "opus-k:m18_131090_87131@5,183=34.2(h)"
    ],
    "notes": "Lancaster Road by St Anthony's R.C. Church; dot left of figures, just below the py~948 sheet join; 5x/8x"
   },
   "geometry": {
    "type": "Point",
    "coordinates": [
     0.0247541,
     51.5397453
    ]
   }
  },
  {
   "type": "Feature",
   "properties": {
    "id": "sh_540830_184258",
    "type": "spot",
    "value_ft": 32.7,
    "raw": "32·7",
    "confidence": "high",
    "n_readings": 5,
    "readers": [
     "opus-k",
     "opus-m"
    ],
    "mosaics": [
     "m18_131090_87128",
     "m18_131090_87131",
     "m18_131093_87128",
     "m18_131093_87131"
    ],
    "bng_e": 540829.87,
    "bng_n": 184257.5,
    "spread_m": 0.22,
    "datum": "OD Liverpool",
    "source": "OS 1:1056 London 1891-96 via NLS",
    "disputed": false,
    "views": [
     "opus-k:m18_131090_87128@850,977=32.7(h)",
     "opus-m:m18_131090_87128@850,978=32.7(h)",
     "opus-k:m18_131090_87131@850,209=32.7(h)",
     "opus-k:m18_131093_87128@82,978=32.7(h)",
     "opus-k:m18_131093_87131@82,210=32.7(h)"
    ],
    "notes": "Upton Park Road junction; dot directly above figure; F.P. separate"
   },
   "geometry": {
    "type": "Point",
    "coordinates": [
     0.0292817,
     51.5396555
    ]
   }
  },
  {
   "type": "Feature",
   "properties": {
    "id": "sh_539723_184257",
    "type": "spot",
    "value_ft": 28.0,
    "raw": "28·0",
    "confidence": "medium",
    "n_readings": 2,
    "readers": [
     "opus-s"
    ],
    "mosaics": [
     "m18_131081_87128",
     "m18_131081_87131"
    ],
    "bng_e": 539723.09,
    "bng_n": 184257.4,
    "spread_m": 0.19,
    "datum": "OD Liverpool",
    "source": "OS 1:1056 London 1891-96 via NLS",
    "disputed": false,
    "views": [
     "opus-s:m18_131081_87128@181,895=28.0(m)",
     "opus-s:m18_131081_87131@181,128=28.0(m)"
    ],
    "notes": "Cecil Road, road west of the terrace; two dots below figure above an F.P. (181,895 and 183,898), one is the F.P. dot; second digit 8 at 6x, slight 6 doubt at 12x"
   },
   "geometry": {
    "type": "Point",
    "coordinates": [
     0.0133333,
     51.5399294
    ]
   }
  },
  {
   "type": "Feature",
   "properties": {
    "id": "sh_540461_184255",
    "type": "spot",
    "value_ft": 34.6,
    "raw": "34·6",
    "confidence": "medium",
    "n_readings": 2,
    "readers": [
     "opus-l"
    ],
    "mosaics": [
     "m18_131087_87128",
     "m18_131087_87131"
    ],
    "bng_e": 540460.64,
    "bng_n": 184254.92,
    "spread_m": 0.0,
    "datum": "OD Liverpool",
    "source": "OS 1:1056 London 1891-96 via NLS",
    "disputed": false,
    "views": [
     "opus-l:m18_131087_87128@626,957=34.6(m)",
     "opus-l:m18_131087_87131@626,189=34.6(m)"
    ],
    "notes": "Lancaster Road; figures 600-617,960 (6 at 20-30x); the only dot is the one after the L of LANCASTER at 626,957 (no other interpuncts in the name), taken as survey dot"
   },
   "geometry": {
    "type": "Point",
    "coordinates": [
     0.0239602,
     51.5397242
    ]
   }
  },
  {
   "type": "Feature",
   "properties": {
    "id": "sh_540453_184255",
    "type": "spot",
    "value_ft": 34.6,
    "raw": "34·6",
    "confidence": "medium",
    "n_readings": 1,
    "readers": [
     "opus-o"
    ],
    "mosaics": [
     "m18_131087_87128"
    ],
    "bng_e": 540452.83,
    "bng_n": 184254.7,
    "spread_m": 0.0,
    "datum": "OD Liverpool",
    "source": "OS 1:1056 London 1891-96 via NLS",
    "disputed": false,
    "views": [
     "opus-o:m18_131087_87128@605,957=34.6(m)"
    ],
    "notes": "Lancaster Road at the 'L·A' of LANCASTER; only dot is the interpunct; position = centre of figures; digits clear at 6x"
   },
   "geometry": {
    "type": "Point",
    "coordinates": [
     0.0238475,
     51.5397242
    ]
   }
  },
  {
   "type": "Feature",
   "properties": {
    "id": "sh_538137_184254",
    "type": "spot",
    "value_ft": 12.7,
    "raw": "12·7",
    "confidence": "high",
    "n_readings": 2,
    "readers": [
     "opus-c",
     "opus-d"
    ],
    "mosaics": [
     "m18_131063_87128",
     "m18_131063_87131"
    ],
    "bng_e": 538137.32,
    "bng_n": 184253.73,
    "spread_m": 0.56,
    "datum": "OD Liverpool",
    "source": "OS 1:1056 London 1891-96 via NLS",
    "disputed": false,
    "views": [
     "opus-c:m18_131063_87128@529,787=12.7(h)",
     "opus-d:m18_131063_87131@529,22=12.7(m)"
    ],
    "notes": "Carpenter's Road opposite the Goods Depot; dot between the R and O of ROAD, above the figures"
   },
   "geometry": {
    "type": "Point",
    "coordinates": [
     -0.0095191,
     51.5402864
    ]
   }
  },
  {
   "type": "Feature",
   "properties": {
    "id": "sh_540390_184253",
    "type": "spot",
    "value_ft": 35.5,
    "raw": "35·5",
    "confidence": "medium",
    "n_readings": 3,
    "readers": [
     "opus-l",
     "opus-o"
    ],
    "mosaics": [
     "m18_131087_87128",
     "m18_131087_87131"
    ],
    "bng_e": 540390.32,
    "bng_n": 184253.47,
    "spread_m": 0.25,
    "datum": "OD Liverpool",
    "source": "OS 1:1056 London 1891-96 via NLS",
    "disputed": false,
    "views": [
     "opus-l:m18_131087_87128@437,956=35.5(m)",
     "opus-o:m18_131087_87128@437,955=35.5(m)",
     "opus-l:m18_131087_87131@437,188=35.5(m)"
    ],
    "notes": "same boundary road at Lancaster Road, just south of the py~948 sheet join; both 5s have flat top bars at 20x; dot at 425,955 lies in the boundary dash line, position = centre of figures"
   },
   "geometry": {
    "type": "Point",
    "coordinates": [
     0.0229463,
     51.5397287
    ]
   }
  },
  {
   "type": "Feature",
   "properties": {
    "id": "sh_538994_184252",
    "type": "spot",
    "value_ft": 23.7,
    "raw": "23·7",
    "confidence": "medium",
    "n_readings": 3,
    "readers": [
     "opus-i",
     "opus-j",
     "opus-l"
    ],
    "mosaics": [
     "m18_131072_87128",
     "m18_131072_87131"
    ],
    "bng_e": 538994.45,
    "bng_n": 184252.31,
    "spread_m": 2.0,
    "datum": "OD Liverpool",
    "source": "OS 1:1056 London 1891-96 via NLS",
    "disputed": false,
    "views": [
     "opus-i:m18_131072_87128@532,858=23.7(m)",
     "opus-l:m18_131072_87128@525,854=23.7(m)",
     "opus-j:m18_131072_87131@525,86=23.7(m)"
    ],
    "notes": "road junction by the Unitarian Church; the only nearby dot is the F.P.'s own; position = centre of figures"
   },
   "geometry": {
    "type": "Point",
    "coordinates": [
     0.0028315,
     51.5400634
    ]
   }
  },
  {
   "type": "Feature",
   "properties": {
    "id": "sh_540015_184251",
    "type": "spot",
    "value_ft": 30.0,
    "raw": "30·0",
    "confidence": "high",
    "n_readings": 5,
    "readers": [
     "opus-o",
     "opus-q",
     "opus-s"
    ],
    "mosaics": [
     "m18_131081_87128",
     "m18_131081_87131",
     "m18_131084_87128",
     "m18_131084_87131"
    ],
    "bng_e": 540015.21,
    "bng_n": 184251.01,
    "spread_m": 0.37,
    "datum": "OD Liverpool",
    "source": "OS 1:1056 London 1891-96 via NLS",
    "disputed": true,
    "values": [
     30.0,
     30.6
    ],
    "values_by_reader": {
     "opus-o": [
      30.6
     ],
     "opus-q": [
      30.0
     ],
     "opus-s": [
      30.0
     ]
    },
    "views": [
     "opus-s:m18_131081_87128@966,935=30.0(h)",
     "opus-s:m18_131081_87131@965,167=30.0(h)",
     "opus-q:m18_131084_87128@197,934=30.0(h)",
     "opus-o:m18_131084_87128@197,934=30.6(m)",
     "opus-o:m18_131084_87131@197,166=30.6(m)"
    ],
    "notes": "West Ham Park, at crossing of park paths; dot left of figure; clear at 12x; sheet join at py ~944 just below"
   },
   "geometry": {
    "type": "Point",
    "coordinates": [
     0.0175401,
     51.5397996
    ]
   }
  },
  {
   "type": "Feature",
   "properties": {
    "id": "sh_538957_184250",
    "type": "spot",
    "value_ft": 21.3,
    "raw": "21·3",
    "confidence": "high",
    "n_readings": 3,
    "readers": [
     "opus-i",
     "opus-j",
     "opus-l"
    ],
    "mosaics": [
     "m18_131072_87128",
     "m18_131072_87131"
    ],
    "bng_e": 538956.65,
    "bng_n": 184250.29,
    "spread_m": 0.25,
    "datum": "OD Liverpool",
    "source": "OS 1:1056 London 1891-96 via NLS",
    "disputed": false,
    "views": [
     "opus-i:m18_131072_87128@426,858=21.3(h)",
     "opus-l:m18_131072_87128@426,858=21.3(h)",
     "opus-j:m18_131072_87131@425,90=21.3(h)"
    ],
    "notes": "open ground by the Court House; dot left of figure"
   },
   "geometry": {
    "type": "Point",
    "coordinates": [
     0.0022861,
     51.5400545
    ]
   }
  },
  {
   "type": "Feature",
   "properties": {
    "id": "sh_538516_184249",
    "type": "bench_mark",
    "value_ft": 14.64,
    "raw": "B.M.14·64",
    "confidence": "high",
    "n_readings": 6,
    "readers": [
     "opus-d",
     "opus-e",
     "opus-f",
     "opus-g",
     "opus-h",
     "opus-k"
    ],
    "mosaics": [
     "m18_131066_87128",
     "m18_131066_87131",
     "m18_131069_87128",
     "m18_131069_87131"
    ],
    "bng_e": 538515.74,
    "bng_n": 184248.7,
    "spread_m": 1.43,
    "datum": "OD Liverpool",
    "source": "OS 1:1056 London 1891-96 via NLS",
    "disputed": false,
    "views": [
     "opus-d:m18_131066_87128@776,830=14.64(h)",
     "opus-e:m18_131066_87131@781,62=14.64(h)",
     "opus-f:m18_131069_87128@9,830=14.64(h)",
     "opus-h:m18_131069_87128@7,831=14.64(h)",
     "opus-g:m18_131069_87131@10,61=14.64(h)",
     "opus-k:m18_131069_87131@8,61=14.64(h)"
    ],
    "notes": "building corner south of the Woolwich Branch; pheon point left of text against the wall, 8x"
   },
   "geometry": {
    "type": "Point",
    "coordinates": [
     -0.004068,
     51.5401485
    ]
   }
  },
  {
   "type": "Feature",
   "properties": {
    "id": "sh_541583_184247",
    "type": "bench_mark",
    "value_ft": 29.99,
    "raw": "B.M.29·99",
    "confidence": "high",
    "n_readings": 1,
    "readers": [
     "opus-p"
    ],
    "mosaics": [
     "m18_131099_87131"
    ],
    "bng_e": 541582.91,
    "bng_n": 184247.48,
    "spread_m": 0.0,
    "datum": "OD Liverpool",
    "source": "OS 1:1056 London 1891-96 via NLS",
    "disputed": false,
    "views": [
     "opus-p:m18_131099_87131@568,293=29.99(h)"
    ],
    "notes": "building east of the Chapel on the west side of Red Post Lane; pheon right of the text on the building line at 12x blocky; digits clear at 12x"
   },
   "geometry": {
    "type": "Point",
    "coordinates": [
     0.0401285,
     51.5393772
    ]
   }
  },
  {
   "type": "Feature",
   "properties": {
    "id": "sh_540740_184247",
    "type": "bench_mark",
    "value_ft": 33.5,
    "raw": "B.M.33·50",
    "confidence": "high",
    "n_readings": 3,
    "readers": [
     "opus-k",
     "opus-m"
    ],
    "mosaics": [
     "m18_131090_87128",
     "m18_131090_87131"
    ],
    "bng_e": 540740.32,
    "bng_n": 184246.82,
    "spread_m": 0.35,
    "datum": "OD Liverpool",
    "source": "OS 1:1056 London 1891-96 via NLS",
    "disputed": false,
    "views": [
     "opus-k:m18_131090_87128@609,1000=33.5(h)",
     "opus-m:m18_131090_87128@608,999=33.5(h)",
     "opus-k:m18_131090_87131@609,232=33.5(h)"
    ],
    "notes": "Upton Park Road frontage below the sheet join; pheon right of text on wall line; 5 read at 12x"
   },
   "geometry": {
    "type": "Point",
    "coordinates": [
     0.0279871,
     51.5395819
    ]
   }
  },
  {
   "type": "Feature",
   "properties": {
    "id": "sh_540761_184245",
    "type": "spot",
    "value_ft": 32.7,
    "raw": "32·7",
    "confidence": "high",
    "n_readings": 3,
    "readers": [
     "opus-k",
     "opus-m"
    ],
    "mosaics": [
     "m18_131090_87128",
     "m18_131090_87131"
    ],
    "bng_e": 540760.98,
    "bng_n": 184244.92,
    "spread_m": 0.25,
    "datum": "OD Liverpool",
    "source": "OS 1:1056 London 1891-96 via NLS",
    "disputed": false,
    "views": [
     "opus-m:m18_131090_87128@664,1007=32.7(h)",
     "opus-k:m18_131090_87128@664,1006=32.7(m)",
     "opus-k:m18_131090_87131@664,238=32.7(m)"
    ],
    "notes": "UPTON PARK ROAD between O and N of UPTON; survey dot just above the middot; 14x"
   },
   "geometry": {
    "type": "Point",
    "coordinates": [
     0.0282839,
     51.5395596
    ]
   }
  },
  {
   "type": "Feature",
   "properties": {
    "id": "sh_537385_184245",
    "type": "spot",
    "value_ft": 22.6,
    "raw": "22·6",
    "confidence": "high",
    "n_readings": 3,
    "readers": [
     "opus-e",
     "opus-h",
     "opus-j"
    ],
    "mosaics": [
     "m18_131054_87128",
     "m18_131057_87128"
    ],
    "bng_e": 537385.34,
    "bng_n": 184244.78,
    "spread_m": 0.28,
    "datum": "OD Liverpool",
    "source": "OS 1:1056 London 1891-96 via NLS",
    "disputed": false,
    "views": [
     "opus-h:m18_131054_87128@812,757=22.6(h)",
     "opus-j:m18_131054_87128@813,758=22.6(h)",
     "opus-e:m18_131057_87128@44,758=22.6(h)"
    ],
    "notes": "Hackney Cut east towing path; dot left of figures"
   },
   "geometry": {
    "type": "Point",
    "coordinates": [
     -0.0203588,
     51.5403893
    ]
   }
  },
  {
   "type": "Feature",
   "properties": {
    "id": "sh_541079_184242",
    "type": "bench_mark",
    "value_ft": 33.53,
    "raw": "B.M.33·53",
    "confidence": "high",
    "n_readings": 1,
    "readers": [
     "opus-k"
    ],
    "mosaics": [
     "m18_131093_87131"
    ],
    "bng_e": 541078.61,
    "bng_n": 184241.98,
    "spread_m": 0.0,
    "datum": "OD Liverpool",
    "source": "OS 1:1056 London 1891-96 via NLS",
    "disputed": false,
    "views": [
     "opus-k:m18_131093_87131@749,270=33.53(h)"
    ],
    "notes": "south-west corner of the Wesleyan Methodist Chapel on Gipsy Lane; pheon at wall corner left of text; digits clear at 12x"
   },
   "geometry": {
    "type": "Point",
    "coordinates": [
     0.0328598,
     51.539454
    ]
   }
  },
  {
   "type": "Feature",
   "properties": {
    "id": "sh_538521_184240",
    "type": "spot",
    "value_ft": 13.0,
    "raw": "13·0",
    "confidence": "high",
    "n_readings": 6,
    "readers": [
     "opus-d",
     "opus-e",
     "opus-f",
     "opus-g",
     "opus-h",
     "opus-k"
    ],
    "mosaics": [
     "m18_131066_87128",
     "m18_131066_87131",
     "m18_131069_87128",
     "m18_131069_87131"
    ],
    "bng_e": 538521.19,
    "bng_n": 184240.31,
    "spread_m": 0.44,
    "datum": "OD Liverpool",
    "source": "OS 1:1056 London 1891-96 via NLS",
    "disputed": false,
    "views": [
     "opus-d:m18_131066_87128@791,853=13.0(h)",
     "opus-e:m18_131066_87131@791,85=13.0(h)",
     "opus-f:m18_131069_87128@23,853=13.0(h)",
     "opus-h:m18_131069_87128@23,854=13.0(m)",
     "opus-g:m18_131069_87131@24,84=13.0(m)",
     "opus-k:m18_131069_87131@23,84=13.0(m)"
    ],
    "notes": "road below B.M.14·64; dot above figures at 6x (the F.P has its own dot at 763,852)"
   },
   "geometry": {
    "type": "Point",
    "coordinates": [
     -0.0039929,
     51.5400718
    ]
   }
  },
  {
   "type": "Feature",
   "properties": {
    "id": "sh_539095_184239",
    "type": "spot",
    "value_ft": 24.4,
    "raw": "24·4",
    "confidence": "high",
    "n_readings": 3,
    "readers": [
     "opus-i",
     "opus-j",
     "opus-l"
    ],
    "mosaics": [
     "m18_131072_87128",
     "m18_131072_87131"
    ],
    "bng_e": 539095.44,
    "bng_n": 184239.36,
    "spread_m": 0.28,
    "datum": "OD Liverpool",
    "source": "OS 1:1056 London 1891-96 via NLS",
    "disputed": false,
    "views": [
     "opus-i:m18_131072_87128@797,898=24.4(h)",
     "opus-l:m18_131072_87128@798,897=24.4(h)",
     "opus-j:m18_131072_87131@798,130=24.4(h)"
    ],
    "notes": "Mark Street west part; dot above figure"
   },
   "geometry": {
    "type": "Point",
    "coordinates": [
     0.0042817,
     51.5399222
    ]
   }
  },
  {
   "type": "Feature",
   "properties": {
    "id": "sh_538886_184234",
    "type": "spot",
    "value_ft": 18.7,
    "raw": "18·7",
    "confidence": "high",
    "n_readings": 3,
    "readers": [
     "opus-i",
     "opus-j",
     "opus-l"
    ],
    "mosaics": [
     "m18_131072_87128",
     "m18_131072_87131"
    ],
    "bng_e": 538885.62,
    "bng_n": 184233.99,
    "spread_m": 0.28,
    "datum": "OD Liverpool",
    "source": "OS 1:1056 London 1891-96 via NLS",
    "disputed": false,
    "views": [
     "opus-i:m18_131072_87128@234,897=18.7(h)",
     "opus-l:m18_131072_87128@234,896=18.7(h)",
     "opus-j:m18_131072_87131@233,129=18.7(h)"
    ],
    "notes": "yard off Burton's Court; dot left of figure"
   },
   "geometry": {
    "type": "Point",
    "coordinates": [
     0.0012562,
     51.5399255
    ]
   }
  },
  {
   "type": "Feature",
   "properties": {
    "id": "sh_539034_184234",
    "type": "bench_mark",
    "value_ft": 26.89,
    "raw": "B.M.26·89",
    "confidence": "high",
    "n_readings": 3,
    "readers": [
     "opus-i",
     "opus-j",
     "opus-l"
    ],
    "mosaics": [
     "m18_131072_87128",
     "m18_131072_87131"
    ],
    "bng_e": 539034.42,
    "bng_n": 184233.73,
    "spread_m": 0.63,
    "datum": "OD Liverpool",
    "source": "OS 1:1056 London 1891-96 via NLS",
    "disputed": false,
    "views": [
     "opus-j:m18_131072_87131@632,141=26.89(h)",
     "opus-i:m18_131072_87128@635,908=26.89(m)",
     "opus-l:m18_131072_87128@633,908=26.89(m)"
    ],
    "notes": "Sunday School building; digits confirmed at 12x; pheon left of text, 6x"
   },
   "geometry": {
    "type": "Point",
    "coordinates": [
     0.0034002,
     51.5398866
    ]
   }
  },
  {
   "type": "Feature",
   "properties": {
    "id": "sh_538799_184233",
    "type": "bench_mark",
    "value_ft": 20.32,
    "raw": "B.M.20·32",
    "confidence": "high",
    "n_readings": 7,
    "readers": [
     "opus-f",
     "opus-g",
     "opus-h",
     "opus-i",
     "opus-j",
     "opus-k",
     "opus-l"
    ],
    "mosaics": [
     "m18_131069_87128",
     "m18_131069_87131",
     "m18_131072_87128",
     "m18_131072_87131"
    ],
    "bng_e": 538798.57,
    "bng_n": 184232.6,
    "spread_m": 1.08,
    "datum": "OD Liverpool",
    "source": "OS 1:1056 London 1891-96 via NLS",
    "disputed": false,
    "views": [
     "opus-f:m18_131069_87128@768,893=20.32(h)",
     "opus-h:m18_131069_87128@767,893=20.32(h)",
     "opus-g:m18_131069_87131@767,127=20.32(h)",
     "opus-k:m18_131069_87131@765,127=20.32(h)",
     "opus-i:m18_131072_87128@1,893=20.32(m)",
     "opus-l:m18_131072_87128@1,894=20.32(m)",
     "opus-j:m18_131072_87131@1,127=20.32(m)"
    ],
    "notes": "building corner south of Jam Factory; pheon left of text pointing at the wall, 8x"
   },
   "geometry": {
    "type": "Point",
    "coordinates": [
     1.2e-06,
     51.5399344
    ]
   }
  },
  {
   "type": "Feature",
   "properties": {
    "id": "sh_540679_184230",
    "type": "spot",
    "value_ft": 33.3,
    "raw": "33·3",
    "confidence": "high",
    "n_readings": 1,
    "readers": [
     "opus-k"
    ],
    "mosaics": [
     "m18_131090_87131"
    ],
    "bng_e": 540678.74,
    "bng_n": 184230.14,
    "spread_m": 0.0,
    "datum": "OD Liverpool",
    "source": "OS 1:1056 London 1891-96 via NLS",
    "disputed": false,
    "views": [
     "opus-k:m18_131090_87131@442,272=33.3(h)"
    ],
    "notes": "Upton Park Road south side; dot upper-left of figure; final digit matches the two 3s of the same figure at 16x"
   },
   "geometry": {
    "type": "Point",
    "coordinates": [
     0.027093,
     51.5394473
    ]
   }
  },
  {
   "type": "Feature",
   "properties": {
    "id": "sh_537383_184225",
    "type": "bench_mark",
    "value_ft": 21.93,
    "raw": "B.M.21·93",
    "confidence": "high",
    "n_readings": 5,
    "readers": [
     "opus-e",
     "opus-g",
     "opus-h",
     "opus-j"
    ],
    "mosaics": [
     "m18_131054_87128",
     "m18_131054_87131",
     "m18_131057_87128",
     "m18_131057_87131"
    ],
    "bng_e": 537383.08,
    "bng_n": 184224.76,
    "spread_m": 0.5,
    "datum": "OD Liverpool",
    "source": "OS 1:1056 London 1891-96 via NLS",
    "disputed": false,
    "views": [
     "opus-h:m18_131054_87128@806,812=21.93(h)",
     "opus-j:m18_131054_87128@805,811=21.93(h)",
     "opus-j:m18_131054_87131@805,43=21.93(h)",
     "opus-e:m18_131057_87128@36,812=21.93(h)",
     "opus-g:m18_131057_87131@36,43=21.93(h)"
    ],
    "notes": "Hackney Cut east bank; pheon (arrow) left of text on the wall line; clear at 6x"
   },
   "geometry": {
    "type": "Point",
    "coordinates": [
     -0.0203993,
     51.54021
    ]
   }
  },
  {
   "type": "Feature",
   "properties": {
    "id": "sh_537570_184224",
    "type": "spot",
    "value_ft": 17.1,
    "raw": "17·1",
    "confidence": "high",
    "n_readings": 2,
    "readers": [
     "opus-e",
     "opus-g"
    ],
    "mosaics": [
     "m18_131057_87128",
     "m18_131057_87131"
    ],
    "bng_e": 537570.05,
    "bng_n": 184224.03,
    "spread_m": 0.0,
    "datum": "OD Liverpool",
    "source": "OS 1:1056 London 1891-96 via NLS",
    "disputed": false,
    "views": [
     "opus-e:m18_131057_87128@539,827=17.1(h)",
     "opus-g:m18_131057_87131@539,59=17.1(h)"
    ],
    "notes": "dot on the embankment crest, figures right, 10x"
   },
   "geometry": {
    "type": "Point",
    "coordinates": [
     -0.0177052,
     51.540158
    ]
   }
  },
  {
   "type": "Feature",
   "properties": {
    "id": "sh_538462_184223",
    "type": "spot",
    "value_ft": 12.5,
    "raw": "12·5",
    "confidence": "high",
    "n_readings": 2,
    "readers": [
     "opus-d",
     "opus-e"
    ],
    "mosaics": [
     "m18_131066_87128",
     "m18_131066_87131"
    ],
    "bng_e": 538461.66,
    "bng_n": 184222.84,
    "spread_m": 0.19,
    "datum": "OD Liverpool",
    "source": "OS 1:1056 London 1891-96 via NLS",
    "disputed": false,
    "views": [
     "opus-d:m18_131066_87128@630,896=12.5(h)",
     "opus-e:m18_131066_87131@630,127=12.5(h)"
    ],
    "notes": "road south of the Woolwich Branch; dot below-left of figures at 8x (the F.P below has its own dot at 636,902)"
   },
   "geometry": {
    "type": "Point",
    "coordinates": [
     -0.0048575,
     51.5399294
    ]
   }
  },
  {
   "type": "Feature",
   "properties": {
    "id": "sh_537566_184221",
    "type": "bench_mark",
    "value_ft": 12.98,
    "raw": "B.M.12·98",
    "confidence": "high",
    "n_readings": 2,
    "readers": [
     "opus-e",
     "opus-g"
    ],
    "mosaics": [
     "m18_131057_87128",
     "m18_131057_87131"
    ],
    "bng_e": 537566.41,
    "bng_n": 184221.15,
    "spread_m": 0.42,
    "datum": "OD Liverpool",
    "source": "OS 1:1056 London 1891-96 via NLS",
    "disputed": false,
    "views": [
     "opus-e:m18_131057_87128@530,834=12.98(h)",
     "opus-g:m18_131057_87131@528,67=12.98(h)"
    ],
    "notes": "foot of the embankment below 17·1; pheon 6 px left of the text on the slope, 10x digits"
   },
   "geometry": {
    "type": "Point",
    "coordinates": [
     -0.0177589,
     51.5401329
    ]
   }
  },
  {
   "type": "Feature",
   "properties": {
    "id": "sh_538897_184218",
    "type": "bench_mark",
    "value_ft": 20.79,
    "raw": "B.M.20·79",
    "confidence": "high",
    "n_readings": 3,
    "readers": [
     "opus-i",
     "opus-j",
     "opus-l"
    ],
    "mosaics": [
     "m18_131072_87128",
     "m18_131072_87131"
    ],
    "bng_e": 538896.6,
    "bng_n": 184218.32,
    "spread_m": 0.45,
    "datum": "OD Liverpool",
    "source": "OS 1:1056 London 1891-96 via NLS",
    "disputed": true,
    "values": [
     20.19,
     20.79
    ],
    "values_by_reader": {
     "opus-i": [
      20.79
     ],
     "opus-j": [
      20.19
     ],
     "opus-l": [
      20.79
     ]
    },
    "views": [
     "opus-j:m18_131072_87131@262,172=20.19(h)",
     "opus-i:m18_131072_87128@261,940=20.79(m)",
     "opus-l:m18_131072_87128@263,939=20.79(l)"
    ],
    "notes": "text over the building at 280,920; pheon on the building line 30 px SW, lying on the sheet join"
   },
   "geometry": {
    "type": "Point",
    "coordinates": [
     0.0014082,
     51.539782
    ]
   }
  },
  {
   "type": "Feature",
   "properties": {
    "id": "sh_540601_184216",
    "type": "spot",
    "value_ft": 33.5,
    "raw": "33·5",
    "confidence": "high",
    "n_readings": 2,
    "readers": [
     "opus-k",
     "opus-l"
    ],
    "mosaics": [
     "m18_131087_87131",
     "m18_131090_87131"
    ],
    "bng_e": 540601.33,
    "bng_n": 184215.74,
    "spread_m": 0.0,
    "datum": "OD Liverpool",
    "source": "OS 1:1056 London 1891-96 via NLS",
    "disputed": false,
    "views": [
     "opus-l:m18_131087_87131@1001,305=33.5(h)",
     "opus-k:m18_131090_87131@233,305=33.5(h)"
    ],
    "notes": "road east of St Anthony's (Khedive Road continuation) by L.B; dot left of figures at 1001,305; figures end at px ~1021, whole at 20-30x"
   },
   "geometry": {
    "type": "Point",
    "coordinates": [
     0.0259718,
     51.5393372
    ]
   }
  },
  {
   "type": "Feature",
   "properties": {
    "id": "sh_538667_184215",
    "type": "spot",
    "value_ft": 16.0,
    "raw": "16·0",
    "confidence": "high",
    "n_readings": 4,
    "readers": [
     "opus-f",
     "opus-g",
     "opus-h",
     "opus-k"
    ],
    "mosaics": [
     "m18_131069_87128",
     "m18_131069_87131"
    ],
    "bng_e": 538667.27,
    "bng_n": 184215.27,
    "spread_m": 0.75,
    "datum": "OD Liverpool",
    "source": "OS 1:1056 London 1891-96 via NLS",
    "disputed": false,
    "views": [
     "opus-f:m18_131069_87128@414,930=16.0(h)",
     "opus-h:m18_131069_87128@414,933=16.0(h)",
     "opus-g:m18_131069_87131@414,162=16.0(h)",
     "opus-k:m18_131069_87131@413,163=16.0(h)"
    ],
    "notes": "road by railway just above the py ~936 sheet join; dot right of figures, 8x"
   },
   "geometry": {
    "type": "Point",
    "coordinates": [
     -0.0018977,
     51.539811
    ]
   }
  },
  {
   "type": "Feature",
   "properties": {
    "id": "sh_537793_184215",
    "type": "spot",
    "value_ft": 10.8,
    "raw": "10·8",
    "confidence": "high",
    "n_readings": 3,
    "readers": [
     "opus-c",
     "opus-e"
    ],
    "mosaics": [
     "m18_131060_87128",
     "m18_131060_87131"
    ],
    "bng_e": 537793.4,
    "bng_n": 184215.24,
    "spread_m": 0.45,
    "datum": "OD Liverpool",
    "source": "OS 1:1056 London 1891-96 via NLS",
    "disputed": false,
    "views": [
     "opus-c:m18_131060_87128@370,866=10.8(h)",
     "opus-e:m18_131060_87128@371,868=10.8(h)",
     "opus-e:m18_131060_87131@370,99=10.8(h)"
    ],
    "notes": "open marsh at the foot of the embanked bank; dot left of figures; 0 and 8 clear at 8x"
   },
   "geometry": {
    "type": "Point",
    "coordinates": [
     -0.0144902,
     51.5400245
    ]
   }
  },
  {
   "type": "Feature",
   "properties": {
    "id": "sh_538945_184215",
    "type": "spot",
    "value_ft": 18.7,
    "raw": "18·7",
    "confidence": "medium",
    "n_readings": 3,
    "readers": [
     "opus-i",
     "opus-j",
     "opus-l"
    ],
    "mosaics": [
     "m18_131072_87128",
     "m18_131072_87131"
    ],
    "bng_e": 538945.09,
    "bng_n": 184214.82,
    "spread_m": 3.1,
    "datum": "OD Liverpool",
    "source": "OS 1:1056 London 1891-96 via NLS",
    "disputed": false,
    "views": [
     "opus-i:m18_131072_87128@388,950=18.7(m)",
     "opus-l:m18_131072_87128@400,955=18.7(m)",
     "opus-j:m18_131072_87131@388,185=18.7(m)"
    ],
    "notes": "St John's Vicarage garden just below the join; dot at the building corner left of figure; second digit 8 (closed top) at 20x, 6 not wholly excluded"
   },
   "geometry": {
    "type": "Point",
    "coordinates": [
     0.0021055,
     51.5397387
    ]
   }
  },
  {
   "type": "Feature",
   "properties": {
    "id": "sh_541627_184214",
    "type": "spot",
    "value_ft": 27.7,
    "raw": "27·7",
    "confidence": "medium",
    "n_readings": 1,
    "readers": [
     "opus-p"
    ],
    "mosaics": [
     "m18_131099_87131"
    ],
    "bng_e": 541626.65,
    "bng_n": 184214.17,
    "spread_m": 0.0,
    "datum": "OD Liverpool",
    "source": "OS 1:1056 London 1891-96 via NLS",
    "disputed": false,
    "views": [
     "opus-p:m18_131099_87131@683,386=27.7(m)"
    ],
    "notes": "Red Post Lane at its junction below 'F.P'; digits clear at 12x; dots nearby are the F.P.'s own (671,382) and the RED·POST interpunct (692,380); position = centre of figures"
   },
   "geometry": {
    "type": "Point",
    "coordinates": [
     0.0407454,
     51.5390669
    ]
   }
  },
  {
   "type": "Feature",
   "properties": {
    "id": "sh_538935_184208",
    "type": "bench_mark",
    "value_ft": 19.41,
    "raw": "B.M.19·41",
    "confidence": "high",
    "n_readings": 3,
    "readers": [
     "opus-i",
     "opus-j",
     "opus-l"
    ],
    "mosaics": [
     "m18_131072_87128",
     "m18_131072_87131"
    ],
    "bng_e": 538935.34,
    "bng_n": 184208.37,
    "spread_m": 0.79,
    "datum": "OD Liverpool",
    "source": "OS 1:1056 London 1891-96 via NLS",
    "disputed": false,
    "views": [
     "opus-i:m18_131072_87128@366,968=19.41(h)",
     "opus-l:m18_131072_87128@366,969=19.41(h)",
     "opus-j:m18_131072_87131@364,203=19.41(h)"
    ],
    "notes": "St John's Vicarage corner, below the sheet join; pheon above-right of text"
   },
   "geometry": {
    "type": "Point",
    "coordinates": [
     0.0019625,
     51.5396831
    ]
   }
  },
  {
   "type": "Feature",
   "properties": {
    "id": "sh_539050_184206",
    "type": "spot",
    "value_ft": 24.7,
    "raw": "24·7",
    "confidence": "high",
    "n_readings": 3,
    "readers": [
     "opus-i",
     "opus-j",
     "opus-l"
    ],
    "mosaics": [
     "m18_131072_87128",
     "m18_131072_87131"
    ],
    "bng_e": 539049.81,
    "bng_n": 184206.18,
    "spread_m": 0.35,
    "datum": "OD Liverpool",
    "source": "OS 1:1056 London 1891-96 via NLS",
    "disputed": false,
    "views": [
     "opus-i:m18_131072_87128@673,984=24.7(h)",
     "opus-l:m18_131072_87128@673,984=24.7(h)",
     "opus-j:m18_131072_87131@672,215=24.7(h)"
    ],
    "notes": "road south of the Unitarian Church, below the join; dot above-left of figure (the F.P. dots are to the right of their letters)"
   },
   "geometry": {
    "type": "Point",
    "coordinates": [
     0.0036112,
     51.5396352
    ]
   }
  },
  {
   "type": "Feature",
   "properties": {
    "id": "sh_541084_184205",
    "type": "spot",
    "value_ft": 31.9,
    "raw": "31·9",
    "confidence": "medium",
    "n_readings": 1,
    "readers": [
     "opus-k"
    ],
    "mosaics": [
     "m18_131093_87131"
    ],
    "bng_e": 541083.75,
    "bng_n": 184204.62,
    "spread_m": 0.0,
    "datum": "OD Liverpool",
    "source": "OS 1:1056 London 1891-96 via NLS",
    "disputed": false,
    "views": [
     "opus-k:m18_131093_87131@760,371=31.9(m)"
    ],
    "notes": "Gipsy Lane at Plashet Road/Stukeley Road corner; small dot just below-left of figure, near F.P. dots and the lane's boundary dots"
   },
   "geometry": {
    "type": "Point",
    "coordinates": [
     0.0329188,
     51.539117
    ]
   }
  },
  {
   "type": "Feature",
   "properties": {
    "id": "sh_538191_184203",
    "type": "bench_mark",
    "value_ft": 13.76,
    "raw": "B.M.13·76",
    "confidence": "high",
    "n_readings": 2,
    "readers": [
     "opus-c",
     "opus-d"
    ],
    "mosaics": [
     "m18_131063_87128",
     "m18_131063_87131"
    ],
    "bng_e": 538191.0,
    "bng_n": 184203.21,
    "spread_m": 0.59,
    "datum": "OD Liverpool",
    "source": "OS 1:1056 London 1891-96 via NLS",
    "disputed": false,
    "views": [
     "opus-c:m18_131063_87128@669,930=13.76(h)",
     "opus-d:m18_131063_87131@670,159=13.76(h)"
    ],
    "notes": "Carpenter's Road at the south end, pheon right of text with its point on the building corner; 3 and 6 confirmed at 8x"
   },
   "geometry": {
    "type": "Point",
    "coordinates": [
     -0.0087654,
     51.5398193
    ]
   }
  },
  {
   "type": "Feature",
   "properties": {
    "id": "sh_541580_184200",
    "type": "spot",
    "value_ft": 28.2,
    "raw": "28·2",
    "confidence": "high",
    "n_readings": 1,
    "readers": [
     "opus-p"
    ],
    "mosaics": [
     "m18_131099_87131"
    ],
    "bng_e": 541579.76,
    "bng_n": 184200.23,
    "spread_m": 0.0,
    "datum": "OD Liverpool",
    "source": "OS 1:1056 London 1891-96 via NLS",
    "disputed": false,
    "views": [
     "opus-p:m18_131099_87131@556,420=28.2(h)"
    ],
    "notes": "road west of Red Post Lane; dot right of the figure; 8x"
   },
   "geometry": {
    "type": "Point",
    "coordinates": [
     0.0400642,
     51.5389535
    ]
   }
  },
  {
   "type": "Feature",
   "properties": {
    "id": "sh_538869_184199",
    "type": "bench_mark",
    "value_ft": 20.14,
    "raw": "B.M.20·14",
    "confidence": "high",
    "n_readings": 7,
    "readers": [
     "opus-f",
     "opus-g",
     "opus-h",
     "opus-i",
     "opus-j",
     "opus-k",
     "opus-l"
    ],
    "mosaics": [
     "m18_131069_87128",
     "m18_131069_87131",
     "m18_131072_87128",
     "m18_131072_87131"
    ],
    "bng_e": 538869.21,
    "bng_n": 184199.15,
    "spread_m": 0.93,
    "datum": "OD Liverpool",
    "source": "OS 1:1056 London 1891-96 via NLS",
    "disputed": false,
    "views": [
     "opus-f:m18_131069_87128@956,989=20.14(h)",
     "opus-h:m18_131069_87128@955,990=20.14(h)",
     "opus-g:m18_131069_87131@955,221=20.14(h)",
     "opus-k:m18_131069_87131@955,222=20.14(h)",
     "opus-i:m18_131072_87128@185,990=20.14(h)",
     "opus-l:m18_131072_87128@187,990=20.14(h)",
     "opus-j:m18_131072_87131@188,219=20.14(h)"
    ],
    "notes": "building on Chant Street; pheon below-left of text, 8x"
   },
   "geometry": {
    "type": "Point",
    "coordinates": [
     0.0010058,
     51.5396165
    ]
   }
  },
  {
   "type": "Feature",
   "properties": {
    "id": "sh_538205_184196",
    "type": "spot",
    "value_ft": 12.5,
    "raw": "12·5",
    "confidence": "medium",
    "n_readings": 2,
    "readers": [
     "opus-c",
     "opus-d"
    ],
    "mosaics": [
     "m18_131063_87128",
     "m18_131063_87131"
    ],
    "bng_e": 538204.79,
    "bng_n": 184195.79,
    "spread_m": 0.42,
    "datum": "OD Liverpool",
    "source": "OS 1:1056 London 1891-96 via NLS",
    "disputed": false,
    "views": [
     "opus-c:m18_131063_87128@705,950=12.5(m)",
     "opus-d:m18_131063_87131@707,181=12.5(m)"
    ],
    "notes": "road junction beside the L.B./F.A./F.P. marks; digits clear at 8x; the nearby dots belong to L.B., F.A. and F.P., no separate survey dot found, position = centre of figures"
   },
   "geometry": {
    "type": "Point",
    "coordinates": [
     -0.0085696,
     51.5397492
    ]
   }
  },
  {
   "type": "Feature",
   "properties": {
    "id": "sh_538944_184190",
    "type": "spot",
    "value_ft": 17.6,
    "raw": "17·6",
    "confidence": "high",
    "n_readings": 1,
    "readers": [
     "opus-j"
    ],
    "mosaics": [
     "m18_131072_87131"
    ],
    "bng_e": 538943.53,
    "bng_n": 184190.15,
    "spread_m": 0.0,
    "datum": "OD Liverpool",
    "source": "OS 1:1056 London 1891-96 via NLS",
    "disputed": false,
    "views": [
     "opus-j:m18_131072_87131@386,251=17.6(h)"
    ],
    "notes": "east side of Chant Square; dot on the frontage line right of figures, 8x"
   },
   "geometry": {
    "type": "Point",
    "coordinates": [
     0.0020734,
     51.5395174
    ]
   }
  },
  {
   "type": "Feature",
   "properties": {
    "id": "sh_539712_184186",
    "type": "spot",
    "value_ft": 28.6,
    "raw": "28·6",
    "confidence": "medium",
    "n_readings": 1,
    "readers": [
     "opus-s"
    ],
    "mosaics": [
     "m18_131081_87131"
    ],
    "bng_e": 539712.02,
    "bng_n": 184186.36,
    "spread_m": 0.0,
    "datum": "OD Liverpool",
    "source": "OS 1:1056 London 1891-96 via NLS",
    "disputed": false,
    "views": [
     "opus-s:m18_131081_87131@146,318=28.6(m)"
    ],
    "notes": "Amity Road; dot below figure above the O of ROAD; a second dot after the O is taken as lettering/F.P.; digits clear at 12x"
   },
   "geometry": {
    "type": "Point",
    "coordinates": [
     0.0131455,
     51.5392938
    ]
   }
  },
  {
   "type": "Feature",
   "properties": {
    "id": "sh_539968_184184",
    "type": "spot",
    "value_ft": 28.1,
    "raw": "28·1",
    "confidence": "medium",
    "n_readings": 2,
    "readers": [
     "opus-o",
     "opus-s"
    ],
    "mosaics": [
     "m18_131081_87131",
     "m18_131084_87131"
    ],
    "bng_e": 539967.64,
    "bng_n": 184184.49,
    "spread_m": 0.19,
    "datum": "OD Liverpool",
    "source": "OS 1:1056 London 1891-96 via NLS",
    "disputed": false,
    "views": [
     "opus-s:m18_131081_87131@832,342=28.1(m)",
     "opus-o:m18_131084_87131@65,342=28.1(l)"
    ],
    "notes": "junction of avenues below WEST; dot left of figure; second digit 8 in blocky, ambiguous smoothed"
   },
   "geometry": {
    "type": "Point",
    "coordinates": [
     0.0168282,
     51.5392137
    ]
   }
  },
  {
   "type": "Feature",
   "properties": {
    "id": "sh_538671_184183",
    "type": "bench_mark",
    "value_ft": 19.2,
    "raw": "B.M.19·20",
    "confidence": "medium",
    "n_readings": 2,
    "readers": [
     "opus-f",
     "opus-h"
    ],
    "mosaics": [
     "m18_131069_87128"
    ],
    "bng_e": 538670.66,
    "bng_n": 184183.25,
    "spread_m": 1.68,
    "datum": "OD Liverpool",
    "source": "OS 1:1056 London 1891-96 via NLS",
    "disputed": false,
    "views": [
     "opus-f:m18_131069_87128@425,1017=19.2(m)",
     "opus-h:m18_131069_87128@416,1018=19.2(m)"
    ],
    "notes": "Southern Junction, text 3-7 px above the south edge; digits clear at 8x; no pheon found within +-45 px (probably beyond the south edge), position = centre of text"
   },
   "geometry": {
    "type": "Point",
    "coordinates": [
     -0.0018614,
     51.5395224
    ]
   }
  },
  {
   "type": "Feature",
   "properties": {
    "id": "sh_541524_184182",
    "type": "spot",
    "value_ft": 29.0,
    "raw": "29·0",
    "confidence": "high",
    "n_readings": 1,
    "readers": [
     "opus-p"
    ],
    "mosaics": [
     "m18_131099_87131"
    ],
    "bng_e": 541524.05,
    "bng_n": 184181.97,
    "spread_m": 0.0,
    "datum": "OD Liverpool",
    "source": "OS 1:1056 London 1891-96 via NLS",
    "disputed": false,
    "views": [
     "opus-p:m18_131099_87131@405,465=29.0(h)"
    ],
    "notes": "same road further west at Wyndham Road; dot right of the figure; 8x"
   },
   "geometry": {
    "type": "Point",
    "coordinates": [
     0.0392541,
     51.5388033
    ]
   }
  },
  {
   "type": "Feature",
   "properties": {
    "id": "sh_538513_184181",
    "type": "spot",
    "value_ft": 13.0,
    "raw": "13·0",
    "confidence": "high",
    "n_readings": 2,
    "readers": [
     "opus-d",
     "opus-e"
    ],
    "mosaics": [
     "m18_131066_87128",
     "m18_131066_87131"
    ],
    "bng_e": 538513.45,
    "bng_n": 184180.62,
    "spread_m": 0.0,
    "datum": "OD Liverpool",
    "source": "OS 1:1056 London 1891-96 via NLS",
    "disputed": false,
    "views": [
     "opus-e:m18_131066_87131@766,245=13.0(h)",
     "opus-d:m18_131066_87128@766,1013=13.0(m)"
    ],
    "notes": "Kennard Road at the Rosher Road corner; dot above-left, 6x"
   },
   "geometry": {
    "type": "Point",
    "coordinates": [
     -0.0041279,
     51.5395374
    ]
   }
  },
  {
   "type": "Feature",
   "properties": {
    "id": "sh_539074_184178",
    "type": "spot",
    "value_ft": 25.1,
    "raw": "25·1",
    "confidence": "high",
    "n_readings": 1,
    "readers": [
     "opus-j"
    ],
    "mosaics": [
     "m18_131072_87131"
    ],
    "bng_e": 539074.16,
    "bng_n": 184178.13,
    "spread_m": 0.0,
    "datum": "OD Liverpool",
    "source": "OS 1:1056 London 1891-96 via NLS",
    "disputed": false,
    "views": [
     "opus-j:m18_131072_87131@736,293=25.1(h)"
    ],
    "notes": "junction south of the Dispensary; dot above-left of figures, 8x"
   },
   "geometry": {
    "type": "Point",
    "coordinates": [
     0.0039509,
     51.5393772
    ]
   }
  },
  {
   "type": "Feature",
   "properties": {
    "id": "sh_538677_184177",
    "type": "bench_mark",
    "value_ft": 19.2,
    "raw": "B.M.19·20",
    "confidence": "high",
    "n_readings": 2,
    "readers": [
     "opus-g",
     "opus-k"
    ],
    "mosaics": [
     "m18_131069_87131"
    ],
    "bng_e": 538676.61,
    "bng_n": 184176.72,
    "spread_m": 0.19,
    "datum": "OD Liverpool",
    "source": "OS 1:1056 London 1891-96 via NLS",
    "disputed": false,
    "views": [
     "opus-g:m18_131069_87131@436,267=19.2(h)",
     "opus-k:m18_131069_87131@436,268=19.2(h)"
    ],
    "notes": "Southern Junction; pheon on the wall line 20 px below-right of the text; 7x"
   },
   "geometry": {
    "type": "Point",
    "coordinates": [
     -0.0017783,
     51.5394623
    ]
   }
  },
  {
   "type": "Feature",
   "properties": {
    "id": "sh_541679_184175",
    "type": "spot",
    "value_ft": 28.9,
    "raw": "28·9",
    "confidence": "medium",
    "n_readings": 1,
    "readers": [
     "opus-p"
    ],
    "mosaics": [
     "m18_131099_87131"
    ],
    "bng_e": 541678.74,
    "bng_n": 184175.14,
    "spread_m": 0.0,
    "datum": "OD Liverpool",
    "source": "OS 1:1056 London 1891-96 via NLS",
    "disputed": false,
    "views": [
     "opus-p:m18_131099_87131@820,495=28.9(m)"
    ],
    "notes": "Red Post Lane pavement; digits clear at 12x (closed 8); no survey dot found; position = centre of figures"
   },
   "geometry": {
    "type": "Point",
    "coordinates": [
     0.0414804,
     51.5387032
    ]
   }
  },
  {
   "type": "Feature",
   "properties": {
    "id": "sh_538423_184175",
    "type": "spot",
    "value_ft": 12.6,
    "raw": "12·6",
    "confidence": "low",
    "n_readings": 1,
    "readers": [
     "opus-e"
    ],
    "mosaics": [
     "m18_131066_87131"
    ],
    "bng_e": 538422.77,
    "bng_n": 184174.81,
    "spread_m": 0.0,
    "datum": "OD Liverpool",
    "source": "OS 1:1056 London 1891-96 via NLS",
    "disputed": false,
    "views": [
     "opus-e:m18_131066_87131@522,254=12.6(l)"
    ],
    "notes": "Woolwich Road at the corner house, right of 'F.P'; final digit 6 at 6x but 6/8 not certain at 10x; figures cross the building line; no separate dot found (F.P. dots only), position = centre of figures"
   },
   "geometry": {
    "type": "Point",
    "coordinates": [
     -0.0054368,
     51.5395073
    ]
   }
  },
  {
   "type": "Feature",
   "properties": {
    "id": "sh_538567_184173",
    "type": "spot",
    "value_ft": 12.4,
    "raw": "12·4",
    "confidence": "medium",
    "n_readings": 3,
    "readers": [
     "opus-e",
     "opus-g",
     "opus-k"
    ],
    "mosaics": [
     "m18_131066_87131",
     "m18_131069_87131"
    ],
    "bng_e": 538566.53,
    "bng_n": 184172.54,
    "spread_m": 2.35,
    "datum": "OD Liverpool",
    "source": "OS 1:1056 London 1891-96 via NLS",
    "disputed": false,
    "views": [
     "opus-e:m18_131066_87131@908,277=12.4(m)",
     "opus-g:m18_131069_87131@144,267=12.4(m)",
     "opus-k:m18_131069_87131@136,268=12.4(m)"
    ],
    "notes": "Kennard Road; the survey dot is the interpunct 'R·D' of KENNARD just above the figures; digits clear at 10x"
   },
   "geometry": {
    "type": "Point",
    "coordinates": [
     -0.0033662,
     51.5394517
    ]
   }
  },
  {
   "type": "Feature",
   "properties": {
    "id": "sh_538894_184172",
    "type": "spot",
    "value_ft": 17.9,
    "raw": "17·9",
    "confidence": "medium",
    "n_readings": 1,
    "readers": [
     "opus-j"
    ],
    "mosaics": [
     "m18_131072_87131"
    ],
    "bng_e": 538893.77,
    "bng_n": 184172.08,
    "spread_m": 0.0,
    "datum": "OD Liverpool",
    "source": "OS 1:1056 London 1891-96 via NLS",
    "disputed": false,
    "views": [
     "opus-j:m18_131072_87131@251,296=17.9(m)"
    ],
    "notes": "Chant Street; dot beside the R of rotated STREET lettering below-right of figures taken as survey dot, 8x"
   },
   "geometry": {
    "type": "Point",
    "coordinates": [
     0.0013492,
     51.5393672
    ]
   }
  },
  {
   "type": "Feature",
   "properties": {
    "id": "sh_538886_184172",
    "type": "spot",
    "value_ft": 17.9,
    "raw": "17·9",
    "confidence": "medium",
    "n_readings": 2,
    "readers": [
     "opus-g",
     "opus-k"
    ],
    "mosaics": [
     "m18_131069_87131"
    ],
    "bng_e": 538886.15,
    "bng_n": 184171.87,
    "spread_m": 1.3,
    "datum": "OD Liverpool",
    "source": "OS 1:1056 London 1891-96 via NLS",
    "disputed": false,
    "views": [
     "opus-g:m18_131069_87131@995,296=17.9(m)",
     "opus-k:m18_131069_87131@1002,296=17.9(m)"
    ],
    "notes": "Chant Street; figures end about 2 px from the east edge; dot beside the R of S T R E E T (may be interpunct); 7x"
   },
   "geometry": {
    "type": "Point",
    "coordinates": [
     0.0012392,
     51.5393672
    ]
   }
  },
  {
   "type": "Feature",
   "properties": {
    "id": "sh_540845_184171",
    "type": "spot",
    "value_ft": 32.8,
    "raw": "32·8",
    "confidence": "high",
    "n_readings": 2,
    "readers": [
     "opus-k"
    ],
    "mosaics": [
     "m18_131090_87131",
     "m18_131093_87131"
    ],
    "bng_e": 540845.29,
    "bng_n": 184171.45,
    "spread_m": 0.19,
    "datum": "OD Liverpool",
    "source": "OS 1:1056 London 1891-96 via NLS",
    "disputed": false,
    "views": [
     "opus-k:m18_131090_87131@885,443=32.8(h)",
     "opus-k:m18_131093_87131@117,442=32.8(h)"
    ],
    "notes": "Stukeley Road at Boleyn Road; dot upper-left of figure; 8 read at 12x"
   },
   "geometry": {
    "type": "Point",
    "coordinates": [
     0.0294694,
     51.5388784
    ]
   }
  },
  {
   "type": "Feature",
   "properties": {
    "id": "sh_537834_184171",
    "type": "bench_mark",
    "value_ft": 12.96,
    "raw": "B.M.12·96",
    "confidence": "high",
    "n_readings": 3,
    "readers": [
     "opus-c",
     "opus-e"
    ],
    "mosaics": [
     "m18_131060_87128",
     "m18_131060_87131"
    ],
    "bng_e": 537833.57,
    "bng_n": 184170.78,
    "spread_m": 0.89,
    "datum": "OD Liverpool",
    "source": "OS 1:1056 London 1891-96 via NLS",
    "disputed": false,
    "views": [
     "opus-c:m18_131060_87128@477,991=12.96(h)",
     "opus-e:m18_131060_87128@474,989=12.96(h)",
     "opus-e:m18_131060_87131@474,221=12.96(h)"
    ],
    "notes": "foot of the bank near the south edge; pheon left of the text pointing west, point at 477,991; 9 and 6 clear at 8x"
   },
   "geometry": {
    "type": "Point",
    "coordinates": [
     -0.0139287,
     51.5396152
    ]
   }
  },
  {
   "type": "Feature",
   "properties": {
    "id": "sh_538617_184168",
    "type": "spot",
    "value_ft": 13.1,
    "raw": "13·1",
    "confidence": "high",
    "n_readings": 2,
    "readers": [
     "opus-g",
     "opus-k"
    ],
    "mosaics": [
     "m18_131069_87131"
    ],
    "bng_e": 538616.55,
    "bng_n": 184167.66,
    "spread_m": 0.19,
    "datum": "OD Liverpool",
    "source": "OS 1:1056 London 1891-96 via NLS",
    "disputed": false,
    "views": [
     "opus-g:m18_131069_87131@274,288=13.1(h)",
     "opus-k:m18_131069_87131@274,287=13.1(h)"
    ],
    "notes": "Jupp Road north end; dot above-right of figures; 7x"
   },
   "geometry": {
    "type": "Point",
    "coordinates": [
     -0.0026473,
     51.5393956
    ]
   }
  },
  {
   "type": "Feature",
   "properties": {
    "id": "sh_540389_184168",
    "type": "spot",
    "value_ft": 33.0,
    "raw": "33·0",
    "confidence": "medium",
    "n_readings": 1,
    "readers": [
     "opus-l"
    ],
    "mosaics": [
     "m18_131087_87131"
    ],
    "bng_e": 540389.35,
    "bng_n": 184167.54,
    "spread_m": 0.0,
    "datum": "OD Liverpool",
    "source": "OS 1:1056 London 1891-96 via NLS",
    "disputed": false,
    "views": [
     "opus-l:m18_131087_87131@428,419=33.0(m)"
    ],
    "notes": "Upton Lane by St Peter's Church; figures 415-431,411 (italic 3s with looped tops, compared at 30x with 33·5); dot at 428,419 sits beside the O of the spaced U-P-T-O-N lettering and may be lettering; at 30x the 3s have looped tops like the 3s of 33·5 and B.M.33·61 on this sheet, 35·0 considered and rejected"
   },
   "geometry": {
    "type": "Point",
    "coordinates": [
     0.022898,
     51.5389568
    ]
   }
  },
  {
   "type": "Feature",
   "properties": {
    "id": "sh_538779_184167",
    "type": "spot",
    "value_ft": 20.0,
    "raw": "20·0",
    "confidence": "high",
    "n_readings": 2,
    "readers": [
     "opus-g",
     "opus-k"
    ],
    "mosaics": [
     "m18_131069_87131"
    ],
    "bng_e": 538778.88,
    "bng_n": 184166.71,
    "spread_m": 0.0,
    "datum": "OD Liverpool",
    "source": "OS 1:1056 London 1891-96 via NLS",
    "disputed": false,
    "views": [
     "opus-g:m18_131069_87131@710,302=20.0(h)",
     "opus-k:m18_131069_87131@710,302=20.0(h)"
    ],
    "notes": "tramway; dot on the rail above-left of figures; 7x"
   },
   "geometry": {
    "type": "Point",
    "coordinates": [
     -0.0003084,
     51.5393472
    ]
   }
  },
  {
   "type": "Feature",
   "properties": {
    "id": "sh_541470_184164",
    "type": "spot",
    "value_ft": 29.2,
    "raw": "29·2",
    "confidence": "high",
    "n_readings": 1,
    "readers": [
     "opus-p"
    ],
    "mosaics": [
     "m18_131099_87131"
    ],
    "bng_e": 541469.81,
    "bng_n": 184164.49,
    "spread_m": 0.0,
    "datum": "OD Liverpool",
    "source": "OS 1:1056 London 1891-96 via NLS",
    "disputed": false,
    "views": [
     "opus-p:m18_131099_87131@258,508=29.2(h)"
    ],
    "notes": "same road at Whittaker Road; dot left of the figure; 8x"
   },
   "geometry": {
    "type": "Point",
    "coordinates": [
     0.0384656,
     51.5386599
    ]
   }
  },
  {
   "type": "Feature",
   "properties": {
    "id": "sh_538689_184160",
    "type": "spot",
    "value_ft": 17.7,
    "raw": "17·7",
    "confidence": "medium",
    "n_readings": 2,
    "readers": [
     "opus-g",
     "opus-k"
    ],
    "mosaics": [
     "m18_131069_87131"
    ],
    "bng_e": 538688.97,
    "bng_n": 184160.17,
    "spread_m": 0.74,
    "datum": "OD Liverpool",
    "source": "OS 1:1056 London 1891-96 via NLS",
    "disputed": false,
    "views": [
     "opus-g:m18_131069_87131@466,313=17.7(m)",
     "opus-k:m18_131069_87131@470,313=17.7(m)"
    ],
    "notes": "written over a shaded building on Station Street; no clear dot; position = centre of figures; 7x"
   },
   "geometry": {
    "type": "Point",
    "coordinates": [
     -0.0016066,
     51.5393105
    ]
   }
  },
  {
   "type": "Feature",
   "properties": {
    "id": "sh_537519_184158",
    "type": "spot",
    "value_ft": 17.2,
    "raw": "17·2",
    "confidence": "high",
    "n_readings": 2,
    "readers": [
     "opus-e",
     "opus-g"
    ],
    "mosaics": [
     "m18_131057_87128",
     "m18_131057_87131"
    ],
    "bng_e": 537519.17,
    "bng_n": 184157.68,
    "spread_m": 0.19,
    "datum": "OD Liverpool",
    "source": "OS 1:1056 London 1891-96 via NLS",
    "disputed": false,
    "views": [
     "opus-e:m18_131057_87128@398,1002=17.2(h)",
     "opus-g:m18_131057_87131@397,234=17.2(h)"
    ],
    "notes": "dot on the embankment crest near the south edge, figures right, 6x"
   },
   "geometry": {
    "type": "Point",
    "coordinates": [
     -0.0184643,
     51.5395741
    ]
   }
  },
  {
   "type": "Feature",
   "properties": {
    "id": "sh_538399_184156",
    "type": "bench_mark",
    "value_ft": 13.97,
    "raw": "B.M.13·97",
    "confidence": "high",
    "n_readings": 1,
    "readers": [
     "opus-e"
    ],
    "mosaics": [
     "m18_131066_87131"
    ],
    "bng_e": 538398.71,
    "bng_n": 184155.96,
    "spread_m": 0.0,
    "datum": "OD Liverpool",
    "source": "OS 1:1056 London 1891-96 via NLS",
    "disputed": false,
    "views": [
     "opus-e:m18_131066_87131@456,303=13.97(h)"
    ],
    "notes": "corner house at Gibbins Road / Woolwich Road; pheon directly below the text, 6x"
   },
   "geometry": {
    "type": "Point",
    "coordinates": [
     -0.0057909,
     51.5393439
    ]
   }
  },
  {
   "type": "Feature",
   "properties": {
    "id": "sh_537381_184152",
    "type": "spot",
    "value_ft": 22.3,
    "raw": "22·3",
    "confidence": "high",
    "n_readings": 5,
    "readers": [
     "opus-e",
     "opus-g",
     "opus-h",
     "opus-j"
    ],
    "mosaics": [
     "m18_131054_87128",
     "m18_131054_87131",
     "m18_131057_87128",
     "m18_131057_87131"
    ],
    "bng_e": 537380.79,
    "bng_n": 184152.45,
    "spread_m": 0.6,
    "datum": "OD Liverpool",
    "source": "OS 1:1056 London 1891-96 via NLS",
    "disputed": false,
    "views": [
     "opus-h:m18_131054_87128@795,1006=22.3(h)",
     "opus-j:m18_131054_87128@793,1006=22.3(h)",
     "opus-j:m18_131054_87131@793,238=22.3(h)",
     "opus-e:m18_131057_87128@25,1006=22.3(h)",
     "opus-g:m18_131057_87131@25,238=22.3(h)"
    ],
    "notes": "Hackney Cut east towing path near the south edge (figure whole); dot left of figures"
   },
   "geometry": {
    "type": "Point",
    "coordinates": [
     -0.0204604,
     51.5395607
    ]
   }
  },
  {
   "type": "Feature",
   "properties": {
    "id": "sh_537845_184152",
    "type": "spot",
    "value_ft": 16.5,
    "raw": "16·5",
    "confidence": "high",
    "n_readings": 1,
    "readers": [
     "opus-e"
    ],
    "mosaics": [
     "m18_131060_87131"
    ],
    "bng_e": 537844.51,
    "bng_n": 184151.65,
    "spread_m": 0.0,
    "datum": "OD Liverpool",
    "source": "OS 1:1056 London 1891-96 via NLS",
    "disputed": false,
    "views": [
     "opus-e:m18_131060_87131@503,274=16.5(h)"
    ],
    "notes": "dot on the embankment crest, figures right, 10x"
   },
   "geometry": {
    "type": "Point",
    "coordinates": [
     -0.0137785,
     51.5394406
    ]
   }
  },
  {
   "type": "Feature",
   "properties": {
    "id": "sh_540844_184149",
    "type": "bench_mark",
    "value_ft": 33.5,
    "raw": "B.M.33·50",
    "confidence": "high",
    "n_readings": 2,
    "readers": [
     "opus-k"
    ],
    "mosaics": [
     "m18_131090_87131",
     "m18_131093_87131"
    ],
    "bng_e": 540844.43,
    "bng_n": 184148.59,
    "spread_m": 0.0,
    "datum": "OD Liverpool",
    "source": "OS 1:1056 London 1891-96 via NLS",
    "disputed": false,
    "views": [
     "opus-k:m18_131090_87131@881,504=33.5(h)",
     "opus-k:m18_131093_87131@113,504=33.5(h)"
    ],
    "notes": "Stukeley Road frontage; pheon left of text pointing at wall"
   },
   "geometry": {
    "type": "Point",
    "coordinates": [
     0.029448,
     51.5386732
    ]
   }
  },
  {
   "type": "Feature",
   "properties": {
    "id": "sh_541417_184148",
    "type": "spot",
    "value_ft": 29.7,
    "raw": "29·7",
    "confidence": "high",
    "n_readings": 2,
    "readers": [
     "opus-m",
     "opus-p"
    ],
    "mosaics": [
     "m18_131096_87131",
     "m18_131099_87131"
    ],
    "bng_e": 541417.03,
    "bng_n": 184147.98,
    "spread_m": 0.19,
    "datum": "OD Liverpool",
    "source": "OS 1:1056 London 1891-96 via NLS",
    "disputed": false,
    "views": [
     "opus-m:m18_131096_87131@883,549=29.7(h)",
     "opus-p:m18_131099_87131@115,548=29.7(m)"
    ],
    "notes": "ST. STEPHEN'S ROAD east; dot after the final S of STEPHEN'S, left of figure"
   },
   "geometry": {
    "type": "Point",
    "coordinates": [
     0.0376985,
     51.5385247
    ]
   }
  },
  {
   "type": "Feature",
   "properties": {
    "id": "sh_538963_184148",
    "type": "spot",
    "value_ft": 17.4,
    "raw": "17·4",
    "confidence": "medium",
    "n_readings": 1,
    "readers": [
     "opus-j"
    ],
    "mosaics": [
     "m18_131072_87131"
    ],
    "bng_e": 538963.31,
    "bng_n": 184147.62,
    "spread_m": 0.0,
    "datum": "OD Liverpool",
    "source": "OS 1:1056 London 1891-96 via NLS",
    "disputed": false,
    "views": [
     "opus-j:m18_131072_87131@436,367=17.4(m)"
    ],
    "notes": "south-east corner of Chant Square; dot at building corner right of figures (may be corner thickening), 8x"
   },
   "geometry": {
    "type": "Point",
    "coordinates": [
     0.0023416,
     51.5391303
    ]
   }
  },
  {
   "type": "Feature",
   "properties": {
    "id": "sh_538171_184147",
    "type": "spot",
    "value_ft": 12.8,
    "raw": "12·8",
    "confidence": "high",
    "n_readings": 1,
    "readers": [
     "opus-d"
    ],
    "mosaics": [
     "m18_131063_87131"
    ],
    "bng_e": 538171.13,
    "bng_n": 184146.79,
    "spread_m": 0.0,
    "datum": "OD Liverpool",
    "source": "OS 1:1056 London 1891-96 via NLS",
    "disputed": false,
    "views": [
     "opus-d:m18_131063_87131@612,311=12.8(h)"
    ],
    "notes": "road between Chemical Works and Hudson Bay Works; dot above-right of figures at 6x"
   },
   "geometry": {
    "type": "Point",
    "coordinates": [
     -0.0090739,
     51.5393172
    ]
   }
  },
  {
   "type": "Feature",
   "properties": {
    "id": "sh_541108_184146",
    "type": "spot",
    "value_ft": 31.6,
    "raw": "31·6",
    "confidence": "medium",
    "n_readings": 2,
    "readers": [
     "opus-k",
     "opus-m"
    ],
    "mosaics": [
     "m18_131093_87131",
     "m18_131096_87131"
    ],
    "bng_e": 541107.9,
    "bng_n": 184145.88,
    "spread_m": 0.93,
    "datum": "OD Liverpool",
    "source": "OS 1:1056 London 1891-96 via NLS",
    "disputed": false,
    "views": [
     "opus-k:m18_131093_87131@818,531=31.6(m)",
     "opus-m:m18_131096_87131@55,531=31.6(m)"
    ],
    "notes": "Gipsy Lane, west side of the C.R. / L A N E lettering; no survey dot distinguishable from the lettering and boundary dots, position = centre of figures"
   },
   "geometry": {
    "type": "Point",
    "coordinates": [
     0.0332433,
     51.5385831
    ]
   }
  },
  {
   "type": "Feature",
   "properties": {
    "id": "sh_538821_184144",
    "type": "spot",
    "value_ft": 16.9,
    "raw": "16·9",
    "confidence": "high",
    "n_readings": 3,
    "readers": [
     "opus-g",
     "opus-j",
     "opus-k"
    ],
    "mosaics": [
     "m18_131069_87131",
     "m18_131072_87131"
    ],
    "bng_e": 538821.32,
    "bng_n": 184144.23,
    "spread_m": 0.28,
    "datum": "OD Liverpool",
    "source": "OS 1:1056 London 1891-96 via NLS",
    "disputed": false,
    "views": [
     "opus-g:m18_131069_87131@822,365=16.9(h)",
     "opus-k:m18_131069_87131@822,366=16.9(h)",
     "opus-j:m18_131072_87131@55,366=16.9(h)"
    ],
    "notes": "road by Boys School; dot above figures; 7x"
   },
   "geometry": {
    "type": "Point",
    "coordinates": [
     0.0002942,
     51.5391348
    ]
   }
  },
  {
   "type": "Feature",
   "properties": {
    "id": "sh_539102_184144",
    "type": "spot",
    "value_ft": 25.0,
    "raw": "25·0",
    "confidence": "high",
    "n_readings": 1,
    "readers": [
     "opus-j"
    ],
    "mosaics": [
     "m18_131072_87131"
    ],
    "bng_e": 539102.28,
    "bng_n": 184143.63,
    "spread_m": 0.0,
    "datum": "OD Liverpool",
    "source": "OS 1:1056 London 1891-96 via NLS",
    "disputed": false,
    "views": [
     "opus-j:m18_131072_87131@809,388=25.0(h)"
    ],
    "notes": "West Ham Lane / Widdin Street corner; dot above-right of figures, 8x"
   },
   "geometry": {
    "type": "Point",
    "coordinates": [
     0.0043425,
     51.5390602
    ]
   }
  },
  {
   "type": "Feature",
   "properties": {
    "id": "sh_538830_184143",
    "type": "bench_mark",
    "value_ft": 18.41,
    "raw": "B.M.18·41",
    "confidence": "high",
    "n_readings": 3,
    "readers": [
     "opus-g",
     "opus-j",
     "opus-k"
    ],
    "mosaics": [
     "m18_131069_87131",
     "m18_131072_87131"
    ],
    "bng_e": 538830.4,
    "bng_n": 184143.24,
    "spread_m": 0.45,
    "datum": "OD Liverpool",
    "source": "OS 1:1056 London 1891-96 via NLS",
    "disputed": false,
    "views": [
     "opus-g:m18_131069_87131@846,370=18.41(h)",
     "opus-k:m18_131069_87131@847,368=18.41(h)",
     "opus-j:m18_131072_87131@79,369=18.41(h)"
    ],
    "notes": "Methodist Chapel corner; pheon above-right of text; 7x"
   },
   "geometry": {
    "type": "Point",
    "coordinates": [
     0.0004247,
     51.5391236
    ]
   }
  },
  {
   "type": "Feature",
   "properties": {
    "id": "sh_539924_184139",
    "type": "spot",
    "value_ft": 28.7,
    "raw": "28·7",
    "confidence": "high",
    "n_readings": 1,
    "readers": [
     "opus-s"
    ],
    "mosaics": [
     "m18_131081_87131"
    ],
    "bng_e": 539924.4,
    "bng_n": 184139.11,
    "spread_m": 0.0,
    "datum": "OD Liverpool",
    "source": "OS 1:1056 London 1891-96 via NLS",
    "disputed": false,
    "views": [
     "opus-s:m18_131081_87131@713,461=28.7(h)"
    ],
    "notes": "park path west of the WEST lettering; dot left of figure"
   },
   "geometry": {
    "type": "Point",
    "coordinates": [
     0.0161871,
     51.5388167
    ]
   }
  },
  {
   "type": "Feature",
   "properties": {
    "id": "sh_541717_184137",
    "type": "spot",
    "value_ft": 28.4,
    "raw": "28·4",
    "confidence": "high",
    "n_readings": 1,
    "readers": [
     "opus-p"
    ],
    "mosaics": [
     "m18_131099_87131"
    ],
    "bng_e": 541717.41,
    "bng_n": 184136.86,
    "spread_m": 0.0,
    "datum": "OD Liverpool",
    "source": "OS 1:1056 London 1891-96 via NLS",
    "disputed": false,
    "views": [
     "opus-p:m18_131099_87131@921,601=28.4(h)"
    ],
    "notes": "Red Post Lane / Fry Road junction by the P.O.; dot above the figure; 8x"
   },
   "geometry": {
    "type": "Point",
    "coordinates": [
     0.0420222,
     51.5383495
    ]
   }
  },
  {
   "type": "Feature",
   "properties": {
    "id": "sh_539008_184137",
    "type": "spot",
    "value_ft": 16.9,
    "raw": "16·9",
    "confidence": "medium",
    "n_readings": 1,
    "readers": [
     "opus-j"
    ],
    "mosaics": [
     "m18_131072_87131"
    ],
    "bng_e": 539007.54,
    "bng_n": 184136.58,
    "spread_m": 0.0,
    "datum": "OD Liverpool",
    "source": "OS 1:1056 London 1891-96 via NLS",
    "disputed": false,
    "views": [
     "opus-j:m18_131072_87131@554,400=16.9(m)"
    ],
    "notes": "Bryant Street by West Ham Hospital; isolated dot 25 px up-left of the figures taken as survey dot"
   },
   "geometry": {
    "type": "Point",
    "coordinates": [
     0.0029746,
     51.5390202
    ]
   }
  },
  {
   "type": "Feature",
   "properties": {
    "id": "sh_541411_184136",
    "type": "bench_mark",
    "value_ft": 31.98,
    "raw": "B.M.31·98",
    "confidence": "high",
    "n_readings": 2,
    "readers": [
     "opus-m",
     "opus-p"
    ],
    "mosaics": [
     "m18_131096_87131",
     "m18_131099_87131"
    ],
    "bng_e": 541410.65,
    "bng_n": 184136.48,
    "spread_m": 0.83,
    "datum": "OD Liverpool",
    "source": "OS 1:1056 London 1891-96 via NLS",
    "disputed": false,
    "views": [
     "opus-m:m18_131096_87131@867,578=31.98(h)",
     "opus-p:m18_131099_87131@95,580=31.98(h)"
    ],
    "notes": "corner of St Stephen's Road and Whitfield Road; pheon on house corner left of text; 16x"
   },
   "geometry": {
    "type": "Point",
    "coordinates": [
     0.0376019,
     51.538423
    ]
   }
  },
  {
   "type": "Feature",
   "properties": {
    "id": "sh_541732_184134",
    "type": "bench_mark",
    "value_ft": 29.57,
    "raw": "B.M.29·57",
    "confidence": "high",
    "n_readings": 1,
    "readers": [
     "opus-p"
    ],
    "mosaics": [
     "m18_131099_87131"
    ],
    "bng_e": 541732.38,
    "bng_n": 184133.94,
    "spread_m": 0.0,
    "datum": "OD Liverpool",
    "source": "OS 1:1056 London 1891-96 via NLS",
    "disputed": false,
    "views": [
     "opus-p:m18_131099_87131@961,610=29.57(h)"
    ],
    "notes": "P.H. corner at the junction; pheon at the building corner below-left of the text at 8x; 5 flat-topped at 12x"
   },
   "geometry": {
    "type": "Point",
    "coordinates": [
     0.0422368,
     51.5383195
    ]
   }
  },
  {
   "type": "Feature",
   "properties": {
    "id": "sh_540271_184130",
    "type": "spot",
    "value_ft": 30.3,
    "raw": "30·3",
    "confidence": "high",
    "n_readings": 2,
    "readers": [
     "opus-l",
     "opus-o"
    ],
    "mosaics": [
     "m18_131084_87131",
     "m18_131087_87131"
    ],
    "bng_e": 540270.88,
    "bng_n": 184129.92,
    "spread_m": 0.19,
    "datum": "OD Liverpool",
    "source": "OS 1:1056 London 1891-96 via NLS",
    "disputed": false,
    "views": [
     "opus-o:m18_131084_87131@875,512=30.3(h)",
     "opus-l:m18_131087_87131@107,511=30.3(h)"
    ],
    "notes": "Path east of the Refreshment House; dot below-right of figure; final 3 clear at 16x"
   },
   "geometry": {
    "type": "Point",
    "coordinates": [
     0.0211761,
     51.5386482
    ]
   }
  },
  {
   "type": "Feature",
   "properties": {
    "id": "sh_540617_184130",
    "type": "spot",
    "value_ft": 32.5,
    "raw": "32·5",
    "confidence": "high",
    "n_readings": 1,
    "readers": [
     "opus-k"
    ],
    "mosaics": [
     "m18_131090_87131"
    ],
    "bng_e": 540616.75,
    "bng_n": 184129.65,
    "spread_m": 0.0,
    "datum": "OD Liverpool",
    "source": "OS 1:1056 London 1891-96 via NLS",
    "disputed": false,
    "views": [
     "opus-k:m18_131090_87131@268,538=32.5(h)"
    ],
    "notes": "Upton Lane at Boleyn Road beside survey triangle (275,527); dot left of figure; 5 read at 12x"
   },
   "geometry": {
    "type": "Point",
    "coordinates": [
     0.0261596,
     51.5385598
    ]
   }
  },
  {
   "type": "Feature",
   "properties": {
    "id": "sh_541358_184129",
    "type": "spot",
    "value_ft": 30.1,
    "raw": "30·1",
    "confidence": "medium",
    "n_readings": 1,
    "readers": [
     "opus-m"
    ],
    "mosaics": [
     "m18_131096_87131"
    ],
    "bng_e": 541358.35,
    "bng_n": 184129.45,
    "spread_m": 0.0,
    "datum": "OD Liverpool",
    "source": "OS 1:1056 London 1891-96 via NLS",
    "disputed": false,
    "views": [
     "opus-m:m18_131096_87131@724,594=30.1(m)"
    ],
    "notes": "ST. STEPHEN'S ROAD; dot right of figure just before the first S of STEPHEN'S (interpunct ambiguity)"
   },
   "geometry": {
    "type": "Point",
    "coordinates": [
     0.0368455,
     51.5383729
    ]
   }
  },
  {
   "type": "Feature",
   "properties": {
    "id": "sh_540628_184126",
    "type": "bench_mark",
    "value_ft": 34.52,
    "raw": "B.M.34·52",
    "confidence": "high",
    "n_readings": 1,
    "readers": [
     "opus-k"
    ],
    "mosaics": [
     "m18_131090_87131"
    ],
    "bng_e": 540627.65,
    "bng_n": 184125.87,
    "spread_m": 0.0,
    "datum": "OD Liverpool",
    "source": "OS 1:1056 London 1891-96 via NLS",
    "disputed": false,
    "views": [
     "opus-k:m18_131090_87131@297,549=34.52(h)"
    ],
    "notes": "corner of Upton Lane and Boleyn Road; pheon on curved building corner below text"
   },
   "geometry": {
    "type": "Point",
    "coordinates": [
     0.0263152,
     51.5385231
    ]
   }
  },
  {
   "type": "Feature",
   "properties": {
    "id": "sh_538917_184124",
    "type": "bench_mark",
    "value_ft": 19.03,
    "raw": "B.M.19·03",
    "confidence": "high",
    "n_readings": 1,
    "readers": [
     "opus-j"
    ],
    "mosaics": [
     "m18_131072_87131"
    ],
    "bng_e": 538916.69,
    "bng_n": 184123.69,
    "spread_m": 0.0,
    "datum": "OD Liverpool",
    "source": "OS 1:1056 London 1891-96 via NLS",
    "disputed": false,
    "views": [
     "opus-j:m18_131072_87131@309,428=19.03(h)"
    ],
    "notes": "south end of Chant Street by F.P.; pheon left of text at wall corner, 6x"
   },
   "geometry": {
    "type": "Point",
    "coordinates": [
     0.0016603,
     51.5389268
    ]
   }
  },
  {
   "type": "Feature",
   "properties": {
    "id": "sh_539701_184122",
    "type": "spot",
    "value_ft": 27.8,
    "raw": "27·8",
    "confidence": "medium",
    "n_readings": 1,
    "readers": [
     "opus-s"
    ],
    "mosaics": [
     "m18_131081_87131"
    ],
    "bng_e": 539701.14,
    "bng_n": 184121.83,
    "spread_m": 0.0,
    "datum": "OD Liverpool",
    "source": "OS 1:1056 London 1891-96 via NLS",
    "disputed": false,
    "views": [
     "opus-s:m18_131081_87131@112,491=27.8(m)"
    ],
    "notes": "Amity Road at Gladstone Road; dot left-above figure; final 8 closed at 12x but stands alone"
   },
   "geometry": {
    "type": "Point",
    "coordinates": [
     0.0129631,
     51.5387166
    ]
   }
  },
  {
   "type": "Feature",
   "properties": {
    "id": "sh_540161_184121",
    "type": "spot",
    "value_ft": 28.9,
    "raw": "28·9",
    "confidence": "high",
    "n_readings": 1,
    "readers": [
     "opus-o"
    ],
    "mosaics": [
     "m18_131084_87131"
    ],
    "bng_e": 540161.3,
    "bng_n": 184121.14,
    "spread_m": 0.0,
    "datum": "OD Liverpool",
    "source": "OS 1:1056 London 1891-96 via NLS",
    "disputed": false,
    "views": [
     "opus-o:m18_131084_87131@580,527=28.9(h)"
    ],
    "notes": "Among trees east of the Band Stand; dot left of figure; digits clear at 6x and 16x"
   },
   "geometry": {
    "type": "Point",
    "coordinates": [
     0.0195935,
     51.5385965
    ]
   }
  },
  {
   "type": "Feature",
   "properties": {
    "id": "sh_538748_184121",
    "type": "spot",
    "value_ft": 18.7,
    "raw": "18·7",
    "confidence": "high",
    "n_readings": 2,
    "readers": [
     "opus-g",
     "opus-k"
    ],
    "mosaics": [
     "m18_131069_87131"
    ],
    "bng_e": 538748.13,
    "bng_n": 184120.75,
    "spread_m": 0.19,
    "datum": "OD Liverpool",
    "source": "OS 1:1056 London 1891-96 via NLS",
    "disputed": false,
    "views": [
     "opus-g:m18_131069_87131@624,423=18.7(h)",
     "opus-k:m18_131069_87131@624,424=18.7(h)"
    ],
    "notes": "tramway (High Street); dot on the rail right of figures; 7x"
   },
   "geometry": {
    "type": "Point",
    "coordinates": [
     -0.0007698,
     51.5389418
    ]
   }
  },
  {
   "type": "Feature",
   "properties": {
    "id": "sh_538396_184120",
    "type": "spot",
    "value_ft": 12.5,
    "raw": "12·5",
    "confidence": "medium",
    "n_readings": 1,
    "readers": [
     "opus-e"
    ],
    "mosaics": [
     "m18_131066_87131"
    ],
    "bng_e": 538395.98,
    "bng_n": 184119.5,
    "spread_m": 0.0,
    "datum": "OD Liverpool",
    "source": "OS 1:1056 London 1891-96 via NLS",
    "disputed": false,
    "views": [
     "opus-e:m18_131066_87131@446,401=12.5(m)"
    ],
    "notes": "Gibbins Road; digits clear at 10x; dot not separable from the F.P. mark (F.P at 432-440,402), position = centre of figures"
   },
   "geometry": {
    "type": "Point",
    "coordinates": [
     -0.0058445,
     51.5390169
    ]
   }
  },
  {
   "type": "Feature",
   "properties": {
    "id": "sh_539781_184117",
    "type": "spot",
    "value_ft": 28.6,
    "raw": "28·6",
    "confidence": "high",
    "n_readings": 1,
    "readers": [
     "opus-s"
    ],
    "mosaics": [
     "m18_131081_87131"
    ],
    "bng_e": 539780.56,
    "bng_n": 184117.33,
    "spread_m": 0.0,
    "datum": "OD Liverpool",
    "source": "OS 1:1056 London 1891-96 via NLS",
    "disputed": false,
    "views": [
     "opus-s:m18_131081_87131@325,509=28.6(h)"
    ],
    "notes": "Gladstone Road east end at park gate; dot above figure; clear at 12x"
   },
   "geometry": {
    "type": "Point",
    "coordinates": [
     0.0141057,
     51.5386565
    ]
   }
  },
  {
   "type": "Feature",
   "properties": {
    "id": "sh_541742_184117",
    "type": "spot",
    "value_ft": 28.0,
    "raw": "28·0",
    "confidence": "high",
    "n_readings": 1,
    "readers": [
     "opus-p"
    ],
    "mosaics": [
     "m18_131099_87131"
    ],
    "bng_e": 541742.16,
    "bng_n": 184117.13,
    "spread_m": 0.0,
    "datum": "OD Liverpool",
    "source": "OS 1:1056 London 1891-96 via NLS",
    "disputed": false,
    "views": [
     "opus-p:m18_131099_87131@986,656=28.0(h)"
    ],
    "notes": "road south of the P.H.; dot above the figure; 8x"
   },
   "geometry": {
    "type": "Point",
    "coordinates": [
     0.0423709,
     51.538166
    ]
   }
  },
  {
   "type": "Feature",
   "properties": {
    "id": "sh_540078_184116",
    "type": "spot",
    "value_ft": 27.7,
    "raw": "27·7",
    "confidence": "high",
    "n_readings": 1,
    "readers": [
     "opus-o"
    ],
    "mosaics": [
     "m18_131084_87131"
    ],
    "bng_e": 540077.67,
    "bng_n": 184116.23,
    "spread_m": 0.0,
    "datum": "OD Liverpool",
    "source": "OS 1:1056 London 1891-96 via NLS",
    "disputed": false,
    "views": [
     "opus-o:m18_131084_87131@355,534=27.7(h)"
    ],
    "notes": "Path junction east of the Urinal; dot on the junction above-left; digits clear at 6x"
   },
   "geometry": {
    "type": "Point",
    "coordinates": [
     0.0183866,
     51.5385731
    ]
   }
  },
  {
   "type": "Feature",
   "properties": {
    "id": "sh_538616_184115",
    "type": "bench_mark",
    "value_ft": 13.92,
    "raw": "B.M.13·92",
    "confidence": "high",
    "n_readings": 2,
    "readers": [
     "opus-g",
     "opus-k"
    ],
    "mosaics": [
     "m18_131069_87131"
    ],
    "bng_e": 538615.95,
    "bng_n": 184114.54,
    "spread_m": 0.59,
    "datum": "OD Liverpool",
    "source": "OS 1:1056 London 1891-96 via NLS",
    "disputed": false,
    "views": [
     "opus-g:m18_131069_87131@267,431=13.92(h)",
     "opus-k:m18_131069_87131@270,430=13.92(h)"
    ],
    "notes": "Technical Institute west wall on Jupp Road; pheon below-left of text; 7x"
   },
   "geometry": {
    "type": "Point",
    "coordinates": [
     -0.0026768,
     51.5389184
    ]
   }
  },
  {
   "type": "Feature",
   "properties": {
    "id": "sh_540216_184114",
    "type": "spot",
    "value_ft": 30.7,
    "raw": "30·7",
    "confidence": "high",
    "n_readings": 1,
    "readers": [
     "opus-o"
    ],
    "mosaics": [
     "m18_131084_87131"
    ],
    "bng_e": 540215.85,
    "bng_n": 184114.11,
    "spread_m": 0.0,
    "datum": "OD Liverpool",
    "source": "OS 1:1056 London 1891-96 via NLS",
    "disputed": false,
    "views": [
     "opus-o:m18_131084_87131@726,550=30.7(h)"
    ],
    "notes": "Open ground north of 'Refreshment House'; dot just below figure; digits clear at 6x"
   },
   "geometry": {
    "type": "Point",
    "coordinates": [
     0.0203768,
     51.5385197
    ]
   }
  },
  {
   "type": "Feature",
   "properties": {
    "id": "sh_540039_184114",
    "type": "spot",
    "value_ft": 27.7,
    "raw": "27·7",
    "confidence": "high",
    "n_readings": 1,
    "readers": [
     "opus-o"
    ],
    "mosaics": [
     "m18_131084_87131"
    ],
    "bng_e": 540039.01,
    "bng_n": 184114.05,
    "spread_m": 0.0,
    "datum": "OD Liverpool",
    "source": "OS 1:1056 London 1891-96 via NLS",
    "disputed": false,
    "views": [
     "opus-o:m18_131084_87131@251,537=27.7(h)"
    ],
    "notes": "Path junction north of the Urinal; dot left-up of figure; digits clear at 6x"
   },
   "geometry": {
    "type": "Point",
    "coordinates": [
     0.0178287,
     51.5385631
    ]
   }
  },
  {
   "type": "Feature",
   "properties": {
    "id": "sh_539787_184110",
    "type": "bench_mark",
    "value_ft": 30.59,
    "raw": "B.M.30·59",
    "confidence": "high",
    "n_readings": 1,
    "readers": [
     "opus-s"
    ],
    "mosaics": [
     "m18_131081_87131"
    ],
    "bng_e": 539787.45,
    "bng_n": 184110.46,
    "spread_m": 0.0,
    "datum": "OD Liverpool",
    "source": "OS 1:1056 London 1891-96 via NLS",
    "disputed": false,
    "views": [
     "opus-s:m18_131081_87131@343,528=30.59(h)"
    ],
    "notes": "park railing corner at Gladstone Road east end; pheon ~25 px NE of text; digits clear at 6x/12x"
   },
   "geometry": {
    "type": "Point",
    "coordinates": [
     0.0142023,
     51.5385931
    ]
   }
  },
  {
   "type": "Feature",
   "properties": {
    "id": "sh_539988_184109",
    "type": "bench_mark",
    "value_ft": 30.29,
    "raw": "B.M.30·29",
    "confidence": "high",
    "n_readings": 2,
    "readers": [
     "opus-o",
     "opus-s"
    ],
    "mosaics": [
     "m18_131081_87131",
     "m18_131084_87131"
    ],
    "bng_e": 539988.14,
    "bng_n": 184109.31,
    "spread_m": 0.37,
    "datum": "OD Liverpool",
    "source": "OS 1:1056 London 1891-96 via NLS",
    "disputed": false,
    "views": [
     "opus-s:m18_131081_87131@881,546=30.29(h)",
     "opus-o:m18_131084_87131@115,546=30.29(m)"
    ],
    "notes": "park path east, south-east of WEST; pheon right of text; digits clear at 10x"
   },
   "geometry": {
    "type": "Point",
    "coordinates": [
     0.0170937,
     51.5385331
    ]
   }
  },
  {
   "type": "Feature",
   "properties": {
    "id": "sh_539141_184109",
    "type": "spot",
    "value_ft": 25.0,
    "raw": "25·0",
    "confidence": "medium",
    "n_readings": 1,
    "readers": [
     "opus-j"
    ],
    "mosaics": [
     "m18_131072_87131"
    ],
    "bng_e": 539140.83,
    "bng_n": 184109.04,
    "spread_m": 0.0,
    "datum": "OD Liverpool",
    "source": "OS 1:1056 London 1891-96 via NLS",
    "disputed": false,
    "views": [
     "opus-j:m18_131072_87131@910,484=25.0(m)"
    ],
    "notes": "West Ham Lane east side (Aldworth Road corner); no dot within +-30 px at 8x; position = centre of figures"
   },
   "geometry": {
    "type": "Point",
    "coordinates": [
     0.0048843,
     51.5387399
    ]
   }
  },
  {
   "type": "Feature",
   "properties": {
    "id": "sh_541304_184109",
    "type": "spot",
    "value_ft": 30.6,
    "raw": "30·6",
    "confidence": "low",
    "n_readings": 1,
    "readers": [
     "opus-m"
    ],
    "mosaics": [
     "m18_131096_87131"
    ],
    "bng_e": 541303.82,
    "bng_n": 184109.0,
    "spread_m": 0.0,
    "datum": "OD Liverpool",
    "source": "OS 1:1056 London 1891-96 via NLS",
    "disputed": false,
    "views": [
     "opus-m:m18_131096_87131@576,645=30.6(l)"
    ],
    "notes": "St Stephen's Road at Waterloo Road; dot above figure; last digit 6 at 8x but 8-like at 16x"
   },
   "geometry": {
    "type": "Point",
    "coordinates": [
     0.0360516,
     51.5382027
    ]
   }
  },
  {
   "type": "Feature",
   "properties": {
    "id": "sh_540376_184108",
    "type": "bench_mark",
    "value_ft": 33.61,
    "raw": "B.M.33·61",
    "confidence": "high",
    "n_readings": 1,
    "readers": [
     "opus-l"
    ],
    "mosaics": [
     "m18_131087_87131"
    ],
    "bng_e": 540375.73,
    "bng_n": 184108.13,
    "spread_m": 0.0,
    "datum": "OD Liverpool",
    "source": "OS 1:1056 London 1891-96 via NLS",
    "disputed": false,
    "views": [
     "opus-l:m18_131087_87131@387,578=33.61(h)"
    ],
    "notes": "Park Lodge wall on Upton Lane; pheon left of the C.R. lettering at 387,578 (7x); digits 33·61 at 18-30x"
   },
   "geometry": {
    "type": "Point",
    "coordinates": [
     0.0226781,
     51.5384263
    ]
   }
  },
  {
   "type": "Feature",
   "properties": {
    "id": "sh_541134_184108",
    "type": "spot",
    "value_ft": 31.6,
    "raw": "31·6",
    "confidence": "medium",
    "n_readings": 2,
    "readers": [
     "opus-k",
     "opus-m"
    ],
    "mosaics": [
     "m18_131093_87131",
     "m18_131096_87131"
    ],
    "bng_e": 541134.09,
    "bng_n": 184107.8,
    "spread_m": 0.19,
    "datum": "OD Liverpool",
    "source": "OS 1:1056 London 1891-96 via NLS",
    "disputed": false,
    "views": [
     "opus-k:m18_131093_87131@888,636=31.6(m)",
     "opus-m:m18_131096_87131@120,635=31.6(m)"
    ],
    "notes": "Gipsy Lane by the school gate; small double dot left of figure on the line of boundary dots, may be a boundary dot"
   },
   "geometry": {
    "type": "Point",
    "coordinates": [
     0.0336054,
     51.5382344
    ]
   }
  },
  {
   "type": "Feature",
   "properties": {
    "id": "sh_539705_184106",
    "type": "bench_mark",
    "value_ft": 29.35,
    "raw": "B.M.29·35",
    "confidence": "high",
    "n_readings": 1,
    "readers": [
     "opus-s"
    ],
    "mosaics": [
     "m18_131081_87131"
    ],
    "bng_e": 539704.54,
    "bng_n": 184106.32,
    "spread_m": 0.0,
    "datum": "OD Liverpool",
    "source": "OS 1:1056 London 1891-96 via NLS",
    "disputed": false,
    "views": [
     "opus-s:m18_131081_87131@120,533=29.35(h)"
    ],
    "notes": "building at Amity Road / Gladstone Road corner; pheon on wall ~30 px left of text; digits clear at 12x"
   },
   "geometry": {
    "type": "Point",
    "coordinates": [
     0.013006,
     51.5385764
    ]
   }
  },
  {
   "type": "Feature",
   "properties": {
    "id": "sh_539804_184104",
    "type": "spot",
    "value_ft": 28.7,
    "raw": "28·7",
    "confidence": "high",
    "n_readings": 1,
    "readers": [
     "opus-s"
    ],
    "mosaics": [
     "m18_131081_87131"
    ],
    "bng_e": 539804.37,
    "bng_n": 184104.24,
    "spread_m": 0.0,
    "datum": "OD Liverpool",
    "source": "OS 1:1056 London 1891-96 via NLS",
    "disputed": false,
    "views": [
     "opus-s:m18_131081_87131@388,546=28.7(h)"
    ],
    "notes": "West Ham Park west path by Cecil Road; dot left of figure; 8 closed smoothed and blocky"
   },
   "geometry": {
    "type": "Point",
    "coordinates": [
     0.0144437,
     51.5385331
    ]
   }
  },
  {
   "type": "Feature",
   "properties": {
    "id": "sh_540316_184104",
    "type": "spot",
    "value_ft": 29.9,
    "raw": "29·9",
    "confidence": "medium",
    "n_readings": 2,
    "readers": [
     "opus-l",
     "opus-o"
    ],
    "mosaics": [
     "m18_131084_87131",
     "m18_131087_87131"
    ],
    "bng_e": 540315.53,
    "bng_n": 184104.05,
    "spread_m": 0.42,
    "datum": "OD Liverpool",
    "source": "OS 1:1056 London 1891-96 via NLS",
    "disputed": false,
    "views": [
     "opus-o:m18_131084_87131@992,584=29.9(m)",
     "opus-l:m18_131087_87131@226,585=29.9(m)"
    ],
    "notes": "Beside the diagonal railing/path on the east; digits clear at 6x; no survey dot seen, position = centre of figures"
   },
   "geometry": {
    "type": "Point",
    "coordinates": [
     0.0218091,
     51.5384046
    ]
   }
  },
  {
   "type": "Feature",
   "properties": {
    "id": "sh_538954_184103",
    "type": "spot",
    "value_ft": 15.4,
    "raw": "15·4",
    "confidence": "medium",
    "n_readings": 1,
    "readers": [
     "opus-j"
    ],
    "mosaics": [
     "m18_131072_87131"
    ],
    "bng_e": 538954.11,
    "bng_n": 184102.81,
    "spread_m": 0.0,
    "datum": "OD Liverpool",
    "source": "OS 1:1056 London 1891-96 via NLS",
    "disputed": false,
    "views": [
     "opus-j:m18_131072_87131@408,487=15.4(m)"
    ],
    "notes": "Pitchford Street / Bryant Street corner; no dot within +-30 px at 8x; position = centre of figures"
   },
   "geometry": {
    "type": "Point",
    "coordinates": [
     0.0021914,
     51.5387299
    ]
   }
  },
  {
   "type": "Feature",
   "properties": {
    "id": "sh_540859_184100",
    "type": "spot",
    "value_ft": 31.8,
    "raw": "31·8",
    "confidence": "high",
    "n_readings": 2,
    "readers": [
     "opus-k"
    ],
    "mosaics": [
     "m18_131090_87131",
     "m18_131093_87131"
    ],
    "bng_e": 540858.82,
    "bng_n": 184099.6,
    "spread_m": 0.0,
    "datum": "OD Liverpool",
    "source": "OS 1:1056 London 1891-96 via NLS",
    "disputed": false,
    "views": [
     "opus-k:m18_131090_87131@916,637=31.8(h)",
     "opus-k:m18_131093_87131@148,637=31.8(h)"
    ],
    "notes": "Stukeley Road at Neville Road; dot upper-left of figure"
   },
   "geometry": {
    "type": "Point",
    "coordinates": [
     0.0296357,
     51.5382294
    ]
   }
  },
  {
   "type": "Feature",
   "properties": {
    "id": "sh_538621_184099",
    "type": "spot",
    "value_ft": 12.7,
    "raw": "12·7",
    "confidence": "medium",
    "n_readings": 2,
    "readers": [
     "opus-g",
     "opus-k"
    ],
    "mosaics": [
     "m18_131069_87131"
    ],
    "bng_e": 538620.83,
    "bng_n": 184099.27,
    "spread_m": 1.25,
    "datum": "OD Liverpool",
    "source": "OS 1:1056 London 1891-96 via NLS",
    "disputed": false,
    "views": [
     "opus-g:m18_131069_87131@279,475=12.7(m)",
     "opus-k:m18_131069_87131@282,469=12.7(m)"
    ],
    "notes": "Technical Institute grounds; no survey dot (dot at 283,468 is inside a building); position = centre of figures; 7x"
   },
   "geometry": {
    "type": "Point",
    "coordinates": [
     -0.0026125,
     51.53878
    ]
   }
  },
  {
   "type": "Feature",
   "properties": {
    "id": "sh_540189_184099",
    "type": "bench_mark",
    "value_ft": 30.71,
    "raw": "B.M.30·71",
    "confidence": "high",
    "n_readings": 1,
    "readers": [
     "opus-o"
    ],
    "mosaics": [
     "m18_131084_87131"
    ],
    "bng_e": 540189.47,
    "bng_n": 184098.53,
    "spread_m": 0.0,
    "datum": "OD Liverpool",
    "source": "OS 1:1056 London 1891-96 via NLS",
    "disputed": false,
    "views": [
     "opus-o:m18_131084_87131@654,590=30.71(h)"
    ],
    "notes": "Octagonal building by the Refreshment House; text ~668,603, up-arrow pheon on the building's south edge at ~654,590; digits clear at 6x"
   },
   "geometry": {
    "type": "Point",
    "coordinates": [
     0.0199905,
     51.5383863
    ]
   }
  },
  {
   "type": "Feature",
   "properties": {
    "id": "sh_538849_184097",
    "type": "spot",
    "value_ft": 14.9,
    "raw": "14·9",
    "confidence": "medium",
    "n_readings": 3,
    "readers": [
     "opus-g",
     "opus-j",
     "opus-k"
    ],
    "mosaics": [
     "m18_131069_87131",
     "m18_131072_87131"
    ],
    "bng_e": 538849.16,
    "bng_n": 184097.34,
    "spread_m": 0.78,
    "datum": "OD Liverpool",
    "source": "OS 1:1056 London 1891-96 via NLS",
    "disputed": false,
    "views": [
     "opus-g:m18_131069_87131@893,496=14.9(m)",
     "opus-k:m18_131069_87131@894,493=14.9(m)",
     "opus-j:m18_131072_87131@126,493=14.9(m)"
    ],
    "notes": "Chapel Street / King Street; dot above-right between C and H of C H A P E L, separate from the F.P. dot; 7x"
   },
   "geometry": {
    "type": "Point",
    "coordinates": [
     0.0006768,
     51.5387066
    ]
   }
  },
  {
   "type": "Feature",
   "properties": {
    "id": "sh_539974_184093",
    "type": "spot",
    "value_ft": 27.5,
    "raw": "27·5",
    "confidence": "high",
    "n_readings": 2,
    "readers": [
     "opus-o",
     "opus-s"
    ],
    "mosaics": [
     "m18_131081_87131",
     "m18_131084_87131"
    ],
    "bng_e": 539974.25,
    "bng_n": 184093.33,
    "spread_m": 0.19,
    "datum": "OD Liverpool",
    "source": "OS 1:1056 London 1891-96 via NLS",
    "disputed": false,
    "views": [
     "opus-s:m18_131081_87131@843,588=27.5(h)",
     "opus-o:m18_131084_87131@76,588=27.5(h)"
    ],
    "notes": "park path near Urinal north of Drill Ground; dot above figure; clear at 10x"
   },
   "geometry": {
    "type": "Point",
    "coordinates": [
     0.0168872,
     51.5383929
    ]
   }
  },
  {
   "type": "Feature",
   "properties": {
    "id": "sh_541673_184091",
    "type": "spot",
    "value_ft": 29.1,
    "raw": "29·1",
    "confidence": "medium",
    "n_readings": 1,
    "readers": [
     "opus-p"
    ],
    "mosaics": [
     "m18_131099_87131"
    ],
    "bng_e": 541672.51,
    "bng_n": 184091.42,
    "spread_m": 0.0,
    "datum": "OD Liverpool",
    "source": "OS 1:1056 London 1891-96 via NLS",
    "disputed": false,
    "views": [
     "opus-p:m18_131099_87131@797,720=29.1(m)"
    ],
    "notes": "Plashet Grove / Fry Road junction; dot above-right of the figure at 12x blocky, 3 px from the F.P.'s leading dot (800,716)"
   },
   "geometry": {
    "type": "Point",
    "coordinates": [
     0.041357,
     51.5379525
    ]
   }
  },
  {
   "type": "Feature",
   "properties": {
    "id": "sh_539851_184089",
    "type": "spot",
    "value_ft": 28.1,
    "raw": "28·1",
    "confidence": "high",
    "n_readings": 1,
    "readers": [
     "opus-s"
    ],
    "mosaics": [
     "m18_131081_87131"
    ],
    "bng_e": 539851.33,
    "bng_n": 184088.83,
    "spread_m": 0.0,
    "datum": "OD Liverpool",
    "source": "OS 1:1056 London 1891-96 via NLS",
    "disputed": false,
    "views": [
     "opus-s:m18_131081_87131@513,591=28.1(h)"
    ],
    "notes": "West Ham Park open ground; dot left-below figure; 8 clear blocky 10x"
   },
   "geometry": {
    "type": "Point",
    "coordinates": [
     0.0151143,
     51.5383829
    ]
   }
  },
  {
   "type": "Feature",
   "properties": {
    "id": "sh_541249_184086",
    "type": "spot",
    "value_ft": 31.1,
    "raw": "31·1",
    "confidence": "high",
    "n_readings": 1,
    "readers": [
     "opus-m"
    ],
    "mosaics": [
     "m18_131096_87131"
    ],
    "bng_e": 541249.37,
    "bng_n": 184085.94,
    "spread_m": 0.0,
    "datum": "OD Liverpool",
    "source": "OS 1:1056 London 1891-96 via NLS",
    "disputed": false,
    "views": [
     "opus-m:m18_131096_87131@428,703=31.1(h)"
    ],
    "notes": "ST. STEPHEN'S ROAD west, by the Vicarage; dot above figure; 8x"
   },
   "geometry": {
    "type": "Point",
    "coordinates": [
     0.0352577,
     51.5380092
    ]
   }
  },
  {
   "type": "Feature",
   "properties": {
    "id": "sh_538711_184086",
    "type": "bench_mark",
    "value_ft": 23.95,
    "raw": "B.M.23·95",
    "confidence": "high",
    "n_readings": 2,
    "readers": [
     "opus-g",
     "opus-k"
    ],
    "mosaics": [
     "m18_131069_87131"
    ],
    "bng_e": 538710.74,
    "bng_n": 184085.76,
    "spread_m": 0.0,
    "datum": "OD Liverpool",
    "source": "OS 1:1056 London 1891-96 via NLS",
    "disputed": false,
    "views": [
     "opus-g:m18_131069_87131@521,515=23.95(h)",
     "opus-k:m18_131069_87131@521,515=23.95(h)"
    ],
    "notes": "Stratford Bridge parapet; pheon about 25 px right of the text; 7x"
   },
   "geometry": {
    "type": "Point",
    "coordinates": [
     -0.0013223,
     51.5386365
    ]
   }
  },
  {
   "type": "Feature",
   "properties": {
    "id": "sh_540376_184084",
    "type": "spot",
    "value_ft": 31.2,
    "raw": "31·2",
    "confidence": "medium",
    "n_readings": 1,
    "readers": [
     "opus-l"
    ],
    "mosaics": [
     "m18_131087_87131"
    ],
    "bng_e": 540375.64,
    "bng_n": 184084.36,
    "spread_m": 0.0,
    "datum": "OD Liverpool",
    "source": "OS 1:1056 London 1891-96 via NLS",
    "disputed": false,
    "views": [
     "opus-l:m18_131087_87131@385,642=31.2(m)"
    ],
    "notes": "Upton Lane south of the Lodge; dot at 374,641 is part of the C.R./Ward boundary dash-dot; isolated dot at 379,625 not accepted; position = centre of figures"
   },
   "geometry": {
    "type": "Point",
    "coordinates": [
     0.0226674,
     51.5382127
    ]
   }
  },
  {
   "type": "Feature",
   "properties": {
    "id": "sh_538722_184082",
    "type": "spot",
    "value_ft": 21.7,
    "raw": "21·7",
    "confidence": "high",
    "n_readings": 2,
    "readers": [
     "opus-g",
     "opus-k"
    ],
    "mosaics": [
     "m18_131069_87131"
    ],
    "bng_e": 538721.63,
    "bng_n": 184082.34,
    "spread_m": 0.0,
    "datum": "OD Liverpool",
    "source": "OS 1:1056 London 1891-96 via NLS",
    "disputed": false,
    "views": [
     "opus-k:m18_131069_87131@550,525=21.7(h)",
     "opus-g:m18_131069_87131@550,525=21.7(m)"
    ],
    "notes": "tramway on Stratford Bridge; dot on rail left of figure; '·H' dot separate"
   },
   "geometry": {
    "type": "Point",
    "coordinates": [
     -0.0011667,
     51.5386031
    ]
   }
  },
  {
   "type": "Feature",
   "properties": {
    "id": "sh_538145_184082",
    "type": "spot",
    "value_ft": 13.3,
    "raw": "13·3",
    "confidence": "high",
    "n_readings": 1,
    "readers": [
     "opus-d"
    ],
    "mosaics": [
     "m18_131063_87131"
    ],
    "bng_e": 538144.98,
    "bng_n": 184081.84,
    "spread_m": 0.0,
    "datum": "OD Liverpool",
    "source": "OS 1:1056 London 1891-96 via NLS",
    "disputed": false,
    "views": [
     "opus-d:m18_131063_87131@537,484=13.3(h)"
    ],
    "notes": "Warton Road by the Oil & Chemical Works; dot above-right of figures at 6x (F.P dot at 519,520 not used)"
   },
   "geometry": {
    "type": "Point",
    "coordinates": [
     -0.0094762,
     51.5387399
    ]
   }
  },
  {
   "type": "Feature",
   "properties": {
    "id": "sh_537840_184078",
    "type": "spot",
    "value_ft": 13.2,
    "raw": "13·2",
    "confidence": "high",
    "n_readings": 1,
    "readers": [
     "opus-e"
    ],
    "mosaics": [
     "m18_131060_87131"
    ],
    "bng_e": 537840.19,
    "bng_n": 184078.01,
    "spread_m": 0.0,
    "datum": "OD Liverpool",
    "source": "OS 1:1056 London 1891-96 via NLS",
    "disputed": false,
    "views": [
     "opus-e:m18_131060_87131@486,472=13.2(h)"
    ],
    "notes": "dot at the crest of the east embankment, figures right, 10x"
   },
   "geometry": {
    "type": "Point",
    "coordinates": [
     -0.0138697,
     51.53878
    ]
   }
  },
  {
   "type": "Feature",
   "properties": {
    "id": "sh_537519_184078",
    "type": "spot",
    "value_ft": 17.3,
    "raw": "17·3",
    "confidence": "high",
    "n_readings": 1,
    "readers": [
     "opus-g"
    ],
    "mosaics": [
     "m18_131057_87131"
    ],
    "bng_e": 537518.54,
    "bng_n": 184077.83,
    "spread_m": 0.0,
    "datum": "OD Liverpool",
    "source": "OS 1:1056 London 1891-96 via NLS",
    "disputed": false,
    "views": [
     "opus-g:m18_131057_87131@390,449=17.3(h)"
    ],
    "notes": "embankment top; dot in the bank hatching left of figures; 7x"
   },
   "geometry": {
    "type": "Point",
    "coordinates": [
     -0.0185045,
     51.5388567
    ]
   }
  },
  {
   "type": "Feature",
   "properties": {
    "id": "sh_537374_184073",
    "type": "spot",
    "value_ft": 21.9,
    "raw": "21·9",
    "confidence": "medium",
    "n_readings": 2,
    "readers": [
     "opus-g",
     "opus-j"
    ],
    "mosaics": [
     "m18_131054_87131",
     "m18_131057_87131"
    ],
    "bng_e": 537373.86,
    "bng_n": 184072.8,
    "spread_m": 0.0,
    "datum": "OD Liverpool",
    "source": "OS 1:1056 London 1891-96 via NLS",
    "disputed": false,
    "views": [
     "opus-j:m18_131054_87131@769,452=21.9(m)",
     "opus-g:m18_131057_87131@1,452=21.9(m)"
    ],
    "notes": "towing path at the corner of the enclosure north of Old Ford Lock; isolated dot 10 px left of the figures across the path line taken as survey dot; a second isolated dot at 771,477 leaves some doubt; 8x"
   },
   "geometry": {
    "type": "Point",
    "coordinates": [
     -0.0205913,
     51.5388467
    ]
   }
  },
  {
   "type": "Feature",
   "properties": {
    "id": "sh_541173_184072",
    "type": "bench_mark",
    "value_ft": 34.29,
    "raw": "B.M.34·29",
    "confidence": "high",
    "n_readings": 2,
    "readers": [
     "opus-k",
     "opus-m"
    ],
    "mosaics": [
     "m18_131093_87131",
     "m18_131096_87131"
    ],
    "bng_e": 541172.88,
    "bng_n": 184071.75,
    "spread_m": 1.08,
    "datum": "OD Liverpool",
    "source": "OS 1:1056 London 1891-96 via NLS",
    "disputed": false,
    "views": [
     "opus-m:m18_131096_87131@224,737=34.29(h)",
     "opus-k:m18_131093_87131@987,734=34.29(m)"
    ],
    "notes": "St Stephen's Church; pheon on the church wall corner ~15 px right of text"
   },
   "geometry": {
    "type": "Point",
    "coordinates": [
     0.0341499,
     51.5379008
    ]
   }
  },
  {
   "type": "Feature",
   "properties": {
    "id": "sh_539906_184070",
    "type": "spot",
    "value_ft": 28.5,
    "raw": "28·5",
    "confidence": "high",
    "n_readings": 1,
    "readers": [
     "opus-s"
    ],
    "mosaics": [
     "m18_131081_87131"
    ],
    "bng_e": 539906.21,
    "bng_n": 184069.92,
    "spread_m": 0.0,
    "datum": "OD Liverpool",
    "source": "OS 1:1056 London 1891-96 via NLS",
    "disputed": false,
    "views": [
     "opus-s:m18_131081_87131@659,646=28.5(h)"
    ],
    "notes": "West Ham Park west of the Rifle Range path; dot left of figure"
   },
   "geometry": {
    "type": "Point",
    "coordinates": [
     0.0158975,
     51.5381994
    ]
   }
  },
  {
   "type": "Feature",
   "properties": {
    "id": "sh_541200_184070",
    "type": "spot",
    "value_ft": 31.4,
    "raw": "31·4",
    "confidence": "high",
    "n_readings": 1,
    "readers": [
     "opus-m"
    ],
    "mosaics": [
     "m18_131096_87131"
    ],
    "bng_e": 541199.93,
    "bng_n": 184069.72,
    "spread_m": 0.0,
    "datum": "OD Liverpool",
    "source": "OS 1:1056 London 1891-96 via NLS",
    "disputed": false,
    "views": [
     "opus-m:m18_131096_87131@294,743=31.4(h)"
    ],
    "notes": "road south of St Stephen's Church; dot above figure; 8x"
   },
   "geometry": {
    "type": "Point",
    "coordinates": [
     0.0345388,
     51.5378757
    ]
   }
  },
  {
   "type": "Feature",
   "properties": {
    "id": "sh_539150_184069",
    "type": "bench_mark",
    "value_ft": 25.88,
    "raw": "B.M.25·88",
    "confidence": "medium",
    "n_readings": 1,
    "readers": [
     "opus-j"
    ],
    "mosaics": [
     "m18_131072_87131"
    ],
    "bng_e": 539150.49,
    "bng_n": 184068.83,
    "spread_m": 0.0,
    "datum": "OD Liverpool",
    "source": "OS 1:1056 London 1891-96 via NLS",
    "disputed": false,
    "views": [
     "opus-j:m18_131072_87131@933,593=25.88(m)"
    ],
    "notes": "West Ham Lane by the Police Station; digits clear at 6x; the only pheon within +-50 px is on the Police Station corner across the road, ~50 px from the text, association inferred"
   },
   "geometry": {
    "type": "Point",
    "coordinates": [
     0.0050077,
     51.5383762
    ]
   }
  },
  {
   "type": "Feature",
   "properties": {
    "id": "sh_539178_184067",
    "type": "spot",
    "value_ft": 23.6,
    "raw": "23·6",
    "confidence": "medium",
    "n_readings": 1,
    "readers": [
     "opus-j"
    ],
    "mosaics": [
     "m18_131072_87131"
    ],
    "bng_e": 539178.47,
    "bng_n": 184067.0,
    "spread_m": 0.0,
    "datum": "OD Liverpool",
    "source": "OS 1:1056 London 1891-96 via NLS",
    "disputed": false,
    "views": [
     "opus-j:m18_131072_87131@1008,600=23.6(m)"
    ],
    "notes": "written directly below B.M.25·88 on West Ham Lane (probably ground level at the B.M.); no own dot; position = centre of figures"
   },
   "geometry": {
    "type": "Point",
    "coordinates": [
     0.00541,
     51.5383529
    ]
   }
  },
  {
   "type": "Feature",
   "properties": {
    "id": "sh_538865_184064",
    "type": "spot",
    "value_ft": 14.2,
    "raw": "14·2",
    "confidence": "high",
    "n_readings": 3,
    "readers": [
     "opus-g",
     "opus-j",
     "opus-k"
    ],
    "mosaics": [
     "m18_131069_87131",
     "m18_131072_87131"
    ],
    "bng_e": 538864.58,
    "bng_n": 184064.22,
    "spread_m": 3.23,
    "datum": "OD Liverpool",
    "source": "OS 1:1056 London 1891-96 via NLS",
    "disputed": false,
    "views": [
     "opus-j:m18_131072_87131@156,584=14.2(h)",
     "opus-g:m18_131069_87131@937,584=14.2(m)",
     "opus-k:m18_131069_87131@937,585=14.2(m)"
    ],
    "notes": "Mount Street / Chapel Street; dot above-right of figures, 8x"
   },
   "geometry": {
    "type": "Point",
    "coordinates": [
     0.000886,
     51.5384052
    ]
   }
  },
  {
   "type": "Feature",
   "properties": {
    "id": "sh_539929_184063",
    "type": "spot",
    "value_ft": 28.1,
    "raw": "28·1",
    "confidence": "high",
    "n_readings": 1,
    "readers": [
     "opus-s"
    ],
    "mosaics": [
     "m18_131081_87131"
    ],
    "bng_e": 539929.09,
    "bng_n": 184063.49,
    "spread_m": 0.0,
    "datum": "OD Liverpool",
    "source": "OS 1:1056 London 1891-96 via NLS",
    "disputed": false,
    "views": [
     "opus-s:m18_131081_87131@720,665=28.1(h)"
    ],
    "notes": "park path junction near Rifle Range north end; dot above-right of figure"
   },
   "geometry": {
    "type": "Point",
    "coordinates": [
     0.0162247,
     51.538136
    ]
   }
  },
  {
   "type": "Feature",
   "properties": {
    "id": "sh_538302_184060",
    "type": "spot",
    "value_ft": 13.4,
    "raw": "13·4",
    "confidence": "high",
    "n_readings": 2,
    "readers": [
     "opus-d",
     "opus-e"
    ],
    "mosaics": [
     "m18_131063_87131",
     "m18_131066_87131"
    ],
    "bng_e": 538301.92,
    "bng_n": 184060.31,
    "spread_m": 0.19,
    "datum": "OD Liverpool",
    "source": "OS 1:1056 London 1891-96 via NLS",
    "disputed": false,
    "views": [
     "opus-d:m18_131063_87131@957,554=13.4(h)",
     "opus-e:m18_131066_87131@189,553=13.4(h)"
    ],
    "notes": "yard/road east of the railway by the London Spinning Mills; dot left of figures at 6x"
   },
   "geometry": {
    "type": "Point",
    "coordinates": [
     -0.0072232,
     51.538508
    ]
   }
  },
  {
   "type": "Feature",
   "properties": {
    "id": "sh_541443_184060",
    "type": "spot",
    "value_ft": 29.8,
    "raw": "29·8",
    "confidence": "low",
    "n_readings": 5,
    "readers": [
     "opus-m",
     "opus-n",
     "opus-p",
     "opus-r"
    ],
    "mosaics": [
     "m18_131096_87131",
     "m18_131096_87134",
     "m18_131099_87131",
     "m18_131099_87134"
    ],
    "bng_e": 541443.08,
    "bng_n": 184060.15,
    "spread_m": 4.06,
    "datum": "OD Liverpool",
    "source": "OS 1:1056 London 1891-96 via NLS",
    "disputed": true,
    "values": [
     29.3,
     29.8,
     29.9
    ],
    "values_by_reader": {
     "opus-m": [
      29.8
     ],
     "opus-n": [
      29.8
     ],
     "opus-p": [
      29.3,
      29.8
     ],
     "opus-r": [
      29.9
     ]
    },
    "views": [
     "opus-m:m18_131096_87131@942,777=29.8(l)",
     "opus-n:m18_131096_87134@947,24=29.8(l)",
     "opus-p:m18_131096_87134@950,22=29.3(l)",
     "opus-p:m18_131099_87131@176,784=29.8(l)",
     "opus-r:m18_131099_87134@181,24=29.9(l)"
    ],
    "notes": "WHITFIELD ROAD; dot between the E and L of WHITFIELD above the figure (interpunct ambiguity); last digit 8 or 3"
   },
   "geometry": {
    "type": "Point",
    "coordinates": [
     0.0380386,
     51.5377289
    ]
   }
  },
  {
   "type": "Feature",
   "properties": {
    "id": "sh_540630_184058",
    "type": "spot",
    "value_ft": 31.3,
    "raw": "31·3",
    "confidence": "high",
    "n_readings": 1,
    "readers": [
     "opus-k"
    ],
    "mosaics": [
     "m18_131090_87131"
    ],
    "bng_e": 540629.89,
    "bng_n": 184058.35,
    "spread_m": 0.0,
    "datum": "OD Liverpool",
    "source": "OS 1:1056 London 1891-96 via NLS",
    "disputed": false,
    "views": [
     "opus-k:m18_131090_87131@298,731=31.3(h)"
    ],
    "notes": "Upton Lane at Neville Road; dot upper-left of figure; 3 read at 12x"
   },
   "geometry": {
    "type": "Point",
    "coordinates": [
     0.0263205,
     51.5379158
    ]
   }
  },
  {
   "type": "Feature",
   "properties": {
    "id": "sh_541164_184055",
    "type": "spot",
    "value_ft": 32.0,
    "raw": "32·0",
    "confidence": "medium",
    "n_readings": 6,
    "readers": [
     "opus-k",
     "opus-m",
     "opus-n",
     "opus-p"
    ],
    "mosaics": [
     "m18_131093_87131",
     "m18_131093_87134",
     "m18_131096_87131",
     "m18_131096_87134"
    ],
    "bng_e": 541164.22,
    "bng_n": 184055.11,
    "spread_m": 2.4,
    "datum": "OD Liverpool",
    "source": "OS 1:1056 London 1891-96 via NLS",
    "disputed": false,
    "views": [
     "opus-k:m18_131093_87131@963,778=32.0(m)",
     "opus-m:m18_131093_87134@963,10=32.0(m)",
     "opus-n:m18_131093_87134@967,14=32.0(m)",
     "opus-m:m18_131096_87131@203,782=32.0(m)",
     "opus-n:m18_131096_87134@196,11=32.0(m)",
     "opus-p:m18_131096_87134@194,11=32.0(m)"
    ],
    "notes": "junction east of the sheet join by C.R.; dot upper-left of figure among several F.P. / L.B. dots"
   },
   "geometry": {
    "type": "Point",
    "coordinates": [
     0.0340185,
     51.5377534
    ]
   }
  },
  {
   "type": "Feature",
   "properties": {
    "id": "sh_538385_184053",
    "type": "spot",
    "value_ft": 12.7,
    "raw": "12·7",
    "confidence": "medium",
    "n_readings": 1,
    "readers": [
     "opus-e"
    ],
    "mosaics": [
     "m18_131066_87131"
    ],
    "bng_e": 538385.13,
    "bng_n": 184053.48,
    "spread_m": 0.0,
    "datum": "OD Liverpool",
    "source": "OS 1:1056 London 1891-96 via NLS",
    "disputed": false,
    "views": [
     "opus-e:m18_131066_87131@412,578=12.7(m)"
    ],
    "notes": "Carpenter's Road at Gibbins Road; digits clear at 10x; dot at 412,578 between 'F.P' and the figures, may be the F.P. dot"
   },
   "geometry": {
    "type": "Point",
    "coordinates": [
     -0.0060269,
     51.5384263
    ]
   }
  },
  {
   "type": "Feature",
   "properties": {
    "id": "sh_538941_184053",
    "type": "spot",
    "value_ft": 13.7,
    "raw": "13·7",
    "confidence": "high",
    "n_readings": 1,
    "readers": [
     "opus-j"
    ],
    "mosaics": [
     "m18_131072_87131"
    ],
    "bng_e": 538941.33,
    "bng_n": 184053.07,
    "spread_m": 0.0,
    "datum": "OD Liverpool",
    "source": "OS 1:1056 London 1891-96 via NLS",
    "disputed": false,
    "views": [
     "opus-j:m18_131072_87131@370,620=13.7(h)"
    ],
    "notes": "Pitchford Street north end; dot left of figures, 8x"
   },
   "geometry": {
    "type": "Point",
    "coordinates": [
     0.0019875,
     51.5382862
    ]
   }
  },
  {
   "type": "Feature",
   "properties": {
    "id": "sh_538751_184052",
    "type": "spot",
    "value_ft": 15.3,
    "raw": "15·3",
    "confidence": "high",
    "n_readings": 2,
    "readers": [
     "opus-g",
     "opus-k"
    ],
    "mosaics": [
     "m18_131069_87131"
    ],
    "bng_e": 538751.12,
    "bng_n": 184051.96,
    "spread_m": 0.0,
    "datum": "OD Liverpool",
    "source": "OS 1:1056 London 1891-96 via NLS",
    "disputed": false,
    "views": [
     "opus-g:m18_131069_87131@627,609=15.3(h)",
     "opus-k:m18_131069_87131@627,609=15.3(h)"
    ],
    "notes": "road by Bridge Terrace; dot above-left of figures; 7x"
   },
   "geometry": {
    "type": "Point",
    "coordinates": [
     -0.0007537,
     51.5383229
    ]
   }
  },
  {
   "type": "Feature",
   "properties": {
    "id": "sh_541631_184048",
    "type": "spot",
    "value_ft": 29.7,
    "raw": "29·7",
    "confidence": "high",
    "n_readings": 2,
    "readers": [
     "opus-p",
     "opus-r"
    ],
    "mosaics": [
     "m18_131099_87131",
     "m18_131099_87134"
    ],
    "bng_e": 541630.53,
    "bng_n": 184048.29,
    "spread_m": 0.37,
    "datum": "OD Liverpool",
    "source": "OS 1:1056 London 1891-96 via NLS",
    "disputed": false,
    "views": [
     "opus-r:m18_131099_87134@681,64=29.7(h)",
     "opus-p:m18_131099_87131@681,834=29.7(m)"
    ],
    "notes": "Plashet Grove W end; dot below between R and O of GROVE (not interpuncted); 8x"
   },
   "geometry": {
    "type": "Point",
    "coordinates": [
     0.0407347,
     51.5375754
    ]
   }
  },
  {
   "type": "Feature",
   "properties": {
    "id": "sh_538929_184045",
    "type": "bench_mark",
    "value_ft": 15.21,
    "raw": "B.M.15·21",
    "confidence": "medium",
    "n_readings": 1,
    "readers": [
     "opus-j"
    ],
    "mosaics": [
     "m18_131072_87131"
    ],
    "bng_e": 538929.27,
    "bng_n": 184044.95,
    "spread_m": 0.0,
    "datum": "OD Liverpool",
    "source": "OS 1:1056 London 1891-96 via NLS",
    "disputed": false,
    "views": [
     "opus-j:m18_131072_87131@337,641=15.21(m)"
    ],
    "notes": "Queen Street north side by F.P.; pheon left of text, 6x; digits read 15·21 at 12x but slightly blurred, and the identical value to the B.M. 125 px away deserves review"
   },
   "geometry": {
    "type": "Point",
    "coordinates": [
     0.0018105,
     51.5382161
    ]
   }
  },
  {
   "type": "Feature",
   "properties": {
    "id": "sh_537551_184044",
    "type": "spot",
    "value_ft": 13.9,
    "raw": "13·9",
    "confidence": "medium",
    "n_readings": 1,
    "readers": [
     "opus-g"
    ],
    "mosaics": [
     "m18_131057_87131"
    ],
    "bng_e": 537550.74,
    "bng_n": 184043.8,
    "spread_m": 0.0,
    "datum": "OD Liverpool",
    "source": "OS 1:1056 London 1891-96 via NLS",
    "disputed": false,
    "views": [
     "opus-g:m18_131057_87131@474,543=13.9(m)"
    ],
    "notes": "Knobshill Cottage garden; dot 10 px above-right of figures, taken as survey dot; 7x"
   },
   "geometry": {
    "type": "Point",
    "coordinates": [
     -0.0180539,
     51.5385431
    ]
   }
  },
  {
   "type": "Feature",
   "properties": {
    "id": "sh_537536_184042",
    "type": "bench_mark",
    "value_ft": 14.52,
    "raw": "B.M.14·52",
    "confidence": "high",
    "n_readings": 1,
    "readers": [
     "opus-g"
    ],
    "mosaics": [
     "m18_131057_87131"
    ],
    "bng_e": 537535.51,
    "bng_n": 184042.27,
    "spread_m": 0.0,
    "datum": "OD Liverpool",
    "source": "OS 1:1056 London 1891-96 via NLS",
    "disputed": false,
    "views": [
     "opus-g:m18_131057_87131@433,546=14.52(h)"
    ],
    "notes": "Knobshill Cottage wall; pheon above-left of text; 7x"
   },
   "geometry": {
    "type": "Point",
    "coordinates": [
     -0.0182739,
     51.5385331
    ]
   }
  },
  {
   "type": "Feature",
   "properties": {
    "id": "sh_538696_184042",
    "type": "spot",
    "value_ft": 20.8,
    "raw": "20·8",
    "confidence": "high",
    "n_readings": 2,
    "readers": [
     "opus-g",
     "opus-k"
    ],
    "mosaics": [
     "m18_131069_87131"
    ],
    "bng_e": 538695.73,
    "bng_n": 184042.27,
    "spread_m": 0.19,
    "datum": "OD Liverpool",
    "source": "OS 1:1056 London 1891-96 via NLS",
    "disputed": false,
    "views": [
     "opus-g:m18_131069_87131@478,631=20.8(h)",
     "opus-k:m18_131069_87131@477,631=20.8(h)"
    ],
    "notes": "tramway south of bridge; dot on the rail above-left of figures; 7x"
   },
   "geometry": {
    "type": "Point",
    "coordinates": [
     -0.0015557,
     51.5382495
    ]
   }
  },
  {
   "type": "Feature",
   "properties": {
    "id": "sh_539114_184042",
    "type": "spot",
    "value_ft": 17.5,
    "raw": "17·5",
    "confidence": "high",
    "n_readings": 1,
    "readers": [
     "opus-j"
    ],
    "mosaics": [
     "m18_131072_87131"
    ],
    "bng_e": 539113.63,
    "bng_n": 184041.83,
    "spread_m": 0.0,
    "datum": "OD Liverpool",
    "source": "OS 1:1056 London 1891-96 via NLS",
    "disputed": false,
    "views": [
     "opus-j:m18_131072_87131@832,663=17.5(h)"
    ],
    "notes": "Langthorne Street east end; dot between the T of STREET and the figures, 8x"
   },
   "geometry": {
    "type": "Point",
    "coordinates": [
     0.0044659,
     51.5381427
    ]
   }
  },
  {
   "type": "Feature",
   "properties": {
    "id": "sh_541103_184041",
    "type": "spot",
    "value_ft": 32.2,
    "raw": "32·2",
    "confidence": "high",
    "n_readings": 6,
    "readers": [
     "opus-k",
     "opus-m",
     "opus-n",
     "opus-p"
    ],
    "mosaics": [
     "m18_131093_87131",
     "m18_131093_87134",
     "m18_131096_87131",
     "m18_131096_87134"
    ],
    "bng_e": 541103.25,
    "bng_n": 184041.04,
    "spread_m": 0.31,
    "datum": "OD Liverpool",
    "source": "OS 1:1056 London 1891-96 via NLS",
    "disputed": false,
    "views": [
     "opus-k:m18_131093_87131@800,813=32.2(h)",
     "opus-p:m18_131096_87134@32,45=32.2(h)",
     "opus-m:m18_131093_87134@800,45=32.2(m)",
     "opus-n:m18_131093_87134@800,45=32.2(m)",
     "opus-m:m18_131096_87131@32,813=32.2(m)",
     "opus-n:m18_131096_87134@33,45=32.2(m)"
    ],
    "notes": "Plashet Road at Gipsy Lane; dot above figure at the end of a boundary dash"
   },
   "geometry": {
    "type": "Point",
    "coordinates": [
     0.0331342,
     51.5376422
    ]
   }
  },
  {
   "type": "Feature",
   "properties": {
    "id": "sh_539687_184039",
    "type": "spot",
    "value_ft": 26.5,
    "raw": "26·5",
    "confidence": "low",
    "n_readings": 1,
    "readers": [
     "opus-s"
    ],
    "mosaics": [
     "m18_131081_87131"
    ],
    "bng_e": 539686.66,
    "bng_n": 184038.99,
    "spread_m": 0.0,
    "datum": "OD Liverpool",
    "source": "OS 1:1056 London 1891-96 via NLS",
    "disputed": false,
    "views": [
     "opus-s:m18_131081_87131@67,713=26.5(l)"
    ],
    "notes": "Amity Road south; second digit 6 at 6x/9x but unclear at 12x and blocky; two dots (above figure and above F.P.)"
   },
   "geometry": {
    "type": "Point",
    "coordinates": [
     0.0127217,
     51.5379758
    ]
   }
  },
  {
   "type": "Feature",
   "properties": {
    "id": "sh_538600_184036",
    "type": "spot",
    "value_ft": 18.0,
    "raw": "18·0",
    "confidence": "high",
    "n_readings": 3,
    "readers": [
     "opus-e",
     "opus-g",
     "opus-k"
    ],
    "mosaics": [
     "m18_131066_87131",
     "m18_131069_87131"
    ],
    "bng_e": 538600.28,
    "bng_n": 184036.33,
    "spread_m": 0.87,
    "datum": "OD Liverpool",
    "source": "OS 1:1056 London 1891-96 via NLS",
    "disputed": false,
    "views": [
     "opus-e:m18_131066_87131@991,640=18.0(h)",
     "opus-g:m18_131069_87131@219,640=18.0(h)",
     "opus-k:m18_131069_87131@220,640=18.0(h)"
    ],
    "notes": "road at the east edge by the works; dot left of figures, 6x"
   },
   "geometry": {
    "type": "Point",
    "coordinates": [
     -0.0029334,
     51.5382194
    ]
   }
  },
  {
   "type": "Feature",
   "properties": {
    "id": "sh_541577_184036",
    "type": "bench_mark",
    "value_ft": 32.44,
    "raw": "B.M.32·44",
    "confidence": "high",
    "n_readings": 2,
    "readers": [
     "opus-p",
     "opus-r"
    ],
    "mosaics": [
     "m18_131099_87131",
     "m18_131099_87134"
    ],
    "bng_e": 541577.26,
    "bng_n": 184036.22,
    "spread_m": 0.93,
    "datum": "OD Liverpool",
    "source": "OS 1:1056 London 1891-96 via NLS",
    "disputed": false,
    "views": [
     "opus-p:m18_131099_87131@537,859=32.44(h)",
     "opus-r:m18_131099_87134@537,96=32.44(h)"
    ],
    "notes": "Plashet Grove at the foot of Wyndham/Wortley Road; arrow right of the text, head at 8x; digits clear at 12x"
   },
   "geometry": {
    "type": "Point",
    "coordinates": [
     0.0399622,
     51.5374804
    ]
   }
  },
  {
   "type": "Feature",
   "properties": {
    "id": "sh_538638_184032",
    "type": "spot",
    "value_ft": 22.6,
    "raw": "22·6",
    "confidence": "high",
    "n_readings": 2,
    "readers": [
     "opus-g",
     "opus-k"
    ],
    "mosaics": [
     "m18_131069_87131"
    ],
    "bng_e": 538637.57,
    "bng_n": 184031.77,
    "spread_m": 0.19,
    "datum": "OD Liverpool",
    "source": "OS 1:1056 London 1891-96 via NLS",
    "disputed": false,
    "views": [
     "opus-g:m18_131069_87131@320,655=22.6(h)",
     "opus-k:m18_131069_87131@321,655=22.6(h)"
    ],
    "notes": "road by Channel Sea Court; dot above-left of figures; 7x"
   },
   "geometry": {
    "type": "Point",
    "coordinates": [
     -0.0023979,
     51.5381694
    ]
   }
  },
  {
   "type": "Feature",
   "properties": {
    "id": "sh_541033_184032",
    "type": "spot",
    "value_ft": 32.7,
    "raw": "32·7",
    "confidence": "high",
    "n_readings": 3,
    "readers": [
     "opus-k",
     "opus-m",
     "opus-n"
    ],
    "mosaics": [
     "m18_131093_87131",
     "m18_131093_87134"
    ],
    "bng_e": 541032.58,
    "bng_n": 184031.77,
    "spread_m": 0.55,
    "datum": "OD Liverpool",
    "source": "OS 1:1056 London 1891-96 via NLS",
    "disputed": false,
    "views": [
     "opus-k:m18_131093_87131@610,832=32.7(h)",
     "opus-m:m18_131093_87134@610,64=32.7(h)",
     "opus-n:m18_131093_87134@609,66=32.7(h)"
    ],
    "notes": "Plashet Road; dot above figure between boundary dashes"
   },
   "geometry": {
    "type": "Point",
    "coordinates": [
     0.0321123,
     51.5375766
    ]
   }
  },
  {
   "type": "Feature",
   "properties": {
    "id": "sh_541572_184029",
    "type": "spot",
    "value_ft": 30.0,
    "raw": "30·0",
    "confidence": "medium",
    "n_readings": 2,
    "readers": [
     "opus-p",
     "opus-r"
    ],
    "mosaics": [
     "m18_131099_87131",
     "m18_131099_87134"
    ],
    "bng_e": 541571.87,
    "bng_n": 184029.02,
    "spread_m": 1.94,
    "datum": "OD Liverpool",
    "source": "OS 1:1056 London 1891-96 via NLS",
    "disputed": false,
    "views": [
     "opus-p:m18_131099_87131@517,882=30.0(m)",
     "opus-r:m18_131099_87134@527,111=30.0(m)"
    ],
    "notes": "Plashet Grove under the B.M., between 'H' and 'S·' of PLASHET; digits clear; no separate dot (interpunct/hydrant only); position = centre of figures"
   },
   "geometry": {
    "type": "Point",
    "coordinates": [
     0.0398818,
     51.537417
    ]
   }
  },
  {
   "type": "Feature",
   "properties": {
    "id": "sh_540957_184028",
    "type": "bench_mark",
    "value_ft": 34.6,
    "raw": "B.M.34·60",
    "confidence": "high",
    "n_readings": 3,
    "readers": [
     "opus-k",
     "opus-m",
     "opus-n"
    ],
    "mosaics": [
     "m18_131093_87131",
     "m18_131093_87134"
    ],
    "bng_e": 540956.61,
    "bng_n": 184028.3,
    "spread_m": 0.28,
    "datum": "OD Liverpool",
    "source": "OS 1:1056 London 1891-96 via NLS",
    "disputed": false,
    "views": [
     "opus-k:m18_131093_87131@405,836=34.6(h)",
     "opus-m:m18_131093_87134@406,68=34.6(h)",
     "opus-n:m18_131093_87134@405,69=34.6(h)"
    ],
    "notes": "Plashet Road frontage; pheon point on the house front line below-left of text"
   },
   "geometry": {
    "type": "Point",
    "coordinates": [
     0.0310162,
     51.5375643
    ]
   }
  },
  {
   "type": "Feature",
   "properties": {
    "id": "sh_540872_184026",
    "type": "spot",
    "value_ft": 33.6,
    "raw": "33·6",
    "confidence": "medium",
    "n_readings": 5,
    "readers": [
     "opus-k",
     "opus-l",
     "opus-m",
     "opus-n"
    ],
    "mosaics": [
     "m18_131090_87131",
     "m18_131090_87134",
     "m18_131093_87131",
     "m18_131093_87134"
    ],
    "bng_e": 540872.34,
    "bng_n": 184025.56,
    "spread_m": 0.33,
    "datum": "OD Liverpool",
    "source": "OS 1:1056 London 1891-96 via NLS",
    "disputed": true,
    "values": [
     33.5,
     33.6
    ],
    "values_by_reader": {
     "opus-k": [
      33.6
     ],
     "opus-l": [
      33.6
     ],
     "opus-m": [
      33.6
     ],
     "opus-n": [
      33.5
     ]
    },
    "views": [
     "opus-m:m18_131093_87134@179,69=33.6(m)",
     "opus-k:m18_131090_87131@947,838=33.6(l)",
     "opus-l:m18_131090_87134@947,70=33.6(l)",
     "opus-k:m18_131093_87131@179,837=33.6(l)",
     "opus-n:m18_131093_87134@178,69=33.5(l)"
    ],
    "notes": "road at top (dashed boundary along it); dot above figure in a gap of the dashes; last digit 6 at 24x but 5/6 not certain"
   },
   "geometry": {
    "type": "Point",
    "coordinates": [
     0.029801,
     51.5375608
    ]
   }
  },
  {
   "type": "Feature",
   "properties": {
    "id": "sh_538325_184023",
    "type": "bench_mark",
    "value_ft": 14.92,
    "raw": "B.M.14·92",
    "confidence": "high",
    "n_readings": 2,
    "readers": [
     "opus-d",
     "opus-e"
    ],
    "mosaics": [
     "m18_131063_87131",
     "m18_131066_87131"
    ],
    "bng_e": 538324.53,
    "bng_n": 184023.05,
    "spread_m": 0.42,
    "datum": "OD Liverpool",
    "source": "OS 1:1056 London 1891-96 via NLS",
    "disputed": false,
    "views": [
     "opus-d:m18_131063_87131@1016,655=14.92(h)",
     "opus-e:m18_131066_87131@246,656=14.92(h)"
    ],
    "notes": "building near the east edge; pheon above-right of text below the H at 8x (H dot at 1013,647 not used)"
   },
   "geometry": {
    "type": "Point",
    "coordinates": [
     -0.006912,
     51.5381677
    ]
   }
  },
  {
   "type": "Feature",
   "properties": {
    "id": "sh_539070_184023",
    "type": "spot",
    "value_ft": 15.0,
    "raw": "15·0",
    "confidence": "high",
    "n_readings": 1,
    "readers": [
     "opus-j"
    ],
    "mosaics": [
     "m18_131072_87131"
    ],
    "bng_e": 539070.22,
    "bng_n": 184022.81,
    "spread_m": 0.0,
    "datum": "OD Liverpool",
    "source": "OS 1:1056 London 1891-96 via NLS",
    "disputed": false,
    "views": [
     "opus-j:m18_131072_87131@714,711=15.0(h)"
    ],
    "notes": "Langthorne Street; dot above-right of figures, separate from the F.P.'s own trailing dot, 8x"
   },
   "geometry": {
    "type": "Point",
    "coordinates": [
     0.0038329,
     51.5379825
    ]
   }
  },
  {
   "type": "Feature",
   "properties": {
    "id": "sh_538890_184021",
    "type": "spot",
    "value_ft": 13.9,
    "raw": "13·9",
    "confidence": "medium",
    "n_readings": 3,
    "readers": [
     "opus-g",
     "opus-j",
     "opus-k"
    ],
    "mosaics": [
     "m18_131069_87131",
     "m18_131072_87131"
    ],
    "bng_e": 538889.84,
    "bng_n": 184020.97,
    "spread_m": 2.16,
    "datum": "OD Liverpool",
    "source": "OS 1:1056 London 1891-96 via NLS",
    "disputed": false,
    "views": [
     "opus-g:m18_131069_87131@995,705=13.9(m)",
     "opus-k:m18_131069_87131@996,697=13.9(m)",
     "opus-j:m18_131072_87131@233,706=13.9(m)"
    ],
    "notes": "Chapel Street south; dot beside the R of S T R E E T; the pheon at 988,707 belongs to the edge-cut B.M.; 7x"
   },
   "geometry": {
    "type": "Point",
    "coordinates": [
     0.0012329,
     51.5380103
    ]
   }
  },
  {
   "type": "Feature",
   "properties": {
    "id": "sh_540943_184020",
    "type": "spot",
    "value_ft": 32.9,
    "raw": "32·9",
    "confidence": "high",
    "n_readings": 3,
    "readers": [
     "opus-k",
     "opus-m",
     "opus-n"
    ],
    "mosaics": [
     "m18_131093_87131",
     "m18_131093_87134"
    ],
    "bng_e": 540943.18,
    "bng_n": 184020.25,
    "spread_m": 0.25,
    "datum": "OD Liverpool",
    "source": "OS 1:1056 London 1891-96 via NLS",
    "disputed": false,
    "views": [
     "opus-k:m18_131093_87131@369,857=32.9(h)",
     "opus-m:m18_131093_87134@369,89=32.9(h)",
     "opus-n:m18_131093_87134@368,89=32.9(h)"
    ],
    "notes": "Plashet Road; dot above-right of figure at the end of a boundary dash (the boundary itself has no dots)"
   },
   "geometry": {
    "type": "Point",
    "coordinates": [
     0.0308195,
     51.5374954
    ]
   }
  },
  {
   "type": "Feature",
   "properties": {
    "id": "sh_539884_184020",
    "type": "spot",
    "value_ft": 28.2,
    "raw": "28·2",
    "confidence": "high",
    "n_readings": 1,
    "readers": [
     "opus-s"
    ],
    "mosaics": [
     "m18_131081_87131"
    ],
    "bng_e": 539884.14,
    "bng_n": 184019.55,
    "spread_m": 0.0,
    "datum": "OD Liverpool",
    "source": "OS 1:1056 London 1891-96 via NLS",
    "disputed": false,
    "views": [
     "opus-s:m18_131081_87131@596,780=28.2(h)"
    ],
    "notes": "West Ham Park south; dot left-above figure; clear at 10x"
   },
   "geometry": {
    "type": "Point",
    "coordinates": [
     0.0155595,
     51.5377523
    ]
   }
  },
  {
   "type": "Feature",
   "properties": {
    "id": "sh_538886_184019",
    "type": "bench_mark",
    "value_ft": 15.21,
    "raw": "B.M.15·21",
    "confidence": "high",
    "n_readings": 1,
    "readers": [
     "opus-j"
    ],
    "mosaics": [
     "m18_131072_87131"
    ],
    "bng_e": 538886.41,
    "bng_n": 184019.27,
    "spread_m": 0.0,
    "datum": "OD Liverpool",
    "source": "OS 1:1056 London 1891-96 via NLS",
    "disputed": false,
    "views": [
     "opus-j:m18_131072_87131@220,707=15.21(h)"
    ],
    "notes": "Chapel Street / Queen Street corner; digits confirmed at 12x; pheon at building corner left of the text, 6x"
   },
   "geometry": {
    "type": "Point",
    "coordinates": [
     0.0011829,
     51.5379959
    ]
   }
  },
  {
   "type": "Feature",
   "properties": {
    "id": "sh_537494_184017",
    "type": "spot",
    "value_ft": 12.1,
    "raw": "12·1",
    "confidence": "high",
    "n_readings": 1,
    "readers": [
     "opus-g"
    ],
    "mosaics": [
     "m18_131057_87131"
    ],
    "bng_e": 537494.12,
    "bng_n": 184017.39,
    "spread_m": 0.0,
    "datum": "OD Liverpool",
    "source": "OS 1:1056 London 1891-96 via NLS",
    "disputed": false,
    "views": [
     "opus-g:m18_131057_87131@320,610=12.1(h)"
    ],
    "notes": "open marsh; dot left of figures; 7x"
   },
   "geometry": {
    "type": "Point",
    "coordinates": [
     -0.0188801,
     51.5383195
    ]
   }
  },
  {
   "type": "Feature",
   "properties": {
    "id": "sh_538340_184016",
    "type": "spot",
    "value_ft": 13.6,
    "raw": "13·6",
    "confidence": "high",
    "n_readings": 1,
    "readers": [
     "opus-e"
    ],
    "mosaics": [
     "m18_131066_87131"
    ],
    "bng_e": 538339.62,
    "bng_n": 184015.85,
    "spread_m": 0.0,
    "datum": "OD Liverpool",
    "source": "OS 1:1056 London 1891-96 via NLS",
    "disputed": false,
    "views": [
     "opus-e:m18_131066_87131@287,676=13.6(h)"
    ],
    "notes": "Carpenter's Road footway; dot above-left, 10x"
   },
   "geometry": {
    "type": "Point",
    "coordinates": [
     -0.0066975,
     51.5380993
    ]
   }
  },
  {
   "type": "Feature",
   "properties": {
    "id": "sh_540752_184016",
    "type": "bench_mark",
    "value_ft": 35.78,
    "raw": "B.M.35·78",
    "confidence": "high",
    "n_readings": 2,
    "readers": [
     "opus-k",
     "opus-l"
    ],
    "mosaics": [
     "m18_131090_87131",
     "m18_131090_87134"
    ],
    "bng_e": 540752.07,
    "bng_n": 184015.51,
    "spread_m": 0.42,
    "datum": "OD Liverpool",
    "source": "OS 1:1056 London 1891-96 via NLS",
    "disputed": false,
    "views": [
     "opus-k:m18_131090_87131@624,856=35.78(h)",
     "opus-l:m18_131090_87134@622,87=35.78(h)"
    ],
    "notes": "Plashet Road frontage; pheon right of text pointing at wall"
   },
   "geometry": {
    "type": "Point",
    "coordinates": [
     0.028064,
     51.5375004
    ]
   }
  },
  {
   "type": "Feature",
   "properties": {
    "id": "sh_538143_184013",
    "type": "spot",
    "value_ft": 14.7,
    "raw": "14·7",
    "confidence": "high",
    "n_readings": 1,
    "readers": [
     "opus-d"
    ],
    "mosaics": [
     "m18_131063_87131"
    ],
    "bng_e": 538143.11,
    "bng_n": 184013.47,
    "spread_m": 0.0,
    "datum": "OD Liverpool",
    "source": "OS 1:1056 London 1891-96 via NLS",
    "disputed": false,
    "views": [
     "opus-d:m18_131063_87131@527,668=14.7(h)"
    ],
    "notes": "Warton Road by the Varnish Works; dot above-left of figures at 6x"
   },
   "geometry": {
    "type": "Point",
    "coordinates": [
     -0.0095299,
     51.538126
    ]
   }
  },
  {
   "type": "Feature",
   "properties": {
    "id": "sh_540791_184013",
    "type": "spot",
    "value_ft": 34.0,
    "raw": "34·0",
    "confidence": "high",
    "n_readings": 2,
    "readers": [
     "opus-k",
     "opus-l"
    ],
    "mosaics": [
     "m18_131090_87131",
     "m18_131090_87134"
    ],
    "bng_e": 540791.43,
    "bng_n": 184012.7,
    "spread_m": 0.19,
    "datum": "OD Liverpool",
    "source": "OS 1:1056 London 1891-96 via NLS",
    "disputed": false,
    "views": [
     "opus-k:m18_131090_87131@728,866=34.0(h)",
     "opus-l:m18_131090_87134@729,98=34.0(m)"
    ],
    "notes": "Plashet Road on the boundary line; dot at the end of a boundary dash just above-left of figure; the boundary is plain dashes, so this is the survey dot"
   },
   "geometry": {
    "type": "Point",
    "coordinates": [
     0.0286299,
     51.5374653
    ]
   }
  },
  {
   "type": "Feature",
   "properties": {
    "id": "sh_537378_184012",
    "type": "bench_mark",
    "value_ft": 22.84,
    "raw": "B.M.22·84",
    "confidence": "high",
    "n_readings": 2,
    "readers": [
     "opus-g",
     "opus-j"
    ],
    "mosaics": [
     "m18_131054_87131",
     "m18_131057_87131"
    ],
    "bng_e": 537377.57,
    "bng_n": 184011.63,
    "spread_m": 0.77,
    "datum": "OD Liverpool",
    "source": "OS 1:1056 London 1891-96 via NLS",
    "disputed": false,
    "views": [
     "opus-j:m18_131054_87131@775,615=22.84(h)",
     "opus-g:m18_131057_87131@6,619=22.84(m)"
    ],
    "notes": "lock-keeper's buildings east of Old Ford Lock; pheon above the text pointing up to the dotted line, 6x"
   },
   "geometry": {
    "type": "Point",
    "coordinates": [
     -0.0205618,
     51.5382962
    ]
   }
  },
  {
   "type": "Feature",
   "properties": {
    "id": "sh_541191_184011",
    "type": "spot",
    "value_ft": 31.7,
    "raw": "31·7",
    "confidence": "medium",
    "n_readings": 3,
    "readers": [
     "opus-m",
     "opus-n",
     "opus-p"
    ],
    "mosaics": [
     "m18_131096_87131",
     "m18_131096_87134"
    ],
    "bng_e": 541191.26,
    "bng_n": 184010.93,
    "spread_m": 2.48,
    "datum": "OD Liverpool",
    "source": "OS 1:1056 London 1891-96 via NLS",
    "disputed": false,
    "views": [
     "opus-m:m18_131096_87131@262,900=31.7(m)",
     "opus-n:m18_131096_87134@273,133=31.7(m)",
     "opus-p:m18_131096_87134@264,133=31.7(m)"
    ],
    "notes": "Green Street by the survey triangle and F.P.s; extra dot left of figure next to a large boundary dot"
   },
   "geometry": {
    "type": "Point",
    "coordinates": [
     0.0343904,
     51.5373497
    ]
   }
  },
  {
   "type": "Feature",
   "properties": {
    "id": "sh_539038_184010",
    "type": "bench_mark",
    "value_ft": 15.1,
    "raw": "B.M.15·10",
    "confidence": "high",
    "n_readings": 1,
    "readers": [
     "opus-j"
    ],
    "mosaics": [
     "m18_131072_87131"
    ],
    "bng_e": 539037.81,
    "bng_n": 184010.04,
    "spread_m": 0.0,
    "datum": "OD Liverpool",
    "source": "OS 1:1056 London 1891-96 via NLS",
    "disputed": false,
    "views": [
     "opus-j:m18_131072_87131@626,743=15.1(h)"
    ],
    "notes": "Langthorne Street north frontage; pheon below the stacked text, 6x"
   },
   "geometry": {
    "type": "Point",
    "coordinates": [
     0.0033608,
     51.5378757
    ]
   }
  },
  {
   "type": "Feature",
   "properties": {
    "id": "sh_541520_184010",
    "type": "spot",
    "value_ft": 30.5,
    "raw": "30·5",
    "confidence": "high",
    "n_readings": 2,
    "readers": [
     "opus-p",
     "opus-r"
    ],
    "mosaics": [
     "m18_131099_87131",
     "m18_131099_87134"
    ],
    "bng_e": 541520.28,
    "bng_n": 184009.94,
    "spread_m": 0.37,
    "datum": "OD Liverpool",
    "source": "OS 1:1056 London 1891-96 via NLS",
    "disputed": false,
    "views": [
     "opus-p:m18_131099_87131@382,927=30.5(h)",
     "opus-r:m18_131099_87134@382,161=30.5(h)"
    ],
    "notes": "Plashet Grove at Whittaker Road; dot above-right; 5 flat-topped at 8x"
   },
   "geometry": {
    "type": "Point",
    "coordinates": [
     0.0391308,
     51.5372585
    ]
   }
  },
  {
   "type": "Feature",
   "properties": {
    "id": "sh_538674_184007",
    "type": "spot",
    "value_ft": 18.9,
    "raw": "18·9",
    "confidence": "high",
    "n_readings": 2,
    "readers": [
     "opus-g",
     "opus-k"
    ],
    "mosaics": [
     "m18_131069_87131"
    ],
    "bng_e": 538674.16,
    "bng_n": 184007.34,
    "spread_m": 0.19,
    "datum": "OD Liverpool",
    "source": "OS 1:1056 London 1891-96 via NLS",
    "disputed": false,
    "views": [
     "opus-g:m18_131069_87131@417,724=18.9(h)",
     "opus-k:m18_131069_87131@417,723=18.9(h)"
    ],
    "notes": "tramway at Channelsea Bridge; dot on the rail right of figures; F.P. dot separate; 7x"
   },
   "geometry": {
    "type": "Point",
    "coordinates": [
     -0.0018802,
     51.5379408
    ]
   }
  },
  {
   "type": "Feature",
   "properties": {
    "id": "sh_540349_184007",
    "type": "spot",
    "value_ft": 29.6,
    "raw": "29·6",
    "confidence": "medium",
    "n_readings": 2,
    "readers": [
     "opus-l",
     "opus-n"
    ],
    "mosaics": [
     "m18_131087_87131",
     "m18_131087_87134"
    ],
    "bng_e": 540348.73,
    "bng_n": 184007.12,
    "spread_m": 2.26,
    "datum": "OD Liverpool",
    "source": "OS 1:1056 London 1891-96 via NLS",
    "disputed": false,
    "views": [
     "opus-l:m18_131087_87131@313,847=29.6(m)",
     "opus-n:m18_131087_87134@301,81=29.6(m)"
    ],
    "notes": "Upton Lane by the Baptist Chapel; last digit 6 (open top) at 18x; dot at 298,847 follows a boundary dash, position = centre of figures"
   },
   "geometry": {
    "type": "Point",
    "coordinates": [
     0.0222489,
     51.5375254
    ]
   }
  },
  {
   "type": "Feature",
   "properties": {
    "id": "sh_541262_184007",
    "type": "spot",
    "value_ft": 32.0,
    "raw": "32·0",
    "confidence": "high",
    "n_readings": 3,
    "readers": [
     "opus-m",
     "opus-n",
     "opus-p"
    ],
    "mosaics": [
     "m18_131096_87131",
     "m18_131096_87134"
    ],
    "bng_e": 541261.75,
    "bng_n": 184006.58,
    "spread_m": 0.35,
    "datum": "OD Liverpool",
    "source": "OS 1:1056 London 1891-96 via NLS",
    "disputed": false,
    "views": [
     "opus-m:m18_131096_87131@456,917=32.0(h)",
     "opus-n:m18_131096_87134@455,150=32.0(h)",
     "opus-p:m18_131096_87134@455,150=32.0(h)"
    ],
    "notes": "WASHINGTON ROAD south end; isolated dot left of figure (the F.P. above has its own dot)"
   },
   "geometry": {
    "type": "Point",
    "coordinates": [
     0.0354043,
     51.5372929
    ]
   }
  },
  {
   "type": "Feature",
   "properties": {
    "id": "sh_537820_184002",
    "type": "spot",
    "value_ft": 17.3,
    "raw": "17·3",
    "confidence": "high",
    "n_readings": 1,
    "readers": [
     "opus-e"
    ],
    "mosaics": [
     "m18_131060_87131"
    ],
    "bng_e": 537819.53,
    "bng_n": 184002.45,
    "spread_m": 0.0,
    "datum": "OD Liverpool",
    "source": "OS 1:1056 London 1891-96 via NLS",
    "disputed": false,
    "views": [
     "opus-e:m18_131060_87131@425,674=17.3(h)"
    ],
    "notes": "dot within the top of the hatching of the east embankment, figures right, 10x"
   },
   "geometry": {
    "type": "Point",
    "coordinates": [
     -0.0141969,
     51.538106
    ]
   }
  },
  {
   "type": "Feature",
   "properties": {
    "id": "sh_538153_184002",
    "type": "bench_mark",
    "value_ft": 16.21,
    "raw": "B.M.16·21",
    "confidence": "medium",
    "n_readings": 1,
    "readers": [
     "opus-d"
    ],
    "mosaics": [
     "m18_131063_87131"
    ],
    "bng_e": 538152.73,
    "bng_n": 184002.22,
    "spread_m": 0.0,
    "datum": "OD Liverpool",
    "source": "OS 1:1056 London 1891-96 via NLS",
    "disputed": false,
    "views": [
     "opus-d:m18_131063_87131@552,699=16.21(m)"
    ],
    "notes": "Warton Road; text clear at 6x on the west side of the road; the only pheon nearby is on the Varnish Works corner 40 px east, association inferred"
   },
   "geometry": {
    "type": "Point",
    "coordinates": [
     -0.0093958,
     51.5380226
    ]
   }
  },
  {
   "type": "Feature",
   "properties": {
    "id": "sh_540709_183998",
    "type": "spot",
    "value_ft": 33.8,
    "raw": "33·8",
    "confidence": "high",
    "n_readings": 2,
    "readers": [
     "opus-k",
     "opus-l"
    ],
    "mosaics": [
     "m18_131090_87131",
     "m18_131090_87134"
    ],
    "bng_e": 540708.62,
    "bng_n": 183998.33,
    "spread_m": 0.19,
    "datum": "OD Liverpool",
    "source": "OS 1:1056 London 1891-96 via NLS",
    "disputed": false,
    "views": [
     "opus-k:m18_131090_87131@505,898=33.8(h)",
     "opus-l:m18_131090_87134@505,131=33.8(h)"
    ],
    "notes": "Plashet Road on the boundary line; dot upper-left of figure between two dashes; the boundary is plain dashes (no dots elsewhere), so this is the survey dot"
   },
   "geometry": {
    "type": "Point",
    "coordinates": [
     0.027431,
     51.5373569
    ]
   }
  },
  {
   "type": "Feature",
   "properties": {
    "id": "sh_541317_183996",
    "type": "spot",
    "value_ft": 32.1,
    "raw": "32·1",
    "confidence": "high",
    "n_readings": 3,
    "readers": [
     "opus-m",
     "opus-n",
     "opus-p"
    ],
    "mosaics": [
     "m18_131096_87131",
     "m18_131096_87134"
    ],
    "bng_e": 541317.15,
    "bng_n": 183995.74,
    "spread_m": 0.5,
    "datum": "OD Liverpool",
    "source": "OS 1:1056 London 1891-96 via NLS",
    "disputed": false,
    "views": [
     "opus-m:m18_131096_87131@602,951=32.1(h)",
     "opus-n:m18_131096_87134@604,183=32.1(h)",
     "opus-p:m18_131096_87134@604,183=32.1(h)"
    ],
    "notes": "WATERLOO ROAD south end; dot left of figure; the H below has its own dot"
   },
   "geometry": {
    "type": "Point",
    "coordinates": [
     0.0361982,
     51.5371817
    ]
   }
  },
  {
   "type": "Feature",
   "properties": {
    "id": "sh_540645_183989",
    "type": "spot",
    "value_ft": 32.9,
    "raw": "32·9",
    "confidence": "medium",
    "n_readings": 2,
    "readers": [
     "opus-k",
     "opus-l"
    ],
    "mosaics": [
     "m18_131090_87131",
     "m18_131090_87134"
    ],
    "bng_e": 540645.04,
    "bng_n": 183988.59,
    "spread_m": 1.3,
    "datum": "OD Liverpool",
    "source": "OS 1:1056 London 1891-96 via NLS",
    "disputed": false,
    "views": [
     "opus-k:m18_131090_87131@330,920=32.9(m)",
     "opus-l:m18_131090_87134@337,152=32.9(m)"
    ],
    "notes": "Plashet Road / Upton Lane on the boundary line; only dot is the one after 'P' of spaced P L A S H E T"
   },
   "geometry": {
    "type": "Point",
    "coordinates": [
     0.026511,
     51.5372852
    ]
   }
  },
  {
   "type": "Feature",
   "properties": {
    "id": "sh_541046_183986",
    "type": "spot",
    "value_ft": 31.8,
    "raw": "31·8",
    "confidence": "high",
    "n_readings": 3,
    "readers": [
     "opus-k",
     "opus-m",
     "opus-n"
    ],
    "mosaics": [
     "m18_131093_87131",
     "m18_131093_87134"
    ],
    "bng_e": 541046.5,
    "bng_n": 183986.48,
    "spread_m": 0.28,
    "datum": "OD Liverpool",
    "source": "OS 1:1056 London 1891-96 via NLS",
    "disputed": false,
    "views": [
     "opus-k:m18_131093_87131@644,955=31.8(h)",
     "opus-m:m18_131093_87134@643,188=31.8(h)",
     "opus-n:m18_131093_87134@644,188=31.8(h)"
    ],
    "notes": "open ground by tree-lined path; dot right of figure"
   },
   "geometry": {
    "type": "Point",
    "coordinates": [
     0.0322947,
     51.5371661
    ]
   }
  },
  {
   "type": "Feature",
   "properties": {
    "id": "sh_537359_183985",
    "type": "spot",
    "value_ft": 21.2,
    "raw": "21·2",
    "confidence": "high",
    "n_readings": 1,
    "readers": [
     "opus-j"
    ],
    "mosaics": [
     "m18_131054_87131"
    ],
    "bng_e": 537358.75,
    "bng_n": 183984.76,
    "spread_m": 0.0,
    "datum": "OD Liverpool",
    "source": "OS 1:1056 London 1891-96 via NLS",
    "disputed": false,
    "views": [
     "opus-j:m18_131054_87131@722,688=21.2(h)"
    ],
    "notes": "Old Ford Lock east side wall; dot as a tick on the lock wall line left of the figures, 8x"
   },
   "geometry": {
    "type": "Point",
    "coordinates": [
     -0.0208434,
     51.5380593
    ]
   }
  },
  {
   "type": "Feature",
   "properties": {
    "id": "sh_538994_183984",
    "type": "spot",
    "value_ft": 13.5,
    "raw": "13·5",
    "confidence": "high",
    "n_readings": 1,
    "readers": [
     "opus-j"
    ],
    "mosaics": [
     "m18_131072_87131"
    ],
    "bng_e": 538993.86,
    "bng_n": 183983.59,
    "spread_m": 0.0,
    "datum": "OD Liverpool",
    "source": "OS 1:1056 London 1891-96 via NLS",
    "disputed": false,
    "views": [
     "opus-j:m18_131072_87131@506,811=13.5(h)"
    ],
    "notes": "Langthorne Street west; dot between the A of LANGTHORNE and the figures, 8x"
   },
   "geometry": {
    "type": "Point",
    "coordinates": [
     0.0027171,
     51.5376489
    ]
   }
  },
  {
   "type": "Feature",
   "properties": {
    "id": "sh_541370_183981",
    "type": "spot",
    "value_ft": 32.4,
    "raw": "32·4",
    "confidence": "high",
    "n_readings": 3,
    "readers": [
     "opus-m",
     "opus-n",
     "opus-p"
    ],
    "mosaics": [
     "m18_131096_87131",
     "m18_131096_87134"
    ],
    "bng_e": 541370.18,
    "bng_n": 183981.0,
    "spread_m": 0.28,
    "datum": "OD Liverpool",
    "source": "OS 1:1056 London 1891-96 via NLS",
    "disputed": false,
    "views": [
     "opus-m:m18_131096_87131@744,995=32.4(h)",
     "opus-n:m18_131096_87134@745,226=32.4(h)",
     "opus-p:m18_131096_87134@745,227=32.4(h)"
    ],
    "notes": "same road; dot above the 2; 16x"
   },
   "geometry": {
    "type": "Point",
    "coordinates": [
     0.0369564,
     51.537036
    ]
   }
  },
  {
   "type": "Feature",
   "properties": {
    "id": "sh_541464_183981",
    "type": "spot",
    "value_ft": 30.8,
    "raw": "30·8",
    "confidence": "medium",
    "n_readings": 5,
    "readers": [
     "opus-m",
     "opus-n",
     "opus-p",
     "opus-r"
    ],
    "mosaics": [
     "m18_131096_87131",
     "m18_131096_87134",
     "m18_131099_87131",
     "m18_131099_87134"
    ],
    "bng_e": 541463.99,
    "bng_n": 183980.6,
    "spread_m": 1.66,
    "datum": "OD Liverpool",
    "source": "OS 1:1056 London 1891-96 via NLS",
    "disputed": false,
    "views": [
     "opus-m:m18_131096_87131@996,1004=30.8(m)",
     "opus-n:m18_131096_87134@996,234=30.8(m)",
     "opus-p:m18_131096_87134@994,236=30.8(m)",
     "opus-p:m18_131099_87131@228,1002=30.8(m)",
     "opus-r:m18_131099_87134@233,234=30.8(m)"
    ],
    "notes": "south-east corner by Whitfield Road; only nearby dot belongs to the F.P.; position = centre of figures"
   },
   "geometry": {
    "type": "Point",
    "coordinates": [
     0.0383079,
     51.5370089
    ]
   }
  },
  {
   "type": "Feature",
   "properties": {
    "id": "sh_538807_183980",
    "type": "spot",
    "value_ft": 13.3,
    "raw": "13·3",
    "confidence": "high",
    "n_readings": 3,
    "readers": [
     "opus-b",
     "opus-g",
     "opus-k"
    ],
    "mosaics": [
     "m18_131069_87131",
     "m18_131069_87134"
    ],
    "bng_e": 538807.06,
    "bng_n": 183980.21,
    "spread_m": 0.25,
    "datum": "OD Liverpool",
    "source": "OS 1:1056 London 1891-96 via NLS",
    "disputed": false,
    "views": [
     "opus-g:m18_131069_87131@772,807=13.3(h)",
     "opus-k:m18_131069_87131@772,806=13.3(h)",
     "opus-b:m18_131069_87134@772,38=13.3(h)"
    ],
    "notes": "road beside Stratford Market Station; dot below the figures, F.P. dot separate; 7x"
   },
   "geometry": {
    "type": "Point",
    "coordinates": [
     2.42e-05,
     51.5376644
    ]
   }
  },
  {
   "type": "Feature",
   "properties": {
    "id": "sh_538651_183978",
    "type": "spot",
    "value_ft": 19.7,
    "raw": "19·7",
    "confidence": "high",
    "n_readings": 3,
    "readers": [
     "opus-b",
     "opus-g",
     "opus-k"
    ],
    "mosaics": [
     "m18_131069_87131",
     "m18_131069_87134"
    ],
    "bng_e": 538651.13,
    "bng_n": 183978.18,
    "spread_m": 0.25,
    "datum": "OD Liverpool",
    "source": "OS 1:1056 London 1891-96 via NLS",
    "disputed": false,
    "views": [
     "opus-k:m18_131069_87131@353,801=19.7(h)",
     "opus-g:m18_131069_87131@353,800=19.7(m)",
     "opus-b:m18_131069_87134@353,32=19.7(m)"
    ],
    "notes": "tramway at Channel Sea Bridge; dot on rail above figure"
   },
   "geometry": {
    "type": "Point",
    "coordinates": [
     -0.0022235,
     51.5376844
    ]
   }
  },
  {
   "type": "Feature",
   "properties": {
    "id": "sh_540568_183974",
    "type": "spot",
    "value_ft": 32.4,
    "raw": "32·4",
    "confidence": "high",
    "n_readings": 4,
    "readers": [
     "opus-k",
     "opus-l",
     "opus-n"
    ],
    "mosaics": [
     "m18_131087_87131",
     "m18_131087_87134",
     "m18_131090_87131",
     "m18_131090_87134"
    ],
    "bng_e": 540567.53,
    "bng_n": 183974.47,
    "spread_m": 0.39,
    "datum": "OD Liverpool",
    "source": "OS 1:1056 London 1891-96 via NLS",
    "disputed": false,
    "views": [
     "opus-k:m18_131090_87131@124,952=32.4(h)",
     "opus-l:m18_131087_87131@892,952=32.4(m)",
     "opus-n:m18_131087_87134@893,185=32.4(m)",
     "opus-l:m18_131090_87134@124,184=32.4(m)"
    ],
    "notes": "Plashet Road under 'Parly.'; isolated dot above figure, separate from the abbreviation point of 'Parly.' at 116,950"
   },
   "geometry": {
    "type": "Point",
    "coordinates": [
     0.0253885,
     51.5371775
    ]
   }
  },
  {
   "type": "Feature",
   "properties": {
    "id": "sh_539836_183974",
    "type": "spot",
    "value_ft": 26.9,
    "raw": "26·9",
    "confidence": "medium",
    "n_readings": 1,
    "readers": [
     "opus-s"
    ],
    "mosaics": [
     "m18_131081_87131"
    ],
    "bng_e": 539835.88,
    "bng_n": 183974.04,
    "spread_m": 0.0,
    "datum": "OD Liverpool",
    "source": "OS 1:1056 London 1891-96 via NLS",
    "disputed": false,
    "views": [
     "opus-s:m18_131081_87131@463,899=26.9(m)"
    ],
    "notes": "park entrance near Lodge and D.F.; dot above figure; second digit 6 at 9-10x (like 26·9 on Portway), blocky ambiguous"
   },
   "geometry": {
    "type": "Point",
    "coordinates": [
     0.014846,
     51.5373552
    ]
   }
  },
  {
   "type": "Feature",
   "properties": {
    "id": "sh_541360_183972",
    "type": "bench_mark",
    "value_ft": 33.94,
    "raw": "B.M.33·94",
    "confidence": "high",
    "n_readings": 3,
    "readers": [
     "opus-m",
     "opus-n",
     "opus-p"
    ],
    "mosaics": [
     "m18_131096_87131",
     "m18_131096_87134"
    ],
    "bng_e": 541359.88,
    "bng_n": 183972.05,
    "spread_m": 0.39,
    "datum": "OD Liverpool",
    "source": "OS 1:1056 London 1891-96 via NLS",
    "disputed": true,
    "values": [
     33.84,
     33.94
    ],
    "values_by_reader": {
     "opus-m": [
      33.94
     ],
     "opus-n": [
      33.94
     ],
     "opus-p": [
      33.84
     ]
    },
    "views": [
     "opus-m:m18_131096_87131@716,1019=33.94(h)",
     "opus-n:m18_131096_87134@717,250=33.94(m)",
     "opus-p:m18_131096_87134@716,249=33.84(l)"
    ],
    "notes": "south edge between Waterloo and Walpole Roads; pheon on house frontage below text, whole inside mosaic"
   },
   "geometry": {
    "type": "Point",
    "coordinates": [
     0.0368044,
     51.5369582
    ]
   }
  },
  {
   "type": "Feature",
   "properties": {
    "id": "sh_537431_183971",
    "type": "spot",
    "value_ft": 17.1,
    "raw": "17·1",
    "confidence": "high",
    "n_readings": 2,
    "readers": [
     "opus-g",
     "opus-j"
    ],
    "mosaics": [
     "m18_131054_87131",
     "m18_131057_87131"
    ],
    "bng_e": 537430.96,
    "bng_n": 183971.49,
    "spread_m": 0.53,
    "datum": "OD Liverpool",
    "source": "OS 1:1056 London 1891-96 via NLS",
    "disputed": false,
    "views": [
     "opus-j:m18_131054_87131@916,730=17.1(h)",
     "opus-g:m18_131057_87131@146,728=17.1(h)"
    ],
    "notes": "east of the Cut, by the bridge/culvert where the embanked path crosses the ditch; dot left of figures, 8x"
   },
   "geometry": {
    "type": "Point",
    "coordinates": [
     -0.0198081,
     51.5379225
    ]
   }
  },
  {
   "type": "Feature",
   "properties": {
    "id": "sh_537585_183966",
    "type": "spot",
    "value_ft": 13.5,
    "raw": "13·5",
    "confidence": "high",
    "n_readings": 1,
    "readers": [
     "opus-g"
    ],
    "mosaics": [
     "m18_131057_87131"
    ],
    "bng_e": 537585.22,
    "bng_n": 183966.39,
    "spread_m": 0.0,
    "datum": "OD Liverpool",
    "source": "OS 1:1056 London 1891-96 via NLS",
    "disputed": false,
    "views": [
     "opus-g:m18_131057_87131@561,754=13.5(h)"
    ],
    "notes": "track between drains; isolated dot left of figures; 7x"
   },
   "geometry": {
    "type": "Point",
    "coordinates": [
     -0.0175872,
     51.537839
    ]
   }
  },
  {
   "type": "Feature",
   "properties": {
    "id": "sh_540535_183964",
    "type": "bench_mark",
    "value_ft": 33.15,
    "raw": "B.M.33·15",
    "confidence": "high",
    "n_readings": 4,
    "readers": [
     "opus-k",
     "opus-l",
     "opus-n"
    ],
    "mosaics": [
     "m18_131087_87131",
     "m18_131087_87134",
     "m18_131090_87131",
     "m18_131090_87134"
    ],
    "bng_e": 540535.06,
    "bng_n": 183963.63,
    "spread_m": 0.46,
    "datum": "OD Liverpool",
    "source": "OS 1:1056 London 1891-96 via NLS",
    "disputed": false,
    "views": [
     "opus-n:m18_131087_87134@804,211=33.15(h)",
     "opus-k:m18_131090_87131@36,978=33.15(h)",
     "opus-l:m18_131087_87131@804,979=33.15(m)",
     "opus-l:m18_131090_87134@37,212=33.15(m)"
    ],
    "notes": "north-west corner of the terrace east of St John's Church; pheon left of text pointing down to the building line; digits clear at 10x"
   },
   "geometry": {
    "type": "Point",
    "coordinates": [
     0.0249164,
     51.5370883
    ]
   }
  },
  {
   "type": "Feature",
   "properties": {
    "id": "sh_540937_183963",
    "type": "spot",
    "value_ft": 31.4,
    "raw": "31·4",
    "confidence": "high",
    "n_readings": 3,
    "readers": [
     "opus-k",
     "opus-m",
     "opus-n"
    ],
    "mosaics": [
     "m18_131093_87131",
     "m18_131093_87134"
    ],
    "bng_e": 540936.7,
    "bng_n": 183962.89,
    "spread_m": 0.0,
    "datum": "OD Liverpool",
    "source": "OS 1:1056 London 1891-96 via NLS",
    "disputed": false,
    "views": [
     "opus-k:m18_131093_87131@347,1011=31.4(h)",
     "opus-m:m18_131093_87134@347,243=31.4(h)",
     "opus-n:m18_131093_87134@347,243=31.4(h)"
    ],
    "notes": "open ground near south edge; dot left of figure; figure whole ~10 px above the edge"
   },
   "geometry": {
    "type": "Point",
    "coordinates": [
     0.0307033,
     51.5369815
    ]
   }
  },
  {
   "type": "Feature",
   "properties": {
    "id": "sh_540496_183962",
    "type": "spot",
    "value_ft": 31.2,
    "raw": "31·2",
    "confidence": "medium",
    "n_readings": 2,
    "readers": [
     "opus-l",
     "opus-n"
    ],
    "mosaics": [
     "m18_131087_87131",
     "m18_131087_87134"
    ],
    "bng_e": 540496.3,
    "bng_n": 183962.0,
    "spread_m": 1.45,
    "datum": "OD Liverpool",
    "source": "OS 1:1056 London 1891-96 via NLS",
    "disputed": false,
    "views": [
     "opus-l:m18_131087_87131@703,983=31.2(m)",
     "opus-n:m18_131087_87134@697,210=31.2(m)"
    ],
    "notes": "road along the Division of Parly. Boro. & Ward Bdy. line (south edge); dot at 700,976 lies between boundary dashes, position = centre of figures; 8x"
   },
   "geometry": {
    "type": "Point",
    "coordinates": [
     0.0243572,
     51.5370833
    ]
   }
  },
  {
   "type": "Feature",
   "properties": {
    "id": "sh_538386_183962",
    "type": "spot",
    "value_ft": 13.9,
    "raw": "13·9",
    "confidence": "medium",
    "n_readings": 1,
    "readers": [
     "opus-b"
    ],
    "mosaics": [
     "m18_131066_87134"
    ],
    "bng_e": 538386.14,
    "bng_n": 183961.79,
    "spread_m": 0.0,
    "datum": "OD Liverpool",
    "source": "OS 1:1056 London 1891-96 via NLS",
    "disputed": false,
    "views": [
     "opus-b:m18_131066_87134@408,57=13.9(m)"
    ],
    "notes": "Carpenters Road; dot taken as the interpunct in 'E·N' of CARPENTERS (a fainter speck below-left of the figures is the alternative)"
   },
   "geometry": {
    "type": "Point",
    "coordinates": [
     -0.0060484,
     51.5376021
    ]
   }
  },
  {
   "type": "Feature",
   "properties": {
    "id": "sh_538820_183961",
    "type": "spot",
    "value_ft": 13.6,
    "raw": "13·6",
    "confidence": "high",
    "n_readings": 4,
    "readers": [
     "opus-b",
     "opus-g",
     "opus-j",
     "opus-k"
    ],
    "mosaics": [
     "m18_131069_87131",
     "m18_131069_87134",
     "m18_131072_87131"
    ],
    "bng_e": 538819.77,
    "bng_n": 183961.47,
    "spread_m": 0.29,
    "datum": "OD Liverpool",
    "source": "OS 1:1056 London 1891-96 via NLS",
    "disputed": false,
    "views": [
     "opus-g:m18_131069_87131@805,858=13.6(h)",
     "opus-k:m18_131069_87131@804,858=13.6(h)",
     "opus-b:m18_131069_87134@805,90=13.6(h)",
     "opus-j:m18_131072_87131@37,857=13.6(h)"
    ],
    "notes": "road beside Stratford Market Station; dot above-left of figures; 7x"
   },
   "geometry": {
    "type": "Point",
    "coordinates": [
     0.0001998,
     51.5374929
    ]
   }
  },
  {
   "type": "Feature",
   "properties": {
    "id": "sh_541438_183960",
    "type": "spot",
    "value_ft": 32.0,
    "raw": "32·0",
    "confidence": "high",
    "n_readings": 3,
    "readers": [
     "opus-n",
     "opus-p",
     "opus-r"
    ],
    "mosaics": [
     "m18_131096_87134",
     "m18_131099_87134"
    ],
    "bng_e": 541438.4,
    "bng_n": 183959.88,
    "spread_m": 0.63,
    "datum": "OD Liverpool",
    "source": "OS 1:1056 London 1891-96 via NLS",
    "disputed": false,
    "views": [
     "opus-n:m18_131096_87134@926,288=32.0(h)",
     "opus-p:m18_131096_87134@928,289=32.0(h)",
     "opus-r:m18_131099_87134@157,289=32.0(h)"
    ],
    "notes": "High Street east; dot left of figure; 8x"
   },
   "geometry": {
    "type": "Point",
    "coordinates": [
     0.0379309,
     51.5368291
    ]
   }
  },
  {
   "type": "Feature",
   "properties": {
    "id": "sh_538381_183956",
    "type": "spot",
    "value_ft": 13.9,
    "raw": "13·9",
    "confidence": "high",
    "n_readings": 2,
    "readers": [
     "opus-d",
     "opus-e"
    ],
    "mosaics": [
     "m18_131066_87131",
     "m18_131066_87134"
    ],
    "bng_e": 538380.52,
    "bng_n": 183956.07,
    "spread_m": 0.19,
    "datum": "OD Liverpool",
    "source": "OS 1:1056 London 1891-96 via NLS",
    "disputed": false,
    "views": [
     "opus-d:m18_131066_87134@392,72=13.9(h)",
     "opus-e:m18_131066_87131@393,840=13.9(m)"
    ],
    "notes": "Carpenters Road by the Mission Ch.; dot below-left of figures at 8x (the dot at 404,57 is the E·N interpunct of C·A·R·P·E·N·T·E·R'S, not used)"
   },
   "geometry": {
    "type": "Point",
    "coordinates": [
     -0.0061315,
     51.5375521
    ]
   }
  },
  {
   "type": "Feature",
   "properties": {
    "id": "sh_537371_183955",
    "type": "spot",
    "value_ft": 20.7,
    "raw": "20·7",
    "confidence": "medium",
    "n_readings": 1,
    "readers": [
     "opus-j"
    ],
    "mosaics": [
     "m18_131054_87131"
    ],
    "bng_e": 537370.72,
    "bng_n": 183955.01,
    "spread_m": 0.0,
    "datum": "OD Liverpool",
    "source": "OS 1:1056 London 1891-96 via NLS",
    "disputed": false,
    "views": [
     "opus-j:m18_131054_87131@752,769=20.7(m)"
    ],
    "notes": "path by the Old Ford flood gates below the lock; figures clear; thickened line crossing 8 px below-left of the figures taken as the dot (not certain), 4x and 8x"
   },
   "geometry": {
    "type": "Point",
    "coordinates": [
     -0.0206825,
     51.537789
    ]
   }
  },
  {
   "type": "Feature",
   "properties": {
    "id": "sh_538938_183947",
    "type": "spot",
    "value_ft": 13.6,
    "raw": "13·6",
    "confidence": "medium",
    "n_readings": 1,
    "readers": [
     "opus-j"
    ],
    "mosaics": [
     "m18_131072_87131"
    ],
    "bng_e": 538938.28,
    "bng_n": 183946.79,
    "spread_m": 0.0,
    "datum": "OD Liverpool",
    "source": "OS 1:1056 London 1891-96 via NLS",
    "disputed": false,
    "views": [
     "opus-j:m18_131072_87131@354,906=13.6(m)"
    ],
    "notes": "Albion Street junction between two F.P.s; dot above the figures, close under an F.P."
   },
   "geometry": {
    "type": "Point",
    "coordinates": [
     0.0019017,
     51.5373319
    ]
   }
  },
  {
   "type": "Feature",
   "properties": {
    "id": "sh_540414_183947",
    "type": "spot",
    "value_ft": 30.7,
    "raw": "30·7",
    "confidence": "high",
    "n_readings": 2,
    "readers": [
     "opus-l",
     "opus-n"
    ],
    "mosaics": [
     "m18_131087_87131",
     "m18_131087_87134"
    ],
    "bng_e": 540414.07,
    "bng_n": 183946.55,
    "spread_m": 1.05,
    "datum": "OD Liverpool",
    "source": "OS 1:1056 London 1891-96 via NLS",
    "disputed": false,
    "views": [
     "opus-n:m18_131087_87134@476,246=30.7(h)",
     "opus-l:m18_131087_87131@480,1018=30.7(m)"
    ],
    "notes": "road east of Upton Cross (Parly. Boro. & Ward boundary road, plain dashes); dot directly above figure"
   },
   "geometry": {
    "type": "Point",
    "coordinates": [
     0.0231663,
     51.5369648
    ]
   }
  },
  {
   "type": "Feature",
   "properties": {
    "id": "sh_541221_183945",
    "type": "spot",
    "value_ft": 30.6,
    "raw": "30·6",
    "confidence": "medium",
    "n_readings": 2,
    "readers": [
     "opus-n",
     "opus-p"
    ],
    "mosaics": [
     "m18_131096_87134"
    ],
    "bng_e": 541221.26,
    "bng_n": 183945.17,
    "spread_m": 0.83,
    "datum": "OD Liverpool",
    "source": "OS 1:1056 London 1891-96 via NLS",
    "disputed": false,
    "views": [
     "opus-n:m18_131096_87134@343,314=30.6(m)",
     "opus-p:m18_131096_87134@341,310=30.6(m)"
    ],
    "notes": "Green Street; small dot above figure lies on the spacing of the boundary-dot line; position = centre of figures"
   },
   "geometry": {
    "type": "Point",
    "coordinates": [
     0.0347963,
     51.5367513
    ]
   }
  },
  {
   "type": "Feature",
   "properties": {
    "id": "sh_538402_183944",
    "type": "spot",
    "value_ft": 14.1,
    "raw": "14·1",
    "confidence": "medium",
    "n_readings": 3,
    "readers": [
     "opus-b",
     "opus-d",
     "opus-e"
    ],
    "mosaics": [
     "m18_131066_87131",
     "m18_131066_87134"
    ],
    "bng_e": 538401.77,
    "bng_n": 183943.77,
    "spread_m": 0.51,
    "datum": "OD Liverpool",
    "source": "OS 1:1056 London 1891-96 via NLS",
    "disputed": false,
    "views": [
     "opus-e:m18_131066_87131@448,874=14.1(m)",
     "opus-b:m18_131066_87134@448,107=14.1(m)",
     "opus-d:m18_131066_87134@450,107=14.1(m)"
    ],
    "notes": "Carpenter's Road; the survey dot is taken as the interpunct '·E' of CARPENTER'S below-left; digits clear at 10x"
   },
   "geometry": {
    "type": "Point",
    "coordinates": [
     -0.0058302,
     51.5374364
    ]
   }
  },
  {
   "type": "Feature",
   "properties": {
    "id": "sh_539669_183943",
    "type": "spot",
    "value_ft": 26.2,
    "raw": "26·2",
    "confidence": "medium",
    "n_readings": 1,
    "readers": [
     "opus-s"
    ],
    "mosaics": [
     "m18_131081_87131"
    ],
    "bng_e": 539668.84,
    "bng_n": 183942.7,
    "spread_m": 0.0,
    "datum": "OD Liverpool",
    "source": "OS 1:1056 London 1891-96 via NLS",
    "disputed": false,
    "views": [
     "opus-s:m18_131081_87131@12,971=26.2(m)"
    ],
    "notes": "Portway at C.R. near west edge; only nearby dots belong to the dash-dot parliamentary/ward boundary; position = centre of figures"
   },
   "geometry": {
    "type": "Point",
    "coordinates": [
     0.0124267,
     51.537115
    ]
   }
  },
  {
   "type": "Feature",
   "properties": {
    "id": "sh_539704_183942",
    "type": "spot",
    "value_ft": 26.2,
    "raw": "26·2",
    "confidence": "medium",
    "n_readings": 1,
    "readers": [
     "opus-s"
    ],
    "mosaics": [
     "m18_131081_87131"
    ],
    "bng_e": 539704.22,
    "bng_n": 183942.19,
    "spread_m": 0.0,
    "datum": "OD Liverpool",
    "source": "OS 1:1056 London 1891-96 via NLS",
    "disputed": false,
    "views": [
     "opus-s:m18_131081_87131@107,975=26.2(m)"
    ],
    "notes": "Portway; nearby dots belong to the boundary and an F.P.; position = centre of figures"
   },
   "geometry": {
    "type": "Point",
    "coordinates": [
     0.0129363,
     51.5371016
    ]
   }
  },
  {
   "type": "Feature",
   "properties": {
    "id": "sh_540053_183942",
    "type": "spot",
    "value_ft": 28.7,
    "raw": "28·7",
    "confidence": "high",
    "n_readings": 2,
    "readers": [
     "opus-o",
     "opus-q"
    ],
    "mosaics": [
     "m18_131084_87131",
     "m18_131084_87134"
    ],
    "bng_e": 540053.45,
    "bng_n": 183941.6,
    "spread_m": 0.19,
    "datum": "OD Liverpool",
    "source": "OS 1:1056 London 1891-96 via NLS",
    "disputed": false,
    "views": [
     "opus-q:m18_131084_87134@277,235=28.7(h)",
     "opus-o:m18_131084_87131@277,1002=28.7(m)"
    ],
    "notes": "road along the south edge of West Ham Park, by the Lodge; digits clear at 8x; dot directly above figure in a gap of the dashed line"
   },
   "geometry": {
    "type": "Point",
    "coordinates": [
     0.0179681,
     51.5370099
    ]
   }
  },
  {
   "type": "Feature",
   "properties": {
    "id": "sh_539756_183941",
    "type": "spot",
    "value_ft": 26.3,
    "raw": "26·3",
    "confidence": "medium",
    "n_readings": 1,
    "readers": [
     "opus-s"
    ],
    "mosaics": [
     "m18_131081_87131"
    ],
    "bng_e": 539756.36,
    "bng_n": 183941.4,
    "spread_m": 0.0,
    "datum": "OD Liverpool",
    "source": "OS 1:1056 London 1891-96 via NLS",
    "disputed": false,
    "views": [
     "opus-s:m18_131081_87131@247,981=26.3(m)"
    ],
    "notes": "Portway below \"Ward Bdy.\"; dot above belongs to the dash-dot boundary; position = centre of figures; open 3 clear at 12x"
   },
   "geometry": {
    "type": "Point",
    "coordinates": [
     0.0136873,
     51.5370816
    ]
   }
  },
  {
   "type": "Feature",
   "properties": {
    "id": "sh_538174_183941",
    "type": "spot",
    "value_ft": 14.9,
    "raw": "14·9",
    "confidence": "medium",
    "n_readings": 2,
    "readers": [
     "opus-b",
     "opus-d"
    ],
    "mosaics": [
     "m18_131063_87131",
     "m18_131063_87134"
    ],
    "bng_e": 538174.5,
    "bng_n": 183940.8,
    "spread_m": 0.37,
    "datum": "OD Liverpool",
    "source": "OS 1:1056 London 1891-96 via NLS",
    "disputed": false,
    "views": [
     "opus-d:m18_131063_87131@606,867=14.9(m)",
     "opus-b:m18_131063_87134@606,97=14.9(m)"
    ],
    "notes": "Warton Road at the railway (Western Junction); figures clear at 8x; no dot of its own (S.P. dots above not used), position = centre of figures"
   },
   "geometry": {
    "type": "Point",
    "coordinates": [
     -0.0091061,
     51.5374653
    ]
   }
  },
  {
   "type": "Feature",
   "properties": {
    "id": "sh_539788_183940",
    "type": "spot",
    "value_ft": 26.4,
    "raw": "26·4",
    "confidence": "medium",
    "n_readings": 1,
    "readers": [
     "opus-s"
    ],
    "mosaics": [
     "m18_131081_87131"
    ],
    "bng_e": 539788.41,
    "bng_n": 183940.42,
    "spread_m": 0.0,
    "datum": "OD Liverpool",
    "source": "OS 1:1056 London 1891-96 via NLS",
    "disputed": false,
    "views": [
     "opus-s:m18_131081_87131@333,986=26.4(m)"
    ],
    "notes": "Portway; dots nearby are boundary dot and F.P. dot; position = centre of figures"
   },
   "geometry": {
    "type": "Point",
    "coordinates": [
     0.0141487,
     51.5370649
    ]
   }
  },
  {
   "type": "Feature",
   "properties": {
    "id": "sh_541066_183939",
    "type": "spot",
    "value_ft": 31.2,
    "raw": "31·2",
    "confidence": "medium",
    "n_readings": 2,
    "readers": [
     "opus-m",
     "opus-n"
    ],
    "mosaics": [
     "m18_131093_87134"
    ],
    "bng_e": 541065.64,
    "bng_n": 183938.62,
    "spread_m": 0.19,
    "datum": "OD Liverpool",
    "source": "OS 1:1056 London 1891-96 via NLS",
    "disputed": false,
    "views": [
     "opus-m:m18_131093_87134@692,318=31.2(m)",
     "opus-n:m18_131093_87134@691,318=31.2(m)"
    ],
    "notes": "PERCY ROAD; the only dot lies between the E and R of PERCY (interpunct acting as survey dot), ~20 px right of figure"
   },
   "geometry": {
    "type": "Point",
    "coordinates": [
     0.0325513,
     51.5367313
    ]
   }
  },
  {
   "type": "Feature",
   "properties": {
    "id": "sh_539828_183938",
    "type": "spot",
    "value_ft": 26.9,
    "raw": "26·9",
    "confidence": "medium",
    "n_readings": 1,
    "readers": [
     "opus-s"
    ],
    "mosaics": [
     "m18_131081_87131"
    ],
    "bng_e": 539827.57,
    "bng_n": 183937.79,
    "spread_m": 0.0,
    "datum": "OD Liverpool",
    "source": "OS 1:1056 London 1891-96 via NLS",
    "disputed": false,
    "views": [
     "opus-s:m18_131081_87131@438,996=26.9(m)"
    ],
    "notes": "Portway at park Lodge; dot beside boundary dash; position = centre of figures; 6 at 9x smoothed and blocky"
   },
   "geometry": {
    "type": "Point",
    "coordinates": [
     0.0147119,
     51.5370316
    ]
   }
  },
  {
   "type": "Feature",
   "properties": {
    "id": "sh_541490_183935",
    "type": "spot",
    "value_ft": 32.2,
    "raw": "32·2",
    "confidence": "high",
    "n_readings": 1,
    "readers": [
     "opus-r"
    ],
    "mosaics": [
     "m18_131099_87134"
    ],
    "bng_e": 541490.36,
    "bng_n": 183934.84,
    "spread_m": 0.0,
    "datum": "OD Liverpool",
    "source": "OS 1:1056 London 1891-96 via NLS",
    "disputed": false,
    "views": [
     "opus-r:m18_131099_87134@296,360=32.2(h)"
    ],
    "notes": "by survey triangle N of Mission Hall; dot left of figure; 8x"
   },
   "geometry": {
    "type": "Point",
    "coordinates": [
     0.0386694,
     51.5365911
    ]
   }
  },
  {
   "type": "Feature",
   "properties": {
    "id": "sh_539765_183935",
    "type": "bench_mark",
    "value_ft": 27.23,
    "raw": "B.M.27·23",
    "confidence": "high",
    "n_readings": 1,
    "readers": [
     "opus-s"
    ],
    "mosaics": [
     "m18_131081_87131"
    ],
    "bng_e": 539765.48,
    "bng_n": 183934.59,
    "spread_m": 0.0,
    "datum": "OD Liverpool",
    "source": "OS 1:1056 London 1891-96 via NLS",
    "disputed": false,
    "views": [
     "opus-s:m18_131081_87131@271,1000=27.23(h)"
    ],
    "notes": "house on south side of Portway; pheon on wall right of text; digits clear at 12x"
   },
   "geometry": {
    "type": "Point",
    "coordinates": [
     0.0138161,
     51.5370182
    ]
   }
  },
  {
   "type": "Feature",
   "properties": {
    "id": "sh_539927_183935",
    "type": "bench_mark",
    "value_ft": 28.34,
    "raw": "B.M.28·34",
    "confidence": "low",
    "n_readings": 1,
    "readers": [
     "opus-s"
    ],
    "mosaics": [
     "m18_131081_87131"
    ],
    "bng_e": 539927.06,
    "bng_n": 183934.59,
    "spread_m": 0.0,
    "datum": "OD Liverpool",
    "source": "OS 1:1056 London 1891-96 via NLS",
    "disputed": false,
    "views": [
     "opus-s:m18_131081_87131@705,1012=28.34(l)"
    ],
    "notes": "The Cedars frontage on Portway; pheon on wall ~30 px left of text; second digit 8 in blocky but reads 6 smoothed; near south edge"
   },
   "geometry": {
    "type": "Point",
    "coordinates": [
     0.0161442,
     51.5369782
    ]
   }
  },
  {
   "type": "Feature",
   "properties": {
    "id": "sh_540137_183934",
    "type": "spot",
    "value_ft": 28.4,
    "raw": "28·4",
    "confidence": "high",
    "n_readings": 1,
    "readers": [
     "opus-q"
    ],
    "mosaics": [
     "m18_131084_87134"
    ],
    "bng_e": 540137.43,
    "bng_n": 183934.08,
    "spread_m": 0.0,
    "datum": "OD Liverpool",
    "source": "OS 1:1056 London 1891-96 via NLS",
    "disputed": false,
    "views": [
     "opus-q:m18_131084_87134@502,261=28.4(h)"
    ],
    "notes": "park road at the head of the road past the Congregational Church; digits clear at 8x; dot directly above figure"
   },
   "geometry": {
    "type": "Point",
    "coordinates": [
     0.0191751,
     51.5369215
    ]
   }
  },
  {
   "type": "Feature",
   "properties": {
    "id": "sh_540347_183933",
    "type": "spot",
    "value_ft": 30.3,
    "raw": "30·3",
    "confidence": "medium",
    "n_readings": 1,
    "readers": [
     "opus-n"
    ],
    "mosaics": [
     "m18_131087_87134"
    ],
    "bng_e": 540346.69,
    "bng_n": 183932.8,
    "spread_m": 0.0,
    "datum": "OD Liverpool",
    "source": "OS 1:1056 London 1891-96 via NLS",
    "disputed": false,
    "views": [
     "opus-n:m18_131087_87134@296,280=30.3(m)"
    ],
    "notes": "Upton Cross junction; no separate dot found at 8x; position = centre of figures; last 3 matches first 3 at 12-16x"
   },
   "geometry": {
    "type": "Point",
    "coordinates": [
     0.0221899,
     51.5368581
    ]
   }
  },
  {
   "type": "Feature",
   "properties": {
    "id": "sh_540107_183932",
    "type": "bench_mark",
    "value_ft": 29.68,
    "raw": "B.M.29·68",
    "confidence": "high",
    "n_readings": 1,
    "readers": [
     "opus-q"
    ],
    "mosaics": [
     "m18_131084_87134"
    ],
    "bng_e": 540106.94,
    "bng_n": 183932.49,
    "spread_m": 0.0,
    "datum": "OD Liverpool",
    "source": "OS 1:1056 London 1891-96 via NLS",
    "disputed": false,
    "views": [
     "opus-q:m18_131084_87134@420,263=29.68(h)"
    ],
    "notes": "house front on the south side of the park road; text 405-432,280-290; pheon apex 17 px above text at the building line; digits clear at 8x"
   },
   "geometry": {
    "type": "Point",
    "coordinates": [
     0.0187352,
     51.5369148
    ]
   }
  },
  {
   "type": "Feature",
   "properties": {
    "id": "sh_539886_183932",
    "type": "spot",
    "value_ft": 27.4,
    "raw": "27·4",
    "confidence": "medium",
    "n_readings": 1,
    "readers": [
     "opus-s"
    ],
    "mosaics": [
     "m18_131081_87131"
    ],
    "bng_e": 539885.81,
    "bng_n": 183931.97,
    "spread_m": 0.0,
    "datum": "OD Liverpool",
    "source": "OS 1:1056 London 1891-96 via NLS",
    "disputed": false,
    "views": [
     "opus-s:m18_131081_87131@594,1016=27.4(m)"
    ],
    "notes": "Portway; figure beside survey-station triangle, position = triangle centre; figure ends ~4 px above south edge"
   },
   "geometry": {
    "type": "Point",
    "coordinates": [
     0.0155488,
     51.5369648
    ]
   }
  },
  {
   "type": "Feature",
   "properties": {
    "id": "sh_540317_183930",
    "type": "bench_mark",
    "value_ft": 31.91,
    "raw": "B.M.31·91",
    "confidence": "high",
    "n_readings": 2,
    "readers": [
     "opus-n",
     "opus-q"
    ],
    "mosaics": [
     "m18_131084_87134",
     "m18_131087_87134"
    ],
    "bng_e": 540317.36,
    "bng_n": 183929.95,
    "spread_m": 0.56,
    "datum": "OD Liverpool",
    "source": "OS 1:1056 London 1891-96 via NLS",
    "disputed": false,
    "views": [
     "opus-q:m18_131084_87134@985,284=31.91(h)",
     "opus-n:m18_131087_87134@217,287=31.91(h)"
    ],
    "notes": "wall at L.B. by All Saints' Vicarage; text 970-1000,304; pheon apex 985,284 at 8x"
   },
   "geometry": {
    "type": "Point",
    "coordinates": [
     0.0217661,
     51.5368397
    ]
   }
  },
  {
   "type": "Feature",
   "properties": {
    "id": "sh_540268_183929",
    "type": "spot",
    "value_ft": 30.8,
    "raw": "30·8",
    "confidence": "high",
    "n_readings": 2,
    "readers": [
     "opus-n",
     "opus-q"
    ],
    "mosaics": [
     "m18_131084_87134",
     "m18_131087_87134"
    ],
    "bng_e": 540267.5,
    "bng_n": 183929.13,
    "spread_m": 0.37,
    "datum": "OD Liverpool",
    "source": "OS 1:1056 London 1891-96 via NLS",
    "disputed": true,
    "values": [
     30.6,
     30.8
    ],
    "values_by_reader": {
     "opus-n": [
      30.6
     ],
     "opus-q": [
      30.8
     ]
    },
    "views": [
     "opus-q:m18_131084_87134@851,285=30.8(h)",
     "opus-n:m18_131087_87134@83,283=30.6(l)"
    ],
    "notes": "park road opposite All Saints' Vicarage; final 8 closed at 8x/12x; dot above figure"
   },
   "geometry": {
    "type": "Point",
    "coordinates": [
     0.0210473,
     51.5368447
    ]
   }
  },
  {
   "type": "Feature",
   "properties": {
    "id": "sh_540212_183929",
    "type": "spot",
    "value_ft": 29.6,
    "raw": "29·6",
    "confidence": "medium",
    "n_readings": 1,
    "readers": [
     "opus-q"
    ],
    "mosaics": [
     "m18_131084_87134"
    ],
    "bng_e": 540212.02,
    "bng_n": 183929.08,
    "spread_m": 0.0,
    "datum": "OD Liverpool",
    "source": "OS 1:1056 London 1891-96 via NLS",
    "disputed": false,
    "views": [
     "opus-q:m18_131084_87134@702,280=29.6(m)"
    ],
    "notes": "park road at Park Grove; digits clear at 8x; dot not certain (blob at end of a dash 702,272 and F.P. dot below), position = figure centre"
   },
   "geometry": {
    "type": "Point",
    "coordinates": [
     0.020248,
     51.5368581
    ]
   }
  },
  {
   "type": "Feature",
   "properties": {
    "id": "sh_538609_183926",
    "type": "spot",
    "value_ft": 18.4,
    "raw": "18·4",
    "confidence": "high",
    "n_readings": 5,
    "readers": [
     "opus-b",
     "opus-d",
     "opus-e",
     "opus-g",
     "opus-k"
    ],
    "mosaics": [
     "m18_131066_87131",
     "m18_131066_87134",
     "m18_131069_87131",
     "m18_131069_87134"
    ],
    "bng_e": 538609.16,
    "bng_n": 183925.54,
    "spread_m": 0.7,
    "datum": "OD Liverpool",
    "source": "OS 1:1056 London 1891-96 via NLS",
    "disputed": false,
    "views": [
     "opus-g:m18_131069_87131@237,940=18.4(h)",
     "opus-k:m18_131069_87131@236,940=18.4(h)",
     "opus-e:m18_131066_87131@1003,939=18.4(m)",
     "opus-d:m18_131066_87134@1006,170=18.4(m)",
     "opus-b:m18_131069_87134@236,170=18.4(m)"
    ],
    "notes": "tramway south-west; dot on the rail left of figures; 7x"
   },
   "geometry": {
    "type": "Point",
    "coordinates": [
     -0.002849,
     51.5372218
    ]
   }
  },
  {
   "type": "Feature",
   "properties": {
    "id": "sh_539965_183925",
    "type": "spot",
    "value_ft": 28.6,
    "raw": "28·6",
    "confidence": "high",
    "n_readings": 1,
    "readers": [
     "opus-q"
    ],
    "mosaics": [
     "m18_131084_87134"
    ],
    "bng_e": 539964.55,
    "bng_n": 183925.22,
    "spread_m": 0.0,
    "datum": "OD Liverpool",
    "source": "OS 1:1056 London 1891-96 via NLS",
    "disputed": false,
    "views": [
     "opus-q:m18_131084_87134@37,272=28.6(h)"
    ],
    "notes": "same road at the west end by the P.O.; digits clear at 8x; dot directly above figure"
   },
   "geometry": {
    "type": "Point",
    "coordinates": [
     0.0166807,
     51.5368847
    ]
   }
  },
  {
   "type": "Feature",
   "properties": {
    "id": "sh_537815_183925",
    "type": "spot",
    "value_ft": 10.6,
    "raw": "10·6",
    "confidence": "high",
    "n_readings": 3,
    "readers": [
     "opus-e",
     "opus-h",
     "opus-i"
    ],
    "mosaics": [
     "m18_131060_87131",
     "m18_131060_87134"
    ],
    "bng_e": 537815.05,
    "bng_n": 183925.09,
    "spread_m": 0.25,
    "datum": "OD Liverpool",
    "source": "OS 1:1056 London 1891-96 via NLS",
    "disputed": false,
    "views": [
     "opus-e:m18_131060_87131@407,882=10.6(h)",
     "opus-i:m18_131060_87134@408,114=10.6(h)",
     "opus-h:m18_131060_87134@407,114=10.6(m)"
    ],
    "notes": "dot at the foot/crest line of the curved east embankment above the City Mill River, figures right; 10x reads 6 not 8"
   },
   "geometry": {
    "type": "Point",
    "coordinates": [
     -0.0142917,
     51.5374119
    ]
   }
  },
  {
   "type": "Feature",
   "properties": {
    "id": "sh_538901_183923",
    "type": "spot",
    "value_ft": 13.5,
    "raw": "13·5",
    "confidence": "medium",
    "n_readings": 4,
    "readers": [
     "opus-b",
     "opus-g",
     "opus-j",
     "opus-k"
    ],
    "mosaics": [
     "m18_131069_87131",
     "m18_131069_87134",
     "m18_131072_87131"
    ],
    "bng_e": 538900.68,
    "bng_n": 183923.02,
    "spread_m": 3.94,
    "datum": "OD Liverpool",
    "source": "OS 1:1056 London 1891-96 via NLS",
    "disputed": false,
    "views": [
     "opus-j:m18_131072_87131@255,964=13.5(m)",
     "opus-g:m18_131069_87131@1020,965=13.5(l)",
     "opus-k:m18_131069_87131@1022,965=13.5(l)",
     "opus-b:m18_131069_87134@1012,207=13.5(l)"
    ],
    "notes": "Albion Street; dot above-right of figures beside the S of STREET (a second faint dot trails the 5)"
   },
   "geometry": {
    "type": "Point",
    "coordinates": [
     0.0013505,
     51.5371275
    ]
   }
  },
  {
   "type": "Feature",
   "properties": {
    "id": "sh_538420_183923",
    "type": "spot",
    "value_ft": 14.0,
    "raw": "14·0",
    "confidence": "high",
    "n_readings": 3,
    "readers": [
     "opus-b",
     "opus-d",
     "opus-e"
    ],
    "mosaics": [
     "m18_131066_87131",
     "m18_131066_87134"
    ],
    "bng_e": 538420.09,
    "bng_n": 183922.61,
    "spread_m": 0.39,
    "datum": "OD Liverpool",
    "source": "OS 1:1056 London 1891-96 via NLS",
    "disputed": false,
    "views": [
     "opus-e:m18_131066_87131@496,934=14.0(h)",
     "opus-b:m18_131066_87134@496,164=14.0(h)",
     "opus-d:m18_131066_87134@497,165=14.0(m)"
    ],
    "notes": "Carpenter's Road; dot above-right of the figures, 10x"
   },
   "geometry": {
    "type": "Point",
    "coordinates": [
     -0.0055745,
     51.5372418
    ]
   }
  },
  {
   "type": "Feature",
   "properties": {
    "id": "sh_540574_183921",
    "type": "spot",
    "value_ft": 30.6,
    "raw": "30·6",
    "confidence": "high",
    "n_readings": 2,
    "readers": [
     "opus-l",
     "opus-n"
    ],
    "mosaics": [
     "m18_131087_87134",
     "m18_131090_87134"
    ],
    "bng_e": 540573.93,
    "bng_n": 183921.45,
    "spread_m": 0.26,
    "datum": "OD Liverpool",
    "source": "OS 1:1056 London 1891-96 via NLS",
    "disputed": false,
    "views": [
     "opus-n:m18_131087_87134@906,328=30.6(h)",
     "opus-l:m18_131090_87134@137,327=30.6(h)"
    ],
    "notes": "north end of Dacre Road; dot directly above figure; 6 at 8x and 10x"
   },
   "geometry": {
    "type": "Point",
    "coordinates": [
     0.0254595,
     51.5366996
    ]
   }
  },
  {
   "type": "Feature",
   "properties": {
    "id": "sh_538623_183920",
    "type": "bench_mark",
    "value_ft": 18.51,
    "raw": "B.M.18·51",
    "confidence": "medium",
    "n_readings": 3,
    "readers": [
     "opus-b",
     "opus-g",
     "opus-k"
    ],
    "mosaics": [
     "m18_131069_87131",
     "m18_131069_87134"
    ],
    "bng_e": 538623.07,
    "bng_n": 183919.73,
    "spread_m": 1.02,
    "datum": "OD Liverpool",
    "source": "OS 1:1056 London 1891-96 via NLS",
    "disputed": false,
    "views": [
     "opus-g:m18_131069_87131@276,955=18.51(m)",
     "opus-k:m18_131069_87131@272,957=18.51(m)",
     "opus-b:m18_131069_87134@272,187=18.51(m)"
    ],
    "notes": "text over a building by Turnpike Court; no pheon found at 4x +-64; position = centre of text"
   },
   "geometry": {
    "type": "Point",
    "coordinates": [
     -0.0026509,
     51.5371661
    ]
   }
  },
  {
   "type": "Feature",
   "properties": {
    "id": "sh_537107_183919",
    "type": "spot",
    "value_ft": 35.3,
    "raw": "35·3",
    "confidence": "medium",
    "n_readings": 1,
    "readers": [
     "opus-j"
    ],
    "mosaics": [
     "m18_131054_87131"
    ],
    "bng_e": 537106.63,
    "bng_n": 183918.91,
    "spread_m": 0.0,
    "datum": "OD Liverpool",
    "source": "OS 1:1056 London 1891-96 via NLS",
    "disputed": false,
    "views": [
     "opus-j:m18_131054_87131@40,847=35.3(m)"
    ],
    "notes": "Northern Outfall Sewer embankment top at the Wick Lane crossing, west edge; figures clear; no distinct dot (only line junction at 34,856); position = centre of figures"
   },
   "geometry": {
    "type": "Point",
    "coordinates": [
     -0.024502,
     51.5375287
    ]
   }
  },
  {
   "type": "Feature",
   "properties": {
    "id": "sh_538957_183917",
    "type": "spot",
    "value_ft": 14.0,
    "raw": "14·0",
    "confidence": "high",
    "n_readings": 1,
    "readers": [
     "opus-j"
    ],
    "mosaics": [
     "m18_131072_87131"
    ],
    "bng_e": 538956.6,
    "bng_n": 183916.85,
    "spread_m": 0.0,
    "datum": "OD Liverpool",
    "source": "OS 1:1056 London 1891-96 via NLS",
    "disputed": false,
    "views": [
     "opus-j:m18_131072_87131@401,988=14.0(h)"
    ],
    "notes": "Albion Street / Paul Street corner; dot left of figures, with a survey-station triangle at 389,985 just beyond it, 8x"
   },
   "geometry": {
    "type": "Point",
    "coordinates": [
     0.0021538,
     51.5370583
    ]
   }
  },
  {
   "type": "Feature",
   "properties": {
    "id": "sh_541716_183907",
    "type": "spot",
    "value_ft": 26.7,
    "raw": "26·7",
    "confidence": "low",
    "n_readings": 1,
    "readers": [
     "opus-r"
    ],
    "mosaics": [
     "m18_131099_87134"
    ],
    "bng_e": 541716.38,
    "bng_n": 183906.98,
    "spread_m": 0.0,
    "datum": "OD Liverpool",
    "source": "OS 1:1056 London 1891-96 via NLS",
    "disputed": false,
    "views": [
     "opus-r:m18_131099_87134@901,452=26.7(l)"
    ],
    "notes": "road N of Plashet Lane terraces (S of railway); dot right of figure; second digit matches the 6 of 36·6 at 16x, not the 8 of 30·8, but 6/8 not certain"
   },
   "geometry": {
    "type": "Point",
    "coordinates": [
     0.0419149,
     51.5362841
    ]
   }
  },
  {
   "type": "Feature",
   "properties": {
    "id": "sh_541549_183905",
    "type": "spot",
    "value_ft": 37.5,
    "raw": "37·5",
    "confidence": "high",
    "n_readings": 1,
    "readers": [
     "opus-r"
    ],
    "mosaics": [
     "m18_131099_87134"
    ],
    "bng_e": 541548.54,
    "bng_n": 183904.52,
    "spread_m": 0.0,
    "datum": "OD Liverpool",
    "source": "OS 1:1056 London 1891-96 via NLS",
    "disputed": false,
    "views": [
     "opus-r:m18_131099_87134@450,446=37.5(h)"
    ],
    "notes": "Plashet Road bridge over the London Tilbury & Southend Railway; dot left of figure; 8x"
   },
   "geometry": {
    "type": "Point",
    "coordinates": [
     0.0394955,
     51.5363042
    ]
   }
  },
  {
   "type": "Feature",
   "properties": {
    "id": "sh_538861_183899",
    "type": "spot",
    "value_ft": 13.5,
    "raw": "13·5",
    "confidence": "medium",
    "n_readings": 1,
    "readers": [
     "opus-b"
    ],
    "mosaics": [
     "m18_131069_87134"
    ],
    "bng_e": 538860.67,
    "bng_n": 183898.63,
    "spread_m": 0.0,
    "datum": "OD Liverpool",
    "source": "OS 1:1056 London 1891-96 via NLS",
    "disputed": false,
    "views": [
     "opus-b:m18_131069_87134@910,262=13.5(m)"
    ],
    "notes": "Bridge Road at Albion Street; dot below-left (the second dot belongs to F.P.)"
   },
   "geometry": {
    "type": "Point",
    "coordinates": [
     0.0007644,
     51.5369181
    ]
   }
  },
  {
   "type": "Feature",
   "properties": {
    "id": "sh_537363_183897",
    "type": "spot",
    "value_ft": 15.2,
    "raw": "15·2",
    "confidence": "medium",
    "n_readings": 1,
    "readers": [
     "opus-j"
    ],
    "mosaics": [
     "m18_131054_87131"
    ],
    "bng_e": 537362.98,
    "bng_n": 183897.25,
    "spread_m": 0.0,
    "datum": "OD Liverpool",
    "source": "OS 1:1056 London 1891-96 via NLS",
    "disputed": false,
    "views": [
     "opus-j:m18_131054_87131@727,924=15.2(m)"
    ],
    "notes": "beside the road east of Crown Wharf (Chemical Works); no dot found in a +-55 px search at 4x; position = centre of figures"
   },
   "geometry": {
    "type": "Point",
    "coordinates": [
     -0.0208166,
     51.5372718
    ]
   }
  },
  {
   "type": "Feature",
   "properties": {
    "id": "sh_541569_183895",
    "type": "spot",
    "value_ft": 36.6,
    "raw": "36·6",
    "confidence": "medium",
    "n_readings": 1,
    "readers": [
     "opus-r"
    ],
    "mosaics": [
     "m18_131099_87134"
    ],
    "bng_e": 541568.9,
    "bng_n": 183895.44,
    "spread_m": 0.0,
    "datum": "OD Liverpool",
    "source": "OS 1:1056 London 1891-96 via NLS",
    "disputed": false,
    "views": [
     "opus-r:m18_131099_87134@504,472=36.6(m)"
    ],
    "notes": "Plashet Road bridge S approach, dot below between A and S of PLASHET (interpunct position); 8x/16x"
   },
   "geometry": {
    "type": "Point",
    "coordinates": [
     0.0397852,
     51.5362174
    ]
   }
  },
  {
   "type": "Feature",
   "properties": {
    "id": "sh_538666_183895",
    "type": "spot",
    "value_ft": 12.7,
    "raw": "12·7",
    "confidence": "high",
    "n_readings": 1,
    "readers": [
     "opus-b"
    ],
    "mosaics": [
     "m18_131069_87134"
    ],
    "bng_e": 538666.44,
    "bng_n": 183894.8,
    "spread_m": 0.0,
    "datum": "OD Liverpool",
    "source": "OS 1:1056 London 1891-96 via NLS",
    "disputed": false,
    "views": [
     "opus-b:m18_131069_87134@388,258=12.7(h)"
    ],
    "notes": "Channel Sea Road north end; dot right of figures"
   },
   "geometry": {
    "type": "Point",
    "coordinates": [
     -0.0020358,
     51.5369315
    ]
   }
  },
  {
   "type": "Feature",
   "properties": {
    "id": "sh_538868_183894",
    "type": "bench_mark",
    "value_ft": 14.65,
    "raw": "B.M.14·65",
    "confidence": "high",
    "n_readings": 1,
    "readers": [
     "opus-b"
    ],
    "mosaics": [
     "m18_131069_87134"
    ],
    "bng_e": 538868.24,
    "bng_n": 183894.01,
    "spread_m": 0.0,
    "datum": "OD Liverpool",
    "source": "OS 1:1056 London 1891-96 via NLS",
    "disputed": false,
    "views": [
     "opus-b:m18_131069_87134@930,275=14.65(h)"
    ],
    "notes": "pheon above the text at the corner house, Bridge Road"
   },
   "geometry": {
    "type": "Point",
    "coordinates": [
     0.0008717,
     51.5368747
    ]
   }
  },
  {
   "type": "Feature",
   "properties": {
    "id": "sh_537632_183892",
    "type": "spot",
    "value_ft": 14.0,
    "raw": "14·0",
    "confidence": "medium",
    "n_readings": 2,
    "readers": [
     "opus-g",
     "opus-i"
    ],
    "mosaics": [
     "m18_131057_87131",
     "m18_131057_87134"
    ],
    "bng_e": 537632.27,
    "bng_n": 183892.47,
    "spread_m": 0.42,
    "datum": "OD Liverpool",
    "source": "OS 1:1056 London 1891-96 via NLS",
    "disputed": false,
    "views": [
     "opus-g:m18_131057_87131@681,956=14.0(m)",
     "opus-i:m18_131057_87134@683,189=14.0(m)"
    ],
    "notes": "track by Bone Works; dot 15 px below-left of figures on the bank edge; 7x"
   },
   "geometry": {
    "type": "Point",
    "coordinates": [
     -0.0169381,
     51.5371634
    ]
   }
  },
  {
   "type": "Feature",
   "properties": {
    "id": "sh_538453_183890",
    "type": "bench_mark",
    "value_ft": 14.88,
    "raw": "B.M.14·88",
    "confidence": "high",
    "n_readings": 2,
    "readers": [
     "opus-b",
     "opus-d"
    ],
    "mosaics": [
     "m18_131066_87134"
    ],
    "bng_e": 538453.23,
    "bng_n": 183890.47,
    "spread_m": 0.0,
    "datum": "OD Liverpool",
    "source": "OS 1:1056 London 1891-96 via NLS",
    "disputed": false,
    "views": [
     "opus-b:m18_131066_87134@583,254=14.88(h)",
     "opus-d:m18_131066_87134@583,254=14.88(h)"
    ],
    "notes": "pheon above the text on the terrace corner, Carpenters Road"
   },
   "geometry": {
    "type": "Point",
    "coordinates": [
     -0.0051096,
     51.5369448
    ]
   }
  },
  {
   "type": "Feature",
   "properties": {
    "id": "sh_540305_183890",
    "type": "spot",
    "value_ft": 28.3,
    "raw": "28·3",
    "confidence": "medium",
    "n_readings": 2,
    "readers": [
     "opus-n",
     "opus-q"
    ],
    "mosaics": [
     "m18_131084_87134",
     "m18_131087_87134"
    ],
    "bng_e": 540305.07,
    "bng_n": 183889.69,
    "spread_m": 0.53,
    "datum": "OD Liverpool",
    "source": "OS 1:1056 London 1891-96 via NLS",
    "disputed": true,
    "values": [
     26.3,
     28.3
    ],
    "values_by_reader": {
     "opus-n": [
      26.3
     ],
     "opus-q": [
      28.3
     ]
    },
    "views": [
     "opus-q:m18_131084_87134@950,392=28.3(m)",
     "opus-n:m18_131087_87134@180,394=26.3(m)"
    ],
    "notes": "All Saints' Vicarage grounds, south-east; digits clear at 8x; only dots nearby belong to the F.P., position = centre of figures"
   },
   "geometry": {
    "type": "Point",
    "coordinates": [
     0.021573,
     51.536481
    ]
   }
  },
  {
   "type": "Feature",
   "properties": {
    "id": "sh_538664_183890",
    "type": "bench_mark",
    "value_ft": 13.81,
    "raw": "B.M.13·81",
    "confidence": "high",
    "n_readings": 1,
    "readers": [
     "opus-b"
    ],
    "mosaics": [
     "m18_131069_87134"
    ],
    "bng_e": 538663.98,
    "bng_n": 183889.54,
    "spread_m": 0.0,
    "datum": "OD Liverpool",
    "source": "OS 1:1056 London 1891-96 via NLS",
    "disputed": false,
    "views": [
     "opus-b:m18_131069_87134@381,272=13.81(h)"
    ],
    "notes": "pheon right of the text at the terrace end by the Channel Sea River"
   },
   "geometry": {
    "type": "Point",
    "coordinates": [
     -0.0020733,
     51.5368847
    ]
   }
  },
  {
   "type": "Feature",
   "properties": {
    "id": "sh_540948_183883",
    "type": "spot",
    "value_ft": 30.8,
    "raw": "30·8",
    "confidence": "high",
    "n_readings": 2,
    "readers": [
     "opus-m",
     "opus-n"
    ],
    "mosaics": [
     "m18_131093_87134"
    ],
    "bng_e": 540948.24,
    "bng_n": 183882.63,
    "spread_m": 0.0,
    "datum": "OD Liverpool",
    "source": "OS 1:1056 London 1891-96 via NLS",
    "disputed": false,
    "views": [
     "opus-m:m18_131093_87134@372,460=30.8(h)",
     "opus-n:m18_131093_87134@372,460=30.8(m)"
    ],
    "notes": "open ground; isolated dot left of figure"
   },
   "geometry": {
    "type": "Point",
    "coordinates": [
     0.0308374,
     51.5362574
    ]
   }
  },
  {
   "type": "Feature",
   "properties": {
    "id": "sh_541633_183882",
    "type": "bench_mark",
    "value_ft": 33.54,
    "raw": "B.M.33·54",
    "confidence": "high",
    "n_readings": 1,
    "readers": [
     "opus-r"
    ],
    "mosaics": [
     "m18_131099_87134"
    ],
    "bng_e": 541632.55,
    "bng_n": 183882.36,
    "spread_m": 0.0,
    "datum": "OD Liverpool",
    "source": "OS 1:1056 London 1891-96 via NLS",
    "disputed": false,
    "views": [
     "opus-r:m18_131099_87134@674,512=33.54(h)"
    ],
    "notes": "house front at Plashet Road / Plashet Lane; pheon above-left of text on building line; 8x/12x"
   },
   "geometry": {
    "type": "Point",
    "coordinates": [
     0.0406972,
     51.5360839
    ]
   }
  },
  {
   "type": "Feature",
   "properties": {
    "id": "sh_538815_183881",
    "type": "spot",
    "value_ft": 12.2,
    "raw": "12·2",
    "confidence": "high",
    "n_readings": 1,
    "readers": [
     "opus-b"
    ],
    "mosaics": [
     "m18_131069_87134"
    ],
    "bng_e": 538815.0,
    "bng_n": 183880.67,
    "spread_m": 0.0,
    "datum": "OD Liverpool",
    "source": "OS 1:1056 London 1891-96 via NLS",
    "disputed": false,
    "views": [
     "opus-b:m18_131069_87134@786,307=12.2(h)"
    ],
    "notes": "Channel Sea Road east end; dot left"
   },
   "geometry": {
    "type": "Point",
    "coordinates": [
     9.93e-05,
     51.536768
    ]
   }
  },
  {
   "type": "Feature",
   "properties": {
    "id": "sh_538824_183880",
    "type": "bench_mark",
    "value_ft": 13.62,
    "raw": "B.M.13·62",
    "confidence": "high",
    "n_readings": 1,
    "readers": [
     "opus-b"
    ],
    "mosaics": [
     "m18_131069_87134"
    ],
    "bng_e": 538823.96,
    "bng_n": 183879.8,
    "spread_m": 0.0,
    "datum": "OD Liverpool",
    "source": "OS 1:1056 London 1891-96 via NLS",
    "disputed": false,
    "views": [
     "opus-b:m18_131069_87134@810,310=13.62(h)"
    ],
    "notes": "pheon right of the text at the building corner"
   },
   "geometry": {
    "type": "Point",
    "coordinates": [
     0.000228,
     51.536758
    ]
   }
  },
  {
   "type": "Feature",
   "properties": {
    "id": "sh_538222_183879",
    "type": "spot",
    "value_ft": 14.3,
    "raw": "14·3",
    "confidence": "high",
    "n_readings": 1,
    "readers": [
     "opus-b"
    ],
    "mosaics": [
     "m18_131063_87134"
    ],
    "bng_e": 538222.35,
    "bng_n": 183878.98,
    "spread_m": 0.0,
    "datum": "OD Liverpool",
    "source": "OS 1:1056 London 1891-96 via NLS",
    "disputed": false,
    "views": [
     "opus-b:m18_131063_87134@730,268=14.3(h)"
    ],
    "notes": "Warton Road south of the railway; dot below-left of figures"
   },
   "geometry": {
    "type": "Point",
    "coordinates": [
     -0.0084409,
     51.5368981
    ]
   }
  },
  {
   "type": "Feature",
   "properties": {
    "id": "sh_541648_183878",
    "type": "spot",
    "value_ft": 31.0,
    "raw": "31·0",
    "confidence": "high",
    "n_readings": 1,
    "readers": [
     "opus-r"
    ],
    "mosaics": [
     "m18_131099_87134"
    ],
    "bng_e": 541648.32,
    "bng_n": 183877.6,
    "spread_m": 0.0,
    "datum": "OD Liverpool",
    "source": "OS 1:1056 London 1891-96 via NLS",
    "disputed": false,
    "views": [
     "opus-r:m18_131099_87134@716,526=31.0(h)"
    ],
    "notes": "Plashet Lane N end; dot left of figure; 8x"
   },
   "geometry": {
    "type": "Point",
    "coordinates": [
     0.0409225,
     51.5360372
    ]
   }
  },
  {
   "type": "Feature",
   "properties": {
    "id": "sh_541247_183871",
    "type": "spot",
    "value_ft": 29.8,
    "raw": "29·8",
    "confidence": "medium",
    "n_readings": 2,
    "readers": [
     "opus-n",
     "opus-p"
    ],
    "mosaics": [
     "m18_131096_87134"
    ],
    "bng_e": 541247.35,
    "bng_n": 183870.7,
    "spread_m": 2.06,
    "datum": "OD Liverpool",
    "source": "OS 1:1056 London 1891-96 via NLS",
    "disputed": false,
    "views": [
     "opus-n:m18_131096_87134@412,514=29.8(m)",
     "opus-p:m18_131096_87134@401,515=29.8(m)"
    ],
    "notes": "Green Street between E and N of G R E E N; among large boundary dots; position = centre of figures; last digit 8 in bicubic 12x"
   },
   "geometry": {
    "type": "Point",
    "coordinates": [
     0.0351423,
     51.5360756
    ]
   }
  },
  {
   "type": "Feature",
   "properties": {
    "id": "sh_541485_183867",
    "type": "spot",
    "value_ft": 30.1,
    "raw": "30·1",
    "confidence": "high",
    "n_readings": 1,
    "readers": [
     "opus-r"
    ],
    "mosaics": [
     "m18_131099_87134"
    ],
    "bng_e": 541484.81,
    "bng_n": 183866.73,
    "spread_m": 0.0,
    "datum": "OD Liverpool",
    "source": "OS 1:1056 London 1891-96 via NLS",
    "disputed": false,
    "views": [
     "opus-r:m18_131099_87134@276,543=30.1(h)"
    ],
    "notes": "top of the LT&SR cutting slope at Plashet Road bridge approach; dot on cutting top right of figure; 8x"
   },
   "geometry": {
    "type": "Point",
    "coordinates": [
     0.0385621,
     51.5359805
    ]
   }
  },
  {
   "type": "Feature",
   "properties": {
    "id": "sh_540580_183866",
    "type": "spot",
    "value_ft": 28.2,
    "raw": "28·2",
    "confidence": "high",
    "n_readings": 2,
    "readers": [
     "opus-l",
     "opus-n"
    ],
    "mosaics": [
     "m18_131087_87134",
     "m18_131090_87134"
    ],
    "bng_e": 540579.73,
    "bng_n": 183866.47,
    "spread_m": 0.0,
    "datum": "OD Liverpool",
    "source": "OS 1:1056 London 1891-96 via NLS",
    "disputed": false,
    "views": [
     "opus-n:m18_131087_87134@917,476=28.2(h)",
     "opus-l:m18_131090_87134@149,476=28.2(h)"
    ],
    "notes": "Dacre Road north; dot directly above figure; 12x"
   },
   "geometry": {
    "type": "Point",
    "coordinates": [
     0.0255212,
     51.5362041
    ]
   }
  },
  {
   "type": "Feature",
   "properties": {
    "id": "sh_538470_183866",
    "type": "spot",
    "value_ft": 14.4,
    "raw": "14·4",
    "confidence": "high",
    "n_readings": 2,
    "readers": [
     "opus-b",
     "opus-d"
    ],
    "mosaics": [
     "m18_131066_87134"
    ],
    "bng_e": 538470.28,
    "bng_n": 183865.87,
    "spread_m": 0.19,
    "datum": "OD Liverpool",
    "source": "OS 1:1056 London 1891-96 via NLS",
    "disputed": false,
    "views": [
     "opus-b:m18_131066_87134@627,322=14.4(h)",
     "opus-d:m18_131066_87134@627,321=14.4(h)"
    ],
    "notes": "junction by the Baptist Chapel; dot above-left"
   },
   "geometry": {
    "type": "Point",
    "coordinates": [
     -0.0048736,
     51.5367196
    ]
   }
  },
  {
   "type": "Feature",
   "properties": {
    "id": "sh_541682_183866",
    "type": "spot",
    "value_ft": 30.1,
    "raw": "30·1",
    "confidence": "high",
    "n_readings": 1,
    "readers": [
     "opus-r"
    ],
    "mosaics": [
     "m18_131099_87134"
    ],
    "bng_e": 541681.8,
    "bng_n": 183865.54,
    "spread_m": 0.0,
    "datum": "OD Liverpool",
    "source": "OS 1:1056 London 1891-96 via NLS",
    "disputed": false,
    "views": [
     "opus-r:m18_131099_87134@805,561=30.1(h)"
    ],
    "notes": "Plashet Lane between L and A (LANE not interpuncted); dot below-right; 8x"
   },
   "geometry": {
    "type": "Point",
    "coordinates": [
     0.0413999,
     51.5359204
    ]
   }
  },
  {
   "type": "Feature",
   "properties": {
    "id": "sh_540043_183865",
    "type": "spot",
    "value_ft": 26.1,
    "raw": "26·1",
    "confidence": "medium",
    "n_readings": 1,
    "readers": [
     "opus-q"
    ],
    "mosaics": [
     "m18_131084_87134"
    ],
    "bng_e": 540043.27,
    "bng_n": 183865.38,
    "spread_m": 0.0,
    "datum": "OD Liverpool",
    "source": "OS 1:1056 London 1891-96 via NLS",
    "disputed": false,
    "views": [
     "opus-q:m18_131084_87134@244,439=26.1(m)"
    ],
    "notes": "north-south road (east of P.O. terraces) below an F.P.; digits clear at 8x; two dots above the figure, lower one taken as survey dot (upper may belong to F.P.)"
   },
   "geometry": {
    "type": "Point",
    "coordinates": [
     0.0177911,
     51.5363275
    ]
   }
  },
  {
   "type": "Feature",
   "properties": {
    "id": "sh_537823_183864",
    "type": "bench_mark",
    "value_ft": 18.03,
    "raw": "B.M.18·03",
    "confidence": "high",
    "n_readings": 2,
    "readers": [
     "opus-h",
     "opus-i"
    ],
    "mosaics": [
     "m18_131060_87134"
    ],
    "bng_e": 537822.9,
    "bng_n": 183864.41,
    "spread_m": 0.37,
    "datum": "OD Liverpool",
    "source": "OS 1:1056 London 1891-96 via NLS",
    "disputed": false,
    "views": [
     "opus-h:m18_131060_87134@424,277=18.03(h)",
     "opus-i:m18_131060_87134@424,279=18.03(m)"
    ],
    "notes": "City Mill River Road frontage by the Colour Works; pheon above-left of text; digits clear at 12x"
   },
   "geometry": {
    "type": "Point",
    "coordinates": [
     -0.0142023,
     51.5368647
    ]
   }
  },
  {
   "type": "Feature",
   "properties": {
    "id": "sh_541095_183864",
    "type": "spot",
    "value_ft": 30.5,
    "raw": "30·5",
    "confidence": "high",
    "n_readings": 2,
    "readers": [
     "opus-m",
     "opus-n"
    ],
    "mosaics": [
     "m18_131093_87134"
    ],
    "bng_e": 541094.53,
    "bng_n": 183863.67,
    "spread_m": 0.19,
    "datum": "OD Liverpool",
    "source": "OS 1:1056 London 1891-96 via NLS",
    "disputed": false,
    "views": [
     "opus-m:m18_131093_87134@764,522=30.5(h)",
     "opus-n:m18_131093_87134@763,522=30.5(h)"
    ],
    "notes": "PERCY ROAD south; dot after the final D of ROAD, above-left of figure"
   },
   "geometry": {
    "type": "Point",
    "coordinates": [
     0.0329375,
     51.5360506
    ]
   }
  },
  {
   "type": "Feature",
   "properties": {
    "id": "sh_540128_183860",
    "type": "spot",
    "value_ft": 27.2,
    "raw": "27·2",
    "confidence": "high",
    "n_readings": 1,
    "readers": [
     "opus-q"
    ],
    "mosaics": [
     "m18_131084_87134"
    ],
    "bng_e": 540127.93,
    "bng_n": 183859.92,
    "spread_m": 0.0,
    "datum": "OD Liverpool",
    "source": "OS 1:1056 London 1891-96 via NLS",
    "disputed": false,
    "views": [
     "opus-q:m18_131084_87134@471,460=27.2(h)"
    ],
    "notes": "road past the Congregational Church; digits clear at 8x; dot directly above figure"
   },
   "geometry": {
    "type": "Point",
    "coordinates": [
     0.0190088,
     51.5362574
    ]
   }
  },
  {
   "type": "Feature",
   "properties": {
    "id": "sh_538554_183857",
    "type": "spot",
    "value_ft": 18.3,
    "raw": "18·3",
    "confidence": "high",
    "n_readings": 3,
    "readers": [
     "opus-b",
     "opus-d"
    ],
    "mosaics": [
     "m18_131066_87134",
     "m18_131069_87134"
    ],
    "bng_e": 538553.92,
    "bng_n": 183856.83,
    "spread_m": 0.74,
    "datum": "OD Liverpool",
    "source": "OS 1:1056 London 1891-96 via NLS",
    "disputed": false,
    "views": [
     "opus-d:m18_131066_87134@853,352=18.3(h)",
     "opus-b:m18_131066_87134@850,352=18.3(m)",
     "opus-b:m18_131069_87134@82,352=18.3(m)"
    ],
    "notes": "High Street tramway; dot on the rail left of figures at 6x (F.P dot at 856,370 not used)"
   },
   "geometry": {
    "type": "Point",
    "coordinates": [
     -0.0036719,
     51.5366178
    ]
   }
  },
  {
   "type": "Feature",
   "properties": {
    "id": "sh_537851_183856",
    "type": "spot",
    "value_ft": 16.7,
    "raw": "16·7",
    "confidence": "high",
    "n_readings": 2,
    "readers": [
     "opus-h",
     "opus-i"
    ],
    "mosaics": [
     "m18_131060_87134"
    ],
    "bng_e": 537851.06,
    "bng_n": 183855.7,
    "spread_m": 1.87,
    "datum": "OD Liverpool",
    "source": "OS 1:1056 London 1891-96 via NLS",
    "disputed": false,
    "views": [
     "opus-i:m18_131060_87134@494,304=16.7(h)",
     "opus-h:m18_131060_87134@504,303=16.7(m)"
    ],
    "notes": "east bank of the City Mill River (bank top); dot/tick on the bank left of figure"
   },
   "geometry": {
    "type": "Point",
    "coordinates": [
     -0.0138,
     51.5367796
    ]
   }
  },
  {
   "type": "Feature",
   "properties": {
    "id": "sh_537683_183852",
    "type": "bench_mark",
    "value_ft": 16.53,
    "raw": "B.M.16·53",
    "confidence": "medium",
    "n_readings": 2,
    "readers": [
     "opus-h",
     "opus-i"
    ],
    "mosaics": [
     "m18_131060_87134"
    ],
    "bng_e": 537683.24,
    "bng_n": 183852.45,
    "spread_m": 0.74,
    "datum": "OD Liverpool",
    "source": "OS 1:1056 London 1891-96 via NLS",
    "disputed": false,
    "views": [
     "opus-h:m18_131060_87134@46,300=16.53(m)",
     "opus-i:m18_131060_87134@50,300=16.53(m)"
    ],
    "notes": "Marshgate Lane, NW corner of the Colour Works; digits clear at 6x; no pheon found within 40 px, position = centre of text"
   },
   "geometry": {
    "type": "Point",
    "coordinates": [
     -0.0162193,
     51.5367913
    ]
   }
  },
  {
   "type": "Feature",
   "properties": {
    "id": "sh_538635_183848",
    "type": "spot",
    "value_ft": 12.1,
    "raw": "12·1",
    "confidence": "medium",
    "n_readings": 1,
    "readers": [
     "opus-b"
    ],
    "mosaics": [
     "m18_131069_87134"
    ],
    "bng_e": 538635.32,
    "bng_n": 183848.28,
    "spread_m": 0.0,
    "datum": "OD Liverpool",
    "source": "OS 1:1056 London 1891-96 via NLS",
    "disputed": false,
    "views": [
     "opus-b:m18_131069_87134@301,381=12.1(m)"
    ],
    "notes": "figures over a building by New Street; no dot found, position = figures"
   },
   "geometry": {
    "type": "Point",
    "coordinates": [
     -0.0025025,
     51.536521
    ]
   }
  },
  {
   "type": "Feature",
   "properties": {
    "id": "sh_537665_183845",
    "type": "bench_mark",
    "value_ft": 16.53,
    "raw": "B.M.16·53",
    "confidence": "medium",
    "n_readings": 1,
    "readers": [
     "opus-i"
    ],
    "mosaics": [
     "m18_131057_87134"
    ],
    "bng_e": 537664.85,
    "bng_n": 183844.52,
    "spread_m": 0.0,
    "datum": "OD Liverpool",
    "source": "OS 1:1056 London 1891-96 via NLS",
    "disputed": false,
    "views": [
     "opus-i:m18_131057_87134@766,320=16.53(m)"
    ],
    "notes": "text in two lines (B.M. / 16·53) at 820,300 by Marshgate Lane; no pheon at the text; the nearest pheon-like arrow is on the Pudding Mill River bank building 55 px WSW; association inferred"
   },
   "geometry": {
    "type": "Point",
    "coordinates": [
     -0.0164875,
     51.5367246
    ]
   }
  },
  {
   "type": "Feature",
   "properties": {
    "id": "sh_541247_183839",
    "type": "spot",
    "value_ft": 30.3,
    "raw": "30·3",
    "confidence": "medium",
    "n_readings": 2,
    "readers": [
     "opus-n",
     "opus-p"
    ],
    "mosaics": [
     "m18_131096_87134"
    ],
    "bng_e": 541247.31,
    "bng_n": 183838.76,
    "spread_m": 0.42,
    "datum": "OD Liverpool",
    "source": "OS 1:1056 London 1891-96 via NLS",
    "disputed": false,
    "views": [
     "opus-n:m18_131096_87134@405,600=30.3(m)",
     "opus-p:m18_131096_87134@403,601=30.3(m)"
    ],
    "notes": "Green Street beside S of STREET; among boundary dots; position = centre; last 3 matches first 3 at 12x"
   },
   "geometry": {
    "type": "Point",
    "coordinates": [
     0.0351289,
     51.5357886
    ]
   }
  },
  {
   "type": "Feature",
   "properties": {
    "id": "sh_538641_183834",
    "type": "bench_mark",
    "value_ft": 10.93,
    "raw": "B.M.10·93",
    "confidence": "medium",
    "n_readings": 1,
    "readers": [
     "opus-b"
    ],
    "mosaics": [
     "m18_131069_87134"
    ],
    "bng_e": 538641.29,
    "bng_n": 183833.96,
    "spread_m": 0.0,
    "datum": "OD Liverpool",
    "source": "OS 1:1056 London 1891-96 via NLS",
    "disputed": false,
    "views": [
     "opus-b:m18_131069_87134@316,420=10.93(m)"
    ],
    "notes": "pheon at the east end of Prospect Row by the F.P., about 30 px NE of the text"
   },
   "geometry": {
    "type": "Point",
    "coordinates": [
     -0.002422,
     51.5363909
    ]
   }
  },
  {
   "type": "Feature",
   "properties": {
    "id": "sh_537685_183831",
    "type": "spot",
    "value_ft": 13.9,
    "raw": "13·9",
    "confidence": "high",
    "n_readings": 3,
    "readers": [
     "opus-h",
     "opus-i"
    ],
    "mosaics": [
     "m18_131057_87134",
     "m18_131060_87134"
    ],
    "bng_e": 537684.56,
    "bng_n": 183831.32,
    "spread_m": 1.53,
    "datum": "OD Liverpool",
    "source": "OS 1:1056 London 1891-96 via NLS",
    "disputed": false,
    "views": [
     "opus-i:m18_131057_87134@822,358=13.9(h)",
     "opus-h:m18_131060_87134@49,356=13.9(m)",
     "opus-i:m18_131060_87134@47,357=13.9(m)"
    ],
    "notes": "Marshgate Lane at its west end; dot left of figure, clear of the lane lettering"
   },
   "geometry": {
    "type": "Point",
    "coordinates": [
     -0.0162086,
     51.5366011
    ]
   }
  },
  {
   "type": "Feature",
   "properties": {
    "id": "sh_541757_183830",
    "type": "spot",
    "value_ft": 28.0,
    "raw": "28·0",
    "confidence": "high",
    "n_readings": 1,
    "readers": [
     "opus-r"
    ],
    "mosaics": [
     "m18_131099_87134"
    ],
    "bng_e": 541757.25,
    "bng_n": 183830.14,
    "spread_m": 0.0,
    "datum": "OD Liverpool",
    "source": "OS 1:1056 London 1891-96 via NLS",
    "disputed": false,
    "views": [
     "opus-r:m18_131099_87134@1005,662=28.0(h)"
    ],
    "notes": "Plashet Lane E; dot left of figure; figure ends ~1016; 8x"
   },
   "geometry": {
    "type": "Point",
    "coordinates": [
     0.0424728,
     51.5355834
    ]
   }
  },
  {
   "type": "Feature",
   "properties": {
    "id": "sh_538298_183830",
    "type": "bench_mark",
    "value_ft": 14.82,
    "raw": "B.M.14·82",
    "confidence": "high",
    "n_readings": 3,
    "readers": [
     "opus-b",
     "opus-d"
    ],
    "mosaics": [
     "m18_131063_87134",
     "m18_131066_87134"
    ],
    "bng_e": 538297.52,
    "bng_n": 183830.03,
    "spread_m": 0.63,
    "datum": "OD Liverpool",
    "source": "OS 1:1056 London 1891-96 via NLS",
    "disputed": false,
    "views": [
     "opus-b:m18_131063_87134@928,406=14.82(h)",
     "opus-b:m18_131066_87134@159,405=14.82(h)",
     "opus-d:m18_131066_87134@162,405=14.82(h)"
    ],
    "notes": "pheon at the corner of the terrace at Biggerstaff Street; tip at the building corner"
   },
   "geometry": {
    "type": "Point",
    "coordinates": [
     -0.007377,
     51.5364399
    ]
   }
  },
  {
   "type": "Feature",
   "properties": {
    "id": "sh_540544_183828",
    "type": "spot",
    "value_ft": 27.4,
    "raw": "27·4",
    "confidence": "high",
    "n_readings": 2,
    "readers": [
     "opus-l",
     "opus-n"
    ],
    "mosaics": [
     "m18_131087_87134",
     "m18_131090_87134"
    ],
    "bng_e": 540544.49,
    "bng_n": 183828.17,
    "spread_m": 0.26,
    "datum": "OD Liverpool",
    "source": "OS 1:1056 London 1891-96 via NLS",
    "disputed": false,
    "views": [
     "opus-l:m18_131090_87134@51,576=27.4(h)",
     "opus-n:m18_131087_87134@820,577=27.4(m)"
    ],
    "notes": "road running south-west off Dacre Road; dot below figures, separate from the F.P dot at 67,584; 8x"
   },
   "geometry": {
    "type": "Point",
    "coordinates": [
     0.0249982,
     51.5358687
    ]
   }
  },
  {
   "type": "Feature",
   "properties": {
    "id": "sh_538289_183828",
    "type": "spot",
    "value_ft": 14.1,
    "raw": "14·1",
    "confidence": "high",
    "n_readings": 3,
    "readers": [
     "opus-b",
     "opus-d"
    ],
    "mosaics": [
     "m18_131063_87134",
     "m18_131066_87134"
    ],
    "bng_e": 538288.9,
    "bng_n": 183827.57,
    "spread_m": 0.49,
    "datum": "OD Liverpool",
    "source": "OS 1:1056 London 1891-96 via NLS",
    "disputed": false,
    "views": [
     "opus-b:m18_131063_87134@905,412=14.1(h)",
     "opus-b:m18_131066_87134@137,412=14.1(h)",
     "opus-d:m18_131066_87134@137,410=14.1(h)"
    ],
    "notes": "road junction by Biggerstaff Street; dot above-left of figures"
   },
   "geometry": {
    "type": "Point",
    "coordinates": [
     -0.0075021,
     51.5364198
    ]
   }
  },
  {
   "type": "Feature",
   "properties": {
    "id": "sh_538742_183826",
    "type": "spot",
    "value_ft": 11.6,
    "raw": "11·6",
    "confidence": "medium",
    "n_readings": 1,
    "readers": [
     "opus-b"
    ],
    "mosaics": [
     "m18_131069_87134"
    ],
    "bng_e": 538741.67,
    "bng_n": 183825.56,
    "spread_m": 0.0,
    "datum": "OD Liverpool",
    "source": "OS 1:1056 London 1891-96 via NLS",
    "disputed": false,
    "views": [
     "opus-b:m18_131069_87134@585,450=11.6(m)"
    ],
    "notes": "Channel Sea Road by Halling Wharf; no dot apart from the F.P. dot, position = figures"
   },
   "geometry": {
    "type": "Point",
    "coordinates": [
     -0.000979,
     51.5362908
    ]
   }
  },
  {
   "type": "Feature",
   "properties": {
    "id": "sh_537427_183821",
    "type": "spot",
    "value_ft": 33.6,
    "raw": "33·6",
    "confidence": "high",
    "n_readings": 1,
    "readers": [
     "opus-i"
    ],
    "mosaics": [
     "m18_131057_87134"
    ],
    "bng_e": 537427.22,
    "bng_n": 183820.63,
    "spread_m": 0.0,
    "datum": "OD Liverpool",
    "source": "OS 1:1056 London 1891-96 via NLS",
    "disputed": false,
    "views": [
     "opus-i:m18_131057_87134@126,367=33.6(h)"
    ],
    "notes": "top of the railway embankment west of the bridge; dot above figure; 6 confirmed at 20x"
   },
   "geometry": {
    "type": "Point",
    "coordinates": [
     -0.0199208,
     51.5365678
    ]
   }
  },
  {
   "type": "Feature",
   "properties": {
    "id": "sh_540313_183820",
    "type": "spot",
    "value_ft": 26.7,
    "raw": "26·7",
    "confidence": "high",
    "n_readings": 2,
    "readers": [
     "opus-n",
     "opus-q"
    ],
    "mosaics": [
     "m18_131084_87134",
     "m18_131087_87134"
    ],
    "bng_e": 540312.57,
    "bng_n": 183820.27,
    "spread_m": 0.19,
    "datum": "OD Liverpool",
    "source": "OS 1:1056 London 1891-96 via NLS",
    "disputed": false,
    "views": [
     "opus-q:m18_131084_87134@964,580=26.7(h)",
     "opus-n:m18_131087_87134@196,581=26.7(h)"
    ],
    "notes": "Pelly Road west side; digits clear at 8x; isolated dot in the road 11 px right of figure"
   },
   "geometry": {
    "type": "Point",
    "coordinates": [
     0.0216535,
     51.5358554
    ]
   }
  },
  {
   "type": "Feature",
   "properties": {
    "id": "sh_537448_183819",
    "type": "bench_mark",
    "value_ft": 35.69,
    "raw": "B.M.35·69",
    "confidence": "high",
    "n_readings": 1,
    "readers": [
     "opus-i"
    ],
    "mosaics": [
     "m18_131057_87134"
    ],
    "bng_e": 537448.11,
    "bng_n": 183819.34,
    "spread_m": 0.0,
    "datum": "OD Liverpool",
    "source": "OS 1:1056 London 1891-96 via NLS",
    "disputed": false,
    "views": [
     "opus-i:m18_131057_87134@182,372=35.69(h)"
    ],
    "notes": "bridge parapet where the railway crosses; pheon on the parapet line above the text"
   },
   "geometry": {
    "type": "Point",
    "coordinates": [
     -0.0196203,
     51.5365511
    ]
   }
  },
  {
   "type": "Feature",
   "properties": {
    "id": "sh_541191_183815",
    "type": "spot",
    "value_ft": 29.8,
    "raw": "29·8",
    "confidence": "high",
    "n_readings": 4,
    "readers": [
     "opus-m",
     "opus-n",
     "opus-p"
    ],
    "mosaics": [
     "m18_131093_87134",
     "m18_131096_87134"
    ],
    "bng_e": 541191.47,
    "bng_n": 183814.93,
    "spread_m": 0.34,
    "datum": "OD Liverpool",
    "source": "OS 1:1056 London 1891-96 via NLS",
    "disputed": false,
    "views": [
     "opus-m:m18_131093_87134@1020,660=29.8(h)",
     "opus-n:m18_131093_87134@1020,661=29.8(h)",
     "opus-n:m18_131096_87134@252,660=29.8(h)",
     "opus-p:m18_131096_87134@253,661=29.8(h)"
    ],
    "notes": "road east of the px~935 join near the east edge; dot right of figure"
   },
   "geometry": {
    "type": "Point",
    "coordinates": [
     0.0343149,
     51.5355884
    ]
   }
  },
  {
   "type": "Feature",
   "properties": {
    "id": "sh_541265_183813",
    "type": "spot",
    "value_ft": 33.4,
    "raw": "33·4",
    "confidence": "medium",
    "n_readings": 2,
    "readers": [
     "opus-n",
     "opus-p"
    ],
    "mosaics": [
     "m18_131096_87134"
    ],
    "bng_e": 541264.95,
    "bng_n": 183813.45,
    "spread_m": 0.19,
    "datum": "OD Liverpool",
    "source": "OS 1:1056 London 1891-96 via NLS",
    "disputed": false,
    "views": [
     "opus-n:m18_131096_87134@449,670=33.4(m)",
     "opus-p:m18_131096_87134@450,670=33.4(m)"
    ],
    "notes": "Green Street north approach to railway bridge; among boundary dots and F.P.; position = centre of figures"
   },
   "geometry": {
    "type": "Point",
    "coordinates": [
     0.035373,
     51.5355567
    ]
   }
  },
  {
   "type": "Feature",
   "properties": {
    "id": "sh_538672_183809",
    "type": "spot",
    "value_ft": 11.3,
    "raw": "11·3",
    "confidence": "high",
    "n_readings": 1,
    "readers": [
     "opus-b"
    ],
    "mosaics": [
     "m18_131069_87134"
    ],
    "bng_e": 538671.76,
    "bng_n": 183809.17,
    "spread_m": 0.0,
    "datum": "OD Liverpool",
    "source": "OS 1:1056 London 1891-96 via NLS",
    "disputed": false,
    "views": [
     "opus-b:m18_131069_87134@396,489=11.3(h)"
    ],
    "notes": "Channel Sea Road by the river; dot right"
   },
   "geometry": {
    "type": "Point",
    "coordinates": [
     -0.0019929,
     51.5361607
    ]
   }
  },
  {
   "type": "Feature",
   "properties": {
    "id": "sh_538526_183808",
    "type": "spot",
    "value_ft": 17.5,
    "raw": "17·5",
    "confidence": "medium",
    "n_readings": 2,
    "readers": [
     "opus-b",
     "opus-d"
    ],
    "mosaics": [
     "m18_131066_87134"
    ],
    "bng_e": 538526.21,
    "bng_n": 183808.17,
    "spread_m": 0.37,
    "datum": "OD Liverpool",
    "source": "OS 1:1056 London 1891-96 via NLS",
    "disputed": false,
    "views": [
     "opus-b:m18_131066_87134@773,480=17.5(m)",
     "opus-d:m18_131066_87134@773,482=17.5(m)"
    ],
    "notes": "High Street at North Street by the P.O.; no dot; a small triangle (station mark) immediately right of the figures taken as the position"
   },
   "geometry": {
    "type": "Point",
    "coordinates": [
     -0.0040904,
     51.5361874
    ]
   }
  },
  {
   "type": "Feature",
   "properties": {
    "id": "sh_538602_183806",
    "type": "spot",
    "value_ft": 9.9,
    "raw": "9·9",
    "confidence": "high",
    "n_readings": 3,
    "readers": [
     "opus-b",
     "opus-d"
    ],
    "mosaics": [
     "m18_131066_87134",
     "m18_131069_87134"
    ],
    "bng_e": 538601.84,
    "bng_n": 183806.27,
    "spread_m": 0.89,
    "datum": "OD Liverpool",
    "source": "OS 1:1056 London 1891-96 via NLS",
    "disputed": false,
    "views": [
     "opus-b:m18_131066_87134@975,491=9.9(h)",
     "opus-d:m18_131066_87134@978,493=9.9(h)",
     "opus-b:m18_131069_87134@207,491=9.9(h)"
    ],
    "notes": "Channel Sea side, by the School; dot below-left"
   },
   "geometry": {
    "type": "Point",
    "coordinates": [
     -0.0030014,
     51.5361518
    ]
   }
  },
  {
   "type": "Feature",
   "properties": {
    "id": "sh_541260_183806",
    "type": "bench_mark",
    "value_ft": 35.78,
    "raw": "B.M.35·78",
    "confidence": "low",
    "n_readings": 2,
    "readers": [
     "opus-n",
     "opus-p"
    ],
    "mosaics": [
     "m18_131096_87134"
    ],
    "bng_e": 541259.95,
    "bng_n": 183805.88,
    "spread_m": 0.19,
    "datum": "OD Liverpool",
    "source": "OS 1:1056 London 1891-96 via NLS",
    "disputed": true,
    "values": [
     30.78,
     35.78
    ],
    "values_by_reader": {
     "opus-n": [
      35.78
     ],
     "opus-p": [
      30.78
     ]
    },
    "views": [
     "opus-n:m18_131096_87134@436,690=35.78(l)",
     "opus-p:m18_131096_87134@435,690=30.78(l)"
    ],
    "notes": "building by Green Street railway bridge; text written over the building; pheon taken at the building corner on the Green Street frontage ~28 px from text; second digit 5/6/3 unresolved at 12x"
   },
   "geometry": {
    "type": "Point",
    "coordinates": [
     0.0352979,
     51.53549
    ]
   }
  },
  {
   "type": "Feature",
   "properties": {
    "id": "sh_540503_183804",
    "type": "bench_mark",
    "value_ft": 28.07,
    "raw": "B.M.28·07",
    "confidence": "high",
    "n_readings": 1,
    "readers": [
     "opus-n"
    ],
    "mosaics": [
     "m18_131087_87134"
    ],
    "bng_e": 540502.52,
    "bng_n": 183804.17,
    "spread_m": 0.0,
    "datum": "OD Liverpool",
    "source": "OS 1:1056 London 1891-96 via NLS",
    "disputed": false,
    "views": [
     "opus-n:m18_131087_87134@705,638=28.07(h)"
    ],
    "notes": "corner of Crescent Road; pheon on the frontage line below-left of the text"
   },
   "geometry": {
    "type": "Point",
    "coordinates": [
     0.024384,
     51.5356635
    ]
   }
  },
  {
   "type": "Feature",
   "properties": {
    "id": "sh_540513_183803",
    "type": "spot",
    "value_ft": 26.6,
    "raw": "26·6",
    "confidence": "medium",
    "n_readings": 1,
    "readers": [
     "opus-n"
    ],
    "mosaics": [
     "m18_131087_87134"
    ],
    "bng_e": 540512.98,
    "bng_n": 183802.98,
    "spread_m": 0.0,
    "datum": "OD Liverpool",
    "source": "OS 1:1056 London 1891-96 via NLS",
    "disputed": false,
    "views": [
     "opus-n:m18_131087_87134@733,642=26.6(m)"
    ],
    "notes": "Crescent Road between A and D of ROAD; no clear dot; position = centre of figures"
   },
   "geometry": {
    "type": "Point",
    "coordinates": [
     0.0245342,
     51.5356501
    ]
   }
  },
  {
   "type": "Feature",
   "properties": {
    "id": "sh_540958_183803",
    "type": "spot",
    "value_ft": 29.9,
    "raw": "29·9",
    "confidence": "high",
    "n_readings": 2,
    "readers": [
     "opus-m",
     "opus-n"
    ],
    "mosaics": [
     "m18_131093_87134"
    ],
    "bng_e": 540957.91,
    "bng_n": 183802.68,
    "spread_m": 0.0,
    "datum": "OD Liverpool",
    "source": "OS 1:1056 London 1891-96 via NLS",
    "disputed": false,
    "views": [
     "opus-m:m18_131093_87134@392,676=29.9(h)",
     "opus-n:m18_131093_87134@392,676=29.9(h)"
    ],
    "notes": "open ground; isolated dot left of figure"
   },
   "geometry": {
    "type": "Point",
    "coordinates": [
     0.0309447,
     51.5355367
    ]
   }
  },
  {
   "type": "Feature",
   "properties": {
    "id": "sh_540587_183800",
    "type": "spot",
    "value_ft": 27.0,
    "raw": "27·0",
    "confidence": "high",
    "n_readings": 2,
    "readers": [
     "opus-l",
     "opus-n"
    ],
    "mosaics": [
     "m18_131087_87134",
     "m18_131090_87134"
    ],
    "bng_e": 540587.34,
    "bng_n": 183800.21,
    "spread_m": 0.19,
    "datum": "OD Liverpool",
    "source": "OS 1:1056 London 1891-96 via NLS",
    "disputed": false,
    "views": [
     "opus-n:m18_131087_87134@933,655=27.0(h)",
     "opus-l:m18_131090_87134@164,655=27.0(h)"
    ],
    "notes": "Dacre Road; dot directly above figure; 8x"
   },
   "geometry": {
    "type": "Point",
    "coordinates": [
     0.0256044,
     51.5356068
    ]
   }
  },
  {
   "type": "Feature",
   "properties": {
    "id": "sh_541504_183800",
    "type": "spot",
    "value_ft": 31.5,
    "raw": "31·5",
    "confidence": "high",
    "n_readings": 1,
    "readers": [
     "opus-r"
    ],
    "mosaics": [
     "m18_131099_87134"
    ],
    "bng_e": 541503.8,
    "bng_n": 183799.67,
    "spread_m": 0.0,
    "datum": "OD Liverpool",
    "source": "OS 1:1056 London 1891-96 via NLS",
    "disputed": false,
    "views": [
     "opus-r:m18_131099_87134@322,725=31.5(h)"
    ],
    "notes": "open ground S of railway E of Wax Vesta Works; dot right-above; 8x"
   },
   "geometry": {
    "type": "Point",
    "coordinates": [
     0.0388089,
     51.5353732
    ]
   }
  },
  {
   "type": "Feature",
   "properties": {
    "id": "sh_537504_183799",
    "type": "spot",
    "value_ft": 33.7,
    "raw": "33·7",
    "confidence": "high",
    "n_readings": 1,
    "readers": [
     "opus-i"
    ],
    "mosaics": [
     "m18_131057_87134"
    ],
    "bng_e": 537504.12,
    "bng_n": 183799.32,
    "spread_m": 0.0,
    "datum": "OD Liverpool",
    "source": "OS 1:1056 London 1891-96 via NLS",
    "disputed": false,
    "views": [
     "opus-i:m18_131057_87134@331,430=33.7(h)"
    ],
    "notes": "railway embankment top east of the bridge; dot above-left of figure"
   },
   "geometry": {
    "type": "Point",
    "coordinates": [
     -0.018821,
     51.5363575
    ]
   }
  },
  {
   "type": "Feature",
   "properties": {
    "id": "sh_538331_183797",
    "type": "spot",
    "value_ft": 14.5,
    "raw": "14·5",
    "confidence": "high",
    "n_readings": 2,
    "readers": [
     "opus-b",
     "opus-d"
    ],
    "mosaics": [
     "m18_131066_87134"
    ],
    "bng_e": 538330.68,
    "bng_n": 183797.27,
    "spread_m": 0.0,
    "datum": "OD Liverpool",
    "source": "OS 1:1056 London 1891-96 via NLS",
    "disputed": false,
    "views": [
     "opus-b:m18_131066_87134@247,496=14.5(h)",
     "opus-d:m18_131066_87134@247,496=14.5(h)"
    ],
    "notes": "road south of Preston Road; dot above-left; cut by the east edge of m18_131063_87134"
   },
   "geometry": {
    "type": "Point",
    "coordinates": [
     -0.006912,
     51.5361373
    ]
   }
  },
  {
   "type": "Feature",
   "properties": {
    "id": "sh_541266_183797",
    "type": "spot",
    "value_ft": 35.7,
    "raw": "35·7",
    "confidence": "medium",
    "n_readings": 2,
    "readers": [
     "opus-n",
     "opus-p"
    ],
    "mosaics": [
     "m18_131096_87134"
    ],
    "bng_e": 541265.6,
    "bng_n": 183796.75,
    "spread_m": 0.83,
    "datum": "OD Liverpool",
    "source": "OS 1:1056 London 1891-96 via NLS",
    "disputed": false,
    "views": [
     "opus-p:m18_131096_87134@452,714=35.7(m)",
     "opus-n:m18_131096_87134@448,716=35.7(l)"
    ],
    "notes": "Green Street over the railway (bridge) between B.S./S.P. and 'T'; 5 has flat top at 12x; dot ambiguous among STREET interpuncts; position = centre of figures"
   },
   "geometry": {
    "type": "Point",
    "coordinates": [
     0.0353757,
     51.5354066
    ]
   }
  },
  {
   "type": "Feature",
   "properties": {
    "id": "sh_537900_183795",
    "type": "spot",
    "value_ft": 13.0,
    "raw": "13·0",
    "confidence": "high",
    "n_readings": 2,
    "readers": [
     "opus-h",
     "opus-i"
    ],
    "mosaics": [
     "m18_131060_87134"
    ],
    "bng_e": 537899.61,
    "bng_n": 183795.2,
    "spread_m": 1.12,
    "datum": "OD Liverpool",
    "source": "OS 1:1056 London 1891-96 via NLS",
    "disputed": false,
    "views": [
     "opus-h:m18_131060_87134@628,470=13.0(h)",
     "opus-i:m18_131060_87134@622,470=13.0(h)"
    ],
    "notes": "east bank of City Mill River (marsh side); dot left of figures on the bank"
   },
   "geometry": {
    "type": "Point",
    "coordinates": [
     -0.013124,
     51.5362241
    ]
   }
  },
  {
   "type": "Feature",
   "properties": {
    "id": "sh_541116_183791",
    "type": "bench_mark",
    "value_ft": 31.94,
    "raw": "B.M.31·94",
    "confidence": "high",
    "n_readings": 4,
    "readers": [
     "opus-m",
     "opus-n",
     "opus-p"
    ],
    "mosaics": [
     "m18_131093_87134",
     "m18_131096_87134"
    ],
    "bng_e": 541116.45,
    "bng_n": 183791.4,
    "spread_m": 0.65,
    "datum": "OD Liverpool",
    "source": "OS 1:1056 London 1891-96 via NLS",
    "disputed": false,
    "views": [
     "opus-m:m18_131093_87134@817,718=31.94(h)",
     "opus-n:m18_131093_87134@817,720=31.94(h)",
     "opus-n:m18_131096_87134@48,717=31.94(h)",
     "opus-p:m18_131096_87134@50,718=31.94(h)"
    ],
    "notes": "corner of Percy Road and Harold Road; pheon just left of text by a street tree; 7x"
   },
   "geometry": {
    "type": "Point",
    "coordinates": [
     0.0332245,
     51.5353957
    ]
   }
  },
  {
   "type": "Feature",
   "properties": {
    "id": "sh_541125_183789",
    "type": "spot",
    "value_ft": 29.8,
    "raw": "29·8",
    "confidence": "high",
    "n_readings": 4,
    "readers": [
     "opus-m",
     "opus-n",
     "opus-p"
    ],
    "mosaics": [
     "m18_131093_87134",
     "m18_131096_87134"
    ],
    "bng_e": 541124.63,
    "bng_n": 183788.66,
    "spread_m": 0.39,
    "datum": "OD Liverpool",
    "source": "OS 1:1056 London 1891-96 via NLS",
    "disputed": false,
    "views": [
     "opus-m:m18_131093_87134@839,726=29.8(h)",
     "opus-n:m18_131093_87134@839,726=29.8(h)",
     "opus-n:m18_131096_87134@71,726=29.8(h)",
     "opus-p:m18_131096_87134@70,727=29.8(h)"
    ],
    "notes": "Harold Road, directly under B.M.31·94; own dot above figure"
   },
   "geometry": {
    "type": "Point",
    "coordinates": [
     0.0333412,
     51.535369
    ]
   }
  },
  {
   "type": "Feature",
   "properties": {
    "id": "sh_540033_183787",
    "type": "spot",
    "value_ft": 24.1,
    "raw": "24·1",
    "confidence": "medium",
    "n_readings": 1,
    "readers": [
     "opus-q"
    ],
    "mosaics": [
     "m18_131084_87134"
    ],
    "bng_e": 540033.15,
    "bng_n": 183786.75,
    "spread_m": 0.0,
    "datum": "OD Liverpool",
    "source": "OS 1:1056 London 1891-96 via NLS",
    "disputed": false,
    "views": [
     "opus-q:m18_131084_87134@211,650=24.1(m)"
    ],
    "notes": "PARK ROAD between the R and O of the lettering; digits clear at 8x; dot below figure, could be a lettering interpunct"
   },
   "geometry": {
    "type": "Point",
    "coordinates": [
     0.0176141,
     51.5356235
    ]
   }
  },
  {
   "type": "Feature",
   "properties": {
    "id": "sh_537742_183785",
    "type": "spot",
    "value_ft": 13.8,
    "raw": "13·8",
    "confidence": "medium",
    "n_readings": 1,
    "readers": [
     "opus-h"
    ],
    "mosaics": [
     "m18_131060_87134"
    ],
    "bng_e": 537741.65,
    "bng_n": 183785.34,
    "spread_m": 0.0,
    "datum": "OD Liverpool",
    "source": "OS 1:1056 London 1891-96 via NLS",
    "disputed": false,
    "views": [
     "opus-h:m18_131060_87134@200,485=13.8(m)"
    ],
    "notes": "Marshgate Lane by the Black Works; digits clear at 14x (8, two loops); no dot, position = centre of figures (lettering interpunct T·E nearby)"
   },
   "geometry": {
    "type": "Point",
    "coordinates": [
     -0.0154039,
     51.536174
    ]
   }
  },
  {
   "type": "Feature",
   "properties": {
    "id": "sh_537732_183783",
    "type": "spot",
    "value_ft": 13.8,
    "raw": "13·8",
    "confidence": "medium",
    "n_readings": 2,
    "readers": [
     "opus-i"
    ],
    "mosaics": [
     "m18_131057_87134",
     "m18_131060_87134"
    ],
    "bng_e": 537732.03,
    "bng_n": 183783.41,
    "spread_m": 0.19,
    "datum": "OD Liverpool",
    "source": "OS 1:1056 London 1891-96 via NLS",
    "disputed": false,
    "views": [
     "opus-i:m18_131057_87134@942,489=13.8(m)",
     "opus-i:m18_131060_87134@174,490=13.8(m)"
    ],
    "notes": "Marshgate Lane by the Black Works; dot 26 px left of figure; last digit read as 8 at 8x, 8 vs 9 not certain"
   },
   "geometry": {
    "type": "Point",
    "coordinates": [
     -0.0155434,
     51.536159
    ]
   }
  },
  {
   "type": "Feature",
   "properties": {
    "id": "sh_538613_183779",
    "type": "bench_mark",
    "value_ft": 11.08,
    "raw": "B.M.11·08",
    "confidence": "high",
    "n_readings": 3,
    "readers": [
     "opus-b",
     "opus-d"
    ],
    "mosaics": [
     "m18_131066_87134",
     "m18_131069_87134"
    ],
    "bng_e": 538613.26,
    "bng_n": 183779.1,
    "spread_m": 0.63,
    "datum": "OD Liverpool",
    "source": "OS 1:1056 London 1891-96 via NLS",
    "disputed": false,
    "views": [
     "opus-b:m18_131066_87134@1005,567=11.08(h)",
     "opus-d:m18_131066_87134@1004,566=11.08(h)",
     "opus-b:m18_131069_87134@237,564=11.08(h)"
    ],
    "notes": "pheon right of the text, drawn in the CHANNEL SEA lettering"
   },
   "geometry": {
    "type": "Point",
    "coordinates": [
     -0.0028476,
     51.5359049
    ]
   }
  },
  {
   "type": "Feature",
   "properties": {
    "id": "sh_537583_183778",
    "type": "spot",
    "value_ft": 32.6,
    "raw": "32·6",
    "confidence": "medium",
    "n_readings": 1,
    "readers": [
     "opus-i"
    ],
    "mosaics": [
     "m18_131057_87134"
    ],
    "bng_e": 537582.87,
    "bng_n": 183778.43,
    "spread_m": 0.0,
    "datum": "OD Liverpool",
    "source": "OS 1:1056 London 1891-96 via NLS",
    "disputed": false,
    "views": [
     "opus-i:m18_131057_87134@541,492=32.6(m)"
    ],
    "notes": "Northern Outfall Sewer embankment top; two small dots above the figure (541,492 and 548,493), the left one taken"
   },
   "geometry": {
    "type": "Point",
    "coordinates": [
     -0.0176945,
     51.5361507
    ]
   }
  },
  {
   "type": "Feature",
   "properties": {
    "id": "sh_540314_183776",
    "type": "spot",
    "value_ft": 26.3,
    "raw": "26·3",
    "confidence": "high",
    "n_readings": 2,
    "readers": [
     "opus-n",
     "opus-q"
    ],
    "mosaics": [
     "m18_131084_87134",
     "m18_131087_87134"
    ],
    "bng_e": 540313.97,
    "bng_n": 183776.31,
    "spread_m": 0.42,
    "datum": "OD Liverpool",
    "source": "OS 1:1056 London 1891-96 via NLS",
    "disputed": false,
    "views": [
     "opus-n:m18_131087_87134@197,700=26.3(h)",
     "opus-q:m18_131084_87134@964,698=26.3(l)"
    ],
    "notes": "Pelly Road / Stopford Road junction; dot left of figure; last digit matches known 3 at 16x"
   },
   "geometry": {
    "type": "Point",
    "coordinates": [
     0.0216562,
     51.5354599
    ]
   }
  },
  {
   "type": "Feature",
   "properties": {
    "id": "sh_538618_183775",
    "type": "spot",
    "value_ft": 9.8,
    "raw": "9·8",
    "confidence": "medium",
    "n_readings": 1,
    "readers": [
     "opus-b"
    ],
    "mosaics": [
     "m18_131069_87134"
    ],
    "bng_e": 538617.97,
    "bng_n": 183774.65,
    "spread_m": 0.0,
    "datum": "OD Liverpool",
    "source": "OS 1:1056 London 1891-96 via NLS",
    "disputed": false,
    "views": [
     "opus-b:m18_131069_87134@249,578=9.8(m)"
    ],
    "notes": "Channel Sea Street; figures over a building; dot taken as the interpunct before SEA"
   },
   "geometry": {
    "type": "Point",
    "coordinates": [
     -0.0027814,
     51.5358637
    ]
   }
  },
  {
   "type": "Feature",
   "properties": {
    "id": "sh_538705_183771",
    "type": "bench_mark",
    "value_ft": 15.71,
    "raw": "B.M.15·71",
    "confidence": "high",
    "n_readings": 1,
    "readers": [
     "opus-b"
    ],
    "mosaics": [
     "m18_131069_87134"
    ],
    "bng_e": 538704.81,
    "bng_n": 183771.08,
    "spread_m": 0.0,
    "datum": "OD Liverpool",
    "source": "OS 1:1056 London 1891-96 via NLS",
    "disputed": false,
    "views": [
     "opus-b:m18_131069_87134@482,594=15.71(h)"
    ],
    "notes": "pheon below-left of the text on the goods-depot building by the river"
   },
   "geometry": {
    "type": "Point",
    "coordinates": [
     -0.0015315,
     51.5358103
    ]
   }
  },
  {
   "type": "Feature",
   "properties": {
    "id": "sh_540433_183771",
    "type": "spot",
    "value_ft": 26.4,
    "raw": "26·4",
    "confidence": "medium",
    "n_readings": 1,
    "readers": [
     "opus-n"
    ],
    "mosaics": [
     "m18_131087_87134"
    ],
    "bng_e": 540433.45,
    "bng_n": 183771.07,
    "spread_m": 0.0,
    "datum": "OD Liverpool",
    "source": "OS 1:1056 London 1891-96 via NLS",
    "disputed": false,
    "views": [
     "opus-n:m18_131087_87134@517,722=26.4(m)"
    ],
    "notes": "Crescent Road at Cecil Road; dot between S and C of C R E S C E N T"
   },
   "geometry": {
    "type": "Point",
    "coordinates": [
     0.0233755,
     51.5353832
    ]
   }
  },
  {
   "type": "Feature",
   "properties": {
    "id": "sh_540356_183769",
    "type": "spot",
    "value_ft": 26.1,
    "raw": "26·1",
    "confidence": "medium",
    "n_readings": 1,
    "readers": [
     "opus-n"
    ],
    "mosaics": [
     "m18_131087_87134"
    ],
    "bng_e": 540356.07,
    "bng_n": 183768.56,
    "spread_m": 0.0,
    "datum": "OD Liverpool",
    "source": "OS 1:1056 London 1891-96 via NLS",
    "disputed": false,
    "views": [
     "opus-n:m18_131087_87134@309,723=26.1(m)"
    ],
    "notes": "Stopford Road at Crescent Road; dot between the rotated T of S T O P F O R D and the figure"
   },
   "geometry": {
    "type": "Point",
    "coordinates": [
     0.0222597,
     51.5353799
    ]
   }
  },
  {
   "type": "Feature",
   "properties": {
    "id": "sh_540117_183768",
    "type": "spot",
    "value_ft": 25.4,
    "raw": "25·4",
    "confidence": "medium",
    "n_readings": 1,
    "readers": [
     "opus-q"
    ],
    "mosaics": [
     "m18_131084_87134"
    ],
    "bng_e": 540117.08,
    "bng_n": 183767.53,
    "spread_m": 0.0,
    "datum": "OD Liverpool",
    "source": "OS 1:1056 London 1891-96 via NLS",
    "disputed": false,
    "views": [
     "opus-q:m18_131084_87134@435,708=25.4(m)"
    ],
    "notes": "EAST ROAD by the R of ROAD; digits clear at 8x; dot just after the R"
   },
   "geometry": {
    "type": "Point",
    "coordinates": [
     0.0188157,
     51.5354299
    ]
   }
  },
  {
   "type": "Feature",
   "properties": {
    "id": "sh_538371_183765",
    "type": "spot",
    "value_ft": 14.3,
    "raw": "14·3",
    "confidence": "high",
    "n_readings": 2,
    "readers": [
     "opus-b",
     "opus-d"
    ],
    "mosaics": [
     "m18_131066_87134"
    ],
    "bng_e": 538370.64,
    "bng_n": 183765.49,
    "spread_m": 0.42,
    "datum": "OD Liverpool",
    "source": "OS 1:1056 London 1891-96 via NLS",
    "disputed": false,
    "views": [
     "opus-b:m18_131066_87134@353,584=14.3(h)",
     "opus-d:m18_131066_87134@351,585=14.3(h)"
    ],
    "notes": "road at Robertson Road corner; dot above-left"
   },
   "geometry": {
    "type": "Point",
    "coordinates": [
     -0.0063488,
     51.535842
    ]
   }
  },
  {
   "type": "Feature",
   "properties": {
    "id": "sh_538704_183763",
    "type": "spot",
    "value_ft": 17.3,
    "raw": "17·3",
    "confidence": "high",
    "n_readings": 1,
    "readers": [
     "opus-b"
    ],
    "mosaics": [
     "m18_131069_87134"
    ],
    "bng_e": 538704.3,
    "bng_n": 183762.53,
    "spread_m": 0.0,
    "datum": "OD Liverpool",
    "source": "OS 1:1056 London 1891-96 via NLS",
    "disputed": false,
    "views": [
     "opus-b:m18_131069_87134@480,617=17.3(h)"
    ],
    "notes": "goods-depot embankment by the river; dot left on the wall line"
   },
   "geometry": {
    "type": "Point",
    "coordinates": [
     -0.0015423,
     51.5357336
    ]
   }
  },
  {
   "type": "Feature",
   "properties": {
    "id": "sh_540034_183762",
    "type": "bench_mark",
    "value_ft": 25.55,
    "raw": "B.M.25·55",
    "confidence": "high",
    "n_readings": 1,
    "readers": [
     "opus-q"
    ],
    "mosaics": [
     "m18_131084_87134"
    ],
    "bng_e": 540033.85,
    "bng_n": 183761.52,
    "spread_m": 0.0,
    "datum": "OD Liverpool",
    "source": "OS 1:1056 London 1891-96 via NLS",
    "disputed": false,
    "views": [
     "opus-q:m18_131084_87134@211,718=25.55(h)"
    ],
    "notes": "house on the east side of Park Road; text 188-210,720-730; pheon apex at building line right of text, 8x"
   },
   "geometry": {
    "type": "Point",
    "coordinates": [
     0.0176141,
     51.5353965
    ]
   }
  },
  {
   "type": "Feature",
   "properties": {
    "id": "sh_540188_183760",
    "type": "spot",
    "value_ft": 26.3,
    "raw": "26·3",
    "confidence": "low",
    "n_readings": 1,
    "readers": [
     "opus-q"
    ],
    "mosaics": [
     "m18_131084_87134"
    ],
    "bng_e": 540188.02,
    "bng_n": 183760.2,
    "spread_m": 0.0,
    "datum": "OD Liverpool",
    "source": "OS 1:1056 London 1891-96 via NLS",
    "disputed": false,
    "views": [
     "opus-q:m18_131084_87134@625,733=26.3(l)"
    ],
    "notes": "Brown's Road west end; final digit 3/8 unresolved at 12x (a vertical line at x~645 crosses it); dot left of figure above F.P."
   },
   "geometry": {
    "type": "Point",
    "coordinates": [
     0.0198349,
     51.5353465
    ]
   }
  },
  {
   "type": "Feature",
   "properties": {
    "id": "sh_537660_183758",
    "type": "spot",
    "value_ft": 32.7,
    "raw": "32·7",
    "confidence": "medium",
    "n_readings": 1,
    "readers": [
     "opus-i"
    ],
    "mosaics": [
     "m18_131057_87134"
    ],
    "bng_e": 537660.11,
    "bng_n": 183758.25,
    "spread_m": 0.0,
    "datum": "OD Liverpool",
    "source": "OS 1:1056 London 1891-96 via NLS",
    "disputed": false,
    "views": [
     "opus-i:m18_131057_87134@747,552=32.7(m)"
    ],
    "notes": "Northern Outfall Sewer embankment top; the dot sits after the R of spaced N O R T H E R N (interpunct position), above-left of the figure"
   },
   "geometry": {
    "type": "Point",
    "coordinates": [
     -0.0165895,
     51.5359505
    ]
   }
  },
  {
   "type": "Feature",
   "properties": {
    "id": "sh_540318_183757",
    "type": "bench_mark",
    "value_ft": 27.63,
    "raw": "B.M.27·63",
    "confidence": "high",
    "n_readings": 2,
    "readers": [
     "opus-n",
     "opus-q"
    ],
    "mosaics": [
     "m18_131084_87134",
     "m18_131087_87134"
    ],
    "bng_e": 540318.23,
    "bng_n": 183757.11,
    "spread_m": 0.19,
    "datum": "OD Liverpool",
    "source": "OS 1:1056 London 1891-96 via NLS",
    "disputed": false,
    "views": [
     "opus-q:m18_131084_87134@975,751=27.63(h)",
     "opus-n:m18_131087_87134@206,751=27.63(h)"
    ],
    "notes": "Pelly Road corner beside a survey-station triangle; text 977-1012,752; pheon (arrow) apex 975,751 at 8x"
   },
   "geometry": {
    "type": "Point",
    "coordinates": [
     0.0217098,
     51.5352864
    ]
   }
  },
  {
   "type": "Feature",
   "properties": {
    "id": "sh_540262_183757",
    "type": "spot",
    "value_ft": 26.3,
    "raw": "26·3",
    "confidence": "medium",
    "n_readings": 2,
    "readers": [
     "opus-n",
     "opus-q"
    ],
    "mosaics": [
     "m18_131084_87134",
     "m18_131087_87134"
    ],
    "bng_e": 540261.65,
    "bng_n": 183756.67,
    "spread_m": 0.42,
    "datum": "OD Liverpool",
    "source": "OS 1:1056 London 1891-96 via NLS",
    "disputed": false,
    "views": [
     "opus-q:m18_131084_87134@822,749=26.3(m)",
     "opus-n:m18_131087_87134@55,747=26.3(m)"
    ],
    "notes": "BROWN'S ROAD just after the D of ROAD; final digit open-left 3 at 12x (8 at 2x); dot immediately left of figure"
   },
   "geometry": {
    "type": "Point",
    "coordinates": [
     0.0208944,
     51.5352964
    ]
   }
  },
  {
   "type": "Feature",
   "properties": {
    "id": "sh_540183_183756",
    "type": "bench_mark",
    "value_ft": 28.52,
    "raw": "B.M.28·52",
    "confidence": "high",
    "n_readings": 1,
    "readers": [
     "opus-q"
    ],
    "mosaics": [
     "m18_131084_87134"
    ],
    "bng_e": 540182.56,
    "bng_n": 183755.6,
    "spread_m": 0.0,
    "datum": "OD Liverpool",
    "source": "OS 1:1056 London 1891-96 via NLS",
    "disputed": false,
    "views": [
     "opus-q:m18_131084_87134@610,745=28.52(h)"
    ],
    "notes": "corner of the terrace at Brown's Road / road north; text 572-605,730; pheon apex 610,745; second digit closed 8 at 8x and 12x"
   },
   "geometry": {
    "type": "Point",
    "coordinates": [
     0.0197545,
     51.5353065
    ]
   }
  },
  {
   "type": "Feature",
   "properties": {
    "id": "sh_540313_183755",
    "type": "spot",
    "value_ft": 26.0,
    "raw": "26·0",
    "confidence": "high",
    "n_readings": 1,
    "readers": [
     "opus-n"
    ],
    "mosaics": [
     "m18_131087_87134"
    ],
    "bng_e": 540312.87,
    "bng_n": 183755.48,
    "spread_m": 0.0,
    "datum": "OD Liverpool",
    "source": "OS 1:1056 London 1891-96 via NLS",
    "disputed": false,
    "views": [
     "opus-n:m18_131087_87134@192,755=26.0(h)"
    ],
    "notes": "Pelly Road by survey triangle at ~198,755; dot between figure and triangle; 8x"
   },
   "geometry": {
    "type": "Point",
    "coordinates": [
     0.021632,
     51.5352731
    ]
   }
  },
  {
   "type": "Feature",
   "properties": {
    "id": "sh_538470_183755",
    "type": "spot",
    "value_ft": 16.3,
    "raw": "16·3",
    "confidence": "high",
    "n_readings": 2,
    "readers": [
     "opus-b",
     "opus-d"
    ],
    "mosaics": [
     "m18_131066_87134"
    ],
    "bng_e": 538469.76,
    "bng_n": 183755.2,
    "spread_m": 0.26,
    "datum": "OD Liverpool",
    "source": "OS 1:1056 London 1891-96 via NLS",
    "disputed": false,
    "views": [
     "opus-d:m18_131066_87134@617,620=16.3(h)",
     "opus-b:m18_131066_87134@618,619=16.3(m)"
    ],
    "notes": "High Street tramway at West Street; dot between the rails above-left of figures at 6x (F.P dots below not used)"
   },
   "geometry": {
    "type": "Point",
    "coordinates": [
     -0.0049245,
     51.5357252
    ]
   }
  },
  {
   "type": "Feature",
   "properties": {
    "id": "sh_541281_183755",
    "type": "spot",
    "value_ft": 31.8,
    "raw": "31·8",
    "confidence": "medium",
    "n_readings": 3,
    "readers": [
     "opus-n",
     "opus-p",
     "opus-r"
    ],
    "mosaics": [
     "m18_131096_87134",
     "m18_131096_87137"
    ],
    "bng_e": 541280.67,
    "bng_n": 183754.84,
    "spread_m": 2.73,
    "datum": "OD Liverpool",
    "source": "OS 1:1056 London 1891-96 via NLS",
    "disputed": false,
    "views": [
     "opus-n:m18_131096_87134@489,829=31.8(m)",
     "opus-p:m18_131096_87134@480,829=31.8(m)",
     "opus-r:m18_131096_87137@493,61=31.8(m)"
    ],
    "notes": "Green Street at King's Road / Queen's Square; among large boundary dots and F.P. dots; position = centre of figures"
   },
   "geometry": {
    "type": "Point",
    "coordinates": [
     0.0355759,
     51.5350262
    ]
   }
  },
  {
   "type": "Feature",
   "properties": {
    "id": "sh_541040_183755",
    "type": "spot",
    "value_ft": 29.3,
    "raw": "29·3",
    "confidence": "high",
    "n_readings": 3,
    "readers": [
     "opus-m",
     "opus-n",
     "opus-p"
    ],
    "mosaics": [
     "m18_131093_87134",
     "m18_131093_87137"
    ],
    "bng_e": 541039.53,
    "bng_n": 183754.82,
    "spread_m": 0.45,
    "datum": "OD Liverpool",
    "source": "OS 1:1056 London 1891-96 via NLS",
    "disputed": false,
    "views": [
     "opus-m:m18_131093_87134@608,811=29.3(h)",
     "opus-n:m18_131093_87134@607,812=29.3(l)",
     "opus-p:m18_131093_87137@608,42=29.3(l)"
    ],
    "notes": "Harold Road; dot above the 3"
   },
   "geometry": {
    "type": "Point",
    "coordinates": [
     0.0321016,
     51.5350862
    ]
   }
  },
  {
   "type": "Feature",
   "properties": {
    "id": "sh_540302_183754",
    "type": "spot",
    "value_ft": 26.0,
    "raw": "26·0",
    "confidence": "medium",
    "n_readings": 1,
    "readers": [
     "opus-q"
    ],
    "mosaics": [
     "m18_131084_87134"
    ],
    "bng_e": 540301.73,
    "bng_n": 183754.43,
    "spread_m": 0.0,
    "datum": "OD Liverpool",
    "source": "OS 1:1056 London 1891-96 via NLS",
    "disputed": false,
    "views": [
     "opus-q:m18_131084_87134@930,757=26.0(m)"
    ],
    "notes": "Brown's Road east end by ·F.P·; final digit oval 0 at 12x; dot left of figure may be the F.P. dot"
   },
   "geometry": {
    "type": "Point",
    "coordinates": [
     0.0214711,
     51.5352664
    ]
   }
  },
  {
   "type": "Feature",
   "properties": {
    "id": "sh_538681_183754",
    "type": "spot",
    "value_ft": 11.2,
    "raw": "11·2",
    "confidence": "medium",
    "n_readings": 1,
    "readers": [
     "opus-b"
    ],
    "mosaics": [
     "m18_131069_87134"
    ],
    "bng_e": 538681.46,
    "bng_n": 183753.74,
    "spread_m": 0.0,
    "datum": "OD Liverpool",
    "source": "OS 1:1056 London 1891-96 via NLS",
    "disputed": false,
    "views": [
     "opus-b:m18_131069_87134@418,639=11.2(m)"
    ],
    "notes": "south end of Channel Sea Road; dot on the wall line right of figures"
   },
   "geometry": {
    "type": "Point",
    "coordinates": [
     -0.0018749,
     51.5356602
    ]
   }
  },
  {
   "type": "Feature",
   "properties": {
    "id": "sh_537430_183749",
    "type": "spot",
    "value_ft": 14.2,
    "raw": "14·2",
    "confidence": "high",
    "n_readings": 1,
    "readers": [
     "opus-i"
    ],
    "mosaics": [
     "m18_131057_87134"
    ],
    "bng_e": 537429.91,
    "bng_n": 183749.04,
    "spread_m": 0.0,
    "datum": "OD Liverpool",
    "source": "OS 1:1056 London 1891-96 via NLS",
    "disputed": false,
    "views": [
     "opus-i:m18_131057_87134@128,560=14.2(h)"
    ],
    "notes": "Lea bank by the cranes; dot above-right of figure"
   },
   "geometry": {
    "type": "Point",
    "coordinates": [
     -0.01991,
     51.5359238
    ]
   }
  },
  {
   "type": "Feature",
   "properties": {
    "id": "sh_540600_183747",
    "type": "bench_mark",
    "value_ft": 28.13,
    "raw": "B.M.28·13",
    "confidence": "high",
    "n_readings": 5,
    "readers": [
     "opus-l",
     "opus-n",
     "opus-p",
     "opus-q",
     "opus-s"
    ],
    "mosaics": [
     "m18_131087_87134",
     "m18_131087_87137",
     "m18_131090_87134",
     "m18_131090_87137"
    ],
    "bng_e": 540599.56,
    "bng_n": 183747.22,
    "spread_m": 0.9,
    "datum": "OD Liverpool",
    "source": "OS 1:1056 London 1891-96 via NLS",
    "disputed": false,
    "views": [
     "opus-q:m18_131087_87137@961,30=28.13(h)",
     "opus-s:m18_131087_87137@961,33=28.13(h)",
     "opus-l:m18_131090_87134@193,799=28.13(h)",
     "opus-p:m18_131090_87137@193,30=28.13(h)",
     "opus-n:m18_131087_87134@963,797=28.13(m)"
    ],
    "notes": "house front on the north-south road east of Selwyn Road; text 936-955,20-35; pheon (arrow) apex 961,30, 8x"
   },
   "geometry": {
    "type": "Point",
    "coordinates": [
     0.0257594,
     51.5351276
    ]
   }
  },
  {
   "type": "Feature",
   "properties": {
    "id": "sh_538578_183745",
    "type": "spot",
    "value_ft": 10.9,
    "raw": "10·9",
    "confidence": "low",
    "n_readings": 3,
    "readers": [
     "opus-b",
     "opus-d"
    ],
    "mosaics": [
     "m18_131066_87134",
     "m18_131069_87134"
    ],
    "bng_e": 538578.43,
    "bng_n": 183745.48,
    "spread_m": 0.51,
    "datum": "OD Liverpool",
    "source": "OS 1:1056 London 1891-96 via NLS",
    "disputed": true,
    "values": [
     10.2,
     10.9
    ],
    "values_by_reader": {
     "opus-b": [
      10.9
     ],
     "opus-d": [
      10.2
     ]
    },
    "views": [
     "opus-b:m18_131066_87134@908,653=10.9(l)",
     "opus-d:m18_131066_87134@909,655=10.2(l)",
     "opus-b:m18_131069_87134@141,653=10.9(l)"
    ],
    "notes": "East Street; last digit 9 or 2 at 10x; figures drawn over the terrace; dot taken as the one in the street to the left"
   },
   "geometry": {
    "type": "Point",
    "coordinates": [
     -0.0033626,
     51.5356112
    ]
   }
  },
  {
   "type": "Feature",
   "properties": {
    "id": "sh_541489_183744",
    "type": "bench_mark",
    "value_ft": 34.15,
    "raw": "B.M.34·15",
    "confidence": "high",
    "n_readings": 1,
    "readers": [
     "opus-r"
    ],
    "mosaics": [
     "m18_131099_87134"
    ],
    "bng_e": 541489.34,
    "bng_n": 183744.31,
    "spread_m": 0.0,
    "datum": "OD Liverpool",
    "source": "OS 1:1056 London 1891-96 via NLS",
    "disputed": false,
    "views": [
     "opus-r:m18_131099_87134@279,873=34.15(h)"
    ],
    "notes": "house at Tudor Road / Redclyffe corner block; pheon apex ~25 px W of text on building line; 8x"
   },
   "geometry": {
    "type": "Point",
    "coordinates": [
     0.0385782,
     51.5348793
    ]
   }
  },
  {
   "type": "Feature",
   "properties": {
    "id": "sh_537718_183742",
    "type": "spot",
    "value_ft": 22.7,
    "raw": "22·7",
    "confidence": "medium",
    "n_readings": 3,
    "readers": [
     "opus-h",
     "opus-i"
    ],
    "mosaics": [
     "m18_131057_87134",
     "m18_131060_87134"
    ],
    "bng_e": 537718.37,
    "bng_n": 183742.37,
    "spread_m": 1.96,
    "datum": "OD Liverpool",
    "source": "OS 1:1056 London 1891-96 via NLS",
    "disputed": false,
    "views": [
     "opus-i:m18_131057_87134@900,597=22.7(m)",
     "opus-h:m18_131060_87134@136,604=22.7(m)",
     "opus-i:m18_131060_87134@135,596=22.7(m)"
    ],
    "notes": "foot of the sewer embankment by the Pudding Mill River; digits clear; no dot found, position = centre of figures"
   },
   "geometry": {
    "type": "Point",
    "coordinates": [
     -0.0157562,
     51.5357936
    ]
   }
  },
  {
   "type": "Feature",
   "properties": {
    "id": "sh_537958_183741",
    "type": "spot",
    "value_ft": 17.1,
    "raw": "17·1",
    "confidence": "high",
    "n_readings": 3,
    "readers": [
     "opus-b",
     "opus-h",
     "opus-i"
    ],
    "mosaics": [
     "m18_131060_87134",
     "m18_131063_87134"
    ],
    "bng_e": 537957.56,
    "bng_n": 183740.58,
    "spread_m": 0.28,
    "datum": "OD Liverpool",
    "source": "OS 1:1056 London 1891-96 via NLS",
    "disputed": false,
    "views": [
     "opus-h:m18_131060_87134@777,621=17.1(h)",
     "opus-i:m18_131060_87134@777,622=17.1(h)",
     "opus-b:m18_131063_87134@8,621=17.1(m)"
    ],
    "notes": "City Mill River bank top by the GER; dot/tick left of figures on the bank line"
   },
   "geometry": {
    "type": "Point",
    "coordinates": [
     -0.0123104,
     51.5357191
    ]
   }
  },
  {
   "type": "Feature",
   "properties": {
    "id": "sh_541501_183739",
    "type": "spot",
    "value_ft": 30.8,
    "raw": "30·8",
    "confidence": "high",
    "n_readings": 1,
    "readers": [
     "opus-r"
    ],
    "mosaics": [
     "m18_131099_87134"
    ],
    "bng_e": 541501.41,
    "bng_n": 183738.7,
    "spread_m": 0.0,
    "datum": "OD Liverpool",
    "source": "OS 1:1056 London 1891-96 via NLS",
    "disputed": false,
    "views": [
     "opus-r:m18_131099_87134@311,889=30.8(h)"
    ],
    "notes": "road S of B.M.34·15; dot left of figure; final 8 at 12x smooth and blocky"
   },
   "geometry": {
    "type": "Point",
    "coordinates": [
     0.0387499,
     51.5348259
    ]
   }
  },
  {
   "type": "Feature",
   "properties": {
    "id": "sh_538461_183733",
    "type": "bench_mark",
    "value_ft": 17.54,
    "raw": "B.M.17·54",
    "confidence": "high",
    "n_readings": 2,
    "readers": [
     "opus-b",
     "opus-d"
    ],
    "mosaics": [
     "m18_131066_87134"
    ],
    "bng_e": 538460.87,
    "bng_n": 183733.23,
    "spread_m": 1.05,
    "datum": "OD Liverpool",
    "source": "OS 1:1056 London 1891-96 via NLS",
    "disputed": false,
    "views": [
     "opus-b:m18_131066_87134@590,676=17.54(h)",
     "opus-d:m18_131066_87134@594,680=17.54(h)"
    ],
    "notes": "pheon above the text at the house corner, High Street"
   },
   "geometry": {
    "type": "Point",
    "coordinates": [
     -0.0050613,
     51.53553
    ]
   }
  },
  {
   "type": "Feature",
   "properties": {
    "id": "sh_537980_183730",
    "type": "bench_mark",
    "value_ft": 17.23,
    "raw": "B.M.17·23",
    "confidence": "high",
    "n_readings": 3,
    "readers": [
     "opus-b",
     "opus-h",
     "opus-i"
    ],
    "mosaics": [
     "m18_131060_87134",
     "m18_131063_87134"
    ],
    "bng_e": 537980.08,
    "bng_n": 183729.55,
    "spread_m": 0.63,
    "datum": "OD Liverpool",
    "source": "OS 1:1056 London 1891-96 via NLS",
    "disputed": false,
    "views": [
     "opus-h:m18_131060_87134@838,653=17.23(h)",
     "opus-i:m18_131060_87134@836,652=17.23(h)",
     "opus-b:m18_131063_87134@67,653=17.23(h)"
    ],
    "notes": "abutment at City Mill River/GER; pheon below text; clear at 6x"
   },
   "geometry": {
    "type": "Point",
    "coordinates": [
     -0.0119904,
     51.5356146
    ]
   }
  },
  {
   "type": "Feature",
   "properties": {
    "id": "sh_537725_183727",
    "type": "bench_mark",
    "value_ft": 17.69,
    "raw": "B.M.17·69",
    "confidence": "medium",
    "n_readings": 3,
    "readers": [
     "opus-h",
     "opus-i"
    ],
    "mosaics": [
     "m18_131057_87134",
     "m18_131060_87134"
    ],
    "bng_e": 537725.11,
    "bng_n": 183727.21,
    "spread_m": 0.79,
    "datum": "OD Liverpool",
    "source": "OS 1:1056 London 1891-96 via NLS",
    "disputed": false,
    "views": [
     "opus-h:m18_131060_87134@152,639=17.69(m)",
     "opus-i:m18_131057_87134@920,640=17.69(l)",
     "opus-i:m18_131060_87134@150,642=17.69(l)"
    ],
    "notes": "on the pipe/structure beside the sewer south of Marshgate Lane; digits clear at 6x; no pheon found (the + below-left is a boundary cross), position = centre of text"
   },
   "geometry": {
    "type": "Point",
    "coordinates": [
     -0.015665,
     51.5356557
    ]
   }
  },
  {
   "type": "Feature",
   "properties": {
    "id": "sh_538512_183727",
    "type": "spot",
    "value_ft": 11.8,
    "raw": "11·8",
    "confidence": "medium",
    "n_readings": 2,
    "readers": [
     "opus-b",
     "opus-d"
    ],
    "mosaics": [
     "m18_131066_87134"
    ],
    "bng_e": 538512.42,
    "bng_n": 183727.03,
    "spread_m": 1.25,
    "datum": "OD Liverpool",
    "source": "OS 1:1056 London 1891-96 via NLS",
    "disputed": false,
    "views": [
     "opus-b:m18_131066_87134@727,697=11.8(m)",
     "opus-d:m18_131066_87134@733,700=11.8(m)"
    ],
    "notes": "North Street / West Street corner; digits clear at 10x; figures over a building, no dot found, position = figures"
   },
   "geometry": {
    "type": "Point",
    "coordinates": [
     -0.004321,
     51.5354616
    ]
   }
  },
  {
   "type": "Feature",
   "properties": {
    "id": "sh_541202_183726",
    "type": "spot",
    "value_ft": 28.5,
    "raw": "28·5",
    "confidence": "high",
    "n_readings": 3,
    "readers": [
     "opus-n",
     "opus-p",
     "opus-r"
    ],
    "mosaics": [
     "m18_131096_87134",
     "m18_131096_87137"
    ],
    "bng_e": 541202.17,
    "bng_n": 183725.92,
    "spread_m": 0.75,
    "datum": "OD Liverpool",
    "source": "OS 1:1056 London 1891-96 via NLS",
    "disputed": false,
    "views": [
     "opus-n:m18_131096_87134@275,902=28.5(h)",
     "opus-p:m18_131096_87134@274,899=28.5(h)",
     "opus-r:m18_131096_87137@274,134=28.5(h)"
    ],
    "notes": "road south of the station (tree-lined); dot above figure; 12x"
   },
   "geometry": {
    "type": "Point",
    "coordinates": [
     0.0344333,
     51.5347859
    ]
   }
  },
  {
   "type": "Feature",
   "properties": {
    "id": "sh_540964_183724",
    "type": "spot",
    "value_ft": 28.7,
    "raw": "28·7",
    "confidence": "high",
    "n_readings": 3,
    "readers": [
     "opus-m",
     "opus-n",
     "opus-p"
    ],
    "mosaics": [
     "m18_131093_87134",
     "m18_131093_87137"
    ],
    "bng_e": 540963.93,
    "bng_n": 183724.37,
    "spread_m": 0.35,
    "datum": "OD Liverpool",
    "source": "OS 1:1056 London 1891-96 via NLS",
    "disputed": false,
    "views": [
     "opus-m:m18_131093_87134@402,887=28.7(h)",
     "opus-n:m18_131093_87134@402,887=28.7(h)",
     "opus-p:m18_131093_87137@403,120=28.7(h)"
    ],
    "notes": "HAROLD ROAD; dot left of figure"
   },
   "geometry": {
    "type": "Point",
    "coordinates": [
     0.0310001,
     51.5348315
    ]
   }
  },
  {
   "type": "Feature",
   "properties": {
    "id": "sh_538596_183722",
    "type": "bench_mark",
    "value_ft": 11.58,
    "raw": "B.M.11·58",
    "confidence": "high",
    "n_readings": 3,
    "readers": [
     "opus-b",
     "opus-d"
    ],
    "mosaics": [
     "m18_131066_87134",
     "m18_131069_87134"
    ],
    "bng_e": 538596.19,
    "bng_n": 183722.44,
    "spread_m": 0.99,
    "datum": "OD Liverpool",
    "source": "OS 1:1056 London 1891-96 via NLS",
    "disputed": false,
    "views": [
     "opus-b:m18_131066_87134@956,717=11.58(h)",
     "opus-d:m18_131066_87134@952,717=11.58(h)",
     "opus-b:m18_131069_87134@188,717=11.58(h)"
    ],
    "notes": "pheon right of the text at the corner of South Street"
   },
   "geometry": {
    "type": "Point",
    "coordinates": [
     -0.0031158,
     51.5353999
    ]
   }
  },
  {
   "type": "Feature",
   "properties": {
    "id": "sh_537784_183721",
    "type": "spot",
    "value_ft": 11.7,
    "raw": "11·7",
    "confidence": "high",
    "n_readings": 2,
    "readers": [
     "opus-h",
     "opus-i"
    ],
    "mosaics": [
     "m18_131060_87134"
    ],
    "bng_e": 537784.36,
    "bng_n": 183720.77,
    "spread_m": 0.74,
    "datum": "OD Liverpool",
    "source": "OS 1:1056 London 1891-96 via NLS",
    "disputed": false,
    "views": [
     "opus-h:m18_131060_87134@308,662=11.7(h)",
     "opus-i:m18_131060_87134@312,662=11.7(h)"
    ],
    "notes": "ground south of the sewer embankment under the viaduct; dot above-left; clear at 8x"
   },
   "geometry": {
    "type": "Point",
    "coordinates": [
     -0.0148138,
     51.5355834
    ]
   }
  },
  {
   "type": "Feature",
   "properties": {
    "id": "sh_541457_183718",
    "type": "spot",
    "value_ft": 31.1,
    "raw": "31·1",
    "confidence": "medium",
    "n_readings": 4,
    "readers": [
     "opus-n",
     "opus-p",
     "opus-r"
    ],
    "mosaics": [
     "m18_131096_87134",
     "m18_131096_87137",
     "m18_131099_87134"
    ],
    "bng_e": 541457.3,
    "bng_n": 183718.35,
    "spread_m": 3.7,
    "datum": "OD Liverpool",
    "source": "OS 1:1056 London 1891-96 via NLS",
    "disputed": false,
    "views": [
     "opus-n:m18_131096_87134@960,943=31.1(m)",
     "opus-p:m18_131096_87134@962,931=31.1(m)",
     "opus-r:m18_131096_87137@957,176=31.1(m)",
     "opus-r:m18_131099_87134@189,944=31.1(m)"
    ],
    "notes": "Redclyffe Road east after A of ROAD; no dot beside figure (dot 20 px above is by the lettering); position = centre"
   },
   "geometry": {
    "type": "Point",
    "coordinates": [
     0.0381062,
     51.5346541
    ]
   }
  },
  {
   "type": "Feature",
   "properties": {
    "id": "sh_540596_183716",
    "type": "spot",
    "value_ft": 25.6,
    "raw": "25·6",
    "confidence": "high",
    "n_readings": 5,
    "readers": [
     "opus-l",
     "opus-n",
     "opus-p",
     "opus-q",
     "opus-s"
    ],
    "mosaics": [
     "m18_131087_87134",
     "m18_131087_87137",
     "m18_131090_87134",
     "m18_131090_87137"
    ],
    "bng_e": 540596.48,
    "bng_n": 183716.17,
    "spread_m": 0.3,
    "datum": "OD Liverpool",
    "source": "OS 1:1056 London 1891-96 via NLS",
    "disputed": true,
    "values": [
     25.6,
     25.8
    ],
    "values_by_reader": {
     "opus-l": [
      25.8
     ],
     "opus-n": [
      25.6
     ],
     "opus-p": [
      25.6
     ],
     "opus-q": [
      25.6
     ],
     "opus-s": [
      25.6
     ]
    },
    "views": [
     "opus-n:m18_131087_87134@951,882=25.6(h)",
     "opus-l:m18_131090_87134@183,882=25.8(h)",
     "opus-p:m18_131090_87137@182,114=25.6(h)",
     "opus-s:m18_131087_87137@951,114=25.6(m)",
     "opus-q:m18_131087_87137@951,114=25.6(l)"
    ],
    "notes": "Dacre Road; dot directly above figure; 6 at 10x"
   },
   "geometry": {
    "type": "Point",
    "coordinates": [
     0.0257025,
     51.5348493
    ]
   }
  },
  {
   "type": "Feature",
   "properties": {
    "id": "sh_537996_183716",
    "type": "spot",
    "value_ft": 31.4,
    "raw": "31·4",
    "confidence": "medium",
    "n_readings": 2,
    "readers": [
     "opus-h",
     "opus-i"
    ],
    "mosaics": [
     "m18_131060_87134"
    ],
    "bng_e": 537996.14,
    "bng_n": 183716.12,
    "spread_m": 0.56,
    "datum": "OD Liverpool",
    "source": "OS 1:1056 London 1891-96 via NLS",
    "disputed": false,
    "views": [
     "opus-h:m18_131060_87134@877,690=31.4(m)",
     "opus-i:m18_131060_87134@880,690=31.4(m)"
    ],
    "notes": "GER main line embankment; figures written on the parapet outline 25 px SE of an isolated dot between the rails at 877,690, taken as the survey dot"
   },
   "geometry": {
    "type": "Point",
    "coordinates": [
     -0.0117642,
     51.53549
    ]
   }
  },
  {
   "type": "Feature",
   "properties": {
    "id": "sh_540024_183713",
    "type": "spot",
    "value_ft": 22.1,
    "raw": "22·1",
    "confidence": "medium",
    "n_readings": 2,
    "readers": [
     "opus-q",
     "opus-s"
    ],
    "mosaics": [
     "m18_131084_87134",
     "m18_131084_87137"
    ],
    "bng_e": 540023.63,
    "bng_n": 183713.33,
    "spread_m": 0.0,
    "datum": "OD Liverpool",
    "source": "OS 1:1056 London 1891-96 via NLS",
    "disputed": false,
    "views": [
     "opus-q:m18_131084_87134@180,847=22.1(m)",
     "opus-s:m18_131084_87137@180,79=22.1(m)"
    ],
    "notes": "PARK ROAD among the P A R K lettering; digits clear at 8x; dot directly above figure, may be interpunct"
   },
   "geometry": {
    "type": "Point",
    "coordinates": [
     0.0174478,
     51.5349661
    ]
   }
  },
  {
   "type": "Feature",
   "properties": {
    "id": "sh_538010_183708",
    "type": "spot",
    "value_ft": 31.4,
    "raw": "31·4",
    "confidence": "medium",
    "n_readings": 1,
    "readers": [
     "opus-b"
    ],
    "mosaics": [
     "m18_131063_87134"
    ],
    "bng_e": 538009.59,
    "bng_n": 183707.58,
    "spread_m": 0.0,
    "datum": "OD Liverpool",
    "source": "OS 1:1056 London 1891-96 via NLS",
    "disputed": false,
    "views": [
     "opus-b:m18_131063_87134@146,714=31.4(m)"
    ],
    "notes": "over a bridge structure where the curved road meets the railway; first digit reads 3 at 8x (italic flat-topped); no dot found, position = figures; high value consistent with a road over-bridge"
   },
   "geometry": {
    "type": "Point",
    "coordinates": [
     -0.0115737,
     51.5354099
    ]
   }
  },
  {
   "type": "Feature",
   "properties": {
    "id": "sh_541473_183706",
    "type": "spot",
    "value_ft": 31.1,
    "raw": "31·1",
    "confidence": "high",
    "n_readings": 4,
    "readers": [
     "opus-n",
     "opus-p",
     "opus-r"
    ],
    "mosaics": [
     "m18_131096_87134",
     "m18_131096_87137",
     "m18_131099_87134"
    ],
    "bng_e": 541472.91,
    "bng_n": 183705.97,
    "spread_m": 1.12,
    "datum": "OD Liverpool",
    "source": "OS 1:1056 London 1891-96 via NLS",
    "disputed": false,
    "views": [
     "opus-r:m18_131096_87137@998,207=31.1(h)",
     "opus-r:m18_131099_87134@230,975=31.1(h)",
     "opus-n:m18_131096_87134@1003,975=31.1(m)",
     "opus-p:m18_131096_87134@1001,975=31.1(m)"
    ],
    "notes": "Tudor Road N end; dot below-right of figure before T of TUDOR; 8x/12x"
   },
   "geometry": {
    "type": "Point",
    "coordinates": [
     0.0383261,
     51.534539
    ]
   }
  },
  {
   "type": "Feature",
   "properties": {
    "id": "sh_538429_183704",
    "type": "spot",
    "value_ft": 17.7,
    "raw": "17·7",
    "confidence": "medium",
    "n_readings": 2,
    "readers": [
     "opus-b",
     "opus-d"
    ],
    "mosaics": [
     "m18_131066_87134"
    ],
    "bng_e": 538429.29,
    "bng_n": 183703.59,
    "spread_m": 0.19,
    "datum": "OD Liverpool",
    "source": "OS 1:1056 London 1891-96 via NLS",
    "disputed": false,
    "views": [
     "opus-b:m18_131066_87134@505,755=17.7(m)",
     "opus-d:m18_131066_87134@505,756=17.7(m)"
    ],
    "notes": "High Street by William Street; dot is a tick on the tram rail right of figures"
   },
   "geometry": {
    "type": "Point",
    "coordinates": [
     -0.005528,
     51.5352714
    ]
   }
  },
  {
   "type": "Feature",
   "properties": {
    "id": "sh_537462_183702",
    "type": "bench_mark",
    "value_ft": 13.87,
    "raw": "B.M.13·87",
    "confidence": "high",
    "n_readings": 1,
    "readers": [
     "opus-i"
    ],
    "mosaics": [
     "m18_131057_87134"
    ],
    "bng_e": 537462.46,
    "bng_n": 183701.65,
    "spread_m": 0.0,
    "datum": "OD Liverpool",
    "source": "OS 1:1056 London 1891-96 via NLS",
    "disputed": false,
    "views": [
     "opus-i:m18_131057_87134@212,690=13.87(h)"
    ],
    "notes": "Lea towing-path wall by the wharf; pheon above-right of the text on the wall line"
   },
   "geometry": {
    "type": "Point",
    "coordinates": [
     -0.0194594,
     51.53549
    ]
   }
  },
  {
   "type": "Feature",
   "properties": {
    "id": "sh_537765_183699",
    "type": "spot",
    "value_ft": 17.0,
    "raw": "17·0",
    "confidence": "high",
    "n_readings": 2,
    "readers": [
     "opus-h",
     "opus-i"
    ],
    "mosaics": [
     "m18_131060_87134"
    ],
    "bng_e": 537765.23,
    "bng_n": 183698.71,
    "spread_m": 0.0,
    "datum": "OD Liverpool",
    "source": "OS 1:1056 London 1891-96 via NLS",
    "disputed": false,
    "views": [
     "opus-h:m18_131060_87134@257,720=17.0(h)",
     "opus-i:m18_131060_87134@257,720=17.0(h)"
    ],
    "notes": "path/bank east of the viaduct; dot above-right; clear at 8x"
   },
   "geometry": {
    "type": "Point",
    "coordinates": [
     -0.0150981,
     51.5353899
    ]
   }
  },
  {
   "type": "Feature",
   "properties": {
    "id": "sh_541134_183698",
    "type": "spot",
    "value_ft": 28.2,
    "raw": "28·2",
    "confidence": "high",
    "n_readings": 6,
    "readers": [
     "opus-m",
     "opus-n",
     "opus-p",
     "opus-r"
    ],
    "mosaics": [
     "m18_131093_87134",
     "m18_131093_87137",
     "m18_131096_87134",
     "m18_131096_87137"
    ],
    "bng_e": 541133.87,
    "bng_n": 183698.46,
    "spread_m": 3.69,
    "datum": "OD Liverpool",
    "source": "OS 1:1056 London 1891-96 via NLS",
    "disputed": false,
    "views": [
     "opus-p:m18_131096_87134@94,970=28.2(h)",
     "opus-m:m18_131093_87134@862,969=28.2(m)",
     "opus-n:m18_131093_87134@850,971=28.2(m)",
     "opus-p:m18_131093_87137@862,201=28.2(m)",
     "opus-n:m18_131096_87134@79,971=28.2(m)",
     "opus-r:m18_131096_87137@90,201=28.2(m)"
    ],
    "notes": "same road further west; dot right of the figure; 8x"
   },
   "geometry": {
    "type": "Point",
    "coordinates": [
     0.0334382,
     51.5345562
    ]
   }
  },
  {
   "type": "Feature",
   "properties": {
    "id": "sh_538567_183696",
    "type": "spot",
    "value_ft": 10.2,
    "raw": "10·2",
    "confidence": "medium",
    "n_readings": 5,
    "readers": [
     "opus-a",
     "opus-b",
     "opus-d"
    ],
    "mosaics": [
     "m18_131066_87134",
     "m18_131066_87137",
     "m18_131069_87134",
     "m18_131069_87137"
    ],
    "bng_e": 538567.25,
    "bng_n": 183696.03,
    "spread_m": 1.12,
    "datum": "OD Liverpool",
    "source": "OS 1:1056 London 1891-96 via NLS",
    "disputed": false,
    "views": [
     "opus-b:m18_131066_87134@877,786=10.2(m)",
     "opus-d:m18_131066_87134@875,786=10.2(m)",
     "opus-a:m18_131066_87137@872,18=10.2(m)",
     "opus-b:m18_131069_87134@109,786=10.2(m)",
     "opus-a:m18_131069_87137@106,18=10.2(m)"
    ],
    "notes": "Union Street / South Street junction; dot taken as the interpunct in '·S' of STREET right of figures"
   },
   "geometry": {
    "type": "Point",
    "coordinates": [
     -0.0035432,
     51.5351696
    ]
   }
  },
  {
   "type": "Feature",
   "properties": {
    "id": "sh_537759_183696",
    "type": "spot",
    "value_ft": 17.0,
    "raw": "17·0",
    "confidence": "medium",
    "n_readings": 1,
    "readers": [
     "opus-i"
    ],
    "mosaics": [
     "m18_131057_87134"
    ],
    "bng_e": 537758.98,
    "bng_n": 183695.57,
    "spread_m": 0.0,
    "datum": "OD Liverpool",
    "source": "OS 1:1056 London 1891-96 via NLS",
    "disputed": false,
    "views": [
     "opus-i:m18_131057_87134@1008,728=17.0(m)"
    ],
    "notes": "bank by the Pudding Mill River near the east edge (figure whole, ends ~8 px from the edge); no dot found in +-60 px, position = centre of figures"
   },
   "geometry": {
    "type": "Point",
    "coordinates": [
     -0.0151893,
     51.5353632
    ]
   }
  },
  {
   "type": "Feature",
   "properties": {
    "id": "sh_540890_183695",
    "type": "spot",
    "value_ft": 27.9,
    "raw": "27·9",
    "confidence": "high",
    "n_readings": 5,
    "readers": [
     "opus-l",
     "opus-m",
     "opus-n",
     "opus-p"
    ],
    "mosaics": [
     "m18_131090_87134",
     "m18_131090_87137",
     "m18_131093_87134",
     "m18_131093_87137"
    ],
    "bng_e": 540890.22,
    "bng_n": 183695.27,
    "spread_m": 0.31,
    "datum": "OD Liverpool",
    "source": "OS 1:1056 London 1891-96 via NLS",
    "disputed": false,
    "views": [
     "opus-l:m18_131090_87134@970,960=27.9(h)",
     "opus-p:m18_131090_87137@970,192=27.9(h)",
     "opus-m:m18_131093_87134@203,960=27.9(h)",
     "opus-n:m18_131093_87134@202,961=27.9(h)",
     "opus-p:m18_131093_87137@202,192=27.9(h)"
    ],
    "notes": "road at the south-east corner (H A... lettering); dot above-right of figures at 970,960; 8x"
   },
   "geometry": {
    "type": "Point",
    "coordinates": [
     0.0299265,
     51.5345884
    ]
   }
  },
  {
   "type": "Feature",
   "properties": {
    "id": "sh_540326_183695",
    "type": "spot",
    "value_ft": 25.8,
    "raw": "25·8",
    "confidence": "low",
    "n_readings": 2,
    "readers": [
     "opus-s"
    ],
    "mosaics": [
     "m18_131084_87137",
     "m18_131087_87137"
    ],
    "bng_e": 540326.46,
    "bng_n": 183694.96,
    "spread_m": 0.37,
    "datum": "OD Liverpool",
    "source": "OS 1:1056 London 1891-96 via NLS",
    "disputed": false,
    "views": [
     "opus-s:m18_131084_87137@992,150=25.8(l)",
     "opus-s:m18_131087_87137@224,152=25.8(l)"
    ],
    "notes": "road east of Milton Road (north); final digit 8 or 3 at 12x (same figure is whole on m18_131087_87137 at 224,152, where 9x favours 3 and blocky favours 8); no dot next to figure (nearest 970,157), position = centre of figures"
   },
   "geometry": {
    "type": "Point",
    "coordinates": [
     0.0218037,
     51.5347258
    ]
   }
  },
  {
   "type": "Feature",
   "properties": {
    "id": "sh_538723_183693",
    "type": "spot",
    "value_ft": 17.3,
    "raw": "17·3",
    "confidence": "medium",
    "n_readings": 2,
    "readers": [
     "opus-a",
     "opus-b"
    ],
    "mosaics": [
     "m18_131069_87134",
     "m18_131069_87137"
    ],
    "bng_e": 538723.33,
    "bng_n": 183693.05,
    "spread_m": 0.19,
    "datum": "OD Liverpool",
    "source": "OS 1:1056 London 1891-96 via NLS",
    "disputed": false,
    "views": [
     "opus-b:m18_131069_87134@526,806=17.3(m)",
     "opus-a:m18_131069_87137@526,37=17.3(l)"
    ],
    "notes": "goods-depot embankment; last digit 3 (possibly 8); dot a tick on the embankment line left of figures"
   },
   "geometry": {
    "type": "Point",
    "coordinates": [
     -0.0012955,
     51.5351046
    ]
   }
  },
  {
   "type": "Feature",
   "properties": {
    "id": "sh_540318_183692",
    "type": "spot",
    "value_ft": 25.8,
    "raw": "25·8",
    "confidence": "high",
    "n_readings": 3,
    "readers": [
     "opus-n",
     "opus-q"
    ],
    "mosaics": [
     "m18_131084_87134",
     "m18_131087_87134",
     "m18_131087_87137"
    ],
    "bng_e": 540317.6,
    "bng_n": 183692.24,
    "spread_m": 0.75,
    "datum": "OD Liverpool",
    "source": "OS 1:1056 London 1891-96 via NLS",
    "disputed": false,
    "views": [
     "opus-q:m18_131084_87134@969,926=25.8(h)",
     "opus-q:m18_131087_87137@201,157=25.8(h)",
     "opus-n:m18_131087_87134@198,926=25.8(m)"
    ],
    "notes": "Pelly Road south; digits clear at 8x; isolated dot in the road 13 px left of figure"
   },
   "geometry": {
    "type": "Point",
    "coordinates": [
     0.0216749,
     51.5347036
    ]
   }
  },
  {
   "type": "Feature",
   "properties": {
    "id": "sh_541361_183690",
    "type": "spot",
    "value_ft": 30.2,
    "raw": "30·2",
    "confidence": "high",
    "n_readings": 3,
    "readers": [
     "opus-n",
     "opus-p",
     "opus-r"
    ],
    "mosaics": [
     "m18_131096_87134",
     "m18_131096_87137"
    ],
    "bng_e": 541360.66,
    "bng_n": 183690.1,
    "spread_m": 0.55,
    "datum": "OD Liverpool",
    "source": "OS 1:1056 London 1891-96 via NLS",
    "disputed": false,
    "views": [
     "opus-n:m18_131096_87134@698,1009=30.2(h)",
     "opus-p:m18_131096_87134@698,1009=30.2(h)",
     "opus-r:m18_131096_87137@696,242=30.2(h)"
    ],
    "notes": "Redclyffe Road west end; dot right of figure before R; figure whole (ends ~1017)"
   },
   "geometry": {
    "type": "Point",
    "coordinates": [
     0.0367025,
     51.5344244
    ]
   }
  },
  {
   "type": "Feature",
   "properties": {
    "id": "sh_537475_183683",
    "type": "spot",
    "value_ft": 14.6,
    "raw": "14·6",
    "confidence": "high",
    "n_readings": 1,
    "readers": [
     "opus-i"
    ],
    "mosaics": [
     "m18_131057_87134"
    ],
    "bng_e": 537474.51,
    "bng_n": 183683.04,
    "spread_m": 0.0,
    "datum": "OD Liverpool",
    "source": "OS 1:1056 London 1891-96 via NLS",
    "disputed": false,
    "views": [
     "opus-i:m18_131057_87134@243,741=14.6(h)"
    ],
    "notes": "Lea towing path; dot right of figure between the path lines"
   },
   "geometry": {
    "type": "Point",
    "coordinates": [
     -0.0192931,
     51.5353198
    ]
   }
  },
  {
   "type": "Feature",
   "properties": {
    "id": "sh_541300_183679",
    "type": "spot",
    "value_ft": 29.7,
    "raw": "29·7",
    "confidence": "medium",
    "n_readings": 1,
    "readers": [
     "opus-r"
    ],
    "mosaics": [
     "m18_131096_87137"
    ],
    "bng_e": 541299.79,
    "bng_n": 183678.87,
    "spread_m": 0.0,
    "datum": "OD Liverpool",
    "source": "OS 1:1056 London 1891-96 via NLS",
    "disputed": false,
    "views": [
     "opus-r:m18_131096_87137@533,267=29.7(m)"
    ],
    "notes": "Green Street at Rochester Avenue / Redclyffe Road junction; two small dots right of figure, first taken as survey dot; F.P. above; 8x/12x"
   },
   "geometry": {
    "type": "Point",
    "coordinates": [
     0.0358209,
     51.5343388
    ]
   }
  },
  {
   "type": "Feature",
   "properties": {
    "id": "sh_540856_183673",
    "type": "bench_mark",
    "value_ft": 30.3,
    "raw": "B.M.30·30",
    "confidence": "high",
    "n_readings": 5,
    "readers": [
     "opus-l",
     "opus-m",
     "opus-n",
     "opus-p"
    ],
    "mosaics": [
     "m18_131090_87134",
     "m18_131090_87137",
     "m18_131093_87134",
     "m18_131093_87137"
    ],
    "bng_e": 540855.75,
    "bng_n": 183673.44,
    "spread_m": 1.26,
    "datum": "OD Liverpool",
    "source": "OS 1:1056 London 1891-96 via NLS",
    "disputed": false,
    "views": [
     "opus-p:m18_131090_87137@876,250=30.3(h)",
     "opus-m:m18_131093_87134@108,1018=30.3(h)",
     "opus-n:m18_131093_87134@108,1013=30.3(h)",
     "opus-p:m18_131093_87137@108,250=30.3(h)",
     "opus-l:m18_131090_87134@876,1015=30.3(m)"
    ],
    "notes": "house front on the same road; pheon below the text on the building line; both 3s identical looped italic 3s at 14x (80/90 impossible here)"
   },
   "geometry": {
    "type": "Point",
    "coordinates": [
     0.0294212,
     51.5344008
    ]
   }
  },
  {
   "type": "Feature",
   "properties": {
    "id": "sh_540602_183671",
    "type": "spot",
    "value_ft": 25.0,
    "raw": "25·0",
    "confidence": "high",
    "n_readings": 5,
    "readers": [
     "opus-l",
     "opus-n",
     "opus-p",
     "opus-q",
     "opus-s"
    ],
    "mosaics": [
     "m18_131087_87134",
     "m18_131087_87137",
     "m18_131090_87134",
     "m18_131090_87137"
    ],
    "bng_e": 540601.52,
    "bng_n": 183671.07,
    "spread_m": 0.48,
    "datum": "OD Liverpool",
    "source": "OS 1:1056 London 1891-96 via NLS",
    "disputed": false,
    "views": [
     "opus-n:m18_131087_87134@960,1003=25.0(h)",
     "opus-q:m18_131087_87137@962,236=25.0(h)",
     "opus-s:m18_131087_87137@961,236=25.0(h)",
     "opus-l:m18_131090_87134@193,1004=25.0(h)",
     "opus-p:m18_131090_87137@193,236=25.0(h)"
    ],
    "notes": "Dacre Road south; dot directly above figure; figure whole (ends ~1011)"
   },
   "geometry": {
    "type": "Point",
    "coordinates": [
     0.0257573,
     51.5344429
    ]
   }
  },
  {
   "type": "Feature",
   "properties": {
    "id": "sh_541065_183670",
    "type": "spot",
    "value_ft": 28.1,
    "raw": "28·1",
    "confidence": "medium",
    "n_readings": 1,
    "readers": [
     "opus-p"
    ],
    "mosaics": [
     "m18_131093_87137"
    ],
    "bng_e": 541065.08,
    "bng_n": 183670.49,
    "spread_m": 0.0,
    "datum": "OD Liverpool",
    "source": "OS 1:1056 London 1891-96 via NLS",
    "disputed": false,
    "views": [
     "opus-p:m18_131093_87137@670,272=28.1(m)"
    ],
    "notes": "tree-lined road south of the railway; raised dot right of the 1, next to the F.P.'s own leading dot at 675,276; 12x"
   },
   "geometry": {
    "type": "Point",
    "coordinates": [
     0.032436,
     51.5343221
    ]
   }
  },
  {
   "type": "Feature",
   "properties": {
    "id": "sh_540818_183667",
    "type": "spot",
    "value_ft": 27.2,
    "raw": "27·2",
    "confidence": "high",
    "n_readings": 1,
    "readers": [
     "opus-p"
    ],
    "mosaics": [
     "m18_131090_87137"
    ],
    "bng_e": 540817.97,
    "bng_n": 183666.6,
    "spread_m": 0.0,
    "datum": "OD Liverpool",
    "source": "OS 1:1056 London 1891-96 via NLS",
    "disputed": false,
    "views": [
     "opus-p:m18_131090_87137@774,264=27.2(h)"
    ],
    "notes": "same road further east; dot above the final 2 (blocky 12x)"
   },
   "geometry": {
    "type": "Point",
    "coordinates": [
     0.028874,
     51.5343488
    ]
   }
  },
  {
   "type": "Feature",
   "properties": {
    "id": "sh_541072_183666",
    "type": "bench_mark",
    "value_ft": 30.63,
    "raw": "B.M.30·6?",
    "confidence": "low",
    "n_readings": 1,
    "readers": [
     "opus-p"
    ],
    "mosaics": [
     "m18_131093_87137"
    ],
    "bng_e": 541071.9,
    "bng_n": 183666.22,
    "spread_m": 0.0,
    "datum": "OD Liverpool",
    "source": "OS 1:1056 London 1891-96 via NLS",
    "disputed": false,
    "views": [
     "opus-p:m18_131093_87137@688,284=30.63(l)"
    ],
    "notes": "text below 28.1 above a dotted tree enclosure; final digit 3 or 8 at 12x (alternative 30.68); pheon uncertain: V with shaft on the end-of-terrace corner ~30 px east of the text"
   },
   "geometry": {
    "type": "Point",
    "coordinates": [
     0.0325325,
     51.534282
    ]
   }
  },
  {
   "type": "Feature",
   "properties": {
    "id": "sh_538065_183665",
    "type": "spot",
    "value_ft": 11.6,
    "raw": "11·6",
    "confidence": "high",
    "n_readings": 2,
    "readers": [
     "opus-b"
    ],
    "mosaics": [
     "m18_131063_87134",
     "m18_131063_87137"
    ],
    "bng_e": 538065.47,
    "bng_n": 183665.28,
    "spread_m": 0.0,
    "datum": "OD Liverpool",
    "source": "OS 1:1056 London 1891-96 via NLS",
    "disputed": false,
    "views": [
     "opus-b:m18_131063_87134@293,832=11.6(h)",
     "opus-b:m18_131063_87137@293,64=11.6(h)"
    ],
    "notes": "Northern Outfall Sewer embankment path near its west end; dot right of figures; same mark appears at 293,64 in m18_131063_87137"
   },
   "geometry": {
    "type": "Point",
    "coordinates": [
     -0.0107851,
     51.5350161
    ]
   }
  },
  {
   "type": "Feature",
   "properties": {
    "id": "sh_538543_183662",
    "type": "spot",
    "value_ft": 10.6,
    "raw": "10·6",
    "confidence": "high",
    "n_readings": 5,
    "readers": [
     "opus-a",
     "opus-b",
     "opus-d"
    ],
    "mosaics": [
     "m18_131066_87134",
     "m18_131066_87137",
     "m18_131069_87134",
     "m18_131069_87137"
    ],
    "bng_e": 538543.08,
    "bng_n": 183661.95,
    "spread_m": 0.89,
    "datum": "OD Liverpool",
    "source": "OS 1:1056 London 1891-96 via NLS",
    "disputed": false,
    "views": [
     "opus-b:m18_131066_87134@807,876=10.6(h)",
     "opus-d:m18_131066_87134@810,876=10.6(h)",
     "opus-a:m18_131066_87137@807,108=10.6(h)",
     "opus-b:m18_131069_87134@39,876=10.6(h)",
     "opus-a:m18_131069_87137@39,108=10.6(h)"
    ],
    "notes": "yard south of South Street; dot above-left"
   },
   "geometry": {
    "type": "Point",
    "coordinates": [
     -0.0039047,
     51.5348693
    ]
   }
  },
  {
   "type": "Feature",
   "properties": {
    "id": "sh_538482_183660",
    "type": "bench_mark",
    "value_ft": 17.6,
    "raw": "B.M.17·60",
    "confidence": "medium",
    "n_readings": 3,
    "readers": [
     "opus-a",
     "opus-b",
     "opus-d"
    ],
    "mosaics": [
     "m18_131066_87134",
     "m18_131066_87137"
    ],
    "bng_e": 538482.35,
    "bng_n": 183660.17,
    "spread_m": 0.87,
    "datum": "OD Liverpool",
    "source": "OS 1:1056 London 1891-96 via NLS",
    "disputed": false,
    "views": [
     "opus-b:m18_131066_87134@645,877=17.6(m)",
     "opus-d:m18_131066_87134@644,878=17.6(m)",
     "opus-a:m18_131066_87137@644,106=17.6(m)"
    ],
    "notes": "text is on the building by Union Court; the nearest pheon is ~50 px SW at the corner of Union Street, taken as the mark"
   },
   "geometry": {
    "type": "Point",
    "coordinates": [
     -0.0047806,
     51.5348682
    ]
   }
  },
  {
   "type": "Feature",
   "properties": {
    "id": "sh_538397_183656",
    "type": "spot",
    "value_ft": 21.9,
    "raw": "21·9",
    "confidence": "medium",
    "n_readings": 3,
    "readers": [
     "opus-a",
     "opus-b",
     "opus-d"
    ],
    "mosaics": [
     "m18_131066_87134",
     "m18_131066_87137"
    ],
    "bng_e": 538397.44,
    "bng_n": 183656.49,
    "spread_m": 0.83,
    "datum": "OD Liverpool",
    "source": "OS 1:1056 London 1891-96 via NLS",
    "disputed": true,
    "values": [
     21.3,
     21.9
    ],
    "values_by_reader": {
     "opus-a": [
      21.3
     ],
     "opus-b": [
      21.9
     ],
     "opus-d": [
      21.9
     ]
    },
    "views": [
     "opus-d:m18_131066_87134@416,878=21.9(m)",
     "opus-a:m18_131066_87137@418,113=21.3(m)",
     "opus-b:m18_131066_87134@414,881=21.9(l)"
    ],
    "notes": "High Street tramway (bridge approach) by the Sun. School; dot on the rail left of figures at 8x; final digit read as 9 (closed top loop), 3 not wholly excluded"
   },
   "geometry": {
    "type": "Point",
    "coordinates": [
     -0.0060055,
     51.534856
    ]
   }
  },
  {
   "type": "Feature",
   "properties": {
    "id": "sh_538486_183653",
    "type": "spot",
    "value_ft": 15.6,
    "raw": "15·6",
    "confidence": "medium",
    "n_readings": 3,
    "readers": [
     "opus-a",
     "opus-b",
     "opus-d"
    ],
    "mosaics": [
     "m18_131066_87134",
     "m18_131066_87137"
    ],
    "bng_e": 538485.89,
    "bng_n": 183653.09,
    "spread_m": 1.0,
    "datum": "OD Liverpool",
    "source": "OS 1:1056 London 1891-96 via NLS",
    "disputed": true,
    "values": [
     15.6,
     15.8
    ],
    "values_by_reader": {
     "opus-a": [
      15.8
     ],
     "opus-b": [
      15.6
     ],
     "opus-d": [
      15.6
     ]
    },
    "views": [
     "opus-b:m18_131066_87134@653,897=15.6(m)",
     "opus-d:m18_131066_87134@654,897=15.6(m)",
     "opus-a:m18_131066_87137@653,125=15.8(m)"
    ],
    "notes": "Union Street; dot taken as the interpunct in 'O·N' of UNION, below the figures"
   },
   "geometry": {
    "type": "Point",
    "coordinates": [
     -0.0047323,
     51.5348037
    ]
   }
  },
  {
   "type": "Feature",
   "properties": {
    "id": "sh_540015_183647",
    "type": "spot",
    "value_ft": 20.3,
    "raw": "20·3",
    "confidence": "high",
    "n_readings": 1,
    "readers": [
     "opus-s"
    ],
    "mosaics": [
     "m18_131084_87137"
    ],
    "bng_e": 540015.03,
    "bng_n": 183647.37,
    "spread_m": 0.0,
    "datum": "OD Liverpool",
    "source": "OS 1:1056 London 1891-96 via NLS",
    "disputed": false,
    "views": [
     "opus-s:m18_131084_87137@152,256=20.3(h)"
    ],
    "notes": "Park Road; dot above figure; open 3 clear at 12x"
   },
   "geometry": {
    "type": "Point",
    "coordinates": [
     0.0172976,
     51.5343755
    ]
   }
  },
  {
   "type": "Feature",
   "properties": {
    "id": "sh_537822_183647",
    "type": "spot",
    "value_ft": 22.5,
    "raw": "22·5",
    "confidence": "high",
    "n_readings": 2,
    "readers": [
     "opus-h",
     "opus-i"
    ],
    "mosaics": [
     "m18_131060_87134"
    ],
    "bng_e": 537821.55,
    "bng_n": 183646.77,
    "spread_m": 0.93,
    "datum": "OD Liverpool",
    "source": "OS 1:1056 London 1891-96 via NLS",
    "disputed": false,
    "views": [
     "opus-h:m18_131060_87134@407,864=22.5(h)",
     "opus-i:m18_131060_87134@402,864=22.5(h)"
    ],
    "notes": "road junction south of the sewer by the W.M. (Carpenter's Road approach); dot above-left"
   },
   "geometry": {
    "type": "Point",
    "coordinates": [
     -0.0143069,
     51.5349094
    ]
   }
  },
  {
   "type": "Feature",
   "properties": {
    "id": "sh_540743_183636",
    "type": "spot",
    "value_ft": 25.7,
    "raw": "25·7",
    "confidence": "high",
    "n_readings": 1,
    "readers": [
     "opus-p"
    ],
    "mosaics": [
     "m18_131090_87137"
    ],
    "bng_e": 540742.85,
    "bng_n": 183636.29,
    "spread_m": 0.0,
    "datum": "OD Liverpool",
    "source": "OS 1:1056 London 1891-96 via NLS",
    "disputed": false,
    "views": [
     "opus-p:m18_131090_87137@570,340=25.7(h)"
    ],
    "notes": "new road north of the railway terraces; dot right of the figure; 8x"
   },
   "geometry": {
    "type": "Point",
    "coordinates": [
     0.0277797,
     51.5340952
    ]
   }
  },
  {
   "type": "Feature",
   "properties": {
    "id": "sh_540326_183630",
    "type": "spot",
    "value_ft": 25.1,
    "raw": "25·1",
    "confidence": "high",
    "n_readings": 3,
    "readers": [
     "opus-q",
     "opus-s"
    ],
    "mosaics": [
     "m18_131084_87137",
     "m18_131087_87137"
    ],
    "bng_e": 540326.39,
    "bng_n": 183630.34,
    "spread_m": 0.0,
    "datum": "OD Liverpool",
    "source": "OS 1:1056 London 1891-96 via NLS",
    "disputed": false,
    "views": [
     "opus-s:m18_131084_87137@987,325=25.1(h)",
     "opus-q:m18_131087_87137@219,325=25.1(h)",
     "opus-s:m18_131087_87137@219,325=25.1(h)"
    ],
    "notes": "road east of Milton Road at Charlton Road; dot right of figure, separate from F.P."
   },
   "geometry": {
    "type": "Point",
    "coordinates": [
     0.0217769,
     51.5341452
    ]
   }
  },
  {
   "type": "Feature",
   "properties": {
    "id": "sh_538352_183629",
    "type": "bench_mark",
    "value_ft": 25.87,
    "raw": "B.M.25·87",
    "confidence": "high",
    "n_readings": 1,
    "readers": [
     "opus-b"
    ],
    "mosaics": [
     "m18_131066_87134"
    ],
    "bng_e": 538351.64,
    "bng_n": 183629.25,
    "spread_m": 0.0,
    "datum": "OD Liverpool",
    "source": "OS 1:1056 London 1891-96 via NLS",
    "disputed": false,
    "views": [
     "opus-b:m18_131066_87134@291,950=25.87(h)"
    ],
    "notes": "pheon (bar over arrow) above-left of the text in the Timber Yard"
   },
   "geometry": {
    "type": "Point",
    "coordinates": [
     -0.006676,
     51.5346224
    ]
   }
  },
  {
   "type": "Feature",
   "properties": {
    "id": "sh_538369_183627",
    "type": "bench_mark",
    "value_ft": 25.87,
    "raw": "B.M.25·87",
    "confidence": "high",
    "n_readings": 2,
    "readers": [
     "opus-a",
     "opus-d"
    ],
    "mosaics": [
     "m18_131066_87134",
     "m18_131066_87137"
    ],
    "bng_e": 538368.65,
    "bng_n": 183626.74,
    "spread_m": 0.19,
    "datum": "OD Liverpool",
    "source": "OS 1:1056 London 1891-96 via NLS",
    "disputed": false,
    "views": [
     "opus-d:m18_131066_87134@337,958=25.87(h)",
     "opus-a:m18_131066_87137@336,190=25.87(h)"
    ],
    "notes": "High Street by the Timber Yard; broad arrow 12 px right of the text beyond the end of the rotated '...duct' lettering, 8x"
   },
   "geometry": {
    "type": "Point",
    "coordinates": [
     -0.0064319,
     51.5345957
    ]
   }
  },
  {
   "type": "Feature",
   "properties": {
    "id": "sh_541328_183620",
    "type": "spot",
    "value_ft": 28.6,
    "raw": "28·6",
    "confidence": "low",
    "n_readings": 1,
    "readers": [
     "opus-r"
    ],
    "mosaics": [
     "m18_131096_87137"
    ],
    "bng_e": 541327.85,
    "bng_n": 183620.24,
    "spread_m": 0.0,
    "datum": "OD Liverpool",
    "source": "OS 1:1056 London 1891-96 via NLS",
    "disputed": false,
    "views": [
     "opus-r:m18_131096_87137@604,427=28.6(l)"
    ],
    "notes": "Green Street E side by Nursery, just S of horizontal join; no own dot (large boundary dots W); centre of figures; final 6 smooth vs 6/8 blocky at 10x"
   },
   "geometry": {
    "type": "Point",
    "coordinates": [
     0.0362018,
     51.5338048
    ]
   }
  },
  {
   "type": "Feature",
   "properties": {
    "id": "sh_538530_183620",
    "type": "spot",
    "value_ft": 15.0,
    "raw": "15·0",
    "confidence": "high",
    "n_readings": 5,
    "readers": [
     "opus-a",
     "opus-b",
     "opus-d"
    ],
    "mosaics": [
     "m18_131066_87134",
     "m18_131066_87137",
     "m18_131069_87134",
     "m18_131069_87137"
    ],
    "bng_e": 538529.93,
    "bng_n": 183619.93,
    "spread_m": 0.73,
    "datum": "OD Liverpool",
    "source": "OS 1:1056 London 1891-96 via NLS",
    "disputed": false,
    "views": [
     "opus-b:m18_131066_87134@769,988=15.0(h)",
     "opus-d:m18_131066_87134@769,987=15.0(h)",
     "opus-a:m18_131066_87137@769,220=15.0(h)",
     "opus-b:m18_131069_87134@1,988=15.0(h)",
     "opus-a:m18_131069_87137@2,222=15.0(h)"
    ],
    "notes": "Union Street junction; dot above-left"
   },
   "geometry": {
    "type": "Point",
    "coordinates": [
     -0.0041107,
     51.5344949
    ]
   }
  },
  {
   "type": "Feature",
   "properties": {
    "id": "sh_540666_183613",
    "type": "spot",
    "value_ft": 26.1,
    "raw": "26·1",
    "confidence": "high",
    "n_readings": 1,
    "readers": [
     "opus-p"
    ],
    "mosaics": [
     "m18_131090_87137"
    ],
    "bng_e": 540665.67,
    "bng_n": 183613.36,
    "spread_m": 0.0,
    "datum": "OD Liverpool",
    "source": "OS 1:1056 London 1891-96 via NLS",
    "disputed": false,
    "views": [
     "opus-p:m18_131090_87137@361,396=26.1(h)"
    ],
    "notes": "road corner at the north end of the railway bridge, just south of the py~376 join; dot above-left; 10x"
   },
   "geometry": {
    "type": "Point",
    "coordinates": [
     0.0266585,
     51.5339083
    ]
   }
  },
  {
   "type": "Feature",
   "properties": {
    "id": "sh_538372_183611",
    "type": "spot",
    "value_ft": 24.7,
    "raw": "24·7",
    "confidence": "high",
    "n_readings": 3,
    "readers": [
     "opus-a",
     "opus-b",
     "opus-d"
    ],
    "mosaics": [
     "m18_131066_87134",
     "m18_131066_87137"
    ],
    "bng_e": 538371.63,
    "bng_n": 183610.61,
    "spread_m": 2.28,
    "datum": "OD Liverpool",
    "source": "OS 1:1056 London 1891-96 via NLS",
    "disputed": false,
    "views": [
     "opus-d:m18_131066_87134@344,1005=24.7(h)",
     "opus-a:m18_131066_87137@341,228=24.7(h)",
     "opus-b:m18_131066_87134@345,1004=24.7(m)"
    ],
    "notes": "High Street bridge approach by the P.H. (Aqueduct); dot below the figures at 8x (F.P dot at 352,1010 not used)"
   },
   "geometry": {
    "type": "Point",
    "coordinates": [
     -0.0063953,
     51.53445
    ]
   }
  },
  {
   "type": "Feature",
   "properties": {
    "id": "sh_538742_183610",
    "type": "spot",
    "value_ft": 17.5,
    "raw": "17·5",
    "confidence": "medium",
    "n_readings": 1,
    "readers": [
     "opus-a"
    ],
    "mosaics": [
     "m18_131069_87137"
    ],
    "bng_e": 538741.97,
    "bng_n": 183610.19,
    "spread_m": 0.0,
    "datum": "OD Liverpool",
    "source": "OS 1:1056 London 1891-96 via NLS",
    "disputed": false,
    "views": [
     "opus-a:m18_131069_87137@570,262=17.5(m)"
    ],
    "notes": "railway embankment; dot estimated"
   },
   "geometry": {
    "type": "Point",
    "coordinates": [
     -0.0010595,
     51.5343554
    ]
   }
  },
  {
   "type": "Feature",
   "properties": {
    "id": "sh_539970_183610",
    "type": "spot",
    "value_ft": 18.2,
    "raw": "18·2",
    "confidence": "high",
    "n_readings": 1,
    "readers": [
     "opus-s"
    ],
    "mosaics": [
     "m18_131084_87137"
    ],
    "bng_e": 539969.89,
    "bng_n": 183610.1,
    "spread_m": 0.0,
    "datum": "OD Liverpool",
    "source": "OS 1:1056 London 1891-96 via NLS",
    "disputed": false,
    "views": [
     "opus-s:m18_131084_87137@28,353=18.2(h)"
    ],
    "notes": "Park Road south end near West Ham Lane corner; dot left-above figure; clear at 12x"
   },
   "geometry": {
    "type": "Point",
    "coordinates": [
     0.0166324,
     51.5340518
    ]
   }
  },
  {
   "type": "Feature",
   "properties": {
    "id": "sh_537500_183608",
    "type": "spot",
    "value_ft": 14.2,
    "raw": "14·2",
    "confidence": "high",
    "n_readings": 1,
    "readers": [
     "opus-i"
    ],
    "mosaics": [
     "m18_131057_87134"
    ],
    "bng_e": 537500.38,
    "bng_n": 183607.61,
    "spread_m": 0.0,
    "datum": "OD Liverpool",
    "source": "OS 1:1056 London 1891-96 via NLS",
    "disputed": false,
    "views": [
     "opus-i:m18_131057_87134@307,946=14.2(h)"
    ],
    "notes": "towing path / lane west of the railway; dot left of figure"
   },
   "geometry": {
    "type": "Point",
    "coordinates": [
     -0.0189498,
     51.5346357
    ]
   }
  },
  {
   "type": "Feature",
   "properties": {
    "id": "sh_538088_183603",
    "type": "spot",
    "value_ft": 15.0,
    "raw": "15·0",
    "confidence": "medium",
    "n_readings": 2,
    "readers": [
     "opus-b"
    ],
    "mosaics": [
     "m18_131063_87134",
     "m18_131063_87137"
    ],
    "bng_e": 538088.01,
    "bng_n": 183602.95,
    "spread_m": 0.19,
    "datum": "OD Liverpool",
    "source": "OS 1:1056 London 1891-96 via NLS",
    "disputed": false,
    "views": [
     "opus-b:m18_131063_87134@349,1002=15.0(m)",
     "opus-b:m18_131063_87137@349,233=15.0(m)"
    ],
    "notes": "by Laboratory Yard; no dot found in 80 px window, position = figures; duplicated in m18_131063_87137 at 349,233"
   },
   "geometry": {
    "type": "Point",
    "coordinates": [
     -0.0104847,
     51.5344505
    ]
   }
  },
  {
   "type": "Feature",
   "properties": {
    "id": "sh_541036_183602",
    "type": "spot",
    "value_ft": 26.9,
    "raw": "26·9",
    "confidence": "high",
    "n_readings": 1,
    "readers": [
     "opus-p"
    ],
    "mosaics": [
     "m18_131093_87137"
    ],
    "bng_e": 541036.08,
    "bng_n": 183602.1,
    "spread_m": 0.0,
    "datum": "OD Liverpool",
    "source": "OS 1:1056 London 1891-96 via NLS",
    "disputed": false,
    "views": [
     "opus-p:m18_131093_87137@587,454=26.9(h)"
    ],
    "notes": "road north-east of St. Mary's Road by the terrace end, south of the py~378 join; dot left of the figure; open-topped 6 at 12x"
   },
   "geometry": {
    "type": "Point",
    "coordinates": [
     0.0319907,
     51.5337148
    ]
   }
  },
  {
   "type": "Feature",
   "properties": {
    "id": "sh_540008_183596",
    "type": "spot",
    "value_ft": 19.1,
    "raw": "19·1",
    "confidence": "high",
    "n_readings": 1,
    "readers": [
     "opus-s"
    ],
    "mosaics": [
     "m18_131084_87137"
    ],
    "bng_e": 540007.52,
    "bng_n": 183595.54,
    "spread_m": 0.0,
    "datum": "OD Liverpool",
    "source": "OS 1:1056 London 1891-96 via NLS",
    "disputed": false,
    "views": [
     "opus-s:m18_131084_87137@128,395=19.1(h)"
    ],
    "notes": "Stratford Road west end, south of the sheet join; dot left of figure"
   },
   "geometry": {
    "type": "Point",
    "coordinates": [
     0.0171688,
     51.5339116
    ]
   }
  },
  {
   "type": "Feature",
   "properties": {
    "id": "sh_538113_183595",
    "type": "bench_mark",
    "value_ft": 16.92,
    "raw": "B.M.16·92",
    "confidence": "high",
    "n_readings": 1,
    "readers": [
     "opus-b"
    ],
    "mosaics": [
     "m18_131063_87137"
    ],
    "bng_e": 538112.79,
    "bng_n": 183595.27,
    "spread_m": 0.0,
    "datum": "OD Liverpool",
    "source": "OS 1:1056 London 1891-96 via NLS",
    "disputed": false,
    "views": [
     "opus-b:m18_131063_87137@415,256=16.92(h)"
    ],
    "notes": "pheon above the text at the corner of the Laboratory Yard terrace"
   },
   "geometry": {
    "type": "Point",
    "coordinates": [
     -0.0101307,
     51.5343755
    ]
   }
  },
  {
   "type": "Feature",
   "properties": {
    "id": "sh_540220_183593",
    "type": "spot",
    "value_ft": 24.8,
    "raw": "24·8",
    "confidence": "medium",
    "n_readings": 1,
    "readers": [
     "opus-s"
    ],
    "mosaics": [
     "m18_131084_87137"
    ],
    "bng_e": 540219.82,
    "bng_n": 183592.86,
    "spread_m": 0.0,
    "datum": "OD Liverpool",
    "source": "OS 1:1056 London 1891-96 via NLS",
    "disputed": false,
    "views": [
     "opus-s:m18_131084_87137@698,418=24.8(m)"
    ],
    "notes": "Chapman Road, on the Mission Room plot; dot immediately left of figure (another dot above the M of CHAPMAN); final 8 closed at 12x"
   },
   "geometry": {
    "type": "Point",
    "coordinates": [
     0.0202266,
     51.5338349
    ]
   }
  },
  {
   "type": "Feature",
   "properties": {
    "id": "sh_540610_183592",
    "type": "spot",
    "value_ft": 25.3,
    "raw": "25·3",
    "confidence": "high",
    "n_readings": 3,
    "readers": [
     "opus-p",
     "opus-q",
     "opus-s"
    ],
    "mosaics": [
     "m18_131087_87137",
     "m18_131090_87137"
    ],
    "bng_e": 540610.41,
    "bng_n": 183592.15,
    "spread_m": 0.37,
    "datum": "OD Liverpool",
    "source": "OS 1:1056 London 1891-96 via NLS",
    "disputed": false,
    "views": [
     "opus-q:m18_131087_87137@979,450=25.3(h)",
     "opus-s:m18_131087_87137@979,448=25.3(h)",
     "opus-p:m18_131090_87137@211,449=25.3(h)"
    ],
    "notes": "Terrace Road east end below F.P.; digits clear at 8x; isolated dot left of figure"
   },
   "geometry": {
    "type": "Point",
    "coordinates": [
     0.0258538,
     51.5337314
    ]
   }
  },
  {
   "type": "Feature",
   "properties": {
    "id": "sh_538518_183590",
    "type": "bench_mark",
    "value_ft": 16.67,
    "raw": "B.M.16·67",
    "confidence": "high",
    "n_readings": 1,
    "readers": [
     "opus-a"
    ],
    "mosaics": [
     "m18_131066_87137"
    ],
    "bng_e": 538518.02,
    "bng_n": 183589.97,
    "spread_m": 0.0,
    "datum": "OD Liverpool",
    "source": "OS 1:1056 London 1891-96 via NLS",
    "disputed": false,
    "views": [
     "opus-a:m18_131066_87137@735,300=16.67(h)"
    ],
    "notes": "pheon left of text at corner house, Stanley Road"
   },
   "geometry": {
    "type": "Point",
    "coordinates": [
     -0.0042942,
     51.5342286
    ]
   }
  },
  {
   "type": "Feature",
   "properties": {
    "id": "sh_540173_183587",
    "type": "spot",
    "value_ft": 23.9,
    "raw": "23·9",
    "confidence": "high",
    "n_readings": 1,
    "readers": [
     "opus-s"
    ],
    "mosaics": [
     "m18_131084_87137"
    ],
    "bng_e": 540172.69,
    "bng_n": 183587.1,
    "spread_m": 0.0,
    "datum": "OD Liverpool",
    "source": "OS 1:1056 London 1891-96 via NLS",
    "disputed": false,
    "views": [
     "opus-s:m18_131084_87137@571,430=23.9(h)"
    ],
    "notes": "Brook's Road south end; dot left of figure; clear at 12x"
   },
   "geometry": {
    "type": "Point",
    "coordinates": [
     0.0195453,
     51.5337948
    ]
   }
  },
  {
   "type": "Feature",
   "properties": {
    "id": "sh_540276_183585",
    "type": "bench_mark",
    "value_ft": 26.92,
    "raw": "B.M.26·92",
    "confidence": "high",
    "n_readings": 3,
    "readers": [
     "opus-q",
     "opus-s"
    ],
    "mosaics": [
     "m18_131084_87137",
     "m18_131087_87137"
    ],
    "bng_e": 540275.63,
    "bng_n": 183585.36,
    "spread_m": 0.35,
    "datum": "OD Liverpool",
    "source": "OS 1:1056 London 1891-96 via NLS",
    "disputed": false,
    "views": [
     "opus-s:m18_131084_87137@847,442=26.92(h)",
     "opus-q:m18_131087_87137@80,443=26.92(h)",
     "opus-s:m18_131087_87137@79,442=26.92(h)"
    ],
    "notes": "Chapman Road / Milton Road corner; pheon on building corner ~25 px NE of text; digits clear at 12x"
   },
   "geometry": {
    "type": "Point",
    "coordinates": [
     0.0210276,
     51.5337537
    ]
   }
  },
  {
   "type": "Feature",
   "properties": {
    "id": "sh_541345_183585",
    "type": "spot",
    "value_ft": 27.7,
    "raw": "27·7",
    "confidence": "medium",
    "n_readings": 1,
    "readers": [
     "opus-r"
    ],
    "mosaics": [
     "m18_131096_87137"
    ],
    "bng_e": 541344.84,
    "bng_n": 183585.06,
    "spread_m": 0.0,
    "datum": "OD Liverpool",
    "source": "OS 1:1056 London 1891-96 via NLS",
    "disputed": false,
    "views": [
     "opus-r:m18_131096_87137@647,523=27.7(m)"
    ],
    "notes": "Green Street at Tudor Road corner; no own dot (kerb line and large boundary dots only); centre of figures; 8x"
   },
   "geometry": {
    "type": "Point",
    "coordinates": [
     0.0364325,
     51.5334845
    ]
   }
  },
  {
   "type": "Feature",
   "properties": {
    "id": "sh_541025_183584",
    "type": "spot",
    "value_ft": 26.6,
    "raw": "26·6",
    "confidence": "high",
    "n_readings": 1,
    "readers": [
     "opus-p"
    ],
    "mosaics": [
     "m18_131093_87137"
    ],
    "bng_e": 541025.4,
    "bng_n": 183584.35,
    "spread_m": 0.0,
    "datum": "OD Liverpool",
    "source": "OS 1:1056 London 1891-96 via NLS",
    "disputed": false,
    "views": [
     "opus-p:m18_131093_87137@557,501=26.6(h)"
    ],
    "notes": "same road; dot above the figure; both 6s alike at 12x"
   },
   "geometry": {
    "type": "Point",
    "coordinates": [
     0.0318298,
     51.5335579
    ]
   }
  },
  {
   "type": "Feature",
   "properties": {
    "id": "sh_540338_183584",
    "type": "bench_mark",
    "value_ft": 26.63,
    "raw": "B.M.26·63",
    "confidence": "high",
    "n_readings": 3,
    "readers": [
     "opus-q",
     "opus-s"
    ],
    "mosaics": [
     "m18_131084_87137",
     "m18_131087_87137"
    ],
    "bng_e": 540338.46,
    "bng_n": 183584.13,
    "spread_m": 1.06,
    "datum": "OD Liverpool",
    "source": "OS 1:1056 London 1891-96 via NLS",
    "disputed": false,
    "views": [
     "opus-q:m18_131087_87137@249,453=26.63(h)",
     "opus-s:m18_131084_87137@1015,450=26.63(m)",
     "opus-s:m18_131087_87137@248,448=26.63(m)"
    ],
    "notes": "wall by the road east of Milton Road block; text 196-230,473; pheon apex across the F.P. at the road edge, 8x"
   },
   "geometry": {
    "type": "Point",
    "coordinates": [
     0.0219324,
     51.533727
    ]
   }
  },
  {
   "type": "Feature",
   "properties": {
    "id": "sh_538420_183584",
    "type": "spot",
    "value_ft": 20.1,
    "raw": "20·1",
    "confidence": "high",
    "n_readings": 1,
    "readers": [
     "opus-a"
    ],
    "mosaics": [
     "m18_131066_87137"
    ],
    "bng_e": 538419.52,
    "bng_n": 183583.94,
    "spread_m": 0.0,
    "datum": "OD Liverpool",
    "source": "OS 1:1056 London 1891-96 via NLS",
    "disputed": false,
    "views": [
     "opus-a:m18_131066_87137@470,309=20.1(h)"
    ],
    "notes": "open space north of Livingstone Road"
   },
   "geometry": {
    "type": "Point",
    "coordinates": [
     -0.0057158,
     51.5341986
    ]
   }
  },
  {
   "type": "Feature",
   "properties": {
    "id": "sh_539997_183582",
    "type": "bench_mark",
    "value_ft": 20.2,
    "raw": "B.M.20·20",
    "confidence": "high",
    "n_readings": 1,
    "readers": [
     "opus-s"
    ],
    "mosaics": [
     "m18_131084_87137"
    ],
    "bng_e": 539997.46,
    "bng_n": 183582.27,
    "spread_m": 0.0,
    "datum": "OD Liverpool",
    "source": "OS 1:1056 London 1891-96 via NLS",
    "disputed": false,
    "views": [
     "opus-s:m18_131084_87137@100,430=20.2(h)"
    ],
    "notes": "building at Stratford Road / Valetta Grove corner; pheon ~20 px below-left of text; digits clear at 12x"
   },
   "geometry": {
    "type": "Point",
    "coordinates": [
     0.0170186,
     51.5337948
    ]
   }
  },
  {
   "type": "Feature",
   "properties": {
    "id": "sh_540282_183582",
    "type": "spot",
    "value_ft": 25.1,
    "raw": "25·1",
    "confidence": "high",
    "n_readings": 3,
    "readers": [
     "opus-q",
     "opus-s"
    ],
    "mosaics": [
     "m18_131084_87137",
     "m18_131087_87137"
    ],
    "bng_e": 540282.06,
    "bng_n": 183581.7,
    "spread_m": 0.35,
    "datum": "OD Liverpool",
    "source": "OS 1:1056 London 1891-96 via NLS",
    "disputed": false,
    "views": [
     "opus-s:m18_131084_87137@864,453=25.1(h)",
     "opus-q:m18_131087_87137@97,452=25.1(h)",
     "opus-s:m18_131087_87137@96,453=25.1(h)"
    ],
    "notes": "Milton Road at Chapman Road; dot above figure"
   },
   "geometry": {
    "type": "Point",
    "coordinates": [
     0.0211188,
     51.5337192
    ]
   }
  },
  {
   "type": "Feature",
   "properties": {
    "id": "sh_538516_183577",
    "type": "spot",
    "value_ft": 12.8,
    "raw": "12·8",
    "confidence": "medium",
    "n_readings": 1,
    "readers": [
     "opus-a"
    ],
    "mosaics": [
     "m18_131066_87137"
    ],
    "bng_e": 538516.5,
    "bng_n": 183577.3,
    "spread_m": 0.0,
    "datum": "OD Liverpool",
    "source": "OS 1:1056 London 1891-96 via NLS",
    "disputed": false,
    "views": [
     "opus-a:m18_131066_87137@730,334=12.8(m)"
    ],
    "notes": "Stanley Road"
   },
   "geometry": {
    "type": "Point",
    "coordinates": [
     -0.004321,
     51.5341152
    ]
   }
  },
  {
   "type": "Feature",
   "properties": {
    "id": "sh_540068_183575",
    "type": "spot",
    "value_ft": 20.6,
    "raw": "20·6",
    "confidence": "medium",
    "n_readings": 1,
    "readers": [
     "opus-s"
    ],
    "mosaics": [
     "m18_131084_87137"
    ],
    "bng_e": 540068.04,
    "bng_n": 183574.56,
    "spread_m": 0.0,
    "datum": "OD Liverpool",
    "source": "OS 1:1056 London 1891-96 via NLS",
    "disputed": false,
    "views": [
     "opus-s:m18_131084_87137@289,456=20.6(m)"
    ],
    "notes": "Stratford Road; dot under the R of STRATFORD, may be lettering interpunct; final 6 open-topped at 12x"
   },
   "geometry": {
    "type": "Point",
    "coordinates": [
     0.0180325,
     51.5337081
    ]
   }
  },
  {
   "type": "Feature",
   "properties": {
    "id": "sh_540090_183571",
    "type": "spot",
    "value_ft": 21.5,
    "raw": "21·5",
    "confidence": "medium",
    "n_readings": 1,
    "readers": [
     "opus-s"
    ],
    "mosaics": [
     "m18_131084_87137"
    ],
    "bng_e": 540089.72,
    "bng_n": 183571.44,
    "spread_m": 0.0,
    "datum": "OD Liverpool",
    "source": "OS 1:1056 London 1891-96 via NLS",
    "disputed": false,
    "views": [
     "opus-s:m18_131084_87137@347,466=21.5(m)"
    ],
    "notes": "Stratford Road; dot below figure between A and T of STRATFORD (F.P. dot above is separate)"
   },
   "geometry": {
    "type": "Point",
    "coordinates": [
     0.0183436,
     51.5336747
    ]
   }
  },
  {
   "type": "Feature",
   "properties": {
    "id": "sh_541352_183571",
    "type": "bench_mark",
    "value_ft": 30.35,
    "raw": "B.M.30·35",
    "confidence": "high",
    "n_readings": 1,
    "readers": [
     "opus-r"
    ],
    "mosaics": [
     "m18_131096_87137"
    ],
    "bng_e": 541351.56,
    "bng_n": 183571.13,
    "spread_m": 0.0,
    "datum": "OD Liverpool",
    "source": "OS 1:1056 London 1891-96 via NLS",
    "disputed": false,
    "views": [
     "opus-r:m18_131096_87137@664,561=30.35(h)"
    ],
    "notes": "house front on Green Street E side at Tudor Road; pheon apex below text on building line; final 5 at 10x"
   },
   "geometry": {
    "type": "Point",
    "coordinates": [
     0.0365237,
     51.5333577
    ]
   }
  },
  {
   "type": "Feature",
   "properties": {
    "id": "sh_540691_183563",
    "type": "bench_mark",
    "value_ft": 35.23,
    "raw": "B.M.35·23",
    "confidence": "high",
    "n_readings": 1,
    "readers": [
     "opus-p"
    ],
    "mosaics": [
     "m18_131090_87137"
    ],
    "bng_e": 540691.26,
    "bng_n": 183563.19,
    "spread_m": 0.0,
    "datum": "OD Liverpool",
    "source": "OS 1:1056 London 1891-96 via NLS",
    "disputed": false,
    "views": [
     "opus-p:m18_131090_87137@426,533=35.23(h)"
    ],
    "notes": "road bridge over the Southend Railway; pheon on the bridge parapet above the text at 10x; 5 flat-topped at 14x"
   },
   "geometry": {
    "type": "Point",
    "coordinates": [
     0.0270072,
     51.5334511
    ]
   }
  },
  {
   "type": "Feature",
   "properties": {
    "id": "sh_540536_183562",
    "type": "spot",
    "value_ft": 25.8,
    "raw": "25·8",
    "confidence": "medium",
    "n_readings": 2,
    "readers": [
     "opus-q",
     "opus-s"
    ],
    "mosaics": [
     "m18_131087_87137"
    ],
    "bng_e": 540535.66,
    "bng_n": 183562.23,
    "spread_m": 0.0,
    "datum": "OD Liverpool",
    "source": "OS 1:1056 London 1891-96 via NLS",
    "disputed": false,
    "views": [
     "opus-q:m18_131087_87137@776,524=25.8(m)",
     "opus-s:m18_131087_87137@776,524=25.8(m)"
    ],
    "notes": "TERRACE ROAD before the R of ROAD; digits clear at 8-12x; dot right of figure could be interpunct"
   },
   "geometry": {
    "type": "Point",
    "coordinates": [
     0.0247648,
     51.5334812
    ]
   }
  },
  {
   "type": "Feature",
   "properties": {
    "id": "sh_540996_183562",
    "type": "spot",
    "value_ft": 25.2,
    "raw": "25·2",
    "confidence": "medium",
    "n_readings": 1,
    "readers": [
     "opus-p"
    ],
    "mosaics": [
     "m18_131093_87137"
    ],
    "bng_e": 540995.5,
    "bng_n": 183561.6,
    "spread_m": 0.0,
    "datum": "OD Liverpool",
    "source": "OS 1:1056 London 1891-96 via NLS",
    "disputed": false,
    "views": [
     "opus-p:m18_131093_87137@475,560=25.2(m)"
    ],
    "notes": "St. Mary's Road under 'O·'; flat-topped 5 at 12x; only nearby dot is the O·A interpunct; centre of figures"
   },
   "geometry": {
    "type": "Point",
    "coordinates": [
     0.0313899,
     51.533361
    ]
   }
  },
  {
   "type": "Feature",
   "properties": {
    "id": "sh_538571_183561",
    "type": "spot",
    "value_ft": 9.4,
    "raw": "9·4",
    "confidence": "high",
    "n_readings": 2,
    "readers": [
     "opus-a"
    ],
    "mosaics": [
     "m18_131066_87137",
     "m18_131069_87137"
    ],
    "bng_e": 538570.56,
    "bng_n": 183561.14,
    "spread_m": 0.19,
    "datum": "OD Liverpool",
    "source": "OS 1:1056 London 1891-96 via NLS",
    "disputed": false,
    "views": [
     "opus-a:m18_131066_87137@874,382=9.4(h)",
     "opus-a:m18_131069_87137@106,381=9.4(h)"
    ],
    "notes": "Stanley Road south end"
   },
   "geometry": {
    "type": "Point",
    "coordinates": [
     -0.0035485,
     51.5339567
    ]
   }
  },
  {
   "type": "Feature",
   "properties": {
    "id": "sh_540122_183558",
    "type": "spot",
    "value_ft": 22.2,
    "raw": "22·2",
    "confidence": "medium",
    "n_readings": 1,
    "readers": [
     "opus-s"
    ],
    "mosaics": [
     "m18_131084_87137"
    ],
    "bng_e": 540122.48,
    "bng_n": 183558.23,
    "spread_m": 0.0,
    "datum": "OD Liverpool",
    "source": "OS 1:1056 London 1891-96 via NLS",
    "disputed": false,
    "views": [
     "opus-s:m18_131084_87137@434,504=22.2(m)"
    ],
    "notes": "Stratford Road bend near survey-station triangle 425,512; dot left of figure between O and R of STRATFORD"
   },
   "geometry": {
    "type": "Point",
    "coordinates": [
     0.0188103,
     51.5335479
    ]
   }
  },
  {
   "type": "Feature",
   "properties": {
    "id": "sh_538336_183555",
    "type": "spot",
    "value_ft": 26.8,
    "raw": "26·8",
    "confidence": "medium",
    "n_readings": 1,
    "readers": [
     "opus-a"
    ],
    "mosaics": [
     "m18_131066_87137"
    ],
    "bng_e": 538336.16,
    "bng_n": 183555.3,
    "spread_m": 0.0,
    "datum": "OD Liverpool",
    "source": "OS 1:1056 London 1891-96 via NLS",
    "disputed": false,
    "views": [
     "opus-a:m18_131066_87137@244,380=26.8(m)"
    ],
    "notes": "raised road at viaduct / sewer crossing; just south of the sheet join"
   },
   "geometry": {
    "type": "Point",
    "coordinates": [
     -0.0069281,
     51.5339617
    ]
   }
  },
  {
   "type": "Feature",
   "properties": {
    "id": "sh_538472_183555",
    "type": "bench_mark",
    "value_ft": 11.14,
    "raw": "B.M.11·14",
    "confidence": "low",
    "n_readings": 1,
    "readers": [
     "opus-a"
    ],
    "mosaics": [
     "m18_131066_87137"
    ],
    "bng_e": 538472.07,
    "bng_n": 183554.55,
    "spread_m": 0.0,
    "datum": "OD Liverpool",
    "source": "OS 1:1056 London 1891-96 via NLS",
    "disputed": false,
    "views": [
     "opus-a:m18_131066_87137@609,392=11.14(l)"
    ],
    "notes": "Livingstone Road corner; figures tiny and partly over hatching - 11·14 uncertain"
   },
   "geometry": {
    "type": "Point",
    "coordinates": [
     -0.0049701,
     51.5339216
    ]
   }
  },
  {
   "type": "Feature",
   "properties": {
    "id": "sh_540927_183554",
    "type": "bench_mark",
    "value_ft": 26.67,
    "raw": "B.M.26·67",
    "confidence": "high",
    "n_readings": 1,
    "readers": [
     "opus-p"
    ],
    "mosaics": [
     "m18_131093_87137"
    ],
    "bng_e": 540927.2,
    "bng_n": 183554.14,
    "spread_m": 0.0,
    "datum": "OD Liverpool",
    "source": "OS 1:1056 London 1891-96 via NLS",
    "disputed": false,
    "views": [
     "opus-p:m18_131093_87137@291,575=26.67(h)"
    ],
    "notes": "corner of Prince's Terrace and St. Mary's Road; pheon on the building corner left of the text at 10x; digits clear"
   },
   "geometry": {
    "type": "Point",
    "coordinates": [
     0.0304029,
     51.533311
    ]
   }
  },
  {
   "type": "Feature",
   "properties": {
    "id": "sh_540339_183552",
    "type": "spot",
    "value_ft": 24.6,
    "raw": "24·6",
    "confidence": "low",
    "n_readings": 2,
    "readers": [
     "opus-q",
     "opus-s"
    ],
    "mosaics": [
     "m18_131087_87137"
    ],
    "bng_e": 540338.78,
    "bng_n": 183552.32,
    "spread_m": 0.42,
    "datum": "OD Liverpool",
    "source": "OS 1:1056 London 1891-96 via NLS",
    "disputed": false,
    "views": [
     "opus-q:m18_131087_87137@246,537=24.6(l)",
     "opus-s:m18_131087_87137@247,535=24.6(l)"
    ],
    "notes": "road north of Pelly Road junction; final digit G-shaped 6 at 10x (smoothed) but read 8 at 2x and blocky zoom unclear; isolated dot in road left of figure"
   },
   "geometry": {
    "type": "Point",
    "coordinates": [
     0.0219244,
     51.5334411
    ]
   }
  },
  {
   "type": "Feature",
   "properties": {
    "id": "sh_538786_183551",
    "type": "bench_mark",
    "value_ft": 14.62,
    "raw": "B.M.14·62",
    "confidence": "high",
    "n_readings": 1,
    "readers": [
     "opus-a"
    ],
    "mosaics": [
     "m18_131069_87137"
    ],
    "bng_e": 538786.03,
    "bng_n": 183551.24,
    "spread_m": 0.0,
    "datum": "OD Liverpool",
    "source": "OS 1:1056 London 1891-96 via NLS",
    "disputed": false,
    "views": [
     "opus-a:m18_131069_87137@684,424=14.62(h)"
    ],
    "notes": "pheon below-right of text at Victoria Stone Works wall"
   },
   "geometry": {
    "type": "Point",
    "coordinates": [
     -0.0004479,
     51.5338149
    ]
   }
  },
  {
   "type": "Feature",
   "properties": {
    "id": "sh_540771_183548",
    "type": "spot",
    "value_ft": 25.3,
    "raw": "25·3",
    "confidence": "medium",
    "n_readings": 1,
    "readers": [
     "opus-p"
    ],
    "mosaics": [
     "m18_131090_87137"
    ],
    "bng_e": 540770.62,
    "bng_n": 183547.94,
    "spread_m": 0.0,
    "datum": "OD Liverpool",
    "source": "OS 1:1056 London 1891-96 via NLS",
    "disputed": false,
    "views": [
     "opus-p:m18_131090_87137@638,580=25.3(m)"
    ],
    "notes": "Queen's Road under 'N'S'; digits clear; only nearby dots are the interpunct before N and the apostrophe, so position = centre of figures"
   },
   "geometry": {
    "type": "Point",
    "coordinates": [
     0.0281444,
     51.5332943
    ]
   }
  },
  {
   "type": "Feature",
   "properties": {
    "id": "sh_538145_183543",
    "type": "spot",
    "value_ft": 16.3,
    "raw": "16·3",
    "confidence": "high",
    "n_readings": 1,
    "readers": [
     "opus-b"
    ],
    "mosaics": [
     "m18_131063_87137"
    ],
    "bng_e": 538145.48,
    "bng_n": 183543.43,
    "spread_m": 0.0,
    "datum": "OD Liverpool",
    "source": "OS 1:1056 London 1891-96 via NLS",
    "disputed": false,
    "views": [
     "opus-b:m18_131063_87137@499,398=16.3(h)"
    ],
    "notes": "lane east of Marshgate Lane Works; dot left of figures"
   },
   "geometry": {
    "type": "Point",
    "coordinates": [
     -0.0096801,
     51.5339016
    ]
   }
  },
  {
   "type": "Feature",
   "properties": {
    "id": "sh_540941_183541",
    "type": "spot",
    "value_ft": 23.8,
    "raw": "23·8",
    "confidence": "medium",
    "n_readings": 1,
    "readers": [
     "opus-p"
    ],
    "mosaics": [
     "m18_131093_87137"
    ],
    "bng_e": 540940.96,
    "bng_n": 183541.15,
    "spread_m": 0.0,
    "datum": "OD Liverpool",
    "source": "OS 1:1056 London 1891-96 via NLS",
    "disputed": false,
    "views": [
     "opus-p:m18_131093_87137@327,611=23.8(m)"
    ],
    "notes": "St. Mary's Road south side; closed 8 vs open 3 at 12x; no survey dot (dot above is the R·Y interpunct); position = centre of figures"
   },
   "geometry": {
    "type": "Point",
    "coordinates": [
     0.030596,
     51.5331908
    ]
   }
  },
  {
   "type": "Feature",
   "properties": {
    "id": "sh_540492_183539",
    "type": "bench_mark",
    "value_ft": 27.93,
    "raw": "B.M.27·93",
    "confidence": "high",
    "n_readings": 2,
    "readers": [
     "opus-q",
     "opus-s"
    ],
    "mosaics": [
     "m18_131087_87137"
    ],
    "bng_e": 540491.61,
    "bng_n": 183539.28,
    "spread_m": 0.19,
    "datum": "OD Liverpool",
    "source": "OS 1:1056 London 1891-96 via NLS",
    "disputed": false,
    "views": [
     "opus-q:m18_131087_87137@656,582=27.93(h)",
     "opus-s:m18_131087_87137@656,583=27.93(h)"
    ],
    "notes": "Terrace Road south side; text 699-733,572 clear at 10x; pheon apex 656,582 some 45 px west of text below the F.P."
   },
   "geometry": {
    "type": "Point",
    "coordinates": [
     0.0241211,
     51.5332859
    ]
   }
  },
  {
   "type": "Feature",
   "properties": {
    "id": "sh_540172_183537",
    "type": "spot",
    "value_ft": 22.2,
    "raw": "22·2",
    "confidence": "medium",
    "n_readings": 1,
    "readers": [
     "opus-s"
    ],
    "mosaics": [
     "m18_131084_87137"
    ],
    "bng_e": 540171.84,
    "bng_n": 183536.94,
    "spread_m": 0.0,
    "datum": "OD Liverpool",
    "source": "OS 1:1056 London 1891-96 via NLS",
    "disputed": false,
    "views": [
     "opus-s:m18_131084_87137@565,565=22.2(m)"
    ],
    "notes": "Stratford Road at Libra Road; dot above-left of figure before the O of ROAD, may be lettering interpunct"
   },
   "geometry": {
    "type": "Point",
    "coordinates": [
     0.0195131,
     51.5333443
    ]
   }
  },
  {
   "type": "Feature",
   "properties": {
    "id": "sh_540883_183534",
    "type": "spot",
    "value_ft": 23.2,
    "raw": "23·2",
    "confidence": "medium",
    "n_readings": 2,
    "readers": [
     "opus-p"
    ],
    "mosaics": [
     "m18_131090_87137",
     "m18_131093_87137"
    ],
    "bng_e": 540882.72,
    "bng_n": 183533.59,
    "spread_m": 0.37,
    "datum": "OD Liverpool",
    "source": "OS 1:1056 London 1891-96 via NLS",
    "disputed": false,
    "views": [
     "opus-p:m18_131090_87137@938,626=23.2(m)",
     "opus-p:m18_131093_87137@170,628=23.2(m)"
    ],
    "notes": "same road below 'S T.'; digits clear; dot to the upper left is the S·T interpunct, no survey dot found; position = centre of figures"
   },
   "geometry": {
    "type": "Point",
    "coordinates": [
     0.0297538,
     51.5331375
    ]
   }
  },
  {
   "type": "Feature",
   "properties": {
    "id": "sh_540461_183532",
    "type": "spot",
    "value_ft": 25.7,
    "raw": "25·7",
    "confidence": "medium",
    "n_readings": 2,
    "readers": [
     "opus-q",
     "opus-s"
    ],
    "mosaics": [
     "m18_131087_87137"
    ],
    "bng_e": 540460.9,
    "bng_n": 183532.49,
    "spread_m": 0.19,
    "datum": "OD Liverpool",
    "source": "OS 1:1056 London 1891-96 via NLS",
    "disputed": false,
    "views": [
     "opus-q:m18_131087_87137@573,598=25.7(m)",
     "opus-s:m18_131087_87137@573,599=25.7(m)"
    ],
    "notes": "TERRACE ROAD among the T·E·R·R·A·C·E lettering; digits clear at 8x; dot below-left may be a lettering interpunct"
   },
   "geometry": {
    "type": "Point",
    "coordinates": [
     0.0236759,
     51.5332326
    ]
   }
  },
  {
   "type": "Feature",
   "properties": {
    "id": "sh_538493_183532",
    "type": "spot",
    "value_ft": 13.4,
    "raw": "13·4",
    "confidence": "medium",
    "n_readings": 1,
    "readers": [
     "opus-a"
    ],
    "mosaics": [
     "m18_131066_87137"
    ],
    "bng_e": 538493.17,
    "bng_n": 183531.73,
    "spread_m": 0.0,
    "datum": "OD Liverpool",
    "source": "OS 1:1056 London 1891-96 via NLS",
    "disputed": false,
    "views": [
     "opus-a:m18_131066_87137@664,455=13.4(m)"
    ],
    "notes": "Livingstone Road"
   },
   "geometry": {
    "type": "Point",
    "coordinates": [
     -0.0046751,
     51.5337114
    ]
   }
  },
  {
   "type": "Feature",
   "properties": {
    "id": "sh_538787_183531",
    "type": "spot",
    "value_ft": 18.5,
    "raw": "18·5",
    "confidence": "medium",
    "n_readings": 1,
    "readers": [
     "opus-a"
    ],
    "mosaics": [
     "m18_131069_87137"
    ],
    "bng_e": 538787.33,
    "bng_n": 183530.85,
    "spread_m": 0.0,
    "datum": "OD Liverpool",
    "source": "OS 1:1056 London 1891-96 via NLS",
    "disputed": false,
    "views": [
     "opus-a:m18_131069_87137@686,479=18.5(m)"
    ],
    "notes": "figures over the Channelsea, dot on east bank edge: river wall, not water"
   },
   "geometry": {
    "type": "Point",
    "coordinates": [
     -0.0004372,
     51.5336313
    ]
   }
  },
  {
   "type": "Feature",
   "properties": {
    "id": "sh_540824_183527",
    "type": "spot",
    "value_ft": 23.4,
    "raw": "23·4",
    "confidence": "high",
    "n_readings": 2,
    "readers": [
     "opus-p"
    ],
    "mosaics": [
     "m18_131090_87137",
     "m18_131093_87137"
    ],
    "bng_e": 540823.7,
    "bng_n": 183527.13,
    "spread_m": 0.0,
    "datum": "OD Liverpool",
    "source": "OS 1:1056 London 1891-96 via NLS",
    "disputed": false,
    "views": [
     "opus-p:m18_131090_87137@779,640=23.4(h)",
     "opus-p:m18_131093_87137@11,640=23.4(h)"
    ],
    "notes": "'ST. M...' road; dot left of the figure; 8x"
   },
   "geometry": {
    "type": "Point",
    "coordinates": [
     0.0289008,
     51.5330941
    ]
   }
  },
  {
   "type": "Feature",
   "properties": {
    "id": "sh_540698_183519",
    "type": "spot",
    "value_ft": 27.6,
    "raw": "27·6",
    "confidence": "high",
    "n_readings": 1,
    "readers": [
     "opus-p"
    ],
    "mosaics": [
     "m18_131090_87137"
    ],
    "bng_e": 540698.07,
    "bng_n": 183519.19,
    "spread_m": 0.0,
    "datum": "OD Liverpool",
    "source": "OS 1:1056 London 1891-96 via NLS",
    "disputed": false,
    "views": [
     "opus-p:m18_131090_87137@441,652=27.6(h)"
    ],
    "notes": "Queen's Road; figure beside a survey-station triangle, position = triangle centre; 6 open-topped at 10x; dot after 'U' is the Q·U·E·E·N interpunct"
   },
   "geometry": {
    "type": "Point",
    "coordinates": [
     0.0270876,
     51.533054
    ]
   }
  },
  {
   "type": "Feature",
   "properties": {
    "id": "sh_539974_183519",
    "type": "spot",
    "value_ft": 14.3,
    "raw": "14·3",
    "confidence": "medium",
    "n_readings": 1,
    "readers": [
     "opus-s"
    ],
    "mosaics": [
     "m18_131084_87137"
    ],
    "bng_e": 539974.26,
    "bng_n": 183518.87,
    "spread_m": 0.0,
    "datum": "OD Liverpool",
    "source": "OS 1:1056 London 1891-96 via NLS",
    "disputed": false,
    "views": [
     "opus-s:m18_131084_87137@33,599=14.3(m)"
    ],
    "notes": "Valetta Grove area road (R O A D lettering) at west edge; dot on the O, may be lettering interpunct; digits clear at 12x"
   },
   "geometry": {
    "type": "Point",
    "coordinates": [
     0.0166592,
     51.5332309
    ]
   }
  },
  {
   "type": "Feature",
   "properties": {
    "id": "sh_540780_183516",
    "type": "spot",
    "value_ft": 23.7,
    "raw": "23·7",
    "confidence": "high",
    "n_readings": 1,
    "readers": [
     "opus-p"
    ],
    "mosaics": [
     "m18_131090_87137"
    ],
    "bng_e": 540779.7,
    "bng_n": 183515.88,
    "spread_m": 0.0,
    "datum": "OD Liverpool",
    "source": "OS 1:1056 London 1891-96 via NLS",
    "disputed": false,
    "views": [
     "opus-p:m18_131090_87137@660,667=23.7(h)"
    ],
    "notes": "road south from Queen's Road, top of the curved terrace; isolated dot left of the figure; 8x"
   },
   "geometry": {
    "type": "Point",
    "coordinates": [
     0.0282624,
     51.533004
    ]
   }
  },
  {
   "type": "Feature",
   "properties": {
    "id": "sh_540290_183516",
    "type": "spot",
    "value_ft": 23.6,
    "raw": "23·6",
    "confidence": "high",
    "n_readings": 3,
    "readers": [
     "opus-q",
     "opus-s"
    ],
    "mosaics": [
     "m18_131084_87137",
     "m18_131087_87137"
    ],
    "bng_e": 540289.72,
    "bng_n": 183515.57,
    "spread_m": 0.25,
    "datum": "OD Liverpool",
    "source": "OS 1:1056 London 1891-96 via NLS",
    "disputed": false,
    "views": [
     "opus-s:m18_131084_87137@880,632=23.6(h)",
     "opus-s:m18_131087_87137@112,631=23.6(h)",
     "opus-q:m18_131087_87137@112,631=23.6(m)"
    ],
    "notes": "road north of Milton Street near P.H.; dot below figure; clear at 12x"
   },
   "geometry": {
    "type": "Point",
    "coordinates": [
     0.0212029,
     51.533123
    ]
   }
  },
  {
   "type": "Feature",
   "properties": {
    "id": "sh_541357_183515",
    "type": "spot",
    "value_ft": 26.8,
    "raw": "26·8",
    "confidence": "medium",
    "n_readings": 1,
    "readers": [
     "opus-r"
    ],
    "mosaics": [
     "m18_131096_87137"
    ],
    "bng_e": 541357.21,
    "bng_n": 183515.21,
    "spread_m": 0.0,
    "datum": "OD Liverpool",
    "source": "OS 1:1056 London 1891-96 via NLS",
    "disputed": false,
    "views": [
     "opus-r:m18_131096_87137@675,712=26.8(m)"
    ],
    "notes": "Green Street in G R E E N lettering with large boundary dots; no identifiable survey dot; centre of figures; final 8 at 10x smooth and blocky"
   },
   "geometry": {
    "type": "Point",
    "coordinates": [
     0.0365827,
     51.5328538
    ]
   }
  },
  {
   "type": "Feature",
   "properties": {
    "id": "sh_540342_183506",
    "type": "spot",
    "value_ft": 24.1,
    "raw": "24·1",
    "confidence": "medium",
    "n_readings": 2,
    "readers": [
     "opus-q",
     "opus-s"
    ],
    "mosaics": [
     "m18_131087_87137"
    ],
    "bng_e": 540341.55,
    "bng_n": 183506.17,
    "spread_m": 1.31,
    "datum": "OD Liverpool",
    "source": "OS 1:1056 London 1891-96 via NLS",
    "disputed": false,
    "views": [
     "opus-q:m18_131087_87137@250,664=24.1(m)",
     "opus-s:m18_131087_87137@251,657=24.1(m)"
    ],
    "notes": "head of Pelly Road by the P.H.; digits clear at 8x; only dots nearby belong to F.P., position = centre of figures"
   },
   "geometry": {
    "type": "Point",
    "coordinates": [
     0.0219458,
     51.5330257
    ]
   }
  },
  {
   "type": "Feature",
   "properties": {
    "id": "sh_540386_183504",
    "type": "spot",
    "value_ft": 24.9,
    "raw": "24·9",
    "confidence": "high",
    "n_readings": 2,
    "readers": [
     "opus-q",
     "opus-s"
    ],
    "mosaics": [
     "m18_131087_87137"
    ],
    "bng_e": 540385.55,
    "bng_n": 183503.85,
    "spread_m": 0.19,
    "datum": "OD Liverpool",
    "source": "OS 1:1056 London 1891-96 via NLS",
    "disputed": false,
    "views": [
     "opus-q:m18_131087_87137@369,670=24.9(h)",
     "opus-s:m18_131087_87137@368,670=24.9(h)"
    ],
    "notes": "road with tree-lined path at head of Terrace Road; digits clear at 8x; isolated dot left of figure"
   },
   "geometry": {
    "type": "Point",
    "coordinates": [
     0.0225788,
     51.532994
    ]
   }
  },
  {
   "type": "Feature",
   "properties": {
    "id": "sh_540165_183494",
    "type": "bench_mark",
    "value_ft": 21.92,
    "raw": "B.M.21·92",
    "confidence": "medium",
    "n_readings": 1,
    "readers": [
     "opus-s"
    ],
    "mosaics": [
     "m18_131084_87137"
    ],
    "bng_e": 540165.22,
    "bng_n": 183493.68,
    "spread_m": 0.0,
    "datum": "OD Liverpool",
    "source": "OS 1:1056 London 1891-96 via NLS",
    "disputed": false,
    "views": [
     "opus-s:m18_131084_87137@544,681=21.92(m)"
    ],
    "notes": "Libra Road; pheon on building corner on the west side of Libra Road ~55 px from the text east of the road; association inferred"
   },
   "geometry": {
    "type": "Point",
    "coordinates": [
     0.0194004,
     51.5329573
    ]
   }
  },
  {
   "type": "Feature",
   "properties": {
    "id": "sh_538284_183494",
    "type": "spot",
    "value_ft": 21.8,
    "raw": "21·8",
    "confidence": "medium",
    "n_readings": 2,
    "readers": [
     "opus-a",
     "opus-b"
    ],
    "mosaics": [
     "m18_131063_87137",
     "m18_131066_87137"
    ],
    "bng_e": 538284.04,
    "bng_n": 183493.54,
    "spread_m": 1.32,
    "datum": "OD Liverpool",
    "source": "OS 1:1056 London 1891-96 via NLS",
    "disputed": false,
    "views": [
     "opus-b:m18_131063_87137@864,542=21.8(m)",
     "opus-a:m18_131066_87137@103,543=21.8(m)"
    ],
    "notes": "High Street at St Michael's Bridge; no dot found, position = left of figures"
   },
   "geometry": {
    "type": "Point",
    "coordinates": [
     -0.0077033,
     51.5334194
    ]
   }
  },
  {
   "type": "Feature",
   "properties": {
    "id": "sh_541014_183488",
    "type": "spot",
    "value_ft": 24.9,
    "raw": "24·9",
    "confidence": "high",
    "n_readings": 1,
    "readers": [
     "opus-p"
    ],
    "mosaics": [
     "m18_131093_87137"
    ],
    "bng_e": 541013.56,
    "bng_n": 183487.83,
    "spread_m": 0.0,
    "datum": "OD Liverpool",
    "source": "OS 1:1056 London 1891-96 via NLS",
    "disputed": false,
    "views": [
     "opus-p:m18_131093_87137@518,760=24.9(h)"
    ],
    "notes": "W.E.S.T. street; dot above the figure; 8x"
   },
   "geometry": {
    "type": "Point",
    "coordinates": [
     0.0316206,
     51.5326936
    ]
   }
  },
  {
   "type": "Feature",
   "properties": {
    "id": "sh_538554_183488",
    "type": "spot",
    "value_ft": 8.6,
    "raw": "8·6",
    "confidence": "high",
    "n_readings": 1,
    "readers": [
     "opus-a"
    ],
    "mosaics": [
     "m18_131066_87137"
    ],
    "bng_e": 538553.94,
    "bng_n": 183487.71,
    "spread_m": 0.0,
    "datum": "OD Liverpool",
    "source": "OS 1:1056 London 1891-96 via NLS",
    "disputed": false,
    "views": [
     "opus-a:m18_131066_87137@824,578=8.6(h)"
    ],
    "notes": "Livingstone Road south side at Stanley Road"
   },
   "geometry": {
    "type": "Point",
    "coordinates": [
     -0.0038168,
     51.533301
    ]
   }
  },
  {
   "type": "Feature",
   "properties": {
    "id": "sh_538280_183483",
    "type": "bench_mark",
    "value_ft": 22.4,
    "raw": "B.M.22·40",
    "confidence": "medium",
    "n_readings": 2,
    "readers": [
     "opus-a",
     "opus-b"
    ],
    "mosaics": [
     "m18_131063_87137",
     "m18_131066_87137"
    ],
    "bng_e": 538279.66,
    "bng_n": 183483.39,
    "spread_m": 2.5,
    "datum": "OD Liverpool",
    "source": "OS 1:1056 London 1891-96 via NLS",
    "disputed": false,
    "views": [
     "opus-b:m18_131063_87137@850,574=22.4(m)",
     "opus-a:m18_131066_87137@92,565=22.4(m)"
    ],
    "notes": "pheon about 20 px below the text by the F.A. mark at the bridge; association inferred"
   },
   "geometry": {
    "type": "Point",
    "coordinates": [
     -0.0077703,
     51.5333293
    ]
   }
  },
  {
   "type": "Feature",
   "properties": {
    "id": "sh_538181_183479",
    "type": "spot",
    "value_ft": 16.0,
    "raw": "16·0",
    "confidence": "high",
    "n_readings": 1,
    "readers": [
     "opus-b"
    ],
    "mosaics": [
     "m18_131063_87137"
    ],
    "bng_e": 538181.48,
    "bng_n": 183479.05,
    "spread_m": 0.0,
    "datum": "OD Liverpool",
    "source": "OS 1:1056 London 1891-96 via NLS",
    "disputed": false,
    "views": [
     "opus-b:m18_131063_87137@591,574=16.0(h)"
    ],
    "notes": "yard at City Mills; dot left of figures"
   },
   "geometry": {
    "type": "Point",
    "coordinates": [
     -0.0091866,
     51.5333143
    ]
   }
  },
  {
   "type": "Feature",
   "properties": {
    "id": "sh_538889_183474",
    "type": "spot",
    "value_ft": 14.3,
    "raw": "14·3",
    "confidence": "medium",
    "n_readings": 1,
    "readers": [
     "opus-a"
    ],
    "mosaics": [
     "m18_131069_87137"
    ],
    "bng_e": 538888.66,
    "bng_n": 183474.2,
    "spread_m": 0.0,
    "datum": "OD Liverpool",
    "source": "OS 1:1056 London 1891-96 via NLS",
    "disputed": false,
    "views": [
     "opus-a:m18_131069_87137@954,639=14.3(m)"
    ],
    "notes": "bank of the Moat by Globe Mill"
   },
   "geometry": {
    "type": "Point",
    "coordinates": [
     0.0010005,
     51.5330974
    ]
   }
  },
  {
   "type": "Feature",
   "properties": {
    "id": "sh_538333_183472",
    "type": "spot",
    "value_ft": 12.5,
    "raw": "12·5",
    "confidence": "high",
    "n_readings": 2,
    "readers": [
     "opus-a",
     "opus-b"
    ],
    "mosaics": [
     "m18_131063_87137",
     "m18_131066_87137"
    ],
    "bng_e": 538332.65,
    "bng_n": 183472.21,
    "spread_m": 0.26,
    "datum": "OD Liverpool",
    "source": "OS 1:1056 London 1891-96 via NLS",
    "disputed": false,
    "views": [
     "opus-b:m18_131063_87137@997,604=12.5(h)",
     "opus-a:m18_131066_87137@228,603=12.5(h)"
    ],
    "notes": "road east of the school; dot above-left"
   },
   "geometry": {
    "type": "Point",
    "coordinates": [
     -0.0070113,
     51.5332159
    ]
   }
  },
  {
   "type": "Feature",
   "properties": {
    "id": "sh_540351_183466",
    "type": "spot",
    "value_ft": 26.3,
    "raw": "26·3",
    "confidence": "medium",
    "n_readings": 2,
    "readers": [
     "opus-q",
     "opus-s"
    ],
    "mosaics": [
     "m18_131087_87137"
    ],
    "bng_e": 540350.83,
    "bng_n": 183466.5,
    "spread_m": 1.3,
    "datum": "OD Liverpool",
    "source": "OS 1:1056 London 1891-96 via NLS",
    "disputed": false,
    "views": [
     "opus-q:m18_131087_87137@269,768=26.3(m)",
     "opus-s:m18_131087_87137@276,768=26.3(m)"
    ],
    "notes": "PELLY ROAD by the Meth. Chap. (United Free); digits clear at 8x; dot at 252,774 may be the PELLY lettering interpunct, position = centre of figures"
   },
   "geometry": {
    "type": "Point",
    "coordinates": [
     0.0220639,
     51.5326669
    ]
   }
  },
  {
   "type": "Feature",
   "properties": {
    "id": "sh_540784_183466",
    "type": "spot",
    "value_ft": 23.6,
    "raw": "23·6",
    "confidence": "high",
    "n_readings": 1,
    "readers": [
     "opus-p"
    ],
    "mosaics": [
     "m18_131090_87137"
    ],
    "bng_e": 540784.08,
    "bng_n": 183465.5,
    "spread_m": 0.0,
    "datum": "OD Liverpool",
    "source": "OS 1:1056 London 1891-96 via NLS",
    "disputed": false,
    "views": [
     "opus-p:m18_131090_87137@668,803=23.6(h)"
    ],
    "notes": "road beside the curved terrace; dot above the figure; 10x"
   },
   "geometry": {
    "type": "Point",
    "coordinates": [
     0.0283054,
     51.5325501
    ]
   }
  },
  {
   "type": "Feature",
   "properties": {
    "id": "sh_538584_183464",
    "type": "spot",
    "value_ft": 8.8,
    "raw": "8·8",
    "confidence": "low",
    "n_readings": 1,
    "readers": [
     "opus-a"
    ],
    "mosaics": [
     "m18_131066_87137"
    ],
    "bng_e": 538584.38,
    "bng_n": 183464.03,
    "spread_m": 0.0,
    "datum": "OD Liverpool",
    "source": "OS 1:1056 London 1891-96 via NLS",
    "disputed": false,
    "views": [
     "opus-a:m18_131066_87137@904,644=8.8(l)"
    ],
    "notes": "second digit 8 vs 6 ambiguous; dot not located"
   },
   "geometry": {
    "type": "Point",
    "coordinates": [
     -0.0033876,
     51.5330807
    ]
   }
  },
  {
   "type": "Feature",
   "properties": {
    "id": "sh_538265_183460",
    "type": "spot",
    "value_ft": 19.4,
    "raw": "19·4",
    "confidence": "medium",
    "n_readings": 2,
    "readers": [
     "opus-a",
     "opus-b"
    ],
    "mosaics": [
     "m18_131063_87137",
     "m18_131066_87137"
    ],
    "bng_e": 538265.22,
    "bng_n": 183459.97,
    "spread_m": 0.59,
    "datum": "OD Liverpool",
    "source": "OS 1:1056 London 1891-96 via NLS",
    "disputed": false,
    "views": [
     "opus-b:m18_131063_87137@813,631=19.4(m)",
     "opus-a:m18_131066_87137@48,632=19.4(m)"
    ],
    "notes": "east end of High Street block by the river; no dot found, position = figures"
   },
   "geometry": {
    "type": "Point",
    "coordinates": [
     -0.0079876,
     51.5331224
    ]
   }
  },
  {
   "type": "Feature",
   "properties": {
    "id": "sh_537982_183457",
    "type": "spot",
    "value_ft": 16.2,
    "raw": "16·2",
    "confidence": "medium",
    "n_readings": 1,
    "readers": [
     "opus-b"
    ],
    "mosaics": [
     "m18_131063_87137"
    ],
    "bng_e": 537981.78,
    "bng_n": 183456.91,
    "spread_m": 0.0,
    "datum": "OD Liverpool",
    "source": "OS 1:1056 London 1891-96 via NLS",
    "disputed": false,
    "views": [
     "opus-b:m18_131063_87137@53,619=16.2(m)"
    ],
    "notes": "road on the west side of Marshgate Lane; dot 11 px right of figures (a second dot below belongs to the H hydrant)"
   },
   "geometry": {
    "type": "Point",
    "coordinates": [
     -0.0120726,
     51.5331641
    ]
   }
  },
  {
   "type": "Feature",
   "properties": {
    "id": "sh_538818_183457",
    "type": "spot",
    "value_ft": 17.7,
    "raw": "17·7",
    "confidence": "medium",
    "n_readings": 1,
    "readers": [
     "opus-a"
    ],
    "mosaics": [
     "m18_131069_87137"
    ],
    "bng_e": 538817.65,
    "bng_n": 183456.66,
    "spread_m": 0.0,
    "datum": "OD Liverpool",
    "source": "OS 1:1056 London 1891-96 via NLS",
    "disputed": false,
    "views": [
     "opus-a:m18_131069_87137@762,681=17.7(m)"
    ],
    "notes": "figures over the channel, tick on east bank: river wall"
   },
   "geometry": {
    "type": "Point",
    "coordinates": [
     -2.95e-05,
     51.5329573
    ]
   }
  },
  {
   "type": "Feature",
   "properties": {
    "id": "sh_541384_183453",
    "type": "spot",
    "value_ft": 27.1,
    "raw": "27·1",
    "confidence": "medium",
    "n_readings": 1,
    "readers": [
     "opus-r"
    ],
    "mosaics": [
     "m18_131096_87137"
    ],
    "bng_e": 541384.27,
    "bng_n": 183452.83,
    "spread_m": 0.0,
    "datum": "OD Liverpool",
    "source": "OS 1:1056 London 1891-96 via NLS",
    "disputed": false,
    "views": [
     "opus-r:m18_131096_87137@743,882=27.1(m)"
    ],
    "notes": "Green Street by Boleyn Castle, in G R E E N S T lettering with large boundary dots; centre of figures; 8x/12x"
   },
   "geometry": {
    "type": "Point",
    "coordinates": [
     0.0369474,
     51.5322865
    ]
   }
  },
  {
   "type": "Feature",
   "properties": {
    "id": "sh_538382_183446",
    "type": "spot",
    "value_ft": 10.8,
    "raw": "10·8",
    "confidence": "high",
    "n_readings": 1,
    "readers": [
     "opus-a"
    ],
    "mosaics": [
     "m18_131066_87137"
    ],
    "bng_e": 538381.57,
    "bng_n": 183446.25,
    "spread_m": 0.0,
    "datum": "OD Liverpool",
    "source": "OS 1:1056 London 1891-96 via NLS",
    "disputed": false,
    "views": [
     "opus-a:m18_131066_87137@358,677=10.8(h)"
    ],
    "notes": "Roberts Road / Napier Road"
   },
   "geometry": {
    "type": "Point",
    "coordinates": [
     -0.0063166,
     51.5329706
    ]
   }
  },
  {
   "type": "Feature",
   "properties": {
    "id": "sh_538165_183446",
    "type": "spot",
    "value_ft": 16.3,
    "raw": "16·3",
    "confidence": "high",
    "n_readings": 1,
    "readers": [
     "opus-b"
    ],
    "mosaics": [
     "m18_131063_87137"
    ],
    "bng_e": 538165.26,
    "bng_n": 183445.93,
    "spread_m": 0.0,
    "datum": "OD Liverpool",
    "source": "OS 1:1056 London 1891-96 via NLS",
    "disputed": false,
    "views": [
     "opus-b:m18_131063_87137@545,662=16.3(h)"
    ],
    "notes": "yard south of City Mills; dot left of figures"
   },
   "geometry": {
    "type": "Point",
    "coordinates": [
     -0.0094333,
     51.5330207
    ]
   }
  },
  {
   "type": "Feature",
   "properties": {
    "id": "sh_538281_183440",
    "type": "spot",
    "value_ft": 16.9,
    "raw": "16·9",
    "confidence": "high",
    "n_readings": 2,
    "readers": [
     "opus-a",
     "opus-b"
    ],
    "mosaics": [
     "m18_131063_87137",
     "m18_131066_87137"
    ],
    "bng_e": 538281.39,
    "bng_n": 183440.18,
    "spread_m": 1.59,
    "datum": "OD Liverpool",
    "source": "OS 1:1056 London 1891-96 via NLS",
    "disputed": false,
    "views": [
     "opus-b:m18_131063_87137@855,682=16.9(h)",
     "opus-a:m18_131066_87137@90,690=16.9(m)"
    ],
    "notes": "east bank of the channel, dot above-left of figures"
   },
   "geometry": {
    "type": "Point",
    "coordinates": [
     -0.0077623,
     51.5329406
    ]
   }
  },
  {
   "type": "Feature",
   "properties": {
    "id": "sh_540340_183438",
    "type": "spot",
    "value_ft": 28.5,
    "raw": "28·5",
    "confidence": "medium",
    "n_readings": 3,
    "readers": [
     "opus-q",
     "opus-s"
    ],
    "mosaics": [
     "m18_131084_87137",
     "m18_131087_87137"
    ],
    "bng_e": 540339.76,
    "bng_n": 183438.47,
    "spread_m": 2.74,
    "datum": "OD Liverpool",
    "source": "OS 1:1056 London 1891-96 via NLS",
    "disputed": false,
    "views": [
     "opus-s:m18_131084_87137@1004,843=28.5(m)",
     "opus-q:m18_131087_87137@248,842=28.5(m)",
     "opus-s:m18_131087_87137@238,843=28.5(m)"
    ],
    "notes": "Pelly Road bridge approach near east edge; no survey dot found, position = centre of figures"
   },
   "geometry": {
    "type": "Point",
    "coordinates": [
     0.0218931,
     51.5324178
    ]
   }
  },
  {
   "type": "Feature",
   "properties": {
    "id": "sh_538585_183435",
    "type": "bench_mark",
    "value_ft": 10.13,
    "raw": "B.M.10·13",
    "confidence": "high",
    "n_readings": 1,
    "readers": [
     "opus-a"
    ],
    "mosaics": [
     "m18_131066_87137"
    ],
    "bng_e": 538585.17,
    "bng_n": 183435.09,
    "spread_m": 0.0,
    "datum": "OD Liverpool",
    "source": "OS 1:1056 London 1891-96 via NLS",
    "disputed": false,
    "views": [
     "opus-a:m18_131066_87137@904,722=10.13(h)"
    ],
    "notes": "pheon left of text by sewer embankment"
   },
   "geometry": {
    "type": "Point",
    "coordinates": [
     -0.0033876,
     51.5328204
    ]
   }
  },
  {
   "type": "Feature",
   "properties": {
    "id": "sh_540349_183433",
    "type": "bench_mark",
    "value_ft": 31.12,
    "raw": "B.M.31·12",
    "confidence": "high",
    "n_readings": 2,
    "readers": [
     "opus-q",
     "opus-s"
    ],
    "mosaics": [
     "m18_131087_87137"
    ],
    "bng_e": 540348.78,
    "bng_n": 183433.21,
    "spread_m": 0.26,
    "datum": "OD Liverpool",
    "source": "OS 1:1056 London 1891-96 via NLS",
    "disputed": false,
    "views": [
     "opus-q:m18_131087_87137@264,858=31.12(h)",
     "opus-s:m18_131087_87137@265,857=31.12(h)"
    ],
    "notes": "Pelly Road bridge parapet over the London Tilbury & Southend Railway; text 245-262,868-880; pheon apex 264,858, 8x"
   },
   "geometry": {
    "type": "Point",
    "coordinates": [
     0.0220209,
     51.5323683
    ]
   }
  },
  {
   "type": "Feature",
   "properties": {
    "id": "sh_541318_183431",
    "type": "spot",
    "value_ft": 26.7,
    "raw": "26·7",
    "confidence": "high",
    "n_readings": 1,
    "readers": [
     "opus-r"
    ],
    "mosaics": [
     "m18_131096_87137"
    ],
    "bng_e": 541317.87,
    "bng_n": 183430.56,
    "spread_m": 0.0,
    "datum": "OD Liverpool",
    "source": "OS 1:1056 London 1891-96 via NLS",
    "disputed": false,
    "views": [
     "opus-r:m18_131096_87137@563,937=26.7(h)"
    ],
    "notes": "Selsdon Road / ..ON Road corner; dot above-left; 8x"
   },
   "geometry": {
    "type": "Point",
    "coordinates": [
     0.0359818,
     51.532103
    ]
   }
  },
  {
   "type": "Feature",
   "properties": {
    "id": "sh_538598_183427",
    "type": "spot",
    "value_ft": 7.6,
    "raw": "7·6",
    "confidence": "high",
    "n_readings": 1,
    "readers": [
     "opus-a"
    ],
    "mosaics": [
     "m18_131066_87137"
    ],
    "bng_e": 538597.68,
    "bng_n": 183426.89,
    "spread_m": 0.0,
    "datum": "OD Liverpool",
    "source": "OS 1:1056 London 1891-96 via NLS",
    "disputed": false,
    "views": [
     "opus-a:m18_131066_87137@937,745=7.6(h)"
    ],
    "notes": "low ground beside the sewer embankment"
   },
   "geometry": {
    "type": "Point",
    "coordinates": [
     -0.0032106,
     51.5327437
    ]
   }
  },
  {
   "type": "Feature",
   "properties": {
    "id": "sh_541412_183422",
    "type": "bench_mark",
    "value_ft": 29.25,
    "raw": "B.M.29·25",
    "confidence": "low",
    "n_readings": 1,
    "readers": [
     "opus-r"
    ],
    "mosaics": [
     "m18_131096_87137"
    ],
    "bng_e": 541411.57,
    "bng_n": 183421.66,
    "spread_m": 0.0,
    "datum": "OD Liverpool",
    "source": "OS 1:1056 London 1891-96 via NLS",
    "disputed": false,
    "views": [
     "opus-r:m18_131096_87137@814,968=29.25(l)"
    ],
    "notes": "Anne Boleyn's Tower wall, Green Street; pheon apex on the tower corner right of text; final 5 vs 6 unresolved at 10x/20x (smooth 5, blocky 5/6)"
   },
   "geometry": {
    "type": "Point",
    "coordinates": [
     0.0373283,
     51.5319995
    ]
   }
  },
  {
   "type": "Feature",
   "properties": {
    "id": "sh_541019_183419",
    "type": "spot",
    "value_ft": 24.5,
    "raw": "24·5",
    "confidence": "medium",
    "n_readings": 1,
    "readers": [
     "opus-p"
    ],
    "mosaics": [
     "m18_131093_87137"
    ],
    "bng_e": 541018.84,
    "bng_n": 183418.53,
    "spread_m": 0.0,
    "datum": "OD Liverpool",
    "source": "OS 1:1056 London 1891-96 via NLS",
    "disputed": false,
    "views": [
     "opus-p:m18_131093_87137@527,947=24.5(m)"
    ],
    "notes": "W.E.S.T. street by a building corner; digits clear; no survey dot found (dot east is the W·E interpunct); centre of figures"
   },
   "geometry": {
    "type": "Point",
    "coordinates": [
     0.0316689,
     51.5320696
    ]
   }
  },
  {
   "type": "Feature",
   "properties": {
    "id": "sh_538003_183416",
    "type": "bench_mark",
    "value_ft": 18.64,
    "raw": "B.M.18·64",
    "confidence": "high",
    "n_readings": 1,
    "readers": [
     "opus-b"
    ],
    "mosaics": [
     "m18_131063_87137"
    ],
    "bng_e": 538003.37,
    "bng_n": 183415.9,
    "spread_m": 0.0,
    "datum": "OD Liverpool",
    "source": "OS 1:1056 London 1891-96 via NLS",
    "disputed": false,
    "views": [
     "opus-b:m18_131063_87137@108,731=18.64(h)"
    ],
    "notes": "pheon right of the text at the corner of St Thomas's Mills"
   },
   "geometry": {
    "type": "Point",
    "coordinates": [
     -0.0117776,
     51.5327904
    ]
   }
  },
  {
   "type": "Feature",
   "properties": {
    "id": "sh_538160_183413",
    "type": "bench_mark",
    "value_ft": 17.85,
    "raw": "B.M.17·85",
    "confidence": "high",
    "n_readings": 1,
    "readers": [
     "opus-b"
    ],
    "mosaics": [
     "m18_131063_87137"
    ],
    "bng_e": 538159.82,
    "bng_n": 183413.1,
    "spread_m": 0.0,
    "datum": "OD Liverpool",
    "source": "OS 1:1056 London 1891-96 via NLS",
    "disputed": false,
    "views": [
     "opus-b:m18_131063_87137@528,750=17.85(h)"
    ],
    "notes": "pheon above-right of the text at the building corner"
   },
   "geometry": {
    "type": "Point",
    "coordinates": [
     -0.0095245,
     51.532727
    ]
   }
  },
  {
   "type": "Feature",
   "properties": {
    "id": "sh_541257_183411",
    "type": "spot",
    "value_ft": 26.2,
    "raw": "26·2",
    "confidence": "high",
    "n_readings": 1,
    "readers": [
     "opus-r"
    ],
    "mosaics": [
     "m18_131096_87137"
    ],
    "bng_e": 541257.34,
    "bng_n": 183411.05,
    "spread_m": 0.0,
    "datum": "OD Liverpool",
    "source": "OS 1:1056 London 1891-96 via NLS",
    "disputed": false,
    "views": [
     "opus-r:m18_131096_87137@399,985=26.2(h)"
    ],
    "notes": "..ON Road (S) E of Kirton Road; dot above-left; 8x"
   },
   "geometry": {
    "type": "Point",
    "coordinates": [
     0.0351021,
     51.5319428
    ]
   }
  },
  {
   "type": "Feature",
   "properties": {
    "id": "sh_538210_183406",
    "type": "spot",
    "value_ft": 16.5,
    "raw": "16·5",
    "confidence": "medium",
    "n_readings": 2,
    "readers": [
     "opus-a",
     "opus-b"
    ],
    "mosaics": [
     "m18_131063_87137",
     "m18_131063_87140"
    ],
    "bng_e": 538209.9,
    "bng_n": 183406.29,
    "spread_m": 1.66,
    "datum": "OD Liverpool",
    "source": "OS 1:1056 London 1891-96 via NLS",
    "disputed": false,
    "views": [
     "opus-b:m18_131063_87137@664,768=16.5(m)",
     "opus-a:m18_131063_87140@660,8=16.5(l)"
    ],
    "notes": "High Street by Sir Thomas D'Akers Bridge; dot above-left of figures (on a line)"
   },
   "geometry": {
    "type": "Point",
    "coordinates": [
     -0.0088057,
     51.5326536
    ]
   }
  },
  {
   "type": "Feature",
   "properties": {
    "id": "sh_540784_183400",
    "type": "bench_mark",
    "value_ft": 28.03,
    "raw": "B.M.28·03",
    "confidence": "high",
    "n_readings": 1,
    "readers": [
     "opus-p"
    ],
    "mosaics": [
     "m18_131090_87137"
    ],
    "bng_e": 540784.41,
    "bng_n": 183399.77,
    "spread_m": 0.0,
    "datum": "OD Liverpool",
    "source": "OS 1:1056 London 1891-96 via NLS",
    "disputed": false,
    "views": [
     "opus-p:m18_131090_87137@664,980=28.03(h)"
    ],
    "notes": "end wall of the curved terrace near the S edge; pheon on the wall line above-left of the text at 10x; digits clear"
   },
   "geometry": {
    "type": "Point",
    "coordinates": [
     0.0282839,
     51.5319595
    ]
   }
  },
  {
   "type": "Feature",
   "properties": {
    "id": "sh_540354_183399",
    "type": "spot",
    "value_ft": 25.8,
    "raw": "25·8",
    "confidence": "medium",
    "n_readings": 1,
    "readers": [
     "opus-q"
    ],
    "mosaics": [
     "m18_131087_87137"
    ],
    "bng_e": 540354.38,
    "bng_n": 183398.64,
    "spread_m": 0.0,
    "datum": "OD Liverpool",
    "source": "OS 1:1056 London 1891-96 via NLS",
    "disputed": false,
    "views": [
     "opus-q:m18_131087_87137@277,951=25.8(m)"
    ],
    "notes": "Pelly Road south of the railway; digits clear at 8x; no dot found, position = centre of figures"
   },
   "geometry": {
    "type": "Point",
    "coordinates": [
     0.022088,
     51.5320563
    ]
   }
  },
  {
   "type": "Feature",
   "properties": {
    "id": "sh_538492_183395",
    "type": "bench_mark",
    "value_ft": 11.81,
    "raw": "B.M.11·81",
    "confidence": "high",
    "n_readings": 2,
    "readers": [
     "opus-a"
    ],
    "mosaics": [
     "m18_131066_87137",
     "m18_131066_87140"
    ],
    "bng_e": 538491.68,
    "bng_n": 183395.4,
    "spread_m": 0.53,
    "datum": "OD Liverpool",
    "source": "OS 1:1056 London 1891-96 via NLS",
    "disputed": false,
    "views": [
     "opus-a:m18_131066_87137@649,823=11.81(h)",
     "opus-a:m18_131066_87140@651,53=11.81(h)"
    ],
    "notes": "duplicate of m18_131066_87140"
   },
   "geometry": {
    "type": "Point",
    "coordinates": [
     -0.0047502,
     51.5324867
    ]
   }
  },
  {
   "type": "Feature",
   "properties": {
    "id": "sh_540348_183395",
    "type": "spot",
    "value_ft": 25.8,
    "raw": "25·8",
    "confidence": "medium",
    "n_readings": 1,
    "readers": [
     "opus-s"
    ],
    "mosaics": [
     "m18_131087_87137"
    ],
    "bng_e": 540348.15,
    "bng_n": 183395.12,
    "spread_m": 0.0,
    "datum": "OD Liverpool",
    "source": "OS 1:1056 London 1891-96 via NLS",
    "disputed": false,
    "views": [
     "opus-s:m18_131087_87137@260,960=25.8(m)"
    ],
    "notes": "Pelly Road south of the railway; dot after the R of R·O·A·D (interpunctuated lettering) taken as survey dot; closed 8 in blocky and 9x"
   },
   "geometry": {
    "type": "Point",
    "coordinates": [
     0.0219968,
     51.5320262
    ]
   }
  },
  {
   "type": "Feature",
   "properties": {
    "id": "sh_538012_183391",
    "type": "spot",
    "value_ft": 16.5,
    "raw": "16·5",
    "confidence": "high",
    "n_readings": 2,
    "readers": [
     "opus-a",
     "opus-b"
    ],
    "mosaics": [
     "m18_131063_87137",
     "m18_131063_87140"
    ],
    "bng_e": 538012.42,
    "bng_n": 183391.27,
    "spread_m": 0.42,
    "datum": "OD Liverpool",
    "source": "OS 1:1056 London 1891-96 via NLS",
    "disputed": false,
    "views": [
     "opus-b:m18_131063_87137@131,797=16.5(h)",
     "opus-a:m18_131063_87140@130,31=16.5(m)"
    ],
    "notes": "Marshgate Lane by St Thomas's Mills; dot above-left"
   },
   "geometry": {
    "type": "Point",
    "coordinates": [
     -0.0116569,
     51.5325668
    ]
   }
  },
  {
   "type": "Feature",
   "properties": {
    "id": "sh_538828_183388",
    "type": "spot",
    "value_ft": 16.6,
    "raw": "16·6",
    "confidence": "medium",
    "n_readings": 2,
    "readers": [
     "opus-a"
    ],
    "mosaics": [
     "m18_131069_87137",
     "m18_131069_87140"
    ],
    "bng_e": 538828.29,
    "bng_n": 183387.88,
    "spread_m": 0.19,
    "datum": "OD Liverpool",
    "source": "OS 1:1056 London 1891-96 via NLS",
    "disputed": false,
    "views": [
     "opus-a:m18_131069_87137@785,867=16.6(m)",
     "opus-a:m18_131069_87140@786,99=16.6(m)"
    ],
    "notes": "duplicate of m18_131069_87140"
   },
   "geometry": {
    "type": "Point",
    "coordinates": [
     9.66e-05,
     51.5323366
    ]
   }
  },
  {
   "type": "Feature",
   "properties": {
    "id": "sh_540301_183384",
    "type": "bench_mark",
    "value_ft": 22.35,
    "raw": "B.M.22·35",
    "confidence": "high",
    "n_readings": 3,
    "readers": [
     "opus-q",
     "opus-s"
    ],
    "mosaics": [
     "m18_131084_87137",
     "m18_131087_87137"
    ],
    "bng_e": 540301.16,
    "bng_n": 183384.29,
    "spread_m": 0.49,
    "datum": "OD Liverpool",
    "source": "OS 1:1056 London 1891-96 via NLS",
    "disputed": false,
    "views": [
     "opus-s:m18_131084_87137@901,985=22.35(h)",
     "opus-q:m18_131087_87137@133,987=22.35(h)",
     "opus-s:m18_131087_87137@133,985=22.35(h)"
    ],
    "notes": "Grafton Road South; pheon on wall ~30 px NW of text; digits clear at 12x"
   },
   "geometry": {
    "type": "Point",
    "coordinates": [
     0.0213155,
     51.5319406
    ]
   }
  },
  {
   "type": "Feature",
   "properties": {
    "id": "sh_538491_183382",
    "type": "spot",
    "value_ft": 10.3,
    "raw": "10·3",
    "confidence": "high",
    "n_readings": 2,
    "readers": [
     "opus-a"
    ],
    "mosaics": [
     "m18_131066_87137",
     "m18_131066_87140"
    ],
    "bng_e": 538491.29,
    "bng_n": 183382.21,
    "spread_m": 0.19,
    "datum": "OD Liverpool",
    "source": "OS 1:1056 London 1891-96 via NLS",
    "disputed": false,
    "views": [
     "opus-a:m18_131066_87137@648,857=10.3(h)",
     "opus-a:m18_131066_87140@648,90=10.3(h)"
    ],
    "notes": "duplicate"
   },
   "geometry": {
    "type": "Point",
    "coordinates": [
     -0.0047609,
     51.5323683
    ]
   }
  },
  {
   "type": "Feature",
   "properties": {
    "id": "sh_540282_183382",
    "type": "spot",
    "value_ft": 19.7,
    "raw": "19·7",
    "confidence": "high",
    "n_readings": 3,
    "readers": [
     "opus-q",
     "opus-s"
    ],
    "mosaics": [
     "m18_131084_87137",
     "m18_131087_87137"
    ],
    "bng_e": 540282.49,
    "bng_n": 183382.04,
    "spread_m": 0.28,
    "datum": "OD Liverpool",
    "source": "OS 1:1056 London 1891-96 via NLS",
    "disputed": false,
    "views": [
     "opus-s:m18_131084_87137@850,990=19.7(h)",
     "opus-s:m18_131087_87137@83,990=19.7(h)",
     "opus-q:m18_131087_87137@83,991=19.7(m)"
    ],
    "notes": "Grafton Road South; dot left of figure; clear at 12x"
   },
   "geometry": {
    "type": "Point",
    "coordinates": [
     0.0210455,
     51.531925
    ]
   }
  },
  {
   "type": "Feature",
   "properties": {
    "id": "sh_538661_183378",
    "type": "spot",
    "value_ft": 6.3,
    "raw": "6·3",
    "confidence": "high",
    "n_readings": 1,
    "readers": [
     "opus-a"
    ],
    "mosaics": [
     "m18_131069_87140"
    ],
    "bng_e": 538661.2,
    "bng_n": 183377.75,
    "spread_m": 0.0,
    "datum": "OD Liverpool",
    "source": "OS 1:1056 London 1891-96 via NLS",
    "disputed": false,
    "views": [
     "opus-a:m18_131069_87140@336,114=6.3(h)"
    ],
    "notes": "low ground between the embanked lines NW of the gasholders"
   },
   "geometry": {
    "type": "Point",
    "coordinates": [
     -0.0023147,
     51.5322865
    ]
   }
  },
  {
   "type": "Feature",
   "properties": {
    "id": "sh_538551_183371",
    "type": "spot",
    "value_ft": 8.9,
    "raw": "8·9",
    "confidence": "high",
    "n_readings": 3,
    "readers": [
     "opus-a"
    ],
    "mosaics": [
     "m18_131066_87137",
     "m18_131066_87140",
     "m18_131069_87140"
    ],
    "bng_e": 538551.17,
    "bng_n": 183371.03,
    "spread_m": 0.0,
    "datum": "OD Liverpool",
    "source": "OS 1:1056 London 1891-96 via NLS",
    "disputed": false,
    "views": [
     "opus-a:m18_131066_87137@808,892=8.9(h)",
     "opus-a:m18_131066_87140@808,124=8.9(h)",
     "opus-a:m18_131069_87140@40,124=8.9(h)"
    ],
    "notes": "duplicate"
   },
   "geometry": {
    "type": "Point",
    "coordinates": [
     -0.0039026,
     51.5322531
    ]
   }
  },
  {
   "type": "Feature",
   "properties": {
    "id": "sh_538266_183365",
    "type": "spot",
    "value_ft": 17.2,
    "raw": "17·2",
    "confidence": "medium",
    "n_readings": 4,
    "readers": [
     "opus-a",
     "opus-b"
    ],
    "mosaics": [
     "m18_131063_87137",
     "m18_131063_87140",
     "m18_131066_87137",
     "m18_131066_87140"
    ],
    "bng_e": 538266.49,
    "bng_n": 183365.31,
    "spread_m": 4.77,
    "datum": "OD Liverpool",
    "source": "OS 1:1056 London 1891-96 via NLS",
    "disputed": false,
    "views": [
     "opus-b:m18_131063_87137@823,882=17.2(m)",
     "opus-a:m18_131063_87140@803,122=17.2(m)",
     "opus-a:m18_131066_87137@32,888=17.2(m)",
     "opus-a:m18_131066_87140@50,118=17.2(m)"
    ],
    "notes": "river bank behind Harrow Bridge Wharf; dot taken from the hachured wall top right of the figures; wall-top height"
   },
   "geometry": {
    "type": "Point",
    "coordinates": [
     -0.0080064,
     51.5322715
    ]
   }
  },
  {
   "type": "Feature",
   "properties": {
    "id": "sh_538161_183355",
    "type": "spot",
    "value_ft": 17.4,
    "raw": "17·4",
    "confidence": "high",
    "n_readings": 2,
    "readers": [
     "opus-a",
     "opus-b"
    ],
    "mosaics": [
     "m18_131063_87137",
     "m18_131063_87140"
    ],
    "bng_e": 538161.04,
    "bng_n": 183354.83,
    "spread_m": 1.53,
    "datum": "OD Liverpool",
    "source": "OS 1:1056 London 1891-96 via NLS",
    "disputed": false,
    "views": [
     "opus-a:m18_131063_87140@528,143=17.4(h)",
     "opus-b:m18_131063_87137@526,903=17.4(m)"
    ],
    "notes": "High Street east of Pegs Hole Bridge"
   },
   "geometry": {
    "type": "Point",
    "coordinates": [
     -0.0095299,
     51.5322031
    ]
   }
  },
  {
   "type": "Feature",
   "properties": {
    "id": "sh_538797_183347",
    "type": "spot",
    "value_ft": 9.5,
    "raw": "9·5",
    "confidence": "high",
    "n_readings": 2,
    "readers": [
     "opus-a"
    ],
    "mosaics": [
     "m18_131069_87137",
     "m18_131069_87140"
    ],
    "bng_e": 538796.83,
    "bng_n": 183346.73,
    "spread_m": 0.19,
    "datum": "OD Liverpool",
    "source": "OS 1:1056 London 1891-96 via NLS",
    "disputed": false,
    "views": [
     "opus-a:m18_131069_87137@698,976=9.5(h)",
     "opus-a:m18_131069_87140@698,207=9.5(h)"
    ],
    "notes": "duplicate"
   },
   "geometry": {
    "type": "Point",
    "coordinates": [
     -0.0003728,
     51.5319745
    ]
   }
  },
  {
   "type": "Feature",
   "properties": {
    "id": "sh_538055_183341",
    "type": "spot",
    "value_ft": 17.8,
    "raw": "17·8",
    "confidence": "high",
    "n_readings": 2,
    "readers": [
     "opus-a",
     "opus-b"
    ],
    "mosaics": [
     "m18_131063_87137",
     "m18_131063_87140"
    ],
    "bng_e": 538054.56,
    "bng_n": 183340.61,
    "spread_m": 1.5,
    "datum": "OD Liverpool",
    "source": "OS 1:1056 London 1891-96 via NLS",
    "disputed": false,
    "views": [
     "opus-a:m18_131063_87140@236,170=17.8(h)",
     "opus-b:m18_131063_87137@244,937=17.8(l)"
    ],
    "notes": "Marshgate Lane"
   },
   "geometry": {
    "type": "Point",
    "coordinates": [
     -0.0110695,
     51.5321013
    ]
   }
  },
  {
   "type": "Feature",
   "properties": {
    "id": "sh_538723_183332",
    "type": "spot",
    "value_ft": 8.7,
    "raw": "8·7",
    "confidence": "medium",
    "n_readings": 1,
    "readers": [
     "opus-a"
    ],
    "mosaics": [
     "m18_131069_87140"
    ],
    "bng_e": 538723.15,
    "bng_n": 183331.53,
    "spread_m": 0.0,
    "datum": "OD Liverpool",
    "source": "OS 1:1056 London 1891-96 via NLS",
    "disputed": false,
    "views": [
     "opus-a:m18_131069_87140@499,243=8.7(m)"
    ],
    "notes": "road north of the sewer; figures split across my two crops, read in full view"
   },
   "geometry": {
    "type": "Point",
    "coordinates": [
     -0.0014403,
     51.531856
    ]
   }
  },
  {
   "type": "Feature",
   "properties": {
    "id": "sh_538117_183327",
    "type": "spot",
    "value_ft": 19.1,
    "raw": "19·1",
    "confidence": "high",
    "n_readings": 2,
    "readers": [
     "opus-a",
     "opus-b"
    ],
    "mosaics": [
     "m18_131063_87137",
     "m18_131063_87140"
    ],
    "bng_e": 538117.11,
    "bng_n": 183327.27,
    "spread_m": 2.68,
    "datum": "OD Liverpool",
    "source": "OS 1:1056 London 1891-96 via NLS",
    "disputed": false,
    "views": [
     "opus-a:m18_131063_87140@411,204=19.1(h)",
     "opus-b:m18_131063_87137@403,984=19.1(m)"
    ],
    "notes": "High Street at Pegs Hole Bridge (bridge crown)"
   },
   "geometry": {
    "type": "Point",
    "coordinates": [
     -0.0101736,
     51.5319662
    ]
   }
  },
  {
   "type": "Feature",
   "properties": {
    "id": "sh_538683_183327",
    "type": "bench_mark",
    "value_ft": 10.79,
    "raw": "B.M.10·79",
    "confidence": "high",
    "n_readings": 1,
    "readers": [
     "opus-a"
    ],
    "mosaics": [
     "m18_131069_87140"
    ],
    "bng_e": 538682.7,
    "bng_n": 183326.71,
    "spread_m": 0.0,
    "datum": "OD Liverpool",
    "source": "OS 1:1056 London 1891-96 via NLS",
    "disputed": false,
    "views": [
     "opus-a:m18_131069_87140@390,253=10.79(h)"
    ],
    "notes": "pheon to right of text at the corner of the building by the sewer; confirmed at 4x"
   },
   "geometry": {
    "type": "Point",
    "coordinates": [
     -0.0020251,
     51.5318227
    ]
   }
  },
  {
   "type": "Feature",
   "properties": {
    "id": "sh_538138_183324",
    "type": "bench_mark",
    "value_ft": 20.61,
    "raw": "B.M.20·61",
    "confidence": "high",
    "n_readings": 2,
    "readers": [
     "opus-a",
     "opus-b"
    ],
    "mosaics": [
     "m18_131063_87137",
     "m18_131063_87140"
    ],
    "bng_e": 538138.4,
    "bng_n": 183324.5,
    "spread_m": 0.37,
    "datum": "OD Liverpool",
    "source": "OS 1:1056 London 1891-96 via NLS",
    "disputed": false,
    "views": [
     "opus-b:m18_131063_87137@464,988=20.61(h)",
     "opus-a:m18_131063_87140@464,218=20.61(h)"
    ],
    "notes": "pheon left of the text on Pegs Hole Bridge parapet"
   },
   "geometry": {
    "type": "Point",
    "coordinates": [
     -0.0098678,
     51.5319361
    ]
   }
  },
  {
   "type": "Feature",
   "properties": {
    "id": "sh_538573_183321",
    "type": "spot",
    "value_ft": 8.6,
    "raw": "8·6",
    "confidence": "high",
    "n_readings": 2,
    "readers": [
     "opus-a"
    ],
    "mosaics": [
     "m18_131066_87140",
     "m18_131069_87140"
    ],
    "bng_e": 538573.21,
    "bng_n": 183320.75,
    "spread_m": 0.19,
    "datum": "OD Liverpool",
    "source": "OS 1:1056 London 1891-96 via NLS",
    "disputed": false,
    "views": [
     "opus-a:m18_131066_87140@863,261=8.6(h)",
     "opus-a:m18_131069_87140@96,261=8.6(h)"
    ],
    "notes": "Abbey Lane; duplicate of m18_131069_87140 (overlap column)"
   },
   "geometry": {
    "type": "Point",
    "coordinates": [
     -0.0036049,
     51.531796
    ]
   }
  },
  {
   "type": "Feature",
   "properties": {
    "id": "sh_538644_183320",
    "type": "spot",
    "value_ft": 8.0,
    "raw": "8·0",
    "confidence": "high",
    "n_readings": 1,
    "readers": [
     "opus-a"
    ],
    "mosaics": [
     "m18_131069_87140"
    ],
    "bng_e": 538644.16,
    "bng_n": 183320.09,
    "spread_m": 0.0,
    "datum": "OD Liverpool",
    "source": "OS 1:1056 London 1891-96 via NLS",
    "disputed": false,
    "views": [
     "opus-a:m18_131069_87140@286,268=8.0(h)"
    ],
    "notes": "Abbey Lane; dot confirmed at 4x"
   },
   "geometry": {
    "type": "Point",
    "coordinates": [
     -0.002583,
     51.5317726
    ]
   }
  },
  {
   "type": "Feature",
   "properties": {
    "id": "sh_538852_183307",
    "type": "spot",
    "value_ft": 11.5,
    "raw": "11·5",
    "confidence": "medium",
    "n_readings": 1,
    "readers": [
     "opus-a"
    ],
    "mosaics": [
     "m18_131069_87140"
    ],
    "bng_e": 538851.9,
    "bng_n": 183307.2,
    "spread_m": 0.0,
    "datum": "OD Liverpool",
    "source": "OS 1:1056 London 1891-96 via NLS",
    "disputed": false,
    "views": [
     "opus-a:m18_131069_87140@843,318=11.5(m)"
    ],
    "notes": "towpath west of Channelsea by the reservoirs; first digit faint (could be 1 or i)"
   },
   "geometry": {
    "type": "Point",
    "coordinates": [
     0.000405,
     51.5316057
    ]
   }
  },
  {
   "type": "Feature",
   "properties": {
    "id": "sh_538283_183289",
    "type": "spot",
    "value_ft": 17.6,
    "raw": "17·6",
    "confidence": "medium",
    "n_readings": 2,
    "readers": [
     "opus-a"
    ],
    "mosaics": [
     "m18_131063_87140",
     "m18_131066_87140"
    ],
    "bng_e": 538283.08,
    "bng_n": 183289.26,
    "spread_m": 0.93,
    "datum": "OD Liverpool",
    "source": "OS 1:1056 London 1891-96 via NLS",
    "disputed": false,
    "views": [
     "opus-a:m18_131063_87140@850,322=17.6(m)",
     "opus-a:m18_131066_87140@82,327=17.6(m)"
    ],
    "notes": "river wall path; dot above-left confirmed at 8x; last digit 6 vs 9 - read 17·9 at 2x in m18_131066_87140, 8x favours 6"
   },
   "geometry": {
    "type": "Point",
    "coordinates": [
     -0.0077972,
     51.5315841
    ]
   }
  },
  {
   "type": "Feature",
   "properties": {
    "id": "sh_538504_183286",
    "type": "spot",
    "value_ft": 9.2,
    "raw": "9·2",
    "confidence": "medium",
    "n_readings": 1,
    "readers": [
     "opus-a"
    ],
    "mosaics": [
     "m18_131066_87140"
    ],
    "bng_e": 538503.96,
    "bng_n": 183286.18,
    "spread_m": 0.0,
    "datum": "OD Liverpool",
    "source": "OS 1:1056 London 1891-96 via NLS",
    "disputed": false,
    "views": [
     "opus-a:m18_131066_87140@675,349=9.2(m)"
    ],
    "notes": "on the strip between the two parallel drains; mark is a small caret/tick not a round dot - could be a water level, but 9.2 is above surrounding marsh so more likely the drain bank"
   },
   "geometry": {
    "type": "Point",
    "coordinates": [
     -0.0046161,
     51.5315023
    ]
   }
  },
  {
   "type": "Feature",
   "properties": {
    "id": "sh_538078_183283",
    "type": "spot",
    "value_ft": 16.0,
    "raw": "16·0",
    "confidence": "high",
    "n_readings": 1,
    "readers": [
     "opus-a"
    ],
    "mosaics": [
     "m18_131063_87140"
    ],
    "bng_e": 538077.73,
    "bng_n": 183282.75,
    "spread_m": 0.0,
    "datum": "OD Liverpool",
    "source": "OS 1:1056 London 1891-96 via NLS",
    "disputed": false,
    "views": [
     "opus-a:m18_131063_87140@298,327=16.0(h)"
    ],
    "notes": "High Street by P.H./P.O."
   },
   "geometry": {
    "type": "Point",
    "coordinates": [
     -0.0107583,
     51.5315757
    ]
   }
  },
  {
   "type": "Feature",
   "properties": {
    "id": "sh_538879_183257",
    "type": "bench_mark",
    "value_ft": 16.46,
    "raw": "B.M. 16·46",
    "confidence": "high",
    "n_readings": 1,
    "readers": [
     "opus-a"
    ],
    "mosaics": [
     "m18_131069_87140"
    ],
    "bng_e": 538878.97,
    "bng_n": 183256.69,
    "spread_m": 0.0,
    "datum": "OD Liverpool",
    "source": "OS 1:1056 London 1891-96 via NLS",
    "disputed": false,
    "views": [
     "opus-a:m18_131069_87140@912,456=16.46(h)"
    ],
    "notes": "pheon left of B.M. on Abbey Mill building; tide note 'Highest Point to which the ...' adjacent"
   },
   "geometry": {
    "type": "Point",
    "coordinates": [
     0.0007752,
     51.5311452
    ]
   }
  },
  {
   "type": "Feature",
   "properties": {
    "id": "sh_538872_183252",
    "type": "spot",
    "value_ft": 14.5,
    "raw": "14·5",
    "confidence": "medium",
    "n_readings": 1,
    "readers": [
     "opus-a"
    ],
    "mosaics": [
     "m18_131069_87140"
    ],
    "bng_e": 538872.4,
    "bng_n": 183252.05,
    "spread_m": 0.0,
    "datum": "OD Liverpool",
    "source": "OS 1:1056 London 1891-96 via NLS",
    "disputed": false,
    "views": [
     "opus-a:m18_131069_87140@894,468=14.5(m)"
    ],
    "notes": "by Abbey Mill (Corn); dot not seen, placed left of figures"
   },
   "geometry": {
    "type": "Point",
    "coordinates": [
     0.0006786,
     51.5311052
    ]
   }
  },
  {
   "type": "Feature",
   "properties": {
    "id": "sh_538033_183241",
    "type": "bench_mark",
    "value_ft": 17.45,
    "raw": "B.M.17·45",
    "confidence": "medium",
    "n_readings": 1,
    "readers": [
     "opus-a"
    ],
    "mosaics": [
     "m18_131063_87140"
    ],
    "bng_e": 538033.07,
    "bng_n": 183241.05,
    "spread_m": 0.0,
    "datum": "OD Liverpool",
    "source": "OS 1:1056 London 1891-96 via NLS",
    "disputed": false,
    "views": [
     "opus-a:m18_131063_87140@175,436=17.45(m)"
    ],
    "notes": "pheon below text on High Street frontage; pheon identification tentative"
   },
   "geometry": {
    "type": "Point",
    "coordinates": [
     -0.0114182,
     51.531212
    ]
   }
  },
  {
   "type": "Feature",
   "properties": {
    "id": "sh_538304_183237",
    "type": "bench_mark",
    "value_ft": 17.39,
    "raw": "B.M.17·39",
    "confidence": "high",
    "n_readings": 2,
    "readers": [
     "opus-a"
    ],
    "mosaics": [
     "m18_131063_87140",
     "m18_131066_87140"
    ],
    "bng_e": 538304.42,
    "bng_n": 183237.29,
    "spread_m": 0.19,
    "datum": "OD Liverpool",
    "source": "OS 1:1056 London 1891-96 via NLS",
    "disputed": false,
    "views": [
     "opus-a:m18_131063_87140@904,466=17.39(h)",
     "opus-a:m18_131066_87140@135,466=17.39(h)"
    ],
    "notes": "duplicate of m18_131066_87140"
   },
   "geometry": {
    "type": "Point",
    "coordinates": [
     -0.0075102,
     51.5311118
    ]
   }
  },
  {
   "type": "Feature",
   "properties": {
    "id": "sh_538857_183220",
    "type": "spot",
    "value_ft": 31.6,
    "raw": "31·6",
    "confidence": "medium",
    "n_readings": 1,
    "readers": [
     "opus-a"
    ],
    "mosaics": [
     "m18_131069_87140"
    ],
    "bng_e": 538857.27,
    "bng_n": 183219.7,
    "spread_m": 0.0,
    "datum": "OD Liverpool",
    "source": "OS 1:1056 London 1891-96 via NLS",
    "disputed": false,
    "views": [
     "opus-a:m18_131069_87140@851,554=31.6(m)"
    ],
    "notes": "top of Northern Outfall Sewer embankment at its Channelsea crossing; value clear, dot not found so position = left end of figures"
   },
   "geometry": {
    "type": "Point",
    "coordinates": [
     0.0004479,
     51.5308182
    ]
   }
  },
  {
   "type": "Feature",
   "properties": {
    "id": "sh_538011_183218",
    "type": "spot",
    "value_ft": 15.9,
    "raw": "15·9",
    "confidence": "high",
    "n_readings": 1,
    "readers": [
     "opus-a"
    ],
    "mosaics": [
     "m18_131063_87140"
    ],
    "bng_e": 538010.6,
    "bng_n": 183218.16,
    "spread_m": 0.0,
    "datum": "OD Liverpool",
    "source": "OS 1:1056 London 1891-96 via NLS",
    "disputed": false,
    "views": [
     "opus-a:m18_131063_87140@113,496=15.9(h)"
    ],
    "notes": "High Street"
   },
   "geometry": {
    "type": "Point",
    "coordinates": [
     -0.0117507,
     51.5310117
    ]
   }
  },
  {
   "type": "Feature",
   "properties": {
    "id": "sh_538453_183216",
    "type": "spot",
    "value_ft": 9.6,
    "raw": "9·6",
    "confidence": "medium",
    "n_readings": 1,
    "readers": [
     "opus-a"
    ],
    "mosaics": [
     "m18_131066_87140"
    ],
    "bng_e": 538452.99,
    "bng_n": 183216.46,
    "spread_m": 0.0,
    "datum": "OD Liverpool",
    "source": "OS 1:1056 London 1891-96 via NLS",
    "disputed": false,
    "views": [
     "opus-a:m18_131066_87140@533,533=9.6(m)"
    ],
    "notes": "between parallel drains at the junction; 6 vs 8 slightly ambiguous; tick mark"
   },
   "geometry": {
    "type": "Point",
    "coordinates": [
     -0.0053778,
     51.5308883
    ]
   }
  },
  {
   "type": "Feature",
   "properties": {
    "id": "sh_538316_183215",
    "type": "spot",
    "value_ft": 17.9,
    "raw": "17·9",
    "confidence": "medium",
    "n_readings": 2,
    "readers": [
     "opus-a"
    ],
    "mosaics": [
     "m18_131063_87140",
     "m18_131066_87140"
    ],
    "bng_e": 538316.0,
    "bng_n": 183215.33,
    "spread_m": 1.48,
    "datum": "OD Liverpool",
    "source": "OS 1:1056 London 1891-96 via NLS",
    "disputed": false,
    "views": [
     "opus-a:m18_131063_87140@933,522=17.9(m)",
     "opus-a:m18_131066_87140@165,530=17.9(m)"
    ],
    "notes": "Short Wall; duplicate"
   },
   "geometry": {
    "type": "Point",
    "coordinates": [
     -0.0073519,
     51.5309116
    ]
   }
  },
  {
   "type": "Feature",
   "properties": {
    "id": "sh_538854_183190",
    "type": "bench_mark",
    "value_ft": 28.25,
    "raw": "B.M.28·25",
    "confidence": "high",
    "n_readings": 1,
    "readers": [
     "opus-a"
    ],
    "mosaics": [
     "m18_131069_87140"
    ],
    "bng_e": 538853.99,
    "bng_n": 183189.9,
    "spread_m": 0.0,
    "datum": "OD Liverpool",
    "source": "OS 1:1056 London 1891-96 via NLS",
    "disputed": false,
    "views": [
     "opus-a:m18_131069_87140@840,634=28.25(h)"
    ],
    "notes": "pheon right of text on the sewer bridge abutment; confirmed at 4x"
   },
   "geometry": {
    "type": "Point",
    "coordinates": [
     0.0003889,
     51.5305512
    ]
   }
  },
  {
   "type": "Feature",
   "properties": {
    "id": "sh_538422_183183",
    "type": "bench_mark",
    "value_ft": 11.05,
    "raw": "B.M.11·05",
    "confidence": "high",
    "n_readings": 1,
    "readers": [
     "opus-a"
    ],
    "mosaics": [
     "m18_131066_87140"
    ],
    "bng_e": 538421.51,
    "bng_n": 183182.92,
    "spread_m": 0.0,
    "datum": "OD Liverpool",
    "source": "OS 1:1056 London 1891-96 via NLS",
    "disputed": false,
    "views": [
     "opus-a:m18_131066_87140@446,621=11.05(h)"
    ],
    "notes": "pheon at bridge/culvert over the drain"
   },
   "geometry": {
    "type": "Point",
    "coordinates": [
     -0.0058445,
     51.5305946
    ]
   }
  },
  {
   "type": "Feature",
   "properties": {
    "id": "sh_537975_183183",
    "type": "spot",
    "value_ft": 15.3,
    "raw": "15·3",
    "confidence": "medium",
    "n_readings": 1,
    "readers": [
     "opus-a"
    ],
    "mosaics": [
     "m18_131063_87140"
    ],
    "bng_e": 537974.71,
    "bng_n": 183182.65,
    "spread_m": 0.0,
    "datum": "OD Liverpool",
    "source": "OS 1:1056 London 1891-96 via NLS",
    "disputed": false,
    "views": [
     "opus-a:m18_131063_87140@14,589=15.3(m)"
    ],
    "notes": "High Street at west edge; dot side uncertain"
   },
   "geometry": {
    "type": "Point",
    "coordinates": [
     -0.0122818,
     51.5307014
    ]
   }
  },
  {
   "type": "Feature",
   "properties": {
    "id": "sh_538858_183162",
    "type": "spot",
    "value_ft": 18.9,
    "raw": "18·9",
    "confidence": "high",
    "n_readings": 1,
    "readers": [
     "opus-a"
    ],
    "mosaics": [
     "m18_131069_87140"
    ],
    "bng_e": 538858.47,
    "bng_n": 183162.17,
    "spread_m": 0.0,
    "datum": "OD Liverpool",
    "source": "OS 1:1056 London 1891-96 via NLS",
    "disputed": false,
    "views": [
     "opus-a:m18_131069_87140@850,709=18.9(h)"
    ],
    "notes": "embankment path; the dot is RIGHT of the figures here (4x check)"
   },
   "geometry": {
    "type": "Point",
    "coordinates": [
     0.0004426,
     51.5303009
    ]
   }
  },
  {
   "type": "Feature",
   "properties": {
    "id": "sh_538436_183147",
    "type": "spot",
    "value_ft": 9.7,
    "raw": "9·7",
    "confidence": "medium",
    "n_readings": 1,
    "readers": [
     "opus-a"
    ],
    "mosaics": [
     "m18_131066_87140"
    ],
    "bng_e": 538435.9,
    "bng_n": 183146.92,
    "spread_m": 0.0,
    "datum": "OD Liverpool",
    "source": "OS 1:1056 London 1891-96 via NLS",
    "disputed": false,
    "views": [
     "opus-a:m18_131066_87140@482,719=9.7(m)"
    ],
    "notes": "between parallel drains; figures straddle my crop boundary"
   },
   "geometry": {
    "type": "Point",
    "coordinates": [
     -0.0056514,
     51.5302675
    ]
   }
  },
  {
   "type": "Feature",
   "properties": {
    "id": "sh_538337_183143",
    "type": "spot",
    "value_ft": 17.3,
    "raw": "17·3",
    "confidence": "medium",
    "n_readings": 2,
    "readers": [
     "opus-a"
    ],
    "mosaics": [
     "m18_131063_87140",
     "m18_131066_87140"
    ],
    "bng_e": 538336.96,
    "bng_n": 183143.11,
    "spread_m": 0.0,
    "datum": "OD Liverpool",
    "source": "OS 1:1056 London 1891-96 via NLS",
    "disputed": false,
    "views": [
     "opus-a:m18_131063_87140@984,722=17.3(m)",
     "opus-a:m18_131066_87140@216,722=17.3(m)"
    ],
    "notes": "Short Wall; duplicate"
   },
   "geometry": {
    "type": "Point",
    "coordinates": [
     -0.0070783,
     51.5302575
    ]
   }
  },
  {
   "type": "Feature",
   "properties": {
    "id": "sh_538851_183132",
    "type": "spot",
    "value_ft": 17.4,
    "raw": "17·4",
    "confidence": "high",
    "n_readings": 2,
    "readers": [
     "opus-a"
    ],
    "mosaics": [
     "m18_131069_87140",
     "m18_131069_87143"
    ],
    "bng_e": 538850.73,
    "bng_n": 183132.06,
    "spread_m": 0.19,
    "datum": "OD Liverpool",
    "source": "OS 1:1056 London 1891-96 via NLS",
    "disputed": false,
    "views": [
     "opus-a:m18_131069_87140@827,790=17.4(h)",
     "opus-a:m18_131069_87143@827,21=17.4(h)"
    ],
    "notes": "embankment west of Channelsea"
   },
   "geometry": {
    "type": "Point",
    "coordinates": [
     0.0003192,
     51.5300323
    ]
   }
  },
  {
   "type": "Feature",
   "properties": {
    "id": "sh_538020_183095",
    "type": "spot",
    "value_ft": 15.5,
    "raw": "15·5",
    "confidence": "high",
    "n_readings": 2,
    "readers": [
     "opus-a",
     "opus-b"
    ],
    "mosaics": [
     "m18_131063_87140",
     "m18_131063_87143"
    ],
    "bng_e": 538020.09,
    "bng_n": 183095.12,
    "spread_m": 0.19,
    "datum": "OD Liverpool",
    "source": "OS 1:1056 London 1891-96 via NLS",
    "disputed": false,
    "views": [
     "opus-a:m18_131063_87140@129,828=15.5(h)",
     "opus-b:m18_131063_87143@130,60=15.5(h)"
    ],
    "notes": "Lime Works yard"
   },
   "geometry": {
    "type": "Point",
    "coordinates": [
     -0.0116622,
     51.5299038
    ]
   }
  },
  {
   "type": "Feature",
   "properties": {
    "id": "sh_538459_183075",
    "type": "spot",
    "value_ft": 9.7,
    "raw": "9·7",
    "confidence": "medium",
    "n_readings": 2,
    "readers": [
     "opus-a"
    ],
    "mosaics": [
     "m18_131066_87140",
     "m18_131066_87143"
    ],
    "bng_e": 538458.52,
    "bng_n": 183075.3,
    "spread_m": 0.26,
    "datum": "OD Liverpool",
    "source": "OS 1:1056 London 1891-96 via NLS",
    "disputed": false,
    "views": [
     "opus-a:m18_131066_87140@537,913=9.7(m)",
     "opus-a:m18_131066_87143@538,146=9.7(m)"
    ],
    "notes": "between parallel drains at junction; tick mark"
   },
   "geometry": {
    "type": "Point",
    "coordinates": [
     -0.0053537,
     51.5296185
    ]
   }
  },
  {
   "type": "Feature",
   "properties": {
    "id": "sh_538820_183061",
    "type": "spot",
    "value_ft": 18.1,
    "raw": "18·1",
    "confidence": "high",
    "n_readings": 2,
    "readers": [
     "opus-a"
    ],
    "mosaics": [
     "m18_131069_87140",
     "m18_131069_87143"
    ],
    "bng_e": 538820.28,
    "bng_n": 183060.85,
    "spread_m": 2.0,
    "datum": "OD Liverpool",
    "source": "OS 1:1056 London 1891-96 via NLS",
    "disputed": false,
    "views": [
     "opus-a:m18_131069_87143@735,209=18.1(h)",
     "opus-a:m18_131069_87140@745,981=18.1(m)"
    ],
    "notes": "Long Wall top; duplicate of m18_131069_87140 (dot seen clearly here, 10 px west of the earlier estimate)"
   },
   "geometry": {
    "type": "Point",
    "coordinates": [
     -0.0001475,
     51.5293999
    ]
   }
  },
  {
   "type": "Feature",
   "properties": {
    "id": "sh_538345_183055",
    "type": "spot",
    "value_ft": 16.9,
    "raw": "16·9",
    "confidence": "high",
    "n_readings": 4,
    "readers": [
     "opus-a",
     "opus-b"
    ],
    "mosaics": [
     "m18_131063_87140",
     "m18_131063_87143",
     "m18_131066_87140",
     "m18_131066_87143"
    ],
    "bng_e": 538344.66,
    "bng_n": 183055.02,
    "spread_m": 0.47,
    "datum": "OD Liverpool",
    "source": "OS 1:1056 London 1891-96 via NLS",
    "disputed": false,
    "views": [
     "opus-a:m18_131063_87140@997,960=16.9(h)",
     "opus-b:m18_131063_87143@999,192=16.9(h)",
     "opus-a:m18_131066_87140@231,960=16.9(h)",
     "opus-a:m18_131066_87143@230,191=16.9(h)"
    ],
    "notes": "Short Wall; duplicate"
   },
   "geometry": {
    "type": "Point",
    "coordinates": [
     -0.0070019,
     51.5294641
    ]
   }
  },
  {
   "type": "Feature",
   "properties": {
    "id": "sh_538090_183053",
    "type": "spot",
    "value_ft": 13.0,
    "raw": "13·0",
    "confidence": "high",
    "n_readings": 2,
    "readers": [
     "opus-a",
     "opus-b"
    ],
    "mosaics": [
     "m18_131063_87140",
     "m18_131063_87143"
    ],
    "bng_e": 538089.94,
    "bng_n": 183052.82,
    "spread_m": 0.0,
    "datum": "OD Liverpool",
    "source": "OS 1:1056 London 1891-96 via NLS",
    "disputed": false,
    "views": [
     "opus-a:m18_131063_87140@314,947=13.0(h)",
     "opus-b:m18_131063_87143@314,179=13.0(m)"
    ],
    "notes": "west of Bow Bridge Works; dot RIGHT of figures"
   },
   "geometry": {
    "type": "Point",
    "coordinates": [
     -0.0106725,
     51.5295067
    ]
   }
  },
  {
   "type": "Feature",
   "properties": {
    "id": "sh_537975_183046",
    "type": "spot",
    "value_ft": 14.4,
    "raw": "14·4",
    "confidence": "medium",
    "n_readings": 2,
    "readers": [
     "opus-a",
     "opus-b"
    ],
    "mosaics": [
     "m18_131063_87140",
     "m18_131063_87143"
    ],
    "bng_e": 537974.69,
    "bng_n": 183046.16,
    "spread_m": 0.19,
    "datum": "OD Liverpool",
    "source": "OS 1:1056 London 1891-96 via NLS",
    "disputed": false,
    "views": [
     "opus-a:m18_131063_87140@4,956=14.4(m)",
     "opus-b:m18_131063_87143@4,189=14.4(m)"
    ],
    "notes": "west edge, cut"
   },
   "geometry": {
    "type": "Point",
    "coordinates": [
     -0.0123355,
     51.5294749
    ]
   }
  },
  {
   "type": "Feature",
   "properties": {
    "id": "sh_538048_183035",
    "type": "spot",
    "value_ft": 14.7,
    "raw": "14·7",
    "confidence": "high",
    "n_readings": 2,
    "readers": [
     "opus-a",
     "opus-b"
    ],
    "mosaics": [
     "m18_131063_87140",
     "m18_131063_87143"
    ],
    "bng_e": 538047.6,
    "bng_n": 183035.15,
    "spread_m": 0.19,
    "datum": "OD Liverpool",
    "source": "OS 1:1056 London 1891-96 via NLS",
    "disputed": false,
    "views": [
     "opus-a:m18_131063_87140@199,992=14.7(h)",
     "opus-b:m18_131063_87143@199,223=14.7(h)"
    ],
    "notes": "Towing Path along the Lea / Bow Creek"
   },
   "geometry": {
    "type": "Point",
    "coordinates": [
     -0.0112894,
     51.5293581
    ]
   }
  },
  {
   "type": "Feature",
   "properties": {
    "id": "sh_538890_183022",
    "type": "spot",
    "value_ft": 17.4,
    "raw": "17·4",
    "confidence": "high",
    "n_readings": 1,
    "readers": [
     "opus-a"
    ],
    "mosaics": [
     "m18_131069_87143"
    ],
    "bng_e": 538889.85,
    "bng_n": 183022.27,
    "spread_m": 0.0,
    "datum": "OD Liverpool",
    "source": "OS 1:1056 London 1891-96 via NLS",
    "disputed": false,
    "views": [
     "opus-a:m18_131069_87143@924,320=17.4(h)"
    ],
    "notes": "river wall at West Ham works, east bank of Channelsea"
   },
   "geometry": {
    "type": "Point",
    "coordinates": [
     0.0008395,
     51.5290361
    ]
   }
  },
  {
   "type": "Feature",
   "properties": {
    "id": "sh_538072_183022",
    "type": "spot",
    "value_ft": 14.4,
    "raw": "14·4",
    "confidence": "high",
    "n_readings": 1,
    "readers": [
     "opus-b"
    ],
    "mosaics": [
     "m18_131063_87143"
    ],
    "bng_e": 538072.17,
    "bng_n": 183021.52,
    "spread_m": 0.0,
    "datum": "OD Liverpool",
    "source": "OS 1:1056 London 1891-96 via NLS",
    "disputed": false,
    "views": [
     "opus-b:m18_131063_87143@264,262=14.4(h)"
    ],
    "notes": "towing path at the bend; dot above-right on the wall line"
   },
   "geometry": {
    "type": "Point",
    "coordinates": [
     -0.0109407,
     51.5292297
    ]
   }
  },
  {
   "type": "Feature",
   "properties": {
    "id": "sh_538069_183002",
    "type": "spot",
    "value_ft": 17.8,
    "raw": "17·8",
    "confidence": "high",
    "n_readings": 1,
    "readers": [
     "opus-b"
    ],
    "mosaics": [
     "m18_131063_87143"
    ],
    "bng_e": 538068.97,
    "bng_n": 183002.49,
    "spread_m": 0.0,
    "datum": "OD Liverpool",
    "source": "OS 1:1056 London 1891-96 via NLS",
    "disputed": false,
    "views": [
     "opus-b:m18_131063_87143@254,313=17.8(h)"
    ],
    "notes": "yard east of Albion Works; dot left"
   },
   "geometry": {
    "type": "Point",
    "coordinates": [
     -0.0109944,
     51.5290595
    ]
   }
  },
  {
   "type": "Feature",
   "properties": {
    "id": "sh_538780_183000",
    "type": "spot",
    "value_ft": 17.4,
    "raw": "17·4",
    "confidence": "high",
    "n_readings": 1,
    "readers": [
     "opus-a"
    ],
    "mosaics": [
     "m18_131069_87143"
    ],
    "bng_e": 538780.24,
    "bng_n": 182999.96,
    "spread_m": 0.0,
    "datum": "OD Liverpool",
    "source": "OS 1:1056 London 1891-96 via NLS",
    "disputed": false,
    "views": [
     "opus-a:m18_131069_87143@628,372=17.4(h)"
    ],
    "notes": "Long Wall top"
   },
   "geometry": {
    "type": "Point",
    "coordinates": [
     -0.0007483,
     51.5288626
    ]
   }
  },
  {
   "type": "Feature",
   "properties": {
    "id": "sh_538458_183000",
    "type": "spot",
    "value_ft": 8.7,
    "raw": "8·7",
    "confidence": "medium",
    "n_readings": 1,
    "readers": [
     "opus-a"
    ],
    "mosaics": [
     "m18_131066_87143"
    ],
    "bng_e": 538458.16,
    "bng_n": 182999.71,
    "spread_m": 0.0,
    "datum": "OD Liverpool",
    "source": "OS 1:1056 London 1891-96 via NLS",
    "disputed": false,
    "views": [
     "opus-a:m18_131066_87143@531,349=8.7(m)"
    ],
    "notes": "between parallel drains; dot above figures"
   },
   "geometry": {
    "type": "Point",
    "coordinates": [
     -0.0053885,
     51.5289393
    ]
   }
  },
  {
   "type": "Feature",
   "properties": {
    "id": "sh_538359_182994",
    "type": "bench_mark",
    "value_ft": 13.32,
    "raw": "B.M.13·32",
    "confidence": "high",
    "n_readings": 1,
    "readers": [
     "opus-a"
    ],
    "mosaics": [
     "m18_131066_87143"
    ],
    "bng_e": 538359.25,
    "bng_n": 182994.42,
    "spread_m": 0.0,
    "datum": "OD Liverpool",
    "source": "OS 1:1056 London 1891-96 via NLS",
    "disputed": false,
    "views": [
     "opus-a:m18_131066_87143@265,356=13.32(h)"
    ],
    "notes": "pheon on small building at south end of Short Wall"
   },
   "geometry": {
    "type": "Point",
    "coordinates": [
     -0.0068155,
     51.528916
    ]
   }
  },
  {
   "type": "Feature",
   "properties": {
    "id": "sh_538469_182979",
    "type": "bench_mark",
    "value_ft": 9.77,
    "raw": "B.M.9·77",
    "confidence": "high",
    "n_readings": 1,
    "readers": [
     "opus-a"
    ],
    "mosaics": [
     "m18_131066_87143"
    ],
    "bng_e": 538469.14,
    "bng_n": 182979.22,
    "spread_m": 0.0,
    "datum": "OD Liverpool",
    "source": "OS 1:1056 London 1891-96 via NLS",
    "disputed": false,
    "views": [
     "opus-a:m18_131066_87143@559,405=9.77(h)"
    ],
    "notes": "pheon on the culvert/sluice structure beside the drain"
   },
   "geometry": {
    "type": "Point",
    "coordinates": [
     -0.0052383,
     51.5287524
    ]
   }
  },
  {
   "type": "Feature",
   "properties": {
    "id": "sh_538028_182979",
    "type": "spot",
    "value_ft": 18.1,
    "raw": "18·1",
    "confidence": "high",
    "n_readings": 1,
    "readers": [
     "opus-b"
    ],
    "mosaics": [
     "m18_131063_87143"
    ],
    "bng_e": 538027.53,
    "bng_n": 182979.08,
    "spread_m": 0.0,
    "datum": "OD Liverpool",
    "source": "OS 1:1056 London 1891-96 via NLS",
    "disputed": false,
    "views": [
     "opus-b:m18_131063_87143@141,373=18.1(h)"
    ],
    "notes": "Albion Works yard; dot above figures"
   },
   "geometry": {
    "type": "Point",
    "coordinates": [
     -0.0116005,
     51.5288592
    ]
   }
  },
  {
   "type": "Feature",
   "properties": {
    "id": "sh_538087_182975",
    "type": "spot",
    "value_ft": 14.1,
    "raw": "14·1",
    "confidence": "medium",
    "n_readings": 1,
    "readers": [
     "opus-b"
    ],
    "mosaics": [
     "m18_131063_87143"
    ],
    "bng_e": 538087.21,
    "bng_n": 182975.13,
    "spread_m": 0.0,
    "datum": "OD Liverpool",
    "source": "OS 1:1056 London 1891-96 via NLS",
    "disputed": false,
    "views": [
     "opus-b:m18_131063_87143@301,388=14.1(m)"
    ],
    "notes": "towing path by the Soap Works (disused); dot 11 px right of figures"
   },
   "geometry": {
    "type": "Point",
    "coordinates": [
     -0.0107422,
     51.5288092
    ]
   }
  },
  {
   "type": "Feature",
   "properties": {
    "id": "sh_538345_182967",
    "type": "spot",
    "value_ft": 16.7,
    "raw": "16·7",
    "confidence": "high",
    "n_readings": 2,
    "readers": [
     "opus-a",
     "opus-b"
    ],
    "mosaics": [
     "m18_131063_87143",
     "m18_131066_87143"
    ],
    "bng_e": 538345.49,
    "bng_n": 182966.75,
    "spread_m": 0.19,
    "datum": "OD Liverpool",
    "source": "OS 1:1056 London 1891-96 via NLS",
    "disputed": false,
    "views": [
     "opus-b:m18_131063_87143@994,430=16.7(h)",
     "opus-a:m18_131066_87143@226,429=16.7(h)"
    ],
    "notes": "east of the river wall; dot above"
   },
   "geometry": {
    "type": "Point",
    "coordinates": [
     -0.0070247,
     51.5286707
    ]
   }
  },
  {
   "type": "Feature",
   "properties": {
    "id": "sh_538885_182963",
    "type": "spot",
    "value_ft": 17.9,
    "raw": "17·9",
    "confidence": "high",
    "n_readings": 1,
    "readers": [
     "opus-a"
    ],
    "mosaics": [
     "m18_131069_87143"
    ],
    "bng_e": 538884.77,
    "bng_n": 182963.08,
    "spread_m": 0.0,
    "datum": "OD Liverpool",
    "source": "OS 1:1056 London 1891-96 via NLS",
    "disputed": false,
    "views": [
     "opus-a:m18_131069_87143@906,479=17.9(h)"
    ],
    "notes": "river wall, east bank"
   },
   "geometry": {
    "type": "Point",
    "coordinates": [
     0.000743,
     51.5285055
    ]
   }
  },
  {
   "type": "Feature",
   "properties": {
    "id": "sh_538010_182954",
    "type": "spot",
    "value_ft": 20.1,
    "raw": "20·1",
    "confidence": "high",
    "n_readings": 1,
    "readers": [
     "opus-b"
    ],
    "mosaics": [
     "m18_131063_87143"
    ],
    "bng_e": 538009.97,
    "bng_n": 182953.72,
    "spread_m": 0.0,
    "datum": "OD Liverpool",
    "source": "OS 1:1056 London 1891-96 via NLS",
    "disputed": false,
    "views": [
     "opus-b:m18_131063_87143@92,440=20.1(h)"
    ],
    "notes": "yard west of the Soap Works; dot above-left"
   },
   "geometry": {
    "type": "Point",
    "coordinates": [
     -0.0118634,
     51.5286356
    ]
   }
  },
  {
   "type": "Feature",
   "properties": {
    "id": "sh_538897_182953",
    "type": "bench_mark",
    "value_ft": 13.17,
    "raw": "B.M.13·17",
    "confidence": "high",
    "n_readings": 1,
    "readers": [
     "opus-a"
    ],
    "mosaics": [
     "m18_131069_87143"
    ],
    "bng_e": 538897.34,
    "bng_n": 182952.65,
    "spread_m": 0.0,
    "datum": "OD Liverpool",
    "source": "OS 1:1056 London 1891-96 via NLS",
    "disputed": false,
    "views": [
     "opus-a:m18_131069_87143@939,508=13.17(h)"
    ],
    "notes": "pheon at building corner"
   },
   "geometry": {
    "type": "Point",
    "coordinates": [
     0.00092,
     51.5284087
    ]
   }
  },
  {
   "type": "Feature",
   "properties": {
    "id": "sh_538096_182947",
    "type": "bench_mark",
    "value_ft": 17.66,
    "raw": "B.M.17·66",
    "confidence": "high",
    "n_readings": 1,
    "readers": [
     "opus-b"
    ],
    "mosaics": [
     "m18_131063_87143"
    ],
    "bng_e": 538096.18,
    "bng_n": 182946.78,
    "spread_m": 0.0,
    "datum": "OD Liverpool",
    "source": "OS 1:1056 London 1891-96 via NLS",
    "disputed": false,
    "views": [
     "opus-b:m18_131063_87143@323,465=17.66(h)"
    ],
    "notes": "pheon left of the text on the towing-path wall"
   },
   "geometry": {
    "type": "Point",
    "coordinates": [
     -0.0106242,
     51.5285522
    ]
   }
  },
  {
   "type": "Feature",
   "properties": {
    "id": "sh_538886_182938",
    "type": "spot",
    "value_ft": 17.3,
    "raw": "17·3",
    "confidence": "medium",
    "n_readings": 1,
    "readers": [
     "opus-a"
    ],
    "mosaics": [
     "m18_131069_87143"
    ],
    "bng_e": 538885.82,
    "bng_n": 182938.23,
    "spread_m": 0.0,
    "datum": "OD Liverpool",
    "source": "OS 1:1056 London 1891-96 via NLS",
    "disputed": false,
    "views": [
     "opus-a:m18_131069_87143@907,546=17.3(m)"
    ],
    "notes": "3 vs 8 ambiguous (read 17·8 in one crop, 17·3 in another)"
   },
   "geometry": {
    "type": "Point",
    "coordinates": [
     0.0007483,
     51.5282819
    ]
   }
  },
  {
   "type": "Feature",
   "properties": {
    "id": "sh_538746_182930",
    "type": "spot",
    "value_ft": 17.8,
    "raw": "17·8",
    "confidence": "medium",
    "n_readings": 1,
    "readers": [
     "opus-a"
    ],
    "mosaics": [
     "m18_131069_87143"
    ],
    "bng_e": 538746.42,
    "bng_n": 182929.59,
    "spread_m": 0.0,
    "datum": "OD Liverpool",
    "source": "OS 1:1056 London 1891-96 via NLS",
    "disputed": false,
    "views": [
     "opus-a:m18_131069_87143@532,559=17.8(m)"
    ],
    "notes": "Long Wall just above the sheet join; dot estimated"
   },
   "geometry": {
    "type": "Point",
    "coordinates": [
     -0.0012633,
     51.5282385
    ]
   }
  },
  {
   "type": "Feature",
   "properties": {
    "id": "sh_538474_182922",
    "type": "spot",
    "value_ft": 8.4,
    "raw": "8·4",
    "confidence": "medium",
    "n_readings": 1,
    "readers": [
     "opus-a"
    ],
    "mosaics": [
     "m18_131066_87143"
    ],
    "bng_e": 538473.69,
    "bng_n": 182921.77,
    "spread_m": 0.0,
    "datum": "OD Liverpool",
    "source": "OS 1:1056 London 1891-96 via NLS",
    "disputed": false,
    "views": [
     "opus-a:m18_131066_87143@567,560=8.4(m)"
    ],
    "notes": "between drains, 6 px above the sheet join"
   },
   "geometry": {
    "type": "Point",
    "coordinates": [
     -0.0051954,
     51.5282351
    ]
   }
  },
  {
   "type": "Feature",
   "properties": {
    "id": "sh_538010_182909",
    "type": "bench_mark",
    "value_ft": 31.44,
    "raw": "B.M.31·44",
    "confidence": "high",
    "n_readings": 1,
    "readers": [
     "opus-b"
    ],
    "mosaics": [
     "m18_131063_87143"
    ],
    "bng_e": 538009.69,
    "bng_n": 182909.14,
    "spread_m": 0.0,
    "datum": "OD Liverpool",
    "source": "OS 1:1056 London 1891-96 via NLS",
    "disputed": false,
    "views": [
     "opus-b:m18_131063_87143@88,560=31.44(h)"
    ],
    "notes": "pheon below the text at the wall corner by the Mineral Water Manufactory, on the sheet join"
   },
   "geometry": {
    "type": "Point",
    "coordinates": [
     -0.0118849,
     51.5282351
    ]
   }
  },
  {
   "type": "Feature",
   "properties": {
    "id": "sh_538128_182907",
    "type": "spot",
    "value_ft": 14.5,
    "raw": "14·5",
    "confidence": "high",
    "n_readings": 1,
    "readers": [
     "opus-b"
    ],
    "mosaics": [
     "m18_131063_87143"
    ],
    "bng_e": 538128.16,
    "bng_n": 182907.16,
    "spread_m": 0.0,
    "datum": "OD Liverpool",
    "source": "OS 1:1056 London 1891-96 via NLS",
    "disputed": false,
    "views": [
     "opus-b:m18_131063_87143@406,574=14.5(h)"
    ],
    "notes": "towing path south of the sheet join; dot right of figures"
   },
   "geometry": {
    "type": "Point",
    "coordinates": [
     -0.010179,
     51.5281884
    ]
   }
  },
  {
   "type": "Feature",
   "properties": {
    "id": "sh_538017_182906",
    "type": "spot",
    "value_ft": 28.7,
    "raw": "28·7",
    "confidence": "high",
    "n_readings": 1,
    "readers": [
     "opus-b"
    ],
    "mosaics": [
     "m18_131063_87143"
    ],
    "bng_e": 538017.23,
    "bng_n": 182906.01,
    "spread_m": 0.0,
    "datum": "OD Liverpool",
    "source": "OS 1:1056 London 1891-96 via NLS",
    "disputed": false,
    "views": [
     "opus-b:m18_131063_87143@108,569=28.7(h)"
    ],
    "notes": "street head just south of the sheet join; dot above-left"
   },
   "geometry": {
    "type": "Point",
    "coordinates": [
     -0.0117776,
     51.5282051
    ]
   }
  },
  {
   "type": "Feature",
   "properties": {
    "id": "sh_538327_182900",
    "type": "spot",
    "value_ft": 16.4,
    "raw": "16·4",
    "confidence": "high",
    "n_readings": 2,
    "readers": [
     "opus-a",
     "opus-b"
    ],
    "mosaics": [
     "m18_131063_87143",
     "m18_131066_87143"
    ],
    "bng_e": 538327.01,
    "bng_n": 182899.95,
    "spread_m": 0.19,
    "datum": "OD Liverpool",
    "source": "OS 1:1056 London 1891-96 via NLS",
    "disputed": false,
    "views": [
     "opus-b:m18_131063_87143@940,608=16.4(h)",
     "opus-a:m18_131066_87143@171,608=16.4(h)"
    ],
    "notes": "road on the east bank of the Lea; dot left"
   },
   "geometry": {
    "type": "Point",
    "coordinates": [
     -0.0073171,
     51.5280749
    ]
   }
  },
  {
   "type": "Feature",
   "properties": {
    "id": "sh_538833_182894",
    "type": "spot",
    "value_ft": 17.1,
    "raw": "17·1",
    "confidence": "medium",
    "n_readings": 1,
    "readers": [
     "opus-a"
    ],
    "mosaics": [
     "m18_131069_87143"
    ],
    "bng_e": 538833.02,
    "bng_n": 182894.44,
    "spread_m": 0.0,
    "datum": "OD Liverpool",
    "source": "OS 1:1056 London 1891-96 via NLS",
    "disputed": false,
    "views": [
     "opus-a:m18_131069_87143@762,660=17.1(m)"
    ],
    "notes": "bank by Oil & Stearine Works, next to F.P."
   },
   "geometry": {
    "type": "Point",
    "coordinates": [
     -2.95e-05,
     51.5279014
    ]
   }
  },
  {
   "type": "Feature",
   "properties": {
    "id": "sh_538044_182864",
    "type": "spot",
    "value_ft": 31.6,
    "raw": "31·6",
    "confidence": "medium",
    "n_readings": 1,
    "readers": [
     "opus-b"
    ],
    "mosaics": [
     "m18_131063_87143"
    ],
    "bng_e": 538044.42,
    "bng_n": 182864.41,
    "spread_m": 0.0,
    "datum": "OD Liverpool",
    "source": "OS 1:1056 London 1891-96 via NLS",
    "disputed": false,
    "views": [
     "opus-b:m18_131063_87143@178,683=31.6(m)"
    ],
    "notes": "Hancock Road at its north end; last digit 6 (not 8); dot taken as the interpunct in 'H·A' of the road name, ~20 px from the figures"
   },
   "geometry": {
    "type": "Point",
    "coordinates": [
     -0.0114021,
     51.5278246
    ]
   }
  },
  {
   "type": "Feature",
   "properties": {
    "id": "sh_538702_182864",
    "type": "spot",
    "value_ft": 17.5,
    "raw": "17·5",
    "confidence": "medium",
    "n_readings": 1,
    "readers": [
     "opus-a"
    ],
    "mosaics": [
     "m18_131069_87143"
    ],
    "bng_e": 538702.04,
    "bng_n": 182863.75,
    "spread_m": 0.0,
    "datum": "OD Liverpool",
    "source": "OS 1:1056 London 1891-96 via NLS",
    "disputed": false,
    "views": [
     "opus-a:m18_131069_87143@408,733=17.5(m)"
    ],
    "notes": "Long Wall; dot estimated"
   },
   "geometry": {
    "type": "Point",
    "coordinates": [
     -0.0019285,
     51.5276578
    ]
   }
  },
  {
   "type": "Feature",
   "properties": {
    "id": "sh_538776_182863",
    "type": "spot",
    "value_ft": 16.9,
    "raw": "16·9",
    "confidence": "low",
    "n_readings": 1,
    "readers": [
     "opus-a"
    ],
    "mosaics": [
     "m18_131069_87143"
    ],
    "bng_e": 538776.17,
    "bng_n": 182862.81,
    "spread_m": 0.0,
    "datum": "OD Liverpool",
    "source": "OS 1:1056 London 1891-96 via NLS",
    "disputed": false,
    "views": [
     "opus-a:m18_131069_87143@607,741=16.9(l)"
    ],
    "notes": "near Abbey Creek wharf head; dot not located"
   },
   "geometry": {
    "type": "Point",
    "coordinates": [
     -0.000861,
     51.5276311
    ]
   }
  },
  {
   "type": "Feature",
   "properties": {
    "id": "sh_538907_182862",
    "type": "spot",
    "value_ft": 11.3,
    "raw": "11·3",
    "confidence": "high",
    "n_readings": 1,
    "readers": [
     "opus-a"
    ],
    "mosaics": [
     "m18_131069_87143"
    ],
    "bng_e": 538906.52,
    "bng_n": 182862.28,
    "spread_m": 0.0,
    "datum": "OD Liverpool",
    "source": "OS 1:1056 London 1891-96 via NLS",
    "disputed": false,
    "views": [
     "opus-a:m18_131069_87143@957,752=11.3(h)"
    ],
    "notes": "road north of railway"
   },
   "geometry": {
    "type": "Point",
    "coordinates": [
     0.0010166,
     51.5275944
    ]
   }
  },
  {
   "type": "Feature",
   "properties": {
    "id": "sh_538201_182860",
    "type": "spot",
    "value_ft": 15.0,
    "raw": "15·0",
    "confidence": "medium",
    "n_readings": 1,
    "readers": [
     "opus-b"
    ],
    "mosaics": [
     "m18_131063_87143"
    ],
    "bng_e": 538200.94,
    "bng_n": 182859.75,
    "spread_m": 0.0,
    "datum": "OD Liverpool",
    "source": "OS 1:1056 London 1891-96 via NLS",
    "disputed": false,
    "views": [
     "opus-b:m18_131063_87143@598,707=15.0(m)"
    ],
    "notes": "towing path; no adjacent dot (dots nearby belong to the C.C. boundary dash-dot line), position = figures"
   },
   "geometry": {
    "type": "Point",
    "coordinates": [
     -0.009149,
     51.5277445
    ]
   }
  },
  {
   "type": "Feature",
   "properties": {
    "id": "sh_538506_182847",
    "type": "spot",
    "value_ft": 7.7,
    "raw": "7·7",
    "confidence": "high",
    "n_readings": 1,
    "readers": [
     "opus-a"
    ],
    "mosaics": [
     "m18_131066_87143"
    ],
    "bng_e": 538505.51,
    "bng_n": 182847.25,
    "spread_m": 0.0,
    "datum": "OD Liverpool",
    "source": "OS 1:1056 London 1891-96 via NLS",
    "disputed": false,
    "views": [
     "opus-a:m18_131066_87143@647,763=7.7(h)"
    ],
    "notes": "low ground east of the path, south of the sheet join"
   },
   "geometry": {
    "type": "Point",
    "coordinates": [
     -0.0047663,
     51.5275576
    ]
   }
  },
  {
   "type": "Feature",
   "properties": {
    "id": "sh_537983_182833",
    "type": "spot",
    "value_ft": 33.7,
    "raw": "33·7",
    "confidence": "medium",
    "n_readings": 1,
    "readers": [
     "opus-b"
    ],
    "mosaics": [
     "m18_131063_87143"
    ],
    "bng_e": 537983.47,
    "bng_n": 182832.67,
    "spread_m": 0.0,
    "datum": "OD Liverpool",
    "source": "OS 1:1056 London 1891-96 via NLS",
    "disputed": false,
    "views": [
     "opus-b:m18_131063_87143@12,764=33.7(m)"
    ],
    "notes": "street at the west edge; first digit 3; dot taken as the one above the N of the street name"
   },
   "geometry": {
    "type": "Point",
    "coordinates": [
     -0.0122926,
     51.5275543
    ]
   }
  },
  {
   "type": "Feature",
   "properties": {
    "id": "sh_538841_182832",
    "type": "bench_mark",
    "value_ft": 14.68,
    "raw": "B.M.14·68",
    "confidence": "high",
    "n_readings": 2,
    "readers": [
     "opus-a",
     "opus-b"
    ],
    "mosaics": [
     "m18_131069_87143",
     "m18_131069_87146"
    ],
    "bng_e": 538841.43,
    "bng_n": 182832.09,
    "spread_m": 0.19,
    "datum": "OD Liverpool",
    "source": "OS 1:1056 London 1891-96 via NLS",
    "disputed": false,
    "views": [
     "opus-a:m18_131069_87143@780,828=14.68(h)",
     "opus-b:m18_131069_87146@780,61=14.68(m)"
    ],
    "notes": "arrow right of text at railway boundary"
   },
   "geometry": {
    "type": "Point",
    "coordinates": [
     6.71e-05,
     51.527339
    ]
   }
  },
  {
   "type": "Feature",
   "properties": {
    "id": "sh_538070_182824",
    "type": "spot",
    "value_ft": 32.3,
    "raw": "32·3",
    "confidence": "medium",
    "n_readings": 2,
    "readers": [
     "opus-b"
    ],
    "mosaics": [
     "m18_131063_87143",
     "m18_131063_87146"
    ],
    "bng_e": 538069.72,
    "bng_n": 182824.24,
    "spread_m": 0.0,
    "datum": "OD Liverpool",
    "source": "OS 1:1056 London 1891-96 via NLS",
    "disputed": false,
    "views": [
     "opus-b:m18_131063_87143@243,793=32.3(m)",
     "opus-b:m18_131063_87146@243,25=32.3(m)"
    ],
    "notes": "Hancock Road; dot is the interpunct in 'C·K' of the road name, upper-right of figures"
   },
   "geometry": {
    "type": "Point",
    "coordinates": [
     -0.0110534,
     51.5274575
    ]
   }
  },
  {
   "type": "Feature",
   "properties": {
    "id": "sh_538798_182823",
    "type": "spot",
    "value_ft": 11.6,
    "raw": "11·6",
    "confidence": "medium",
    "n_readings": 2,
    "readers": [
     "opus-a",
     "opus-b"
    ],
    "mosaics": [
     "m18_131069_87143",
     "m18_131069_87146"
    ],
    "bng_e": 538797.92,
    "bng_n": 182823.1,
    "spread_m": 0.95,
    "datum": "OD Liverpool",
    "source": "OS 1:1056 London 1891-96 via NLS",
    "disputed": false,
    "views": [
     "opus-a:m18_131069_87143@662,847=11.6(m)",
     "opus-b:m18_131069_87146@663,84=11.6(l)"
    ],
    "notes": "by Parly. Boro. & Ward boundary"
   },
   "geometry": {
    "type": "Point",
    "coordinates": [
     -0.0005633,
     51.527269
    ]
   }
  },
  {
   "type": "Feature",
   "properties": {
    "id": "sh_538346_182819",
    "type": "spot",
    "value_ft": 14.7,
    "raw": "14·7",
    "confidence": "high",
    "n_readings": 4,
    "readers": [
     "opus-a",
     "opus-b"
    ],
    "mosaics": [
     "m18_131063_87143",
     "m18_131063_87146",
     "m18_131066_87143",
     "m18_131066_87146"
    ],
    "bng_e": 538346.17,
    "bng_n": 182818.76,
    "spread_m": 0.0,
    "datum": "OD Liverpool",
    "source": "OS 1:1056 London 1891-96 via NLS",
    "disputed": false,
    "views": [
     "opus-b:m18_131063_87143@985,828=14.7(h)",
     "opus-b:m18_131063_87146@985,60=14.7(h)",
     "opus-b:m18_131066_87146@217,60=14.7(h)",
     "opus-a:m18_131066_87143@217,828=14.7(m)"
    ],
    "notes": "lane by the W.M. at Three Mills; dot above-right"
   },
   "geometry": {
    "type": "Point",
    "coordinates": [
     -0.007073,
     51.5273407
    ]
   }
  },
  {
   "type": "Feature",
   "properties": {
    "id": "sh_538304_182814",
    "type": "spot",
    "value_ft": 16.2,
    "raw": "16·2",
    "confidence": "high",
    "n_readings": 4,
    "readers": [
     "opus-a",
     "opus-b"
    ],
    "mosaics": [
     "m18_131063_87143",
     "m18_131063_87146",
     "m18_131066_87143",
     "m18_131066_87146"
    ],
    "bng_e": 538303.66,
    "bng_n": 182813.89,
    "spread_m": 0.19,
    "datum": "OD Liverpool",
    "source": "OS 1:1056 London 1891-96 via NLS",
    "disputed": false,
    "views": [
     "opus-b:m18_131063_87143@871,838=16.2(h)",
     "opus-b:m18_131063_87146@871,70=16.2(h)",
     "opus-a:m18_131066_87143@102,838=16.2(h)",
     "opus-b:m18_131066_87146@102,70=16.2(h)"
    ],
    "notes": "Three Mills Lane east of the bridge; dot left"
   },
   "geometry": {
    "type": "Point",
    "coordinates": [
     -0.0076872,
     51.5273073
    ]
   }
  },
  {
   "type": "Feature",
   "properties": {
    "id": "sh_538236_182814",
    "type": "spot",
    "value_ft": 14.2,
    "raw": "14·2",
    "confidence": "medium",
    "n_readings": 2,
    "readers": [
     "opus-b"
    ],
    "mosaics": [
     "m18_131063_87143",
     "m18_131063_87146"
    ],
    "bng_e": 538236.46,
    "bng_n": 182813.55,
    "spread_m": 0.0,
    "datum": "OD Liverpool",
    "source": "OS 1:1056 London 1891-96 via NLS",
    "disputed": false,
    "views": [
     "opus-b:m18_131063_87143@690,834=14.2(m)",
     "opus-b:m18_131063_87146@690,66=14.2(m)"
    ],
    "notes": "towing path by Ornamental Moulding Works; dot left of figures (other dots nearby belong to the C.C. dash-dot line)"
   },
   "geometry": {
    "type": "Point",
    "coordinates": [
     -0.0086555,
     51.5273207
    ]
   }
  },
  {
   "type": "Feature",
   "properties": {
    "id": "sh_538082_182813",
    "type": "bench_mark",
    "value_ft": 34.87,
    "raw": "B.M.34·87",
    "confidence": "high",
    "n_readings": 2,
    "readers": [
     "opus-b"
    ],
    "mosaics": [
     "m18_131063_87143",
     "m18_131063_87146"
    ],
    "bng_e": 538081.93,
    "bng_n": 182813.43,
    "spread_m": 0.0,
    "datum": "OD Liverpool",
    "source": "OS 1:1056 London 1891-96 via NLS",
    "disputed": false,
    "views": [
     "opus-b:m18_131063_87143@275,823=34.87(h)",
     "opus-b:m18_131063_87146@275,55=34.87(h)"
    ],
    "notes": "pheon above the text at the corner of Sherman Street and Hancock Road"
   },
   "geometry": {
    "type": "Point",
    "coordinates": [
     -0.0108817,
     51.5273574
    ]
   }
  },
  {
   "type": "Feature",
   "properties": {
    "id": "sh_538652_182804",
    "type": "spot",
    "value_ft": 17.3,
    "raw": "17·3",
    "confidence": "medium",
    "n_readings": 2,
    "readers": [
     "opus-a",
     "opus-b"
    ],
    "mosaics": [
     "m18_131069_87143",
     "m18_131069_87146"
    ],
    "bng_e": 538652.1,
    "bng_n": 182804.08,
    "spread_m": 0.42,
    "datum": "OD Liverpool",
    "source": "OS 1:1056 London 1891-96 via NLS",
    "disputed": false,
    "views": [
     "opus-a:m18_131069_87143@270,891=17.3(m)",
     "opus-b:m18_131069_87146@269,121=17.3(m)"
    ],
    "notes": "'F.P.17·3' on Long Wall footpath"
   },
   "geometry": {
    "type": "Point",
    "coordinates": [
     -0.0026715,
     51.5271338
    ]
   }
  },
  {
   "type": "Feature",
   "properties": {
    "id": "sh_538809_182802",
    "type": "spot",
    "value_ft": 10.7,
    "raw": "10·7",
    "confidence": "high",
    "n_readings": 2,
    "readers": [
     "opus-a",
     "opus-b"
    ],
    "mosaics": [
     "m18_131069_87143",
     "m18_131069_87146"
    ],
    "bng_e": 538809.11,
    "bng_n": 182802.05,
    "spread_m": 0.0,
    "datum": "OD Liverpool",
    "source": "OS 1:1056 London 1891-96 via NLS",
    "disputed": false,
    "views": [
     "opus-a:m18_131069_87143@691,907=10.7(h)",
     "opus-b:m18_131069_87146@691,139=10.7(m)"
    ],
    "notes": "south of railway"
   },
   "geometry": {
    "type": "Point",
    "coordinates": [
     -0.0004104,
     51.5270771
    ]
   }
  },
  {
   "type": "Feature",
   "properties": {
    "id": "sh_538259_182802",
    "type": "spot",
    "value_ft": 21.2,
    "raw": "21·2",
    "confidence": "medium",
    "n_readings": 2,
    "readers": [
     "opus-b"
    ],
    "mosaics": [
     "m18_131063_87143",
     "m18_131063_87146"
    ],
    "bng_e": 538259.49,
    "bng_n": 182801.92,
    "spread_m": 0.0,
    "datum": "OD Liverpool",
    "source": "OS 1:1056 London 1891-96 via NLS",
    "disputed": false,
    "views": [
     "opus-b:m18_131063_87143@751,867=21.2(m)",
     "opus-b:m18_131063_87146@751,99=21.2(m)"
    ],
    "notes": "on Three Mills Bridge; dot upper-left of figures"
   },
   "geometry": {
    "type": "Point",
    "coordinates": [
     -0.0083282,
     51.5272106
    ]
   }
  },
  {
   "type": "Feature",
   "properties": {
    "id": "sh_538243_182800",
    "type": "bench_mark",
    "value_ft": 19.46,
    "raw": "B.M.19·46",
    "confidence": "high",
    "n_readings": 2,
    "readers": [
     "opus-b"
    ],
    "mosaics": [
     "m18_131063_87143",
     "m18_131063_87146"
    ],
    "bng_e": 538243.16,
    "bng_n": 182799.99,
    "spread_m": 0.0,
    "datum": "OD Liverpool",
    "source": "OS 1:1056 London 1891-96 via NLS",
    "disputed": false,
    "views": [
     "opus-b:m18_131063_87143@707,871=19.46(h)",
     "opus-b:m18_131063_87146@707,103=19.46(h)"
    ],
    "notes": "pheon about 25 px above the text at the west abutment of Three Mills Bridge"
   },
   "geometry": {
    "type": "Point",
    "coordinates": [
     -0.0085643,
     51.5271972
    ]
   }
  },
  {
   "type": "Feature",
   "properties": {
    "id": "sh_538740_182795",
    "type": "spot",
    "value_ft": 10.9,
    "raw": "10·9",
    "confidence": "medium",
    "n_readings": 1,
    "readers": [
     "opus-a"
    ],
    "mosaics": [
     "m18_131069_87143"
    ],
    "bng_e": 538740.03,
    "bng_n": 182795.34,
    "spread_m": 0.0,
    "datum": "OD Liverpool",
    "source": "OS 1:1056 London 1891-96 via NLS",
    "disputed": false,
    "views": [
     "opus-a:m18_131069_87143@505,920=10.9(m)"
    ],
    "notes": "by Abbey Wharf; seen mostly in full view, dot estimated"
   },
   "geometry": {
    "type": "Point",
    "coordinates": [
     -0.0014081,
     51.5270337
    ]
   }
  },
  {
   "type": "Feature",
   "properties": {
    "id": "sh_538014_182794",
    "type": "spot",
    "value_ft": 33.3,
    "raw": "33·3",
    "confidence": "medium",
    "n_readings": 2,
    "readers": [
     "opus-b"
    ],
    "mosaics": [
     "m18_131063_87143",
     "m18_131063_87146"
    ],
    "bng_e": 538013.56,
    "bng_n": 182794.12,
    "spread_m": 0.0,
    "datum": "OD Liverpool",
    "source": "OS 1:1056 London 1891-96 via NLS",
    "disputed": false,
    "views": [
     "opus-b:m18_131063_87143@90,870=33.3(m)",
     "opus-b:m18_131063_87146@90,102=33.3(m)"
    ],
    "notes": "Washington Street; dot is the interpunct in 'O·N' of the street name, just left of the figures"
   },
   "geometry": {
    "type": "Point",
    "coordinates": [
     -0.0118741,
     51.5272005
    ]
   }
  },
  {
   "type": "Feature",
   "properties": {
    "id": "sh_538750_182791",
    "type": "spot",
    "value_ft": 10.9,
    "raw": "10·9",
    "confidence": "medium",
    "n_readings": 1,
    "readers": [
     "opus-b"
    ],
    "mosaics": [
     "m18_131069_87146"
    ],
    "bng_e": 538749.83,
    "bng_n": 182791.15,
    "spread_m": 0.0,
    "datum": "OD Liverpool",
    "source": "OS 1:1056 London 1891-96 via NLS",
    "disputed": false,
    "views": [
     "opus-b:m18_131069_87146@531,164=10.9(m)"
    ],
    "notes": "Abbey Creek Wharf by the railway; dot below-right of figures"
   },
   "geometry": {
    "type": "Point",
    "coordinates": [
     -0.0012687,
     51.5269936
    ]
   }
  },
  {
   "type": "Feature",
   "properties": {
    "id": "sh_538520_182791",
    "type": "spot",
    "value_ft": 7.3,
    "raw": "7·3",
    "confidence": "high",
    "n_readings": 2,
    "readers": [
     "opus-a",
     "opus-b"
    ],
    "mosaics": [
     "m18_131066_87143",
     "m18_131066_87146"
    ],
    "bng_e": 538520.45,
    "bng_n": 182791.02,
    "spread_m": 0.19,
    "datum": "OD Liverpool",
    "source": "OS 1:1056 London 1891-96 via NLS",
    "disputed": false,
    "views": [
     "opus-a:m18_131066_87143@683,915=7.3(h)",
     "opus-b:m18_131066_87146@683,148=7.3(h)"
    ],
    "notes": "low ground north of Long Wall"
   },
   "geometry": {
    "type": "Point",
    "coordinates": [
     -0.0045732,
     51.5270487
    ]
   }
  },
  {
   "type": "Feature",
   "properties": {
    "id": "sh_538613_182783",
    "type": "bench_mark",
    "value_ft": 12.86,
    "raw": "B.M.12·86",
    "confidence": "high",
    "n_readings": 4,
    "readers": [
     "opus-a",
     "opus-b"
    ],
    "mosaics": [
     "m18_131066_87143",
     "m18_131066_87146",
     "m18_131069_87143",
     "m18_131069_87146"
    ],
    "bng_e": 538612.55,
    "bng_n": 182783.13,
    "spread_m": 0.5,
    "datum": "OD Liverpool",
    "source": "OS 1:1056 London 1891-96 via NLS",
    "disputed": false,
    "views": [
     "opus-b:m18_131066_87146@929,176=12.86(h)",
     "opus-a:m18_131069_87143@162,943=12.86(h)",
     "opus-b:m18_131069_87146@161,176=12.86(h)",
     "opus-a:m18_131066_87143@931,943=12.86(m)"
    ],
    "notes": "pheon above the text on the foot of the Long Wall"
   },
   "geometry": {
    "type": "Point",
    "coordinates": [
     -0.0032495,
     51.5269552
    ]
   }
  },
  {
   "type": "Feature",
   "properties": {
    "id": "sh_538095_182783",
    "type": "spot",
    "value_ft": 32.5,
    "raw": "32·5",
    "confidence": "medium",
    "n_readings": 2,
    "readers": [
     "opus-b"
    ],
    "mosaics": [
     "m18_131063_87143",
     "m18_131063_87146"
    ],
    "bng_e": 538095.42,
    "bng_n": 182782.97,
    "spread_m": 0.0,
    "datum": "OD Liverpool",
    "source": "OS 1:1056 London 1891-96 via NLS",
    "disputed": false,
    "views": [
     "opus-b:m18_131063_87143@309,906=32.5(m)",
     "opus-b:m18_131063_87146@309,138=32.5(m)"
    ],
    "notes": "Hancock Road; dot is the interpunct in 'O·A' of ROAD, above-right of figures"
   },
   "geometry": {
    "type": "Point",
    "coordinates": [
     -0.0106993,
     51.5270804
    ]
   }
  },
  {
   "type": "Feature",
   "properties": {
    "id": "sh_538573_182781",
    "type": "spot",
    "value_ft": 17.1,
    "raw": "17·1",
    "confidence": "medium",
    "n_readings": 4,
    "readers": [
     "opus-a",
     "opus-b"
    ],
    "mosaics": [
     "m18_131066_87143",
     "m18_131066_87146",
     "m18_131069_87143",
     "m18_131069_87146"
    ],
    "bng_e": 538572.84,
    "bng_n": 182781.4,
    "spread_m": 0.28,
    "datum": "OD Liverpool",
    "source": "OS 1:1056 London 1891-96 via NLS",
    "disputed": false,
    "views": [
     "opus-a:m18_131066_87143@823,945=17.1(m)",
     "opus-b:m18_131066_87146@823,177=17.1(m)",
     "opus-a:m18_131069_87143@55,946=17.1(m)",
     "opus-b:m18_131069_87146@55,177=17.1(m)"
    ],
    "notes": "top of Long Wall embankment; dot estimated"
   },
   "geometry": {
    "type": "Point",
    "coordinates": [
     -0.0038221,
     51.5269494
    ]
   }
  },
  {
   "type": "Feature",
   "properties": {
    "id": "sh_538361_182775",
    "type": "spot",
    "value_ft": 14.8,
    "raw": "14·8",
    "confidence": "medium",
    "n_readings": 4,
    "readers": [
     "opus-a",
     "opus-b"
    ],
    "mosaics": [
     "m18_131063_87143",
     "m18_131063_87146",
     "m18_131066_87143",
     "m18_131066_87146"
    ],
    "bng_e": 538361.05,
    "bng_n": 182774.69,
    "spread_m": 0.84,
    "datum": "OD Liverpool",
    "source": "OS 1:1056 London 1891-96 via NLS",
    "disputed": false,
    "views": [
     "opus-b:m18_131063_87143@1022,947=14.8(m)",
     "opus-a:m18_131066_87143@253,947=14.8(m)",
     "opus-b:m18_131066_87146@254,182=14.8(m)",
     "opus-b:m18_131063_87146@1022,179=14.8(l)"
    ],
    "notes": "east edge of mosaic; last digit 8 (possibly 6); dot right of figures at the edge"
   },
   "geometry": {
    "type": "Point",
    "coordinates": [
     -0.0068758,
     51.5269411
    ]
   }
  },
  {
   "type": "Feature",
   "properties": {
    "id": "sh_538684_182772",
    "type": "spot",
    "value_ft": 13.4,
    "raw": "13·4",
    "confidence": "medium",
    "n_readings": 2,
    "readers": [
     "opus-a",
     "opus-b"
    ],
    "mosaics": [
     "m18_131069_87143",
     "m18_131069_87146"
    ],
    "bng_e": 538683.51,
    "bng_n": 182771.88,
    "spread_m": 2.84,
    "datum": "OD Liverpool",
    "source": "OS 1:1056 London 1891-96 via NLS",
    "disputed": false,
    "views": [
     "opus-a:m18_131069_87143@345,975=13.4(m)",
     "opus-b:m18_131069_87146@358,215=13.4(m)"
    ],
    "notes": "over Manure Works yard; dot position uncertain"
   },
   "geometry": {
    "type": "Point",
    "coordinates": [
     -0.0022316,
     51.5268368
    ]
   }
  },
  {
   "type": "Feature",
   "properties": {
    "id": "sh_538183_182766",
    "type": "spot",
    "value_ft": 23.8,
    "raw": "23·8",
    "confidence": "medium",
    "n_readings": 2,
    "readers": [
     "opus-b"
    ],
    "mosaics": [
     "m18_131063_87143",
     "m18_131063_87146"
    ],
    "bng_e": 538183.38,
    "bng_n": 182766.05,
    "spread_m": 0.0,
    "datum": "OD Liverpool",
    "source": "OS 1:1056 London 1891-96 via NLS",
    "disputed": false,
    "views": [
     "opus-b:m18_131063_87143@544,958=23.8(m)",
     "opus-b:m18_131063_87146@544,190=23.8(m)"
    ],
    "notes": "Three Mills Lane; dot is the interpunct in 'L·A' of LANE, ~18 px above the figures"
   },
   "geometry": {
    "type": "Point",
    "coordinates": [
     -0.0094387,
     51.5269068
    ]
   }
  },
  {
   "type": "Feature",
   "properties": {
    "id": "sh_538643_182763",
    "type": "bench_mark",
    "value_ft": 15.94,
    "raw": "B.M.15·94",
    "confidence": "medium",
    "n_readings": 1,
    "readers": [
     "opus-a"
    ],
    "mosaics": [
     "m18_131069_87143"
    ],
    "bng_e": 538642.97,
    "bng_n": 182763.35,
    "spread_m": 0.0,
    "datum": "OD Liverpool",
    "source": "OS 1:1056 London 1891-96 via NLS",
    "disputed": false,
    "views": [
     "opus-a:m18_131069_87143@242,999=15.94(m)"
    ],
    "notes": "written inside a small oval marked 'C' at the Manure Works; pheon not identified, position = text centre"
   },
   "geometry": {
    "type": "Point",
    "coordinates": [
     -0.002819,
     51.52677
    ]
   }
  },
  {
   "type": "Feature",
   "properties": {
    "id": "sh_538656_182756",
    "type": "bench_mark",
    "value_ft": 15.94,
    "raw": "B.M.15·94",
    "confidence": "medium",
    "n_readings": 1,
    "readers": [
     "opus-b"
    ],
    "mosaics": [
     "m18_131069_87146"
    ],
    "bng_e": 538656.21,
    "bng_n": 182755.91,
    "spread_m": 0.0,
    "datum": "OD Liverpool",
    "source": "OS 1:1056 London 1891-96 via NLS",
    "disputed": false,
    "views": [
     "opus-b:m18_131069_87146@277,252=15.94(m)"
    ],
    "notes": "text inside the crane (C) oval; pheon taken as the mark at the end of 'Manure', ~35 px SE of the text"
   },
   "geometry": {
    "type": "Point",
    "coordinates": [
     -0.0026312,
     51.5266999
    ]
   }
  },
  {
   "type": "Feature",
   "properties": {
    "id": "sh_538279_182756",
    "type": "spot",
    "value_ft": 15.2,
    "raw": "15·2",
    "confidence": "high",
    "n_readings": 4,
    "readers": [
     "opus-a",
     "opus-b"
    ],
    "mosaics": [
     "m18_131063_87143",
     "m18_131063_87146",
     "m18_131066_87143",
     "m18_131066_87146"
    ],
    "bng_e": 538279.27,
    "bng_n": 182755.75,
    "spread_m": 0.39,
    "datum": "OD Liverpool",
    "source": "OS 1:1056 London 1891-96 via NLS",
    "disputed": false,
    "views": [
     "opus-b:m18_131063_87143@801,993=15.2(h)",
     "opus-b:m18_131063_87146@801,225=15.2(h)",
     "opus-b:m18_131066_87146@33,225=15.2(h)",
     "opus-a:m18_131066_87143@32,992=15.2(m)"
    ],
    "notes": "path south of Three Mills Bridge; dot above-left"
   },
   "geometry": {
    "type": "Point",
    "coordinates": [
     -0.0080614,
     51.5267909
    ]
   }
  },
  {
   "type": "Feature",
   "properties": {
    "id": "sh_538039_182751",
    "type": "spot",
    "value_ft": 34.0,
    "raw": "34·0",
    "confidence": "high",
    "n_readings": 2,
    "readers": [
     "opus-b"
    ],
    "mosaics": [
     "m18_131063_87143",
     "m18_131063_87146"
    ],
    "bng_e": 538038.56,
    "bng_n": 182751.34,
    "spread_m": 0.0,
    "datum": "OD Liverpool",
    "source": "OS 1:1056 London 1891-96 via NLS",
    "disputed": false,
    "views": [
     "opus-b:m18_131063_87143@154,987=34.0(h)",
     "opus-b:m18_131063_87146@154,219=34.0(h)"
    ],
    "notes": "...ferson Street; dot immediately left of figures"
   },
   "geometry": {
    "type": "Point",
    "coordinates": [
     -0.0115308,
     51.5268101
    ]
   }
  },
  {
   "type": "Feature",
   "properties": {
    "id": "sh_538372_182746",
    "type": "bench_mark",
    "value_ft": 17.74,
    "raw": "B.M.17·74",
    "confidence": "high",
    "n_readings": 1,
    "readers": [
     "opus-b"
    ],
    "mosaics": [
     "m18_131066_87146"
    ],
    "bng_e": 538371.98,
    "bng_n": 182745.93,
    "spread_m": 0.0,
    "datum": "OD Liverpool",
    "source": "OS 1:1056 London 1891-96 via NLS",
    "disputed": false,
    "views": [
     "opus-b:m18_131066_87146@281,258=17.74(h)"
    ],
    "notes": "pheon left of the text on the Distillery wall"
   },
   "geometry": {
    "type": "Point",
    "coordinates": [
     -0.0067296,
     51.5266799
    ]
   }
  },
  {
   "type": "Feature",
   "properties": {
    "id": "sh_538601_182738",
    "type": "spot",
    "value_ft": 16.3,
    "raw": "16·3",
    "confidence": "low",
    "n_readings": 2,
    "readers": [
     "opus-b"
    ],
    "mosaics": [
     "m18_131066_87146",
     "m18_131069_87146"
    ],
    "bng_e": 538601.2,
    "bng_n": 182738.25,
    "spread_m": 0.56,
    "datum": "OD Liverpool",
    "source": "OS 1:1056 London 1891-96 via NLS",
    "disputed": false,
    "views": [
     "opus-b:m18_131066_87146@896,297=16.3(l)",
     "opus-b:m18_131069_87146@128,294=16.3(l)"
    ],
    "notes": "railway goods shed (F. Shed) by the Channelsea; last digit 3 or 8; dot probably the one on the railway at about 900,312"
   },
   "geometry": {
    "type": "Point",
    "coordinates": [
     -0.0034305,
     51.5265547
    ]
   }
  },
  {
   "type": "Feature",
   "properties": {
    "id": "sh_538508_182732",
    "type": "spot",
    "value_ft": 15.5,
    "raw": "15·5",
    "confidence": "medium",
    "n_readings": 1,
    "readers": [
     "opus-b"
    ],
    "mosaics": [
     "m18_131066_87146"
    ],
    "bng_e": 538508.28,
    "bng_n": 182732.19,
    "spread_m": 0.0,
    "datum": "OD Liverpool",
    "source": "OS 1:1056 London 1891-96 via NLS",
    "disputed": false,
    "views": [
     "opus-b:m18_131066_87146@646,305=15.5(m)"
    ],
    "notes": "corner of the Distillery grounds at the Channelsea; dot below-left of figures"
   },
   "geometry": {
    "type": "Point",
    "coordinates": [
     -0.0047716,
     51.526523
    ]
   }
  },
  {
   "type": "Feature",
   "properties": {
    "id": "sh_538132_182726",
    "type": "spot",
    "value_ft": 28.4,
    "raw": "28·4",
    "confidence": "medium",
    "n_readings": 1,
    "readers": [
     "opus-b"
    ],
    "mosaics": [
     "m18_131063_87146"
    ],
    "bng_e": 538132.35,
    "bng_n": 182725.66,
    "spread_m": 0.0,
    "datum": "OD Liverpool",
    "source": "OS 1:1056 London 1891-96 via NLS",
    "disputed": false,
    "views": [
     "opus-b:m18_131063_87146@404,295=28.4(m)"
    ],
    "notes": "Three Mills Lane; dot is the interpunct in 'I·L' of MILLS, below-right of figures"
   },
   "geometry": {
    "type": "Point",
    "coordinates": [
     -0.0101897,
     51.5265564
    ]
   }
  },
  {
   "type": "Feature",
   "properties": {
    "id": "sh_538842_182725",
    "type": "spot",
    "value_ft": 7.5,
    "raw": "7·5",
    "confidence": "high",
    "n_readings": 1,
    "readers": [
     "opus-b"
    ],
    "mosaics": [
     "m18_131069_87146"
    ],
    "bng_e": 538841.74,
    "bng_n": 182725.32,
    "spread_m": 0.0,
    "datum": "OD Liverpool",
    "source": "OS 1:1056 London 1891-96 via NLS",
    "disputed": false,
    "views": [
     "opus-b:m18_131069_87146@773,348=7.5(h)"
    ],
    "notes": "marsh footpath; dot left"
   },
   "geometry": {
    "type": "Point",
    "coordinates": [
     2.95e-05,
     51.5263795
    ]
   }
  },
  {
   "type": "Feature",
   "properties": {
    "id": "sh_538481_182719",
    "type": "bench_mark",
    "value_ft": 16.36,
    "raw": "B.M.16·36",
    "confidence": "high",
    "n_readings": 1,
    "readers": [
     "opus-b"
    ],
    "mosaics": [
     "m18_131066_87146"
    ],
    "bng_e": 538481.07,
    "bng_n": 182719.19,
    "spread_m": 0.0,
    "datum": "OD Liverpool",
    "source": "OS 1:1056 London 1891-96 via NLS",
    "disputed": false,
    "views": [
     "opus-b:m18_131066_87146@572,338=16.36(h)"
    ],
    "notes": "pheon below the text on the Channelsea river wall"
   },
   "geometry": {
    "type": "Point",
    "coordinates": [
     -0.0051686,
     51.5264129
    ]
   }
  },
  {
   "type": "Feature",
   "properties": {
    "id": "sh_537985_182719",
    "type": "spot",
    "value_ft": 35.8,
    "raw": "35·8",
    "confidence": "low",
    "n_readings": 1,
    "readers": [
     "opus-b"
    ],
    "mosaics": [
     "m18_131063_87146"
    ],
    "bng_e": 537985.44,
    "bng_n": 182719.07,
    "spread_m": 0.0,
    "datum": "OD Liverpool",
    "source": "OS 1:1056 London 1891-96 via NLS",
    "disputed": false,
    "views": [
     "opus-b:m18_131063_87146@9,302=35.8(l)"
    ],
    "notes": "St Leonard's Street at the west edge; last digit 8 or 3 even at 10x; no dot apart from the F.P. dot above; position = figures"
   },
   "geometry": {
    "type": "Point",
    "coordinates": [
     -0.0123086,
     51.5265331
    ]
   }
  },
  {
   "type": "Feature",
   "properties": {
    "id": "sh_538385_182711",
    "type": "spot",
    "value_ft": 14.9,
    "raw": "14·9",
    "confidence": "high",
    "n_readings": 1,
    "readers": [
     "opus-b"
    ],
    "mosaics": [
     "m18_131066_87146"
    ],
    "bng_e": 538384.86,
    "bng_n": 182710.62,
    "spread_m": 0.0,
    "datum": "OD Liverpool",
    "source": "OS 1:1056 London 1891-96 via NLS",
    "disputed": false,
    "views": [
     "opus-b:m18_131066_87146@313,354=14.9(h)"
    ],
    "notes": "road round the Distillery; dot above-right of figures"
   },
   "geometry": {
    "type": "Point",
    "coordinates": [
     -0.006558,
     51.5263595
    ]
   }
  },
  {
   "type": "Feature",
   "properties": {
    "id": "sh_538443_182706",
    "type": "spot",
    "value_ft": 15.1,
    "raw": "15·1",
    "confidence": "high",
    "n_readings": 1,
    "readers": [
     "opus-b"
    ],
    "mosaics": [
     "m18_131066_87146"
    ],
    "bng_e": 538443.44,
    "bng_n": 182706.28,
    "spread_m": 0.0,
    "datum": "OD Liverpool",
    "source": "OS 1:1056 London 1891-96 via NLS",
    "disputed": false,
    "views": [
     "opus-b:m18_131066_87146@470,370=15.1(h)"
    ],
    "notes": "river wall path; dot above-left"
   },
   "geometry": {
    "type": "Point",
    "coordinates": [
     -0.0057158,
     51.5263061
    ]
   }
  },
  {
   "type": "Feature",
   "properties": {
    "id": "sh_538528_182703",
    "type": "spot",
    "value_ft": 18.9,
    "raw": "18·9",
    "confidence": "medium",
    "n_readings": 1,
    "readers": [
     "opus-b"
    ],
    "mosaics": [
     "m18_131066_87146"
    ],
    "bng_e": 538527.7,
    "bng_n": 182702.63,
    "spread_m": 0.0,
    "datum": "OD Liverpool",
    "source": "OS 1:1056 London 1891-96 via NLS",
    "disputed": false,
    "views": [
     "opus-b:m18_131066_87146@696,386=18.9(m)"
    ],
    "notes": "figures on the foreshore; dot taken as the one below-right on the railway embankment top"
   },
   "geometry": {
    "type": "Point",
    "coordinates": [
     -0.0045034,
     51.5262527
    ]
   }
  },
  {
   "type": "Feature",
   "properties": {
    "id": "sh_538330_182696",
    "type": "spot",
    "value_ft": 14.9,
    "raw": "14·9",
    "confidence": "high",
    "n_readings": 2,
    "readers": [
     "opus-b"
    ],
    "mosaics": [
     "m18_131063_87146",
     "m18_131066_87146"
    ],
    "bng_e": 538329.57,
    "bng_n": 182696.49,
    "spread_m": 0.19,
    "datum": "OD Liverpool",
    "source": "OS 1:1056 London 1891-96 via NLS",
    "disputed": false,
    "views": [
     "opus-b:m18_131063_87146@932,388=14.9(h)",
     "opus-b:m18_131066_87146@163,388=14.9(h)"
    ],
    "notes": "towing path by Bow Creek; dot left"
   },
   "geometry": {
    "type": "Point",
    "coordinates": [
     -0.00736,
     51.526246
    ]
   }
  },
  {
   "type": "Feature",
   "properties": {
    "id": "sh_538071_182683",
    "type": "spot",
    "value_ft": 32.0,
    "raw": "32·0",
    "confidence": "medium",
    "n_readings": 1,
    "readers": [
     "opus-b"
    ],
    "mosaics": [
     "m18_131063_87146"
    ],
    "bng_e": 538070.96,
    "bng_n": 182682.77,
    "spread_m": 0.0,
    "datum": "OD Liverpool",
    "source": "OS 1:1056 London 1891-96 via NLS",
    "disputed": false,
    "views": [
     "opus-b:m18_131063_87146@236,406=32.0(m)"
    ],
    "notes": "Three Mills Lane at the corner of Imperial Street; dot is the interpunct in 'H·R' of THREE, upper-left of figures"
   },
   "geometry": {
    "type": "Point",
    "coordinates": [
     -0.0110909,
     51.526186
    ]
   }
  },
  {
   "type": "Feature",
   "properties": {
    "id": "sh_538070_182676",
    "type": "bench_mark",
    "value_ft": 34.36,
    "raw": "B.M.34·36",
    "confidence": "high",
    "n_readings": 1,
    "readers": [
     "opus-b"
    ],
    "mosaics": [
     "m18_131063_87146"
    ],
    "bng_e": 538069.65,
    "bng_n": 182676.05,
    "spread_m": 0.0,
    "datum": "OD Liverpool",
    "source": "OS 1:1056 London 1891-96 via NLS",
    "disputed": false,
    "views": [
     "opus-b:m18_131063_87146@232,424=34.36(h)"
    ],
    "notes": "pheon left of the text on the corner building"
   },
   "geometry": {
    "type": "Point",
    "coordinates": [
     -0.0111124,
     51.5261259
    ]
   }
  },
  {
   "type": "Feature",
   "properties": {
    "id": "sh_538456_182674",
    "type": "spot",
    "value_ft": 21.9,
    "raw": "21·9",
    "confidence": "medium",
    "n_readings": 1,
    "readers": [
     "opus-b"
    ],
    "mosaics": [
     "m18_131066_87146"
    ],
    "bng_e": 538456.24,
    "bng_n": 182673.94,
    "spread_m": 0.0,
    "datum": "OD Liverpool",
    "source": "OS 1:1056 London 1891-96 via NLS",
    "disputed": false,
    "views": [
     "opus-b:m18_131066_87146@502,458=21.9(m)"
    ],
    "notes": "figures on the foreshore; dot taken as the one below-right on the railway embankment"
   },
   "geometry": {
    "type": "Point",
    "coordinates": [
     -0.0055441,
     51.5260124
    ]
   }
  },
  {
   "type": "Feature",
   "properties": {
    "id": "sh_538025_182655",
    "type": "spot",
    "value_ft": 35.8,
    "raw": "35·8",
    "confidence": "low",
    "n_readings": 1,
    "readers": [
     "opus-b"
    ],
    "mosaics": [
     "m18_131063_87146"
    ],
    "bng_e": 538024.8,
    "bng_n": 182654.77,
    "spread_m": 0.0,
    "datum": "OD Liverpool",
    "source": "OS 1:1056 London 1891-96 via NLS",
    "disputed": false,
    "views": [
     "opus-b:m18_131063_87146@110,478=35.8(l)"
    ],
    "notes": "St Leonard's Street at the Three Mills Lane junction; last digit 8 or 3; the two nearby dots belong to F.P. labels; position = figures"
   },
   "geometry": {
    "type": "Point",
    "coordinates": [
     -0.0117668,
     51.5259456
    ]
   }
  },
  {
   "type": "Feature",
   "properties": {
    "id": "sh_538395_182652",
    "type": "bench_mark",
    "value_ft": 23.0,
    "raw": "B.M.23·00",
    "confidence": "high",
    "n_readings": 1,
    "readers": [
     "opus-b"
    ],
    "mosaics": [
     "m18_131066_87146"
    ],
    "bng_e": 538394.64,
    "bng_n": 182652.21,
    "spread_m": 0.0,
    "datum": "OD Liverpool",
    "source": "OS 1:1056 London 1891-96 via NLS",
    "disputed": false,
    "views": [
     "opus-b:m18_131066_87146@335,512=23.0(h)"
    ],
    "notes": "pheon right of the text on the east abutment of the Bow Creek railway bridge"
   },
   "geometry": {
    "type": "Point",
    "coordinates": [
     -0.00644,
     51.5258322
    ]
   }
  },
  {
   "type": "Feature",
   "properties": {
    "id": "sh_538851_182650",
    "type": "bench_mark",
    "value_ft": 7.22,
    "raw": "B.M.7·22",
    "confidence": "high",
    "n_readings": 1,
    "readers": [
     "opus-b"
    ],
    "mosaics": [
     "m18_131069_87146"
    ],
    "bng_e": 538851.26,
    "bng_n": 182649.81,
    "spread_m": 0.0,
    "datum": "OD Liverpool",
    "source": "OS 1:1056 London 1891-96 via NLS",
    "disputed": false,
    "views": [
     "opus-b:m18_131069_87146@793,552=7.22(h)"
    ],
    "notes": "pheon left of the text on the small structure by the footpath"
   },
   "geometry": {
    "type": "Point",
    "coordinates": [
     0.0001368,
     51.5256987
    ]
   }
  },
  {
   "type": "Feature",
   "properties": {
    "id": "sh_538390_182644",
    "type": "spot",
    "value_ft": 25.4,
    "raw": "25·4",
    "confidence": "medium",
    "n_readings": 1,
    "readers": [
     "opus-b"
    ],
    "mosaics": [
     "m18_131066_87146"
    ],
    "bng_e": 538389.66,
    "bng_n": 182643.9,
    "spread_m": 0.0,
    "datum": "OD Liverpool",
    "source": "OS 1:1056 London 1891-96 via NLS",
    "disputed": false,
    "views": [
     "opus-b:m18_131066_87146@321,534=25.4(m)"
    ],
    "notes": "railway at the east abutment; dot between the rails below-right of figures"
   },
   "geometry": {
    "type": "Point",
    "coordinates": [
     -0.0065151,
     51.5257587
    ]
   }
  },
  {
   "type": "Feature",
   "properties": {
    "id": "sh_538845_182630",
    "type": "spot",
    "value_ft": 6.4,
    "raw": "6·4",
    "confidence": "high",
    "n_readings": 1,
    "readers": [
     "opus-b"
    ],
    "mosaics": [
     "m18_131069_87146"
    ],
    "bng_e": 538845.47,
    "bng_n": 182629.97,
    "spread_m": 0.0,
    "datum": "OD Liverpool",
    "source": "OS 1:1056 London 1891-96 via NLS",
    "disputed": false,
    "views": [
     "opus-b:m18_131069_87146@776,605=6.4(h)"
    ],
    "notes": "marsh footpath; dot above-left"
   },
   "geometry": {
    "type": "Point",
    "coordinates": [
     4.56e-05,
     51.5255218
    ]
   }
  },
  {
   "type": "Feature",
   "properties": {
    "id": "sh_538412_182627",
    "type": "spot",
    "value_ft": 15.9,
    "raw": "15·9",
    "confidence": "high",
    "n_readings": 1,
    "readers": [
     "opus-b"
    ],
    "mosaics": [
     "m18_131066_87146"
    ],
    "bng_e": 538412.08,
    "bng_n": 182627.42,
    "spread_m": 0.0,
    "datum": "OD Liverpool",
    "source": "OS 1:1056 London 1891-96 via NLS",
    "disputed": false,
    "views": [
     "opus-b:m18_131066_87146@380,580=15.9(h)"
    ],
    "notes": "marsh ground east of Bow Creek below the embankment; dot left"
   },
   "geometry": {
    "type": "Point",
    "coordinates": [
     -0.0061986,
     51.5256052
    ]
   }
  },
  {
   "type": "Feature",
   "properties": {
    "id": "sh_538923_182627",
    "type": "spot",
    "value_ft": 4.5,
    "raw": "4·5",
    "confidence": "high",
    "n_readings": 1,
    "readers": [
     "opus-b"
    ],
    "mosaics": [
     "m18_131069_87146"
    ],
    "bng_e": 538923.02,
    "bng_n": 182626.52,
    "spread_m": 0.0,
    "datum": "OD Liverpool",
    "source": "OS 1:1056 London 1891-96 via NLS",
    "disputed": false,
    "views": [
     "opus-b:m18_131069_87146@984,620=4.5(h)"
    ],
    "notes": "by the Sluice; dot above figures; lowest reading in this batch"
   },
   "geometry": {
    "type": "Point",
    "coordinates": [
     0.0011614,
     51.5254717
    ]
   }
  },
  {
   "type": "Feature",
   "properties": {
    "id": "sh_538331_182620",
    "type": "spot",
    "value_ft": 25.6,
    "raw": "25·6",
    "confidence": "medium",
    "n_readings": 2,
    "readers": [
     "opus-b"
    ],
    "mosaics": [
     "m18_131063_87146",
     "m18_131066_87146"
    ],
    "bng_e": 538330.73,
    "bng_n": 182620.01,
    "spread_m": 0.0,
    "datum": "OD Liverpool",
    "source": "OS 1:1056 London 1891-96 via NLS",
    "disputed": false,
    "views": [
     "opus-b:m18_131063_87146@929,594=25.6(m)",
     "opus-b:m18_131066_87146@161,594=25.6(m)"
    ],
    "notes": "railway bridge over Bow Creek; dot between the rails above-left of figures"
   },
   "geometry": {
    "type": "Point",
    "coordinates": [
     -0.0073734,
     51.5255585
    ]
   }
  },
  {
   "type": "Feature",
   "properties": {
    "id": "sh_538285_182602",
    "type": "spot",
    "value_ft": 25.5,
    "raw": "25·5",
    "confidence": "medium",
    "n_readings": 2,
    "readers": [
     "opus-b"
    ],
    "mosaics": [
     "m18_131063_87146",
     "m18_131066_87146"
    ],
    "bng_e": 538285.42,
    "bng_n": 182601.69,
    "spread_m": 0.0,
    "datum": "OD Liverpool",
    "source": "OS 1:1056 London 1891-96 via NLS",
    "disputed": false,
    "views": [
     "opus-b:m18_131063_87146@806,640=25.5(m)",
     "opus-b:m18_131066_87146@38,640=25.5(m)"
    ],
    "notes": "railway at the west end of the Bow Creek bridge; dot between the rails above-left"
   },
   "geometry": {
    "type": "Point",
    "coordinates": [
     -0.0080332,
     51.525405
    ]
   }
  },
  {
   "type": "Feature",
   "properties": {
    "id": "sh_538221_182584",
    "type": "bench_mark",
    "value_ft": 25.75,
    "raw": "B.M.25·75",
    "confidence": "high",
    "n_readings": 1,
    "readers": [
     "opus-b"
    ],
    "mosaics": [
     "m18_131063_87146"
    ],
    "bng_e": 538221.11,
    "bng_n": 182583.97,
    "spread_m": 0.0,
    "datum": "OD Liverpool",
    "source": "OS 1:1056 London 1891-96 via NLS",
    "disputed": false,
    "views": [
     "opus-b:m18_131063_87146@632,683=25.75(h)"
    ],
    "notes": "pheon above-right of the text on the railway boundary by the Steam Boiler Works"
   },
   "geometry": {
    "type": "Point",
    "coordinates": [
     -0.0089666,
     51.5252615
    ]
   }
  },
  {
   "type": "Feature",
   "properties": {
    "id": "sh_538447_182575",
    "type": "spot",
    "value_ft": 18.2,
    "raw": "18·2",
    "confidence": "high",
    "n_readings": 1,
    "readers": [
     "opus-b"
    ],
    "mosaics": [
     "m18_131066_87146"
    ],
    "bng_e": 538447.39,
    "bng_n": 182575.27,
    "spread_m": 0.0,
    "datum": "OD Liverpool",
    "source": "OS 1:1056 London 1891-96 via NLS",
    "disputed": false,
    "views": [
     "opus-b:m18_131066_87146@471,723=18.2(h)"
    ],
    "notes": "gasworks ground; dot left"
   },
   "geometry": {
    "type": "Point",
    "coordinates": [
     -0.0057104,
     51.5251279
    ]
   }
  },
  {
   "type": "Feature",
   "properties": {
    "id": "sh_538203_182575",
    "type": "spot",
    "value_ft": 28.6,
    "raw": "28·6",
    "confidence": "high",
    "n_readings": 1,
    "readers": [
     "opus-b"
    ],
    "mosaics": [
     "m18_131063_87146"
    ],
    "bng_e": 538203.49,
    "bng_n": 182574.57,
    "spread_m": 0.0,
    "datum": "OD Liverpool",
    "source": "OS 1:1056 London 1891-96 via NLS",
    "disputed": false,
    "views": [
     "opus-b:m18_131063_87146@584,707=28.6(h)"
    ],
    "notes": "railway (London Tilbury & Southend line); dot right of figures"
   },
   "geometry": {
    "type": "Point",
    "coordinates": [
     -0.0092241,
     51.5251813
    ]
   }
  },
  {
   "type": "Feature",
   "properties": {
    "id": "sh_538311_182572",
    "type": "spot",
    "value_ft": 15.3,
    "raw": "15·3",
    "confidence": "high",
    "n_readings": 2,
    "readers": [
     "opus-b"
    ],
    "mosaics": [
     "m18_131063_87146",
     "m18_131066_87146"
    ],
    "bng_e": 538310.81,
    "bng_n": 182571.92,
    "spread_m": 0.0,
    "datum": "OD Liverpool",
    "source": "OS 1:1056 London 1891-96 via NLS",
    "disputed": false,
    "views": [
     "opus-b:m18_131063_87146@872,722=15.3(h)",
     "opus-b:m18_131066_87146@104,722=15.3(h)"
    ],
    "notes": "towing path; dot left"
   },
   "geometry": {
    "type": "Point",
    "coordinates": [
     -0.0076792,
     51.5251313
    ]
   }
  },
  {
   "type": "Feature",
   "properties": {
    "id": "sh_538045_182571",
    "type": "spot",
    "value_ft": 39.9,
    "raw": "39·9",
    "confidence": "medium",
    "n_readings": 1,
    "readers": [
     "opus-b"
    ],
    "mosaics": [
     "m18_131063_87146"
    ],
    "bng_e": 538044.58,
    "bng_n": 182571.0,
    "spread_m": 0.0,
    "datum": "OD Liverpool",
    "source": "OS 1:1056 London 1891-96 via NLS",
    "disputed": false,
    "views": [
     "opus-b:m18_131063_87146@157,705=39.9(m)"
    ],
    "notes": "St Leonard's Street rising to the railway bridge; second digit 9 at 10x (not 3/5); dot taken as the one above the S of STREET, just below the figures"
   },
   "geometry": {
    "type": "Point",
    "coordinates": [
     -0.0115147,
     51.525188
    ]
   }
  },
  {
   "type": "Feature",
   "properties": {
    "id": "sh_538829_182551",
    "type": "spot",
    "value_ft": 6.3,
    "raw": "6·3",
    "confidence": "high",
    "n_readings": 1,
    "readers": [
     "opus-b"
    ],
    "mosaics": [
     "m18_131069_87146"
    ],
    "bng_e": 538829.01,
    "bng_n": 182550.78,
    "spread_m": 0.0,
    "datum": "OD Liverpool",
    "source": "OS 1:1056 London 1891-96 via NLS",
    "disputed": false,
    "views": [
     "opus-b:m18_131069_87146@726,817=6.3(h)"
    ],
    "notes": "marsh footpath; dot left"
   },
   "geometry": {
    "type": "Point",
    "coordinates": [
     -0.0002226,
     51.5248142
    ]
   }
  },
  {
   "type": "Feature",
   "properties": {
    "id": "sh_538122_182541",
    "type": "spot",
    "value_ft": 32.1,
    "raw": "32·1",
    "confidence": "high",
    "n_readings": 1,
    "readers": [
     "opus-b"
    ],
    "mosaics": [
     "m18_131063_87146"
    ],
    "bng_e": 538122.47,
    "bng_n": 182541.17,
    "spread_m": 0.0,
    "datum": "OD Liverpool",
    "source": "OS 1:1056 London 1891-96 via NLS",
    "disputed": false,
    "views": [
     "opus-b:m18_131063_87146@364,791=32.1(h)"
    ],
    "notes": "railway embankment; dot left of figures"
   },
   "geometry": {
    "type": "Point",
    "coordinates": [
     -0.0104043,
     51.524901
    ]
   }
  },
  {
   "type": "Feature",
   "properties": {
    "id": "sh_538023_182541",
    "type": "bench_mark",
    "value_ft": 34.31,
    "raw": "B.M.34·31",
    "confidence": "high",
    "n_readings": 1,
    "readers": [
     "opus-b"
    ],
    "mosaics": [
     "m18_131063_87146"
    ],
    "bng_e": 538023.42,
    "bng_n": 182541.08,
    "spread_m": 0.0,
    "datum": "OD Liverpool",
    "source": "OS 1:1056 London 1891-96 via NLS",
    "disputed": false,
    "views": [
     "opus-b:m18_131063_87146@98,784=34.31(h)"
    ],
    "notes": "pheon above-left of the text at the building by the station"
   },
   "geometry": {
    "type": "Point",
    "coordinates": [
     -0.0118312,
     51.5249244
    ]
   }
  },
  {
   "type": "Feature",
   "properties": {
    "id": "sh_538024_182520",
    "type": "spot",
    "value_ft": 29.1,
    "raw": "29·1",
    "confidence": "high",
    "n_readings": 1,
    "readers": [
     "opus-b"
    ],
    "mosaics": [
     "m18_131063_87146"
    ],
    "bng_e": 538023.61,
    "bng_n": 182520.28,
    "spread_m": 0.0,
    "datum": "OD Liverpool",
    "source": "OS 1:1056 London 1891-96 via NLS",
    "disputed": false,
    "views": [
     "opus-b:m18_131063_87146@97,840=29.1(h)"
    ],
    "notes": "station forecourt; dot left of figures"
   },
   "geometry": {
    "type": "Point",
    "coordinates": [
     -0.0118366,
     51.5247374
    ]
   }
  },
  {
   "type": "Feature",
   "properties": {
    "id": "sh_538735_182518",
    "type": "spot",
    "value_ft": 6.8,
    "raw": "6·8",
    "confidence": "medium",
    "n_readings": 1,
    "readers": [
     "opus-b"
    ],
    "mosaics": [
     "m18_131069_87146"
    ],
    "bng_e": 538734.57,
    "bng_n": 182518.11,
    "spread_m": 0.0,
    "datum": "OD Liverpool",
    "source": "OS 1:1056 London 1891-96 via NLS",
    "disputed": false,
    "views": [
     "opus-b:m18_131069_87146@470,898=6.8(m)"
    ],
    "notes": "by the embankment; dot taken as the one 20 px left of the figures near the B.M."
   },
   "geometry": {
    "type": "Point",
    "coordinates": [
     -0.0015959,
     51.5245439
    ]
   }
  },
  {
   "type": "Feature",
   "properties": {
    "id": "sh_538053_182517",
    "type": "bench_mark",
    "value_ft": 48.57,
    "raw": "B.M.48·57",
    "confidence": "high",
    "n_readings": 1,
    "readers": [
     "opus-b"
    ],
    "mosaics": [
     "m18_131063_87146"
    ],
    "bng_e": 538053.48,
    "bng_n": 182517.38,
    "spread_m": 0.0,
    "datum": "OD Liverpool",
    "source": "OS 1:1056 London 1891-96 via NLS",
    "disputed": false,
    "views": [
     "opus-b:m18_131063_87146@177,850=48.57(h)"
    ],
    "notes": "pheon right of the text on the St Leonard's Street bridge parapet"
   },
   "geometry": {
    "type": "Point",
    "coordinates": [
     -0.0114074,
     51.5247041
    ]
   }
  },
  {
   "type": "Feature",
   "properties": {
    "id": "sh_538731_182515",
    "type": "bench_mark",
    "value_ft": 7.72,
    "raw": "B.M.7·72",
    "confidence": "high",
    "n_readings": 1,
    "readers": [
     "opus-b"
    ],
    "mosaics": [
     "m18_131069_87146"
    ],
    "bng_e": 538730.94,
    "bng_n": 182514.67,
    "spread_m": 0.0,
    "datum": "OD Liverpool",
    "source": "OS 1:1056 London 1891-96 via NLS",
    "disputed": false,
    "views": [
     "opus-b:m18_131069_87146@460,907=7.72(h)"
    ],
    "notes": "pheon right of the text at the fence corner by the railway embankment"
   },
   "geometry": {
    "type": "Point",
    "coordinates": [
     -0.0016495,
     51.5245138
    ]
   }
  },
  {
   "type": "Feature",
   "properties": {
    "id": "sh_538059_182513",
    "type": "spot",
    "value_ft": 47.3,
    "raw": "47·3",
    "confidence": "high",
    "n_readings": 1,
    "readers": [
     "opus-b"
    ],
    "mosaics": [
     "m18_131063_87146"
    ],
    "bng_e": 538058.81,
    "bng_n": 182513.07,
    "spread_m": 0.0,
    "datum": "OD Liverpool",
    "source": "OS 1:1056 London 1891-96 via NLS",
    "disputed": false,
    "views": [
     "opus-b:m18_131063_87146@191,862=47.3(h)"
    ],
    "notes": "St Leonard's Street on the bridge over the railway; dot above the figures"
   },
   "geometry": {
    "type": "Point",
    "coordinates": [
     -0.0113323,
     51.524664
    ]
   }
  },
  {
   "type": "Feature",
   "properties": {
    "id": "sh_538312_182510",
    "type": "spot",
    "value_ft": 15.8,
    "raw": "15·8",
    "confidence": "medium",
    "n_readings": 2,
    "readers": [
     "opus-b"
    ],
    "mosaics": [
     "m18_131063_87146",
     "m18_131066_87146"
    ],
    "bng_e": 538311.74,
    "bng_n": 182510.29,
    "spread_m": 0.0,
    "datum": "OD Liverpool",
    "source": "OS 1:1056 London 1891-96 via NLS",
    "disputed": false,
    "views": [
     "opus-b:m18_131063_87146@870,888=15.8(m)",
     "opus-b:m18_131066_87146@102,888=15.8(m)"
    ],
    "notes": "towing path by the 'Towing Path' lettering; no dot found, position = figures"
   },
   "geometry": {
    "type": "Point",
    "coordinates": [
     -0.0076899,
     51.5245772
    ]
   }
  },
  {
   "type": "Feature",
   "properties": {
    "id": "sh_538464_182507",
    "type": "spot",
    "value_ft": 16.0,
    "raw": "16·0",
    "confidence": "high",
    "n_readings": 1,
    "readers": [
     "opus-b"
    ],
    "mosaics": [
     "m18_131066_87146"
    ],
    "bng_e": 538464.13,
    "bng_n": 182507.39,
    "spread_m": 0.0,
    "datum": "OD Liverpool",
    "source": "OS 1:1056 London 1891-96 via NLS",
    "disputed": false,
    "views": [
     "opus-b:m18_131066_87146@511,907=16.0(h)"
    ],
    "notes": "gasworks ground; dot left"
   },
   "geometry": {
    "type": "Point",
    "coordinates": [
     -0.0054958,
     51.5245138
    ]
   }
  },
  {
   "type": "Feature",
   "properties": {
    "id": "sh_538817_182491",
    "type": "spot",
    "value_ft": 6.1,
    "raw": "6·1",
    "confidence": "high",
    "n_readings": 1,
    "readers": [
     "opus-b"
    ],
    "mosaics": [
     "m18_131069_87146"
    ],
    "bng_e": 538817.23,
    "bng_n": 182491.4,
    "spread_m": 0.0,
    "datum": "OD Liverpool",
    "source": "OS 1:1056 London 1891-96 via NLS",
    "disputed": false,
    "views": [
     "opus-b:m18_131069_87146@690,976=6.1(h)"
    ],
    "notes": "marsh footpath; dot below-left"
   },
   "geometry": {
    "type": "Point",
    "coordinates": [
     -0.0004157,
     51.5242835
    ]
   }
  }
 ]
}