{"type":"FeatureCollection","features":[{"type":"Feature","id":"os_london_1056.1","geometry":{"type":"MultiPolygon","coordinates":[[[[-0.1192,51.3778],[-0.1192,51.3836],[-0.1053,51.3836],[-0.1053,51.3778],[-0.1192,51.3778]]]]},"geometry_name":"the_geom","properties":{"IMAGEURL":"https://maps.nls.uk/view/101202873","WFS_TITLE":"London XV.94, Revised: ca. 1894 - 1895, Published: 1896","IMAGE":"101202873"}},{"type":"Feature","id":"os_london_1056.2","geometry":{"type":"MultiPolygon","coordinates":[[[[-0.1053,51.3778],[-0.1053,51.3836],[-0.0914,51.3836],[-0.0914,51.3778],[-0.1053,51.3778]]]]},"geometry_name":"the_geom","properties":{"IMAGEURL":"https://maps.nls.uk/view/101202876","WFS_TITLE":"London XV.95, Revised: 1894 - 1895, Published: 1896","IMAGE":"101202876"}},{"type":"Feature","id":"os_london_1056.3","geometry":{"type":"MultiPolygon","coordinates":[[[[-0.0914,51.3778],[-0.0914,51.3836],[-0.0776,51.3836],[-0.0776,51.3778],[-0.0914,51.3778]]]]},"geometry_name":"the_geom","properties":{"IMAGEURL":"https://maps.nls.uk/view/101202879","WFS_TITLE":"London XV.96, Revised: 1894 - 1895, Published: 1896","IMAGE":"101202879"}},{"type":"Feature","id":"os_london_1056.4","geometry":{"type":"MultiPolygon","coordinates":[[[[-0.0776,51.3778],[-0.0776,51.3836],[-0.0637,51.3836],[-0.0637,51.3778],[-0.0776,51.3778]]]]},"geometry_name":"the_geom","properties":{"IMAGEURL":"https://maps.nls.uk/view/101202882","WFS_TITLE":"London XV.97, Revised: 1895, Published: 1896","IMAGE":"101202882"}},{"type":"Feature","id":"os_london_1056.5","geometry":{"type":"MultiPolygon","coordinates":[[[[-0.1192,51.3836],[-0.1192,51.3894],[-0.1053,51.3894],[-0.1053,51.3836],[-0.1192,51.3836]]]]},"geometry_name":"the_geom","properties":{"IMAGEURL":"https://maps.nls.uk/view/101202861","WFS_TITLE":"London XV.84, Revised: 1894 - 1895, Published: 1896","IMAGE":"101202861"}},{"type":"Feature","id":"os_london_1056.6","geometry":{"type":"MultiPolygon","coordinates":[[[[-0.1053,51.3836],[-0.1053,51.3894],[-0.0914,51.3894],[-0.0914,51.3836],[-0.1053,51.3836]]]]},"geometry_name":"the_geom","properties":{"IMAGEURL":"https://maps.nls.uk/view/101202864","WFS_TITLE":"London XV.85, Revised: 1894 - 1895, Published: 1896","IMAGE":"101202864"}},{"type":"Feature","id":"os_london_1056.7","geometry":{"type":"MultiPolygon","coordinates":[[[[-0.0914,51.3836],[-0.0914,51.3894],[-0.0776,51.3894],[-0.0776,51.3836],[-0.0914,51.3836]]]]},"geometry_name":"the_geom","properties":{"IMAGEURL":"https://maps.nls.uk/view/101202867","WFS_TITLE":"London XV.86, Revised: 1894 - 1895, Published: 1896","IMAGE":"101202867"}},{"type":"Feature","id":"os_london_1056.8","geometry":{"type":"MultiPolygon","coordinates":[[[[-0.0776,51.3836],[-0.0776,51.3894],[-0.0637,51.3894],[-0.0637,51.3836],[-0.0776,51.3836]]]]},"geometry_name":"the_geom","properties":{"IMAGEURL":"https://maps.nls.uk/view/101202870","WFS_TITLE":"London XV.87, Revised: 1895, Published: 1896","IMAGE":"101202870"}},{"type":"Feature","id":"os_london_1056.9","geometry":{"type":"MultiPolygon","coordinates":[[[[-0.1192,51.3894],[-0.1192,51.3952],[-0.1053,51.3952],[-0.1053,51.3894],[-0.1192,51.3894]]]]},"geometry_name":"the_geom","properties":{"IMAGEURL":"https://maps.nls.uk/view/101202849","WFS_TITLE":"London XV.74, Revised: 1895, Published: 1895","IMAGE":"101202849"}},{"type":"Feature","id":"os_london_1056.10","geometry":{"type":"MultiPolygon","coordinates":[[[[-0.1053,51.3894],[-0.1053,51.3952],[-0.0914,51.3952],[-0.0914,51.3894],[-0.1053,51.3894]]]]},"geometry_name":"the_geom","properties":{"IMAGEURL":"https://maps.nls.uk/view/101202852","WFS_TITLE":"London XV.75, Revised: 1894 - 1895, Published: 1896","IMAGE":"101202852"}},{"type":"Feature","id":"os_london_1056.11","geometry":{"type":"MultiPolygon","coordinates":[[[[-0.0914,51.3894],[-0.0914,51.3952],[-0.0776,51.3952],[-0.0776,51.3894],[-0.0914,51.3894]]]]},"geometry_name":"the_geom","properties":{"IMAGEURL":"https://maps.nls.uk/view/101202855","WFS_TITLE":"London XV.76, Revised: ca. 1894 - 1895, Published: 1896","IMAGE":"101202855"}},{"type":"Feature","id":"os_london_1056.12","geometry":{"type":"MultiPolygon","coordinates":[[[[-0.0776,51.3894],[-0.0776,51.3952],[-0.0637,51.3952],[-0.0637,51.3894],[-0.0776,51.3894]]]]},"geometry_name":"the_geom","properties":{"IMAGEURL":"https://maps.nls.uk/view/101202858","WFS_TITLE":"London XV.77, Revised: 1895, Published: 1895","IMAGE":"101202858"}},{"type":"Feature","id":"os_london_1056.13","geometry":{"type":"MultiPolygon","coordinates":[[[[-0.1192,51.3952],[-0.1192,51.401],[-0.1053,51.401],[-0.1053,51.3952],[-0.1192,51.3952]]]]},"geometry_name":"the_geom","properties":{"IMAGEURL":"https://maps.nls.uk/view/101202837","WFS_TITLE":"London XV.64, Revised: 1894, Published: 1895","IMAGE":"101202837"}},{"type":"Feature","id":"os_london_1056.14","geometry":{"type":"MultiPolygon","coordinates":[[[[-0.1053,51.3952],[-0.1053,51.401],[-0.0914,51.401],[-0.0914,51.3952],[-0.1053,51.3952]]]]},"geometry_name":"the_geom","properties":{"IMAGEURL":"https://maps.nls.uk/view/101202840","WFS_TITLE":"London XV.65, Revised: 1894 - 1895, Published: 1895","IMAGE":"101202840"}},{"type":"Feature","id":"os_london_1056.15","geometry":{"type":"MultiPolygon","coordinates":[[[[-0.0914,51.3952],[-0.0914,51.401],[-0.0776,51.401],[-0.0776,51.3952],[-0.0914,51.3952]]]]},"geometry_name":"the_geom","properties":{"IMAGEURL":"https://maps.nls.uk/view/101202843","WFS_TITLE":"London XV.66, Revised: 1895, Published: 1896","IMAGE":"101202843"}},{"type":"Feature","id":"os_london_1056.16","geometry":{"type":"MultiPolygon","coordinates":[[[[-0.0776,51.3952],[-0.0776,51.401],[-0.0637,51.401],[-0.0637,51.3952],[-0.0776,51.3952]]]]},"geometry_name":"the_geom","properties":{"IMAGEURL":"https://maps.nls.uk/view/101202846","WFS_TITLE":"London XV.67, Revised: 1894 - 1895, Published: 1895","IMAGE":"101202846"}},{"type":"Feature","id":"os_london_1056.17","geometry":{"type":"MultiPolygon","coordinates":[[[[-0.1192,51.401],[-0.1192,51.4067],[-0.1053,51.4067],[-0.1053,51.401],[-0.1192,51.401]]]]},"geometry_name":"the_geom","properties":{"IMAGEURL":"https://maps.nls.uk/view/101202816","WFS_TITLE":"London XV.54, Revised: 1894, Published: 1895","IMAGE":"101202816"}},{"type":"Feature","id":"os_london_1056.18","geometry":{"type":"MultiPolygon","coordinates":[[[[-0.1053,51.401],[-0.1053,51.4067],[-0.0914,51.4067],[-0.0914,51.401],[-0.1053,51.401]]]]},"geometry_name":"the_geom","properties":{"IMAGEURL":"https://maps.nls.uk/view/101202819","WFS_TITLE":"London XV.55, Revised: 1894 - 1895, Published: 1895","IMAGE":"101202819"}},{"type":"Feature","id":"os_london_1056.19","geometry":{"type":"MultiPolygon","coordinates":[[[[-0.0914,51.401],[-0.0914,51.4067],[-0.0776,51.4067],[-0.0776,51.401],[-0.0914,51.401]]]]},"geometry_name":"the_geom","properties":{"IMAGEURL":"https://maps.nls.uk/view/101202822","WFS_TITLE":"London XV.56, Revised: 1894 - 1895, Published: 1895","IMAGE":"101202822"}},{"type":"Feature","id":"os_london_1056.20","geometry":{"type":"MultiPolygon","coordinates":[[[[-0.0776,51.401],[-0.0776,51.4067],[-0.0637,51.4067],[-0.0637,51.401],[-0.0776,51.401]]]]},"geometry_name":"the_geom","properties":{"IMAGEURL":"https://maps.nls.uk/view/101202825","WFS_TITLE":"London XV.57, Revised: 1894 - 1895, Published: 1895","IMAGE":"101202825"}},{"type":"Feature","id":"os_london_1056.21","geometry":{"type":"MultiPolygon","coordinates":[[[[-0.0637,51.401],[-0.0637,51.4067],[-0.0498,51.4067],[-0.0498,51.401],[-0.0637,51.401]]]]},"geometry_name":"the_geom","properties":{"IMAGEURL":"https://maps.nls.uk/view/101202828","WFS_TITLE":"London XV.58, Revised: 1894, Published: 1895","IMAGE":"101202828"}},{"type":"Feature","id":"os_london_1056.22","geometry":{"type":"MultiPolygon","coordinates":[[[[-0.0498,51.401],[-0.0498,51.4067],[-0.0359,51.4067],[-0.0359,51.4009],[-0.0498,51.401]]]]},"geometry_name":"the_geom","properties":{"IMAGEURL":"https://maps.nls.uk/view/101202831","WFS_TITLE":"London XV.59, Revised: 1894, Published: 1895","IMAGE":"101202831"}},{"type":"Feature","id":"os_london_1056.23","geometry":{"type":"MultiPolygon","coordinates":[[[[-0.0359,51.4009],[-0.0359,51.4067],[-0.022,51.4067],[-0.0221,51.4009],[-0.0359,51.4009]]]]},"geometry_name":"the_geom","properties":{"IMAGEURL":"https://maps.nls.uk/view/101202834","WFS_TITLE":"London XV.60, Revised: 1894, Published: 1895","IMAGE":"101202834"}},{"type":"Feature","id":"os_london_1056.24","geometry":{"type":"MultiPolygon","coordinates":[[[[-0.1192,51.4067],[-0.1192,51.4125],[-0.1053,51.4125],[-0.1053,51.4067],[-0.1192,51.4067]]]]},"geometry_name":"the_geom","properties":{"IMAGEURL":"https://maps.nls.uk/view/101202795","WFS_TITLE":"London XV.44, Revised: 1894, Published: 1895","IMAGE":"101202795"}},{"type":"Feature","id":"os_london_1056.25","geometry":{"type":"MultiPolygon","coordinates":[[[[-0.1053,51.4067],[-0.1053,51.4125],[-0.0914,51.4125],[-0.0914,51.4067],[-0.1053,51.4067]]]]},"geometry_name":"the_geom","properties":{"IMAGEURL":"https://maps.nls.uk/view/101202798","WFS_TITLE":"London XV.45, Revised: 1894, Published: 1896","IMAGE":"101202798"}},{"type":"Feature","id":"os_london_1056.26","geometry":{"type":"MultiPolygon","coordinates":[[[[-0.0914,51.4067],[-0.0914,51.4125],[-0.0775,51.4125],[-0.0776,51.4067],[-0.0914,51.4067]]]]},"geometry_name":"the_geom","properties":{"IMAGEURL":"https://maps.nls.uk/view/101202801","WFS_TITLE":"London XV.46, Revised: 1894, Published: 1895","IMAGE":"101202801"}},{"type":"Feature","id":"os_london_1056.27","geometry":{"type":"MultiPolygon","coordinates":[[[[-0.0776,51.4067],[-0.0775,51.4125],[-0.0637,51.4125],[-0.0637,51.4067],[-0.0776,51.4067]]]]},"geometry_name":"the_geom","properties":{"IMAGEURL":"https://maps.nls.uk/view/101202804","WFS_TITLE":"London XV.47, Revised: 1894, Published: 1895","IMAGE":"101202804"}},{"type":"Feature","id":"os_london_1056.28","geometry":{"type":"MultiPolygon","coordinates":[[[[-0.0637,51.4067],[-0.0637,51.4125],[-0.0498,51.4125],[-0.0498,51.4067],[-0.0637,51.4067]]]]},"geometry_name":"the_geom","properties":{"IMAGEURL":"https://maps.nls.uk/view/101202807","WFS_TITLE":"London XV.48, Revised: 1894, Published: 1895","IMAGE":"101202807"}},{"type":"Feature","id":"os_london_1056.29","geometry":{"type":"MultiPolygon","coordinates":[[[[-0.0498,51.4067],[-0.0498,51.4125],[-0.0359,51.4125],[-0.0359,51.4067],[-0.0498,51.4067]]]]},"geometry_name":"the_geom","properties":{"IMAGEURL":"https://maps.nls.uk/view/101202810","WFS_TITLE":"London XV.49, Revised: 1894, Published: 1895","IMAGE":"101202810"}},{"type":"Feature","id":"os_london_1056.30","geometry":{"type":"MultiPolygon","coordinates":[[[[-0.0359,51.4067],[-0.0359,51.4125],[-0.022,51.4125],[-0.022,51.4067],[-0.0359,51.4067]]]]},"geometry_name":"the_geom","properties":{"IMAGEURL":"https://maps.nls.uk/view/101202813","WFS_TITLE":"London XV.50, Revised: 1894, Published: 1895","IMAGE":"101202813"}},{"type":"Feature","id":"os_london_1056.31","geometry":{"type":"MultiPolygon","coordinates":[[[[-0.2302,51.4125],[-0.2302,51.4182],[-0.2163,51.4183],[-0.2163,51.4125],[-0.2302,51.4125]]]]},"geometry_name":"the_geom","properties":{"IMAGEURL":"https://maps.nls.uk/view/101202669","WFS_TITLE":"London XIV.36, Revised: 1894, Published: 1895","IMAGE":"101202669"}},{"type":"Feature","id":"os_london_1056.32","geometry":{"type":"MultiPolygon","coordinates":[[[[-0.2163,51.4125],[-0.2163,51.4183],[-0.2025,51.4183],[-0.2025,51.4125],[-0.2163,51.4125]]]]},"geometry_name":"the_geom","properties":{"IMAGEURL":"https://maps.nls.uk/view/101202672","WFS_TITLE":"London XIV.37, Revised: 1894, Published: 1895","IMAGE":"101202672"}},{"type":"Feature","id":"os_london_1056.33","geometry":{"type":"MultiPolygon","coordinates":[[[[-0.2025,51.4125],[-0.2025,51.4183],[-0.1886,51.4183],[-0.1886,51.4125],[-0.2025,51.4125]]]]},"geometry_name":"the_geom","properties":{"IMAGEURL":"https://maps.nls.uk/view/101202675","WFS_TITLE":"London XIV.38, Revised: 1894, Published: 1895","IMAGE":"101202675"}},{"type":"Feature","id":"os_london_1056.34","geometry":{"type":"MultiPolygon","coordinates":[[[[-0.1886,51.4125],[-0.1886,51.4183],[-0.1747,51.4183],[-0.1747,51.4125],[-0.1886,51.4125]]]]},"geometry_name":"the_geom","properties":{"IMAGEURL":"https://maps.nls.uk/view/101202678","WFS_TITLE":"London XIV.39, Revised: 1894, Published: 1895","IMAGE":"101202678"}},{"type":"Feature","id":"os_london_1056.35","geometry":{"type":"MultiPolygon","coordinates":[[[[-0.1331,51.4125],[-0.1331,51.4183],[-0.1192,51.4183],[-0.1192,51.4125],[-0.1331,51.4125]]]]},"geometry_name":"the_geom","properties":{"IMAGEURL":"https://maps.nls.uk/view/101202771","WFS_TITLE":"London XV.33, Revised: 1894, Published: 1895","IMAGE":"101202771"}},{"type":"Feature","id":"os_london_1056.36","geometry":{"type":"MultiPolygon","coordinates":[[[[-0.1192,51.4125],[-0.1192,51.4183],[-0.1053,51.4183],[-0.1053,51.4125],[-0.1192,51.4125]]]]},"geometry_name":"the_geom","properties":{"IMAGEURL":"https://maps.nls.uk/view/101202774","WFS_TITLE":"London XV.34, Revised: 1894, Published: 1895","IMAGE":"101202774"}},{"type":"Feature","id":"os_london_1056.37","geometry":{"type":"MultiPolygon","coordinates":[[[[-0.1053,51.4125],[-0.1053,51.4183],[-0.0914,51.4183],[-0.0914,51.4125],[-0.1053,51.4125]]]]},"geometry_name":"the_geom","properties":{"IMAGEURL":"https://maps.nls.uk/view/101202777","WFS_TITLE":"London XV.35, Revised: 1894, Published: 1895","IMAGE":"101202777"}},{"type":"Feature","id":"os_london_1056.38","geometry":{"type":"MultiPolygon","coordinates":[[[[-0.0914,51.4125],[-0.0914,51.4183],[-0.0775,51.4183],[-0.0775,51.4125],[-0.0914,51.4125]]]]},"geometry_name":"the_geom","properties":{"IMAGEURL":"https://maps.nls.uk/view/101202780","WFS_TITLE":"London XV.36, Revised: 1894, Published: 1896","IMAGE":"101202780"}},{"type":"Feature","id":"os_london_1056.39","geometry":{"type":"MultiPolygon","coordinates":[[[[-0.0775,51.4125],[-0.0775,51.4183],[-0.0637,51.4183],[-0.0637,51.4125],[-0.0775,51.4125]]]]},"geometry_name":"the_geom","properties":{"IMAGEURL":"https://maps.nls.uk/view/101202783","WFS_TITLE":"London XV.37, Revised: 1894, Published: 1896","IMAGE":"101202783"}},{"type":"Feature","id":"os_london_1056.40","geometry":{"type":"MultiPolygon","coordinates":[[[[-0.0637,51.4125],[-0.0637,51.4183],[-0.0498,51.4183],[-0.0498,51.4125],[-0.0637,51.4125]]]]},"geometry_name":"the_geom","properties":{"IMAGEURL":"https://maps.nls.uk/view/101202786","WFS_TITLE":"London XV.38, Revised: 1894, Published: 1895","IMAGE":"101202786"}},{"type":"Feature","id":"os_london_1056.41","geometry":{"type":"MultiPolygon","coordinates":[[[[-0.0498,51.4125],[-0.0498,51.4183],[-0.0359,51.4183],[-0.0359,51.4125],[-0.0498,51.4125]]]]},"geometry_name":"the_geom","properties":{"IMAGEURL":"https://maps.nls.uk/view/101202789","WFS_TITLE":"London XV.39, Revised: 1894, Published: 1895","IMAGE":"101202789"}},{"type":"Feature","id":"os_london_1056.42","geometry":{"type":"MultiPolygon","coordinates":[[[[-0.0359,51.4125],[-0.0359,51.4183],[-0.022,51.4183],[-0.022,51.4125],[-0.0359,51.4125]]]]},"geometry_name":"the_geom","properties":{"IMAGEURL":"https://maps.nls.uk/view/101202792","WFS_TITLE":"London XV.40, Revised: 1894, Published: 1895","IMAGE":"101202792"}},{"type":"Feature","id":"os_london_1056.43","geometry":{"type":"MultiPolygon","coordinates":[[[[-0.3413,51.4181],[-0.3413,51.4238],[-0.3274,51.4239],[-0.3274,51.4181],[-0.3413,51.4181]]]]},"geometry_name":"the_geom","properties":{"IMAGEURL":"https://maps.nls.uk/view/101202621","WFS_TITLE":"London XIII.28, Revised: 1893, Published: 1896","IMAGE":"101202621"}},{"type":"Feature","id":"os_london_1056.44","geometry":{"type":"MultiPolygon","coordinates":[[[[-0.2302,51.4182],[-0.2302,51.424],[-0.2164,51.424],[-0.2163,51.4183],[-0.2302,51.4182]]]]},"geometry_name":"the_geom","properties":{"IMAGEURL":"https://maps.nls.uk/view/101202654","WFS_TITLE":"London XIV.26, Revised: 1894, Published: 1895","IMAGE":"101202654"}},{"type":"Feature","id":"os_london_1056.45","geometry":{"type":"MultiPolygon","coordinates":[[[[-0.2163,51.4183],[-0.2164,51.424],[-0.2025,51.4241],[-0.2025,51.4183],[-0.2163,51.4183]]]]},"geometry_name":"the_geom","properties":{"IMAGEURL":"https://maps.nls.uk/view/101202657","WFS_TITLE":"London XIV.27, Revised: 1894, Published: 1895","IMAGE":"101202657"}},{"type":"Feature","id":"os_london_1056.46","geometry":{"type":"MultiPolygon","coordinates":[[[[-0.2025,51.4183],[-0.2025,51.4241],[-0.1886,51.4241],[-0.1886,51.4183],[-0.2025,51.4183]]]]},"geometry_name":"the_geom","properties":{"IMAGEURL":"https://maps.nls.uk/view/101202660","WFS_TITLE":"London XIV.28, Revised: 1894, Published: 1895","IMAGE":"101202660"}},{"type":"Feature","id":"os_london_1056.47","geometry":{"type":"MultiPolygon","coordinates":[[[[-0.1886,51.4183],[-0.1886,51.4241],[-0.1747,51.4241],[-0.1747,51.4183],[-0.1886,51.4183]]]]},"geometry_name":"the_geom","properties":{"IMAGEURL":"https://maps.nls.uk/view/101202663","WFS_TITLE":"London XIV.29, Revised: 1894, Published: 1895","IMAGE":"101202663"}},{"type":"Feature","id":"os_london_1056.48","geometry":{"type":"MultiPolygon","coordinates":[[[[-0.1747,51.4183],[-0.1747,51.4241],[-0.1608,51.4241],[-0.1608,51.4183],[-0.1747,51.4183]]]]},"geometry_name":"the_geom","properties":{"IMAGEURL":"https://maps.nls.uk/view/101202666","WFS_TITLE":"London XIV.30, Revised: 1894, Published: 1895","IMAGE":"101202666"}},{"type":"Feature","id":"os_london_1056.49","geometry":{"type":"MultiPolygon","coordinates":[[[[-0.1608,51.4183],[-0.1608,51.4241],[-0.147,51.4241],[-0.1469,51.4183],[-0.1608,51.4183]]]]},"geometry_name":"the_geom","properties":{"IMAGEURL":"https://maps.nls.uk/view/101202741","WFS_TITLE":"London XV.21, Revised: 1894, Published: 1895","IMAGE":"101202741"}},{"type":"Feature","id":"os_london_1056.50","geometry":{"type":"MultiPolygon","coordinates":[[[[-0.1469,51.4183],[-0.147,51.4241],[-0.1331,51.4241],[-0.1331,51.4183],[-0.1469,51.4183]]]]},"geometry_name":"the_geom","properties":{"IMAGEURL":"https://maps.nls.uk/view/101202744","WFS_TITLE":"London XV.22, Revised: 1894, Published: 1895","IMAGE":"101202744"}},{"type":"Feature","id":"os_london_1056.51","geometry":{"type":"MultiPolygon","coordinates":[[[[-0.1331,51.4183],[-0.1331,51.4241],[-0.1192,51.4241],[-0.1192,51.4183],[-0.1331,51.4183]]]]},"geometry_name":"the_geom","properties":{"IMAGEURL":"https://maps.nls.uk/view/101202747","WFS_TITLE":"London XV.23, Revised: 1894, Published: 1895","IMAGE":"101202747"}},{"type":"Feature","id":"os_london_1056.52","geometry":{"type":"MultiPolygon","coordinates":[[[[-0.1192,51.4183],[-0.1192,51.4241],[-0.1053,51.4241],[-0.1053,51.4183],[-0.1192,51.4183]]]]},"geometry_name":"the_geom","properties":{"IMAGEURL":"https://maps.nls.uk/view/101202750","WFS_TITLE":"London XV.24, Revised: 1894, Published: 1895","IMAGE":"101202750"}},{"type":"Feature","id":"os_london_1056.53","geometry":{"type":"MultiPolygon","coordinates":[[[[-0.1053,51.4183],[-0.1053,51.4241],[-0.0914,51.4241],[-0.0914,51.4183],[-0.1053,51.4183]]]]},"geometry_name":"the_geom","properties":{"IMAGEURL":"https://maps.nls.uk/view/101202753","WFS_TITLE":"London XV.25, Revised: 1894, Published: 1895","IMAGE":"101202753"}},{"type":"Feature","id":"os_london_1056.54","geometry":{"type":"MultiPolygon","coordinates":[[[[-0.0914,51.4183],[-0.0914,51.4241],[-0.0775,51.4241],[-0.0775,51.4183],[-0.0914,51.4183]]]]},"geometry_name":"the_geom","properties":{"IMAGEURL":"https://maps.nls.uk/view/101202756","WFS_TITLE":"London XV.26, Revised: 1894, Published: 1895","IMAGE":"101202756"}},{"type":"Feature","id":"os_london_1056.55","geometry":{"type":"MultiPolygon","coordinates":[[[[-0.0775,51.4183],[-0.0775,51.4241],[-0.0637,51.4241],[-0.0637,51.4183],[-0.0775,51.4183]]]]},"geometry_name":"the_geom","properties":{"IMAGEURL":"https://maps.nls.uk/view/101202759","WFS_TITLE":"London XV.27, Revised: 1894, Published: 1895","IMAGE":"101202759"}},{"type":"Feature","id":"os_london_1056.56","geometry":{"type":"MultiPolygon","coordinates":[[[[-0.0637,51.4183],[-0.0637,51.4241],[-0.0498,51.4241],[-0.0498,51.4183],[-0.0637,51.4183]]]]},"geometry_name":"the_geom","properties":{"IMAGEURL":"https://maps.nls.uk/view/101202762","WFS_TITLE":"London XV.28, Revised: 1894, Published: 1895","IMAGE":"101202762"}},{"type":"Feature","id":"os_london_1056.57","geometry":{"type":"MultiPolygon","coordinates":[[[[-0.0498,51.4183],[-0.0498,51.4241],[-0.0359,51.4241],[-0.0359,51.4183],[-0.0498,51.4183]]]]},"geometry_name":"the_geom","properties":{"IMAGEURL":"https://maps.nls.uk/view/101202765","WFS_TITLE":"London XV.29, Revised: 1894, Published: 1895","IMAGE":"101202765"}},{"type":"Feature","id":"os_london_1056.58","geometry":{"type":"MultiPolygon","coordinates":[[[[-0.0359,51.4183],[-0.0359,51.4241],[-0.022,51.4241],[-0.022,51.4183],[-0.0359,51.4183]]]]},"geometry_name":"the_geom","properties":{"IMAGEURL":"https://maps.nls.uk/view/101202768","WFS_TITLE":"London XV.30, Revised: 1894, Published: 1895","IMAGE":"101202768"}},{"type":"Feature","id":"os_london_1056.59","geometry":{"type":"MultiPolygon","coordinates":[[[[-0.3691,51.4238],[-0.3691,51.4296],[-0.3552,51.4296],[-0.3552,51.4238],[-0.3691,51.4238]]]]},"geometry_name":"the_geom","properties":{"IMAGEURL":"https://maps.nls.uk/view/101202609","WFS_TITLE":"London XIII.16, Revised: 1893, Published: 1894","IMAGE":"101202609"}},{"type":"Feature","id":"os_london_1056.60","geometry":{"type":"MultiPolygon","coordinates":[[[[-0.3552,51.4238],[-0.3552,51.4296],[-0.3413,51.4296],[-0.3413,51.4238],[-0.3552,51.4238]]]]},"geometry_name":"the_geom","properties":{"IMAGEURL":"https://maps.nls.uk/view/101202612","WFS_TITLE":"London XIII.17, Revised: 1893, Published: 1894","IMAGE":"101202612"}},{"type":"Feature","id":"os_london_1056.61","geometry":{"type":"MultiPolygon","coordinates":[[[[-0.3413,51.4238],[-0.3413,51.4296],[-0.3275,51.4297],[-0.3274,51.4239],[-0.3413,51.4238]]]]},"geometry_name":"the_geom","properties":{"IMAGEURL":"https://maps.nls.uk/view/101202615","WFS_TITLE":"London XIII.18, Revised: 1893, Published: 1894","IMAGE":"101202615"}},{"type":"Feature","id":"os_london_1056.62","geometry":{"type":"MultiPolygon","coordinates":[[[[-0.3274,51.4239],[-0.3275,51.4297],[-0.3136,51.4297],[-0.3135,51.4239],[-0.3274,51.4239]]]]},"geometry_name":"the_geom","properties":{"IMAGEURL":"https://maps.nls.uk/view/101202618","WFS_TITLE":"London XIII.19, Revised: 1893, Published: 1894","IMAGE":"101202618"}},{"type":"Feature","id":"os_london_1056.63","geometry":{"type":"MultiPolygon","coordinates":[[[[-0.2302,51.424],[-0.2303,51.4298],[-0.2164,51.4298],[-0.2164,51.424],[-0.2302,51.424]]]]},"geometry_name":"the_geom","properties":{"IMAGEURL":"https://maps.nls.uk/view/101202639","WFS_TITLE":"London XIV.16, Revised: ca. 1893 - 1894, Published: 1896","IMAGE":"101202639"}},{"type":"Feature","id":"os_london_1056.64","geometry":{"type":"MultiPolygon","coordinates":[[[[-0.2164,51.424],[-0.2164,51.4298],[-0.2025,51.4298],[-0.2025,51.4241],[-0.2164,51.424]]]]},"geometry_name":"the_geom","properties":{"IMAGEURL":"https://maps.nls.uk/view/101202642","WFS_TITLE":"London XIV.17, Revised: 1893 - 1895, Published: 1895","IMAGE":"101202642"}},{"type":"Feature","id":"os_london_1056.65","geometry":{"type":"MultiPolygon","coordinates":[[[[-0.2025,51.4241],[-0.2025,51.4298],[-0.1886,51.4299],[-0.1886,51.4241],[-0.2025,51.4241]]]]},"geometry_name":"the_geom","properties":{"IMAGEURL":"https://maps.nls.uk/view/101202645","WFS_TITLE":"London XIV.18, Revised: 1893 - 1895, Published: 1895","IMAGE":"101202645"}},{"type":"Feature","id":"os_london_1056.66","geometry":{"type":"MultiPolygon","coordinates":[[[[-0.1886,51.4241],[-0.1886,51.4299],[-0.1747,51.4299],[-0.1747,51.4241],[-0.1886,51.4241]]]]},"geometry_name":"the_geom","properties":{"IMAGEURL":"https://maps.nls.uk/view/101202648","WFS_TITLE":"London XIV.19, Revised: 1894, Published: 1895","IMAGE":"101202648"}},{"type":"Feature","id":"os_london_1056.67","geometry":{"type":"MultiPolygon","coordinates":[[[[-0.1747,51.4241],[-0.1747,51.4299],[-0.1608,51.4299],[-0.1608,51.4241],[-0.1747,51.4241]]]]},"geometry_name":"the_geom","properties":{"IMAGEURL":"https://maps.nls.uk/view/101202651","WFS_TITLE":"London XIV.20, Revised: 1894, Published: 1895","IMAGE":"101202651"}},{"type":"Feature","id":"os_london_1056.68","geometry":{"type":"MultiPolygon","coordinates":[[[[-0.1608,51.4241],[-0.1608,51.4299],[-0.147,51.4299],[-0.147,51.4241],[-0.1608,51.4241]]]]},"geometry_name":"the_geom","properties":{"IMAGEURL":"https://maps.nls.uk/view/101202711","WFS_TITLE":"London XV.11, Revised: 1894, Published: 1895","IMAGE":"101202711"}},{"type":"Feature","id":"os_london_1056.69","geometry":{"type":"MultiPolygon","coordinates":[[[[-0.147,51.4241],[-0.147,51.4299],[-0.1331,51.4299],[-0.1331,51.4241],[-0.147,51.4241]]]]},"geometry_name":"the_geom","properties":{"IMAGEURL":"https://maps.nls.uk/view/101202714","WFS_TITLE":"London XV.12, Revised: 1894, Published: 1895","IMAGE":"101202714"}},{"type":"Feature","id":"os_london_1056.70","geometry":{"type":"MultiPolygon","coordinates":[[[[-0.1331,51.4241],[-0.1331,51.4299],[-0.1192,51.4299],[-0.1192,51.4241],[-0.1331,51.4241]]]]},"geometry_name":"the_geom","properties":{"IMAGEURL":"https://maps.nls.uk/view/101202717","WFS_TITLE":"London XV.13, Revised: 1894, Published: 1895","IMAGE":"101202717"}},{"type":"Feature","id":"os_london_1056.71","geometry":{"type":"MultiPolygon","coordinates":[[[[-0.1192,51.4241],[-0.1192,51.4299],[-0.1053,51.4299],[-0.1053,51.4241],[-0.1192,51.4241]]]]},"geometry_name":"the_geom","properties":{"IMAGEURL":"https://maps.nls.uk/view/101202720","WFS_TITLE":"London XV.14, Revised: 1894, Published: 1895","IMAGE":"101202720"}},{"type":"Feature","id":"os_london_1056.72","geometry":{"type":"MultiPolygon","coordinates":[[[[-0.1053,51.4241],[-0.1053,51.4299],[-0.0914,51.4299],[-0.0914,51.4241],[-0.1053,51.4241]]]]},"geometry_name":"the_geom","properties":{"IMAGEURL":"https://maps.nls.uk/view/101202723","WFS_TITLE":"London XV.15, Revised: 1894, Published: 1895","IMAGE":"101202723"}},{"type":"Feature","id":"os_london_1056.73","geometry":{"type":"MultiPolygon","coordinates":[[[[-0.0914,51.4241],[-0.0914,51.4299],[-0.0775,51.4299],[-0.0775,51.4241],[-0.0914,51.4241]]]]},"geometry_name":"the_geom","properties":{"IMAGEURL":"https://maps.nls.uk/view/101202726","WFS_TITLE":"London XV.16, Revised: 1894, Published: 1895","IMAGE":"101202726"}},{"type":"Feature","id":"os_london_1056.74","geometry":{"type":"MultiPolygon","coordinates":[[[[-0.0775,51.4241],[-0.0775,51.4299],[-0.0637,51.4299],[-0.0637,51.4241],[-0.0775,51.4241]]]]},"geometry_name":"the_geom","properties":{"IMAGEURL":"https://maps.nls.uk/view/101202729","WFS_TITLE":"London XV.17, Revised: 1894, Published: 1895","IMAGE":"101202729"}},{"type":"Feature","id":"os_london_1056.75","geometry":{"type":"MultiPolygon","coordinates":[[[[-0.0637,51.4241],[-0.0637,51.4299],[-0.0498,51.4299],[-0.0498,51.4241],[-0.0637,51.4241]]]]},"geometry_name":"the_geom","properties":{"IMAGEURL":"https://maps.nls.uk/view/101202732","WFS_TITLE":"London XV.18, Revised: 1894, Published: 1896","IMAGE":"101202732"}},{"type":"Feature","id":"os_london_1056.76","geometry":{"type":"MultiPolygon","coordinates":[[[[-0.0498,51.4241],[-0.0498,51.4299],[-0.0359,51.4299],[-0.0359,51.4241],[-0.0498,51.4241]]]]},"geometry_name":"the_geom","properties":{"IMAGEURL":"https://maps.nls.uk/view/101202735","WFS_TITLE":"London XV.19, Revised: 1894, Published: 1895","IMAGE":"101202735"}},{"type":"Feature","id":"os_london_1056.77","geometry":{"type":"MultiPolygon","coordinates":[[[[-0.0359,51.4241],[-0.0359,51.4299],[-0.022,51.4299],[-0.022,51.4241],[-0.0359,51.4241]]]]},"geometry_name":"the_geom","properties":{"IMAGEURL":"https://maps.nls.uk/view/101202738","WFS_TITLE":"London XV.20, Revised: 1894, Published: 1895","IMAGE":"101202738"}},{"type":"Feature","id":"os_london_1056.78","geometry":{"type":"MultiPolygon","coordinates":[[[[-0.3691,51.4296],[-0.3691,51.4354],[-0.3553,51.4354],[-0.3552,51.4296],[-0.3691,51.4296]]]]},"geometry_name":"the_geom","properties":{"IMAGEURL":"https://maps.nls.uk/view/101202600","WFS_TITLE":"London XIII.6, Revised: 1893, Published: 1894","IMAGE":"101202600"}},{"type":"Feature","id":"os_london_1056.79","geometry":{"type":"MultiPolygon","coordinates":[[[[-0.3552,51.4296],[-0.3553,51.4354],[-0.3414,51.4354],[-0.3413,51.4296],[-0.3552,51.4296]]]]},"geometry_name":"the_geom","properties":{"IMAGEURL":"https://maps.nls.uk/view/101202603","WFS_TITLE":"London XIII.7, Revised: 1893, Published: 1894","IMAGE":"101202603"}},{"type":"Feature","id":"os_london_1056.80","geometry":{"type":"MultiPolygon","coordinates":[[[[-0.3413,51.4296],[-0.3414,51.4354],[-0.3275,51.4354],[-0.3275,51.4297],[-0.3413,51.4296]]]]},"geometry_name":"the_geom","properties":{"IMAGEURL":"https://maps.nls.uk/view/101202606","WFS_TITLE":"London XIII.8, Revised: 1893, Published: 1894","IMAGE":"101202606"}},{"type":"Feature","id":"os_london_1056.81","geometry":{"type":"MultiPolygon","coordinates":[[[[-0.2303,51.4298],[-0.2303,51.4356],[-0.2164,51.4356],[-0.2164,51.4298],[-0.2303,51.4298]]]]},"geometry_name":"the_geom","properties":{"IMAGEURL":"https://maps.nls.uk/view/101202624","WFS_TITLE":"London XIV.6, Revised: 1893 - 1895, Published: 1895","IMAGE":"101202624"}},{"type":"Feature","id":"os_london_1056.82","geometry":{"type":"MultiPolygon","coordinates":[[[[-0.2164,51.4298],[-0.2164,51.4356],[-0.2025,51.4356],[-0.2025,51.4298],[-0.2164,51.4298]]]]},"geometry_name":"the_geom","properties":{"IMAGEURL":"https://maps.nls.uk/view/101202627","WFS_TITLE":"London XIV.7, Revised: 1894, Published: 1895","IMAGE":"101202627"}},{"type":"Feature","id":"os_london_1056.83","geometry":{"type":"MultiPolygon","coordinates":[[[[-0.2025,51.4298],[-0.2025,51.4356],[-0.1886,51.4356],[-0.1886,51.4299],[-0.2025,51.4298]]]]},"geometry_name":"the_geom","properties":{"IMAGEURL":"https://maps.nls.uk/view/101202630","WFS_TITLE":"London XIV.8, Revised: 1893 - 1895, Published: 1895","IMAGE":"101202630"}},{"type":"Feature","id":"os_london_1056.84","geometry":{"type":"MultiPolygon","coordinates":[[[[-0.1886,51.4299],[-0.1886,51.4356],[-0.1747,51.4356],[-0.1747,51.4299],[-0.1886,51.4299]]]]},"geometry_name":"the_geom","properties":{"IMAGEURL":"https://maps.nls.uk/view/101202633","WFS_TITLE":"London XIV.9, Revised: 1894, Published: 1895","IMAGE":"101202633"}},{"type":"Feature","id":"os_london_1056.85","geometry":{"type":"MultiPolygon","coordinates":[[[[-0.1747,51.4299],[-0.1747,51.4356],[-0.1609,51.4357],[-0.1608,51.4299],[-0.1747,51.4299]]]]},"geometry_name":"the_geom","properties":{"IMAGEURL":"https://maps.nls.uk/view/101202636","WFS_TITLE":"London XIV.10, Revised: 1894, Published: 1895","IMAGE":"101202636"}},{"type":"Feature","id":"os_london_1056.86","geometry":{"type":"MultiPolygon","coordinates":[[[[-0.1608,51.4299],[-0.1609,51.4357],[-0.147,51.4357],[-0.147,51.4299],[-0.1608,51.4299]]]]},"geometry_name":"the_geom","properties":{"IMAGEURL":"https://maps.nls.uk/view/101202681","WFS_TITLE":"London XV.1, Revised: 1894, Published: 1895","IMAGE":"101202681"}},{"type":"Feature","id":"os_london_1056.87","geometry":{"type":"MultiPolygon","coordinates":[[[[-0.147,51.4299],[-0.147,51.4357],[-0.1331,51.4357],[-0.1331,51.4299],[-0.147,51.4299]]]]},"geometry_name":"the_geom","properties":{"IMAGEURL":"https://maps.nls.uk/view/101202684","WFS_TITLE":"London XV.2, Revised: 1894, Published: 1895","IMAGE":"101202684"}},{"type":"Feature","id":"os_london_1056.88","geometry":{"type":"MultiPolygon","coordinates":[[[[-0.1331,51.4299],[-0.1331,51.4357],[-0.1192,51.4357],[-0.1192,51.4299],[-0.1331,51.4299]]]]},"geometry_name":"the_geom","properties":{"IMAGEURL":"https://maps.nls.uk/view/101202687","WFS_TITLE":"London XV.3, Revised: 1894, Published: 1895","IMAGE":"101202687"}},{"type":"Feature","id":"os_london_1056.89","geometry":{"type":"MultiPolygon","coordinates":[[[[-0.1192,51.4299],[-0.1192,51.4357],[-0.1053,51.4357],[-0.1053,51.4299],[-0.1192,51.4299]]]]},"geometry_name":"the_geom","properties":{"IMAGEURL":"https://maps.nls.uk/view/101202690","WFS_TITLE":"London XV.4, Revised: 1894, Published: 1895","IMAGE":"101202690"}},{"type":"Feature","id":"os_london_1056.90","geometry":{"type":"MultiPolygon","coordinates":[[[[-0.1053,51.4299],[-0.1053,51.4357],[-0.0914,51.4357],[-0.0914,51.4299],[-0.1053,51.4299]]]]},"geometry_name":"the_geom","properties":{"IMAGEURL":"https://maps.nls.uk/view/101202693","WFS_TITLE":"London XV.5, Revised: 1894, Published: 1895","IMAGE":"101202693"}},{"type":"Feature","id":"os_london_1056.91","geometry":{"type":"MultiPolygon","coordinates":[[[[-0.0914,51.4299],[-0.0914,51.4357],[-0.0775,51.4357],[-0.0775,51.4299],[-0.0914,51.4299]]]]},"geometry_name":"the_geom","properties":{"IMAGEURL":"https://maps.nls.uk/view/101202696","WFS_TITLE":"London XV.6, Revised: 1894, Published: 1895","IMAGE":"101202696"}},{"type":"Feature","id":"os_london_1056.92","geometry":{"type":"MultiPolygon","coordinates":[[[[-0.0775,51.4299],[-0.0775,51.4357],[-0.0637,51.4357],[-0.0637,51.4299],[-0.0775,51.4299]]]]},"geometry_name":"the_geom","properties":{"IMAGEURL":"https://maps.nls.uk/view/101202699","WFS_TITLE":"London XV.7, Revised: 1894, Published: 1895","IMAGE":"101202699"}},{"type":"Feature","id":"os_london_1056.93","geometry":{"type":"MultiPolygon","coordinates":[[[[-0.0637,51.4299],[-0.0637,51.4357],[-0.0498,51.4357],[-0.0498,51.4299],[-0.0637,51.4299]]]]},"geometry_name":"the_geom","properties":{"IMAGEURL":"https://maps.nls.uk/view/101202702","WFS_TITLE":"London XV.8, Revised: 1894, Published: 1895","IMAGE":"101202702"}},{"type":"Feature","id":"os_london_1056.94","geometry":{"type":"MultiPolygon","coordinates":[[[[-0.0498,51.4299],[-0.0498,51.4357],[-0.0359,51.4357],[-0.0359,51.4299],[-0.0498,51.4299]]]]},"geometry_name":"the_geom","properties":{"IMAGEURL":"https://maps.nls.uk/view/101202705","WFS_TITLE":"London XV.9, Revised: 1894, Published: 1895","IMAGE":"101202705"}},{"type":"Feature","id":"os_london_1056.95","geometry":{"type":"MultiPolygon","coordinates":[[[[-0.0359,51.4299],[-0.0359,51.4357],[-0.022,51.4357],[-0.022,51.4299],[-0.0359,51.4299]]]]},"geometry_name":"the_geom","properties":{"IMAGEURL":"https://maps.nls.uk/view/101202708","WFS_TITLE":"London XV.10, Revised: 1894, Published: 1895","IMAGE":"101202708"}},{"type":"Feature","id":"os_london_1056.96","geometry":{"type":"MultiPolygon","coordinates":[[[[-0.3553,51.4354],[-0.3553,51.4412],[-0.3414,51.4412],[-0.3414,51.4354],[-0.3553,51.4354]]]]},"geometry_name":"the_geom","properties":{"IMAGEURL":"https://maps.nls.uk/view/101201919","WFS_TITLE":"London IX.97, Revised: 1893, Published: 1894","IMAGE":"101201919"}},{"type":"Feature","id":"os_london_1056.97","geometry":{"type":"MultiPolygon","coordinates":[[[[-0.3414,51.4354],[-0.3414,51.4412],[-0.3275,51.4412],[-0.3275,51.4354],[-0.3414,51.4354]]]]},"geometry_name":"the_geom","properties":{"IMAGEURL":"https://maps.nls.uk/view/101201922","WFS_TITLE":"London IX.98, Revised: 1893, Published: 1894","IMAGE":"101201922"}},{"type":"Feature","id":"os_london_1056.98","geometry":{"type":"MultiPolygon","coordinates":[[[[-0.2303,51.4356],[-0.2303,51.4414],[-0.2164,51.4414],[-0.2164,51.4356],[-0.2303,51.4356]]]]},"geometry_name":"the_geom","properties":{"IMAGEURL":"https://maps.nls.uk/view/101202144","WFS_TITLE":"London X.96, Revised: 1893 - 1895, Published: 1895","IMAGE":"101202144"}},{"type":"Feature","id":"os_london_1056.99","geometry":{"type":"MultiPolygon","coordinates":[[[[-0.2164,51.4356],[-0.2164,51.4414],[-0.2025,51.4414],[-0.2025,51.4356],[-0.2164,51.4356]]]]},"geometry_name":"the_geom","properties":{"IMAGEURL":"https://maps.nls.uk/view/101202147","WFS_TITLE":"London X.97, Revised: 1893 - 1895, Published: 1895","IMAGE":"101202147"}},{"type":"Feature","id":"os_london_1056.100","geometry":{"type":"MultiPolygon","coordinates":[[[[-0.2025,51.4356],[-0.2025,51.4414],[-0.1886,51.4414],[-0.1886,51.4356],[-0.2025,51.4356]]]]},"geometry_name":"the_geom","properties":{"IMAGEURL":"https://maps.nls.uk/view/101202150","WFS_TITLE":"London X.98, Revised: 1893 - 1895, Published: 1895","IMAGE":"101202150"}},{"type":"Feature","id":"os_london_1056.101","geometry":{"type":"MultiPolygon","coordinates":[[[[-0.1886,51.4356],[-0.1886,51.4414],[-0.1747,51.4414],[-0.1747,51.4356],[-0.1886,51.4356]]]]},"geometry_name":"the_geom","properties":{"IMAGEURL":"https://maps.nls.uk/view/101202153","WFS_TITLE":"London X.99, Revised: 1893 - 1895, Published: 1895","IMAGE":"101202153"}},{"type":"Feature","id":"os_london_1056.102","geometry":{"type":"MultiPolygon","coordinates":[[[[-0.1747,51.4356],[-0.1747,51.4414],[-0.1609,51.4414],[-0.1609,51.4357],[-0.1747,51.4356]]]]},"geometry_name":"the_geom","properties":{"IMAGEURL":"https://maps.nls.uk/view/101202156","WFS_TITLE":"London X.100, Revised: 1894, Published: 1895","IMAGE":"101202156"}},{"type":"Feature","id":"os_london_1056.103","geometry":{"type":"MultiPolygon","coordinates":[[[[-0.1609,51.4357],[-0.1609,51.4414],[-0.147,51.4414],[-0.147,51.4357],[-0.1609,51.4357]]]]},"geometry_name":"the_geom","properties":{"IMAGEURL":"https://maps.nls.uk/view/101202429","WFS_TITLE":"London XI.91, Revised: 1894, Published: 1895","IMAGE":"101202429"}},{"type":"Feature","id":"os_london_1056.104","geometry":{"type":"MultiPolygon","coordinates":[[[[-0.147,51.4357],[-0.147,51.4414],[-0.1331,51.4415],[-0.1331,51.4357],[-0.147,51.4357]]]]},"geometry_name":"the_geom","properties":{"IMAGEURL":"https://maps.nls.uk/view/101202432","WFS_TITLE":"London XI.92, Revised: 1894, Published: 1895","IMAGE":"101202432"}},{"type":"Feature","id":"os_london_1056.105","geometry":{"type":"MultiPolygon","coordinates":[[[[-0.1331,51.4357],[-0.1331,51.4415],[-0.1192,51.4415],[-0.1192,51.4357],[-0.1331,51.4357]]]]},"geometry_name":"the_geom","properties":{"IMAGEURL":"https://maps.nls.uk/view/101202435","WFS_TITLE":"London XI.93, Revised: 1894, Published: 1895","IMAGE":"101202435"}},{"type":"Feature","id":"os_london_1056.106","geometry":{"type":"MultiPolygon","coordinates":[[[[-0.1192,51.4357],[-0.1192,51.4415],[-0.1053,51.4415],[-0.1053,51.4357],[-0.1192,51.4357]]]]},"geometry_name":"the_geom","properties":{"IMAGEURL":"https://maps.nls.uk/view/101202438","WFS_TITLE":"London XI.94, Revised: 1894, Published: 1895","IMAGE":"101202438"}},{"type":"Feature","id":"os_london_1056.107","geometry":{"type":"MultiPolygon","coordinates":[[[[-0.1053,51.4357],[-0.1053,51.4415],[-0.0914,51.4415],[-0.0914,51.4357],[-0.1053,51.4357]]]]},"geometry_name":"the_geom","properties":{"IMAGEURL":"https://maps.nls.uk/view/101202441","WFS_TITLE":"London XI.95, Revised: 1893 - 1895, Published: 1896","IMAGE":"101202441"}},{"type":"Feature","id":"os_london_1056.108","geometry":{"type":"MultiPolygon","coordinates":[[[[-0.0914,51.4357],[-0.0914,51.4415],[-0.0775,51.4415],[-0.0775,51.4357],[-0.0914,51.4357]]]]},"geometry_name":"the_geom","properties":{"IMAGEURL":"https://maps.nls.uk/view/101202444","WFS_TITLE":"London XI.96, Revised: 1894, Published: 1895","IMAGE":"101202444"}},{"type":"Feature","id":"os_london_1056.109","geometry":{"type":"MultiPolygon","coordinates":[[[[-0.0775,51.4357],[-0.0775,51.4415],[-0.0637,51.4415],[-0.0637,51.4357],[-0.0775,51.4357]]]]},"geometry_name":"the_geom","properties":{"IMAGEURL":"https://maps.nls.uk/view/101202447","WFS_TITLE":"London XI.97, Revised: 1894, Published: 1895","IMAGE":"101202447"}},{"type":"Feature","id":"os_london_1056.110","geometry":{"type":"MultiPolygon","coordinates":[[[[-0.0637,51.4357],[-0.0637,51.4415],[-0.0498,51.4415],[-0.0498,51.4357],[-0.0637,51.4357]]]]},"geometry_name":"the_geom","properties":{"IMAGEURL":"https://maps.nls.uk/view/101202450","WFS_TITLE":"London XI.98, Revised: 1894, Published: 1895","IMAGE":"101202450"}},{"type":"Feature","id":"os_london_1056.111","geometry":{"type":"MultiPolygon","coordinates":[[[[-0.0498,51.4357],[-0.0498,51.4415],[-0.0359,51.4414],[-0.0359,51.4357],[-0.0498,51.4357]]]]},"geometry_name":"the_geom","properties":{"IMAGEURL":"https://maps.nls.uk/view/101202453","WFS_TITLE":"London XI.99, Revised: 1894, Published: 1895","IMAGE":"101202453"}},{"type":"Feature","id":"os_london_1056.112","geometry":{"type":"MultiPolygon","coordinates":[[[[-0.0359,51.4357],[-0.0359,51.4414],[-0.022,51.4414],[-0.022,51.4357],[-0.0359,51.4357]]]]},"geometry_name":"the_geom","properties":{"IMAGEURL":"https://maps.nls.uk/view/101202456","WFS_TITLE":"London XI.100, Revised: 1894, Published: 1895","IMAGE":"101202456"}},{"type":"Feature","id":"os_london_1056.113","geometry":{"type":"MultiPolygon","coordinates":[[[[-0.3553,51.4412],[-0.3553,51.447],[-0.3414,51.447],[-0.3414,51.4412],[-0.3553,51.4412]]]]},"geometry_name":"the_geom","properties":{"IMAGEURL":"https://maps.nls.uk/view/101201910","WFS_TITLE":"London IX.87, Revised: 1893, Published: 1894","IMAGE":"101201910"}},{"type":"Feature","id":"os_london_1056.114","geometry":{"type":"MultiPolygon","coordinates":[[[[-0.3414,51.4412],[-0.3414,51.447],[-0.3275,51.447],[-0.3275,51.4412],[-0.3414,51.4412]]]]},"geometry_name":"the_geom","properties":{"IMAGEURL":"https://maps.nls.uk/view/101201913","WFS_TITLE":"London IX.88, Revised: 1893, Published: 1894","IMAGE":"101201913"}},{"type":"Feature","id":"os_london_1056.115","geometry":{"type":"MultiPolygon","coordinates":[[[[-0.3275,51.4412],[-0.3275,51.447],[-0.3137,51.447],[-0.3136,51.4413],[-0.3275,51.4412]]]]},"geometry_name":"the_geom","properties":{"IMAGEURL":"https://maps.nls.uk/view/101201916","WFS_TITLE":"London IX.89, Revised: 1893, Published: 1894","IMAGE":"101201916"}},{"type":"Feature","id":"os_london_1056.116","geometry":{"type":"MultiPolygon","coordinates":[[[[-0.2303,51.4414],[-0.2303,51.4472],[-0.2164,51.4472],[-0.2164,51.4414],[-0.2303,51.4414]]]]},"geometry_name":"the_geom","properties":{"IMAGEURL":"https://maps.nls.uk/view/101202129","WFS_TITLE":"London X.86, Revised: 1893, Published: 1895","IMAGE":"101202129"}},{"type":"Feature","id":"os_london_1056.117","geometry":{"type":"MultiPolygon","coordinates":[[[[-0.2164,51.4414],[-0.2164,51.4472],[-0.2025,51.4472],[-0.2025,51.4414],[-0.2164,51.4414]]]]},"geometry_name":"the_geom","properties":{"IMAGEURL":"https://maps.nls.uk/view/101202132","WFS_TITLE":"London X.87, Revised: 1893, Published: 1895","IMAGE":"101202132"}},{"type":"Feature","id":"os_london_1056.118","geometry":{"type":"MultiPolygon","coordinates":[[[[-0.2025,51.4414],[-0.2025,51.4472],[-0.1886,51.4472],[-0.1886,51.4414],[-0.2025,51.4414]]]]},"geometry_name":"the_geom","properties":{"IMAGEURL":"https://maps.nls.uk/view/101202135","WFS_TITLE":"London X.88, Revised: 1893, Published: 1895","IMAGE":"101202135"}},{"type":"Feature","id":"os_london_1056.119","geometry":{"type":"MultiPolygon","coordinates":[[[[-0.1886,51.4414],[-0.1886,51.4472],[-0.1748,51.4472],[-0.1747,51.4414],[-0.1886,51.4414]]]]},"geometry_name":"the_geom","properties":{"IMAGEURL":"https://maps.nls.uk/view/101202138","WFS_TITLE":"London X.89, Revised: 1893 - 1895, Published: 1895","IMAGE":"101202138"}},{"type":"Feature","id":"os_london_1056.120","geometry":{"type":"MultiPolygon","coordinates":[[[[-0.1747,51.4414],[-0.1748,51.4472],[-0.1609,51.4472],[-0.1609,51.4414],[-0.1747,51.4414]]]]},"geometry_name":"the_geom","properties":{"IMAGEURL":"https://maps.nls.uk/view/101202141","WFS_TITLE":"London X.90, Revised: 1894, Published: 1895","IMAGE":"101202141"}},{"type":"Feature","id":"os_london_1056.121","geometry":{"type":"MultiPolygon","coordinates":[[[[-0.1609,51.4414],[-0.1609,51.4472],[-0.147,51.4472],[-0.147,51.4414],[-0.1609,51.4414]]]]},"geometry_name":"the_geom","properties":{"IMAGEURL":"https://maps.nls.uk/view/101202399","WFS_TITLE":"London XI.81, Revised: 1894, Published: 1895","IMAGE":"101202399"}},{"type":"Feature","id":"os_london_1056.122","geometry":{"type":"MultiPolygon","coordinates":[[[[-0.147,51.4414],[-0.147,51.4472],[-0.1331,51.4472],[-0.1331,51.4415],[-0.147,51.4414]]]]},"geometry_name":"the_geom","properties":{"IMAGEURL":"https://maps.nls.uk/view/101202402","WFS_TITLE":"London XI.82, Revised: 1894, Published: 1895","IMAGE":"101202402"}},{"type":"Feature","id":"os_london_1056.123","geometry":{"type":"MultiPolygon","coordinates":[[[[-0.1331,51.4415],[-0.1331,51.4472],[-0.1192,51.4472],[-0.1192,51.4415],[-0.1331,51.4415]]]]},"geometry_name":"the_geom","properties":{"IMAGEURL":"https://maps.nls.uk/view/101202405","WFS_TITLE":"London XI.83, Revised: 1893 - 1895, Published: 1895","IMAGE":"101202405"}},{"type":"Feature","id":"os_london_1056.124","geometry":{"type":"MultiPolygon","coordinates":[[[[-0.1192,51.4415],[-0.1192,51.4472],[-0.1053,51.4472],[-0.1053,51.4415],[-0.1192,51.4415]]]]},"geometry_name":"the_geom","properties":{"IMAGEURL":"https://maps.nls.uk/view/101202408","WFS_TITLE":"London XI.84, Revised: 1894, Published: 1895","IMAGE":"101202408"}},{"type":"Feature","id":"os_london_1056.125","geometry":{"type":"MultiPolygon","coordinates":[[[[-0.1053,51.4415],[-0.1053,51.4472],[-0.0914,51.4472],[-0.0914,51.4415],[-0.1053,51.4415]]]]},"geometry_name":"the_geom","properties":{"IMAGEURL":"https://maps.nls.uk/view/101202411","WFS_TITLE":"London XI.85, Revised: 1894, Published: 1895","IMAGE":"101202411"}},{"type":"Feature","id":"os_london_1056.126","geometry":{"type":"MultiPolygon","coordinates":[[[[-0.0914,51.4415],[-0.0914,51.4472],[-0.0775,51.4472],[-0.0775,51.4415],[-0.0914,51.4415]]]]},"geometry_name":"the_geom","properties":{"IMAGEURL":"https://maps.nls.uk/view/101202414","WFS_TITLE":"London XI.86, Revised: 1894, Published: 1895","IMAGE":"101202414"}},{"type":"Feature","id":"os_london_1056.127","geometry":{"type":"MultiPolygon","coordinates":[[[[-0.0775,51.4415],[-0.0775,51.4472],[-0.0636,51.4472],[-0.0637,51.4415],[-0.0775,51.4415]]]]},"geometry_name":"the_geom","properties":{"IMAGEURL":"https://maps.nls.uk/view/101202417","WFS_TITLE":"London XI.87, Revised: 1894, Published: 1895","IMAGE":"101202417"}},{"type":"Feature","id":"os_london_1056.128","geometry":{"type":"MultiPolygon","coordinates":[[[[-0.0637,51.4415],[-0.0636,51.4472],[-0.0498,51.4472],[-0.0498,51.4415],[-0.0637,51.4415]]]]},"geometry_name":"the_geom","properties":{"IMAGEURL":"https://maps.nls.uk/view/101202420","WFS_TITLE":"London XI.88, Revised: 1894, Published: 1895","IMAGE":"101202420"}},{"type":"Feature","id":"os_london_1056.129","geometry":{"type":"MultiPolygon","coordinates":[[[[-0.0498,51.4415],[-0.0498,51.4472],[-0.0359,51.4472],[-0.0359,51.4414],[-0.0498,51.4415]]]]},"geometry_name":"the_geom","properties":{"IMAGEURL":"https://maps.nls.uk/view/101202423","WFS_TITLE":"London XI.89, Revised: 1894, Published: 1895","IMAGE":"101202423"}},{"type":"Feature","id":"os_london_1056.130","geometry":{"type":"MultiPolygon","coordinates":[[[[-0.0359,51.4414],[-0.0359,51.4472],[-0.022,51.4472],[-0.022,51.4414],[-0.0359,51.4414]]]]},"geometry_name":"the_geom","properties":{"IMAGEURL":"https://maps.nls.uk/view/101202426","WFS_TITLE":"London XI.90, Revised: 1894, Published: 1895","IMAGE":"101202426"}},{"type":"Feature","id":"os_london_1056.131","geometry":{"type":"MultiPolygon","coordinates":[[[[-0.022,51.4414],[-0.022,51.4472],[-0.0081,51.4472],[-0.0081,51.4414],[-0.022,51.4414]]]]},"geometry_name":"the_geom","properties":{"IMAGEURL":"https://maps.nls.uk/view/101202594","WFS_TITLE":"London XII.81, Revised: 1893, Published: 1895","IMAGE":"101202594"}},{"type":"Feature","id":"os_london_1056.132","geometry":{"type":"MultiPolygon","coordinates":[[[[0.0058,51.4414],[0.0058,51.4472],[0.0197,51.4472],[0.0197,51.4414],[0.0058,51.4414]]]]},"geometry_name":"the_geom","properties":{"IMAGEURL":"https://maps.nls.uk/view/101202597","WFS_TITLE":"London XII.83, Revised: 1893, Published: 1895","IMAGE":"101202597"}},{"type":"Feature","id":"os_london_1056.133","geometry":{"type":"MultiPolygon","coordinates":[[[[-0.3414,51.447],[-0.3415,51.4528],[-0.3276,51.4528],[-0.3275,51.447],[-0.3414,51.447]]]]},"geometry_name":"the_geom","properties":{"IMAGEURL":"https://maps.nls.uk/view/101201904","WFS_TITLE":"London IX.78, Revised: 1893, Published: 1894 to 1896","IMAGE":"101201904"}},{"type":"Feature","id":"os_london_1056.134","geometry":{"type":"MultiPolygon","coordinates":[[[[-0.3275,51.447],[-0.3276,51.4528],[-0.3137,51.4528],[-0.3137,51.447],[-0.3275,51.447]]]]},"geometry_name":"the_geom","properties":{"IMAGEURL":"https://maps.nls.uk/view/101201907","WFS_TITLE":"London IX.79, Revised: 1893, Published: 1894","IMAGE":"101201907"}},{"type":"Feature","id":"os_london_1056.135","geometry":{"type":"MultiPolygon","coordinates":[[[[-0.2303,51.4472],[-0.2303,51.453],[-0.2164,51.453],[-0.2164,51.4472],[-0.2303,51.4472]]]]},"geometry_name":"the_geom","properties":{"IMAGEURL":"https://maps.nls.uk/view/101202114","WFS_TITLE":"London X.76, Revised: 1893, Published: 1895","IMAGE":"101202114"}},{"type":"Feature","id":"os_london_1056.136","geometry":{"type":"MultiPolygon","coordinates":[[[[-0.2164,51.4472],[-0.2164,51.453],[-0.2026,51.453],[-0.2025,51.4472],[-0.2164,51.4472]]]]},"geometry_name":"the_geom","properties":{"IMAGEURL":"https://maps.nls.uk/view/101202117","WFS_TITLE":"London X.77, Revised: 1893, Published: 1895","IMAGE":"101202117"}},{"type":"Feature","id":"os_london_1056.137","geometry":{"type":"MultiPolygon","coordinates":[[[[-0.2025,51.4472],[-0.2026,51.453],[-0.1887,51.453],[-0.1886,51.4472],[-0.2025,51.4472]]]]},"geometry_name":"the_geom","properties":{"IMAGEURL":"https://maps.nls.uk/view/101202120","WFS_TITLE":"London X.78, Revised: 1893 - 1895, Published: 1895","IMAGE":"101202120"}},{"type":"Feature","id":"os_london_1056.138","geometry":{"type":"MultiPolygon","coordinates":[[[[-0.1886,51.4472],[-0.1887,51.453],[-0.1748,51.453],[-0.1748,51.4472],[-0.1886,51.4472]]]]},"geometry_name":"the_geom","properties":{"IMAGEURL":"https://maps.nls.uk/view/101202123","WFS_TITLE":"London X.79, Revised: 1894, Published: 1895","IMAGE":"101202123"}},{"type":"Feature","id":"os_london_1056.139","geometry":{"type":"MultiPolygon","coordinates":[[[[-0.1748,51.4472],[-0.1748,51.453],[-0.1609,51.453],[-0.1609,51.4472],[-0.1748,51.4472]]]]},"geometry_name":"the_geom","properties":{"IMAGEURL":"https://maps.nls.uk/view/101202126","WFS_TITLE":"London X.80, Revised: 1894, Published: 1895","IMAGE":"101202126"}},{"type":"Feature","id":"os_london_1056.140","geometry":{"type":"MultiPolygon","coordinates":[[[[-0.1609,51.4472],[-0.1609,51.453],[-0.147,51.453],[-0.147,51.4472],[-0.1609,51.4472]]]]},"geometry_name":"the_geom","properties":{"IMAGEURL":"https://maps.nls.uk/view/101202369","WFS_TITLE":"London XI.71, Revised: 1894, Published: 1895","IMAGE":"101202369"}},{"type":"Feature","id":"os_london_1056.141","geometry":{"type":"MultiPolygon","coordinates":[[[[-0.147,51.4472],[-0.147,51.453],[-0.1331,51.453],[-0.1331,51.4472],[-0.147,51.4472]]]]},"geometry_name":"the_geom","properties":{"IMAGEURL":"https://maps.nls.uk/view/101202372","WFS_TITLE":"London XI.72, Revised: 1894, Published: 1895","IMAGE":"101202372"}},{"type":"Feature","id":"os_london_1056.142","geometry":{"type":"MultiPolygon","coordinates":[[[[-0.1331,51.4472],[-0.1331,51.453],[-0.1192,51.453],[-0.1192,51.4472],[-0.1331,51.4472]]]]},"geometry_name":"the_geom","properties":{"IMAGEURL":"https://maps.nls.uk/view/101202375","WFS_TITLE":"London XI.73, Revised: 1893 - 1895, Published: 1895","IMAGE":"101202375"}},{"type":"Feature","id":"os_london_1056.143","geometry":{"type":"MultiPolygon","coordinates":[[[[-0.1192,51.4472],[-0.1192,51.453],[-0.1053,51.453],[-0.1053,51.4472],[-0.1192,51.4472]]]]},"geometry_name":"the_geom","properties":{"IMAGEURL":"https://maps.nls.uk/view/101202378","WFS_TITLE":"London XI.74, Revised: 1894, Published: 1895","IMAGE":"101202378"}},{"type":"Feature","id":"os_london_1056.144","geometry":{"type":"MultiPolygon","coordinates":[[[[-0.1053,51.4472],[-0.1053,51.453],[-0.0914,51.453],[-0.0914,51.4472],[-0.1053,51.4472]]]]},"geometry_name":"the_geom","properties":{"IMAGEURL":"https://maps.nls.uk/view/101202381","WFS_TITLE":"London XI.75, Revised: 1894, Published: 1895","IMAGE":"101202381"}},{"type":"Feature","id":"os_london_1056.145","geometry":{"type":"MultiPolygon","coordinates":[[[[-0.0914,51.4472],[-0.0914,51.453],[-0.0775,51.453],[-0.0775,51.4472],[-0.0914,51.4472]]]]},"geometry_name":"the_geom","properties":{"IMAGEURL":"https://maps.nls.uk/view/101202384","WFS_TITLE":"London XI.76, Revised: 1893 - 1895, Published: 1895","IMAGE":"101202384"}},{"type":"Feature","id":"os_london_1056.146","geometry":{"type":"MultiPolygon","coordinates":[[[[-0.0775,51.4472],[-0.0775,51.453],[-0.0636,51.453],[-0.0636,51.4472],[-0.0775,51.4472]]]]},"geometry_name":"the_geom","properties":{"IMAGEURL":"https://maps.nls.uk/view/101202387","WFS_TITLE":"London XI.77, Revised: 1894, Published: 1895","IMAGE":"101202387"}},{"type":"Feature","id":"os_london_1056.147","geometry":{"type":"MultiPolygon","coordinates":[[[[-0.0636,51.4472],[-0.0636,51.453],[-0.0498,51.453],[-0.0498,51.4472],[-0.0636,51.4472]]]]},"geometry_name":"the_geom","properties":{"IMAGEURL":"https://maps.nls.uk/view/101202390","WFS_TITLE":"London XI.78, Revised: 1894, Published: 1895","IMAGE":"101202390"}},{"type":"Feature","id":"os_london_1056.148","geometry":{"type":"MultiPolygon","coordinates":[[[[-0.0498,51.4472],[-0.0498,51.453],[-0.0359,51.453],[-0.0359,51.4472],[-0.0498,51.4472]]]]},"geometry_name":"the_geom","properties":{"IMAGEURL":"https://maps.nls.uk/view/101202393","WFS_TITLE":"London XI.79, Revised: 1894, Published: 1895","IMAGE":"101202393"}},{"type":"Feature","id":"os_london_1056.149","geometry":{"type":"MultiPolygon","coordinates":[[[[-0.0359,51.4472],[-0.0359,51.453],[-0.022,51.453],[-0.022,51.4472],[-0.0359,51.4472]]]]},"geometry_name":"the_geom","properties":{"IMAGEURL":"https://maps.nls.uk/view/101202396","WFS_TITLE":"London XI.80, Revised: 1894, Published: 1895","IMAGE":"101202396"}},{"type":"Feature","id":"os_london_1056.150","geometry":{"type":"MultiPolygon","coordinates":[[[[-0.022,51.4472],[-0.022,51.453],[-0.0081,51.453],[-0.0081,51.4472],[-0.022,51.4472]]]]},"geometry_name":"the_geom","properties":{"IMAGEURL":"https://maps.nls.uk/view/101202585","WFS_TITLE":"London XII.71, Revised: 1893, Published: 1895","IMAGE":"101202585"}},{"type":"Feature","id":"os_london_1056.151","geometry":{"type":"MultiPolygon","coordinates":[[[[-0.0081,51.4472],[-0.0081,51.453],[0.0058,51.453],[0.0058,51.4472],[-0.0081,51.4472]]]]},"geometry_name":"the_geom","properties":{"IMAGEURL":"https://maps.nls.uk/view/101202588","WFS_TITLE":"London XII.72, Revised: 1893, Published: 1895","IMAGE":"101202588"}},{"type":"Feature","id":"os_london_1056.152","geometry":{"type":"MultiPolygon","coordinates":[[[[0.0058,51.4472],[0.0058,51.453],[0.0197,51.453],[0.0197,51.4472],[0.0058,51.4472]]]]},"geometry_name":"the_geom","properties":{"IMAGEURL":"https://maps.nls.uk/view/101202591","WFS_TITLE":"London XII.73, Revised: 1893, Published: 1895","IMAGE":"101202591"}},{"type":"Feature","id":"os_london_1056.153","geometry":{"type":"MultiPolygon","coordinates":[[[[-0.3276,51.4528],[-0.3276,51.4586],[-0.3137,51.4586],[-0.3137,51.4528],[-0.3276,51.4528]]]]},"geometry_name":"the_geom","properties":{"IMAGEURL":"https://maps.nls.uk/view/101201898","WFS_TITLE":"London IX.69, Revised: 1893, Published: 1894","IMAGE":"101201898"}},{"type":"Feature","id":"os_london_1056.154","geometry":{"type":"MultiPolygon","coordinates":[[[[-0.3137,51.4528],[-0.3137,51.4586],[-0.2998,51.4586],[-0.2998,51.4529],[-0.3137,51.4528]]]]},"geometry_name":"the_geom","properties":{"IMAGEURL":"https://maps.nls.uk/view/101201901","WFS_TITLE":"London IX.70, Revised: 1893, Published: 1895","IMAGE":"101201901"}},{"type":"Feature","id":"os_london_1056.155","geometry":{"type":"MultiPolygon","coordinates":[[[[-0.2998,51.4529],[-0.2998,51.4586],[-0.2859,51.4587],[-0.2859,51.4529],[-0.2998,51.4529]]]]},"geometry_name":"the_geom","properties":{"IMAGEURL":"https://maps.nls.uk/view/101202096","WFS_TITLE":"London X.61, Revised: 1893, Published: 1895","IMAGE":"101202096"}},{"type":"Feature","id":"os_london_1056.156","geometry":{"type":"MultiPolygon","coordinates":[[[[-0.2303,51.453],[-0.2304,51.4587],[-0.2165,51.4588],[-0.2164,51.453],[-0.2303,51.453]]]]},"geometry_name":"the_geom","properties":{"IMAGEURL":"https://maps.nls.uk/view/101202099","WFS_TITLE":"London X.66, Revised: 1893, Published: 1895","IMAGE":"101202099"}},{"type":"Feature","id":"os_london_1056.157","geometry":{"type":"MultiPolygon","coordinates":[[[[-0.2164,51.453],[-0.2165,51.4588],[-0.2026,51.4588],[-0.2026,51.453],[-0.2164,51.453]]]]},"geometry_name":"the_geom","properties":{"IMAGEURL":"https://maps.nls.uk/view/101202102","WFS_TITLE":"London X.67, Revised: 1893, Published: 1895","IMAGE":"101202102"}},{"type":"Feature","id":"os_london_1056.158","geometry":{"type":"MultiPolygon","coordinates":[[[[-0.2026,51.453],[-0.2026,51.4588],[-0.1887,51.4588],[-0.1887,51.453],[-0.2026,51.453]]]]},"geometry_name":"the_geom","properties":{"IMAGEURL":"https://maps.nls.uk/view/101202105","WFS_TITLE":"London X.68, Revised: 1893 - 1895, Published: 1895","IMAGE":"101202105"}},{"type":"Feature","id":"os_london_1056.159","geometry":{"type":"MultiPolygon","coordinates":[[[[-0.1887,51.453],[-0.1887,51.4588],[-0.1748,51.4588],[-0.1748,51.453],[-0.1887,51.453]]]]},"geometry_name":"the_geom","properties":{"IMAGEURL":"https://maps.nls.uk/view/101202108","WFS_TITLE":"London X.69, Revised: 1893, Published: 1895","IMAGE":"101202108"}},{"type":"Feature","id":"os_london_1056.160","geometry":{"type":"MultiPolygon","coordinates":[[[[-0.1748,51.453],[-0.1748,51.4588],[-0.1609,51.4588],[-0.1609,51.453],[-0.1748,51.453]]]]},"geometry_name":"the_geom","properties":{"IMAGEURL":"https://maps.nls.uk/view/101202111","WFS_TITLE":"London X.70, Revised: 1894, Published: 1895","IMAGE":"101202111"}},{"type":"Feature","id":"os_london_1056.161","geometry":{"type":"MultiPolygon","coordinates":[[[[-0.1609,51.453],[-0.1609,51.4588],[-0.147,51.4588],[-0.147,51.453],[-0.1609,51.453]]]]},"geometry_name":"the_geom","properties":{"IMAGEURL":"https://maps.nls.uk/view/101202339","WFS_TITLE":"London XI.61, Revised: 1893 - 1895, Published: 1895","IMAGE":"101202339"}},{"type":"Feature","id":"os_london_1056.162","geometry":{"type":"MultiPolygon","coordinates":[[[[-0.147,51.453],[-0.147,51.4588],[-0.1331,51.4588],[-0.1331,51.453],[-0.147,51.453]]]]},"geometry_name":"the_geom","properties":{"IMAGEURL":"https://maps.nls.uk/view/101202342","WFS_TITLE":"London XI.62, Revised: 1894, Published: 1895","IMAGE":"101202342"}},{"type":"Feature","id":"os_london_1056.163","geometry":{"type":"MultiPolygon","coordinates":[[[[-0.1331,51.453],[-0.1331,51.4588],[-0.1192,51.4588],[-0.1192,51.453],[-0.1331,51.453]]]]},"geometry_name":"the_geom","properties":{"IMAGEURL":"https://maps.nls.uk/view/101202345","WFS_TITLE":"London XI.63, Revised: 1893 - 1895, Published: 1895","IMAGE":"101202345"}},{"type":"Feature","id":"os_london_1056.164","geometry":{"type":"MultiPolygon","coordinates":[[[[-0.1192,51.453],[-0.1192,51.4588],[-0.1053,51.4588],[-0.1053,51.453],[-0.1192,51.453]]]]},"geometry_name":"the_geom","properties":{"IMAGEURL":"https://maps.nls.uk/view/101202348","WFS_TITLE":"London XI.64, Revised: 1894, Published: 1896","IMAGE":"101202348"}},{"type":"Feature","id":"os_london_1056.165","geometry":{"type":"MultiPolygon","coordinates":[[[[-0.1053,51.453],[-0.1053,51.4588],[-0.0914,51.4588],[-0.0914,51.453],[-0.1053,51.453]]]]},"geometry_name":"the_geom","properties":{"IMAGEURL":"https://maps.nls.uk/view/101202351","WFS_TITLE":"London XI.65, Revised: 1894, Published: 1895","IMAGE":"101202351"}},{"type":"Feature","id":"os_london_1056.166","geometry":{"type":"MultiPolygon","coordinates":[[[[-0.0914,51.453],[-0.0914,51.4588],[-0.0775,51.4588],[-0.0775,51.453],[-0.0914,51.453]]]]},"geometry_name":"the_geom","properties":{"IMAGEURL":"https://maps.nls.uk/view/101202354","WFS_TITLE":"London XI.66, Revised: 1894, Published: 1895","IMAGE":"101202354"}},{"type":"Feature","id":"os_london_1056.167","geometry":{"type":"MultiPolygon","coordinates":[[[[-0.0775,51.453],[-0.0775,51.4588],[-0.0636,51.4588],[-0.0636,51.453],[-0.0775,51.453]]]]},"geometry_name":"the_geom","properties":{"IMAGEURL":"https://maps.nls.uk/view/101202357","WFS_TITLE":"London XI.67, Revised: 1894, Published: 1895","IMAGE":"101202357"}},{"type":"Feature","id":"os_london_1056.168","geometry":{"type":"MultiPolygon","coordinates":[[[[-0.0636,51.453],[-0.0636,51.4588],[-0.0497,51.4588],[-0.0498,51.453],[-0.0636,51.453]]]]},"geometry_name":"the_geom","properties":{"IMAGEURL":"https://maps.nls.uk/view/101202360","WFS_TITLE":"London XI.68, Revised: 1894, Published: 1895","IMAGE":"101202360"}},{"type":"Feature","id":"os_london_1056.169","geometry":{"type":"MultiPolygon","coordinates":[[[[-0.0498,51.453],[-0.0497,51.4588],[-0.0359,51.4588],[-0.0359,51.453],[-0.0498,51.453]]]]},"geometry_name":"the_geom","properties":{"IMAGEURL":"https://maps.nls.uk/view/101202363","WFS_TITLE":"London XI.69, Revised: 1894, Published: 1895","IMAGE":"101202363"}},{"type":"Feature","id":"os_london_1056.170","geometry":{"type":"MultiPolygon","coordinates":[[[[-0.0359,51.453],[-0.0359,51.4588],[-0.022,51.4588],[-0.022,51.453],[-0.0359,51.453]]]]},"geometry_name":"the_geom","properties":{"IMAGEURL":"https://maps.nls.uk/view/101202366","WFS_TITLE":"London XI.70, Revised: 1893 - 1895, Published: 1895","IMAGE":"101202366"}},{"type":"Feature","id":"os_london_1056.171","geometry":{"type":"MultiPolygon","coordinates":[[[[-0.022,51.453],[-0.022,51.4588],[-0.0081,51.4588],[-0.0081,51.453],[-0.022,51.453]]]]},"geometry_name":"the_geom","properties":{"IMAGEURL":"https://maps.nls.uk/view/101202576","WFS_TITLE":"London XII.61, Revised: 1893, Published: 1895","IMAGE":"101202576"}},{"type":"Feature","id":"os_london_1056.172","geometry":{"type":"MultiPolygon","coordinates":[[[[-0.0081,51.453],[-0.0081,51.4588],[0.0058,51.4588],[0.0058,51.453],[-0.0081,51.453]]]]},"geometry_name":"the_geom","properties":{"IMAGEURL":"https://maps.nls.uk/view/101202579","WFS_TITLE":"London XII.62, Revised: 1893, Published: 1895","IMAGE":"101202579"}},{"type":"Feature","id":"os_london_1056.173","geometry":{"type":"MultiPolygon","coordinates":[[[[0.0058,51.453],[0.0058,51.4588],[0.0197,51.4588],[0.0197,51.453],[0.0058,51.453]]]]},"geometry_name":"the_geom","properties":{"IMAGEURL":"https://maps.nls.uk/view/101202582","WFS_TITLE":"London XII.63, Revised: 1893, Published: 1895","IMAGE":"101202582"}},{"type":"Feature","id":"os_london_1056.174","geometry":{"type":"MultiPolygon","coordinates":[[[[-0.3276,51.4586],[-0.3276,51.4644],[-0.3137,51.4644],[-0.3137,51.4586],[-0.3276,51.4586]]]]},"geometry_name":"the_geom","properties":{"IMAGEURL":"https://maps.nls.uk/view/101201892","WFS_TITLE":"London IX.59, Revised: 1893, Published: 1894","IMAGE":"101201892"}},{"type":"Feature","id":"os_london_1056.175","geometry":{"type":"MultiPolygon","coordinates":[[[[-0.3137,51.4586],[-0.3137,51.4644],[-0.2998,51.4644],[-0.2998,51.4586],[-0.3137,51.4586]]]]},"geometry_name":"the_geom","properties":{"IMAGEURL":"https://maps.nls.uk/view/101201895","WFS_TITLE":"London IX.60, Revised: 1893, Published: 1894","IMAGE":"101201895"}},{"type":"Feature","id":"os_london_1056.176","geometry":{"type":"MultiPolygon","coordinates":[[[[-0.2998,51.4586],[-0.2998,51.4644],[-0.2859,51.4644],[-0.2859,51.4587],[-0.2998,51.4586]]]]},"geometry_name":"the_geom","properties":{"IMAGEURL":"https://maps.nls.uk/view/101202075","WFS_TITLE":"London X.51, Revised: 1893, Published: 1895","IMAGE":"101202075"}},{"type":"Feature","id":"os_london_1056.177","geometry":{"type":"MultiPolygon","coordinates":[[[[-0.2442,51.4587],[-0.2443,51.4645],[-0.2304,51.4645],[-0.2304,51.4587],[-0.2442,51.4587]]]]},"geometry_name":"the_geom","properties":{"IMAGEURL":"https://maps.nls.uk/view/101202078","WFS_TITLE":"London X.55, Revised: 1893, Published: 1895","IMAGE":"101202078"}},{"type":"Feature","id":"os_london_1056.178","geometry":{"type":"MultiPolygon","coordinates":[[[[-0.2304,51.4587],[-0.2304,51.4645],[-0.2165,51.4645],[-0.2165,51.4588],[-0.2304,51.4587]]]]},"geometry_name":"the_geom","properties":{"IMAGEURL":"https://maps.nls.uk/view/101202081","WFS_TITLE":"London X.56, Revised: 1893, Published: 1895","IMAGE":"101202081"}},{"type":"Feature","id":"os_london_1056.179","geometry":{"type":"MultiPolygon","coordinates":[[[[-0.2165,51.4588],[-0.2165,51.4645],[-0.2026,51.4646],[-0.2026,51.4588],[-0.2165,51.4588]]]]},"geometry_name":"the_geom","properties":{"IMAGEURL":"https://maps.nls.uk/view/101202084","WFS_TITLE":"London X.57, Revised: 1893, Published: 1895","IMAGE":"101202084"}},{"type":"Feature","id":"os_london_1056.180","geometry":{"type":"MultiPolygon","coordinates":[[[[-0.2026,51.4588],[-0.2026,51.4646],[-0.1887,51.4646],[-0.1887,51.4588],[-0.2026,51.4588]]]]},"geometry_name":"the_geom","properties":{"IMAGEURL":"https://maps.nls.uk/view/101202087","WFS_TITLE":"London X.58, Revised: 1893 - 1895, Published: 1895","IMAGE":"101202087"}},{"type":"Feature","id":"os_london_1056.181","geometry":{"type":"MultiPolygon","coordinates":[[[[-0.1887,51.4588],[-0.1887,51.4646],[-0.1748,51.4646],[-0.1748,51.4588],[-0.1887,51.4588]]]]},"geometry_name":"the_geom","properties":{"IMAGEURL":"https://maps.nls.uk/view/101202090","WFS_TITLE":"London X.59, Revised: 1893, Published: 1895","IMAGE":"101202090"}},{"type":"Feature","id":"os_london_1056.182","geometry":{"type":"MultiPolygon","coordinates":[[[[-0.1748,51.4588],[-0.1748,51.4646],[-0.1609,51.4646],[-0.1609,51.4588],[-0.1748,51.4588]]]]},"geometry_name":"the_geom","properties":{"IMAGEURL":"https://maps.nls.uk/view/101202093","WFS_TITLE":"London X.60, Revised: 1893 - 1895, Published: 1895","IMAGE":"101202093"}},{"type":"Feature","id":"os_london_1056.183","geometry":{"type":"MultiPolygon","coordinates":[[[[-0.1609,51.4588],[-0.1609,51.4646],[-0.147,51.4646],[-0.147,51.4588],[-0.1609,51.4588]]]]},"geometry_name":"the_geom","properties":{"IMAGEURL":"https://maps.nls.uk/view/101202309","WFS_TITLE":"London XI.51, Revised: 1893 - 1895, Published: 1895","IMAGE":"101202309"}},{"type":"Feature","id":"os_london_1056.184","geometry":{"type":"MultiPolygon","coordinates":[[[[-0.147,51.4588],[-0.147,51.4646],[-0.1331,51.4646],[-0.1331,51.4588],[-0.147,51.4588]]]]},"geometry_name":"the_geom","properties":{"IMAGEURL":"https://maps.nls.uk/view/101202312","WFS_TITLE":"London XI.52, Revised: 1893 - 1895, Published: 1895","IMAGE":"101202312"}},{"type":"Feature","id":"os_london_1056.185","geometry":{"type":"MultiPolygon","coordinates":[[[[-0.1331,51.4588],[-0.1331,51.4646],[-0.1192,51.4646],[-0.1192,51.4588],[-0.1331,51.4588]]]]},"geometry_name":"the_geom","properties":{"IMAGEURL":"https://maps.nls.uk/view/101202315","WFS_TITLE":"London XI.53, Revised: 1894, Published: 1895","IMAGE":"101202315"}},{"type":"Feature","id":"os_london_1056.186","geometry":{"type":"MultiPolygon","coordinates":[[[[-0.1192,51.4588],[-0.1192,51.4646],[-0.1053,51.4646],[-0.1053,51.4588],[-0.1192,51.4588]]]]},"geometry_name":"the_geom","properties":{"IMAGEURL":"https://maps.nls.uk/view/101202318","WFS_TITLE":"London XI.54, Revised: 1894, Published: 1895","IMAGE":"101202318"}},{"type":"Feature","id":"os_london_1056.187","geometry":{"type":"MultiPolygon","coordinates":[[[[-0.1053,51.4588],[-0.1053,51.4646],[-0.0914,51.4646],[-0.0914,51.4588],[-0.1053,51.4588]]]]},"geometry_name":"the_geom","properties":{"IMAGEURL":"https://maps.nls.uk/view/101202321","WFS_TITLE":"London XI.55, Revised: 1893 - 1895, Published: 1895","IMAGE":"101202321"}},{"type":"Feature","id":"os_london_1056.188","geometry":{"type":"MultiPolygon","coordinates":[[[[-0.0914,51.4588],[-0.0914,51.4646],[-0.0775,51.4646],[-0.0775,51.4588],[-0.0914,51.4588]]]]},"geometry_name":"the_geom","properties":{"IMAGEURL":"https://maps.nls.uk/view/101202324","WFS_TITLE":"London XI.56, Revised: 1894, Published: 1895","IMAGE":"101202324"}},{"type":"Feature","id":"os_london_1056.189","geometry":{"type":"MultiPolygon","coordinates":[[[[-0.0775,51.4588],[-0.0775,51.4646],[-0.0636,51.4646],[-0.0636,51.4588],[-0.0775,51.4588]]]]},"geometry_name":"the_geom","properties":{"IMAGEURL":"https://maps.nls.uk/view/101202327","WFS_TITLE":"London XI.57, Revised: 1894, Published: 1895","IMAGE":"101202327"}},{"type":"Feature","id":"os_london_1056.190","geometry":{"type":"MultiPolygon","coordinates":[[[[-0.0636,51.4588],[-0.0636,51.4646],[-0.0497,51.4646],[-0.0497,51.4588],[-0.0636,51.4588]]]]},"geometry_name":"the_geom","properties":{"IMAGEURL":"https://maps.nls.uk/view/101202330","WFS_TITLE":"London XI.58, Revised: 1893 - 1895, Published: 1895","IMAGE":"101202330"}},{"type":"Feature","id":"os_london_1056.191","geometry":{"type":"MultiPolygon","coordinates":[[[[-0.0497,51.4588],[-0.0497,51.4646],[-0.0358,51.4646],[-0.0359,51.4588],[-0.0497,51.4588]]]]},"geometry_name":"the_geom","properties":{"IMAGEURL":"https://maps.nls.uk/view/101202333","WFS_TITLE":"London XI.59, Revised: 1894, Published: 1895","IMAGE":"101202333"}},{"type":"Feature","id":"os_london_1056.192","geometry":{"type":"MultiPolygon","coordinates":[[[[-0.0359,51.4588],[-0.0358,51.4646],[-0.022,51.4646],[-0.022,51.4588],[-0.0359,51.4588]]]]},"geometry_name":"the_geom","properties":{"IMAGEURL":"https://maps.nls.uk/view/101202336","WFS_TITLE":"London XI.60, Revised: 1894, Published: 1895","IMAGE":"101202336"}},{"type":"Feature","id":"os_london_1056.193","geometry":{"type":"MultiPolygon","coordinates":[[[[-0.022,51.4588],[-0.022,51.4646],[-0.0081,51.4646],[-0.0081,51.4588],[-0.022,51.4588]]]]},"geometry_name":"the_geom","properties":{"IMAGEURL":"https://maps.nls.uk/view/101202567","WFS_TITLE":"London XII.51, Revised: 1893 - 1895, Published: 1895","IMAGE":"101202567"}},{"type":"Feature","id":"os_london_1056.194","geometry":{"type":"MultiPolygon","coordinates":[[[[-0.0081,51.4588],[-0.0081,51.4646],[0.0058,51.4646],[0.0058,51.4588],[-0.0081,51.4588]]]]},"geometry_name":"the_geom","properties":{"IMAGEURL":"https://maps.nls.uk/view/101202570","WFS_TITLE":"London XII.52, Revised: 1893, Published: 1895","IMAGE":"101202570"}},{"type":"Feature","id":"os_london_1056.195","geometry":{"type":"MultiPolygon","coordinates":[[[[0.0058,51.4588],[0.0058,51.4646],[0.0197,51.4645],[0.0197,51.4588],[0.0058,51.4588]]]]},"geometry_name":"the_geom","properties":{"IMAGEURL":"https://maps.nls.uk/view/101202573","WFS_TITLE":"London XII.53, Revised: 1893, Published: 1895","IMAGE":"101202573"}},{"type":"Feature","id":"os_london_1056.196","geometry":{"type":"MultiPolygon","coordinates":[[[[-0.3276,51.4644],[-0.3277,51.4702],[-0.3138,51.4702],[-0.3137,51.4644],[-0.3276,51.4644]]]]},"geometry_name":"the_geom","properties":{"IMAGEURL":"https://maps.nls.uk/view/101201886","WFS_TITLE":"London IX.49, Revised: 1893, Published: 1894","IMAGE":"101201886"}},{"type":"Feature","id":"os_london_1056.197","geometry":{"type":"MultiPolygon","coordinates":[[[[-0.3137,51.4644],[-0.3138,51.4702],[-0.2999,51.4702],[-0.2998,51.4644],[-0.3137,51.4644]]]]},"geometry_name":"the_geom","properties":{"IMAGEURL":"https://maps.nls.uk/view/101201889","WFS_TITLE":"London IX.50, Revised: 1893, Published: 1894","IMAGE":"101201889"}},{"type":"Feature","id":"os_london_1056.198","geometry":{"type":"MultiPolygon","coordinates":[[[[-0.2998,51.4644],[-0.2999,51.4702],[-0.286,51.4702],[-0.2859,51.4644],[-0.2998,51.4644]]]]},"geometry_name":"the_geom","properties":{"IMAGEURL":"https://maps.nls.uk/view/101202045","WFS_TITLE":"London X.41, Revised: 1893, Published: 1895","IMAGE":"101202045"}},{"type":"Feature","id":"os_london_1056.199","geometry":{"type":"MultiPolygon","coordinates":[[[[-0.2859,51.4644],[-0.286,51.4702],[-0.2721,51.4703],[-0.2721,51.4645],[-0.2859,51.4644]]]]},"geometry_name":"the_geom","properties":{"IMAGEURL":"https://maps.nls.uk/view/101202048","WFS_TITLE":"London X.42, Revised: 1893, Published: 1895","IMAGE":"101202048"}},{"type":"Feature","id":"os_london_1056.200","geometry":{"type":"MultiPolygon","coordinates":[[[[-0.2721,51.4645],[-0.2721,51.4703],[-0.2582,51.4703],[-0.2582,51.4645],[-0.2721,51.4645]]]]},"geometry_name":"the_geom","properties":{"IMAGEURL":"https://maps.nls.uk/view/101202051","WFS_TITLE":"London X.43, Revised: 1893, Published: 1895","IMAGE":"101202051"}},{"type":"Feature","id":"os_london_1056.201","geometry":{"type":"MultiPolygon","coordinates":[[[[-0.2582,51.4645],[-0.2582,51.4703],[-0.2443,51.4703],[-0.2443,51.4645],[-0.2582,51.4645]]]]},"geometry_name":"the_geom","properties":{"IMAGEURL":"https://maps.nls.uk/view/101202054","WFS_TITLE":"London X.44, Revised: 1893, Published: 1895","IMAGE":"101202054"}},{"type":"Feature","id":"os_london_1056.202","geometry":{"type":"MultiPolygon","coordinates":[[[[-0.2443,51.4645],[-0.2443,51.4703],[-0.2304,51.4703],[-0.2304,51.4645],[-0.2443,51.4645]]]]},"geometry_name":"the_geom","properties":{"IMAGEURL":"https://maps.nls.uk/view/101202057","WFS_TITLE":"London X.45, Revised: 1893, Published: 1895","IMAGE":"101202057"}},{"type":"Feature","id":"os_london_1056.203","geometry":{"type":"MultiPolygon","coordinates":[[[[-0.2304,51.4645],[-0.2304,51.4703],[-0.2165,51.4703],[-0.2165,51.4645],[-0.2304,51.4645]]]]},"geometry_name":"the_geom","properties":{"IMAGEURL":"https://maps.nls.uk/view/101202060","WFS_TITLE":"London X.46, Revised: 1893 - 1895, Published: 1895","IMAGE":"101202060"}},{"type":"Feature","id":"os_london_1056.204","geometry":{"type":"MultiPolygon","coordinates":[[[[-0.2165,51.4645],[-0.2165,51.4703],[-0.2026,51.4703],[-0.2026,51.4646],[-0.2165,51.4645]]]]},"geometry_name":"the_geom","properties":{"IMAGEURL":"https://maps.nls.uk/view/101202063","WFS_TITLE":"London X.47, Revised: 1893 - 1895, Published: 1895","IMAGE":"101202063"}},{"type":"Feature","id":"os_london_1056.205","geometry":{"type":"MultiPolygon","coordinates":[[[[-0.2026,51.4646],[-0.2026,51.4703],[-0.1887,51.4704],[-0.1887,51.4646],[-0.2026,51.4646]]]]},"geometry_name":"the_geom","properties":{"IMAGEURL":"https://maps.nls.uk/view/101202066","WFS_TITLE":"London X.48, Revised: 1894, Published: 1895","IMAGE":"101202066"}},{"type":"Feature","id":"os_london_1056.206","geometry":{"type":"MultiPolygon","coordinates":[[[[-0.1887,51.4646],[-0.1887,51.4704],[-0.1748,51.4704],[-0.1748,51.4646],[-0.1887,51.4646]]]]},"geometry_name":"the_geom","properties":{"IMAGEURL":"https://maps.nls.uk/view/101202069","WFS_TITLE":"London X.49, Revised: 1893 - 1895, Published: 1895","IMAGE":"101202069"}},{"type":"Feature","id":"os_london_1056.207","geometry":{"type":"MultiPolygon","coordinates":[[[[-0.1748,51.4646],[-0.1748,51.4704],[-0.1609,51.4704],[-0.1609,51.4646],[-0.1748,51.4646]]]]},"geometry_name":"the_geom","properties":{"IMAGEURL":"https://maps.nls.uk/view/101202072","WFS_TITLE":"London X.50, Revised: 1893 - 1895, Published: 1895","IMAGE":"101202072"}},{"type":"Feature","id":"os_london_1056.208","geometry":{"type":"MultiPolygon","coordinates":[[[[-0.1609,51.4646],[-0.1609,51.4704],[-0.147,51.4704],[-0.147,51.4646],[-0.1609,51.4646]]]]},"geometry_name":"the_geom","properties":{"IMAGEURL":"https://maps.nls.uk/view/101202279","WFS_TITLE":"London XI.41, Revised: 1893 - 1895, Published: 1895","IMAGE":"101202279"}},{"type":"Feature","id":"os_london_1056.209","geometry":{"type":"MultiPolygon","coordinates":[[[[-0.147,51.4646],[-0.147,51.4704],[-0.1331,51.4704],[-0.1331,51.4646],[-0.147,51.4646]]]]},"geometry_name":"the_geom","properties":{"IMAGEURL":"https://maps.nls.uk/view/101202282","WFS_TITLE":"London XI.42, Revised: 1893 - 1895, Published: 1895","IMAGE":"101202282"}},{"type":"Feature","id":"os_london_1056.210","geometry":{"type":"MultiPolygon","coordinates":[[[[-0.1331,51.4646],[-0.1331,51.4704],[-0.1192,51.4704],[-0.1192,51.4646],[-0.1331,51.4646]]]]},"geometry_name":"the_geom","properties":{"IMAGEURL":"https://maps.nls.uk/view/101202285","WFS_TITLE":"London XI.43, Revised: 1893 - 1895, Published: 1895","IMAGE":"101202285"}},{"type":"Feature","id":"os_london_1056.211","geometry":{"type":"MultiPolygon","coordinates":[[[[-0.1192,51.4646],[-0.1192,51.4704],[-0.1053,51.4704],[-0.1053,51.4646],[-0.1192,51.4646]]]]},"geometry_name":"the_geom","properties":{"IMAGEURL":"https://maps.nls.uk/view/101202288","WFS_TITLE":"London XI.44, Revised: 1893 - 1895, Published: 1895","IMAGE":"101202288"}},{"type":"Feature","id":"os_london_1056.212","geometry":{"type":"MultiPolygon","coordinates":[[[[-0.1053,51.4646],[-0.1053,51.4704],[-0.0914,51.4704],[-0.0914,51.4646],[-0.1053,51.4646]]]]},"geometry_name":"the_geom","properties":{"IMAGEURL":"https://maps.nls.uk/view/101202291","WFS_TITLE":"London XI.45, Revised: 1894, Published: 1895","IMAGE":"101202291"}},{"type":"Feature","id":"os_london_1056.213","geometry":{"type":"MultiPolygon","coordinates":[[[[-0.0914,51.4646],[-0.0914,51.4704],[-0.0775,51.4704],[-0.0775,51.4646],[-0.0914,51.4646]]]]},"geometry_name":"the_geom","properties":{"IMAGEURL":"https://maps.nls.uk/view/101202294","WFS_TITLE":"London XI.46, Revised: 1893 - 1895, Published: 1896","IMAGE":"101202294"}},{"type":"Feature","id":"os_london_1056.214","geometry":{"type":"MultiPolygon","coordinates":[[[[-0.0775,51.4646],[-0.0775,51.4704],[-0.0636,51.4704],[-0.0636,51.4646],[-0.0775,51.4646]]]]},"geometry_name":"the_geom","properties":{"IMAGEURL":"https://maps.nls.uk/view/101202297","WFS_TITLE":"London XI.47, Revised: 1894, Published: 1895","IMAGE":"101202297"}},{"type":"Feature","id":"os_london_1056.215","geometry":{"type":"MultiPolygon","coordinates":[[[[-0.0636,51.4646],[-0.0636,51.4704],[-0.0497,51.4704],[-0.0497,51.4646],[-0.0636,51.4646]]]]},"geometry_name":"the_geom","properties":{"IMAGEURL":"https://maps.nls.uk/view/101202300","WFS_TITLE":"London XI.48, Revised: 1894, Published: 1895","IMAGE":"101202300"}},{"type":"Feature","id":"os_london_1056.216","geometry":{"type":"MultiPolygon","coordinates":[[[[-0.0497,51.4646],[-0.0497,51.4704],[-0.0358,51.4704],[-0.0358,51.4646],[-0.0497,51.4646]]]]},"geometry_name":"the_geom","properties":{"IMAGEURL":"https://maps.nls.uk/view/101202303","WFS_TITLE":"London XI.49, Revised: 1893 - 1895, Published: 1895","IMAGE":"101202303"}},{"type":"Feature","id":"os_london_1056.217","geometry":{"type":"MultiPolygon","coordinates":[[[[-0.0358,51.4646],[-0.0358,51.4704],[-0.0219,51.4704],[-0.022,51.4646],[-0.0358,51.4646]]]]},"geometry_name":"the_geom","properties":{"IMAGEURL":"https://maps.nls.uk/view/101202306","WFS_TITLE":"London XI.50, Revised: 1893 - 1895, Published: 1895","IMAGE":"101202306"}},{"type":"Feature","id":"os_london_1056.218","geometry":{"type":"MultiPolygon","coordinates":[[[[-0.022,51.4646],[-0.0219,51.4704],[-0.008,51.4704],[-0.0081,51.4646],[-0.022,51.4646]]]]},"geometry_name":"the_geom","properties":{"IMAGEURL":"https://maps.nls.uk/view/101202555","WFS_TITLE":"London XII.41, Revised: 1893 - 1895, Published: 1895","IMAGE":"101202555"}},{"type":"Feature","id":"os_london_1056.219","geometry":{"type":"MultiPolygon","coordinates":[[[[-0.0081,51.4646],[-0.008,51.4704],[0.0058,51.4703],[0.0058,51.4646],[-0.0081,51.4646]]]]},"geometry_name":"the_geom","properties":{"IMAGEURL":"https://maps.nls.uk/view/101202558","WFS_TITLE":"London XII.42, Revised: 1893, Published: 1895","IMAGE":"101202558"}},{"type":"Feature","id":"os_london_1056.220","geometry":{"type":"MultiPolygon","coordinates":[[[[0.0058,51.4646],[0.0058,51.4703],[0.0197,51.4703],[0.0197,51.4645],[0.0058,51.4646]]]]},"geometry_name":"the_geom","properties":{"IMAGEURL":"https://maps.nls.uk/view/101202561","WFS_TITLE":"London XII.43, Revised: 1893, Published: 1895","IMAGE":"101202561"}},{"type":"Feature","id":"os_london_1056.221","geometry":{"type":"MultiPolygon","coordinates":[[[[0.0197,51.4645],[0.0197,51.4703],[0.0336,51.4703],[0.0336,51.4645],[0.0197,51.4645]]]]},"geometry_name":"the_geom","properties":{"IMAGEURL":"https://maps.nls.uk/view/101202564","WFS_TITLE":"London XII.44, Revised: 1893, Published: 1895","IMAGE":"101202564"}},{"type":"Feature","id":"os_london_1056.222","geometry":{"type":"MultiPolygon","coordinates":[[[[-0.3277,51.4702],[-0.3277,51.4759],[-0.3138,51.476],[-0.3138,51.4702],[-0.3277,51.4702]]]]},"geometry_name":"the_geom","properties":{"IMAGEURL":"https://maps.nls.uk/view/101201880","WFS_TITLE":"London IX.39, Revised: 1893, Published: 1894","IMAGE":"101201880"}},{"type":"Feature","id":"os_london_1056.223","geometry":{"type":"MultiPolygon","coordinates":[[[[-0.3138,51.4702],[-0.3138,51.476],[-0.2999,51.476],[-0.2999,51.4702],[-0.3138,51.4702]]]]},"geometry_name":"the_geom","properties":{"IMAGEURL":"https://maps.nls.uk/view/101201883","WFS_TITLE":"London IX.40, Revised: 1893, Published: 1894","IMAGE":"101201883"}},{"type":"Feature","id":"os_london_1056.224","geometry":{"type":"MultiPolygon","coordinates":[[[[-0.2999,51.4702],[-0.2999,51.476],[-0.286,51.476],[-0.286,51.4702],[-0.2999,51.4702]]]]},"geometry_name":"the_geom","properties":{"IMAGEURL":"https://maps.nls.uk/view/101202015","WFS_TITLE":"London X.31, Revised: ca. 1893 - 1894, Published: 1896","IMAGE":"101202015"}},{"type":"Feature","id":"os_london_1056.225","geometry":{"type":"MultiPolygon","coordinates":[[[[-0.286,51.4702],[-0.286,51.476],[-0.2721,51.476],[-0.2721,51.4703],[-0.286,51.4702]]]]},"geometry_name":"the_geom","properties":{"IMAGEURL":"https://maps.nls.uk/view/101202018","WFS_TITLE":"London X.32, Revised: 1893, Published: 1895","IMAGE":"101202018"}},{"type":"Feature","id":"os_london_1056.226","geometry":{"type":"MultiPolygon","coordinates":[[[[-0.2721,51.4703],[-0.2721,51.476],[-0.2582,51.4761],[-0.2582,51.4703],[-0.2721,51.4703]]]]},"geometry_name":"the_geom","properties":{"IMAGEURL":"https://maps.nls.uk/view/101202021","WFS_TITLE":"London X.33, Revised: 1891, Published: 1895","IMAGE":"101202021"}},{"type":"Feature","id":"os_london_1056.227","geometry":{"type":"MultiPolygon","coordinates":[[[[-0.2582,51.4703],[-0.2582,51.4761],[-0.2443,51.4761],[-0.2443,51.4703],[-0.2582,51.4703]]]]},"geometry_name":"the_geom","properties":{"IMAGEURL":"https://maps.nls.uk/view/101202024","WFS_TITLE":"London X.34, Revised: 1893, Published: 1895","IMAGE":"101202024"}},{"type":"Feature","id":"os_london_1056.228","geometry":{"type":"MultiPolygon","coordinates":[[[[-0.2443,51.4703],[-0.2443,51.4761],[-0.2304,51.4761],[-0.2304,51.4703],[-0.2443,51.4703]]]]},"geometry_name":"the_geom","properties":{"IMAGEURL":"https://maps.nls.uk/view/101202027","WFS_TITLE":"London X.35, Revised: 1893, Published: 1895","IMAGE":"101202027"}},{"type":"Feature","id":"os_london_1056.229","geometry":{"type":"MultiPolygon","coordinates":[[[[-0.2304,51.4703],[-0.2304,51.4761],[-0.2165,51.4761],[-0.2165,51.4703],[-0.2304,51.4703]]]]},"geometry_name":"the_geom","properties":{"IMAGEURL":"https://maps.nls.uk/view/101202030","WFS_TITLE":"London X.36, Revised: 1893 - 1895, Published: 1895","IMAGE":"101202030"}},{"type":"Feature","id":"os_london_1056.230","geometry":{"type":"MultiPolygon","coordinates":[[[[-0.2165,51.4703],[-0.2165,51.4761],[-0.2026,51.4761],[-0.2026,51.4703],[-0.2165,51.4703]]]]},"geometry_name":"the_geom","properties":{"IMAGEURL":"https://maps.nls.uk/view/101202033","WFS_TITLE":"London X.37, Revised: 1894, Published: 1895","IMAGE":"101202033"}},{"type":"Feature","id":"os_london_1056.231","geometry":{"type":"MultiPolygon","coordinates":[[[[-0.2026,51.4703],[-0.2026,51.4761],[-0.1887,51.4761],[-0.1887,51.4704],[-0.2026,51.4703]]]]},"geometry_name":"the_geom","properties":{"IMAGEURL":"https://maps.nls.uk/view/101202036","WFS_TITLE":"London X.38, Revised: 1894, Published: 1895","IMAGE":"101202036"}},{"type":"Feature","id":"os_london_1056.232","geometry":{"type":"MultiPolygon","coordinates":[[[[-0.1887,51.4704],[-0.1887,51.4761],[-0.1748,51.4761],[-0.1748,51.4704],[-0.1887,51.4704]]]]},"geometry_name":"the_geom","properties":{"IMAGEURL":"https://maps.nls.uk/view/101202039","WFS_TITLE":"London X.39, Revised: 1893 - 1895, Published: 1895","IMAGE":"101202039"}},{"type":"Feature","id":"os_london_1056.233","geometry":{"type":"MultiPolygon","coordinates":[[[[-0.1748,51.4704],[-0.1748,51.4761],[-0.1609,51.4762],[-0.1609,51.4704],[-0.1748,51.4704]]]]},"geometry_name":"the_geom","properties":{"IMAGEURL":"https://maps.nls.uk/view/101202042","WFS_TITLE":"London X.40, Revised: 1893, Published: 1895","IMAGE":"101202042"}},{"type":"Feature","id":"os_london_1056.234","geometry":{"type":"MultiPolygon","coordinates":[[[[-0.1609,51.4704],[-0.1609,51.4762],[-0.147,51.4762],[-0.147,51.4704],[-0.1609,51.4704]]]]},"geometry_name":"the_geom","properties":{"IMAGEURL":"https://maps.nls.uk/view/101202249","WFS_TITLE":"London XI.31, Revised: 1893 - 1895, Published: 1895","IMAGE":"101202249"}},{"type":"Feature","id":"os_london_1056.235","geometry":{"type":"MultiPolygon","coordinates":[[[[-0.147,51.4704],[-0.147,51.4762],[-0.1331,51.4762],[-0.1331,51.4704],[-0.147,51.4704]]]]},"geometry_name":"the_geom","properties":{"IMAGEURL":"https://maps.nls.uk/view/101202252","WFS_TITLE":"London XI.32, Revised: 1893, Published: 1895","IMAGE":"101202252"}},{"type":"Feature","id":"os_london_1056.236","geometry":{"type":"MultiPolygon","coordinates":[[[[-0.1331,51.4704],[-0.1331,51.4762],[-0.1192,51.4762],[-0.1192,51.4704],[-0.1331,51.4704]]]]},"geometry_name":"the_geom","properties":{"IMAGEURL":"https://maps.nls.uk/view/101202255","WFS_TITLE":"London XI.33, Revised: 1893 - 1895, Published: 1894","IMAGE":"101202255"}},{"type":"Feature","id":"os_london_1056.237","geometry":{"type":"MultiPolygon","coordinates":[[[[-0.1192,51.4704],[-0.1192,51.4762],[-0.1053,51.4762],[-0.1053,51.4704],[-0.1192,51.4704]]]]},"geometry_name":"the_geom","properties":{"IMAGEURL":"https://maps.nls.uk/view/101202258","WFS_TITLE":"London XI.34, Revised: 1893 - 1895, Published: 1895","IMAGE":"101202258"}},{"type":"Feature","id":"os_london_1056.238","geometry":{"type":"MultiPolygon","coordinates":[[[[-0.1053,51.4704],[-0.1053,51.4762],[-0.0914,51.4762],[-0.0914,51.4704],[-0.1053,51.4704]]]]},"geometry_name":"the_geom","properties":{"IMAGEURL":"https://maps.nls.uk/view/101202261","WFS_TITLE":"London XI.35, Revised: 1893 - 1895, Published: 1896","IMAGE":"101202261"}},{"type":"Feature","id":"os_london_1056.239","geometry":{"type":"MultiPolygon","coordinates":[[[[-0.0914,51.4704],[-0.0914,51.4762],[-0.0775,51.4762],[-0.0775,51.4704],[-0.0914,51.4704]]]]},"geometry_name":"the_geom","properties":{"IMAGEURL":"https://maps.nls.uk/view/101202264","WFS_TITLE":"London XI.36, Revised: 1893 - 1895, Published: 1895","IMAGE":"101202264"}},{"type":"Feature","id":"os_london_1056.240","geometry":{"type":"MultiPolygon","coordinates":[[[[-0.0775,51.4704],[-0.0775,51.4762],[-0.0636,51.4762],[-0.0636,51.4704],[-0.0775,51.4704]]]]},"geometry_name":"the_geom","properties":{"IMAGEURL":"https://maps.nls.uk/view/101202267","WFS_TITLE":"London XI.37, Revised: 1894, Published: 1895","IMAGE":"101202267"}},{"type":"Feature","id":"os_london_1056.241","geometry":{"type":"MultiPolygon","coordinates":[[[[-0.0636,51.4704],[-0.0636,51.4762],[-0.0497,51.4762],[-0.0497,51.4704],[-0.0636,51.4704]]]]},"geometry_name":"the_geom","properties":{"IMAGEURL":"https://maps.nls.uk/view/101202270","WFS_TITLE":"London XI.38, Revised: 1894, Published: 1895","IMAGE":"101202270"}},{"type":"Feature","id":"os_london_1056.242","geometry":{"type":"MultiPolygon","coordinates":[[[[-0.0497,51.4704],[-0.0497,51.4762],[-0.0358,51.4762],[-0.0358,51.4704],[-0.0497,51.4704]]]]},"geometry_name":"the_geom","properties":{"IMAGEURL":"https://maps.nls.uk/view/101202273","WFS_TITLE":"London XI.39, Revised: 1894, Published: 1895","IMAGE":"101202273"}},{"type":"Feature","id":"os_london_1056.243","geometry":{"type":"MultiPolygon","coordinates":[[[[-0.0358,51.4704],[-0.0358,51.4762],[-0.0219,51.4762],[-0.0219,51.4704],[-0.0358,51.4704]]]]},"geometry_name":"the_geom","properties":{"IMAGEURL":"https://maps.nls.uk/view/101202276","WFS_TITLE":"London XI.40, Revised: 1894, Published: 1895","IMAGE":"101202276"}},{"type":"Feature","id":"os_london_1056.244","geometry":{"type":"MultiPolygon","coordinates":[[[[-0.0219,51.4704],[-0.0219,51.4762],[-0.008,51.4761],[-0.008,51.4704],[-0.0219,51.4704]]]]},"geometry_name":"the_geom","properties":{"IMAGEURL":"https://maps.nls.uk/view/101202537","WFS_TITLE":"London XII.31, Revised: 1894, Published: 1895","IMAGE":"101202537"}},{"type":"Feature","id":"os_london_1056.245","geometry":{"type":"MultiPolygon","coordinates":[[[[-0.008,51.4704],[-0.008,51.4761],[0.0059,51.4761],[0.0058,51.4703],[-0.008,51.4704]]]]},"geometry_name":"the_geom","properties":{"IMAGEURL":"https://maps.nls.uk/view/101202540","WFS_TITLE":"London XII.32, Revised: 1894, Published: 1895","IMAGE":"101202540"}},{"type":"Feature","id":"os_london_1056.246","geometry":{"type":"MultiPolygon","coordinates":[[[[0.0058,51.4703],[0.0059,51.4761],[0.0198,51.4761],[0.0197,51.4703],[0.0058,51.4703]]]]},"geometry_name":"the_geom","properties":{"IMAGEURL":"https://maps.nls.uk/view/101202543","WFS_TITLE":"London XII.33, Revised: 1893, Published: 1895","IMAGE":"101202543"}},{"type":"Feature","id":"os_london_1056.247","geometry":{"type":"MultiPolygon","coordinates":[[[[0.0197,51.4703],[0.0198,51.4761],[0.0337,51.4761],[0.0336,51.4703],[0.0197,51.4703]]]]},"geometry_name":"the_geom","properties":{"IMAGEURL":"https://maps.nls.uk/view/101202546","WFS_TITLE":"London XII.34, Revised: 1893, Published: 1895","IMAGE":"101202546"}},{"type":"Feature","id":"os_london_1056.248","geometry":{"type":"MultiPolygon","coordinates":[[[[0.0475,51.4703],[0.0476,51.4761],[0.0614,51.4761],[0.0614,51.4703],[0.0475,51.4703]]]]},"geometry_name":"the_geom","properties":{"IMAGEURL":"https://maps.nls.uk/view/101202549","WFS_TITLE":"London XII.36, Revised: 1893 - 1895, Published: 1896","IMAGE":"101202549"}},{"type":"Feature","id":"os_london_1056.249","geometry":{"type":"MultiPolygon","coordinates":[[[[0.0614,51.4703],[0.0614,51.4761],[0.0753,51.4761],[0.0753,51.4703],[0.0614,51.4703]]]]},"geometry_name":"the_geom","properties":{"IMAGEURL":"https://maps.nls.uk/view/101202552","WFS_TITLE":"London XII.37, Revised: 1893 - 1895, Published: 1894 to 1896","IMAGE":"101202552"}},{"type":"Feature","id":"os_london_1056.250","geometry":{"type":"MultiPolygon","coordinates":[[[[-0.3138,51.476],[-0.3138,51.4818],[-0.2999,51.4818],[-0.2999,51.476],[-0.3138,51.476]]]]},"geometry_name":"the_geom","properties":{"IMAGEURL":"https://maps.nls.uk/view/101201877","WFS_TITLE":"London IX.30, Revised: 1893, Published: 1894","IMAGE":"101201877"}},{"type":"Feature","id":"os_london_1056.251","geometry":{"type":"MultiPolygon","coordinates":[[[[-0.2999,51.476],[-0.2999,51.4818],[-0.286,51.4818],[-0.286,51.476],[-0.2999,51.476]]]]},"geometry_name":"the_geom","properties":{"IMAGEURL":"https://maps.nls.uk/view/101201985","WFS_TITLE":"London X.21, Revised: 1893, Published: 1895","IMAGE":"101201985"}},{"type":"Feature","id":"os_london_1056.252","geometry":{"type":"MultiPolygon","coordinates":[[[[-0.286,51.476],[-0.286,51.4818],[-0.2721,51.4818],[-0.2721,51.476],[-0.286,51.476]]]]},"geometry_name":"the_geom","properties":{"IMAGEURL":"https://maps.nls.uk/view/101201988","WFS_TITLE":"London X.22, Revised: 1891, Published: 1895","IMAGE":"101201988"}},{"type":"Feature","id":"os_london_1056.253","geometry":{"type":"MultiPolygon","coordinates":[[[[-0.2721,51.476],[-0.2721,51.4818],[-0.2582,51.4818],[-0.2582,51.4761],[-0.2721,51.476]]]]},"geometry_name":"the_geom","properties":{"IMAGEURL":"https://maps.nls.uk/view/101201991","WFS_TITLE":"London X.23, Revised: 1891, Published: 1894","IMAGE":"101201991"}},{"type":"Feature","id":"os_london_1056.254","geometry":{"type":"MultiPolygon","coordinates":[[[[-0.2582,51.4761],[-0.2582,51.4818],[-0.2443,51.4819],[-0.2443,51.4761],[-0.2582,51.4761]]]]},"geometry_name":"the_geom","properties":{"IMAGEURL":"https://maps.nls.uk/view/101201994","WFS_TITLE":"London X.24, Revised: 1891, Published: 1894","IMAGE":"101201994"}},{"type":"Feature","id":"os_london_1056.255","geometry":{"type":"MultiPolygon","coordinates":[[[[-0.2443,51.4761],[-0.2443,51.4819],[-0.2304,51.4819],[-0.2304,51.4761],[-0.2443,51.4761]]]]},"geometry_name":"the_geom","properties":{"IMAGEURL":"https://maps.nls.uk/view/101201997","WFS_TITLE":"London X.25, Revised: 1893, Published: 1895","IMAGE":"101201997"}},{"type":"Feature","id":"os_london_1056.256","geometry":{"type":"MultiPolygon","coordinates":[[[[-0.2304,51.4761],[-0.2304,51.4819],[-0.2165,51.4819],[-0.2165,51.4761],[-0.2304,51.4761]]]]},"geometry_name":"the_geom","properties":{"IMAGEURL":"https://maps.nls.uk/view/101202000","WFS_TITLE":"London X.26, Revised: 1893 - 1895, Published: 1895","IMAGE":"101202000"}},{"type":"Feature","id":"os_london_1056.257","geometry":{"type":"MultiPolygon","coordinates":[[[[-0.2165,51.4761],[-0.2165,51.4819],[-0.2026,51.4819],[-0.2026,51.4761],[-0.2165,51.4761]]]]},"geometry_name":"the_geom","properties":{"IMAGEURL":"https://maps.nls.uk/view/101202003","WFS_TITLE":"London X.27, Revised: 1894, Published: 1895","IMAGE":"101202003"}},{"type":"Feature","id":"os_london_1056.258","geometry":{"type":"MultiPolygon","coordinates":[[[[-0.2026,51.4761],[-0.2026,51.4819],[-0.1887,51.4819],[-0.1887,51.4761],[-0.2026,51.4761]]]]},"geometry_name":"the_geom","properties":{"IMAGEURL":"https://maps.nls.uk/view/101202006","WFS_TITLE":"London X.28, Revised: 1894, Published: 1895","IMAGE":"101202006"}},{"type":"Feature","id":"os_london_1056.259","geometry":{"type":"MultiPolygon","coordinates":[[[[-0.1887,51.4761],[-0.1887,51.4819],[-0.1748,51.4819],[-0.1748,51.4761],[-0.1887,51.4761]]]]},"geometry_name":"the_geom","properties":{"IMAGEURL":"https://maps.nls.uk/view/101202009","WFS_TITLE":"London X.29, Revised: 1893 - 1895, Published: 1895","IMAGE":"101202009"}},{"type":"Feature","id":"os_london_1056.260","geometry":{"type":"MultiPolygon","coordinates":[[[[-0.1748,51.4761],[-0.1748,51.4819],[-0.1609,51.4819],[-0.1609,51.4762],[-0.1748,51.4761]]]]},"geometry_name":"the_geom","properties":{"IMAGEURL":"https://maps.nls.uk/view/101202012","WFS_TITLE":"London X.30, Revised: 1893 - 1895, Published: 1895","IMAGE":"101202012"}},{"type":"Feature","id":"os_london_1056.261","geometry":{"type":"MultiPolygon","coordinates":[[[[-0.1609,51.4762],[-0.1609,51.4819],[-0.147,51.482],[-0.147,51.4762],[-0.1609,51.4762]]]]},"geometry_name":"the_geom","properties":{"IMAGEURL":"https://maps.nls.uk/view/101202219","WFS_TITLE":"London XI.21, Revised: 1893, Published: 1895","IMAGE":"101202219"}},{"type":"Feature","id":"os_london_1056.262","geometry":{"type":"MultiPolygon","coordinates":[[[[-0.147,51.4762],[-0.147,51.482],[-0.1331,51.482],[-0.1331,51.4762],[-0.147,51.4762]]]]},"geometry_name":"the_geom","properties":{"IMAGEURL":"https://maps.nls.uk/view/101202222","WFS_TITLE":"London XI.22, Revised: 1893, Published: 1895","IMAGE":"101202222"}},{"type":"Feature","id":"os_london_1056.263","geometry":{"type":"MultiPolygon","coordinates":[[[[-0.1331,51.4762],[-0.1331,51.482],[-0.1192,51.482],[-0.1192,51.4762],[-0.1331,51.4762]]]]},"geometry_name":"the_geom","properties":{"IMAGEURL":"https://maps.nls.uk/view/101202225","WFS_TITLE":"London XI.23, Revised: 1893, Published: 1895","IMAGE":"101202225"}},{"type":"Feature","id":"os_london_1056.264","geometry":{"type":"MultiPolygon","coordinates":[[[[-0.1192,51.4762],[-0.1192,51.482],[-0.1053,51.482],[-0.1053,51.4762],[-0.1192,51.4762]]]]},"geometry_name":"the_geom","properties":{"IMAGEURL":"https://maps.nls.uk/view/101202228","WFS_TITLE":"London XI.24, Revised: 1893, Published: 1895","IMAGE":"101202228"}},{"type":"Feature","id":"os_london_1056.265","geometry":{"type":"MultiPolygon","coordinates":[[[[-0.1053,51.4762],[-0.1053,51.482],[-0.0914,51.482],[-0.0914,51.4762],[-0.1053,51.4762]]]]},"geometry_name":"the_geom","properties":{"IMAGEURL":"https://maps.nls.uk/view/101202231","WFS_TITLE":"London XI.25, Revised: 1893, Published: 1895","IMAGE":"101202231"}},{"type":"Feature","id":"os_london_1056.266","geometry":{"type":"MultiPolygon","coordinates":[[[[-0.0914,51.4762],[-0.0914,51.482],[-0.0775,51.482],[-0.0775,51.4762],[-0.0914,51.4762]]]]},"geometry_name":"the_geom","properties":{"IMAGEURL":"https://maps.nls.uk/view/101202234","WFS_TITLE":"London XI.26, Revised: 1893, Published: 1895","IMAGE":"101202234"}},{"type":"Feature","id":"os_london_1056.267","geometry":{"type":"MultiPolygon","coordinates":[[[[-0.0775,51.4762],[-0.0775,51.482],[-0.0636,51.482],[-0.0636,51.4762],[-0.0775,51.4762]]]]},"geometry_name":"the_geom","properties":{"IMAGEURL":"https://maps.nls.uk/view/101202237","WFS_TITLE":"London XI.27, Revised: 1894, Published: 1895","IMAGE":"101202237"}},{"type":"Feature","id":"os_london_1056.268","geometry":{"type":"MultiPolygon","coordinates":[[[[-0.0636,51.4762],[-0.0636,51.482],[-0.0497,51.482],[-0.0497,51.4762],[-0.0636,51.4762]]]]},"geometry_name":"the_geom","properties":{"IMAGEURL":"https://maps.nls.uk/view/101202240","WFS_TITLE":"London XI.28, Revised: 1894, Published: 1895","IMAGE":"101202240"}},{"type":"Feature","id":"os_london_1056.269","geometry":{"type":"MultiPolygon","coordinates":[[[[-0.0497,51.4762],[-0.0497,51.482],[-0.0358,51.4819],[-0.0358,51.4762],[-0.0497,51.4762]]]]},"geometry_name":"the_geom","properties":{"IMAGEURL":"https://maps.nls.uk/view/101202243","WFS_TITLE":"London XI.29, Revised: 1894, Published: 1895","IMAGE":"101202243"}},{"type":"Feature","id":"os_london_1056.270","geometry":{"type":"MultiPolygon","coordinates":[[[[-0.0358,51.4762],[-0.0358,51.4819],[-0.0219,51.4819],[-0.0219,51.4762],[-0.0358,51.4762]]]]},"geometry_name":"the_geom","properties":{"IMAGEURL":"https://maps.nls.uk/view/101202246","WFS_TITLE":"London XI.30, Revised: 1894, Published: 1895","IMAGE":"101202246"}},{"type":"Feature","id":"os_london_1056.271","geometry":{"type":"MultiPolygon","coordinates":[[[[-0.0219,51.4762],[-0.0219,51.4819],[-0.008,51.4819],[-0.008,51.4761],[-0.0219,51.4762]]]]},"geometry_name":"the_geom","properties":{"IMAGEURL":"https://maps.nls.uk/view/101202513","WFS_TITLE":"London XII.21, Revised: 1893 - 1895, Published: 1895","IMAGE":"101202513"}},{"type":"Feature","id":"os_london_1056.272","geometry":{"type":"MultiPolygon","coordinates":[[[[-0.008,51.4761],[-0.008,51.4819],[0.0059,51.4819],[0.0059,51.4761],[-0.008,51.4761]]]]},"geometry_name":"the_geom","properties":{"IMAGEURL":"https://maps.nls.uk/view/101202516","WFS_TITLE":"London XII.22, Revised: 1893, Published: 1895","IMAGE":"101202516"}},{"type":"Feature","id":"os_london_1056.273","geometry":{"type":"MultiPolygon","coordinates":[[[[0.0059,51.4761],[0.0059,51.4819],[0.0198,51.4819],[0.0198,51.4761],[0.0059,51.4761]]]]},"geometry_name":"the_geom","properties":{"IMAGEURL":"https://maps.nls.uk/view/101202519","WFS_TITLE":"London XII.23, Revised: 1893 - 1895, Published: 1895","IMAGE":"101202519"}},{"type":"Feature","id":"os_london_1056.274","geometry":{"type":"MultiPolygon","coordinates":[[[[0.0198,51.4761],[0.0198,51.4819],[0.0337,51.4819],[0.0337,51.4761],[0.0198,51.4761]]]]},"geometry_name":"the_geom","properties":{"IMAGEURL":"https://maps.nls.uk/view/101202522","WFS_TITLE":"London XII.24, Revised: 1893, Published: 1895","IMAGE":"101202522"}},{"type":"Feature","id":"os_london_1056.275","geometry":{"type":"MultiPolygon","coordinates":[[[[0.0337,51.4761],[0.0337,51.4819],[0.0476,51.4819],[0.0476,51.4761],[0.0337,51.4761]]]]},"geometry_name":"the_geom","properties":{"IMAGEURL":"https://maps.nls.uk/view/101202525","WFS_TITLE":"London XII.25, Revised: 1893, Published: 1896","IMAGE":"101202525"}},{"type":"Feature","id":"os_london_1056.276","geometry":{"type":"MultiPolygon","coordinates":[[[[0.0476,51.4761],[0.0476,51.4819],[0.0615,51.4819],[0.0614,51.4761],[0.0476,51.4761]]]]},"geometry_name":"the_geom","properties":{"IMAGEURL":"https://maps.nls.uk/view/101202528","WFS_TITLE":"London XII.26, Revised: 1893 - 1895, Published: 1896","IMAGE":"101202528"}},{"type":"Feature","id":"os_london_1056.277","geometry":{"type":"MultiPolygon","coordinates":[[[[0.0614,51.4761],[0.0615,51.4819],[0.0754,51.4818],[0.0753,51.4761],[0.0614,51.4761]]]]},"geometry_name":"the_geom","properties":{"IMAGEURL":"https://maps.nls.uk/view/101202531","WFS_TITLE":"London XII.27, Revised: 1893 - 1895, Published: 1896","IMAGE":"101202531"}},{"type":"Feature","id":"os_london_1056.278","geometry":{"type":"MultiPolygon","coordinates":[[[[0.0753,51.4761],[0.0754,51.4818],[0.0893,51.4818],[0.0892,51.476],[0.0753,51.4761]]]]},"geometry_name":"the_geom","properties":{"IMAGEURL":"https://maps.nls.uk/view/101202534","WFS_TITLE":"London XII.28, Revised: 1893, Published: 1895","IMAGE":"101202534"}},{"type":"Feature","id":"os_london_1056.279","geometry":{"type":"MultiPolygon","coordinates":[[[[-0.3138,51.4818],[-0.3138,51.4875],[-0.2999,51.4876],[-0.2999,51.4818],[-0.3138,51.4818]]]]},"geometry_name":"the_geom","properties":{"IMAGEURL":"https://maps.nls.uk/view/101201874","WFS_TITLE":"London IX.20, Revised: 1893, Published: 1894","IMAGE":"101201874"}},{"type":"Feature","id":"os_london_1056.280","geometry":{"type":"MultiPolygon","coordinates":[[[[-0.2999,51.4818],[-0.2999,51.4876],[-0.286,51.4876],[-0.286,51.4818],[-0.2999,51.4818]]]]},"geometry_name":"the_geom","properties":{"IMAGEURL":"https://maps.nls.uk/view/101201955","WFS_TITLE":"London X.11, Revised: 1893, Published: 1895","IMAGE":"101201955"}},{"type":"Feature","id":"os_london_1056.281","geometry":{"type":"MultiPolygon","coordinates":[[[[-0.286,51.4818],[-0.286,51.4876],[-0.2721,51.4876],[-0.2721,51.4818],[-0.286,51.4818]]]]},"geometry_name":"the_geom","properties":{"IMAGEURL":"https://maps.nls.uk/view/101201958","WFS_TITLE":"London X.12, Revised: 1891 - 1895, Published: 1895","IMAGE":"101201958"}},{"type":"Feature","id":"os_london_1056.282","geometry":{"type":"MultiPolygon","coordinates":[[[[-0.2721,51.4818],[-0.2721,51.4876],[-0.2582,51.4876],[-0.2582,51.4818],[-0.2721,51.4818]]]]},"geometry_name":"the_geom","properties":{"IMAGEURL":"https://maps.nls.uk/view/101201961","WFS_TITLE":"London X.13, Revised: 1891, Published: 1895","IMAGE":"101201961"}},{"type":"Feature","id":"os_london_1056.283","geometry":{"type":"MultiPolygon","coordinates":[[[[-0.2582,51.4818],[-0.2582,51.4876],[-0.2443,51.4877],[-0.2443,51.4819],[-0.2582,51.4818]]]]},"geometry_name":"the_geom","properties":{"IMAGEURL":"https://maps.nls.uk/view/101201964","WFS_TITLE":"London X.14, Revised: 1891 - 1895, Published: 1895","IMAGE":"101201964"}},{"type":"Feature","id":"os_london_1056.284","geometry":{"type":"MultiPolygon","coordinates":[[[[-0.2443,51.4819],[-0.2443,51.4877],[-0.2304,51.4877],[-0.2304,51.4819],[-0.2443,51.4819]]]]},"geometry_name":"the_geom","properties":{"IMAGEURL":"https://maps.nls.uk/view/101201967","WFS_TITLE":"London X.15, Revised: 1893, Published: 1895","IMAGE":"101201967"}},{"type":"Feature","id":"os_london_1056.285","geometry":{"type":"MultiPolygon","coordinates":[[[[-0.2304,51.4819],[-0.2304,51.4877],[-0.2165,51.4877],[-0.2165,51.4819],[-0.2304,51.4819]]]]},"geometry_name":"the_geom","properties":{"IMAGEURL":"https://maps.nls.uk/view/101201970","WFS_TITLE":"London X.16, Revised: 1893 - 1895, Published: 1895","IMAGE":"101201970"}},{"type":"Feature","id":"os_london_1056.286","geometry":{"type":"MultiPolygon","coordinates":[[[[-0.2165,51.4819],[-0.2165,51.4877],[-0.2026,51.4877],[-0.2026,51.4819],[-0.2165,51.4819]]]]},"geometry_name":"the_geom","properties":{"IMAGEURL":"https://maps.nls.uk/view/101201973","WFS_TITLE":"London X.17, Revised: 1894, Published: 1895","IMAGE":"101201973"}},{"type":"Feature","id":"os_london_1056.287","geometry":{"type":"MultiPolygon","coordinates":[[[[-0.2026,51.4819],[-0.2026,51.4877],[-0.1887,51.4877],[-0.1887,51.4819],[-0.2026,51.4819]]]]},"geometry_name":"the_geom","properties":{"IMAGEURL":"https://maps.nls.uk/view/101201976","WFS_TITLE":"London X.18, Revised: 1894, Published: 1895","IMAGE":"101201976"}},{"type":"Feature","id":"os_london_1056.288","geometry":{"type":"MultiPolygon","coordinates":[[[[-0.1887,51.4819],[-0.1887,51.4877],[-0.1748,51.4877],[-0.1748,51.4819],[-0.1887,51.4819]]]]},"geometry_name":"the_geom","properties":{"IMAGEURL":"https://maps.nls.uk/view/101201979","WFS_TITLE":"London X.19, Revised: 1893 - 1895, Published: 1895","IMAGE":"101201979"}},{"type":"Feature","id":"os_london_1056.289","geometry":{"type":"MultiPolygon","coordinates":[[[[-0.1748,51.4819],[-0.1748,51.4877],[-0.1609,51.4877],[-0.1609,51.4819],[-0.1748,51.4819]]]]},"geometry_name":"the_geom","properties":{"IMAGEURL":"https://maps.nls.uk/view/101201982","WFS_TITLE":"London X.20, Revised: 1893, Published: 1895","IMAGE":"101201982"}},{"type":"Feature","id":"os_london_1056.290","geometry":{"type":"MultiPolygon","coordinates":[[[[-0.1609,51.4819],[-0.1609,51.4877],[-0.147,51.4877],[-0.147,51.482],[-0.1609,51.4819]]]]},"geometry_name":"the_geom","properties":{"IMAGEURL":"https://maps.nls.uk/view/101202189","WFS_TITLE":"London XI.11, Revised: 1893, Published: 1895","IMAGE":"101202189"}},{"type":"Feature","id":"os_london_1056.291","geometry":{"type":"MultiPolygon","coordinates":[[[[-0.147,51.482],[-0.147,51.4877],[-0.1331,51.4877],[-0.1331,51.482],[-0.147,51.482]]]]},"geometry_name":"the_geom","properties":{"IMAGEURL":"https://maps.nls.uk/view/101202192","WFS_TITLE":"London XI.12, Revised: 1893, Published: 1895","IMAGE":"101202192"}},{"type":"Feature","id":"os_london_1056.292","geometry":{"type":"MultiPolygon","coordinates":[[[[-0.1331,51.482],[-0.1331,51.4877],[-0.1192,51.4877],[-0.1192,51.482],[-0.1331,51.482]]]]},"geometry_name":"the_geom","properties":{"IMAGEURL":"https://maps.nls.uk/view/101202195","WFS_TITLE":"London XI.13, Revised: 1893 - 1895, Published: 1895","IMAGE":"101202195"}},{"type":"Feature","id":"os_london_1056.293","geometry":{"type":"MultiPolygon","coordinates":[[[[-0.1192,51.482],[-0.1192,51.4877],[-0.1053,51.4877],[-0.1053,51.482],[-0.1192,51.482]]]]},"geometry_name":"the_geom","properties":{"IMAGEURL":"https://maps.nls.uk/view/101202198","WFS_TITLE":"London XI.14, Revised: 1893, Published: 1895","IMAGE":"101202198"}},{"type":"Feature","id":"os_london_1056.294","geometry":{"type":"MultiPolygon","coordinates":[[[[-0.1053,51.482],[-0.1053,51.4877],[-0.0914,51.4877],[-0.0914,51.482],[-0.1053,51.482]]]]},"geometry_name":"the_geom","properties":{"IMAGEURL":"https://maps.nls.uk/view/101202201","WFS_TITLE":"London XI.15, Revised: 1893, Published: 1895","IMAGE":"101202201"}},{"type":"Feature","id":"os_london_1056.295","geometry":{"type":"MultiPolygon","coordinates":[[[[-0.0914,51.482],[-0.0914,51.4877],[-0.0775,51.4877],[-0.0775,51.482],[-0.0914,51.482]]]]},"geometry_name":"the_geom","properties":{"IMAGEURL":"https://maps.nls.uk/view/101202204","WFS_TITLE":"London XI.16, Revised: 1893, Published: 1895","IMAGE":"101202204"}},{"type":"Feature","id":"os_london_1056.296","geometry":{"type":"MultiPolygon","coordinates":[[[[-0.0775,51.482],[-0.0775,51.4877],[-0.0636,51.4877],[-0.0636,51.482],[-0.0775,51.482]]]]},"geometry_name":"the_geom","properties":{"IMAGEURL":"https://maps.nls.uk/view/101202207","WFS_TITLE":"London XI.17, Revised: 1894, Published: 1895","IMAGE":"101202207"}},{"type":"Feature","id":"os_london_1056.297","geometry":{"type":"MultiPolygon","coordinates":[[[[-0.0636,51.482],[-0.0636,51.4877],[-0.0497,51.4877],[-0.0497,51.482],[-0.0636,51.482]]]]},"geometry_name":"the_geom","properties":{"IMAGEURL":"https://maps.nls.uk/view/101202210","WFS_TITLE":"London XI.18, Revised: 1894, Published: 1895","IMAGE":"101202210"}},{"type":"Feature","id":"os_london_1056.298","geometry":{"type":"MultiPolygon","coordinates":[[[[-0.0497,51.482],[-0.0497,51.4877],[-0.0358,51.4877],[-0.0358,51.4819],[-0.0497,51.482]]]]},"geometry_name":"the_geom","properties":{"IMAGEURL":"https://maps.nls.uk/view/101202213","WFS_TITLE":"London XI.19, Revised: 1893 - 1895, Published: 1895","IMAGE":"101202213"}},{"type":"Feature","id":"os_london_1056.299","geometry":{"type":"MultiPolygon","coordinates":[[[[-0.0358,51.4819],[-0.0358,51.4877],[-0.0219,51.4877],[-0.0219,51.4819],[-0.0358,51.4819]]]]},"geometry_name":"the_geom","properties":{"IMAGEURL":"https://maps.nls.uk/view/101202216","WFS_TITLE":"London XI.20, Revised: 1893, Published: 1895","IMAGE":"101202216"}},{"type":"Feature","id":"os_london_1056.300","geometry":{"type":"MultiPolygon","coordinates":[[[[-0.0219,51.4819],[-0.0219,51.4877],[-0.008,51.4877],[-0.008,51.4819],[-0.0219,51.4819]]]]},"geometry_name":"the_geom","properties":{"IMAGEURL":"https://maps.nls.uk/view/101202486","WFS_TITLE":"London XII.11, Revised: 1893 - 1895, Published: 1896","IMAGE":"101202486"}},{"type":"Feature","id":"os_london_1056.301","geometry":{"type":"MultiPolygon","coordinates":[[[[-0.008,51.4819],[-0.008,51.4877],[0.0059,51.4877],[0.0059,51.4819],[-0.008,51.4819]]]]},"geometry_name":"the_geom","properties":{"IMAGEURL":"https://maps.nls.uk/view/101202489","WFS_TITLE":"London XII.12, Revised: 1893 - 1895, Published: 1895","IMAGE":"101202489"}},{"type":"Feature","id":"os_london_1056.302","geometry":{"type":"MultiPolygon","coordinates":[[[[0.0059,51.4819],[0.0059,51.4877],[0.0198,51.4877],[0.0198,51.4819],[0.0059,51.4819]]]]},"geometry_name":"the_geom","properties":{"IMAGEURL":"https://maps.nls.uk/view/101202492","WFS_TITLE":"London XII.13, Revised: 1893 - 1895, Published: 1895","IMAGE":"101202492"}},{"type":"Feature","id":"os_london_1056.303","geometry":{"type":"MultiPolygon","coordinates":[[[[0.0198,51.4819],[0.0198,51.4877],[0.0337,51.4877],[0.0337,51.4819],[0.0198,51.4819]]]]},"geometry_name":"the_geom","properties":{"IMAGEURL":"https://maps.nls.uk/view/101202495","WFS_TITLE":"London XII.14, Revised: 1893, Published: 1895","IMAGE":"101202495"}},{"type":"Feature","id":"os_london_1056.304","geometry":{"type":"MultiPolygon","coordinates":[[[[0.0337,51.4819],[0.0337,51.4877],[0.0476,51.4877],[0.0476,51.4819],[0.0337,51.4819]]]]},"geometry_name":"the_geom","properties":{"IMAGEURL":"https://maps.nls.uk/view/101202498","WFS_TITLE":"London XII.15, Revised: 1893 - 1895, Published: 1896","IMAGE":"101202498"}},{"type":"Feature","id":"os_london_1056.305","geometry":{"type":"MultiPolygon","coordinates":[[[[0.0476,51.4819],[0.0476,51.4877],[0.0615,51.4876],[0.0615,51.4819],[0.0476,51.4819]]]]},"geometry_name":"the_geom","properties":{"IMAGEURL":"https://maps.nls.uk/view/101202501","WFS_TITLE":"London XII.16, Revised: 1893 - 1895, Published: 1896","IMAGE":"101202501"}},{"type":"Feature","id":"os_london_1056.306","geometry":{"type":"MultiPolygon","coordinates":[[[[0.0615,51.4819],[0.0615,51.4876],[0.0754,51.4876],[0.0754,51.4818],[0.0615,51.4819]]]]},"geometry_name":"the_geom","properties":{"IMAGEURL":"https://maps.nls.uk/view/101202504","WFS_TITLE":"London XII.17, Revised: 1893 - 1895, Published: 1896","IMAGE":"101202504"}},{"type":"Feature","id":"os_london_1056.307","geometry":{"type":"MultiPolygon","coordinates":[[[[0.0754,51.4818],[0.0754,51.4876],[0.0893,51.4876],[0.0893,51.4818],[0.0754,51.4818]]]]},"geometry_name":"the_geom","properties":{"IMAGEURL":"https://maps.nls.uk/view/101202507","WFS_TITLE":"London XII.18, Revised: 1893 - 1895, Published: 1896","IMAGE":"101202507"}},{"type":"Feature","id":"os_london_1056.308","geometry":{"type":"MultiPolygon","coordinates":[[[[0.0893,51.4818],[0.0893,51.4876],[0.1032,51.4876],[0.1032,51.4818],[0.0893,51.4818]]]]},"geometry_name":"the_geom","properties":{"IMAGEURL":"https://maps.nls.uk/view/101202510","WFS_TITLE":"London XII.19, Revised: 1893, Published: 1895","IMAGE":"101202510"}},{"type":"Feature","id":"os_london_1056.309","geometry":{"type":"MultiPolygon","coordinates":[[[[-0.3138,51.4875],[-0.3139,51.4933],[-0.3,51.4934],[-0.2999,51.4876],[-0.3138,51.4875]]]]},"geometry_name":"the_geom","properties":{"IMAGEURL":"https://maps.nls.uk/view/101201871","WFS_TITLE":"London IX.10, Revised: 1893, Published: 1894","IMAGE":"101201871"}},{"type":"Feature","id":"os_london_1056.310","geometry":{"type":"MultiPolygon","coordinates":[[[[-0.2999,51.4876],[-0.3,51.4934],[-0.2861,51.4934],[-0.286,51.4876],[-0.2999,51.4876]]]]},"geometry_name":"the_geom","properties":{"IMAGEURL":"https://maps.nls.uk/view/101201925","WFS_TITLE":"London X.1, Revised: 1893, Published: 1895","IMAGE":"101201925"}},{"type":"Feature","id":"os_london_1056.311","geometry":{"type":"MultiPolygon","coordinates":[[[[-0.286,51.4876],[-0.2861,51.4934],[-0.2722,51.4934],[-0.2721,51.4876],[-0.286,51.4876]]]]},"geometry_name":"the_geom","properties":{"IMAGEURL":"https://maps.nls.uk/view/101201928","WFS_TITLE":"London X.2, Revised: 1891, Published: 1894","IMAGE":"101201928"}},{"type":"Feature","id":"os_london_1056.312","geometry":{"type":"MultiPolygon","coordinates":[[[[-0.2721,51.4876],[-0.2722,51.4934],[-0.2583,51.4934],[-0.2582,51.4876],[-0.2721,51.4876]]]]},"geometry_name":"the_geom","properties":{"IMAGEURL":"https://maps.nls.uk/view/101201931","WFS_TITLE":"London X.3, Revised: 1891 - 1895, Published: 1894","IMAGE":"101201931"}},{"type":"Feature","id":"os_london_1056.313","geometry":{"type":"MultiPolygon","coordinates":[[[[-0.2582,51.4876],[-0.2583,51.4934],[-0.2444,51.4934],[-0.2443,51.4877],[-0.2582,51.4876]]]]},"geometry_name":"the_geom","properties":{"IMAGEURL":"https://maps.nls.uk/view/101201934","WFS_TITLE":"London X.4, Revised: 1893, Published: 1894","IMAGE":"101201934"}},{"type":"Feature","id":"os_london_1056.314","geometry":{"type":"MultiPolygon","coordinates":[[[[-0.2443,51.4877],[-0.2444,51.4934],[-0.2305,51.4935],[-0.2304,51.4877],[-0.2443,51.4877]]]]},"geometry_name":"the_geom","properties":{"IMAGEURL":"https://maps.nls.uk/view/101201937","WFS_TITLE":"London X.5, Revised: 1893, Published: 1895","IMAGE":"101201937"}},{"type":"Feature","id":"os_london_1056.315","geometry":{"type":"MultiPolygon","coordinates":[[[[-0.2304,51.4877],[-0.2305,51.4935],[-0.2165,51.4935],[-0.2165,51.4877],[-0.2304,51.4877]]]]},"geometry_name":"the_geom","properties":{"IMAGEURL":"https://maps.nls.uk/view/101201940","WFS_TITLE":"London X.6, Revised: 1894, Published: 1895","IMAGE":"101201940"}},{"type":"Feature","id":"os_london_1056.316","geometry":{"type":"MultiPolygon","coordinates":[[[[-0.2165,51.4877],[-0.2165,51.4935],[-0.2026,51.4935],[-0.2026,51.4877],[-0.2165,51.4877]]]]},"geometry_name":"the_geom","properties":{"IMAGEURL":"https://maps.nls.uk/view/101201943","WFS_TITLE":"London X.7, Revised: 1894, Published: 1895","IMAGE":"101201943"}},{"type":"Feature","id":"os_london_1056.317","geometry":{"type":"MultiPolygon","coordinates":[[[[-0.2026,51.4877],[-0.2026,51.4935],[-0.1887,51.4935],[-0.1887,51.4877],[-0.2026,51.4877]]]]},"geometry_name":"the_geom","properties":{"IMAGEURL":"https://maps.nls.uk/view/101201946","WFS_TITLE":"London X.8, Revised: 1894, Published: 1895","IMAGE":"101201946"}},{"type":"Feature","id":"os_london_1056.318","geometry":{"type":"MultiPolygon","coordinates":[[[[-0.1887,51.4877],[-0.1887,51.4935],[-0.1748,51.4935],[-0.1748,51.4877],[-0.1887,51.4877]]]]},"geometry_name":"the_geom","properties":{"IMAGEURL":"https://maps.nls.uk/view/101201949","WFS_TITLE":"London X.9, Revised: 1893 - 1895, Published: 1895","IMAGE":"101201949"}},{"type":"Feature","id":"os_london_1056.319","geometry":{"type":"MultiPolygon","coordinates":[[[[-0.1748,51.4877],[-0.1748,51.4935],[-0.1609,51.4935],[-0.1609,51.4877],[-0.1748,51.4877]]]]},"geometry_name":"the_geom","properties":{"IMAGEURL":"https://maps.nls.uk/view/101201952","WFS_TITLE":"London X.10, Revised: 1893 - 1895, Published: 1895","IMAGE":"101201952"}},{"type":"Feature","id":"os_london_1056.320","geometry":{"type":"MultiPolygon","coordinates":[[[[-0.1609,51.4877],[-0.1609,51.4935],[-0.147,51.4935],[-0.147,51.4877],[-0.1609,51.4877]]]]},"geometry_name":"the_geom","properties":{"IMAGEURL":"https://maps.nls.uk/view/101202159","WFS_TITLE":"London XI.1, Revised: 1893 - 1895, Published: 1895","IMAGE":"101202159"}},{"type":"Feature","id":"os_london_1056.321","geometry":{"type":"MultiPolygon","coordinates":[[[[-0.147,51.4877],[-0.147,51.4935],[-0.1331,51.4935],[-0.1331,51.4877],[-0.147,51.4877]]]]},"geometry_name":"the_geom","properties":{"IMAGEURL":"https://maps.nls.uk/view/101202162","WFS_TITLE":"London XI.2, Revised: 1893, Published: 1895","IMAGE":"101202162"}},{"type":"Feature","id":"os_london_1056.322","geometry":{"type":"MultiPolygon","coordinates":[[[[-0.1331,51.4877],[-0.1331,51.4935],[-0.1192,51.4935],[-0.1192,51.4877],[-0.1331,51.4877]]]]},"geometry_name":"the_geom","properties":{"IMAGEURL":"https://maps.nls.uk/view/101202165","WFS_TITLE":"London XI.3, Revised: 1893, Published: 1895","IMAGE":"101202165"}},{"type":"Feature","id":"os_london_1056.323","geometry":{"type":"MultiPolygon","coordinates":[[[[-0.1192,51.4877],[-0.1192,51.4935],[-0.1053,51.4935],[-0.1053,51.4877],[-0.1192,51.4877]]]]},"geometry_name":"the_geom","properties":{"IMAGEURL":"https://maps.nls.uk/view/101202168","WFS_TITLE":"London XI.4, Revised: 1893, Published: 1895","IMAGE":"101202168"}},{"type":"Feature","id":"os_london_1056.324","geometry":{"type":"MultiPolygon","coordinates":[[[[-0.1053,51.4877],[-0.1053,51.4935],[-0.0914,51.4935],[-0.0914,51.4877],[-0.1053,51.4877]]]]},"geometry_name":"the_geom","properties":{"IMAGEURL":"https://maps.nls.uk/view/101202171","WFS_TITLE":"London XI.5, Revised: 1893, Published: 1895","IMAGE":"101202171"}},{"type":"Feature","id":"os_london_1056.325","geometry":{"type":"MultiPolygon","coordinates":[[[[-0.0914,51.4877],[-0.0914,51.4935],[-0.0775,51.4935],[-0.0775,51.4877],[-0.0914,51.4877]]]]},"geometry_name":"the_geom","properties":{"IMAGEURL":"https://maps.nls.uk/view/101202174","WFS_TITLE":"London XI.6, Revised: 1893, Published: 1895","IMAGE":"101202174"}},{"type":"Feature","id":"os_london_1056.326","geometry":{"type":"MultiPolygon","coordinates":[[[[-0.0775,51.4877],[-0.0775,51.4935],[-0.0636,51.4935],[-0.0636,51.4877],[-0.0775,51.4877]]]]},"geometry_name":"the_geom","properties":{"IMAGEURL":"https://maps.nls.uk/view/101202177","WFS_TITLE":"London XI.7, Revised: 1894, Published: 1895","IMAGE":"101202177"}},{"type":"Feature","id":"os_london_1056.327","geometry":{"type":"MultiPolygon","coordinates":[[[[-0.0636,51.4877],[-0.0636,51.4935],[-0.0497,51.4935],[-0.0497,51.4877],[-0.0636,51.4877]]]]},"geometry_name":"the_geom","properties":{"IMAGEURL":"https://maps.nls.uk/view/101202180","WFS_TITLE":"London XI.8, Revised: 1894, Published: 1895","IMAGE":"101202180"}},{"type":"Feature","id":"os_london_1056.328","geometry":{"type":"MultiPolygon","coordinates":[[[[-0.0497,51.4877],[-0.0497,51.4935],[-0.0358,51.4935],[-0.0358,51.4877],[-0.0497,51.4877]]]]},"geometry_name":"the_geom","properties":{"IMAGEURL":"https://maps.nls.uk/view/101202183","WFS_TITLE":"London XI.9, Revised: 1893 - 1895, Published: 1895","IMAGE":"101202183"}},{"type":"Feature","id":"os_london_1056.329","geometry":{"type":"MultiPolygon","coordinates":[[[[-0.0358,51.4877],[-0.0358,51.4935],[-0.0219,51.4935],[-0.0219,51.4877],[-0.0358,51.4877]]]]},"geometry_name":"the_geom","properties":{"IMAGEURL":"https://maps.nls.uk/view/101202186","WFS_TITLE":"London XI.10, Revised: 1893 - 1895, Published: 1895","IMAGE":"101202186"}},{"type":"Feature","id":"os_london_1056.330","geometry":{"type":"MultiPolygon","coordinates":[[[[-0.0219,51.4877],[-0.0219,51.4935],[-0.008,51.4935],[-0.008,51.4877],[-0.0219,51.4877]]]]},"geometry_name":"the_geom","properties":{"IMAGEURL":"https://maps.nls.uk/view/101202459","WFS_TITLE":"London XII.1, Revised: 1894, Published: 1895","IMAGE":"101202459"}},{"type":"Feature","id":"os_london_1056.331","geometry":{"type":"MultiPolygon","coordinates":[[[[-0.008,51.4877],[-0.008,51.4935],[0.0059,51.4935],[0.0059,51.4877],[-0.008,51.4877]]]]},"geometry_name":"the_geom","properties":{"IMAGEURL":"https://maps.nls.uk/view/101202462","WFS_TITLE":"London XII.2, Revised: 1893, Published: 1895","IMAGE":"101202462"}},{"type":"Feature","id":"os_london_1056.332","geometry":{"type":"MultiPolygon","coordinates":[[[[0.0059,51.4877],[0.0059,51.4935],[0.0198,51.4935],[0.0198,51.4877],[0.0059,51.4877]]]]},"geometry_name":"the_geom","properties":{"IMAGEURL":"https://maps.nls.uk/view/101202465","WFS_TITLE":"London XII.3, Revised: 1893, Published: 1895","IMAGE":"101202465"}},{"type":"Feature","id":"os_london_1056.333","geometry":{"type":"MultiPolygon","coordinates":[[[[0.0198,51.4877],[0.0198,51.4935],[0.0337,51.4935],[0.0337,51.4877],[0.0198,51.4877]]]]},"geometry_name":"the_geom","properties":{"IMAGEURL":"https://maps.nls.uk/view/101202468","WFS_TITLE":"London XII.4, Revised: 1893, Published: 1895","IMAGE":"101202468"}},{"type":"Feature","id":"os_london_1056.334","geometry":{"type":"MultiPolygon","coordinates":[[[[0.0337,51.4877],[0.0337,51.4935],[0.0476,51.4934],[0.0476,51.4877],[0.0337,51.4877]]]]},"geometry_name":"the_geom","properties":{"IMAGEURL":"https://maps.nls.uk/view/101202471","WFS_TITLE":"London XII.5, Revised: 1893 - 1895, Published: 1896","IMAGE":"101202471"}},{"type":"Feature","id":"os_london_1056.335","geometry":{"type":"MultiPolygon","coordinates":[[[[0.0476,51.4877],[0.0476,51.4934],[0.0615,51.4934],[0.0615,51.4876],[0.0476,51.4877]]]]},"geometry_name":"the_geom","properties":{"IMAGEURL":"https://maps.nls.uk/view/101202474","WFS_TITLE":"London XII.6, Revised: 1893 - 1895, Published: 1896","IMAGE":"101202474"}},{"type":"Feature","id":"os_london_1056.336","geometry":{"type":"MultiPolygon","coordinates":[[[[0.0615,51.4876],[0.0615,51.4934],[0.0754,51.4934],[0.0754,51.4876],[0.0615,51.4876]]]]},"geometry_name":"the_geom","properties":{"IMAGEURL":"https://maps.nls.uk/view/101202477","WFS_TITLE":"London XII.7, Revised: 1893, Published: 1896","IMAGE":"101202477"}},{"type":"Feature","id":"os_london_1056.337","geometry":{"type":"MultiPolygon","coordinates":[[[[0.0754,51.4876],[0.0754,51.4934],[0.0893,51.4934],[0.0893,51.4876],[0.0754,51.4876]]]]},"geometry_name":"the_geom","properties":{"IMAGEURL":"https://maps.nls.uk/view/101202480","WFS_TITLE":"London XII.8, Revised: 1893 - 1895, Published: 1896","IMAGE":"101202480"}},{"type":"Feature","id":"os_london_1056.338","geometry":{"type":"MultiPolygon","coordinates":[[[[0.0893,51.4876],[0.0893,51.4934],[0.1032,51.4934],[0.1032,51.4876],[0.0893,51.4876]]]]},"geometry_name":"the_geom","properties":{"IMAGEURL":"https://maps.nls.uk/view/101202483","WFS_TITLE":"London XII.9, Revised: 1893, Published: 1895","IMAGE":"101202483"}},{"type":"Feature","id":"os_london_1056.339","geometry":{"type":"MultiPolygon","coordinates":[[[[-0.3139,51.4933],[-0.3139,51.4991],[-0.3,51.4991],[-0.3,51.4934],[-0.3139,51.4933]]]]},"geometry_name":"the_geom","properties":{"IMAGEURL":"https://maps.nls.uk/view/101201175","WFS_TITLE":"London V.100, Revised: 1891, Published: 1893","IMAGE":"101201175"}},{"type":"Feature","id":"os_london_1056.340","geometry":{"type":"MultiPolygon","coordinates":[[[[-0.3,51.4934],[-0.3,51.4991],[-0.2861,51.4992],[-0.2861,51.4934],[-0.3,51.4934]]]]},"geometry_name":"the_geom","properties":{"IMAGEURL":"https://maps.nls.uk/view/101201370","WFS_TITLE":"London VI.91, Revised: 1891, Published: 1893","IMAGE":"101201370"}},{"type":"Feature","id":"os_london_1056.341","geometry":{"type":"MultiPolygon","coordinates":[[[[-0.2861,51.4934],[-0.2861,51.4992],[-0.2722,51.4992],[-0.2722,51.4934],[-0.2861,51.4934]]]]},"geometry_name":"the_geom","properties":{"IMAGEURL":"https://maps.nls.uk/view/101201373","WFS_TITLE":"London VI.92, Revised: 1891, Published: 1894","IMAGE":"101201373"}},{"type":"Feature","id":"os_london_1056.342","geometry":{"type":"MultiPolygon","coordinates":[[[[-0.2722,51.4934],[-0.2722,51.4992],[-0.2583,51.4992],[-0.2583,51.4934],[-0.2722,51.4934]]]]},"geometry_name":"the_geom","properties":{"IMAGEURL":"https://maps.nls.uk/view/101201376","WFS_TITLE":"London VI.93, Revised: 1893, Published: 1894","IMAGE":"101201376"}},{"type":"Feature","id":"os_london_1056.343","geometry":{"type":"MultiPolygon","coordinates":[[[[-0.2583,51.4934],[-0.2583,51.4992],[-0.2444,51.4992],[-0.2444,51.4934],[-0.2583,51.4934]]]]},"geometry_name":"the_geom","properties":{"IMAGEURL":"https://maps.nls.uk/view/101201379","WFS_TITLE":"London VI.94, Revised: 1893, Published: 1894","IMAGE":"101201379"}},{"type":"Feature","id":"os_london_1056.344","geometry":{"type":"MultiPolygon","coordinates":[[[[-0.2444,51.4934],[-0.2444,51.4992],[-0.2305,51.4992],[-0.2305,51.4935],[-0.2444,51.4934]]]]},"geometry_name":"the_geom","properties":{"IMAGEURL":"https://maps.nls.uk/view/101201382","WFS_TITLE":"London VI.95, Revised: 1893, Published: 1894","IMAGE":"101201382"}},{"type":"Feature","id":"os_london_1056.345","geometry":{"type":"MultiPolygon","coordinates":[[[[-0.2305,51.4935],[-0.2305,51.4992],[-0.2166,51.4993],[-0.2165,51.4935],[-0.2305,51.4935]]]]},"geometry_name":"the_geom","properties":{"IMAGEURL":"https://maps.nls.uk/view/101201385","WFS_TITLE":"London VI.96, Revised: 1893, Published: 1895","IMAGE":"101201385"}},{"type":"Feature","id":"os_london_1056.346","geometry":{"type":"MultiPolygon","coordinates":[[[[-0.2165,51.4935],[-0.2166,51.4993],[-0.2027,51.4993],[-0.2026,51.4935],[-0.2165,51.4935]]]]},"geometry_name":"the_geom","properties":{"IMAGEURL":"https://maps.nls.uk/view/101201388","WFS_TITLE":"London VI.97, Revised: 1893 - 1895, Published: 1895","IMAGE":"101201388"}},{"type":"Feature","id":"os_london_1056.347","geometry":{"type":"MultiPolygon","coordinates":[[[[-0.2026,51.4935],[-0.2027,51.4993],[-0.1888,51.4993],[-0.1887,51.4935],[-0.2026,51.4935]]]]},"geometry_name":"the_geom","properties":{"IMAGEURL":"https://maps.nls.uk/view/101201391","WFS_TITLE":"London VI.98, Revised: 1893 - 1895, Published: 1895","IMAGE":"101201391"}},{"type":"Feature","id":"os_london_1056.348","geometry":{"type":"MultiPolygon","coordinates":[[[[-0.1887,51.4935],[-0.1888,51.4993],[-0.1748,51.4993],[-0.1748,51.4935],[-0.1887,51.4935]]]]},"geometry_name":"the_geom","properties":{"IMAGEURL":"https://maps.nls.uk/view/101201394","WFS_TITLE":"London VI.99, Revised: 1893, Published: 1895","IMAGE":"101201394"}},{"type":"Feature","id":"os_london_1056.349","geometry":{"type":"MultiPolygon","coordinates":[[[[-0.1748,51.4935],[-0.1748,51.4993],[-0.1609,51.4993],[-0.1609,51.4935],[-0.1748,51.4935]]]]},"geometry_name":"the_geom","properties":{"IMAGEURL":"https://maps.nls.uk/view/101201397","WFS_TITLE":"London VI.100, Revised: 1893, Published: 1895","IMAGE":"101201397"}},{"type":"Feature","id":"os_london_1056.350","geometry":{"type":"MultiPolygon","coordinates":[[[[-0.1609,51.4935],[-0.1609,51.4993],[-0.147,51.4993],[-0.147,51.4935],[-0.1609,51.4935]]]]},"geometry_name":"the_geom","properties":{"IMAGEURL":"https://maps.nls.uk/view/101201670","WFS_TITLE":"London VII.91, Revised: 1893, Published: 1895","IMAGE":"101201670"}},{"type":"Feature","id":"os_london_1056.351","geometry":{"type":"MultiPolygon","coordinates":[[[[-0.147,51.4935],[-0.147,51.4993],[-0.1331,51.4993],[-0.1331,51.4935],[-0.147,51.4935]]]]},"geometry_name":"the_geom","properties":{"IMAGEURL":"https://maps.nls.uk/view/101201673","WFS_TITLE":"London VII.92, Revised: 1894, Published: 1895","IMAGE":"101201673"}},{"type":"Feature","id":"os_london_1056.352","geometry":{"type":"MultiPolygon","coordinates":[[[[-0.1331,51.4935],[-0.1331,51.4993],[-0.1192,51.4993],[-0.1192,51.4935],[-0.1331,51.4935]]]]},"geometry_name":"the_geom","properties":{"IMAGEURL":"https://maps.nls.uk/view/101201676","WFS_TITLE":"London VII.93, Revised: 1893 - 1895, Published: 1895","IMAGE":"101201676"}},{"type":"Feature","id":"os_london_1056.353","geometry":{"type":"MultiPolygon","coordinates":[[[[-0.1192,51.4935],[-0.1192,51.4993],[-0.1053,51.4993],[-0.1053,51.4935],[-0.1192,51.4935]]]]},"geometry_name":"the_geom","properties":{"IMAGEURL":"https://maps.nls.uk/view/101201679","WFS_TITLE":"London VII.94, Revised: 1893, Published: 1895","IMAGE":"101201679"}},{"type":"Feature","id":"os_london_1056.354","geometry":{"type":"MultiPolygon","coordinates":[[[[-0.1053,51.4935],[-0.1053,51.4993],[-0.0914,51.4993],[-0.0914,51.4935],[-0.1053,51.4935]]]]},"geometry_name":"the_geom","properties":{"IMAGEURL":"https://maps.nls.uk/view/101201682","WFS_TITLE":"London VII.95, Revised: 1893, Published: 1895","IMAGE":"101201682"}},{"type":"Feature","id":"os_london_1056.355","geometry":{"type":"MultiPolygon","coordinates":[[[[-0.0914,51.4935],[-0.0914,51.4993],[-0.0775,51.4993],[-0.0775,51.4935],[-0.0914,51.4935]]]]},"geometry_name":"the_geom","properties":{"IMAGEURL":"https://maps.nls.uk/view/101201685","WFS_TITLE":"London VII.96, Revised: 1893, Published: 1895","IMAGE":"101201685"}},{"type":"Feature","id":"os_london_1056.356","geometry":{"type":"MultiPolygon","coordinates":[[[[-0.0775,51.4935],[-0.0775,51.4993],[-0.0636,51.4993],[-0.0636,51.4935],[-0.0775,51.4935]]]]},"geometry_name":"the_geom","properties":{"IMAGEURL":"https://maps.nls.uk/view/101201688","WFS_TITLE":"London VII.97, Revised: 1894, Published: 1895","IMAGE":"101201688"}},{"type":"Feature","id":"os_london_1056.357","geometry":{"type":"MultiPolygon","coordinates":[[[[-0.0497,51.4935],[-0.0497,51.4993],[-0.0358,51.4993],[-0.0358,51.4935],[-0.0497,51.4935]]]]},"geometry_name":"the_geom","properties":{"IMAGEURL":"https://maps.nls.uk/view/101201691","WFS_TITLE":"London VII.99, Revised: 1894, Published: 1895","IMAGE":"101201691"}},{"type":"Feature","id":"os_london_1056.358","geometry":{"type":"MultiPolygon","coordinates":[[[[-0.0358,51.4935],[-0.0358,51.4993],[-0.0219,51.4993],[-0.0219,51.4935],[-0.0358,51.4935]]]]},"geometry_name":"the_geom","properties":{"IMAGEURL":"https://maps.nls.uk/view/101201694","WFS_TITLE":"London VII.100, Revised: 1893 - 1895, Published: 1895","IMAGE":"101201694"}},{"type":"Feature","id":"os_london_1056.359","geometry":{"type":"MultiPolygon","coordinates":[[[[-0.0219,51.4935],[-0.0219,51.4993],[-0.008,51.4993],[-0.008,51.4935],[-0.0219,51.4935]]]]},"geometry_name":"the_geom","properties":{"IMAGEURL":"https://maps.nls.uk/view/101201847","WFS_TITLE":"London VIII.91, Revised: 1894, Published: 1895","IMAGE":"101201847"}},{"type":"Feature","id":"os_london_1056.360","geometry":{"type":"MultiPolygon","coordinates":[[[[-0.008,51.4935],[-0.008,51.4993],[0.0059,51.4993],[0.0059,51.4935],[-0.008,51.4935]]]]},"geometry_name":"the_geom","properties":{"IMAGEURL":"https://maps.nls.uk/view/101201850","WFS_TITLE":"London VIII.92, Revised: 1893 - 1895, Published: 1895","IMAGE":"101201850"}},{"type":"Feature","id":"os_london_1056.361","geometry":{"type":"MultiPolygon","coordinates":[[[[0.0059,51.4935],[0.0059,51.4993],[0.0198,51.4993],[0.0198,51.4935],[0.0059,51.4935]]]]},"geometry_name":"the_geom","properties":{"IMAGEURL":"https://maps.nls.uk/view/101201853","WFS_TITLE":"London VIII.93, Revised: 1893, Published: 1895","IMAGE":"101201853"}},{"type":"Feature","id":"os_london_1056.362","geometry":{"type":"MultiPolygon","coordinates":[[[[0.0198,51.4935],[0.0198,51.4993],[0.0337,51.4992],[0.0337,51.4935],[0.0198,51.4935]]]]},"geometry_name":"the_geom","properties":{"IMAGEURL":"https://maps.nls.uk/view/101201856","WFS_TITLE":"London VIII.94, Revised: 1894, Published: 1895","IMAGE":"101201856"}},{"type":"Feature","id":"os_london_1056.363","geometry":{"type":"MultiPolygon","coordinates":[[[[0.0337,51.4935],[0.0337,51.4992],[0.0476,51.4992],[0.0476,51.4934],[0.0337,51.4935]]]]},"geometry_name":"the_geom","properties":{"IMAGEURL":"https://maps.nls.uk/view/101201859","WFS_TITLE":"London VIII.95, Revised: 1893, Published: 1896","IMAGE":"101201859"}},{"type":"Feature","id":"os_london_1056.364","geometry":{"type":"MultiPolygon","coordinates":[[[[0.0476,51.4934],[0.0476,51.4992],[0.0615,51.4992],[0.0615,51.4934],[0.0476,51.4934]]]]},"geometry_name":"the_geom","properties":{"IMAGEURL":"https://maps.nls.uk/view/101201862","WFS_TITLE":"London VIII.96, Revised: 1893, Published: 1896","IMAGE":"101201862"}},{"type":"Feature","id":"os_london_1056.365","geometry":{"type":"MultiPolygon","coordinates":[[[[0.0615,51.4934],[0.0615,51.4992],[0.0754,51.4992],[0.0754,51.4934],[0.0615,51.4934]]]]},"geometry_name":"the_geom","properties":{"IMAGEURL":"https://maps.nls.uk/view/101201865","WFS_TITLE":"London VIII.97, Revised: 1893, Published: 1896","IMAGE":"101201865"}},{"type":"Feature","id":"os_london_1056.366","geometry":{"type":"MultiPolygon","coordinates":[[[[0.0754,51.4934],[0.0754,51.4992],[0.0893,51.4992],[0.0893,51.4934],[0.0754,51.4934]]]]},"geometry_name":"the_geom","properties":{"IMAGEURL":"https://maps.nls.uk/view/101201868","WFS_TITLE":"London VIII.98, Revised: 1893 - 1895, Published: 1896","IMAGE":"101201868"}},{"type":"Feature","id":"os_london_1056.367","geometry":{"type":"MultiPolygon","coordinates":[[[[-0.3139,51.4991],[-0.3139,51.5049],[-0.3,51.5049],[-0.3,51.4991],[-0.3139,51.4991]]]]},"geometry_name":"the_geom","properties":{"IMAGEURL":"https://maps.nls.uk/view/101201172","WFS_TITLE":"London V.90, Revised: 1891, Published: 1893","IMAGE":"101201172"}},{"type":"Feature","id":"os_london_1056.368","geometry":{"type":"MultiPolygon","coordinates":[[[[-0.3,51.4991],[-0.3,51.5049],[-0.2861,51.505],[-0.2861,51.4992],[-0.3,51.4991]]]]},"geometry_name":"the_geom","properties":{"IMAGEURL":"https://maps.nls.uk/view/101201340","WFS_TITLE":"London VI.81, Revised: 1891, Published: 1893","IMAGE":"101201340"}},{"type":"Feature","id":"os_london_1056.369","geometry":{"type":"MultiPolygon","coordinates":[[[[-0.2861,51.4992],[-0.2861,51.505],[-0.2722,51.505],[-0.2722,51.4992],[-0.2861,51.4992]]]]},"geometry_name":"the_geom","properties":{"IMAGEURL":"https://maps.nls.uk/view/101201343","WFS_TITLE":"London VI.82, Revised: 1891, Published: 1894","IMAGE":"101201343"}},{"type":"Feature","id":"os_london_1056.370","geometry":{"type":"MultiPolygon","coordinates":[[[[-0.2722,51.4992],[-0.2722,51.505],[-0.2583,51.505],[-0.2583,51.4992],[-0.2722,51.4992]]]]},"geometry_name":"the_geom","properties":{"IMAGEURL":"https://maps.nls.uk/view/101201346","WFS_TITLE":"London VI.83, Revised: 1893, Published: 1894","IMAGE":"101201346"}},{"type":"Feature","id":"os_london_1056.371","geometry":{"type":"MultiPolygon","coordinates":[[[[-0.2583,51.4992],[-0.2583,51.505],[-0.2444,51.505],[-0.2444,51.4992],[-0.2583,51.4992]]]]},"geometry_name":"the_geom","properties":{"IMAGEURL":"https://maps.nls.uk/view/101201349","WFS_TITLE":"London VI.84, Revised: 1893, Published: 1894","IMAGE":"101201349"}},{"type":"Feature","id":"os_london_1056.372","geometry":{"type":"MultiPolygon","coordinates":[[[[-0.2444,51.4992],[-0.2444,51.505],[-0.2305,51.505],[-0.2305,51.4992],[-0.2444,51.4992]]]]},"geometry_name":"the_geom","properties":{"IMAGEURL":"https://maps.nls.uk/view/101201352","WFS_TITLE":"London VI.85, Revised: 1893, Published: 1894","IMAGE":"101201352"}},{"type":"Feature","id":"os_london_1056.373","geometry":{"type":"MultiPolygon","coordinates":[[[[-0.2305,51.4992],[-0.2305,51.505],[-0.2166,51.505],[-0.2166,51.4993],[-0.2305,51.4992]]]]},"geometry_name":"the_geom","properties":{"IMAGEURL":"https://maps.nls.uk/view/101201355","WFS_TITLE":"London VI.86, Revised: 1893, Published: 1894","IMAGE":"101201355"}},{"type":"Feature","id":"os_london_1056.374","geometry":{"type":"MultiPolygon","coordinates":[[[[-0.2166,51.4993],[-0.2166,51.505],[-0.2027,51.5051],[-0.2027,51.4993],[-0.2166,51.4993]]]]},"geometry_name":"the_geom","properties":{"IMAGEURL":"https://maps.nls.uk/view/101201358","WFS_TITLE":"London VI.87, Revised: 1893, Published: 1895","IMAGE":"101201358"}},{"type":"Feature","id":"os_london_1056.375","geometry":{"type":"MultiPolygon","coordinates":[[[[-0.2027,51.4993],[-0.2027,51.5051],[-0.1888,51.5051],[-0.1888,51.4993],[-0.2027,51.4993]]]]},"geometry_name":"the_geom","properties":{"IMAGEURL":"https://maps.nls.uk/view/101201361","WFS_TITLE":"London VI.88, Revised: 1893, Published: 1895","IMAGE":"101201361"}},{"type":"Feature","id":"os_london_1056.376","geometry":{"type":"MultiPolygon","coordinates":[[[[-0.1888,51.4993],[-0.1888,51.5051],[-0.1749,51.5051],[-0.1748,51.4993],[-0.1888,51.4993]]]]},"geometry_name":"the_geom","properties":{"IMAGEURL":"https://maps.nls.uk/view/101201364","WFS_TITLE":"London VI.89, Revised: 1893, Published: 1895","IMAGE":"101201364"}},{"type":"Feature","id":"os_london_1056.377","geometry":{"type":"MultiPolygon","coordinates":[[[[-0.1748,51.4993],[-0.1749,51.5051],[-0.161,51.5051],[-0.1609,51.4993],[-0.1748,51.4993]]]]},"geometry_name":"the_geom","properties":{"IMAGEURL":"https://maps.nls.uk/view/101201367","WFS_TITLE":"London VI.90, Revised: 1893, Published: 1895","IMAGE":"101201367"}},{"type":"Feature","id":"os_london_1056.378","geometry":{"type":"MultiPolygon","coordinates":[[[[-0.1609,51.4993],[-0.161,51.5051],[-0.147,51.5051],[-0.147,51.4993],[-0.1609,51.4993]]]]},"geometry_name":"the_geom","properties":{"IMAGEURL":"https://maps.nls.uk/view/101201640","WFS_TITLE":"London VII.81, Revised: 1893 - 1895, Published: 1896","IMAGE":"101201640"}},{"type":"Feature","id":"os_london_1056.379","geometry":{"type":"MultiPolygon","coordinates":[[[[-0.147,51.4993],[-0.147,51.5051],[-0.1331,51.5051],[-0.1331,51.4993],[-0.147,51.4993]]]]},"geometry_name":"the_geom","properties":{"IMAGEURL":"https://maps.nls.uk/view/101201643","WFS_TITLE":"London VII.82, Revised: 1894, Published: 1895","IMAGE":"101201643"}},{"type":"Feature","id":"os_london_1056.380","geometry":{"type":"MultiPolygon","coordinates":[[[[-0.1331,51.4993],[-0.1331,51.5051],[-0.1192,51.5051],[-0.1192,51.4993],[-0.1331,51.4993]]]]},"geometry_name":"the_geom","properties":{"IMAGEURL":"https://maps.nls.uk/view/101201646","WFS_TITLE":"London VII.83, Revised: 1893 - 1895, Published: 1896","IMAGE":"101201646"}},{"type":"Feature","id":"os_london_1056.381","geometry":{"type":"MultiPolygon","coordinates":[[[[-0.1192,51.4993],[-0.1192,51.5051],[-0.1053,51.5051],[-0.1053,51.4993],[-0.1192,51.4993]]]]},"geometry_name":"the_geom","properties":{"IMAGEURL":"https://maps.nls.uk/view/101201649","WFS_TITLE":"London VII.84, Revised: 1893, Published: 1895","IMAGE":"101201649"}},{"type":"Feature","id":"os_london_1056.382","geometry":{"type":"MultiPolygon","coordinates":[[[[-0.1053,51.4993],[-0.1053,51.5051],[-0.0914,51.5051],[-0.0914,51.4993],[-0.1053,51.4993]]]]},"geometry_name":"the_geom","properties":{"IMAGEURL":"https://maps.nls.uk/view/101201652","WFS_TITLE":"London VII.85, Revised: 1893, Published: 1895","IMAGE":"101201652"}},{"type":"Feature","id":"os_london_1056.383","geometry":{"type":"MultiPolygon","coordinates":[[[[-0.0914,51.4993],[-0.0914,51.5051],[-0.0775,51.5051],[-0.0775,51.4993],[-0.0914,51.4993]]]]},"geometry_name":"the_geom","properties":{"IMAGEURL":"https://maps.nls.uk/view/101201655","WFS_TITLE":"London VII.86, Revised: 1893, Published: 1895","IMAGE":"101201655"}},{"type":"Feature","id":"os_london_1056.384","geometry":{"type":"MultiPolygon","coordinates":[[[[-0.0775,51.4993],[-0.0775,51.5051],[-0.0636,51.5051],[-0.0636,51.4993],[-0.0775,51.4993]]]]},"geometry_name":"the_geom","properties":{"IMAGEURL":"https://maps.nls.uk/view/101201658","WFS_TITLE":"London VII.87, Revised: 1893 - 1895, Published: 1896","IMAGE":"101201658"}},{"type":"Feature","id":"os_london_1056.385","geometry":{"type":"MultiPolygon","coordinates":[[[[-0.0636,51.4993],[-0.0636,51.5051],[-0.0497,51.5051],[-0.0497,51.4993],[-0.0636,51.4993]]]]},"geometry_name":"the_geom","properties":{"IMAGEURL":"https://maps.nls.uk/view/101201661","WFS_TITLE":"London VII.88, Revised: 1894, Published: 1896","IMAGE":"101201661"}},{"type":"Feature","id":"os_london_1056.386","geometry":{"type":"MultiPolygon","coordinates":[[[[-0.0497,51.4993],[-0.0497,51.5051],[-0.0358,51.5051],[-0.0358,51.4993],[-0.0497,51.4993]]]]},"geometry_name":"the_geom","properties":{"IMAGEURL":"https://maps.nls.uk/view/101201664","WFS_TITLE":"London VII.89, Revised: 1894, Published: 1895","IMAGE":"101201664"}},{"type":"Feature","id":"os_london_1056.387","geometry":{"type":"MultiPolygon","coordinates":[[[[-0.0358,51.4993],[-0.0358,51.5051],[-0.0219,51.5051],[-0.0219,51.4993],[-0.0358,51.4993]]]]},"geometry_name":"the_geom","properties":{"IMAGEURL":"https://maps.nls.uk/view/101201667","WFS_TITLE":"London VII.90, Revised: 1893 - 1895, Published: 1895","IMAGE":"101201667"}},{"type":"Feature","id":"os_london_1056.388","geometry":{"type":"MultiPolygon","coordinates":[[[[-0.0219,51.4993],[-0.0219,51.5051],[-0.008,51.5051],[-0.008,51.4993],[-0.0219,51.4993]]]]},"geometry_name":"the_geom","properties":{"IMAGEURL":"https://maps.nls.uk/view/101201823","WFS_TITLE":"London VIII.81, Revised: 1893, Published: 1895","IMAGE":"101201823"}},{"type":"Feature","id":"os_london_1056.389","geometry":{"type":"MultiPolygon","coordinates":[[[[-0.008,51.4993],[-0.008,51.5051],[0.0059,51.5051],[0.0059,51.4993],[-0.008,51.4993]]]]},"geometry_name":"the_geom","properties":{"IMAGEURL":"https://maps.nls.uk/view/101201826","WFS_TITLE":"London VIII.82, Revised: 1893, Published: 1895","IMAGE":"101201826"}},{"type":"Feature","id":"os_london_1056.390","geometry":{"type":"MultiPolygon","coordinates":[[[[0.0059,51.4993],[0.0059,51.5051],[0.0198,51.505],[0.0198,51.4993],[0.0059,51.4993]]]]},"geometry_name":"the_geom","properties":{"IMAGEURL":"https://maps.nls.uk/view/101201829","WFS_TITLE":"London VIII.83, Revised: 1893, Published: 1895","IMAGE":"101201829"}},{"type":"Feature","id":"os_london_1056.391","geometry":{"type":"MultiPolygon","coordinates":[[[[0.0198,51.4993],[0.0198,51.505],[0.0337,51.505],[0.0337,51.4992],[0.0198,51.4993]]]]},"geometry_name":"the_geom","properties":{"IMAGEURL":"https://maps.nls.uk/view/101201832","WFS_TITLE":"London VIII.84, Revised: 1893 - 1895, Published: 1895","IMAGE":"101201832"}},{"type":"Feature","id":"os_london_1056.392","geometry":{"type":"MultiPolygon","coordinates":[[[[0.0337,51.4992],[0.0337,51.505],[0.0476,51.505],[0.0476,51.4992],[0.0337,51.4992]]]]},"geometry_name":"the_geom","properties":{"IMAGEURL":"https://maps.nls.uk/view/101201835","WFS_TITLE":"London VIII.85, Revised: 1893, Published: 1895","IMAGE":"101201835"}},{"type":"Feature","id":"os_london_1056.393","geometry":{"type":"MultiPolygon","coordinates":[[[[0.0476,51.4992],[0.0476,51.505],[0.0615,51.505],[0.0615,51.4992],[0.0476,51.4992]]]]},"geometry_name":"the_geom","properties":{"IMAGEURL":"https://maps.nls.uk/view/101201838","WFS_TITLE":"London VIII.86, Revised: 1893, Published: 1895","IMAGE":"101201838"}},{"type":"Feature","id":"os_london_1056.394","geometry":{"type":"MultiPolygon","coordinates":[[[[0.0615,51.4992],[0.0615,51.505],[0.0755,51.505],[0.0754,51.4992],[0.0615,51.4992]]]]},"geometry_name":"the_geom","properties":{"IMAGEURL":"https://maps.nls.uk/view/101201841","WFS_TITLE":"London VIII.87, Revised: 1893, Published: 1895","IMAGE":"101201841"}},{"type":"Feature","id":"os_london_1056.395","geometry":{"type":"MultiPolygon","coordinates":[[[[0.0754,51.4992],[0.0755,51.505],[0.0894,51.505],[0.0893,51.4992],[0.0754,51.4992]]]]},"geometry_name":"the_geom","properties":{"IMAGEURL":"https://maps.nls.uk/view/101201844","WFS_TITLE":"London VIII.88, Revised: 1893, Published: 1896","IMAGE":"101201844"}},{"type":"Feature","id":"os_london_1056.396","geometry":{"type":"MultiPolygon","coordinates":[[[[-0.3417,51.5048],[-0.3418,51.5106],[-0.3279,51.5107],[-0.3278,51.5049],[-0.3417,51.5048]]]]},"geometry_name":"the_geom","properties":{"IMAGEURL":"https://maps.nls.uk/view/101201163","WFS_TITLE":"London V.78, Revised: 1891, Published: 1893","IMAGE":"101201163"}},{"type":"Feature","id":"os_london_1056.397","geometry":{"type":"MultiPolygon","coordinates":[[[[-0.3278,51.5049],[-0.3279,51.5107],[-0.314,51.5107],[-0.3139,51.5049],[-0.3278,51.5049]]]]},"geometry_name":"the_geom","properties":{"IMAGEURL":"https://maps.nls.uk/view/101201166","WFS_TITLE":"London V.79, Revised: 1891, Published: 1893","IMAGE":"101201166"}},{"type":"Feature","id":"os_london_1056.398","geometry":{"type":"MultiPolygon","coordinates":[[[[-0.3139,51.5049],[-0.314,51.5107],[-0.3,51.5107],[-0.3,51.5049],[-0.3139,51.5049]]]]},"geometry_name":"the_geom","properties":{"IMAGEURL":"https://maps.nls.uk/view/101201169","WFS_TITLE":"London V.80, Revised: 1891, Published: 1893","IMAGE":"101201169"}},{"type":"Feature","id":"os_london_1056.399","geometry":{"type":"MultiPolygon","coordinates":[[[[-0.3,51.5049],[-0.3,51.5107],[-0.2861,51.5107],[-0.2861,51.505],[-0.3,51.5049]]]]},"geometry_name":"the_geom","properties":{"IMAGEURL":"https://maps.nls.uk/view/101201310","WFS_TITLE":"London VI.71, Revised: 1891, Published: 1894","IMAGE":"101201310"}},{"type":"Feature","id":"os_london_1056.400","geometry":{"type":"MultiPolygon","coordinates":[[[[-0.2861,51.505],[-0.2861,51.5107],[-0.2722,51.5108],[-0.2722,51.505],[-0.2861,51.505]]]]},"geometry_name":"the_geom","properties":{"IMAGEURL":"https://maps.nls.uk/view/101201313","WFS_TITLE":"London VI.72, Revised: 1891 - 1895, Published: 1894","IMAGE":"101201313"}},{"type":"Feature","id":"os_london_1056.401","geometry":{"type":"MultiPolygon","coordinates":[[[[-0.2722,51.505],[-0.2722,51.5108],[-0.2583,51.5108],[-0.2583,51.505],[-0.2722,51.505]]]]},"geometry_name":"the_geom","properties":{"IMAGEURL":"https://maps.nls.uk/view/101201316","WFS_TITLE":"London VI.73, Revised: 1893, Published: 1894","IMAGE":"101201316"}},{"type":"Feature","id":"os_london_1056.402","geometry":{"type":"MultiPolygon","coordinates":[[[[-0.2583,51.505],[-0.2583,51.5108],[-0.2444,51.5108],[-0.2444,51.505],[-0.2583,51.505]]]]},"geometry_name":"the_geom","properties":{"IMAGEURL":"https://maps.nls.uk/view/101201319","WFS_TITLE":"London VI.74, Revised: 1893, Published: 1894","IMAGE":"101201319"}},{"type":"Feature","id":"os_london_1056.403","geometry":{"type":"MultiPolygon","coordinates":[[[[-0.2444,51.505],[-0.2444,51.5108],[-0.2305,51.5108],[-0.2305,51.505],[-0.2444,51.505]]]]},"geometry_name":"the_geom","properties":{"IMAGEURL":"https://maps.nls.uk/view/101201322","WFS_TITLE":"London VI.75, Revised: 1893, Published: 1894","IMAGE":"101201322"}},{"type":"Feature","id":"os_london_1056.404","geometry":{"type":"MultiPolygon","coordinates":[[[[-0.2305,51.505],[-0.2305,51.5108],[-0.2166,51.5108],[-0.2166,51.505],[-0.2305,51.505]]]]},"geometry_name":"the_geom","properties":{"IMAGEURL":"https://maps.nls.uk/view/101201325","WFS_TITLE":"London VI.76, Revised: 1893, Published: 1895","IMAGE":"101201325"}},{"type":"Feature","id":"os_london_1056.405","geometry":{"type":"MultiPolygon","coordinates":[[[[-0.2166,51.505],[-0.2166,51.5108],[-0.2027,51.5108],[-0.2027,51.5051],[-0.2166,51.505]]]]},"geometry_name":"the_geom","properties":{"IMAGEURL":"https://maps.nls.uk/view/101201328","WFS_TITLE":"London VI.77, Revised: 1893, Published: 1895","IMAGE":"101201328"}},{"type":"Feature","id":"os_london_1056.406","geometry":{"type":"MultiPolygon","coordinates":[[[[-0.2027,51.5051],[-0.2027,51.5108],[-0.1888,51.5109],[-0.1888,51.5051],[-0.2027,51.5051]]]]},"geometry_name":"the_geom","properties":{"IMAGEURL":"https://maps.nls.uk/view/101201331","WFS_TITLE":"London VI.78, Revised: 1893, Published: 1895","IMAGE":"101201331"}},{"type":"Feature","id":"os_london_1056.407","geometry":{"type":"MultiPolygon","coordinates":[[[[-0.1888,51.5051],[-0.1888,51.5109],[-0.1749,51.5109],[-0.1749,51.5051],[-0.1888,51.5051]]]]},"geometry_name":"the_geom","properties":{"IMAGEURL":"https://maps.nls.uk/view/101201334","WFS_TITLE":"London VI.79, Revised: 1893, Published: 1895","IMAGE":"101201334"}},{"type":"Feature","id":"os_london_1056.408","geometry":{"type":"MultiPolygon","coordinates":[[[[-0.1749,51.5051],[-0.1749,51.5109],[-0.161,51.5109],[-0.161,51.5051],[-0.1749,51.5051]]]]},"geometry_name":"the_geom","properties":{"IMAGEURL":"https://maps.nls.uk/view/101201337","WFS_TITLE":"London VI.80, Revised: 1893, Published: 1895","IMAGE":"101201337"}},{"type":"Feature","id":"os_london_1056.409","geometry":{"type":"MultiPolygon","coordinates":[[[[-0.161,51.5051],[-0.161,51.5109],[-0.1471,51.5109],[-0.147,51.5051],[-0.161,51.5051]]]]},"geometry_name":"the_geom","properties":{"IMAGEURL":"https://maps.nls.uk/view/101201610","WFS_TITLE":"London VII.71, Revised: 1894, Published: 1895","IMAGE":"101201610"}},{"type":"Feature","id":"os_london_1056.410","geometry":{"type":"MultiPolygon","coordinates":[[[[-0.147,51.5051],[-0.1471,51.5109],[-0.1331,51.5109],[-0.1331,51.5051],[-0.147,51.5051]]]]},"geometry_name":"the_geom","properties":{"IMAGEURL":"https://maps.nls.uk/view/101201613","WFS_TITLE":"London VII.72, Revised: 1894, Published: 1895","IMAGE":"101201613"}},{"type":"Feature","id":"os_london_1056.411","geometry":{"type":"MultiPolygon","coordinates":[[[[-0.1331,51.5051],[-0.1331,51.5109],[-0.1192,51.5109],[-0.1192,51.5051],[-0.1331,51.5051]]]]},"geometry_name":"the_geom","properties":{"IMAGEURL":"https://maps.nls.uk/view/101201616","WFS_TITLE":"London VII.73, Revised: 1894, Published: 1895","IMAGE":"101201616"}},{"type":"Feature","id":"os_london_1056.412","geometry":{"type":"MultiPolygon","coordinates":[[[[-0.1192,51.5051],[-0.1192,51.5109],[-0.1053,51.5109],[-0.1053,51.5051],[-0.1192,51.5051]]]]},"geometry_name":"the_geom","properties":{"IMAGEURL":"https://maps.nls.uk/view/101201619","WFS_TITLE":"London VII.74, Revised: 1894, Published: 1896","IMAGE":"101201619"}},{"type":"Feature","id":"os_london_1056.413","geometry":{"type":"MultiPolygon","coordinates":[[[[-0.1053,51.5051],[-0.1053,51.5109],[-0.0914,51.5109],[-0.0914,51.5051],[-0.1053,51.5051]]]]},"geometry_name":"the_geom","properties":{"IMAGEURL":"https://maps.nls.uk/view/101201622","WFS_TITLE":"London VII.75, Revised: 1893 - 1895, Published: 1896","IMAGE":"101201622"}},{"type":"Feature","id":"os_london_1056.414","geometry":{"type":"MultiPolygon","coordinates":[[[[-0.0914,51.5051],[-0.0914,51.5109],[-0.0775,51.5109],[-0.0775,51.5051],[-0.0914,51.5051]]]]},"geometry_name":"the_geom","properties":{"IMAGEURL":"https://maps.nls.uk/view/101201625","WFS_TITLE":"London VII.76, Revised: 1893 - 1895, Published: 1896","IMAGE":"101201625"}},{"type":"Feature","id":"os_london_1056.415","geometry":{"type":"MultiPolygon","coordinates":[[[[-0.0775,51.5051],[-0.0775,51.5109],[-0.0636,51.5109],[-0.0636,51.5051],[-0.0775,51.5051]]]]},"geometry_name":"the_geom","properties":{"IMAGEURL":"https://maps.nls.uk/view/101201628","WFS_TITLE":"London VII.77, Revised: 1894, Published: 1896","IMAGE":"101201628"}},{"type":"Feature","id":"os_london_1056.416","geometry":{"type":"MultiPolygon","coordinates":[[[[-0.0636,51.5051],[-0.0636,51.5109],[-0.0497,51.5109],[-0.0497,51.5051],[-0.0636,51.5051]]]]},"geometry_name":"the_geom","properties":{"IMAGEURL":"https://maps.nls.uk/view/101201631","WFS_TITLE":"London VII.78, Revised: 1894, Published: 1896","IMAGE":"101201631"}},{"type":"Feature","id":"os_london_1056.417","geometry":{"type":"MultiPolygon","coordinates":[[[[-0.0497,51.5051],[-0.0497,51.5109],[-0.0358,51.5109],[-0.0358,51.5051],[-0.0497,51.5051]]]]},"geometry_name":"the_geom","properties":{"IMAGEURL":"https://maps.nls.uk/view/101201634","WFS_TITLE":"London VII.79, Revised: 1894, Published: 1896","IMAGE":"101201634"}},{"type":"Feature","id":"os_london_1056.418","geometry":{"type":"MultiPolygon","coordinates":[[[[-0.0358,51.5051],[-0.0358,51.5109],[-0.0219,51.5109],[-0.0219,51.5051],[-0.0358,51.5051]]]]},"geometry_name":"the_geom","properties":{"IMAGEURL":"https://maps.nls.uk/view/101201637","WFS_TITLE":"London VII.80, Revised: 1894, Published: 1895","IMAGE":"101201637"}},{"type":"Feature","id":"os_london_1056.419","geometry":{"type":"MultiPolygon","coordinates":[[[[-0.0219,51.5051],[-0.0219,51.5109],[-0.008,51.5109],[-0.008,51.5051],[-0.0219,51.5051]]]]},"geometry_name":"the_geom","properties":{"IMAGEURL":"https://maps.nls.uk/view/101201799","WFS_TITLE":"London VIII.71, Revised: 1893, Published: 1895","IMAGE":"101201799"}},{"type":"Feature","id":"os_london_1056.420","geometry":{"type":"MultiPolygon","coordinates":[[[[-0.008,51.5051],[-0.008,51.5109],[0.0059,51.5108],[0.0059,51.5051],[-0.008,51.5051]]]]},"geometry_name":"the_geom","properties":{"IMAGEURL":"https://maps.nls.uk/view/101201802","WFS_TITLE":"London VIII.72, Revised: 1893, Published: 1895","IMAGE":"101201802"}},{"type":"Feature","id":"os_london_1056.421","geometry":{"type":"MultiPolygon","coordinates":[[[[0.0059,51.5051],[0.0059,51.5108],[0.0198,51.5108],[0.0198,51.505],[0.0059,51.5051]]]]},"geometry_name":"the_geom","properties":{"IMAGEURL":"https://maps.nls.uk/view/101201805","WFS_TITLE":"London VIII.73, Revised: 1893, Published: 1895","IMAGE":"101201805"}},{"type":"Feature","id":"os_london_1056.422","geometry":{"type":"MultiPolygon","coordinates":[[[[0.0198,51.505],[0.0198,51.5108],[0.0338,51.5108],[0.0337,51.505],[0.0198,51.505]]]]},"geometry_name":"the_geom","properties":{"IMAGEURL":"https://maps.nls.uk/view/101201808","WFS_TITLE":"London VIII.74, Revised: 1893, Published: 1895","IMAGE":"101201808"}},{"type":"Feature","id":"os_london_1056.423","geometry":{"type":"MultiPolygon","coordinates":[[[[0.0337,51.505],[0.0338,51.5108],[0.0477,51.5108],[0.0476,51.505],[0.0337,51.505]]]]},"geometry_name":"the_geom","properties":{"IMAGEURL":"https://maps.nls.uk/view/101201811","WFS_TITLE":"London VIII.75, Revised: 1893, Published: 1895","IMAGE":"101201811"}},{"type":"Feature","id":"os_london_1056.424","geometry":{"type":"MultiPolygon","coordinates":[[[[0.0476,51.505],[0.0477,51.5108],[0.0616,51.5108],[0.0615,51.505],[0.0476,51.505]]]]},"geometry_name":"the_geom","properties":{"IMAGEURL":"https://maps.nls.uk/view/101201814","WFS_TITLE":"London VIII.76, Revised: 1893, Published: 1895","IMAGE":"101201814"}},{"type":"Feature","id":"os_london_1056.425","geometry":{"type":"MultiPolygon","coordinates":[[[[0.0615,51.505],[0.0616,51.5108],[0.0755,51.5108],[0.0755,51.505],[0.0615,51.505]]]]},"geometry_name":"the_geom","properties":{"IMAGEURL":"https://maps.nls.uk/view/101201817","WFS_TITLE":"London VIII.77, Revised: 1893, Published: 1895","IMAGE":"101201817"}},{"type":"Feature","id":"os_london_1056.426","geometry":{"type":"MultiPolygon","coordinates":[[[[0.0755,51.505],[0.0755,51.5108],[0.0894,51.5107],[0.0894,51.505],[0.0755,51.505]]]]},"geometry_name":"the_geom","properties":{"IMAGEURL":"https://maps.nls.uk/view/101201820","WFS_TITLE":"London VIII.78, Revised: 1893 - 1895, Published: 1895","IMAGE":"101201820"}},{"type":"Feature","id":"os_london_1056.427","geometry":{"type":"MultiPolygon","coordinates":[[[[-0.3418,51.5106],[-0.3418,51.5164],[-0.3279,51.5164],[-0.3279,51.5107],[-0.3418,51.5106]]]]},"geometry_name":"the_geom","properties":{"IMAGEURL":"https://maps.nls.uk/view/101201154","WFS_TITLE":"London V.68, Revised: 1891, Published: 1893","IMAGE":"101201154"}},{"type":"Feature","id":"os_london_1056.428","geometry":{"type":"MultiPolygon","coordinates":[[[[-0.3279,51.5107],[-0.3279,51.5164],[-0.314,51.5165],[-0.314,51.5107],[-0.3279,51.5107]]]]},"geometry_name":"the_geom","properties":{"IMAGEURL":"https://maps.nls.uk/view/101201157","WFS_TITLE":"London V.69, Revised: 1891, Published: 1893","IMAGE":"101201157"}},{"type":"Feature","id":"os_london_1056.429","geometry":{"type":"MultiPolygon","coordinates":[[[[-0.314,51.5107],[-0.314,51.5165],[-0.3001,51.5165],[-0.3,51.5107],[-0.314,51.5107]]]]},"geometry_name":"the_geom","properties":{"IMAGEURL":"https://maps.nls.uk/view/101201160","WFS_TITLE":"London V.70, Revised: 1891, Published: 1893","IMAGE":"101201160"}},{"type":"Feature","id":"os_london_1056.430","geometry":{"type":"MultiPolygon","coordinates":[[[[-0.3,51.5107],[-0.3001,51.5165],[-0.2862,51.5165],[-0.2861,51.5107],[-0.3,51.5107]]]]},"geometry_name":"the_geom","properties":{"IMAGEURL":"https://maps.nls.uk/view/101201292","WFS_TITLE":"London VI.61, Revised: 1891, Published: 1894","IMAGE":"101201292"}},{"type":"Feature","id":"os_london_1056.431","geometry":{"type":"MultiPolygon","coordinates":[[[[-0.2305,51.5108],[-0.2305,51.5166],[-0.2166,51.5166],[-0.2166,51.5108],[-0.2305,51.5108]]]]},"geometry_name":"the_geom","properties":{"IMAGEURL":"https://maps.nls.uk/view/101201295","WFS_TITLE":"London VI.66, Revised: 1893, Published: 1895","IMAGE":"101201295"}},{"type":"Feature","id":"os_london_1056.432","geometry":{"type":"MultiPolygon","coordinates":[[[[-0.2166,51.5108],[-0.2166,51.5166],[-0.2027,51.5166],[-0.2027,51.5108],[-0.2166,51.5108]]]]},"geometry_name":"the_geom","properties":{"IMAGEURL":"https://maps.nls.uk/view/101201298","WFS_TITLE":"London VI.67, Revised: 1893, Published: 1895","IMAGE":"101201298"}},{"type":"Feature","id":"os_london_1056.433","geometry":{"type":"MultiPolygon","coordinates":[[[[-0.2027,51.5108],[-0.2027,51.5166],[-0.1888,51.5166],[-0.1888,51.5109],[-0.2027,51.5108]]]]},"geometry_name":"the_geom","properties":{"IMAGEURL":"https://maps.nls.uk/view/101201301","WFS_TITLE":"London VI.68, Revised: 1893, Published: 1895","IMAGE":"101201301"}},{"type":"Feature","id":"os_london_1056.434","geometry":{"type":"MultiPolygon","coordinates":[[[[-0.1888,51.5109],[-0.1888,51.5166],[-0.1749,51.5167],[-0.1749,51.5109],[-0.1888,51.5109]]]]},"geometry_name":"the_geom","properties":{"IMAGEURL":"https://maps.nls.uk/view/101201304","WFS_TITLE":"London VI.69, Revised: 1893, Published: 1896","IMAGE":"101201304"}},{"type":"Feature","id":"os_london_1056.435","geometry":{"type":"MultiPolygon","coordinates":[[[[-0.1749,51.5109],[-0.1749,51.5167],[-0.161,51.5167],[-0.161,51.5109],[-0.1749,51.5109]]]]},"geometry_name":"the_geom","properties":{"IMAGEURL":"https://maps.nls.uk/view/101201307","WFS_TITLE":"London VI.70, Revised: 1893, Published: 1895","IMAGE":"101201307"}},{"type":"Feature","id":"os_london_1056.436","geometry":{"type":"MultiPolygon","coordinates":[[[[-0.161,51.5109],[-0.161,51.5167],[-0.1471,51.5167],[-0.1471,51.5109],[-0.161,51.5109]]]]},"geometry_name":"the_geom","properties":{"IMAGEURL":"https://maps.nls.uk/view/101201580","WFS_TITLE":"London VII.61, Revised: 1893 - 1895, Published: 1895","IMAGE":"101201580"}},{"type":"Feature","id":"os_london_1056.437","geometry":{"type":"MultiPolygon","coordinates":[[[[-0.1471,51.5109],[-0.1471,51.5167],[-0.1331,51.5167],[-0.1331,51.5109],[-0.1471,51.5109]]]]},"geometry_name":"the_geom","properties":{"IMAGEURL":"https://maps.nls.uk/view/101201583","WFS_TITLE":"London VII.62, Revised: 1894, Published: 1895","IMAGE":"101201583"}},{"type":"Feature","id":"os_london_1056.438","geometry":{"type":"MultiPolygon","coordinates":[[[[-0.1331,51.5109],[-0.1331,51.5167],[-0.1192,51.5167],[-0.1192,51.5109],[-0.1331,51.5109]]]]},"geometry_name":"the_geom","properties":{"IMAGEURL":"https://maps.nls.uk/view/101201586","WFS_TITLE":"London VII.63, Revised: 1894, Published: 1895","IMAGE":"101201586"}},{"type":"Feature","id":"os_london_1056.439","geometry":{"type":"MultiPolygon","coordinates":[[[[-0.1192,51.5109],[-0.1192,51.5167],[-0.1053,51.5167],[-0.1053,51.5109],[-0.1192,51.5109]]]]},"geometry_name":"the_geom","properties":{"IMAGEURL":"https://maps.nls.uk/view/101201589","WFS_TITLE":"London VII.64, Revised: 1894, Published: 1896","IMAGE":"101201589"}},{"type":"Feature","id":"os_london_1056.440","geometry":{"type":"MultiPolygon","coordinates":[[[[-0.1053,51.5109],[-0.1053,51.5167],[-0.0914,51.5167],[-0.0914,51.5109],[-0.1053,51.5109]]]]},"geometry_name":"the_geom","properties":{"IMAGEURL":"https://maps.nls.uk/view/101201592","WFS_TITLE":"London VII.65, Revised: 1894 - 1895, Published: 1896","IMAGE":"101201592"}},{"type":"Feature","id":"os_london_1056.441","geometry":{"type":"MultiPolygon","coordinates":[[[[-0.0914,51.5109],[-0.0914,51.5167],[-0.0775,51.5167],[-0.0775,51.5109],[-0.0914,51.5109]]]]},"geometry_name":"the_geom","properties":{"IMAGEURL":"https://maps.nls.uk/view/101201595","WFS_TITLE":"London VII.66, Revised: 1894, Published: 1896","IMAGE":"101201595"}},{"type":"Feature","id":"os_london_1056.442","geometry":{"type":"MultiPolygon","coordinates":[[[[-0.0775,51.5109],[-0.0775,51.5167],[-0.0636,51.5167],[-0.0636,51.5109],[-0.0775,51.5109]]]]},"geometry_name":"the_geom","properties":{"IMAGEURL":"https://maps.nls.uk/view/101201598","WFS_TITLE":"London VII.67, Revised: 1894, Published: 1896","IMAGE":"101201598"}},{"type":"Feature","id":"os_london_1056.443","geometry":{"type":"MultiPolygon","coordinates":[[[[-0.0636,51.5109],[-0.0636,51.5167],[-0.0497,51.5167],[-0.0497,51.5109],[-0.0636,51.5109]]]]},"geometry_name":"the_geom","properties":{"IMAGEURL":"https://maps.nls.uk/view/101201601","WFS_TITLE":"London VII.68, Revised: 1894, Published: 1896","IMAGE":"101201601"}},{"type":"Feature","id":"os_london_1056.444","geometry":{"type":"MultiPolygon","coordinates":[[[[-0.0497,51.5109],[-0.0497,51.5167],[-0.0358,51.5167],[-0.0358,51.5109],[-0.0497,51.5109]]]]},"geometry_name":"the_geom","properties":{"IMAGEURL":"https://maps.nls.uk/view/101201604","WFS_TITLE":"London VII.69, Revised: 1894, Published: 1895","IMAGE":"101201604"}},{"type":"Feature","id":"os_london_1056.445","geometry":{"type":"MultiPolygon","coordinates":[[[[-0.0358,51.5109],[-0.0358,51.5167],[-0.0219,51.5167],[-0.0219,51.5109],[-0.0358,51.5109]]]]},"geometry_name":"the_geom","properties":{"IMAGEURL":"https://maps.nls.uk/view/101201607","WFS_TITLE":"London VII.70, Revised: 1893 - 1895, Published: 1895","IMAGE":"101201607"}},{"type":"Feature","id":"os_london_1056.446","geometry":{"type":"MultiPolygon","coordinates":[[[[-0.0219,51.5109],[-0.0219,51.5167],[-0.008,51.5166],[-0.008,51.5109],[-0.0219,51.5109]]]]},"geometry_name":"the_geom","properties":{"IMAGEURL":"https://maps.nls.uk/view/101201784","WFS_TITLE":"London VIII.61, Revised: 1893, Published: 1895","IMAGE":"101201784"}},{"type":"Feature","id":"os_london_1056.447","geometry":{"type":"MultiPolygon","coordinates":[[[[-0.008,51.5109],[-0.008,51.5166],[0.006,51.5166],[0.0059,51.5108],[-0.008,51.5109]]]]},"geometry_name":"the_geom","properties":{"IMAGEURL":"https://maps.nls.uk/view/101201787","WFS_TITLE":"London VIII.62, Revised: 1893, Published: 1895","IMAGE":"101201787"}},{"type":"Feature","id":"os_london_1056.448","geometry":{"type":"MultiPolygon","coordinates":[[[[0.0059,51.5108],[0.006,51.5166],[0.0199,51.5166],[0.0198,51.5108],[0.0059,51.5108]]]]},"geometry_name":"the_geom","properties":{"IMAGEURL":"https://maps.nls.uk/view/101201790","WFS_TITLE":"London VIII.63, Revised: 1893, Published: 1895","IMAGE":"101201790"}},{"type":"Feature","id":"os_london_1056.449","geometry":{"type":"MultiPolygon","coordinates":[[[[0.0198,51.5108],[0.0199,51.5166],[0.0338,51.5166],[0.0338,51.5108],[0.0198,51.5108]]]]},"geometry_name":"the_geom","properties":{"IMAGEURL":"https://maps.nls.uk/view/101201793","WFS_TITLE":"London VIII.64, Revised: 1893, Published: 1895","IMAGE":"101201793"}},{"type":"Feature","id":"os_london_1056.450","geometry":{"type":"MultiPolygon","coordinates":[[[[0.0338,51.5108],[0.0338,51.5166],[0.0477,51.5166],[0.0477,51.5108],[0.0338,51.5108]]]]},"geometry_name":"the_geom","properties":{"IMAGEURL":"https://maps.nls.uk/view/101201796","WFS_TITLE":"London VIII.65, Revised: 1893, Published: 1895","IMAGE":"101201796"}},{"type":"Feature","id":"os_london_1056.451","geometry":{"type":"MultiPolygon","coordinates":[[[[-0.3279,51.5164],[-0.3279,51.5222],[-0.314,51.5223],[-0.314,51.5165],[-0.3279,51.5164]]]]},"geometry_name":"the_geom","properties":{"IMAGEURL":"https://maps.nls.uk/view/101201148","WFS_TITLE":"London V.59, Revised: 1891, Published: 1893","IMAGE":"101201148"}},{"type":"Feature","id":"os_london_1056.452","geometry":{"type":"MultiPolygon","coordinates":[[[[-0.314,51.5165],[-0.314,51.5223],[-0.3001,51.5223],[-0.3001,51.5165],[-0.314,51.5165]]]]},"geometry_name":"the_geom","properties":{"IMAGEURL":"https://maps.nls.uk/view/101201151","WFS_TITLE":"London V.60, Revised: 1891, Published: 1893","IMAGE":"101201151"}},{"type":"Feature","id":"os_london_1056.453","geometry":{"type":"MultiPolygon","coordinates":[[[[-0.3001,51.5165],[-0.3001,51.5223],[-0.2862,51.5223],[-0.2862,51.5165],[-0.3001,51.5165]]]]},"geometry_name":"the_geom","properties":{"IMAGEURL":"https://maps.nls.uk/view/101201274","WFS_TITLE":"London VI.51, Revised: 1891, Published: 1895","IMAGE":"101201274"}},{"type":"Feature","id":"os_london_1056.454","geometry":{"type":"MultiPolygon","coordinates":[[[[-0.2305,51.5166],[-0.2305,51.5224],[-0.2166,51.5224],[-0.2166,51.5166],[-0.2305,51.5166]]]]},"geometry_name":"the_geom","properties":{"IMAGEURL":"https://maps.nls.uk/view/101201277","WFS_TITLE":"London VI.56, Revised: 1893, Published: 1895","IMAGE":"101201277"}},{"type":"Feature","id":"os_london_1056.455","geometry":{"type":"MultiPolygon","coordinates":[[[[-0.2166,51.5166],[-0.2166,51.5224],[-0.2027,51.5224],[-0.2027,51.5166],[-0.2166,51.5166]]]]},"geometry_name":"the_geom","properties":{"IMAGEURL":"https://maps.nls.uk/view/101201280","WFS_TITLE":"London VI.57, Revised: 1893, Published: 1895","IMAGE":"101201280"}},{"type":"Feature","id":"os_london_1056.456","geometry":{"type":"MultiPolygon","coordinates":[[[[-0.2027,51.5166],[-0.2027,51.5224],[-0.1888,51.5224],[-0.1888,51.5166],[-0.2027,51.5166]]]]},"geometry_name":"the_geom","properties":{"IMAGEURL":"https://maps.nls.uk/view/101201283","WFS_TITLE":"London VI.58, Revised: 1893, Published: 1895","IMAGE":"101201283"}},{"type":"Feature","id":"os_london_1056.457","geometry":{"type":"MultiPolygon","coordinates":[[[[-0.1888,51.5166],[-0.1888,51.5224],[-0.1749,51.5224],[-0.1749,51.5167],[-0.1888,51.5166]]]]},"geometry_name":"the_geom","properties":{"IMAGEURL":"https://maps.nls.uk/view/101201286","WFS_TITLE":"London VI.59, Revised: 1893, Published: 1895","IMAGE":"101201286"}},{"type":"Feature","id":"os_london_1056.458","geometry":{"type":"MultiPolygon","coordinates":[[[[-0.1749,51.5167],[-0.1749,51.5224],[-0.161,51.5224],[-0.161,51.5167],[-0.1749,51.5167]]]]},"geometry_name":"the_geom","properties":{"IMAGEURL":"https://maps.nls.uk/view/101201289","WFS_TITLE":"London VI.60, Revised: 1893, Published: 1895","IMAGE":"101201289"}},{"type":"Feature","id":"os_london_1056.459","geometry":{"type":"MultiPolygon","coordinates":[[[[-0.161,51.5167],[-0.161,51.5224],[-0.1471,51.5225],[-0.1471,51.5167],[-0.161,51.5167]]]]},"geometry_name":"the_geom","properties":{"IMAGEURL":"https://maps.nls.uk/view/101201550","WFS_TITLE":"London VII.51, Revised: 1893 - 1895, Published: 1895","IMAGE":"101201550"}},{"type":"Feature","id":"os_london_1056.460","geometry":{"type":"MultiPolygon","coordinates":[[[[-0.1471,51.5167],[-0.1471,51.5225],[-0.1332,51.5225],[-0.1331,51.5167],[-0.1471,51.5167]]]]},"geometry_name":"the_geom","properties":{"IMAGEURL":"https://maps.nls.uk/view/101201553","WFS_TITLE":"London VII.52, Revised: 1894, Published: 1895","IMAGE":"101201553"}},{"type":"Feature","id":"os_london_1056.461","geometry":{"type":"MultiPolygon","coordinates":[[[[-0.1331,51.5167],[-0.1332,51.5225],[-0.1192,51.5225],[-0.1192,51.5167],[-0.1331,51.5167]]]]},"geometry_name":"the_geom","properties":{"IMAGEURL":"https://maps.nls.uk/view/101201556","WFS_TITLE":"London VII.53, Revised: 1894, Published: 1895","IMAGE":"101201556"}},{"type":"Feature","id":"os_london_1056.462","geometry":{"type":"MultiPolygon","coordinates":[[[[-0.1192,51.5167],[-0.1192,51.5225],[-0.1053,51.5225],[-0.1053,51.5167],[-0.1192,51.5167]]]]},"geometry_name":"the_geom","properties":{"IMAGEURL":"https://maps.nls.uk/view/101201559","WFS_TITLE":"London VII.54, Revised: 1894, Published: 1896","IMAGE":"101201559"}},{"type":"Feature","id":"os_london_1056.463","geometry":{"type":"MultiPolygon","coordinates":[[[[-0.1053,51.5167],[-0.1053,51.5225],[-0.0914,51.5225],[-0.0914,51.5167],[-0.1053,51.5167]]]]},"geometry_name":"the_geom","properties":{"IMAGEURL":"https://maps.nls.uk/view/101201562","WFS_TITLE":"London VII.55, Revised: 1894, Published: 1896","IMAGE":"101201562"}},{"type":"Feature","id":"os_london_1056.464","geometry":{"type":"MultiPolygon","coordinates":[[[[-0.0914,51.5167],[-0.0914,51.5225],[-0.0775,51.5225],[-0.0775,51.5167],[-0.0914,51.5167]]]]},"geometry_name":"the_geom","properties":{"IMAGEURL":"https://maps.nls.uk/view/101201565","WFS_TITLE":"London VII.56, Revised: 1894, Published: 1896","IMAGE":"101201565"}},{"type":"Feature","id":"os_london_1056.465","geometry":{"type":"MultiPolygon","coordinates":[[[[-0.0775,51.5167],[-0.0775,51.5225],[-0.0636,51.5225],[-0.0636,51.5167],[-0.0775,51.5167]]]]},"geometry_name":"the_geom","properties":{"IMAGEURL":"https://maps.nls.uk/view/101201568","WFS_TITLE":"London VII.57, Revised: 1894, Published: 1896","IMAGE":"101201568"}},{"type":"Feature","id":"os_london_1056.466","geometry":{"type":"MultiPolygon","coordinates":[[[[-0.0636,51.5167],[-0.0636,51.5225],[-0.0497,51.5225],[-0.0497,51.5167],[-0.0636,51.5167]]]]},"geometry_name":"the_geom","properties":{"IMAGEURL":"https://maps.nls.uk/view/101201571","WFS_TITLE":"London VII.58, Revised: 1894, Published: 1896","IMAGE":"101201571"}},{"type":"Feature","id":"os_london_1056.467","geometry":{"type":"MultiPolygon","coordinates":[[[[-0.0497,51.5167],[-0.0497,51.5225],[-0.0358,51.5224],[-0.0358,51.5167],[-0.0497,51.5167]]]]},"geometry_name":"the_geom","properties":{"IMAGEURL":"https://maps.nls.uk/view/101201574","WFS_TITLE":"London VII.59, Revised: 1894, Published: 1894 to 1896","IMAGE":"101201574"}},{"type":"Feature","id":"os_london_1056.468","geometry":{"type":"MultiPolygon","coordinates":[[[[-0.0358,51.5167],[-0.0358,51.5224],[-0.0219,51.5224],[-0.0219,51.5167],[-0.0358,51.5167]]]]},"geometry_name":"the_geom","properties":{"IMAGEURL":"https://maps.nls.uk/view/101201577","WFS_TITLE":"London VII.60, Revised: 1894, Published: 1896","IMAGE":"101201577"}},{"type":"Feature","id":"os_london_1056.469","geometry":{"type":"MultiPolygon","coordinates":[[[[-0.0219,51.5167],[-0.0219,51.5224],[-0.0079,51.5224],[-0.008,51.5166],[-0.0219,51.5167]]]]},"geometry_name":"the_geom","properties":{"IMAGEURL":"https://maps.nls.uk/view/101201772","WFS_TITLE":"London VIII.51, Revised: 1893 - 1895, Published: 1895","IMAGE":"101201772"}},{"type":"Feature","id":"os_london_1056.470","geometry":{"type":"MultiPolygon","coordinates":[[[[-0.008,51.5166],[-0.0079,51.5224],[0.006,51.5224],[0.006,51.5166],[-0.008,51.5166]]]]},"geometry_name":"the_geom","properties":{"IMAGEURL":"https://maps.nls.uk/view/101201775","WFS_TITLE":"London VIII.52, Revised: 1893, Published: 1895","IMAGE":"101201775"}},{"type":"Feature","id":"os_london_1056.471","geometry":{"type":"MultiPolygon","coordinates":[[[[0.006,51.5166],[0.006,51.5224],[0.0199,51.5224],[0.0199,51.5166],[0.006,51.5166]]]]},"geometry_name":"the_geom","properties":{"IMAGEURL":"https://maps.nls.uk/view/101201778","WFS_TITLE":"London VIII.53, Revised: 1893, Published: 1894","IMAGE":"101201778"}},{"type":"Feature","id":"os_london_1056.472","geometry":{"type":"MultiPolygon","coordinates":[[[[0.0199,51.5166],[0.0199,51.5224],[0.0338,51.5224],[0.0338,51.5166],[0.0199,51.5166]]]]},"geometry_name":"the_geom","properties":{"IMAGEURL":"https://maps.nls.uk/view/101201781","WFS_TITLE":"London VIII.54, Revised: ca. 1893 - 1894, Published: 1895","IMAGE":"101201781"}},{"type":"Feature","id":"os_london_1056.473","geometry":{"type":"MultiPolygon","coordinates":[[[[-0.3279,51.5222],[-0.328,51.528],[-0.314,51.528],[-0.314,51.5223],[-0.3279,51.5222]]]]},"geometry_name":"the_geom","properties":{"IMAGEURL":"https://maps.nls.uk/view/101201142","WFS_TITLE":"London V.49, Revised: 1891, Published: 1893","IMAGE":"101201142"}},{"type":"Feature","id":"os_london_1056.474","geometry":{"type":"MultiPolygon","coordinates":[[[[-0.314,51.5223],[-0.314,51.528],[-0.3001,51.5281],[-0.3001,51.5223],[-0.314,51.5223]]]]},"geometry_name":"the_geom","properties":{"IMAGEURL":"https://maps.nls.uk/view/101201145","WFS_TITLE":"London V.50, Revised: 1891, Published: 1894","IMAGE":"101201145"}},{"type":"Feature","id":"os_london_1056.475","geometry":{"type":"MultiPolygon","coordinates":[[[[-0.2305,51.5224],[-0.2306,51.5282],[-0.2166,51.5282],[-0.2166,51.5224],[-0.2305,51.5224]]]]},"geometry_name":"the_geom","properties":{"IMAGEURL":"https://maps.nls.uk/view/101201259","WFS_TITLE":"London VI.46, Revised: 1893, Published: 1894","IMAGE":"101201259"}},{"type":"Feature","id":"os_london_1056.476","geometry":{"type":"MultiPolygon","coordinates":[[[[-0.2166,51.5224],[-0.2166,51.5282],[-0.2027,51.5282],[-0.2027,51.5224],[-0.2166,51.5224]]]]},"geometry_name":"the_geom","properties":{"IMAGEURL":"https://maps.nls.uk/view/101201262","WFS_TITLE":"London VI.47, Revised: 1893, Published: 1895","IMAGE":"101201262"}},{"type":"Feature","id":"os_london_1056.477","geometry":{"type":"MultiPolygon","coordinates":[[[[-0.2027,51.5224],[-0.2027,51.5282],[-0.1888,51.5282],[-0.1888,51.5224],[-0.2027,51.5224]]]]},"geometry_name":"the_geom","properties":{"IMAGEURL":"https://maps.nls.uk/view/101201265","WFS_TITLE":"London VI.48, Revised: 1893, Published: 1894","IMAGE":"101201265"}},{"type":"Feature","id":"os_london_1056.478","geometry":{"type":"MultiPolygon","coordinates":[[[[-0.1888,51.5224],[-0.1888,51.5282],[-0.1749,51.5282],[-0.1749,51.5224],[-0.1888,51.5224]]]]},"geometry_name":"the_geom","properties":{"IMAGEURL":"https://maps.nls.uk/view/101201268","WFS_TITLE":"London VI.49, Revised: 1893, Published: 1894","IMAGE":"101201268"}},{"type":"Feature","id":"os_london_1056.479","geometry":{"type":"MultiPolygon","coordinates":[[[[-0.1749,51.5224],[-0.1749,51.5282],[-0.161,51.5282],[-0.161,51.5224],[-0.1749,51.5224]]]]},"geometry_name":"the_geom","properties":{"IMAGEURL":"https://maps.nls.uk/view/101201271","WFS_TITLE":"London VI.50, Revised: 1893, Published: 1895","IMAGE":"101201271"}},{"type":"Feature","id":"os_london_1056.480","geometry":{"type":"MultiPolygon","coordinates":[[[[-0.161,51.5224],[-0.161,51.5282],[-0.1471,51.5282],[-0.1471,51.5225],[-0.161,51.5224]]]]},"geometry_name":"the_geom","properties":{"IMAGEURL":"https://maps.nls.uk/view/101201520","WFS_TITLE":"London VII.41, Revised: 1893 - 1895, Published: 1895","IMAGE":"101201520"}},{"type":"Feature","id":"os_london_1056.481","geometry":{"type":"MultiPolygon","coordinates":[[[[-0.1471,51.5225],[-0.1471,51.5282],[-0.1332,51.5282],[-0.1332,51.5225],[-0.1471,51.5225]]]]},"geometry_name":"the_geom","properties":{"IMAGEURL":"https://maps.nls.uk/view/101201523","WFS_TITLE":"London VII.42, Revised: 1893 - 1895, Published: 1895","IMAGE":"101201523"}},{"type":"Feature","id":"os_london_1056.482","geometry":{"type":"MultiPolygon","coordinates":[[[[-0.1332,51.5225],[-0.1332,51.5282],[-0.1192,51.5282],[-0.1192,51.5225],[-0.1332,51.5225]]]]},"geometry_name":"the_geom","properties":{"IMAGEURL":"https://maps.nls.uk/view/101201526","WFS_TITLE":"London VII.43, Revised: 1894, Published: 1895","IMAGE":"101201526"}},{"type":"Feature","id":"os_london_1056.483","geometry":{"type":"MultiPolygon","coordinates":[[[[-0.1192,51.5225],[-0.1192,51.5282],[-0.1053,51.5282],[-0.1053,51.5225],[-0.1192,51.5225]]]]},"geometry_name":"the_geom","properties":{"IMAGEURL":"https://maps.nls.uk/view/101201529","WFS_TITLE":"London VII.44, Revised: 1894, Published: 1896","IMAGE":"101201529"}},{"type":"Feature","id":"os_london_1056.484","geometry":{"type":"MultiPolygon","coordinates":[[[[-0.1053,51.5225],[-0.1053,51.5282],[-0.0914,51.5282],[-0.0914,51.5225],[-0.1053,51.5225]]]]},"geometry_name":"the_geom","properties":{"IMAGEURL":"https://maps.nls.uk/view/101201532","WFS_TITLE":"London VII.45, Revised: 1894, Published: 1896","IMAGE":"101201532"}},{"type":"Feature","id":"os_london_1056.485","geometry":{"type":"MultiPolygon","coordinates":[[[[-0.0914,51.5225],[-0.0914,51.5282],[-0.0775,51.5282],[-0.0775,51.5225],[-0.0914,51.5225]]]]},"geometry_name":"the_geom","properties":{"IMAGEURL":"https://maps.nls.uk/view/101201535","WFS_TITLE":"London VII.46, Revised: 1894, Published: 1896","IMAGE":"101201535"}},{"type":"Feature","id":"os_london_1056.486","geometry":{"type":"MultiPolygon","coordinates":[[[[-0.0775,51.5225],[-0.0775,51.5282],[-0.0636,51.5282],[-0.0636,51.5225],[-0.0775,51.5225]]]]},"geometry_name":"the_geom","properties":{"IMAGEURL":"https://maps.nls.uk/view/101201538","WFS_TITLE":"London VII.47, Revised: 1894, Published: 1896","IMAGE":"101201538"}},{"type":"Feature","id":"os_london_1056.487","geometry":{"type":"MultiPolygon","coordinates":[[[[-0.0636,51.5225],[-0.0636,51.5282],[-0.0497,51.5282],[-0.0497,51.5225],[-0.0636,51.5225]]]]},"geometry_name":"the_geom","properties":{"IMAGEURL":"https://maps.nls.uk/view/101201541","WFS_TITLE":"London VII.48, Revised: 1894, Published: 1895","IMAGE":"101201541"}},{"type":"Feature","id":"os_london_1056.488","geometry":{"type":"MultiPolygon","coordinates":[[[[-0.0497,51.5225],[-0.0497,51.5282],[-0.0358,51.5282],[-0.0358,51.5224],[-0.0497,51.5225]]]]},"geometry_name":"the_geom","properties":{"IMAGEURL":"https://maps.nls.uk/view/101201544","WFS_TITLE":"London VII.49, Revised: 1894, Published: 1895","IMAGE":"101201544"}},{"type":"Feature","id":"os_london_1056.489","geometry":{"type":"MultiPolygon","coordinates":[[[[-0.0358,51.5224],[-0.0358,51.5282],[-0.0218,51.5282],[-0.0219,51.5224],[-0.0358,51.5224]]]]},"geometry_name":"the_geom","properties":{"IMAGEURL":"https://maps.nls.uk/view/101201547","WFS_TITLE":"London VII.50, Revised: 1894, Published: 1895","IMAGE":"101201547"}},{"type":"Feature","id":"os_london_1056.490","geometry":{"type":"MultiPolygon","coordinates":[[[[-0.0219,51.5224],[-0.0218,51.5282],[-0.0079,51.5282],[-0.0079,51.5224],[-0.0219,51.5224]]]]},"geometry_name":"the_geom","properties":{"IMAGEURL":"https://maps.nls.uk/view/101201760","WFS_TITLE":"London VIII.41, Revised: 1893, Published: 1895","IMAGE":"101201760"}},{"type":"Feature","id":"os_london_1056.491","geometry":{"type":"MultiPolygon","coordinates":[[[[-0.0079,51.5224],[-0.0079,51.5282],[0.006,51.5282],[0.006,51.5224],[-0.0079,51.5224]]]]},"geometry_name":"the_geom","properties":{"IMAGEURL":"https://maps.nls.uk/view/101201763","WFS_TITLE":"London VIII.42, Revised: 1893, Published: 1895","IMAGE":"101201763"}},{"type":"Feature","id":"os_london_1056.492","geometry":{"type":"MultiPolygon","coordinates":[[[[0.006,51.5224],[0.006,51.5282],[0.0199,51.5282],[0.0199,51.5224],[0.006,51.5224]]]]},"geometry_name":"the_geom","properties":{"IMAGEURL":"https://maps.nls.uk/view/101201766","WFS_TITLE":"London VIII.43, Revised: 1893, Published: 1895","IMAGE":"101201766"}},{"type":"Feature","id":"os_london_1056.493","geometry":{"type":"MultiPolygon","coordinates":[[[[0.0199,51.5224],[0.0199,51.5282],[0.0338,51.5282],[0.0338,51.5224],[0.0199,51.5224]]]]},"geometry_name":"the_geom","properties":{"IMAGEURL":"https://maps.nls.uk/view/101201769","WFS_TITLE":"London VIII.44, Revised: 1893, Published: 1895","IMAGE":"101201769"}},{"type":"Feature","id":"os_london_1056.494","geometry":{"type":"MultiPolygon","coordinates":[[[[-0.2584,51.5281],[-0.2584,51.5339],[-0.2445,51.5339],[-0.2445,51.5282],[-0.2584,51.5281]]]]},"geometry_name":"the_geom","properties":{"IMAGEURL":"https://maps.nls.uk/view/101201241","WFS_TITLE":"London VI.34, Revised: 1891, Published: 1893","IMAGE":"101201241"}},{"type":"Feature","id":"os_london_1056.495","geometry":{"type":"MultiPolygon","coordinates":[[[[-0.2445,51.5282],[-0.2445,51.5339],[-0.2306,51.534],[-0.2306,51.5282],[-0.2445,51.5282]]]]},"geometry_name":"the_geom","properties":{"IMAGEURL":"https://maps.nls.uk/view/101201244","WFS_TITLE":"London VI.35, Revised: 1892, Published: 1894","IMAGE":"101201244"}},{"type":"Feature","id":"os_london_1056.496","geometry":{"type":"MultiPolygon","coordinates":[[[[-0.2306,51.5282],[-0.2306,51.534],[-0.2167,51.534],[-0.2166,51.5282],[-0.2306,51.5282]]]]},"geometry_name":"the_geom","properties":{"IMAGEURL":"https://maps.nls.uk/view/101201247","WFS_TITLE":"London VI.36, Revised: 1892, Published: 1893","IMAGE":"101201247"}},{"type":"Feature","id":"os_london_1056.497","geometry":{"type":"MultiPolygon","coordinates":[[[[-0.2166,51.5282],[-0.2167,51.534],[-0.2027,51.534],[-0.2027,51.5282],[-0.2166,51.5282]]]]},"geometry_name":"the_geom","properties":{"IMAGEURL":"https://maps.nls.uk/view/101201250","WFS_TITLE":"London VI.37, Revised: 1892 - 1895, Published: 1894","IMAGE":"101201250"}},{"type":"Feature","id":"os_london_1056.498","geometry":{"type":"MultiPolygon","coordinates":[[[[-0.2027,51.5282],[-0.2027,51.534],[-0.1888,51.534],[-0.1888,51.5282],[-0.2027,51.5282]]]]},"geometry_name":"the_geom","properties":{"IMAGEURL":"https://maps.nls.uk/view/101201253","WFS_TITLE":"London VI.38, Revised: 1893, Published: 1894","IMAGE":"101201253"}},{"type":"Feature","id":"os_london_1056.499","geometry":{"type":"MultiPolygon","coordinates":[[[[-0.1888,51.5282],[-0.1888,51.534],[-0.1749,51.534],[-0.1749,51.5282],[-0.1888,51.5282]]]]},"geometry_name":"the_geom","properties":{"IMAGEURL":"https://maps.nls.uk/view/101201256","WFS_TITLE":"London VI.39, Revised: 1893, Published: 1894","IMAGE":"101201256"}},{"type":"Feature","id":"os_london_1056.500","geometry":{"type":"MultiPolygon","coordinates":[[[[-0.161,51.5282],[-0.161,51.534],[-0.1471,51.534],[-0.1471,51.5282],[-0.161,51.5282]]]]},"geometry_name":"the_geom","properties":{"IMAGEURL":"https://maps.nls.uk/view/101201490","WFS_TITLE":"London VII.31, Revised: 1893 - 1895, Published: 1895","IMAGE":"101201490"}},{"type":"Feature","id":"os_london_1056.501","geometry":{"type":"MultiPolygon","coordinates":[[[[-0.1471,51.5282],[-0.1471,51.534],[-0.1332,51.534],[-0.1332,51.5282],[-0.1471,51.5282]]]]},"geometry_name":"the_geom","properties":{"IMAGEURL":"https://maps.nls.uk/view/101201493","WFS_TITLE":"London VII.32, Revised: 1893, Published: 1895","IMAGE":"101201493"}},{"type":"Feature","id":"os_london_1056.502","geometry":{"type":"MultiPolygon","coordinates":[[[[-0.1332,51.5282],[-0.1332,51.534],[-0.1192,51.534],[-0.1192,51.5282],[-0.1332,51.5282]]]]},"geometry_name":"the_geom","properties":{"IMAGEURL":"https://maps.nls.uk/view/101201496","WFS_TITLE":"London VII.33, Revised: 1893, Published: 1895","IMAGE":"101201496"}},{"type":"Feature","id":"os_london_1056.503","geometry":{"type":"MultiPolygon","coordinates":[[[[-0.1192,51.5282],[-0.1192,51.534],[-0.1053,51.534],[-0.1053,51.5282],[-0.1192,51.5282]]]]},"geometry_name":"the_geom","properties":{"IMAGEURL":"https://maps.nls.uk/view/101201499","WFS_TITLE":"London VII.34, Revised: 1894, Published: 1896","IMAGE":"101201499"}},{"type":"Feature","id":"os_london_1056.504","geometry":{"type":"MultiPolygon","coordinates":[[[[-0.1053,51.5282],[-0.1053,51.534],[-0.0914,51.534],[-0.0914,51.5282],[-0.1053,51.5282]]]]},"geometry_name":"the_geom","properties":{"IMAGEURL":"https://maps.nls.uk/view/101201502","WFS_TITLE":"London VII.35, Revised: 1894, Published: 1896","IMAGE":"101201502"}},{"type":"Feature","id":"os_london_1056.505","geometry":{"type":"MultiPolygon","coordinates":[[[[-0.0914,51.5282],[-0.0914,51.534],[-0.0775,51.534],[-0.0775,51.5282],[-0.0914,51.5282]]]]},"geometry_name":"the_geom","properties":{"IMAGEURL":"https://maps.nls.uk/view/101201505","WFS_TITLE":"London VII.36, Revised: 1894, Published: 1896","IMAGE":"101201505"}},{"type":"Feature","id":"os_london_1056.506","geometry":{"type":"MultiPolygon","coordinates":[[[[-0.0775,51.5282],[-0.0775,51.534],[-0.0636,51.534],[-0.0636,51.5282],[-0.0775,51.5282]]]]},"geometry_name":"the_geom","properties":{"IMAGEURL":"https://maps.nls.uk/view/101201508","WFS_TITLE":"London VII.37, Revised: 1894, Published: 1895","IMAGE":"101201508"}},{"type":"Feature","id":"os_london_1056.507","geometry":{"type":"MultiPolygon","coordinates":[[[[-0.0636,51.5282],[-0.0636,51.534],[-0.0497,51.534],[-0.0497,51.5282],[-0.0636,51.5282]]]]},"geometry_name":"the_geom","properties":{"IMAGEURL":"https://maps.nls.uk/view/101201511","WFS_TITLE":"London VII.38, Revised: 1893 - 1895, Published: 1895","IMAGE":"101201511"}},{"type":"Feature","id":"os_london_1056.508","geometry":{"type":"MultiPolygon","coordinates":[[[[-0.0497,51.5282],[-0.0497,51.534],[-0.0358,51.534],[-0.0358,51.5282],[-0.0497,51.5282]]]]},"geometry_name":"the_geom","properties":{"IMAGEURL":"https://maps.nls.uk/view/101201514","WFS_TITLE":"London VII.39, Revised: 1893, Published: 1895","IMAGE":"101201514"}},{"type":"Feature","id":"os_london_1056.509","geometry":{"type":"MultiPolygon","coordinates":[[[[-0.0358,51.5282],[-0.0358,51.534],[-0.0218,51.534],[-0.0218,51.5282],[-0.0358,51.5282]]]]},"geometry_name":"the_geom","properties":{"IMAGEURL":"https://maps.nls.uk/view/101201517","WFS_TITLE":"London VII.40, Revised: 1893 - 1895, Published: 1895","IMAGE":"101201517"}},{"type":"Feature","id":"os_london_1056.510","geometry":{"type":"MultiPolygon","coordinates":[[[[-0.0218,51.5282],[-0.0218,51.534],[-0.0079,51.534],[-0.0079,51.5282],[-0.0218,51.5282]]]]},"geometry_name":"the_geom","properties":{"IMAGEURL":"https://maps.nls.uk/view/101201745","WFS_TITLE":"London VIII.31, Revised: 1893, Published: 1894","IMAGE":"101201745"}},{"type":"Feature","id":"os_london_1056.511","geometry":{"type":"MultiPolygon","coordinates":[[[[-0.0079,51.5282],[-0.0079,51.534],[0.006,51.534],[0.006,51.5282],[-0.0079,51.5282]]]]},"geometry_name":"the_geom","properties":{"IMAGEURL":"https://maps.nls.uk/view/101201748","WFS_TITLE":"London VIII.32, Revised: 1893, Published: 1895","IMAGE":"101201748"}},{"type":"Feature","id":"os_london_1056.512","geometry":{"type":"MultiPolygon","coordinates":[[[[0.006,51.5282],[0.006,51.534],[0.0199,51.534],[0.0199,51.5282],[0.006,51.5282]]]]},"geometry_name":"the_geom","properties":{"IMAGEURL":"https://maps.nls.uk/view/101201751","WFS_TITLE":"London VIII.33, Revised: 1893, Published: 1895","IMAGE":"101201751"}},{"type":"Feature","id":"os_london_1056.513","geometry":{"type":"MultiPolygon","coordinates":[[[[0.0199,51.5282],[0.0199,51.534],[0.0338,51.534],[0.0338,51.5282],[0.0199,51.5282]]]]},"geometry_name":"the_geom","properties":{"IMAGEURL":"https://maps.nls.uk/view/101201754","WFS_TITLE":"London VIII.34, Revised: 1893, Published: 1895","IMAGE":"101201754"}},{"type":"Feature","id":"os_london_1056.514","geometry":{"type":"MultiPolygon","coordinates":[[[[0.0338,51.5282],[0.0338,51.534],[0.0477,51.5339],[0.0477,51.5282],[0.0338,51.5282]]]]},"geometry_name":"the_geom","properties":{"IMAGEURL":"https://maps.nls.uk/view/101201757","WFS_TITLE":"London VIII.35, Revised: 1893, Published: 1895","IMAGE":"101201757"}},{"type":"Feature","id":"os_london_1056.515","geometry":{"type":"MultiPolygon","coordinates":[[[[-0.2584,51.5339],[-0.2584,51.5397],[-0.2445,51.5397],[-0.2445,51.5339],[-0.2584,51.5339]]]]},"geometry_name":"the_geom","properties":{"IMAGEURL":"https://maps.nls.uk/view/101201220","WFS_TITLE":"London VI.24, Revised: 1891, Published: 1894","IMAGE":"101201220"}},{"type":"Feature","id":"os_london_1056.516","geometry":{"type":"MultiPolygon","coordinates":[[[[-0.2445,51.5339],[-0.2445,51.5397],[-0.2306,51.5397],[-0.2306,51.534],[-0.2445,51.5339]]]]},"geometry_name":"the_geom","properties":{"IMAGEURL":"https://maps.nls.uk/view/101201223","WFS_TITLE":"London VI.25, Revised: 1891, Published: 1893","IMAGE":"101201223"}},{"type":"Feature","id":"os_london_1056.517","geometry":{"type":"MultiPolygon","coordinates":[[[[-0.2306,51.534],[-0.2306,51.5397],[-0.2167,51.5398],[-0.2167,51.534],[-0.2306,51.534]]]]},"geometry_name":"the_geom","properties":{"IMAGEURL":"https://maps.nls.uk/view/101201226","WFS_TITLE":"London VI.26, Revised: 1891, Published: 1896","IMAGE":"101201226"}},{"type":"Feature","id":"os_london_1056.518","geometry":{"type":"MultiPolygon","coordinates":[[[[-0.2167,51.534],[-0.2167,51.5398],[-0.2028,51.5398],[-0.2027,51.534],[-0.2167,51.534]]]]},"geometry_name":"the_geom","properties":{"IMAGEURL":"https://maps.nls.uk/view/101201229","WFS_TITLE":"London VI.27, Revised: 1892 - 1895, Published: 1894","IMAGE":"101201229"}},{"type":"Feature","id":"os_london_1056.519","geometry":{"type":"MultiPolygon","coordinates":[[[[-0.2027,51.534],[-0.2028,51.5398],[-0.1888,51.5398],[-0.1888,51.534],[-0.2027,51.534]]]]},"geometry_name":"the_geom","properties":{"IMAGEURL":"https://maps.nls.uk/view/101201232","WFS_TITLE":"London VI.28, Revised: 1893, Published: 1894","IMAGE":"101201232"}},{"type":"Feature","id":"os_london_1056.520","geometry":{"type":"MultiPolygon","coordinates":[[[[-0.1888,51.534],[-0.1888,51.5398],[-0.1749,51.5398],[-0.1749,51.534],[-0.1888,51.534]]]]},"geometry_name":"the_geom","properties":{"IMAGEURL":"https://maps.nls.uk/view/101201235","WFS_TITLE":"London VI.29, Revised: 1893, Published: 1894","IMAGE":"101201235"}},{"type":"Feature","id":"os_london_1056.521","geometry":{"type":"MultiPolygon","coordinates":[[[[-0.1749,51.534],[-0.1749,51.5398],[-0.161,51.5398],[-0.161,51.534],[-0.1749,51.534]]]]},"geometry_name":"the_geom","properties":{"IMAGEURL":"https://maps.nls.uk/view/101201238","WFS_TITLE":"London VI.30, Revised: 1893, Published: 1895","IMAGE":"101201238"}},{"type":"Feature","id":"os_london_1056.522","geometry":{"type":"MultiPolygon","coordinates":[[[[-0.161,51.534],[-0.161,51.5398],[-0.1471,51.5398],[-0.1471,51.534],[-0.161,51.534]]]]},"geometry_name":"the_geom","properties":{"IMAGEURL":"https://maps.nls.uk/view/101201460","WFS_TITLE":"London VII.21, Revised: 1894, Published: 1895","IMAGE":"101201460"}},{"type":"Feature","id":"os_london_1056.523","geometry":{"type":"MultiPolygon","coordinates":[[[[-0.1471,51.534],[-0.1471,51.5398],[-0.1332,51.5398],[-0.1332,51.534],[-0.1471,51.534]]]]},"geometry_name":"the_geom","properties":{"IMAGEURL":"https://maps.nls.uk/view/101201463","WFS_TITLE":"London VII.22, Revised: 1894, Published: 1895","IMAGE":"101201463"}},{"type":"Feature","id":"os_london_1056.524","geometry":{"type":"MultiPolygon","coordinates":[[[[-0.1332,51.534],[-0.1332,51.5398],[-0.1193,51.5398],[-0.1192,51.534],[-0.1332,51.534]]]]},"geometry_name":"the_geom","properties":{"IMAGEURL":"https://maps.nls.uk/view/101201466","WFS_TITLE":"London VII.23, Revised: 1894, Published: 1895","IMAGE":"101201466"}},{"type":"Feature","id":"os_london_1056.525","geometry":{"type":"MultiPolygon","coordinates":[[[[-0.1192,51.534],[-0.1193,51.5398],[-0.1053,51.5398],[-0.1053,51.534],[-0.1192,51.534]]]]},"geometry_name":"the_geom","properties":{"IMAGEURL":"https://maps.nls.uk/view/101201469","WFS_TITLE":"London VII.24, Revised: 1894, Published: 1896","IMAGE":"101201469"}},{"type":"Feature","id":"os_london_1056.526","geometry":{"type":"MultiPolygon","coordinates":[[[[-0.1053,51.534],[-0.1053,51.5398],[-0.0914,51.5398],[-0.0914,51.534],[-0.1053,51.534]]]]},"geometry_name":"the_geom","properties":{"IMAGEURL":"https://maps.nls.uk/view/101201472","WFS_TITLE":"London VII.25, Revised: 1894, Published: 1896","IMAGE":"101201472"}},{"type":"Feature","id":"os_london_1056.527","geometry":{"type":"MultiPolygon","coordinates":[[[[-0.0914,51.534],[-0.0914,51.5398],[-0.0775,51.5398],[-0.0775,51.534],[-0.0914,51.534]]]]},"geometry_name":"the_geom","properties":{"IMAGEURL":"https://maps.nls.uk/view/101201475","WFS_TITLE":"London VII.26, Revised: 1894, Published: 1896","IMAGE":"101201475"}},{"type":"Feature","id":"os_london_1056.528","geometry":{"type":"MultiPolygon","coordinates":[[[[-0.0775,51.534],[-0.0775,51.5398],[-0.0636,51.5398],[-0.0636,51.534],[-0.0775,51.534]]]]},"geometry_name":"the_geom","properties":{"IMAGEURL":"https://maps.nls.uk/view/101201478","WFS_TITLE":"London VII.27, Revised: 1894, Published: 1895","IMAGE":"101201478"}},{"type":"Feature","id":"os_london_1056.529","geometry":{"type":"MultiPolygon","coordinates":[[[[-0.0636,51.534],[-0.0636,51.5398],[-0.0497,51.5398],[-0.0497,51.534],[-0.0636,51.534]]]]},"geometry_name":"the_geom","properties":{"IMAGEURL":"https://maps.nls.uk/view/101201481","WFS_TITLE":"London VII.28, Revised: 1893, Published: 1895","IMAGE":"101201481"}},{"type":"Feature","id":"os_london_1056.530","geometry":{"type":"MultiPolygon","coordinates":[[[[-0.0497,51.534],[-0.0497,51.5398],[-0.0357,51.5398],[-0.0358,51.534],[-0.0497,51.534]]]]},"geometry_name":"the_geom","properties":{"IMAGEURL":"https://maps.nls.uk/view/101201484","WFS_TITLE":"London VII.29, Revised: 1893, Published: 1895","IMAGE":"101201484"}},{"type":"Feature","id":"os_london_1056.531","geometry":{"type":"MultiPolygon","coordinates":[[[[-0.0358,51.534],[-0.0357,51.5398],[-0.0218,51.5398],[-0.0218,51.534],[-0.0358,51.534]]]]},"geometry_name":"the_geom","properties":{"IMAGEURL":"https://maps.nls.uk/view/101201487","WFS_TITLE":"London VII.30, Revised: 1893, Published: 1895","IMAGE":"101201487"}},{"type":"Feature","id":"os_london_1056.532","geometry":{"type":"MultiPolygon","coordinates":[[[[-0.0218,51.534],[-0.0218,51.5398],[-0.0079,51.5398],[-0.0079,51.534],[-0.0218,51.534]]]]},"geometry_name":"the_geom","properties":{"IMAGEURL":"https://maps.nls.uk/view/101201730","WFS_TITLE":"London VIII.21, Revised: 1893, Published: 1895","IMAGE":"101201730"}},{"type":"Feature","id":"os_london_1056.533","geometry":{"type":"MultiPolygon","coordinates":[[[[-0.0079,51.534],[-0.0079,51.5398],[0.006,51.5398],[0.006,51.534],[-0.0079,51.534]]]]},"geometry_name":"the_geom","properties":{"IMAGEURL":"https://maps.nls.uk/view/101201733","WFS_TITLE":"London VIII.22, Revised: 1893, Published: 1895","IMAGE":"101201733"}},{"type":"Feature","id":"os_london_1056.534","geometry":{"type":"MultiPolygon","coordinates":[[[[0.006,51.534],[0.006,51.5398],[0.0199,51.5398],[0.0199,51.534],[0.006,51.534]]]]},"geometry_name":"the_geom","properties":{"IMAGEURL":"https://maps.nls.uk/view/101201736","WFS_TITLE":"London VIII.23, Revised: 1893, Published: 1895","IMAGE":"101201736"}},{"type":"Feature","id":"os_london_1056.535","geometry":{"type":"MultiPolygon","coordinates":[[[[0.0199,51.534],[0.0199,51.5398],[0.0338,51.5397],[0.0338,51.534],[0.0199,51.534]]]]},"geometry_name":"the_geom","properties":{"IMAGEURL":"https://maps.nls.uk/view/101201739","WFS_TITLE":"London VIII.24, Revised: 1893, Published: 1895","IMAGE":"101201739"}},{"type":"Feature","id":"os_london_1056.536","geometry":{"type":"MultiPolygon","coordinates":[[[[0.0338,51.534],[0.0338,51.5397],[0.0478,51.5397],[0.0477,51.5339],[0.0338,51.534]]]]},"geometry_name":"the_geom","properties":{"IMAGEURL":"https://maps.nls.uk/view/101201742","WFS_TITLE":"London VIII.25, Revised: 1893, Published: 1895","IMAGE":"101201742"}},{"type":"Feature","id":"os_london_1056.537","geometry":{"type":"MultiPolygon","coordinates":[[[[-0.2584,51.5397],[-0.2584,51.5455],[-0.2445,51.5455],[-0.2445,51.5397],[-0.2584,51.5397]]]]},"geometry_name":"the_geom","properties":{"IMAGEURL":"https://maps.nls.uk/view/101201199","WFS_TITLE":"London VI.14, Revised: 1891, Published: 1894","IMAGE":"101201199"}},{"type":"Feature","id":"os_london_1056.538","geometry":{"type":"MultiPolygon","coordinates":[[[[-0.2445,51.5397],[-0.2445,51.5455],[-0.2306,51.5455],[-0.2306,51.5397],[-0.2445,51.5397]]]]},"geometry_name":"the_geom","properties":{"IMAGEURL":"https://maps.nls.uk/view/101201202","WFS_TITLE":"London VI.15, Revised: 1891, Published: 1893","IMAGE":"101201202"}},{"type":"Feature","id":"os_london_1056.539","geometry":{"type":"MultiPolygon","coordinates":[[[[-0.2306,51.5397],[-0.2306,51.5455],[-0.2167,51.5455],[-0.2167,51.5398],[-0.2306,51.5397]]]]},"geometry_name":"the_geom","properties":{"IMAGEURL":"https://maps.nls.uk/view/101201205","WFS_TITLE":"London VI.16, Revised: 1891, Published: 1893","IMAGE":"101201205"}},{"type":"Feature","id":"os_london_1056.540","geometry":{"type":"MultiPolygon","coordinates":[[[[-0.2167,51.5398],[-0.2167,51.5455],[-0.2028,51.5456],[-0.2028,51.5398],[-0.2167,51.5398]]]]},"geometry_name":"the_geom","properties":{"IMAGEURL":"https://maps.nls.uk/view/101201208","WFS_TITLE":"London VI.17, Revised: 1892 - 1895, Published: 1896","IMAGE":"101201208"}},{"type":"Feature","id":"os_london_1056.541","geometry":{"type":"MultiPolygon","coordinates":[[[[-0.2028,51.5398],[-0.2028,51.5456],[-0.1888,51.5456],[-0.1888,51.5398],[-0.2028,51.5398]]]]},"geometry_name":"the_geom","properties":{"IMAGEURL":"https://maps.nls.uk/view/101201211","WFS_TITLE":"London VI.18, Revised: 1893, Published: 1895","IMAGE":"101201211"}},{"type":"Feature","id":"os_london_1056.542","geometry":{"type":"MultiPolygon","coordinates":[[[[-0.1888,51.5398],[-0.1888,51.5456],[-0.1749,51.5456],[-0.1749,51.5398],[-0.1888,51.5398]]]]},"geometry_name":"the_geom","properties":{"IMAGEURL":"https://maps.nls.uk/view/101201214","WFS_TITLE":"London VI.19, Revised: 1893, Published: 1895","IMAGE":"101201214"}},{"type":"Feature","id":"os_london_1056.543","geometry":{"type":"MultiPolygon","coordinates":[[[[-0.1749,51.5398],[-0.1749,51.5456],[-0.161,51.5456],[-0.161,51.5398],[-0.1749,51.5398]]]]},"geometry_name":"the_geom","properties":{"IMAGEURL":"https://maps.nls.uk/view/101201217","WFS_TITLE":"London VI.20, Revised: 1893 - 1895, Published: 1895","IMAGE":"101201217"}},{"type":"Feature","id":"os_london_1056.544","geometry":{"type":"MultiPolygon","coordinates":[[[[-0.161,51.5398],[-0.161,51.5456],[-0.1471,51.5456],[-0.1471,51.5398],[-0.161,51.5398]]]]},"geometry_name":"the_geom","properties":{"IMAGEURL":"https://maps.nls.uk/view/101201430","WFS_TITLE":"London VII.11, Revised: 1894, Published: 1895","IMAGE":"101201430"}},{"type":"Feature","id":"os_london_1056.545","geometry":{"type":"MultiPolygon","coordinates":[[[[-0.1471,51.5398],[-0.1471,51.5456],[-0.1332,51.5456],[-0.1332,51.5398],[-0.1471,51.5398]]]]},"geometry_name":"the_geom","properties":{"IMAGEURL":"https://maps.nls.uk/view/101201433","WFS_TITLE":"London VII.12, Revised: 1894, Published: 1895","IMAGE":"101201433"}},{"type":"Feature","id":"os_london_1056.546","geometry":{"type":"MultiPolygon","coordinates":[[[[-0.1332,51.5398],[-0.1332,51.5456],[-0.1193,51.5456],[-0.1193,51.5398],[-0.1332,51.5398]]]]},"geometry_name":"the_geom","properties":{"IMAGEURL":"https://maps.nls.uk/view/101201436","WFS_TITLE":"London VII.13, Revised: 1894, Published: 1895","IMAGE":"101201436"}},{"type":"Feature","id":"os_london_1056.547","geometry":{"type":"MultiPolygon","coordinates":[[[[-0.1193,51.5398],[-0.1193,51.5456],[-0.1053,51.5456],[-0.1053,51.5398],[-0.1193,51.5398]]]]},"geometry_name":"the_geom","properties":{"IMAGEURL":"https://maps.nls.uk/view/101201439","WFS_TITLE":"London VII.14, Revised: 1894, Published: 1896","IMAGE":"101201439"}},{"type":"Feature","id":"os_london_1056.548","geometry":{"type":"MultiPolygon","coordinates":[[[[-0.1053,51.5398],[-0.1053,51.5456],[-0.0914,51.5456],[-0.0914,51.5398],[-0.1053,51.5398]]]]},"geometry_name":"the_geom","properties":{"IMAGEURL":"https://maps.nls.uk/view/101201442","WFS_TITLE":"London VII.15, Revised: 1894, Published: 1896","IMAGE":"101201442"}},{"type":"Feature","id":"os_london_1056.549","geometry":{"type":"MultiPolygon","coordinates":[[[[-0.0914,51.5398],[-0.0914,51.5456],[-0.0775,51.5456],[-0.0775,51.5398],[-0.0914,51.5398]]]]},"geometry_name":"the_geom","properties":{"IMAGEURL":"https://maps.nls.uk/view/101201445","WFS_TITLE":"London VII.16, Revised: 1893, Published: 1896","IMAGE":"101201445"}},{"type":"Feature","id":"os_london_1056.550","geometry":{"type":"MultiPolygon","coordinates":[[[[-0.0775,51.5398],[-0.0775,51.5456],[-0.0636,51.5456],[-0.0636,51.5398],[-0.0775,51.5398]]]]},"geometry_name":"the_geom","properties":{"IMAGEURL":"https://maps.nls.uk/view/101201448","WFS_TITLE":"London VII.17, Revised: 1893, Published: 1895","IMAGE":"101201448"}},{"type":"Feature","id":"os_london_1056.551","geometry":{"type":"MultiPolygon","coordinates":[[[[-0.0636,51.5398],[-0.0636,51.5456],[-0.0497,51.5456],[-0.0497,51.5398],[-0.0636,51.5398]]]]},"geometry_name":"the_geom","properties":{"IMAGEURL":"https://maps.nls.uk/view/101201451","WFS_TITLE":"London VII.18, Revised: 1893, Published: 1895","IMAGE":"101201451"}},{"type":"Feature","id":"os_london_1056.552","geometry":{"type":"MultiPolygon","coordinates":[[[[-0.0497,51.5398],[-0.0497,51.5456],[-0.0357,51.5456],[-0.0357,51.5398],[-0.0497,51.5398]]]]},"geometry_name":"the_geom","properties":{"IMAGEURL":"https://maps.nls.uk/view/101201454","WFS_TITLE":"London VII.19, Revised: 1893, Published: 1895","IMAGE":"101201454"}},{"type":"Feature","id":"os_london_1056.553","geometry":{"type":"MultiPolygon","coordinates":[[[[-0.0357,51.5398],[-0.0357,51.5456],[-0.0218,51.5456],[-0.0218,51.5398],[-0.0357,51.5398]]]]},"geometry_name":"the_geom","properties":{"IMAGEURL":"https://maps.nls.uk/view/101201457","WFS_TITLE":"London VII.20, Revised: 1893, Published: 1895","IMAGE":"101201457"}},{"type":"Feature","id":"os_london_1056.554","geometry":{"type":"MultiPolygon","coordinates":[[[[-0.0218,51.5398],[-0.0218,51.5456],[-0.0079,51.5456],[-0.0079,51.5398],[-0.0218,51.5398]]]]},"geometry_name":"the_geom","properties":{"IMAGEURL":"https://maps.nls.uk/view/101201715","WFS_TITLE":"London VIII.11, Revised: 1893, Published: 1895","IMAGE":"101201715"}},{"type":"Feature","id":"os_london_1056.555","geometry":{"type":"MultiPolygon","coordinates":[[[[-0.0079,51.5398],[-0.0079,51.5456],[0.006,51.5456],[0.006,51.5398],[-0.0079,51.5398]]]]},"geometry_name":"the_geom","properties":{"IMAGEURL":"https://maps.nls.uk/view/101201718","WFS_TITLE":"London VIII.12, Revised: 1893, Published: 1895","IMAGE":"101201718"}},{"type":"Feature","id":"os_london_1056.556","geometry":{"type":"MultiPolygon","coordinates":[[[[0.006,51.5398],[0.006,51.5456],[0.0199,51.5455],[0.0199,51.5398],[0.006,51.5398]]]]},"geometry_name":"the_geom","properties":{"IMAGEURL":"https://maps.nls.uk/view/101201721","WFS_TITLE":"London VIII.13, Revised: 1893, Published: 1895","IMAGE":"101201721"}},{"type":"Feature","id":"os_london_1056.557","geometry":{"type":"MultiPolygon","coordinates":[[[[0.0199,51.5398],[0.0199,51.5455],[0.0339,51.5455],[0.0338,51.5397],[0.0199,51.5398]]]]},"geometry_name":"the_geom","properties":{"IMAGEURL":"https://maps.nls.uk/view/101201724","WFS_TITLE":"London VIII.14, Revised: 1893, Published: 1895","IMAGE":"101201724"}},{"type":"Feature","id":"os_london_1056.558","geometry":{"type":"MultiPolygon","coordinates":[[[[0.0338,51.5397],[0.0339,51.5455],[0.0478,51.5455],[0.0478,51.5397],[0.0338,51.5397]]]]},"geometry_name":"the_geom","properties":{"IMAGEURL":"https://maps.nls.uk/view/101201727","WFS_TITLE":"London VIII.15, Revised: 1893, Published: 1895","IMAGE":"101201727"}},{"type":"Feature","id":"os_london_1056.559","geometry":{"type":"MultiPolygon","coordinates":[[[[-0.2584,51.5455],[-0.2585,51.5513],[-0.2445,51.5513],[-0.2445,51.5455],[-0.2584,51.5455]]]]},"geometry_name":"the_geom","properties":{"IMAGEURL":"https://maps.nls.uk/view/101201178","WFS_TITLE":"London VI.4, Revised: 1891, Published: 1893","IMAGE":"101201178"}},{"type":"Feature","id":"os_london_1056.560","geometry":{"type":"MultiPolygon","coordinates":[[[[-0.2445,51.5455],[-0.2445,51.5513],[-0.2306,51.5513],[-0.2306,51.5455],[-0.2445,51.5455]]]]},"geometry_name":"the_geom","properties":{"IMAGEURL":"https://maps.nls.uk/view/101201181","WFS_TITLE":"London VI.5, Revised: 1891, Published: 1893","IMAGE":"101201181"}},{"type":"Feature","id":"os_london_1056.561","geometry":{"type":"MultiPolygon","coordinates":[[[[-0.2306,51.5455],[-0.2306,51.5513],[-0.2167,51.5513],[-0.2167,51.5455],[-0.2306,51.5455]]]]},"geometry_name":"the_geom","properties":{"IMAGEURL":"https://maps.nls.uk/view/101201184","WFS_TITLE":"London VI.6, Revised: 1891, Published: 1893","IMAGE":"101201184"}},{"type":"Feature","id":"os_london_1056.562","geometry":{"type":"MultiPolygon","coordinates":[[[[-0.2167,51.5455],[-0.2167,51.5513],[-0.2028,51.5513],[-0.2028,51.5456],[-0.2167,51.5455]]]]},"geometry_name":"the_geom","properties":{"IMAGEURL":"https://maps.nls.uk/view/101201187","WFS_TITLE":"London VI.7, Revised: 1892, Published: 1893","IMAGE":"101201187"}},{"type":"Feature","id":"os_london_1056.563","geometry":{"type":"MultiPolygon","coordinates":[[[[-0.2028,51.5456],[-0.2028,51.5513],[-0.1889,51.5514],[-0.1888,51.5456],[-0.2028,51.5456]]]]},"geometry_name":"the_geom","properties":{"IMAGEURL":"https://maps.nls.uk/view/101201190","WFS_TITLE":"London VI.8, Revised: 1893, Published: 1894","IMAGE":"101201190"}},{"type":"Feature","id":"os_london_1056.564","geometry":{"type":"MultiPolygon","coordinates":[[[[-0.1888,51.5456],[-0.1889,51.5514],[-0.1749,51.5514],[-0.1749,51.5456],[-0.1888,51.5456]]]]},"geometry_name":"the_geom","properties":{"IMAGEURL":"https://maps.nls.uk/view/101201193","WFS_TITLE":"London VI.9, Revised: 1893, Published: 1895","IMAGE":"101201193"}},{"type":"Feature","id":"os_london_1056.565","geometry":{"type":"MultiPolygon","coordinates":[[[[-0.1749,51.5456],[-0.1749,51.5514],[-0.161,51.5514],[-0.161,51.5456],[-0.1749,51.5456]]]]},"geometry_name":"the_geom","properties":{"IMAGEURL":"https://maps.nls.uk/view/101201196","WFS_TITLE":"London VI.10, Revised: 1894, Published: 1895","IMAGE":"101201196"}},{"type":"Feature","id":"os_london_1056.566","geometry":{"type":"MultiPolygon","coordinates":[[[[-0.161,51.5456],[-0.161,51.5514],[-0.1471,51.5514],[-0.1471,51.5456],[-0.161,51.5456]]]]},"geometry_name":"the_geom","properties":{"IMAGEURL":"https://maps.nls.uk/view/101201400","WFS_TITLE":"London VII.1, Revised: 1894, Published: 1895","IMAGE":"101201400"}},{"type":"Feature","id":"os_london_1056.567","geometry":{"type":"MultiPolygon","coordinates":[[[[-0.1471,51.5456],[-0.1471,51.5514],[-0.1332,51.5514],[-0.1332,51.5456],[-0.1471,51.5456]]]]},"geometry_name":"the_geom","properties":{"IMAGEURL":"https://maps.nls.uk/view/101201403","WFS_TITLE":"London VII.2, Revised: 1894, Published: 1895","IMAGE":"101201403"}},{"type":"Feature","id":"os_london_1056.568","geometry":{"type":"MultiPolygon","coordinates":[[[[-0.1332,51.5456],[-0.1332,51.5514],[-0.1193,51.5514],[-0.1193,51.5456],[-0.1332,51.5456]]]]},"geometry_name":"the_geom","properties":{"IMAGEURL":"https://maps.nls.uk/view/101201406","WFS_TITLE":"London VII.3, Revised: 1894, Published: 1895","IMAGE":"101201406"}},{"type":"Feature","id":"os_london_1056.569","geometry":{"type":"MultiPolygon","coordinates":[[[[-0.1193,51.5456],[-0.1193,51.5514],[-0.1053,51.5514],[-0.1053,51.5456],[-0.1193,51.5456]]]]},"geometry_name":"the_geom","properties":{"IMAGEURL":"https://maps.nls.uk/view/101201409","WFS_TITLE":"London VII.4, Revised: 1894, Published: 1896","IMAGE":"101201409"}},{"type":"Feature","id":"os_london_1056.570","geometry":{"type":"MultiPolygon","coordinates":[[[[-0.1053,51.5456],[-0.1053,51.5514],[-0.0914,51.5514],[-0.0914,51.5456],[-0.1053,51.5456]]]]},"geometry_name":"the_geom","properties":{"IMAGEURL":"https://maps.nls.uk/view/101201412","WFS_TITLE":"London VII.5, Revised: 1894, Published: 1896","IMAGE":"101201412"}},{"type":"Feature","id":"os_london_1056.571","geometry":{"type":"MultiPolygon","coordinates":[[[[-0.0914,51.5456],[-0.0914,51.5514],[-0.0775,51.5514],[-0.0775,51.5456],[-0.0914,51.5456]]]]},"geometry_name":"the_geom","properties":{"IMAGEURL":"https://maps.nls.uk/view/101201415","WFS_TITLE":"London VII.6, Revised: 1893 - 1895, Published: 1896","IMAGE":"101201415"}},{"type":"Feature","id":"os_london_1056.572","geometry":{"type":"MultiPolygon","coordinates":[[[[-0.0775,51.5456],[-0.0775,51.5514],[-0.0636,51.5514],[-0.0636,51.5456],[-0.0775,51.5456]]]]},"geometry_name":"the_geom","properties":{"IMAGEURL":"https://maps.nls.uk/view/101201418","WFS_TITLE":"London VII.7, Revised: 1893, Published: 1895","IMAGE":"101201418"}},{"type":"Feature","id":"os_london_1056.573","geometry":{"type":"MultiPolygon","coordinates":[[[[-0.0636,51.5456],[-0.0636,51.5514],[-0.0497,51.5514],[-0.0497,51.5456],[-0.0636,51.5456]]]]},"geometry_name":"the_geom","properties":{"IMAGEURL":"https://maps.nls.uk/view/101201421","WFS_TITLE":"London VII.8, Revised: 1893, Published: 1895","IMAGE":"101201421"}},{"type":"Feature","id":"os_london_1056.574","geometry":{"type":"MultiPolygon","coordinates":[[[[-0.0497,51.5456],[-0.0497,51.5514],[-0.0357,51.5514],[-0.0357,51.5456],[-0.0497,51.5456]]]]},"geometry_name":"the_geom","properties":{"IMAGEURL":"https://maps.nls.uk/view/101201424","WFS_TITLE":"London VII.9, Revised: 1893, Published: 1895","IMAGE":"101201424"}},{"type":"Feature","id":"os_london_1056.575","geometry":{"type":"MultiPolygon","coordinates":[[[[-0.0357,51.5456],[-0.0357,51.5514],[-0.0218,51.5514],[-0.0218,51.5456],[-0.0357,51.5456]]]]},"geometry_name":"the_geom","properties":{"IMAGEURL":"https://maps.nls.uk/view/101201427","WFS_TITLE":"London VII.10, Revised: 1893, Published: 1895","IMAGE":"101201427"}},{"type":"Feature","id":"os_london_1056.576","geometry":{"type":"MultiPolygon","coordinates":[[[[-0.0218,51.5456],[-0.0218,51.5514],[-0.0079,51.5514],[-0.0079,51.5456],[-0.0218,51.5456]]]]},"geometry_name":"the_geom","properties":{"IMAGEURL":"https://maps.nls.uk/view/101201697","WFS_TITLE":"London VIII.1, Revised: 1893, Published: 1895","IMAGE":"101201697"}},{"type":"Feature","id":"os_london_1056.577","geometry":{"type":"MultiPolygon","coordinates":[[[[-0.0079,51.5456],[-0.0079,51.5514],[0.006,51.5513],[0.006,51.5456],[-0.0079,51.5456]]]]},"geometry_name":"the_geom","properties":{"IMAGEURL":"https://maps.nls.uk/view/101201700","WFS_TITLE":"London VIII.2, Revised: 1893, Published: 1895","IMAGE":"101201700"}},{"type":"Feature","id":"os_london_1056.578","geometry":{"type":"MultiPolygon","coordinates":[[[[0.006,51.5456],[0.006,51.5513],[0.0199,51.5513],[0.0199,51.5455],[0.006,51.5456]]]]},"geometry_name":"the_geom","properties":{"IMAGEURL":"https://maps.nls.uk/view/101201703","WFS_TITLE":"London VIII.3, Revised: 1893, Published: 1895","IMAGE":"101201703"}},{"type":"Feature","id":"os_london_1056.579","geometry":{"type":"MultiPolygon","coordinates":[[[[0.0199,51.5455],[0.0199,51.5513],[0.0339,51.5513],[0.0339,51.5455],[0.0199,51.5455]]]]},"geometry_name":"the_geom","properties":{"IMAGEURL":"https://maps.nls.uk/view/101201706","WFS_TITLE":"London VIII.4, Revised: 1893, Published: 1895","IMAGE":"101201706"}},{"type":"Feature","id":"os_london_1056.580","geometry":{"type":"MultiPolygon","coordinates":[[[[0.0339,51.5455],[0.0339,51.5513],[0.0478,51.5513],[0.0478,51.5455],[0.0339,51.5455]]]]},"geometry_name":"the_geom","properties":{"IMAGEURL":"https://maps.nls.uk/view/101201709","WFS_TITLE":"London VIII.5, Revised: 1893, Published: 1895","IMAGE":"101201709"}},{"type":"Feature","id":"os_london_1056.581","geometry":{"type":"MultiPolygon","coordinates":[[[[0.0478,51.5455],[0.0478,51.5513],[0.0617,51.5513],[0.0617,51.5455],[0.0478,51.5455]]]]},"geometry_name":"the_geom","properties":{"IMAGEURL":"https://maps.nls.uk/view/101201712","WFS_TITLE":"London VIII.6, Revised: 1893, Published: 1895","IMAGE":"101201712"}},{"type":"Feature","id":"os_london_1056.582","geometry":{"type":"MultiPolygon","coordinates":[[[[-0.2585,51.5513],[-0.2585,51.5571],[-0.2446,51.5571],[-0.2445,51.5513],[-0.2585,51.5513]]]]},"geometry_name":"the_geom","properties":{"IMAGEURL":"https://maps.nls.uk/view/101200779","WFS_TITLE":"London II.94, Revised: 1891, Published: 1896","IMAGE":"101200779"}},{"type":"Feature","id":"os_london_1056.583","geometry":{"type":"MultiPolygon","coordinates":[[[[-0.2445,51.5513],[-0.2446,51.5571],[-0.2306,51.5571],[-0.2306,51.5513],[-0.2445,51.5513]]]]},"geometry_name":"the_geom","properties":{"IMAGEURL":"https://maps.nls.uk/view/101200782","WFS_TITLE":"London II.95, Revised: 1891, Published: 1893","IMAGE":"101200782"}},{"type":"Feature","id":"os_london_1056.584","geometry":{"type":"MultiPolygon","coordinates":[[[[-0.2306,51.5513],[-0.2306,51.5571],[-0.2167,51.5571],[-0.2167,51.5513],[-0.2306,51.5513]]]]},"geometry_name":"the_geom","properties":{"IMAGEURL":"https://maps.nls.uk/view/101200785","WFS_TITLE":"London II.96, Revised: 1891, Published: 1893","IMAGE":"101200785"}},{"type":"Feature","id":"os_london_1056.585","geometry":{"type":"MultiPolygon","coordinates":[[[[-0.2167,51.5513],[-0.2167,51.5571],[-0.2028,51.5571],[-0.2028,51.5513],[-0.2167,51.5513]]]]},"geometry_name":"the_geom","properties":{"IMAGEURL":"https://maps.nls.uk/view/101200788","WFS_TITLE":"London II.97, Revised: 1892, Published: 1894","IMAGE":"101200788"}},{"type":"Feature","id":"os_london_1056.586","geometry":{"type":"MultiPolygon","coordinates":[[[[-0.2028,51.5513],[-0.2028,51.5571],[-0.1889,51.5571],[-0.1889,51.5514],[-0.2028,51.5513]]]]},"geometry_name":"the_geom","properties":{"IMAGEURL":"https://maps.nls.uk/view/101200791","WFS_TITLE":"London II.98, Revised: 1893, Published: 1895","IMAGE":"101200791"}},{"type":"Feature","id":"os_london_1056.587","geometry":{"type":"MultiPolygon","coordinates":[[[[-0.1889,51.5514],[-0.1889,51.5571],[-0.1749,51.5572],[-0.1749,51.5514],[-0.1889,51.5514]]]]},"geometry_name":"the_geom","properties":{"IMAGEURL":"https://maps.nls.uk/view/101200794","WFS_TITLE":"London II.99, Revised: 1893, Published: 1895","IMAGE":"101200794"}},{"type":"Feature","id":"os_london_1056.588","geometry":{"type":"MultiPolygon","coordinates":[[[[-0.1749,51.5514],[-0.1749,51.5572],[-0.161,51.5572],[-0.161,51.5514],[-0.1749,51.5514]]]]},"geometry_name":"the_geom","properties":{"IMAGEURL":"https://maps.nls.uk/view/101200797","WFS_TITLE":"London II.100, Revised: 1893, Published: 1895","IMAGE":"101200797"}},{"type":"Feature","id":"os_london_1056.589","geometry":{"type":"MultiPolygon","coordinates":[[[[-0.161,51.5514],[-0.161,51.5572],[-0.1471,51.5572],[-0.1471,51.5514],[-0.161,51.5514]]]]},"geometry_name":"the_geom","properties":{"IMAGEURL":"https://maps.nls.uk/view/101201034","WFS_TITLE":"London III.91, Revised: 1894, Published: 1895","IMAGE":"101201034"}},{"type":"Feature","id":"os_london_1056.590","geometry":{"type":"MultiPolygon","coordinates":[[[[-0.1471,51.5514],[-0.1471,51.5572],[-0.1332,51.5572],[-0.1332,51.5514],[-0.1471,51.5514]]]]},"geometry_name":"the_geom","properties":{"IMAGEURL":"https://maps.nls.uk/view/101201037","WFS_TITLE":"London III.92, Revised: 1894, Published: 1895","IMAGE":"101201037"}},{"type":"Feature","id":"os_london_1056.591","geometry":{"type":"MultiPolygon","coordinates":[[[[-0.1332,51.5514],[-0.1332,51.5572],[-0.1193,51.5572],[-0.1193,51.5514],[-0.1332,51.5514]]]]},"geometry_name":"the_geom","properties":{"IMAGEURL":"https://maps.nls.uk/view/101201040","WFS_TITLE":"London III.93, Revised: 1894, Published: 1895","IMAGE":"101201040"}},{"type":"Feature","id":"os_london_1056.592","geometry":{"type":"MultiPolygon","coordinates":[[[[-0.1193,51.5514],[-0.1193,51.5572],[-0.1053,51.5572],[-0.1053,51.5514],[-0.1193,51.5514]]]]},"geometry_name":"the_geom","properties":{"IMAGEURL":"https://maps.nls.uk/view/101201043","WFS_TITLE":"London III.94, Revised: 1894, Published: 1895","IMAGE":"101201043"}},{"type":"Feature","id":"os_london_1056.593","geometry":{"type":"MultiPolygon","coordinates":[[[[-0.1053,51.5514],[-0.1053,51.5572],[-0.0914,51.5572],[-0.0914,51.5514],[-0.1053,51.5514]]]]},"geometry_name":"the_geom","properties":{"IMAGEURL":"https://maps.nls.uk/view/101201046","WFS_TITLE":"London III.95, Revised: 1894, Published: 1895","IMAGE":"101201046"}},{"type":"Feature","id":"os_london_1056.594","geometry":{"type":"MultiPolygon","coordinates":[[[[-0.0914,51.5514],[-0.0914,51.5572],[-0.0775,51.5572],[-0.0775,51.5514],[-0.0914,51.5514]]]]},"geometry_name":"the_geom","properties":{"IMAGEURL":"https://maps.nls.uk/view/101201049","WFS_TITLE":"London III.96, Revised: 1894, Published: 1895","IMAGE":"101201049"}},{"type":"Feature","id":"os_london_1056.595","geometry":{"type":"MultiPolygon","coordinates":[[[[-0.0775,51.5514],[-0.0775,51.5572],[-0.0636,51.5572],[-0.0636,51.5514],[-0.0775,51.5514]]]]},"geometry_name":"the_geom","properties":{"IMAGEURL":"https://maps.nls.uk/view/101201052","WFS_TITLE":"London III.97, Revised: 1893, Published: 1895","IMAGE":"101201052"}},{"type":"Feature","id":"os_london_1056.596","geometry":{"type":"MultiPolygon","coordinates":[[[[-0.0636,51.5514],[-0.0636,51.5572],[-0.0496,51.5572],[-0.0497,51.5514],[-0.0636,51.5514]]]]},"geometry_name":"the_geom","properties":{"IMAGEURL":"https://maps.nls.uk/view/101201055","WFS_TITLE":"London III.98, Revised: 1893 - 1895, Published: 1895","IMAGE":"101201055"}},{"type":"Feature","id":"os_london_1056.597","geometry":{"type":"MultiPolygon","coordinates":[[[[-0.0497,51.5514],[-0.0496,51.5572],[-0.0357,51.5572],[-0.0357,51.5514],[-0.0497,51.5514]]]]},"geometry_name":"the_geom","properties":{"IMAGEURL":"https://maps.nls.uk/view/101201058","WFS_TITLE":"London III.99, Revised: 1893, Published: 1895","IMAGE":"101201058"}},{"type":"Feature","id":"os_london_1056.598","geometry":{"type":"MultiPolygon","coordinates":[[[[-0.0357,51.5514],[-0.0357,51.5572],[-0.0218,51.5572],[-0.0218,51.5514],[-0.0357,51.5514]]]]},"geometry_name":"the_geom","properties":{"IMAGEURL":"https://maps.nls.uk/view/101201061","WFS_TITLE":"London III.100, Revised: 1893, Published: 1895","IMAGE":"101201061"}},{"type":"Feature","id":"os_london_1056.599","geometry":{"type":"MultiPolygon","coordinates":[[[[-0.0218,51.5514],[-0.0218,51.5572],[-0.0079,51.5571],[-0.0079,51.5514],[-0.0218,51.5514]]]]},"geometry_name":"the_geom","properties":{"IMAGEURL":"https://maps.nls.uk/view/101201124","WFS_TITLE":"London IV.91, Revised: 1893, Published: 1895","IMAGE":"101201124"}},{"type":"Feature","id":"os_london_1056.600","geometry":{"type":"MultiPolygon","coordinates":[[[[-0.0079,51.5514],[-0.0079,51.5571],[0.006,51.5571],[0.006,51.5513],[-0.0079,51.5514]]]]},"geometry_name":"the_geom","properties":{"IMAGEURL":"https://maps.nls.uk/view/101201127","WFS_TITLE":"London IV.92, Revised: 1893, Published: 1895","IMAGE":"101201127"}},{"type":"Feature","id":"os_london_1056.601","geometry":{"type":"MultiPolygon","coordinates":[[[[0.006,51.5513],[0.006,51.5571],[0.02,51.5571],[0.0199,51.5513],[0.006,51.5513]]]]},"geometry_name":"the_geom","properties":{"IMAGEURL":"https://maps.nls.uk/view/101201130","WFS_TITLE":"London IV.93, Revised: 1893, Published: 1895","IMAGE":"101201130"}},{"type":"Feature","id":"os_london_1056.602","geometry":{"type":"MultiPolygon","coordinates":[[[[0.0199,51.5513],[0.02,51.5571],[0.0339,51.5571],[0.0339,51.5513],[0.0199,51.5513]]]]},"geometry_name":"the_geom","properties":{"IMAGEURL":"https://maps.nls.uk/view/101201133","WFS_TITLE":"London IV.94, Revised: 1893, Published: 1895","IMAGE":"101201133"}},{"type":"Feature","id":"os_london_1056.603","geometry":{"type":"MultiPolygon","coordinates":[[[[0.0339,51.5513],[0.0339,51.5571],[0.0478,51.5571],[0.0478,51.5513],[0.0339,51.5513]]]]},"geometry_name":"the_geom","properties":{"IMAGEURL":"https://maps.nls.uk/view/101201136","WFS_TITLE":"London IV.95, Revised: 1893, Published: 1895","IMAGE":"101201136"}},{"type":"Feature","id":"os_london_1056.604","geometry":{"type":"MultiPolygon","coordinates":[[[[0.0478,51.5513],[0.0478,51.5571],[0.0617,51.5571],[0.0617,51.5513],[0.0478,51.5513]]]]},"geometry_name":"the_geom","properties":{"IMAGEURL":"https://maps.nls.uk/view/101201139","WFS_TITLE":"London IV.96, Revised: 1893, Published: 1895","IMAGE":"101201139"}},{"type":"Feature","id":"os_london_1056.605","geometry":{"type":"MultiPolygon","coordinates":[[[[-0.2306,51.5571],[-0.2307,51.5629],[-0.2167,51.5629],[-0.2167,51.5571],[-0.2306,51.5571]]]]},"geometry_name":"the_geom","properties":{"IMAGEURL":"https://maps.nls.uk/view/101200764","WFS_TITLE":"London II.86, Revised: 1891, Published: 1893","IMAGE":"101200764"}},{"type":"Feature","id":"os_london_1056.606","geometry":{"type":"MultiPolygon","coordinates":[[[[-0.2167,51.5571],[-0.2167,51.5629],[-0.2028,51.5629],[-0.2028,51.5571],[-0.2167,51.5571]]]]},"geometry_name":"the_geom","properties":{"IMAGEURL":"https://maps.nls.uk/view/101200767","WFS_TITLE":"London II.87, Revised: 1892, Published: 1894","IMAGE":"101200767"}},{"type":"Feature","id":"os_london_1056.607","geometry":{"type":"MultiPolygon","coordinates":[[[[-0.2028,51.5571],[-0.2028,51.5629],[-0.1889,51.5629],[-0.1889,51.5571],[-0.2028,51.5571]]]]},"geometry_name":"the_geom","properties":{"IMAGEURL":"https://maps.nls.uk/view/101200770","WFS_TITLE":"London II.88, Revised: 1893, Published: 1895","IMAGE":"101200770"}},{"type":"Feature","id":"os_london_1056.608","geometry":{"type":"MultiPolygon","coordinates":[[[[-0.1889,51.5571],[-0.1889,51.5629],[-0.175,51.5629],[-0.1749,51.5572],[-0.1889,51.5571]]]]},"geometry_name":"the_geom","properties":{"IMAGEURL":"https://maps.nls.uk/view/101200773","WFS_TITLE":"London II.89, Revised: 1893 - 1895, Published: 1895","IMAGE":"101200773"}},{"type":"Feature","id":"os_london_1056.609","geometry":{"type":"MultiPolygon","coordinates":[[[[-0.1749,51.5572],[-0.175,51.5629],[-0.161,51.5629],[-0.161,51.5572],[-0.1749,51.5572]]]]},"geometry_name":"the_geom","properties":{"IMAGEURL":"https://maps.nls.uk/view/101200776","WFS_TITLE":"London II.90, Revised: 1894, Published: 1895","IMAGE":"101200776"}},{"type":"Feature","id":"os_london_1056.610","geometry":{"type":"MultiPolygon","coordinates":[[[[-0.161,51.5572],[-0.161,51.5629],[-0.1471,51.563],[-0.1471,51.5572],[-0.161,51.5572]]]]},"geometry_name":"the_geom","properties":{"IMAGEURL":"https://maps.nls.uk/view/101201004","WFS_TITLE":"London III.81, Revised: 1893 - 1895, Published: 1895","IMAGE":"101201004"}},{"type":"Feature","id":"os_london_1056.611","geometry":{"type":"MultiPolygon","coordinates":[[[[-0.1471,51.5572],[-0.1471,51.563],[-0.1332,51.563],[-0.1332,51.5572],[-0.1471,51.5572]]]]},"geometry_name":"the_geom","properties":{"IMAGEURL":"https://maps.nls.uk/view/101201007","WFS_TITLE":"London III.82, Revised: 1894, Published: 1895","IMAGE":"101201007"}},{"type":"Feature","id":"os_london_1056.612","geometry":{"type":"MultiPolygon","coordinates":[[[[-0.1332,51.5572],[-0.1332,51.563],[-0.1193,51.563],[-0.1193,51.5572],[-0.1332,51.5572]]]]},"geometry_name":"the_geom","properties":{"IMAGEURL":"https://maps.nls.uk/view/101201010","WFS_TITLE":"London III.83, Revised: 1894, Published: 1895","IMAGE":"101201010"}},{"type":"Feature","id":"os_london_1056.613","geometry":{"type":"MultiPolygon","coordinates":[[[[-0.1193,51.5572],[-0.1193,51.563],[-0.1053,51.563],[-0.1053,51.5572],[-0.1193,51.5572]]]]},"geometry_name":"the_geom","properties":{"IMAGEURL":"https://maps.nls.uk/view/101201013","WFS_TITLE":"London III.84, Revised: 1894, Published: 1895","IMAGE":"101201013"}},{"type":"Feature","id":"os_london_1056.614","geometry":{"type":"MultiPolygon","coordinates":[[[[-0.1053,51.5572],[-0.1053,51.563],[-0.0914,51.563],[-0.0914,51.5572],[-0.1053,51.5572]]]]},"geometry_name":"the_geom","properties":{"IMAGEURL":"https://maps.nls.uk/view/101201016","WFS_TITLE":"London III.85, Revised: 1894, Published: 1895","IMAGE":"101201016"}},{"type":"Feature","id":"os_london_1056.615","geometry":{"type":"MultiPolygon","coordinates":[[[[-0.0914,51.5572],[-0.0914,51.563],[-0.0775,51.563],[-0.0775,51.5572],[-0.0914,51.5572]]]]},"geometry_name":"the_geom","properties":{"IMAGEURL":"https://maps.nls.uk/view/101201019","WFS_TITLE":"London III.86, Revised: 1894, Published: 1895","IMAGE":"101201019"}},{"type":"Feature","id":"os_london_1056.616","geometry":{"type":"MultiPolygon","coordinates":[[[[-0.0775,51.5572],[-0.0775,51.563],[-0.0636,51.563],[-0.0636,51.5572],[-0.0775,51.5572]]]]},"geometry_name":"the_geom","properties":{"IMAGEURL":"https://maps.nls.uk/view/101201022","WFS_TITLE":"London III.87, Revised: 1893, Published: 1895","IMAGE":"101201022"}},{"type":"Feature","id":"os_london_1056.617","geometry":{"type":"MultiPolygon","coordinates":[[[[-0.0636,51.5572],[-0.0636,51.563],[-0.0496,51.563],[-0.0496,51.5572],[-0.0636,51.5572]]]]},"geometry_name":"the_geom","properties":{"IMAGEURL":"https://maps.nls.uk/view/101201025","WFS_TITLE":"London III.88, Revised: 1893, Published: 1895","IMAGE":"101201025"}},{"type":"Feature","id":"os_london_1056.618","geometry":{"type":"MultiPolygon","coordinates":[[[[-0.0496,51.5572],[-0.0496,51.563],[-0.0357,51.5629],[-0.0357,51.5572],[-0.0496,51.5572]]]]},"geometry_name":"the_geom","properties":{"IMAGEURL":"https://maps.nls.uk/view/101201028","WFS_TITLE":"London III.89, Revised: 1893, Published: 1895","IMAGE":"101201028"}},{"type":"Feature","id":"os_london_1056.619","geometry":{"type":"MultiPolygon","coordinates":[[[[-0.0357,51.5572],[-0.0357,51.5629],[-0.0218,51.5629],[-0.0218,51.5572],[-0.0357,51.5572]]]]},"geometry_name":"the_geom","properties":{"IMAGEURL":"https://maps.nls.uk/view/101201031","WFS_TITLE":"London III.90, Revised: 1893, Published: 1894 to 1896","IMAGE":"101201031"}},{"type":"Feature","id":"os_london_1056.620","geometry":{"type":"MultiPolygon","coordinates":[[[[-0.0218,51.5572],[-0.0218,51.5629],[-0.0079,51.5629],[-0.0079,51.5571],[-0.0218,51.5572]]]]},"geometry_name":"the_geom","properties":{"IMAGEURL":"https://maps.nls.uk/view/101201115","WFS_TITLE":"London IV.81, Revised: 1893, Published: 1895","IMAGE":"101201115"}},{"type":"Feature","id":"os_london_1056.621","geometry":{"type":"MultiPolygon","coordinates":[[[[-0.0079,51.5571],[-0.0079,51.5629],[0.0061,51.5629],[0.006,51.5571],[-0.0079,51.5571]]]]},"geometry_name":"the_geom","properties":{"IMAGEURL":"https://maps.nls.uk/view/101201118","WFS_TITLE":"London IV.82, Revised: 1893, Published: 1895","IMAGE":"101201118"}},{"type":"Feature","id":"os_london_1056.622","geometry":{"type":"MultiPolygon","coordinates":[[[[0.006,51.5571],[0.0061,51.5629],[0.02,51.5629],[0.02,51.5571],[0.006,51.5571]]]]},"geometry_name":"the_geom","properties":{"IMAGEURL":"https://maps.nls.uk/view/101201121","WFS_TITLE":"London IV.83, Revised: 1893, Published: 1895","IMAGE":"101201121"}},{"type":"Feature","id":"os_london_1056.623","geometry":{"type":"MultiPolygon","coordinates":[[[[-0.2028,51.5629],[-0.2028,51.5687],[-0.1889,51.5687],[-0.1889,51.5629],[-0.2028,51.5629]]]]},"geometry_name":"the_geom","properties":{"IMAGEURL":"https://maps.nls.uk/view/101200758","WFS_TITLE":"London II.78, Revised: 1893, Published: 1895","IMAGE":"101200758"}},{"type":"Feature","id":"os_london_1056.624","geometry":{"type":"MultiPolygon","coordinates":[[[[-0.175,51.5629],[-0.175,51.5687],[-0.161,51.5687],[-0.161,51.5629],[-0.175,51.5629]]]]},"geometry_name":"the_geom","properties":{"IMAGEURL":"https://maps.nls.uk/view/101200761","WFS_TITLE":"London II.80, Revised: 1894, Published: 1895 to 1896","IMAGE":"101200761"}},{"type":"Feature","id":"os_london_1056.625","geometry":{"type":"MultiPolygon","coordinates":[[[[-0.161,51.5629],[-0.161,51.5687],[-0.1471,51.5687],[-0.1471,51.563],[-0.161,51.5629]]]]},"geometry_name":"the_geom","properties":{"IMAGEURL":"https://maps.nls.uk/view/101200974","WFS_TITLE":"London III.71, Revised: 1894, Published: 1895","IMAGE":"101200974"}},{"type":"Feature","id":"os_london_1056.626","geometry":{"type":"MultiPolygon","coordinates":[[[[-0.1471,51.563],[-0.1471,51.5687],[-0.1332,51.5687],[-0.1332,51.563],[-0.1471,51.563]]]]},"geometry_name":"the_geom","properties":{"IMAGEURL":"https://maps.nls.uk/view/101200977","WFS_TITLE":"London III.72, Revised: ca. 1893 - 1894, Published: 1895","IMAGE":"101200977"}},{"type":"Feature","id":"os_london_1056.627","geometry":{"type":"MultiPolygon","coordinates":[[[[-0.1332,51.563],[-0.1332,51.5687],[-0.1193,51.5687],[-0.1193,51.563],[-0.1332,51.563]]]]},"geometry_name":"the_geom","properties":{"IMAGEURL":"https://maps.nls.uk/view/101200980","WFS_TITLE":"London III.73, Revised: 1894, Published: 1895","IMAGE":"101200980"}},{"type":"Feature","id":"os_london_1056.628","geometry":{"type":"MultiPolygon","coordinates":[[[[-0.1193,51.563],[-0.1193,51.5687],[-0.1053,51.5687],[-0.1053,51.563],[-0.1193,51.563]]]]},"geometry_name":"the_geom","properties":{"IMAGEURL":"https://maps.nls.uk/view/101200983","WFS_TITLE":"London III.74, Revised: 1893 - 1895, Published: 1895","IMAGE":"101200983"}},{"type":"Feature","id":"os_london_1056.629","geometry":{"type":"MultiPolygon","coordinates":[[[[-0.1053,51.563],[-0.1053,51.5687],[-0.0914,51.5687],[-0.0914,51.563],[-0.1053,51.563]]]]},"geometry_name":"the_geom","properties":{"IMAGEURL":"https://maps.nls.uk/view/101200986","WFS_TITLE":"London III.75, Revised: 1893 - 1895, Published: 1895","IMAGE":"101200986"}},{"type":"Feature","id":"os_london_1056.630","geometry":{"type":"MultiPolygon","coordinates":[[[[-0.0914,51.563],[-0.0914,51.5687],[-0.0775,51.5687],[-0.0775,51.563],[-0.0914,51.563]]]]},"geometry_name":"the_geom","properties":{"IMAGEURL":"https://maps.nls.uk/view/101200989","WFS_TITLE":"London III.76, Revised: 1893, Published: 1895","IMAGE":"101200989"}},{"type":"Feature","id":"os_london_1056.631","geometry":{"type":"MultiPolygon","coordinates":[[[[-0.0775,51.563],[-0.0775,51.5687],[-0.0636,51.5687],[-0.0636,51.563],[-0.0775,51.563]]]]},"geometry_name":"the_geom","properties":{"IMAGEURL":"https://maps.nls.uk/view/101200992","WFS_TITLE":"London III.77, Revised: 1893, Published: 1895","IMAGE":"101200992"}},{"type":"Feature","id":"os_london_1056.632","geometry":{"type":"MultiPolygon","coordinates":[[[[-0.0636,51.563],[-0.0636,51.5687],[-0.0496,51.5687],[-0.0496,51.563],[-0.0636,51.563]]]]},"geometry_name":"the_geom","properties":{"IMAGEURL":"https://maps.nls.uk/view/101200995","WFS_TITLE":"London III.78, Revised: 1893, Published: 1895","IMAGE":"101200995"}},{"type":"Feature","id":"os_london_1056.633","geometry":{"type":"MultiPolygon","coordinates":[[[[-0.0496,51.563],[-0.0496,51.5687],[-0.0357,51.5687],[-0.0357,51.5629],[-0.0496,51.563]]]]},"geometry_name":"the_geom","properties":{"IMAGEURL":"https://maps.nls.uk/view/101200998","WFS_TITLE":"London III.79, Revised: 1893, Published: 1895","IMAGE":"101200998"}},{"type":"Feature","id":"os_london_1056.634","geometry":{"type":"MultiPolygon","coordinates":[[[[-0.0357,51.5629],[-0.0357,51.5687],[-0.0218,51.5687],[-0.0218,51.5629],[-0.0357,51.5629]]]]},"geometry_name":"the_geom","properties":{"IMAGEURL":"https://maps.nls.uk/view/101201001","WFS_TITLE":"London III.80, Revised: 1893, Published: 1895","IMAGE":"101201001"}},{"type":"Feature","id":"os_london_1056.635","geometry":{"type":"MultiPolygon","coordinates":[[[[-0.0218,51.5629],[-0.0218,51.5687],[-0.0079,51.5687],[-0.0079,51.5629],[-0.0218,51.5629]]]]},"geometry_name":"the_geom","properties":{"IMAGEURL":"https://maps.nls.uk/view/101201106","WFS_TITLE":"London IV.71, Revised: 1893, Published: 1895","IMAGE":"101201106"}},{"type":"Feature","id":"os_london_1056.636","geometry":{"type":"MultiPolygon","coordinates":[[[[-0.0079,51.5629],[-0.0079,51.5687],[0.0061,51.5687],[0.0061,51.5629],[-0.0079,51.5629]]]]},"geometry_name":"the_geom","properties":{"IMAGEURL":"https://maps.nls.uk/view/101201109","WFS_TITLE":"London IV.72, Revised: 1893, Published: 1895","IMAGE":"101201109"}},{"type":"Feature","id":"os_london_1056.637","geometry":{"type":"MultiPolygon","coordinates":[[[[0.0061,51.5629],[0.0061,51.5687],[0.02,51.5687],[0.02,51.5629],[0.0061,51.5629]]]]},"geometry_name":"the_geom","properties":{"IMAGEURL":"https://maps.nls.uk/view/101201112","WFS_TITLE":"London IV.73, Revised: 1893, Published: 1895","IMAGE":"101201112"}},{"type":"Feature","id":"os_london_1056.638","geometry":{"type":"MultiPolygon","coordinates":[[[[-0.175,51.5687],[-0.175,51.5745],[-0.1611,51.5745],[-0.161,51.5687],[-0.175,51.5687]]]]},"geometry_name":"the_geom","properties":{"IMAGEURL":"https://maps.nls.uk/view/101200755","WFS_TITLE":"London II.70, Revised: 1894, Published: 1895","IMAGE":"101200755"}},{"type":"Feature","id":"os_london_1056.639","geometry":{"type":"MultiPolygon","coordinates":[[[[-0.161,51.5687],[-0.1611,51.5745],[-0.1471,51.5745],[-0.1471,51.5687],[-0.161,51.5687]]]]},"geometry_name":"the_geom","properties":{"IMAGEURL":"https://maps.nls.uk/view/101200944","WFS_TITLE":"London III.61, Revised: 1894, Published: 1895","IMAGE":"101200944"}},{"type":"Feature","id":"os_london_1056.640","geometry":{"type":"MultiPolygon","coordinates":[[[[-0.1471,51.5687],[-0.1471,51.5745],[-0.1332,51.5745],[-0.1332,51.5687],[-0.1471,51.5687]]]]},"geometry_name":"the_geom","properties":{"IMAGEURL":"https://maps.nls.uk/view/101200947","WFS_TITLE":"London III.62, Revised: 1894, Published: 1895","IMAGE":"101200947"}},{"type":"Feature","id":"os_london_1056.641","geometry":{"type":"MultiPolygon","coordinates":[[[[-0.1332,51.5687],[-0.1332,51.5745],[-0.1193,51.5745],[-0.1193,51.5687],[-0.1332,51.5687]]]]},"geometry_name":"the_geom","properties":{"IMAGEURL":"https://maps.nls.uk/view/101200950","WFS_TITLE":"London III.63, Revised: 1894, Published: 1895","IMAGE":"101200950"}},{"type":"Feature","id":"os_london_1056.642","geometry":{"type":"MultiPolygon","coordinates":[[[[-0.1193,51.5687],[-0.1193,51.5745],[-0.1053,51.5745],[-0.1053,51.5687],[-0.1193,51.5687]]]]},"geometry_name":"the_geom","properties":{"IMAGEURL":"https://maps.nls.uk/view/101200953","WFS_TITLE":"London III.64, Revised: 1893, Published: 1895","IMAGE":"101200953"}},{"type":"Feature","id":"os_london_1056.643","geometry":{"type":"MultiPolygon","coordinates":[[[[-0.1053,51.5687],[-0.1053,51.5745],[-0.0914,51.5745],[-0.0914,51.5687],[-0.1053,51.5687]]]]},"geometry_name":"the_geom","properties":{"IMAGEURL":"https://maps.nls.uk/view/101200956","WFS_TITLE":"London III.65, Revised: 1893, Published: 1895","IMAGE":"101200956"}},{"type":"Feature","id":"os_london_1056.644","geometry":{"type":"MultiPolygon","coordinates":[[[[-0.0914,51.5687],[-0.0914,51.5745],[-0.0775,51.5745],[-0.0775,51.5687],[-0.0914,51.5687]]]]},"geometry_name":"the_geom","properties":{"IMAGEURL":"https://maps.nls.uk/view/101200959","WFS_TITLE":"London III.66, Revised: 1894, Published: 1895","IMAGE":"101200959"}},{"type":"Feature","id":"os_london_1056.645","geometry":{"type":"MultiPolygon","coordinates":[[[[-0.0775,51.5687],[-0.0775,51.5745],[-0.0636,51.5745],[-0.0636,51.5687],[-0.0775,51.5687]]]]},"geometry_name":"the_geom","properties":{"IMAGEURL":"https://maps.nls.uk/view/101200962","WFS_TITLE":"London III.67, Revised: 1894, Published: 1895","IMAGE":"101200962"}},{"type":"Feature","id":"os_london_1056.646","geometry":{"type":"MultiPolygon","coordinates":[[[[-0.0636,51.5687],[-0.0636,51.5745],[-0.0496,51.5745],[-0.0496,51.5687],[-0.0636,51.5687]]]]},"geometry_name":"the_geom","properties":{"IMAGEURL":"https://maps.nls.uk/view/101200965","WFS_TITLE":"London III.68, Revised: 1893, Published: 1895","IMAGE":"101200965"}},{"type":"Feature","id":"os_london_1056.647","geometry":{"type":"MultiPolygon","coordinates":[[[[-0.0496,51.5687],[-0.0496,51.5745],[-0.0357,51.5745],[-0.0357,51.5687],[-0.0496,51.5687]]]]},"geometry_name":"the_geom","properties":{"IMAGEURL":"https://maps.nls.uk/view/101200968","WFS_TITLE":"London III.69, Revised: ca. 1893 - 1894, Published: 1896","IMAGE":"101200968"}},{"type":"Feature","id":"os_london_1056.648","geometry":{"type":"MultiPolygon","coordinates":[[[[-0.0357,51.5687],[-0.0357,51.5745],[-0.0218,51.5745],[-0.0218,51.5687],[-0.0357,51.5687]]]]},"geometry_name":"the_geom","properties":{"IMAGEURL":"https://maps.nls.uk/view/101200971","WFS_TITLE":"London III.70, Revised: 1893, Published: 1895","IMAGE":"101200971"}},{"type":"Feature","id":"os_london_1056.649","geometry":{"type":"MultiPolygon","coordinates":[[[[-0.0218,51.5687],[-0.0218,51.5745],[-0.0078,51.5745],[-0.0079,51.5687],[-0.0218,51.5687]]]]},"geometry_name":"the_geom","properties":{"IMAGEURL":"https://maps.nls.uk/view/101201094","WFS_TITLE":"London IV.61, Revised: 1893, Published: 1895","IMAGE":"101201094"}},{"type":"Feature","id":"os_london_1056.650","geometry":{"type":"MultiPolygon","coordinates":[[[[-0.0079,51.5687],[-0.0078,51.5745],[0.0061,51.5745],[0.0061,51.5687],[-0.0079,51.5687]]]]},"geometry_name":"the_geom","properties":{"IMAGEURL":"https://maps.nls.uk/view/101201097","WFS_TITLE":"London IV.62, Revised: 1893, Published: 1895","IMAGE":"101201097"}},{"type":"Feature","id":"os_london_1056.651","geometry":{"type":"MultiPolygon","coordinates":[[[[0.0061,51.5687],[0.0061,51.5745],[0.02,51.5745],[0.02,51.5687],[0.0061,51.5687]]]]},"geometry_name":"the_geom","properties":{"IMAGEURL":"https://maps.nls.uk/view/101201100","WFS_TITLE":"London IV.63, Revised: 1893, Published: 1895","IMAGE":"101201100"}},{"type":"Feature","id":"os_london_1056.652","geometry":{"type":"MultiPolygon","coordinates":[[[[0.02,51.5687],[0.02,51.5745],[0.0339,51.5745],[0.0339,51.5687],[0.02,51.5687]]]]},"geometry_name":"the_geom","properties":{"IMAGEURL":"https://maps.nls.uk/view/101201103","WFS_TITLE":"London IV.64, Revised: 1893, Published: 1895","IMAGE":"101201103"}},{"type":"Feature","id":"os_london_1056.653","geometry":{"type":"MultiPolygon","coordinates":[[[[-0.175,51.5745],[-0.175,51.5803],[-0.1611,51.5803],[-0.1611,51.5745],[-0.175,51.5745]]]]},"geometry_name":"the_geom","properties":{"IMAGEURL":"https://maps.nls.uk/view/101200752","WFS_TITLE":"London II.60, Revised: 1893 - 1895, Published: 1895","IMAGE":"101200752"}},{"type":"Feature","id":"os_london_1056.654","geometry":{"type":"MultiPolygon","coordinates":[[[[-0.1611,51.5745],[-0.1611,51.5803],[-0.1471,51.5803],[-0.1471,51.5745],[-0.1611,51.5745]]]]},"geometry_name":"the_geom","properties":{"IMAGEURL":"https://maps.nls.uk/view/101200914","WFS_TITLE":"London III.51, Revised: 1894, Published: 1895","IMAGE":"101200914"}},{"type":"Feature","id":"os_london_1056.655","geometry":{"type":"MultiPolygon","coordinates":[[[[-0.1471,51.5745],[-0.1471,51.5803],[-0.1332,51.5803],[-0.1332,51.5745],[-0.1471,51.5745]]]]},"geometry_name":"the_geom","properties":{"IMAGEURL":"https://maps.nls.uk/view/101200917","WFS_TITLE":"London III.52, Revised: 1893 - 1895, Published: 1895","IMAGE":"101200917"}},{"type":"Feature","id":"os_london_1056.656","geometry":{"type":"MultiPolygon","coordinates":[[[[-0.1332,51.5745],[-0.1332,51.5803],[-0.1193,51.5803],[-0.1193,51.5745],[-0.1332,51.5745]]]]},"geometry_name":"the_geom","properties":{"IMAGEURL":"https://maps.nls.uk/view/101200920","WFS_TITLE":"London III.53, Revised: 1893 - 1895, Published: 1895","IMAGE":"101200920"}},{"type":"Feature","id":"os_london_1056.657","geometry":{"type":"MultiPolygon","coordinates":[[[[-0.1193,51.5745],[-0.1193,51.5803],[-0.1053,51.5803],[-0.1053,51.5745],[-0.1193,51.5745]]]]},"geometry_name":"the_geom","properties":{"IMAGEURL":"https://maps.nls.uk/view/101200923","WFS_TITLE":"London III.54, Revised: 1893, Published: 1895","IMAGE":"101200923"}},{"type":"Feature","id":"os_london_1056.658","geometry":{"type":"MultiPolygon","coordinates":[[[[-0.1053,51.5745],[-0.1053,51.5803],[-0.0914,51.5803],[-0.0914,51.5745],[-0.1053,51.5745]]]]},"geometry_name":"the_geom","properties":{"IMAGEURL":"https://maps.nls.uk/view/101200926","WFS_TITLE":"London III.55, Revised: 1893 - 1895, Published: 1895","IMAGE":"101200926"}},{"type":"Feature","id":"os_london_1056.659","geometry":{"type":"MultiPolygon","coordinates":[[[[-0.0914,51.5745],[-0.0914,51.5803],[-0.0775,51.5803],[-0.0775,51.5745],[-0.0914,51.5745]]]]},"geometry_name":"the_geom","properties":{"IMAGEURL":"https://maps.nls.uk/view/101200929","WFS_TITLE":"London III.56, Revised: 1894, Published: 1895","IMAGE":"101200929"}},{"type":"Feature","id":"os_london_1056.660","geometry":{"type":"MultiPolygon","coordinates":[[[[-0.0775,51.5745],[-0.0775,51.5803],[-0.0636,51.5803],[-0.0636,51.5745],[-0.0775,51.5745]]]]},"geometry_name":"the_geom","properties":{"IMAGEURL":"https://maps.nls.uk/view/101200932","WFS_TITLE":"London III.57, Revised: 1894, Published: 1895","IMAGE":"101200932"}},{"type":"Feature","id":"os_london_1056.661","geometry":{"type":"MultiPolygon","coordinates":[[[[-0.0636,51.5745],[-0.0636,51.5803],[-0.0496,51.5803],[-0.0496,51.5745],[-0.0636,51.5745]]]]},"geometry_name":"the_geom","properties":{"IMAGEURL":"https://maps.nls.uk/view/101200935","WFS_TITLE":"London III.58, Revised: 1893, Published: 1895","IMAGE":"101200935"}},{"type":"Feature","id":"os_london_1056.662","geometry":{"type":"MultiPolygon","coordinates":[[[[-0.0496,51.5745],[-0.0496,51.5803],[-0.0357,51.5803],[-0.0357,51.5745],[-0.0496,51.5745]]]]},"geometry_name":"the_geom","properties":{"IMAGEURL":"https://maps.nls.uk/view/101200938","WFS_TITLE":"London III.59, Revised: 1893, Published: 1895","IMAGE":"101200938"}},{"type":"Feature","id":"os_london_1056.663","geometry":{"type":"MultiPolygon","coordinates":[[[[-0.0357,51.5745],[-0.0357,51.5803],[-0.0218,51.5803],[-0.0218,51.5745],[-0.0357,51.5745]]]]},"geometry_name":"the_geom","properties":{"IMAGEURL":"https://maps.nls.uk/view/101200941","WFS_TITLE":"London III.60, Revised: 1893, Published: 1895","IMAGE":"101200941"}},{"type":"Feature","id":"os_london_1056.664","geometry":{"type":"MultiPolygon","coordinates":[[[[-0.0218,51.5745],[-0.0218,51.5803],[-0.0078,51.5803],[-0.0078,51.5745],[-0.0218,51.5745]]]]},"geometry_name":"the_geom","properties":{"IMAGEURL":"https://maps.nls.uk/view/101201082","WFS_TITLE":"London IV.51, Revised: 1893, Published: 1896","IMAGE":"101201082"}},{"type":"Feature","id":"os_london_1056.665","geometry":{"type":"MultiPolygon","coordinates":[[[[-0.0078,51.5745],[-0.0078,51.5803],[0.0061,51.5803],[0.0061,51.5745],[-0.0078,51.5745]]]]},"geometry_name":"the_geom","properties":{"IMAGEURL":"https://maps.nls.uk/view/101201085","WFS_TITLE":"London IV.52, Revised: 1893, Published: 1894 to 1896","IMAGE":"101201085"}},{"type":"Feature","id":"os_london_1056.666","geometry":{"type":"MultiPolygon","coordinates":[[[[0.0061,51.5745],[0.0061,51.5803],[0.02,51.5803],[0.02,51.5745],[0.0061,51.5745]]]]},"geometry_name":"the_geom","properties":{"IMAGEURL":"https://maps.nls.uk/view/101201088","WFS_TITLE":"London IV.53, Revised: 1893, Published: 1895","IMAGE":"101201088"}},{"type":"Feature","id":"os_london_1056.667","geometry":{"type":"MultiPolygon","coordinates":[[[[0.02,51.5745],[0.02,51.5803],[0.034,51.5802],[0.0339,51.5745],[0.02,51.5745]]]]},"geometry_name":"the_geom","properties":{"IMAGEURL":"https://maps.nls.uk/view/101201091","WFS_TITLE":"London IV.54, Revised: 1893, Published: 1895","IMAGE":"101201091"}},{"type":"Feature","id":"os_london_1056.668","geometry":{"type":"MultiPolygon","coordinates":[[[[-0.175,51.5803],[-0.175,51.5861],[-0.1611,51.5861],[-0.1611,51.5803],[-0.175,51.5803]]]]},"geometry_name":"the_geom","properties":{"IMAGEURL":"https://maps.nls.uk/view/101200749","WFS_TITLE":"London II.50, Revised: 1893, Published: 1895","IMAGE":"101200749"}},{"type":"Feature","id":"os_london_1056.669","geometry":{"type":"MultiPolygon","coordinates":[[[[-0.1611,51.5803],[-0.1611,51.5861],[-0.1471,51.5861],[-0.1471,51.5803],[-0.1611,51.5803]]]]},"geometry_name":"the_geom","properties":{"IMAGEURL":"https://maps.nls.uk/view/101200884","WFS_TITLE":"London III.41, Revised: 1893 - 1895, Published: 1895","IMAGE":"101200884"}},{"type":"Feature","id":"os_london_1056.670","geometry":{"type":"MultiPolygon","coordinates":[[[[-0.1471,51.5803],[-0.1471,51.5861],[-0.1332,51.5861],[-0.1332,51.5803],[-0.1471,51.5803]]]]},"geometry_name":"the_geom","properties":{"IMAGEURL":"https://maps.nls.uk/view/101200887","WFS_TITLE":"London III.42, Revised: 1893, Published: 1895","IMAGE":"101200887"}},{"type":"Feature","id":"os_london_1056.671","geometry":{"type":"MultiPolygon","coordinates":[[[[-0.1332,51.5803],[-0.1332,51.5861],[-0.1193,51.5861],[-0.1193,51.5803],[-0.1332,51.5803]]]]},"geometry_name":"the_geom","properties":{"IMAGEURL":"https://maps.nls.uk/view/101200890","WFS_TITLE":"London III.43, Revised: 1893 - 1895, Published: 1895","IMAGE":"101200890"}},{"type":"Feature","id":"os_london_1056.672","geometry":{"type":"MultiPolygon","coordinates":[[[[-0.1193,51.5803],[-0.1193,51.5861],[-0.1053,51.5861],[-0.1053,51.5803],[-0.1193,51.5803]]]]},"geometry_name":"the_geom","properties":{"IMAGEURL":"https://maps.nls.uk/view/101200893","WFS_TITLE":"London III.44, Revised: 1893 - 1895, Published: 1895","IMAGE":"101200893"}},{"type":"Feature","id":"os_london_1056.673","geometry":{"type":"MultiPolygon","coordinates":[[[[-0.1053,51.5803],[-0.1053,51.5861],[-0.0914,51.5861],[-0.0914,51.5803],[-0.1053,51.5803]]]]},"geometry_name":"the_geom","properties":{"IMAGEURL":"https://maps.nls.uk/view/101200896","WFS_TITLE":"London III.45, Revised: 1893 - 1895, Published: 1895","IMAGE":"101200896"}},{"type":"Feature","id":"os_london_1056.674","geometry":{"type":"MultiPolygon","coordinates":[[[[-0.0914,51.5803],[-0.0914,51.5861],[-0.0775,51.5861],[-0.0775,51.5803],[-0.0914,51.5803]]]]},"geometry_name":"the_geom","properties":{"IMAGEURL":"https://maps.nls.uk/view/101200899","WFS_TITLE":"London III.46, Revised: 1894, Published: 1895","IMAGE":"101200899"}},{"type":"Feature","id":"os_london_1056.675","geometry":{"type":"MultiPolygon","coordinates":[[[[-0.0775,51.5803],[-0.0775,51.5861],[-0.0635,51.5861],[-0.0636,51.5803],[-0.0775,51.5803]]]]},"geometry_name":"the_geom","properties":{"IMAGEURL":"https://maps.nls.uk/view/101200902","WFS_TITLE":"London III.47, Revised: 1893 - 1895, Published: 1895","IMAGE":"101200902"}},{"type":"Feature","id":"os_london_1056.676","geometry":{"type":"MultiPolygon","coordinates":[[[[-0.0636,51.5803],[-0.0635,51.5861],[-0.0496,51.5861],[-0.0496,51.5803],[-0.0636,51.5803]]]]},"geometry_name":"the_geom","properties":{"IMAGEURL":"https://maps.nls.uk/view/101200905","WFS_TITLE":"London III.48, Revised: 1894, Published: 1895","IMAGE":"101200905"}},{"type":"Feature","id":"os_london_1056.677","geometry":{"type":"MultiPolygon","coordinates":[[[[-0.0496,51.5803],[-0.0496,51.5861],[-0.0357,51.5861],[-0.0357,51.5803],[-0.0496,51.5803]]]]},"geometry_name":"the_geom","properties":{"IMAGEURL":"https://maps.nls.uk/view/101200908","WFS_TITLE":"London III.49, Revised: 1894, Published: 1895","IMAGE":"101200908"}},{"type":"Feature","id":"os_london_1056.678","geometry":{"type":"MultiPolygon","coordinates":[[[[-0.0357,51.5803],[-0.0357,51.5861],[-0.0218,51.5861],[-0.0218,51.5803],[-0.0357,51.5803]]]]},"geometry_name":"the_geom","properties":{"IMAGEURL":"https://maps.nls.uk/view/101200911","WFS_TITLE":"London III.50, Revised: 1893, Published: 1895","IMAGE":"101200911"}},{"type":"Feature","id":"os_london_1056.679","geometry":{"type":"MultiPolygon","coordinates":[[[[-0.0218,51.5803],[-0.0218,51.5861],[-0.0078,51.5861],[-0.0078,51.5803],[-0.0218,51.5803]]]]},"geometry_name":"the_geom","properties":{"IMAGEURL":"https://maps.nls.uk/view/101201070","WFS_TITLE":"London IV.41, Revised: 1893, Published: 1895","IMAGE":"101201070"}},{"type":"Feature","id":"os_london_1056.680","geometry":{"type":"MultiPolygon","coordinates":[[[[-0.0078,51.5803],[-0.0078,51.5861],[0.0061,51.5861],[0.0061,51.5803],[-0.0078,51.5803]]]]},"geometry_name":"the_geom","properties":{"IMAGEURL":"https://maps.nls.uk/view/101201073","WFS_TITLE":"London IV.42, Revised: 1893, Published: 1895","IMAGE":"101201073"}},{"type":"Feature","id":"os_london_1056.681","geometry":{"type":"MultiPolygon","coordinates":[[[[0.0061,51.5803],[0.0061,51.5861],[0.02,51.586],[0.02,51.5803],[0.0061,51.5803]]]]},"geometry_name":"the_geom","properties":{"IMAGEURL":"https://maps.nls.uk/view/101201076","WFS_TITLE":"London IV.43, Revised: 1893, Published: 1895","IMAGE":"101201076"}},{"type":"Feature","id":"os_london_1056.682","geometry":{"type":"MultiPolygon","coordinates":[[[[0.02,51.5803],[0.02,51.586],[0.034,51.586],[0.034,51.5802],[0.02,51.5803]]]]},"geometry_name":"the_geom","properties":{"IMAGEURL":"https://maps.nls.uk/view/101201079","WFS_TITLE":"London IV.44, Revised: 1893, Published: 1895","IMAGE":"101201079"}},{"type":"Feature","id":"os_london_1056.683","geometry":{"type":"MultiPolygon","coordinates":[[[[-0.175,51.5861],[-0.175,51.5919],[-0.1611,51.5919],[-0.1611,51.5861],[-0.175,51.5861]]]]},"geometry_name":"the_geom","properties":{"IMAGEURL":"https://maps.nls.uk/view/101200746","WFS_TITLE":"London II.40, Revised: 1893, Published: 1894","IMAGE":"101200746"}},{"type":"Feature","id":"os_london_1056.684","geometry":{"type":"MultiPolygon","coordinates":[[[[-0.1471,51.5861],[-0.1471,51.5919],[-0.1332,51.5919],[-0.1332,51.5861],[-0.1471,51.5861]]]]},"geometry_name":"the_geom","properties":{"IMAGEURL":"https://maps.nls.uk/view/101200857","WFS_TITLE":"London III.32, Revised: 1893, Published: 1895","IMAGE":"101200857"}},{"type":"Feature","id":"os_london_1056.685","geometry":{"type":"MultiPolygon","coordinates":[[[[-0.1332,51.5861],[-0.1332,51.5919],[-0.1193,51.5919],[-0.1193,51.5861],[-0.1332,51.5861]]]]},"geometry_name":"the_geom","properties":{"IMAGEURL":"https://maps.nls.uk/view/101200860","WFS_TITLE":"London III.33, Revised: 1893, Published: 1895","IMAGE":"101200860"}},{"type":"Feature","id":"os_london_1056.686","geometry":{"type":"MultiPolygon","coordinates":[[[[-0.1193,51.5861],[-0.1193,51.5919],[-0.1053,51.5919],[-0.1053,51.5861],[-0.1193,51.5861]]]]},"geometry_name":"the_geom","properties":{"IMAGEURL":"https://maps.nls.uk/view/101200863","WFS_TITLE":"London III.34, Revised: 1893 - 1895, Published: 1895","IMAGE":"101200863"}},{"type":"Feature","id":"os_london_1056.687","geometry":{"type":"MultiPolygon","coordinates":[[[[-0.1053,51.5861],[-0.1053,51.5919],[-0.0914,51.5919],[-0.0914,51.5861],[-0.1053,51.5861]]]]},"geometry_name":"the_geom","properties":{"IMAGEURL":"https://maps.nls.uk/view/101200866","WFS_TITLE":"London III.35, Revised: 1893 - 1895, Published: 1895","IMAGE":"101200866"}},{"type":"Feature","id":"os_london_1056.688","geometry":{"type":"MultiPolygon","coordinates":[[[[-0.0914,51.5861],[-0.0914,51.5919],[-0.0775,51.5919],[-0.0775,51.5861],[-0.0914,51.5861]]]]},"geometry_name":"the_geom","properties":{"IMAGEURL":"https://maps.nls.uk/view/101200869","WFS_TITLE":"London III.36, Revised: 1894, Published: 1894","IMAGE":"101200869"}},{"type":"Feature","id":"os_london_1056.689","geometry":{"type":"MultiPolygon","coordinates":[[[[-0.0775,51.5861],[-0.0775,51.5919],[-0.0635,51.5919],[-0.0635,51.5861],[-0.0775,51.5861]]]]},"geometry_name":"the_geom","properties":{"IMAGEURL":"https://maps.nls.uk/view/101200872","WFS_TITLE":"London III.37, Revised: 1894, Published: 1895","IMAGE":"101200872"}},{"type":"Feature","id":"os_london_1056.690","geometry":{"type":"MultiPolygon","coordinates":[[[[-0.0635,51.5861],[-0.0635,51.5919],[-0.0496,51.5919],[-0.0496,51.5861],[-0.0635,51.5861]]]]},"geometry_name":"the_geom","properties":{"IMAGEURL":"https://maps.nls.uk/view/101200875","WFS_TITLE":"London III.38, Revised: 1894, Published: 1895","IMAGE":"101200875"}},{"type":"Feature","id":"os_london_1056.691","geometry":{"type":"MultiPolygon","coordinates":[[[[-0.0496,51.5861],[-0.0496,51.5919],[-0.0357,51.5919],[-0.0357,51.5861],[-0.0496,51.5861]]]]},"geometry_name":"the_geom","properties":{"IMAGEURL":"https://maps.nls.uk/view/101200878","WFS_TITLE":"London III.39, Revised: 1894, Published: 1895","IMAGE":"101200878"}},{"type":"Feature","id":"os_london_1056.692","geometry":{"type":"MultiPolygon","coordinates":[[[[-0.0357,51.5861],[-0.0357,51.5919],[-0.0217,51.5919],[-0.0218,51.5861],[-0.0357,51.5861]]]]},"geometry_name":"the_geom","properties":{"IMAGEURL":"https://maps.nls.uk/view/101200881","WFS_TITLE":"London III.40, Revised: 1893, Published: 1895","IMAGE":"101200881"}},{"type":"Feature","id":"os_london_1056.693","geometry":{"type":"MultiPolygon","coordinates":[[[[-0.0218,51.5861],[-0.0217,51.5919],[-0.0078,51.5919],[-0.0078,51.5861],[-0.0218,51.5861]]]]},"geometry_name":"the_geom","properties":{"IMAGEURL":"https://maps.nls.uk/view/101201064","WFS_TITLE":"London IV.31, Revised: 1893, Published: 1895","IMAGE":"101201064"}},{"type":"Feature","id":"os_london_1056.694","geometry":{"type":"MultiPolygon","coordinates":[[[[-0.0078,51.5861],[-0.0078,51.5919],[0.0061,51.5918],[0.0061,51.5861],[-0.0078,51.5861]]]]},"geometry_name":"the_geom","properties":{"IMAGEURL":"https://maps.nls.uk/view/101201067","WFS_TITLE":"London IV.32, Revised: 1893, Published: 1895","IMAGE":"101201067"}},{"type":"Feature","id":"os_london_1056.695","geometry":{"type":"MultiPolygon","coordinates":[[[[-0.175,51.5919],[-0.175,51.5977],[-0.1611,51.5977],[-0.1611,51.5919],[-0.175,51.5919]]]]},"geometry_name":"the_geom","properties":{"IMAGEURL":"https://maps.nls.uk/view/101200743","WFS_TITLE":"London II.30, Revised: 1893, Published: 1894 to 1895","IMAGE":"101200743"}},{"type":"Feature","id":"os_london_1056.696","geometry":{"type":"MultiPolygon","coordinates":[[[[-0.1611,51.5919],[-0.1611,51.5977],[-0.1471,51.5977],[-0.1471,51.5919],[-0.1611,51.5919]]]]},"geometry_name":"the_geom","properties":{"IMAGEURL":"https://maps.nls.uk/view/101200833","WFS_TITLE":"London III.21, Revised: 1893, Published: 1895","IMAGE":"101200833"}},{"type":"Feature","id":"os_london_1056.697","geometry":{"type":"MultiPolygon","coordinates":[[[[-0.1471,51.5919],[-0.1471,51.5977],[-0.1332,51.5977],[-0.1332,51.5919],[-0.1471,51.5919]]]]},"geometry_name":"the_geom","properties":{"IMAGEURL":"https://maps.nls.uk/view/101200836","WFS_TITLE":"London III.22, Revised: 1893, Published: 1895","IMAGE":"101200836"}},{"type":"Feature","id":"os_london_1056.698","geometry":{"type":"MultiPolygon","coordinates":[[[[-0.1332,51.5919],[-0.1332,51.5977],[-0.1193,51.5977],[-0.1193,51.5919],[-0.1332,51.5919]]]]},"geometry_name":"the_geom","properties":{"IMAGEURL":"https://maps.nls.uk/view/101200839","WFS_TITLE":"London III.23, Revised: ca. 1893 - 1894, Published: 1895","IMAGE":"101200839"}},{"type":"Feature","id":"os_london_1056.699","geometry":{"type":"MultiPolygon","coordinates":[[[[-0.1193,51.5919],[-0.1193,51.5977],[-0.1053,51.5977],[-0.1053,51.5919],[-0.1193,51.5919]]]]},"geometry_name":"the_geom","properties":{"IMAGEURL":"https://maps.nls.uk/view/101200842","WFS_TITLE":"London III.24, Revised: 1894, Published: 1895","IMAGE":"101200842"}},{"type":"Feature","id":"os_london_1056.700","geometry":{"type":"MultiPolygon","coordinates":[[[[-0.1053,51.5919],[-0.1053,51.5977],[-0.0914,51.5977],[-0.0914,51.5919],[-0.1053,51.5919]]]]},"geometry_name":"the_geom","properties":{"IMAGEURL":"https://maps.nls.uk/view/101200845","WFS_TITLE":"London III.25, Revised: 1894, Published: 1895","IMAGE":"101200845"}},{"type":"Feature","id":"os_london_1056.701","geometry":{"type":"MultiPolygon","coordinates":[[[[-0.0914,51.5919],[-0.0914,51.5977],[-0.0775,51.5977],[-0.0775,51.5919],[-0.0914,51.5919]]]]},"geometry_name":"the_geom","properties":{"IMAGEURL":"https://maps.nls.uk/view/101200848","WFS_TITLE":"London III.26, Revised: 1894, Published: 1895","IMAGE":"101200848"}},{"type":"Feature","id":"os_london_1056.702","geometry":{"type":"MultiPolygon","coordinates":[[[[-0.0775,51.5919],[-0.0775,51.5977],[-0.0635,51.5977],[-0.0635,51.5919],[-0.0775,51.5919]]]]},"geometry_name":"the_geom","properties":{"IMAGEURL":"https://maps.nls.uk/view/101200851","WFS_TITLE":"London III.27, Revised: 1894, Published: 1895","IMAGE":"101200851"}},{"type":"Feature","id":"os_london_1056.703","geometry":{"type":"MultiPolygon","coordinates":[[[[-0.0635,51.5919],[-0.0635,51.5977],[-0.0496,51.5977],[-0.0496,51.5919],[-0.0635,51.5919]]]]},"geometry_name":"the_geom","properties":{"IMAGEURL":"https://maps.nls.uk/view/101200854","WFS_TITLE":"London III.28, Revised: 1894, Published: 1895","IMAGE":"101200854"}},{"type":"Feature","id":"os_london_1056.704","geometry":{"type":"MultiPolygon","coordinates":[[[[-0.1332,51.5977],[-0.1332,51.6035],[-0.1193,51.6035],[-0.1193,51.5977],[-0.1332,51.5977]]]]},"geometry_name":"the_geom","properties":{"IMAGEURL":"https://maps.nls.uk/view/101200815","WFS_TITLE":"London III.13, Revised: 1893, Published: 1894","IMAGE":"101200815"}},{"type":"Feature","id":"os_london_1056.705","geometry":{"type":"MultiPolygon","coordinates":[[[[-0.1193,51.5977],[-0.1193,51.6035],[-0.1053,51.6035],[-0.1053,51.5977],[-0.1193,51.5977]]]]},"geometry_name":"the_geom","properties":{"IMAGEURL":"https://maps.nls.uk/view/101200818","WFS_TITLE":"London III.14, Revised: 1894, Published: 1895","IMAGE":"101200818"}},{"type":"Feature","id":"os_london_1056.706","geometry":{"type":"MultiPolygon","coordinates":[[[[-0.1053,51.5977],[-0.1053,51.6035],[-0.0914,51.6035],[-0.0914,51.5977],[-0.1053,51.5977]]]]},"geometry_name":"the_geom","properties":{"IMAGEURL":"https://maps.nls.uk/view/101200821","WFS_TITLE":"London III.15, Revised: 1894, Published: 1895","IMAGE":"101200821"}},{"type":"Feature","id":"os_london_1056.707","geometry":{"type":"MultiPolygon","coordinates":[[[[-0.0914,51.5977],[-0.0914,51.6035],[-0.0775,51.6035],[-0.0775,51.5977],[-0.0914,51.5977]]]]},"geometry_name":"the_geom","properties":{"IMAGEURL":"https://maps.nls.uk/view/101200824","WFS_TITLE":"London III.16, Revised: 1894, Published: 1895","IMAGE":"101200824"}},{"type":"Feature","id":"os_london_1056.708","geometry":{"type":"MultiPolygon","coordinates":[[[[-0.0775,51.5977],[-0.0775,51.6035],[-0.0635,51.6035],[-0.0635,51.5977],[-0.0775,51.5977]]]]},"geometry_name":"the_geom","properties":{"IMAGEURL":"https://maps.nls.uk/view/101200827","WFS_TITLE":"London III.17, Revised: 1894, Published: 1895","IMAGE":"101200827"}},{"type":"Feature","id":"os_london_1056.709","geometry":{"type":"MultiPolygon","coordinates":[[[[-0.0635,51.5977],[-0.0635,51.6035],[-0.0496,51.6035],[-0.0496,51.5977],[-0.0635,51.5977]]]]},"geometry_name":"the_geom","properties":{"IMAGEURL":"https://maps.nls.uk/view/101200830","WFS_TITLE":"London III.18, Revised: 1894, Published: 1895","IMAGE":"101200830"}},{"type":"Feature","id":"os_london_1056.710","geometry":{"type":"MultiPolygon","coordinates":[[[[-0.1193,51.6035],[-0.1193,51.6092],[-0.1053,51.6092],[-0.1053,51.6035],[-0.1193,51.6035]]]]},"geometry_name":"the_geom","properties":{"IMAGEURL":"https://maps.nls.uk/view/101200800","WFS_TITLE":"London III.4, Revised: 1894, Published: 1895","IMAGE":"101200800"}},{"type":"Feature","id":"os_london_1056.711","geometry":{"type":"MultiPolygon","coordinates":[[[[-0.1053,51.6035],[-0.1053,51.6092],[-0.0914,51.6092],[-0.0914,51.6035],[-0.1053,51.6035]]]]},"geometry_name":"the_geom","properties":{"IMAGEURL":"https://maps.nls.uk/view/101200803","WFS_TITLE":"London III.5, Revised: 1894, Published: 1895","IMAGE":"101200803"}},{"type":"Feature","id":"os_london_1056.712","geometry":{"type":"MultiPolygon","coordinates":[[[[-0.0914,51.6035],[-0.0914,51.6092],[-0.0775,51.6092],[-0.0775,51.6035],[-0.0914,51.6035]]]]},"geometry_name":"the_geom","properties":{"IMAGEURL":"https://maps.nls.uk/view/101200806","WFS_TITLE":"London III.6, Revised: 1894, Published: 1895","IMAGE":"101200806"}},{"type":"Feature","id":"os_london_1056.713","geometry":{"type":"MultiPolygon","coordinates":[[[[-0.0775,51.6035],[-0.0775,51.6092],[-0.0635,51.6092],[-0.0635,51.6035],[-0.0775,51.6035]]]]},"geometry_name":"the_geom","properties":{"IMAGEURL":"https://maps.nls.uk/view/101200809","WFS_TITLE":"London III.7, Revised: 1894, Published: 1895","IMAGE":"101200809"}},{"type":"Feature","id":"os_london_1056.714","geometry":{"type":"MultiPolygon","coordinates":[[[[-0.0635,51.6035],[-0.0635,51.6092],[-0.0496,51.6092],[-0.0496,51.6035],[-0.0635,51.6035]]]]},"geometry_name":"the_geom","properties":{"IMAGEURL":"https://maps.nls.uk/view/101200812","WFS_TITLE":"London III.8, Revised: 1894, Published: 1895","IMAGE":"101200812"}},{"type":"Feature","id":"os_london_1056.715","geometry":{"type":"MultiPolygon","coordinates":[[[[-0.0775,51.6092],[-0.0775,51.615],[-0.0635,51.615],[-0.0635,51.6092],[-0.0775,51.6092]]]]},"geometry_name":"the_geom","properties":{"IMAGEURL":"https://maps.nls.uk/view/101200737","WFS_TITLE":"London I.97, Revised: 1894, Published: 1895","IMAGE":"101200737"}},{"type":"Feature","id":"os_london_1056.716","geometry":{"type":"MultiPolygon","coordinates":[[[[-0.0635,51.6092],[-0.0635,51.615],[-0.0496,51.615],[-0.0496,51.6092],[-0.0635,51.6092]]]]},"geometry_name":"the_geom","properties":{"IMAGEURL":"https://maps.nls.uk/view/101200740","WFS_TITLE":"London I.98, Revised: 1894, Published: 1895","IMAGE":"101200740"}},{"type":"Feature","id":"os_london_1056.717","geometry":{"type":"MultiPolygon","coordinates":[[[[-0.0775,51.615],[-0.0775,51.6208],[-0.0635,51.6208],[-0.0635,51.615],[-0.0775,51.615]]]]},"geometry_name":"the_geom","properties":{"IMAGEURL":"https://maps.nls.uk/view/101200731","WFS_TITLE":"London I.87, Revised: 1894, Published: 1895","IMAGE":"101200731"}},{"type":"Feature","id":"os_london_1056.718","geometry":{"type":"MultiPolygon","coordinates":[[[[-0.0635,51.615],[-0.0635,51.6208],[-0.0496,51.6208],[-0.0496,51.615],[-0.0635,51.615]]]]},"geometry_name":"the_geom","properties":{"IMAGEURL":"https://maps.nls.uk/view/101200734","WFS_TITLE":"London I.88, Revised: 1894, Published: 1895","IMAGE":"101200734"}},{"type":"Feature","id":"os_london_1056.719","geometry":{"type":"MultiPolygon","coordinates":[[[[-0.0775,51.6208],[-0.0775,51.6266],[-0.0635,51.6266],[-0.0635,51.6208],[-0.0775,51.6208]]]]},"geometry_name":"the_geom","properties":{"IMAGEURL":"https://maps.nls.uk/view/101200725","WFS_TITLE":"London I.77, Revised: 1894, Published: 1895","IMAGE":"101200725"}},{"type":"Feature","id":"os_london_1056.720","geometry":{"type":"MultiPolygon","coordinates":[[[[-0.0635,51.6208],[-0.0635,51.6266],[-0.0496,51.6266],[-0.0496,51.6208],[-0.0635,51.6208]]]]},"geometry_name":"the_geom","properties":{"IMAGEURL":"https://maps.nls.uk/view/101200728","WFS_TITLE":"London I.78, Revised: 1894, Published: 1895","IMAGE":"101200728"}},{"type":"Feature","id":"os_london_1056.721","geometry":{"type":"MultiPolygon","coordinates":[[[[-0.0775,51.6266],[-0.0775,51.6324],[-0.0635,51.6324],[-0.0635,51.6266],[-0.0775,51.6266]]]]},"geometry_name":"the_geom","properties":{"IMAGEURL":"https://maps.nls.uk/view/101200719","WFS_TITLE":"London I.67, Revised: 1894, Published: 1895","IMAGE":"101200719"}},{"type":"Feature","id":"os_london_1056.722","geometry":{"type":"MultiPolygon","coordinates":[[[[-0.0635,51.6266],[-0.0635,51.6324],[-0.0496,51.6324],[-0.0496,51.6266],[-0.0635,51.6266]]]]},"geometry_name":"the_geom","properties":{"IMAGEURL":"https://maps.nls.uk/view/101200722","WFS_TITLE":"London I.68, Revised: 1894, Published: 1895","IMAGE":"101200722"}},{"type":"Feature","id":"os_london_1056.723","geometry":{"type":"MultiPolygon","coordinates":[[[[0.0196,51.3951],[0.0196,51.4009],[0.0334,51.4009],[0.0334,51.3951],[0.0196,51.3951]]]]},"geometry_name":"the_geom","properties":{"IMAGEURL":"https://maps.nls.uk/view/101202930","WFS_TITLE":"London XVI.64, Revised: 1894, Published: 1895","IMAGE":"101202930"}},{"type":"Feature","id":"os_london_1056.724","geometry":{"type":"MultiPolygon","coordinates":[[[[0.0334,51.3951],[0.0334,51.4009],[0.0473,51.4009],[0.0473,51.3951],[0.0334,51.3951]]]]},"geometry_name":"the_geom","properties":{"IMAGEURL":"https://maps.nls.uk/view/101202933","WFS_TITLE":"London XVI.65, Revised: 1894 - 1895, Published: 1895","IMAGE":"101202933"}},{"type":"Feature","id":"os_london_1056.725","geometry":{"type":"MultiPolygon","coordinates":[[[[-0.0082,51.4009],[-0.0082,51.4067],[0.0057,51.4067],[0.0057,51.4009],[-0.0082,51.4009]]]]},"geometry_name":"the_geom","properties":{"IMAGEURL":"https://maps.nls.uk/view/101202912","WFS_TITLE":"London XVI.52, Revised: 1894, Published: 1895","IMAGE":"101202912"}},{"type":"Feature","id":"os_london_1056.726","geometry":{"type":"MultiPolygon","coordinates":[[[[0.0057,51.4009],[0.0057,51.4067],[0.0196,51.4067],[0.0196,51.4009],[0.0057,51.4009]]]]},"geometry_name":"the_geom","properties":{"IMAGEURL":"https://maps.nls.uk/view/101202915","WFS_TITLE":"London XVI.53, Revised: 1894, Published: 1895","IMAGE":"101202915"}},{"type":"Feature","id":"os_london_1056.727","geometry":{"type":"MultiPolygon","coordinates":[[[[0.0196,51.4009],[0.0196,51.4067],[0.0335,51.4067],[0.0334,51.4009],[0.0196,51.4009]]]]},"geometry_name":"the_geom","properties":{"IMAGEURL":"https://maps.nls.uk/view/101202918","WFS_TITLE":"London XVI.54, Revised: 1894, Published: 1895","IMAGE":"101202918"}},{"type":"Feature","id":"os_london_1056.728","geometry":{"type":"MultiPolygon","coordinates":[[[[0.0334,51.4009],[0.0335,51.4067],[0.0473,51.4067],[0.0473,51.4009],[0.0334,51.4009]]]]},"geometry_name":"the_geom","properties":{"IMAGEURL":"https://maps.nls.uk/view/101202921","WFS_TITLE":"London XVI.55, Revised: 1895, Published: 1895","IMAGE":"101202921"}},{"type":"Feature","id":"os_london_1056.729","geometry":{"type":"MultiPolygon","coordinates":[[[[-0.022,51.4067],[-0.022,51.4125],[-0.0082,51.4125],[-0.0082,51.4067],[-0.022,51.4067]]]]},"geometry_name":"the_geom","properties":{"IMAGEURL":"https://maps.nls.uk/view/101202897","WFS_TITLE":"London XVI.41, Revised: 1894, Published: 1895","IMAGE":"101202897"}},{"type":"Feature","id":"os_london_1056.730","geometry":{"type":"MultiPolygon","coordinates":[[[[-0.0082,51.4067],[-0.0082,51.4125],[0.0057,51.4125],[0.0057,51.4067],[-0.0082,51.4067]]]]},"geometry_name":"the_geom","properties":{"IMAGEURL":"https://maps.nls.uk/view/101202900","WFS_TITLE":"London XVI.42, Revised: 1894, Published: 1895","IMAGE":"101202900"}},{"type":"Feature","id":"os_london_1056.731","geometry":{"type":"MultiPolygon","coordinates":[[[[0.0057,51.4067],[0.0057,51.4125],[0.0196,51.4125],[0.0196,51.4067],[0.0057,51.4067]]]]},"geometry_name":"the_geom","properties":{"IMAGEURL":"https://maps.nls.uk/view/101202903","WFS_TITLE":"London XVI.43, Revised: 1894, Published: 1895","IMAGE":"101202903"}},{"type":"Feature","id":"os_london_1056.732","geometry":{"type":"MultiPolygon","coordinates":[[[[0.0196,51.4067],[0.0196,51.4125],[0.0335,51.4125],[0.0335,51.4067],[0.0196,51.4067]]]]},"geometry_name":"the_geom","properties":{"IMAGEURL":"https://maps.nls.uk/view/101202906","WFS_TITLE":"London XVI.44, Revised: 1894, Published: 1895","IMAGE":"101202906"}},{"type":"Feature","id":"os_london_1056.733","geometry":{"type":"MultiPolygon","coordinates":[[[[-0.022,51.4125],[-0.022,51.4183],[-0.0081,51.4183],[-0.0082,51.4125],[-0.022,51.4125]]]]},"geometry_name":"the_geom","properties":{"IMAGEURL":"https://maps.nls.uk/view/101202885","WFS_TITLE":"London XVI.31, Revised: 1894, Published: 1896","IMAGE":"101202885"}},{"type":"Feature","id":"os_london_1056.734","geometry":{"type":"MultiPolygon","coordinates":[[[[-0.0082,51.4125],[-0.0081,51.4183],[0.0057,51.4183],[0.0057,51.4125],[-0.0082,51.4125]]]]},"geometry_name":"the_geom","properties":{"IMAGEURL":"https://maps.nls.uk/view/101202888","WFS_TITLE":"London XVI.32, Revised: 1894, Published: 1895","IMAGE":"101202888"}},{"type":"Feature","id":"os_london_1056.735","geometry":{"type":"MultiPolygon","coordinates":[[[[0.0057,51.4125],[0.0057,51.4183],[0.0196,51.4183],[0.0196,51.4125],[0.0057,51.4125]]]]},"geometry_name":"the_geom","properties":{"IMAGEURL":"https://maps.nls.uk/view/101202891","WFS_TITLE":"London XVI.33, Revised: 1894, Published: 1895","IMAGE":"101202891"}},{"type":"Feature","id":"os_london_1056.736","geometry":{"type":"MultiPolygon","coordinates":[[[[0.0196,51.4125],[0.0196,51.4183],[0.0335,51.4182],[0.0335,51.4125],[0.0196,51.4125]]]]},"geometry_name":"the_geom","properties":{"IMAGEURL":"https://maps.nls.uk/view/101202894","WFS_TITLE":"London XVI.34, Revised: 1894, Published: 1895","IMAGE":"101202894"}},{"type":"Feature","id":"os_london_1056.737","geometry":{"type":"MultiPolygon","coordinates":[[[[-0.1053,51.3489],[-0.1053,51.3547],[-0.0914,51.3547],[-0.0914,51.3489],[-0.1053,51.3489]]]]},"geometry_name":"the_geom","properties":{"IMAGEURL":"https://maps.nls.uk/view/101202972","WFS_TITLE":"London XVII.45, Revised: 1895, Published: 1895","IMAGE":"101202972"}},{"type":"Feature","id":"os_london_1056.738","geometry":{"type":"MultiPolygon","coordinates":[[[[-0.1053,51.3547],[-0.1053,51.3604],[-0.0914,51.3604],[-0.0914,51.3547],[-0.1053,51.3547]]]]},"geometry_name":"the_geom","properties":{"IMAGEURL":"https://maps.nls.uk/view/101202969","WFS_TITLE":"London XVII.35, Revised: 1895, Published: 1895","IMAGE":"101202969"}},{"type":"Feature","id":"os_london_1056.739","geometry":{"type":"MultiPolygon","coordinates":[[[[-0.1053,51.3604],[-0.1053,51.3662],[-0.0914,51.3662],[-0.0914,51.3604],[-0.1053,51.3604]]]]},"geometry_name":"the_geom","properties":{"IMAGEURL":"https://maps.nls.uk/view/101202963","WFS_TITLE":"London XVII.25, Revised: 1895, Published: 1896","IMAGE":"101202963"}},{"type":"Feature","id":"os_london_1056.740","geometry":{"type":"MultiPolygon","coordinates":[[[[-0.0914,51.3604],[-0.0914,51.3662],[-0.0776,51.3662],[-0.0776,51.3604],[-0.0914,51.3604]]]]},"geometry_name":"the_geom","properties":{"IMAGEURL":"https://maps.nls.uk/view/101202966","WFS_TITLE":"London XVII.26, Revised: 1895, Published: 1896","IMAGE":"101202966"}},{"type":"Feature","id":"os_london_1056.741","geometry":{"type":"MultiPolygon","coordinates":[[[[-0.1192,51.3662],[-0.1192,51.372],[-0.1053,51.372],[-0.1053,51.3662],[-0.1192,51.3662]]]]},"geometry_name":"the_geom","properties":{"IMAGEURL":"https://maps.nls.uk/view/101202954","WFS_TITLE":"London XVII.14, Revised: 1895, Published: 1896","IMAGE":"101202954"}},{"type":"Feature","id":"os_london_1056.742","geometry":{"type":"MultiPolygon","coordinates":[[[[-0.1053,51.3662],[-0.1053,51.372],[-0.0914,51.372],[-0.0914,51.3662],[-0.1053,51.3662]]]]},"geometry_name":"the_geom","properties":{"IMAGEURL":"https://maps.nls.uk/view/101202957","WFS_TITLE":"London XVII.15, Revised: 1894 - 1895, Published: 1896","IMAGE":"101202957"}},{"type":"Feature","id":"os_london_1056.743","geometry":{"type":"MultiPolygon","coordinates":[[[[-0.0914,51.3662],[-0.0914,51.372],[-0.0776,51.372],[-0.0776,51.3662],[-0.0914,51.3662]]]]},"geometry_name":"the_geom","properties":{"IMAGEURL":"https://maps.nls.uk/view/101202960","WFS_TITLE":"London XVII.16, Revised: 1894 - 1895, Published: 1895","IMAGE":"101202960"}},{"type":"Feature","id":"os_london_1056.744","geometry":{"type":"MultiPolygon","coordinates":[[[[-0.0914,51.372],[-0.0914,51.3778],[-0.0776,51.3778],[-0.0776,51.372],[-0.0914,51.372]]]]},"geometry_name":"the_geom","properties":{"IMAGEURL":"https://maps.nls.uk/view/101202948","WFS_TITLE":"London XVII.6, Revised: 1894 - 1895, Published: 1896","IMAGE":"101202948"}},{"type":"Feature","id":"os_london_1056.745","geometry":{"type":"MultiPolygon","coordinates":[[[[-0.0776,51.372],[-0.0776,51.3778],[-0.0637,51.3778],[-0.0637,51.372],[-0.0776,51.372]]]]},"geometry_name":"the_geom","properties":{"IMAGEURL":"https://maps.nls.uk/view/101202951","WFS_TITLE":"London XVII.7, Revised: 1895, Published: 1895","IMAGE":"101202951"}},{"type":"Feature","id":"os_london_1056.746","geometry":{"type":"MultiPolygon","coordinates":[[[[0.0195,51.3893],[0.0196,51.3951],[0.0334,51.3951],[0.0334,51.3893],[0.0195,51.3893]]]]},"geometry_name":"the_geom","properties":{"IMAGEURL":"https://maps.nls.uk/view/101202936","WFS_TITLE":"London XVI.74, Revised: 1894, Published: 1895","IMAGE":"101202936"}},{"type":"Feature","id":"os_london_1056.747","geometry":{"type":"MultiPolygon","coordinates":[[[[0.0334,51.3893],[0.0334,51.3951],[0.0473,51.3951],[0.0473,51.3893],[0.0334,51.3893]]]]},"geometry_name":"the_geom","properties":{"IMAGEURL":"https://maps.nls.uk/view/101202939","WFS_TITLE":"London XVI.75, Revised: 1895, Published: 1895","IMAGE":"101202939"}},{"type":"Feature","id":"os_london_1056.748","geometry":{"type":"MultiPolygon","coordinates":[[[[-0.0082,51.3951],[-0.0082,51.4009],[0.0057,51.4009],[0.0057,51.3951],[-0.0082,51.3951]]]]},"geometry_name":"the_geom","properties":{"IMAGEURL":"https://maps.nls.uk/view/101202924","WFS_TITLE":"London XVI.62, Revised: 1894, Published: 1895","IMAGE":"101202924"}},{"type":"Feature","id":"os_london_1056.749","geometry":{"type":"MultiPolygon","coordinates":[[[[0.0057,51.3951],[0.0057,51.4009],[0.0196,51.4009],[0.0196,51.3951],[0.0057,51.3951]]]]},"geometry_name":"the_geom","properties":{"IMAGEURL":"https://maps.nls.uk/view/101202927","WFS_TITLE":"London XVI.63, Revised: 1894, Published: 1895","IMAGE":"101202927"}},{"type":"Feature","id":"os_london_1056.750","geometry":{"type":"MultiPolygon","coordinates":[[[[-0.0221,51.4009],[-0.022,51.4067],[-0.0082,51.4067],[-0.0082,51.4009],[-0.0221,51.4009]]]]},"geometry_name":"the_geom","properties":{"IMAGEURL":"https://maps.nls.uk/view/101202909","WFS_TITLE":"London XVI.51, Revised: 1894, Published: 1895","IMAGE":"101202909"}},{"type":"Feature","id":"os_london_1056.751","geometry":{"type":"MultiPolygon","coordinates":[[[[-0.1192,51.372],[-0.1192,51.3778],[-0.1053,51.3778],[-0.1053,51.372],[-0.1192,51.372]]]]},"geometry_name":"the_geom","properties":{"IMAGEURL":"https://maps.nls.uk/view/101202942","WFS_TITLE":"London XVII.4, Revised: 1894 - 1895, Published: 1896","IMAGE":"101202942"}},{"type":"Feature","id":"os_london_1056.752","geometry":{"type":"MultiPolygon","coordinates":[[[[-0.1053,51.372],[-0.1053,51.3778],[-0.0914,51.3778],[-0.0914,51.372],[-0.1053,51.372]]]]},"geometry_name":"the_geom","properties":{"IMAGEURL":"https://maps.nls.uk/view/101202945","WFS_TITLE":"London XVII.5, Revised: 1894 - 1895, Published: 1896","IMAGE":"101202945"}},{"type":"Feature","id":"os_london_1056.753","geometry":{"type":"MultiPolygon","coordinates":[[[[-0.1611,51.5919],[-0.1471,51.5919],[-0.1471,51.5861],[-0.1611,51.5861],[-0.1611,51.5919]]]]},"geometry_name":"the_geom","properties":{"IMAGEURL":"https://maps.nls.uk/view/101269361","WFS_TITLE":"London III.31, Revised: 1893, Published: 1895","IMAGE":"101269361"}}],"totalFeatures":753,"numberMatched":753,"numberReturned":753,"timeStamp":"2026-09-23T15:14:19.833Z","crs":{"type":"name","properties":{"name":"urn:ogc:def:crs:EPSG::4326"}}}