{"type":"FeatureCollection","features":[{"type":"Feature","properties":{"kind":"river","source_file":"Lower_River_Lea.geojson","source_index":0,"OBJECTID":6,"Name":"Bow Creek","Type":"Tidal River","FirstSeries":1,"FirstRevision":1},"geometry":{"type":"MultiPolygon","coordinates":[[[[-0.006932987436867748,51.518684995405785],[-0.007045987436869404,51.51876599540584],[-0.007183987436874899,51.518856995405876],[-0.0074319874368965295,51.519000995405996],[-0.007717987436928945,51.519151995406126],[-0.007919987436958664,51.519247995406175],[-0.007917987436845911,51.51943799540632],[-0.007872987436838166,51.51941899540631],[-0.007711987436817036,51.51933899540626],[-0.007352987436761428,51.519169995406145],[-0.007200987436740678,51.51909699540609],[-0.006996987436716456,51.518989995406],[-0.006793987436695588,51.51887599540593],[-0.006738987436695651,51.51883699540588],[-0.006710987436707072,51.518797995405855],[-0.006683987436714646,51.51876599540585],[-0.006652987436734436,51.518710995405826],[-0.006617987436743522,51.51866899540576],[-0.006575987436745775,51.51863399540575],[-0.006549755571501029,51.51862007646302],[-0.006860036026072116,51.51862534971557],[-0.006932987436867748,51.518684995405785]]],[[[-0.008419987435280244,51.522466995408564],[-0.008425987435254006,51.5225169954086],[-0.00842498743524024,51.52253899540861],[-0.0084049874352065,51.52258099540861],[-0.00837498743515236,51.522651995408715],[-0.0083459874350909,51.522735995408766],[-0.008331987435064813,51.522770995408784],[-0.0082939874350247,51.52280999540882],[-0.008274987434994961,51.522847995408846],[-0.008274987434974969,51.52288099540888],[-0.00822998743494861,51.52289199540889],[-0.008188987434940348,51.52287799540886],[-0.00818698743496604,51.522832995408834],[-0.008176987434975773,51.52281099540882],[-0.008159987434981041,51.52278899540882],[-0.008131987434945842,51.522827995408846],[-0.008121987434926708,51.52285099540886],[-0.008108987434879715,51.52292099540892],[-0.008102987434854351,51.522959995408925],[-0.00809398743481288,51.523024995408996],[-0.008067987434800892,51.52302699540898],[-0.008033987434781011,51.523034995409],[-0.00797198743474069,51.523058995409016],[-0.007910987434697231,51.523088995409026],[-0.007775987434599478,51.5231579954091],[-0.0076629874345189326,51.52321399540912],[-0.00758498743445772,51.523258995409165],[-0.007548987434413495,51.52330699540921],[-0.007532987434385191,51.523344995409225],[-0.007522987434356258,51.52338599540927],[-0.007520987434338368,51.52341799540928],[-0.007518987434311362,51.52346099540933],[-0.007526987434278418,51.52352499540934],[-0.007535987434242202,51.523591995409404],[-0.007546987434198983,51.52367099540948],[-0.007556987434148847,51.52376599540955],[-0.007562987434119338,51.52381799540958],[-0.007552987434018934,51.5239809954097],[-0.007552987433991106,51.52402999540974],[-0.007536987433934189,51.5241159954098],[-0.007514987433832225,51.52427199540992],[-0.00749098743374163,51.52441099541004],[-0.007482987433699234,51.524476995410076],[-0.007467987433644116,51.524557995410134],[-0.007447987433600883,51.52461699541018],[-0.007423987433549997,51.52468599541023],[-0.007400987433505546,51.52474399541026],[-0.0073369874333939,51.52488899541037],[-0.007288987433316625,51.524986995410444],[-0.007235987433229186,51.525095995410545],[-0.007176987433133388,51.525214995410636],[-0.007134987433067167,51.52529699541069],[-0.007085987432993557,51.52538999541077],[-0.007045987432933099,51.52546099541081],[-0.006992987432861742,51.52554599541087],[-0.006968987432818766,51.52559999541091],[-0.006933549937657347,51.52569547977615],[-0.0069319874327445725,51.52569899541099],[-0.006899987432675469,51.52579299541106],[-0.006873987432618599,51.525871995411116],[-0.006857987432550014,51.52597599541119],[-0.006870987432517978,51.52603999541125],[-0.00689198743250087,51.52608499541128],[-0.0069489874324835535,51.52615499541133],[-0.007032987432457307,51.526261995411396],[-0.0071449874324420485,51.52636899541149],[-0.007286987432434056,51.526485995411555],[-0.007385987432427948,51.526566995411635],[-0.007386987432412762,51.526594995411656],[-0.007485987432403659,51.52668099541172],[-0.007596987432401493,51.52676499541176],[-0.007638987432397328,51.52680399541179],[-0.007679987432378446,51.52686899541185],[-0.007719987432350517,51.52694299541191],[-0.007861987432316399,51.52710399541202],[-0.007974987432286324,51.5272359954121],[-0.00794498743227057,51.527241995412105],[-0.007900987432250433,51.527246995412135],[-0.00768798743215198,51.527257995412135],[-0.007523987432095344,51.52723599541212],[-0.007508987432105935,51.527204995412106],[-0.0074799874321623185,51.52708899541201],[-0.0074619874321825925,51.52703999541197],[-0.007447987432184691,51.52702699541195],[-0.007415987432172334,51.52702299541198],[-0.007367987432150679,51.52702799541196],[-0.007277987432103973,51.527039995411975],[-0.007220987432071729,51.527053995412004],[-0.007203987432051554,51.527076995411996],[-0.007202987432038297,51.52709799541204],[-0.007130987432001226,51.52710799541204],[-0.007113987432006394,51.52708699541202],[-0.007089987432007644,51.527067995412004],[-0.007053987432004076,51.52704899541197],[-0.007019987432021364,51.52699399541194],[-0.00697798743205478,51.52690699541188],[-0.006929987432096652,51.52679799541181],[-0.0069129874321183895,51.52675099541175],[-0.0069159874321486695,51.52670099541174],[-0.006878987432191821,51.52660299541165],[-0.006803987432231404,51.52647999541157],[-0.006732987432260449,51.526377995411494],[-0.006682987432270011,51.52632599541145],[-0.0066289874322617535,51.52630199541144],[-0.006564987432239908,51.52628899541144],[-0.006451987432204305,51.526268995411414],[-0.0064739874322674975,51.526177995411345],[-0.0065299874323072995,51.52615299541133],[-0.0065619874323539756,51.526093995411294],[-0.006592987432412679,51.52601699541123],[-0.0066249874324822615,51.525921995411146],[-0.0066189874324973814,51.52589099541113],[-0.006619987432542019,51.52581799541109],[-0.006628987432576352,51.525764995411045],[-0.006629987432576566,51.52576499541104],[-0.0066739874326539545,51.52566699541097],[-0.006711987432710557,51.52559799541092],[-0.006749987432761862,51.525538995410884],[-0.006825987432866972,51.52541299541077],[-0.006909987432987542,51.52526999541067],[-0.007029987433170278,51.5250459954105],[-0.007087987433268594,51.52491899541039],[-0.007173987433399901,51.524759995410285],[-0.0072599874335149625,51.524627995410185],[-0.007309987433562074,51.52458399541016],[-0.007342987433600963,51.52454099541011],[-0.0073599874336373276,51.52448999541008],[-0.007370987433668448,51.52444799541005],[-0.007363987433676764,51.52442699541003],[-0.007347987433686987,51.52439699541002],[-0.0073309874337043595,51.52435599540999],[-0.007338987433736023,51.524307995409934],[-0.007352987433776306,51.524249995409896],[-0.0073749874338493735,51.52414099540984],[-0.00737898743390759,51.52404699540975],[-0.007378987433947176,51.5239789954097],[-0.007377987433946476,51.523978995409685],[-0.007346987434029401,51.52381399540956],[-0.007331987434191041,51.523529995409376],[-0.007322987434296155,51.52334399540923],[-0.007327987434364988,51.523229995409146],[-0.007337987434394909,51.523186995409134],[-0.0073599874344251965,51.523151995409094],[-0.00738998743445168,51.52312899540907],[-0.007445987434513638,51.523061995409016],[-0.007538987434622522,51.522944995408935],[-0.007541987434641483,51.522915995408916],[-0.007562987434677092,51.52287199540888],[-0.007594987434726763,51.52280999540882],[-0.007596987434755845,51.522760995408795],[-0.007569987434767724,51.52272099540876],[-0.007537987434787179,51.52266299540872],[-0.007537987434812039,51.5226219954087],[-0.007568987434860249,51.52256399540866],[-0.007601987434900301,51.522516995408616],[-0.007669987434957696,51.52247099540858],[-0.007702987434998812,51.522424995408564],[-0.007706987435000213,51.52242399540856],[-0.007704987434999714,51.52242399540856],[-0.007718987435017768,51.52240299540853],[-0.007752987435073036,51.52233399540849],[-0.007817987435132734,51.52227899540843],[-0.0079109874351925,51.522246995408395],[-0.00802498743525753,51.522219995408385],[-0.008076987435296348,51.52218999540837],[-0.008096987435338064,51.52213399540832],[-0.008075987435360636,51.522080995408295],[-0.00805098743539414,51.52200599540823],[-0.008095987435450529,51.52194099540816],[-0.008221987435604594,51.52177099540805],[-0.00827998743569557,51.521657995407956],[-0.008327987435755793,51.52159399540792],[-0.008367987435796578,51.52154899540787],[-0.008405987435830459,51.52152099540787],[-0.008501987435900344,51.52147199540783],[-0.008577987435956677,51.52143299540779],[-0.008612987435986721,51.52140599540776],[-0.008651987436031747,51.521356995407764],[-0.008700987436098383,51.521279995407674],[-0.00875198743616474,51.52120299540761],[-0.008800987436230435,51.52112799540753],[-0.008839987436294959,51.52104699540753],[-0.008931987436442426,51.52086299540737],[-0.008943987436481823,51.52080599540733],[-0.008959987436546642,51.52070599540725],[-0.008965987436647447,51.52053799540714],[-0.008940987436711883,51.52040999540702],[-0.00889898743674953,51.52031399540697],[-0.008880987436775874,51.520257995406915],[-0.008886987436813614,51.52019799540689],[-0.008870987436868285,51.52009499540679],[-0.008862987436884712,51.52005999540678],[-0.008815987436905115,51.51998999540671],[-0.008724987436927992,51.51988699540663],[-0.008612987436933483,51.51979499540657],[-0.008540987436935155,51.51973999540653],[-0.008479987436933569,51.519698995406515],[-0.008406987436920406,51.519667995406486],[-0.008322987436906055,51.51962799540646],[-0.008197987436890309,51.51956699540641],[-0.008045987436864509,51.519498995406366],[-0.007920987436848468,51.51943599540633],[-0.007921987436958064,51.51924899540617],[-0.008087987436982587,51.51933099540623],[-0.00823298743700301,51.51939999540629],[-0.008384987437026257,51.51947099540634],[-0.008610987437067327,51.5195659954064],[-0.00883598743710686,51.51966199540647],[-0.008987987437139282,51.51971799540651],[-0.0090169874371346,51.51974799540654],[-0.009039987437120351,51.519785995406565],[-0.009095987437098892,51.519865995406626],[-0.009126987437071838,51.51993499540666],[-0.009163987437037382,51.520019995406734],[-0.009181987436984868,51.520121995406804],[-0.009187987436860307,51.52033899540699],[-0.009179987436671618,51.520652995407204],[-0.009175987436616224,51.52074499540726],[-0.009150987436583779,51.52078099540729],[-0.00909998743650895,51.52087099540737],[-0.009061987436450602,51.520941995407426],[-0.00901398743637422,51.52103799540749],[-0.00896298743627809,51.52116399540758],[-0.008917987436215798,51.521235995407636],[-0.008907987436184768,51.521283995407686],[-0.008906987436160413,51.521323995407705],[-0.008926987436132206,51.52138499540778],[-0.008938987436117362,51.52141999540778],[-0.008916987436103961,51.521426995407786],[-0.008896987436106764,51.521407995407785],[-0.00884598743612017,51.52134899540774],[-0.008825987436114728,51.52134399540772],[-0.008809987436100088,51.52135599540773],[-0.008786987436061766,51.521402995407755],[-0.008751987436012309,51.521463995407814],[-0.008684987435928753,51.521554995407875],[-0.008653987435887309,51.52160499540792],[-0.008648987435865086,51.52163899540796],[-0.00864198743582696,51.521698995407995],[-0.008627987435786594,51.52175799540802],[-0.008594987435739849,51.52181299540809],[-0.008571987435693413,51.521873995408114],[-0.008553987435633759,51.521964995408204],[-0.008519987435520435,51.52213099540832],[-0.008472987435403612,51.52229499540844],[-0.008433987435312233,51.522423995408516],[-0.00842998743531049,51.522423995408545],[-0.008419987435280244,51.522466995408564]],[[-0.008431987435312517,51.52242099540853],[-0.008174987435203864,51.52241999540852],[-0.00842998743531049,51.522423995408545],[-0.008431987435312517,51.52242099540853]],[[-0.008088987435167656,51.522417995408546],[-0.008084987435165107,51.522419995408534],[-0.008174987435203864,51.52241999540852],[-0.008088987435167656,51.522417995408546]],[[-0.00808198743516318,51.52241999540852],[-0.00807398743517511,51.52239399540852],[-0.008055987435180342,51.5223739954085],[-0.00801998743517409,51.52235699540851],[-0.007970987435154868,51.52235299540848],[-0.007918987435128328,51.5223599954085],[-0.007847987435069885,51.522408995408526],[-0.007837987435056381,51.522423995408545],[-0.007834987435056449,51.52242399540854],[-0.007804987435019188,51.52246199540856],[-0.007767987434968822,51.52252299540862],[-0.00772198743491382,51.52258199540866],[-0.0077139874348945,51.522609995408686],[-0.007730987434883335,51.52263999540871],[-0.007770987434893411,51.522652995408706],[-0.00781298743490714,51.52266199540872],[-0.007859987434918815,51.52267499540874],[-0.007898987434928268,51.52268699540872],[-0.007920987434934145,51.522691995408735],[-0.00795898743495753,51.522678995408725],[-0.00797198743497444,51.52266399540873],[-0.007972987434987153,51.522639995408696],[-0.0079729874350055,51.52261099540866],[-0.007976987435025541,51.522577995408646],[-0.007992987435050577,51.522545995408635],[-0.008029987435094215,51.52249999540859],[-0.008063987435137617,51.52244999540855],[-0.008082987435161042,51.522419995408534],[-0.00808198743516318,51.52241999540852]]]]}},{"type":"Feature","properties":{"kind":"river","source_file":"Lower_River_Lea.geojson","source_index":1,"OBJECTID":9,"Name":"Three Mill Wall River","Type":"Back River","FirstSeries":1,"FirstRevision":1},"geometry":{"type":"Polygon","coordinates":[[[-0.007315987431878452,51.52745199541228],[-0.007346987431877031,51.5274779954123],[-0.007406987431879716,51.527515995412315],[-0.0074769874318875405,51.52755399541237],[-0.00753898743189552,51.52758399541238],[-0.007573987431909716,51.52758699541238],[-0.0076159874319298064,51.52758099541238],[-0.007666987431969635,51.52755299541234],[-0.007726987432016074,51.52751899541232],[-0.007752987432035685,51.52750299541233],[-0.007746987432042024,51.5274869954123],[-0.007899987432112227,51.52747999541229],[-0.00790098743183072,51.52796099541264],[-0.007884987431825046,51.52795899541266],[-0.00784498743180898,51.52795599541264],[-0.007815987431794093,51.52795999541266],[-0.0077669874317734845,51.52795899541266],[-0.007746987431760337,51.52796799541267],[-0.007724987431731914,51.52799999541269],[-0.007699987431692266,51.52804899541271],[-0.007670987431642205,51.528111995412786],[-0.007643987431587573,51.52818499541282],[-0.0075669874314718355,51.52832799541295],[-0.007533987431419519,51.52839199541298],[-0.007443987431270608,51.528579995413125],[-0.007387987431169709,51.52871299541322],[-0.007370987431124346,51.52877499541326],[-0.007352987431078305,51.528840995413326],[-0.007325987431015541,51.528926995413386],[-0.007293987430941356,51.52903299541345],[-0.0072819874309030894,51.5290889954135],[-0.007281987430861249,51.52915799541357],[-0.007288987430831133,51.5292139954136],[-0.007295987430781686,51.52930499541366],[-0.007292987430748917,51.5293579954137],[-0.007278987430691957,51.529442995413746],[-0.0072739874306548945,51.52950499541382],[-0.007270987430613846,51.529570995413856],[-0.0072749874305547396,51.52967699541394],[-0.007271987430492658,51.52977999541404],[-0.007281987430470716,51.52982299541403],[-0.007328987430386987,51.529999995414165],[-0.007353987430349412,51.53007999541424],[-0.007370987430341222,51.53010899541425],[-0.007397987430352838,51.530107995414255],[-0.007404987430351374,51.53011499541426],[-0.007420987430359993,51.53011499541427],[-0.007426987430347117,51.530138995414276],[-0.007408987430339702,51.530138995414276],[-0.0074089874303363565,51.53014599541429],[-0.007384987430320885,51.5301519954143],[-0.007379987430309364,51.530169995414305],[-0.007391987430278823,51.53022999541434],[-0.007417987430252813,51.530292995414406],[-0.007434987430253898,51.53030299541441],[-0.007445987430243478,51.530329995414434],[-0.007497987430207937,51.5304299954145],[-0.00752398743018731,51.530480995414536],[-0.0075409874301974236,51.53047799541453],[-0.007549987430186423,51.53050199541454],[-0.00755798743016818,51.53053899541456],[-0.007554987430151423,51.53056699541459],[-0.007538987430137689,51.530576995414606],[-0.007535987430126808,51.53059299541462],[-0.007552987430114429,51.53062699541463],[-0.007598987430081068,51.530715995414724],[-0.007666987430037978,51.530839995414816],[-0.0076749874300202,51.530877995414826],[-0.007677987429992739,51.53092599541486],[-0.007720987429978591,51.53098099541491],[-0.00778798742995712,51.531066995414946],[-0.007867987429903234,51.531215995415074],[-0.00791898742989523,51.531266995415116],[-0.007933987429886387,51.53129199541512],[-0.007957987429858544,51.53135699541517],[-0.008002987429794129,51.53150199541529],[-0.008022987429758013,51.53157399541535],[-0.008053987429707437,51.53168399541543],[-0.008086987429653457,51.5317999954155],[-0.00809398742963117,51.531840995415536],[-0.008078987429612753,51.53186299541555],[-0.008045987429579057,51.53189799541558],[-0.008059987429557915,51.53194399541562],[-0.008087987429528409,51.532012995415656],[-0.008125987429510694,51.532071995415706],[-0.008212987429482838,51.53218299541579],[-0.008236987429461644,51.53223699541583],[-0.008254987429442157,51.53228099541587],[-0.00820698742941924,51.532286995415845],[-0.008231987429382796,51.53236599541593],[-0.008263987429399317,51.53236399541592],[-0.008267987429381451,51.53239599541595],[-0.008271987429315323,51.532509995416035],[-0.00827698742928175,51.53257199541609],[-0.008297987429266908,51.53260999541609],[-0.00832498742926347,51.53263699541615],[-0.008386987429255892,51.53269599541617],[-0.008656987429278526,51.53285299541628],[-0.008592987429224345,51.53289999541631],[-0.008324987429210085,51.53272699541618],[-0.008241987429221323,51.53264999541612],[-0.008180987429228077,51.53259399541608],[-0.008143987429212608,51.53259199541609],[-0.008119987429184367,51.53262299541611],[-0.008021987429063458,51.53275699541622],[-0.007952987428971457,51.532863995416285],[-0.007929987428924425,51.53292599541634],[-0.007916987428897305,51.532962995416376],[-0.007909987428859013,51.53302499541642],[-0.00790798742882705,51.53307699541647],[-0.007922987428776474,51.533175995416514],[-0.00782398742867996,51.53326699541659],[-0.007772987428696073,51.533201995416555],[-0.007786987428777293,51.53307399541645],[-0.007805987428847237,51.53296999541638],[-0.007875987428941559,51.53285899541629],[-0.007961987429061226,51.532717995416185],[-0.008063987429190546,51.53256999541609],[-0.008094987429258587,51.532476995416005],[-0.00809498742931917,51.53237699541594],[-0.008054987429322065,51.5323409954159],[-0.007993987429352199,51.532244995415844],[-0.007954987429377084,51.5321749954158],[-0.007903987429380603,51.53213099541575],[-0.007863987429385549,51.532094995415726],[-0.007823987429398086,51.53204199541567],[-0.007822987429430982,51.53198699541565],[-0.007849987429559717,51.53178799541549],[-0.007869987429684764,51.53158799541534],[-0.00785798742971934,51.53152199541531],[-0.007833987429740563,51.53146899541527],[-0.007794987429759667,51.53140599541523],[-0.00777698742977079,51.531374995415185],[-0.007749987429761648,51.53136999541518],[-0.0076989874297661255,51.531325995415166],[-0.007635987429769017,51.531274995415124],[-0.007592987429785847,51.531216995415065],[-0.00755898742982753,51.531118995415],[-0.0074989874298593525,51.53102099541496],[-0.0074409874298869555,51.53093099541487],[-0.007387987429910563,51.53085399541483],[-0.007292987429925534,51.530757995414746],[-0.0072389874299463265,51.53068499541469],[-0.007203987429978409,51.53060399541462],[-0.007177987429985025,51.5305749954146],[-0.007179987430004421,51.530541995414566],[-0.0071559874300267815,51.530485995414544],[-0.007118987430081601,51.53036699541445],[-0.007100987430142218,51.53024999541436],[-0.007116987430162995,51.53022899541434],[-0.007114987430181445,51.530192995414325],[-0.007097987430203349,51.53014499541427],[-0.007065987430222575,51.53008799541423],[-0.007048987430241926,51.530043995414225],[-0.007040987430277825,51.529977995414164],[-0.007058987430331111,51.529899995414105],[-0.007070987430389634,51.52980899541404],[-0.007089987430453346,51.52971399541397],[-0.007080987430530967,51.529573995413855],[-0.007063987430599716,51.529444995413755],[-0.007005987430665763,51.529291995413665],[-0.0069979874307077835,51.52921299541361],[-0.0070149874307939945,51.529077995413495],[-0.007018987430853295,51.52898299541342],[-0.007052987430905874,51.52891699541338],[-0.007067987430959262,51.52883599541332],[-0.007121987431047778,51.528722995413226],[-0.0071279874310860225,51.528662995413185],[-0.007164987431130683,51.528615995413155],[-0.007186987431178693,51.5285499954131],[-0.0072109874312642095,51.52842199541299],[-0.007246987431341408,51.52831599541292],[-0.007287987431409021,51.528232995412864],[-0.007333987431481109,51.528142995412814],[-0.007365987431508162,51.52811799541278],[-0.00737798743157358,51.52801599541272],[-0.007363987431631208,51.52790799541262],[-0.007335987431664126,51.527831995412555],[-0.007290987431707443,51.5277259954125],[-0.007231987431758701,51.52759499541238],[-0.007215987431789919,51.527529995412344],[-0.007193987431841392,51.5274269954123],[-0.007285987431884611,51.52741899541226],[-0.007315987431878452,51.52745199541228]]]}},{"type":"Feature","properties":{"kind":"river","source_file":"Lower_River_Lea.geojson","source_index":2,"OBJECTID":10,"Name":"Three Mills Back River","Type":"Back River","FirstSeries":1,"FirstRevision":1},"geometry":{"type":"Polygon","coordinates":[[[-0.007922987432123623,51.527477995412305],[-0.007982987432127478,51.527514995412325],[-0.007985987432101755,51.527559995412346],[-0.007990987432069694,51.5276199954124],[-0.007995987432017897,51.527708995412446],[-0.007998987432005465,51.52773199541249],[-0.008030987432002997,51.52775999541251],[-0.008030987431997854,51.52776999541249],[-0.008104987432001418,51.52781599541256],[-0.008174987432009341,51.52785499541256],[-0.008297987432024138,51.527920995412615],[-0.008360987432030943,51.52795399541265],[-0.00844398743204633,51.52798599541268],[-0.008571987432070787,51.52804099541271],[-0.008611987432072534,51.52806399541274],[-0.008652987432071567,51.52809799541274],[-0.008693987432071443,51.528124995412774],[-0.008740987432084795,51.52813799541277],[-0.00878298743210054,51.52814099541277],[-0.008836987432131078,51.52812799541278],[-0.008892987432165197,51.528112995412755],[-0.008898987432172129,51.528103995412756],[-0.008957987432208993,51.52808199541274],[-0.00902098743224893,51.52806399541271],[-0.00903398743224927,51.5280709954127],[-0.009061987432259054,51.52807499541272],[-0.009078987432265775,51.52807399541273],[-0.009099987432286214,51.5280579954127],[-0.009163987432341815,51.528009995412674],[-0.009180987432334873,51.52803399541267],[-0.009222987432325807,51.52807999541273],[-0.009286987432305936,51.528159995412786],[-0.00925098743228536,51.528168995412784],[-0.009191987432256365,51.5281759954128],[-0.0091569874322391,51.52817999541279],[-0.00914998743222899,51.5281899954128],[-0.009149987432208549,51.52822299541284],[-0.009160987432211718,51.52822799541283],[-0.00916598743220813,51.528237995412866],[-0.00915498743220011,51.52824299541283],[-0.009132987432189743,51.52824699541286],[-0.00909698743216604,51.528257995412844],[-0.009069987432143755,51.528277995412864],[-0.009054987432122139,51.5283039954129],[-0.00904998743210093,51.52833699541291],[-0.00906098743208179,51.52837699541297],[-0.009113987432050512,51.52846699541302],[-0.009214987432019,51.528594995413115],[-0.00926598743200086,51.52866299541317],[-0.009333987431962862,51.52877599541325],[-0.009394987431933892,51.52887299541331],[-0.009500987431900492,51.52900599541341],[-0.009596987431879896,51.5291099954135],[-0.00966898743185493,51.52920599541356],[-0.009741987431829904,51.529301995413626],[-0.009810987431802438,51.5293999954137],[-0.009926987431757845,51.52955799541382],[-0.010016987431730972,51.529670995413895],[-0.010075987431718671,51.529734995413946],[-0.010146987431706514,51.52980599541399],[-0.010235987431691658,51.52989599541406],[-0.010343987431677262,51.52999899541412],[-0.010410987431656102,51.53008499541421],[-0.010438987431644458,51.530126995414214],[-0.010456987431611948,51.530190995414266],[-0.010460987431589581,51.530233995414314],[-0.010458987431556967,51.53028799541433],[-0.010453987431523488,51.53033999541441],[-0.010447987431488417,51.530397995414425],[-0.010434987431447445,51.53045599541449],[-0.010418987431408466,51.53051299541451],[-0.010401987431361023,51.53057899541457],[-0.010388987431302593,51.530667995414625],[-0.010380987431268269,51.53072499541467],[-0.010367987431204442,51.53081999541475],[-0.010344987431148872,51.5308989954148],[-0.01031198743108873,51.53097899541486],[-0.010285987431038415,51.5310469954149],[-0.010258987430984854,51.53111399541497],[-0.010216987430933792,51.531172995415005],[-0.01017098743087297,51.53124099541506],[-0.010117987430811793,51.531309995415114],[-0.01006898743075515,51.53136999541515],[-0.010021987430703025,51.53142499541519],[-0.009968987430645046,51.53148099541524],[-0.009928987430600474,51.53152899541528],[-0.009916987430578315,51.531557995415305],[-0.009899987430545912,51.53160199541533],[-0.009900987430525704,51.531636995415354],[-0.009898987430490874,51.5316939954154],[-0.009904987430471085,51.531733995415415],[-0.009916987430458227,51.53176399541546],[-0.009940987430453215,51.53178999541548],[-0.009978987430447818,51.5318259954155],[-0.010133987430453816,51.53192999541559],[-0.009976987430334365,51.53201899541565],[-0.009847987430341426,51.531911995415555],[-0.009828987430356258,51.531872995415526],[-0.009778987430403424,51.531756995415456],[-0.009770987430409791,51.53173899541544],[-0.009769987430423472,51.531714995415406],[-0.009776987430466863,51.53164699541537],[-0.009781987430502488,51.5315909954153],[-0.009807987430532288,51.531556995415286],[-0.0098399874305728,51.53151399541527],[-0.009893987430645002,51.531428995415204],[-0.009917987430670235,51.5314059954152],[-0.009962987430715333,51.531361995415146],[-0.010032987430783319,51.5312939954151],[-0.010090987430849047,51.53122399541506],[-0.010122987430894865,51.53116899541501],[-0.010148987430941942,51.53110799541498],[-0.010182987431024413,51.53099299541486],[-0.010213987431113257,51.530864995414774],[-0.010236987431179687,51.530767995414706],[-0.010258987431239607,51.53068399541466],[-0.010280987431309743,51.53057999541457],[-0.010304987431360192,51.530511995414535],[-0.010330987431419275,51.53042999541448],[-0.01033898743146006,51.53036599541441],[-0.010331987431489222,51.53031099541435],[-0.010299987431506728,51.53025699541433],[-0.010263987431532154,51.530185995414264],[-0.010225987431551333,51.530126995414236],[-0.010208987431567748,51.53008699541421],[-0.010182987431581587,51.53004499541417],[-0.010138987431587655,51.53000299541412],[-0.010046987431593019,51.52992699541409],[-0.009955987431601193,51.52984799541402],[-0.00991098743161506,51.52979199541397],[-0.00988698743162067,51.52976299541397],[-0.009811987431662103,51.529636995413874],[-0.009727987431692349,51.529524995413794],[-0.00963298743173301,51.52938599541369],[-0.009547987431747477,51.52929999541362],[-0.009456987431779324,51.529179995413536],[-0.009349987431803897,51.52905999541347],[-0.009282987431827672,51.52897199541339],[-0.0091809874318622,51.52883899541329],[-0.009076987431899781,51.52869799541318],[-0.008987987431926027,51.528586995413114],[-0.008938987431946077,51.528517995413054],[-0.00889498743195307,51.52847499541302],[-0.008825987431959757,51.52841399541296],[-0.008752987431959765,51.52835999541293],[-0.008678987431952093,51.52831899541291],[-0.008625987431942924,51.528296995412894],[-0.008569987431940932,51.52825999541289],[-0.008516987431939115,51.528222995412854],[-0.008484987431934732,51.528208995412825],[-0.008421987431918222,51.528189995412816],[-0.008385987431910729,51.5281759954128],[-0.008357987431921989,51.528136995412765],[-0.008323987431919705,51.52811599541276],[-0.008272987431912522,51.52809099541275],[-0.00816998743189564,51.52804499541271],[-0.008101987431886944,51.52801199541268],[-0.007981987431847646,51.527989995412675],[-0.00793398743182948,51.52798399541266],[-0.00790098743183072,51.52796099541264],[-0.007899987432112227,51.52747999541229],[-0.007922987432123623,51.527477995412305]]]}},{"type":"Feature","properties":{"kind":"river","source_file":"Lower_River_Lea.geojson","source_index":3,"OBJECTID":11,"Name":"Waterworks River","Type":"Back River","FirstSeries":1,"FirstRevision":1},"geometry":{"type":"Polygon","coordinates":[[[-0.009513987429852237,51.532500995416],[-0.009487987429830834,51.53251899541601],[-0.00943798742978865,51.53255399541605],[-0.009406987429763852,51.53257499541606],[-0.009358987429724332,51.5326059954161],[-0.00934298742970913,51.53261799541611],[-0.009342987429702587,51.53263099541611],[-0.009331987429647064,51.53271899541619],[-0.009305987429488887,51.53296699541636],[-0.009305987429476923,51.53298999541637],[-0.00928198742945941,51.53300099541637],[-0.009265987429450328,51.53300599541639],[-0.009195987429416776,51.5330129954164],[-0.00904198742935891,51.53299899541638],[-0.00891998742931187,51.53298699541639],[-0.00889498742930178,51.53298799541637],[-0.00886098742928425,51.532993995416376],[-0.008845987429269776,51.53300699541639],[-0.008795987429221806,51.53305099541644],[-0.008750987429181208,51.53308799541646],[-0.008671987429105637,51.53315899541651],[-0.008587987429030277,51.53322599541657],[-0.00851498742895942,51.533293995416614],[-0.008482987428928989,51.533322995416626],[-0.008489987428921424,51.53334199541663],[-0.008498987428911578,51.53336299541666],[-0.008461987428883435,51.533385995416694],[-0.00839198742882719,51.53343199541669],[-0.00832898742877582,51.53346999541674],[-0.00830798742875991,51.53348199541675],[-0.008267987428739552,51.53348899541675],[-0.008248987428728208,51.53349499541677],[-0.00823598742865661,51.533607995416844],[-0.008223987428600943,51.53369199541691],[-0.008177987428551504,51.53374299541694],[-0.008153987428521864,51.53377499541698],[-0.00812998742849924,51.53379499541698],[-0.008145987428500404,51.533806995417],[-0.008134987428487669,51.53381899541701],[-0.008115987428484286,51.53381199541701],[-0.008021987428394838,51.53389699541707],[-0.007992987428363548,51.53392699541709],[-0.007937987428305966,51.533986995417145],[-0.007891987428256579,51.534035995417184],[-0.007831987428194086,51.53409899541722],[-0.007807987428170039,51.53412299541722],[-0.00777198742813213,51.53416199541726],[-0.007746987428108269,51.53418399541729],[-0.0077019874280685185,51.534218995417305],[-0.007634987428012537,51.53426499541735],[-0.007497987427901277,51.53435399541742],[-0.007465987427873318,51.53437899541741],[-0.007415987427827153,51.534418995417454],[-0.007387987427800414,51.53444699541749],[-0.007335987427757998,51.53448099541751],[-0.007266987427705301,51.53452099541754],[-0.007227987427671852,51.53454899541756],[-0.007182987427638131,51.53457399541758],[-0.007158987427615982,51.53459399541758],[-0.00711298742757399,51.534629995417625],[-0.007077987427543682,51.53465599541764],[-0.007048987427524158,51.53466899541766],[-0.007011987427494234,51.53469499541765],[-0.006966987427456501,51.534725995417695],[-0.0069459874274315795,51.53475199541771],[-0.00692798742740873,51.53477699541774],[-0.0069089874273818574,51.53480999541777],[-0.006891987427354385,51.53484399541779],[-0.006886987427342732,51.53485999541779],[-0.006887987427328572,51.534884995417826],[-0.0068909874273066175,51.53492599541785],[-0.006898987427295999,51.53494899541784],[-0.006918987427279647,51.534989995417895],[-0.006951987427265437,51.535036995417926],[-0.0069899874272566255,51.535082995417966],[-0.007051987427235625,51.535162995418005],[-0.007099987427220408,51.53522299541808],[-0.0070779874272040985,51.53523599541806],[-0.007057987427184064,51.53525299541807],[-0.00702898742715796,51.53527899541811],[-0.006988987427131026,51.535293995418115],[-0.006893987427075869,51.53532099541813],[-0.006840987427046497,51.53533099541815],[-0.006824987427034715,51.535338995418144],[-0.0068259874270297114,51.53534899541817],[-0.006868987427005351,51.53541999541823],[-0.00677698742695972,51.535433995418224],[-0.006740987426996212,51.53534499541816],[-0.006729987426989241,51.53534799541815],[-0.006725987426991335,51.53534299541815],[-0.006715987426989267,51.535336995418156],[-0.006704987426983956,51.53533899541816],[-0.006696987426977695,51.53534399541817],[-0.006698987426972166,51.53535499541819],[-0.00669198742696621,51.53535899541818],[-0.006709987426949626,51.53540099541819],[-0.006632987426907718,51.535414995418236],[-0.0066039874269406594,51.53533599541814],[-0.006594987426944101,51.53532799541814],[-0.006563987426938641,51.53531099541814],[-0.006521987426938102,51.53528299541812],[-0.006478987426934041,51.535258995418104],[-0.006459987426929145,51.53525299541809],[-0.006433987426922759,51.53524399541808],[-0.006412987426912596,51.535247995418096],[-0.006376987426892215,51.53525599541809],[-0.006353987426877163,51.53526599541811],[-0.006333987426862512,51.53527499541811],[-0.006318987426848295,51.535286995418126],[-0.00627898742681163,51.53532199541814],[-0.006223987426753641,51.53538099541817],[-0.006159987426693126,51.53543699541823],[-0.0061079874266809445,51.53541999541823],[-0.0060169874266680695,51.5353739954182],[-0.006209987426834571,51.53523099541808],[-0.006393987426992929,51.53509599541799],[-0.006504987427094496,51.5350049954179],[-0.006573987427159671,51.53494199541787],[-0.006605987427194717,51.53490699541783],[-0.006632987427235094,51.534858995417785],[-0.0066729874272890895,51.53479499541775],[-0.006686987427313921,51.534763995417734],[-0.006707987427346297,51.534721995417705],[-0.006737987427374776,51.53469699541768],[-0.0067949874274236665,51.53465499541763],[-0.00684998742747119,51.53461599541761],[-0.006918987427526893,51.53456999541758],[-0.0070069874276057625,51.53450099541752],[-0.007067987427659228,51.5344549954175],[-0.007174987427739363,51.534393995417446],[-0.007186987427744611,51.534393995417446],[-0.007262987427800568,51.53435599541743],[-0.007345987427860755,51.534310995417385],[-0.007489987427973107,51.53422499541733],[-0.007563987428040652,51.53416499541728],[-0.00767198742813529,51.53408399541722],[-0.0077389874281973015,51.53402499541716],[-0.00776798742823861,51.53397699541711],[-0.007825987428323355,51.533875995417056],[-0.007842987428347551,51.533844995417034],[-0.007889987428392593,51.533802995417],[-0.007926987428424494,51.53377599541698],[-0.00800798742849305,51.53371899541694],[-0.008081987428597863,51.53359399541685],[-0.008088987428611227,51.533576995416816],[-0.00807198742866597,51.533470995416735],[-0.007975987428682888,51.533369995416685],[-0.00782398742867996,51.53326699541659],[-0.007922987428776474,51.533175995416514],[-0.008085987428778358,51.53329199541662],[-0.008104987428779098,51.53330099541661],[-0.008213987428796133,51.53335399541666],[-0.008248987428799077,51.53337199541667],[-0.008290987428836114,51.53333799541665],[-0.008392987428927998,51.53325799541658],[-0.00846198742899027,51.53320199541654],[-0.008512987429035826,51.53316099541651],[-0.008640987429152924,51.533056995416445],[-0.008730987429235807,51.53298299541638],[-0.008731987429242626,51.53297099541637],[-0.008685987429237959,51.53294399541634],[-0.008661987429235435,51.53293099541632],[-0.00865498742923015,51.532932995416346],[-0.008648987429229302,51.532930995416336],[-0.008592987429224345,51.53289999541631],[-0.008656987429278526,51.53285299541628],[-0.008676987429286591,51.53285399541626],[-0.008705987429301827,51.53285099541629],[-0.008750987429337082,51.53282399541625],[-0.0088249874293935,51.532780995416225],[-0.008918987429467342,51.5327249954162],[-0.009034987429554426,51.53265799541612],[-0.009230987429713117,51.53253199541602],[-0.009326987429782696,51.53248299541599],[-0.009414987429832008,51.532462995415976],[-0.00948198742986389,51.53245799541599],[-0.009548987429900142,51.53244499541598],[-0.009581987429890011,51.532485995416025],[-0.009513987429852237,51.532500995416]]]}},{"type":"Feature","properties":{"kind":"river","source_file":"Lower_River_Lea.geojson","source_index":4,"OBJECTID":12,"Name":"Waterworks River","Type":"Back River","FirstSeries":1,"FirstRevision":1},"geometry":{"type":"Polygon","coordinates":[[[-0.006775987426957261,51.535436995418216],[-0.00686998742700316,51.53542799541823],[-0.006888987426986791,51.53546899541825],[-0.006903987426989675,51.53547499541825],[-0.006957987427014264,51.535469995418254],[-0.007021987427038713,51.53547499541826],[-0.0070679874270551,51.53548099541827],[-0.007093987427061024,51.53549099541825],[-0.007092987427041824,51.535522995418276],[-0.007109987427022332,51.53556699541833],[-0.007142987426991341,51.53564599541838],[-0.007196987426966525,51.535724995418434],[-0.007236987426944811,51.53579399541848],[-0.007254987426931913,51.53582799541851],[-0.007285987426927209,51.53585899541853],[-0.007346987426922373,51.535910995418575],[-0.007405987426923416,51.53595199541859],[-0.0075139874269344485,51.53601199541865],[-0.007623987426945109,51.53607499541867],[-0.007753987426958798,51.53614599541874],[-0.007874987426968608,51.53621499541879],[-0.008074987426995176,51.53631799541887],[-0.008255987427017605,51.536412995418935],[-0.008456987427041185,51.536516995418985],[-0.008647987427068439,51.536610995419075],[-0.008734987427078247,51.5366569954191],[-0.00886898742708948,51.53673599541916],[-0.009009987427095372,51.53682799541923],[-0.009179987427095245,51.53694999541932],[-0.009224987427096027,51.53698199541934],[-0.009225987427089626,51.53699399541934],[-0.009474987427112145,51.537138995419454],[-0.009565987427114779,51.537199995419506],[-0.009649987427118758,51.537254995419545],[-0.009692987427124704,51.537274995419544],[-0.009771987427140992,51.53730499541958],[-0.00990498742716798,51.53735799541961],[-0.010016987427184527,51.53740999541965],[-0.010098987427191902,51.537457995419686],[-0.010140987427184089,51.53749999541972],[-0.010192987427169871,51.53756399541978],[-0.010221987427164486,51.53759499541978],[-0.010245987427154348,51.53762999541981],[-0.010277987427134977,51.537687995419866],[-0.010302987427105661,51.5377529954199],[-0.01033498742707685,51.53782499541996],[-0.01036498742704505,51.537903995420024],[-0.010401987427011018,51.53798499542006],[-0.010419987426984615,51.53804499542012],[-0.01052398742692868,51.53821599542024],[-0.010597987426886613,51.53834099542034],[-0.010645987426855838,51.53842899542041],[-0.010710987426815397,51.53854499542047],[-0.010787987426772382,51.538674995420564],[-0.010838987426739765,51.53876599542067],[-0.010909987426702596,51.53888399542073],[-0.010995987426656263,51.53902399542083],[-0.011042987426621768,51.53911799542091],[-0.011119987426591977,51.53922599542098],[-0.011155987426575045,51.53927999542104],[-0.011208987426563035,51.53934099542106],[-0.011234457834253154,51.53938267429917],[-0.01105836663962197,51.53937968879216],[-0.0110019874264963,51.53930199542105],[-0.010930987426532444,51.539187995420974],[-0.01095198742654364,51.53918199542096],[-0.010936987426550105,51.53916099542094],[-0.010913987426539847,51.53916199542096],[-0.010815987426590179,51.53900599542081],[-0.010772987426586745,51.53897999542081],[-0.01072198742661339,51.53889699542076],[-0.010600987426685275,51.53868699542059],[-0.010489987426750462,51.53849499542044],[-0.010391987426809078,51.538324995420325],[-0.010417987426824036,51.538317995420314],[-0.01029798742688276,51.53812799542018],[-0.01028498742689936,51.53809199542017],[-0.010245987426942733,51.53798999542008],[-0.010171987427011456,51.53781699541995],[-0.01008298742707023,51.53765199541983],[-0.010047987427080372,51.53760999541981],[-0.010021987427095215,51.53756799541977],[-0.009966987427101028,51.53751699541972],[-0.009895987427099823,51.537466995419706],[-0.009794987427084043,51.537420995419666],[-0.009702987427064255,51.53738699541964],[-0.00957398742703924,51.53733599541961],[-0.009437987427023222,51.53726199541955],[-0.00937798742701683,51.53722899541953],[-0.009117987426991105,51.53708599541942],[-0.009091987426995362,51.5370569954194],[-0.009056987426997341,51.537028995419384],[-0.009008987427005274,51.536980995419334],[-0.008932987427000012,51.536933995419325],[-0.008836987426997945,51.53686799541927],[-0.00867198742698345,51.53677099541919],[-0.00854498742697119,51.53669999541916],[-0.008443987426958127,51.536648995419114],[-0.0082849874269399,51.536564995419056],[-0.008221987426926973,51.536540995419024],[-0.008102987426912425,51.53647899541899],[-0.007937987426889753,51.536395995418935],[-0.00775398742686106,51.53630999541887],[-0.0075339874268368955,51.53619199541878],[-0.007308987426822316,51.53605299541867],[-0.007104987426815714,51.535914995418594],[-0.006935987426811357,51.535798995418475],[-0.00686198742682939,51.535714995418445],[-0.006771987426853426,51.53560999541835],[-0.006706987426866263,51.535539995418304],[-0.006704987426875045,51.53552399541831],[-0.00673198742690257,51.53549499541827],[-0.006765987426919817,51.53549099541827],[-0.006783987426924556,51.53549599541828],[-0.006795987426933674,51.53548999541825],[-0.006789987426942209,51.53547099541825],[-0.006781987426955619,51.535442995418244],[-0.006775987426957261,51.535436995418216]]]}},{"type":"Feature","properties":{"kind":"river","source_file":"Lower_River_Lea.geojson","source_index":7,"OBJECTID":16,"Name":"City Mill River","Type":"Back River","FirstSeries":1,"FirstRevision":1},"geometry":{"type":"MultiPolygon","coordinates":[[[[-0.013682987427629363,51.539326995421014],[-0.01360998742764823,51.53924199542098],[-0.013593987427686206,51.539165995420916],[-0.013604987427728416,51.53910199542086],[-0.01362998742776698,51.539051995420834],[-0.013718784272123221,51.53899531659018],[-0.01370354665083007,51.53934527032841],[-0.013682987427629363,51.539326995421014]]],[[[-0.013790987429243262,51.536656995419044],[-0.0136409874292655,51.53650899541892],[-0.013463987429268798,51.53637499541883],[-0.013100987429265902,51.536116995418645],[-0.012759987429247506,51.535898995418485],[-0.01249898742921972,51.53575399541837],[-0.01229398742918907,51.53565599541832],[-0.0119559874291183,51.53553299541822],[-0.011640987429068689,51.53538799541812],[-0.011513987429040133,51.535339995418084],[-0.011372987429032684,51.53525199541801],[-0.011280987429040037,51.53517199541797],[-0.011122987429053988,51.53503399541787],[-0.010985987429098879,51.534857995417745],[-0.010789987429109965,51.534694995417624],[-0.010590987429108993,51.53455099541751],[-0.010300987429095245,51.53436299541739],[-0.009993987429094856,51.53414199541723],[-0.009832987429115462,51.5339889954171],[-0.009644987429166812,51.533764995416945],[-0.009419987429232298,51.53348699541676],[-0.009374987429268367,51.53339399541668],[-0.009354987429302037,51.53332199541663],[-0.00930898742933785,51.533227995416546],[-0.009408987429388753,51.533212995416534],[-0.0094949874293442,51.533352995416635],[-0.009576987429411047,51.53329699541659],[-0.009629987429474683,51.53322899541655],[-0.009722987429542312,51.53318099541651],[-0.009858987429629571,51.53313299541648],[-0.009936987429691563,51.533083995416426],[-0.0099839874297705,51.532982995416354],[-0.009976987429835283,51.532867995416275],[-0.009965987429887422,51.532770995416215],[-0.009983987429924663,51.53272099541617],[-0.009976987429981625,51.53261899541608],[-0.009966987430048339,51.532496995416],[-0.009949987430071375,51.53244699541595],[-0.009894987430073549,51.532402995415936],[-0.009844987430053572,51.532399995415936],[-0.009682987429951679,51.53245699541597],[-0.009596987429895681,51.53248799541599],[-0.009588987429892717,51.532486995415994],[-0.009581987429890011,51.532485995416025],[-0.009548987429900142,51.53244499541598],[-0.00955298742990282,51.53244199541598],[-0.009620987429956526,51.53240199541593],[-0.009634987429968073,51.532393995415916],[-0.009720987430032317,51.53234399541588],[-0.009802987430095084,51.53229699541584],[-0.009848987430134185,51.53226699541582],[-0.009871987430154359,51.53224699541581],[-0.009925987430211156,51.53219199541578],[-0.009954987430240718,51.53216099541575],[-0.009958987430245782,51.532153995415726],[-0.00997198743026693,51.53212999541573],[-0.009979987430278172,51.5321149954157],[-0.009984987430295064,51.532088995415705],[-0.009978987430327902,51.53202999541565],[-0.009976987430334365,51.53201899541565],[-0.010133987430453816,51.53192999541559],[-0.01015098743045308,51.531941995415586],[-0.010159987430456825,51.53194399541558],[-0.010171987430462088,51.531943995415574],[-0.01023498743043512,51.532033995415645],[-0.010190987430398639,51.532061995415674],[-0.010141987430353631,51.53210699541573],[-0.010093987430290831,51.53217699541575],[-0.010080987430262678,51.53221599541579],[-0.010084987430229795,51.53227399541583],[-0.010119987430067574,51.532576995416065],[-0.010124987430045581,51.53261599541607],[-0.010129987430022391,51.532660995416094],[-0.010134987430012482,51.532680995416115],[-0.010144987430016204,51.53268299541614],[-0.010167987430026901,51.53268099541613],[-0.010179987430036013,51.53267499541612],[-0.010215987430033019,51.532705995416144],[-0.010268987430034855,51.532739995416165],[-0.010328987430045018,51.53276699541619],[-0.010427987430064511,51.532804995416214],[-0.010531987430095577,51.53283099541624],[-0.010644987430127375,51.532857995416244],[-0.010800987430172118,51.53289299541629],[-0.010903987430202626,51.5329169954163],[-0.01088398743016842,51.53296099541633],[-0.010850987430160735,51.53295199541632],[-0.010518987430054659,51.53288899541628],[-0.010448987430031446,51.53287799541627],[-0.010295987429990952,51.53283399541625],[-0.010155987429959122,51.532785995416205],[-0.010136987429947276,51.53279499541622],[-0.010140987429862513,51.53293899541632],[-0.010135987429811408,51.5330229954164],[-0.010097987429760777,51.53308299541642],[-0.010059987429720718,51.533121995416465],[-0.010007987429681009,51.53315299541647],[-0.009935987429629726,51.533188995416516],[-0.009817987429548237,51.533241995416546],[-0.009701987429473,51.53328399541658],[-0.009672987429449857,51.53330199541659],[-0.009631987429403577,51.533351995416616],[-0.009609987429367996,51.53339499541667],[-0.009611987429332945,51.53345799541672],[-0.009627987429315208,51.53349799541676],[-0.009692987429287451,51.53359299541682],[-0.00972898742927503,51.53364399541687],[-0.009835987429241081,51.53377799541695],[-0.00988098742922533,51.53383399541699],[-0.009900987429239805,51.53382899541696],[-0.010086987429209706,51.534012995417115],[-0.010129987429203603,51.53405599541715],[-0.010208987429191754,51.5341319954172],[-0.010321987429192015,51.534213995417254],[-0.0104809874291971,51.53432199541734],[-0.010734987429204895,51.534493995417485],[-0.010859987429206679,51.53458199541754],[-0.011083987429190199,51.53477399541768],[-0.011075987429181776,51.53478199541769],[-0.01120198742917693,51.53488299541777],[-0.011279987429172331,51.53494399541779],[-0.011406987429140246,51.53509199541791],[-0.01149098742912772,51.535174995417975],[-0.01155998742913273,51.535216995418],[-0.011787987429165472,51.535327995418086],[-0.01207098742920379,51.535468995418164],[-0.01228198742924307,51.535554995418224],[-0.012467987429279343,51.5356319954183],[-0.012594987429296479,51.535693995418335],[-0.01271898742931053,51.53575899541839],[-0.012890987429326354,51.53585999541845],[-0.012999987429335252,51.53592399541849],[-0.013326987429351412,51.53613499541864],[-0.013456987429353133,51.536225995418704],[-0.013580987429353904,51.53631599541878],[-0.013670987429348717,51.53638999541885],[-0.01378198742934381,51.536478995418896],[-0.013826717599211471,51.536516270563304],[-0.01381905718786264,51.53669222898974],[-0.013790987429243262,51.536656995419044]]]]}},{"type":"Feature","properties":{"kind":"river","source_file":"Lower_River_Lea.geojson","source_index":8,"OBJECTID":17,"Name":"Pudding Mill River","Type":"Back River","FirstSeries":1,"FirstRevision":1},"geometry":{"type":"Polygon","coordinates":[[[-0.013861987430289324,51.53492699541775],[-0.01370998743026256,51.53486099541769],[-0.01359598743024722,51.53480599541767],[-0.013480987430250523,51.53471499541758],[-0.013287987430271953,51.534537995417466],[-0.013239987430303378,51.53444899541741],[-0.013178987430330982,51.53435699541734],[-0.01309098743037041,51.53422499541723],[-0.013053987430383098,51.53417799541722],[-0.013008987430394301,51.534126995417154],[-0.012918987430412046,51.53403099541709],[-0.012857987430421406,51.53396899541704],[-0.012762987430423388,51.53389799541701],[-0.012650987430419574,51.533823995416945],[-0.012470987430401462,51.533722995416866],[-0.012391987430395882,51.533672995416836],[-0.012305987430410023,51.53358999541675],[-0.012209987430425133,51.533491995416696],[-0.011973987430462199,51.53325599541653],[-0.011760987430514505,51.53301399541636],[-0.01170798743052754,51.53295099541632],[-0.011614987430558991,51.53282899541622],[-0.011704987430616392,51.5327969954162],[-0.011718987430615535,51.532809995416216],[-0.011783987430596285,51.532890995416274],[-0.011846987430569963,51.532979995416326],[-0.011915987430549288,51.53306699541639],[-0.011940987430541719,51.53309699541641],[-0.011995987430528775,51.533157995416474],[-0.012107987430505646,51.533278995416545],[-0.012192987430493893,51.53336199541661],[-0.01228298743048367,51.53344599541668],[-0.012361987430477887,51.53351199541672],[-0.01242298743047651,51.533556995416745],[-0.01253498743048172,51.53363099541679],[-0.012631987430486009,51.533694995416845],[-0.012745987430490702,51.53377099541692],[-0.012923987430490707,51.53389999541699],[-0.013036987430488766,51.533984995417065],[-0.01318898743044718,51.53416499541719],[-0.013297987430403075,51.53432299541729],[-0.01332398743039453,51.53435599541733],[-0.013350987430403189,51.53436099541732],[-0.013361987430403106,51.534367995417334],[-0.013385987430350568,51.53447699541742],[-0.013583987430328445,51.53465799541755],[-0.013598987430324207,51.53467699541757],[-0.013671987430324174,51.534728995417616],[-0.013765987430329554,51.53478899541765],[-0.013833987430336231,51.53482799541767],[-0.013898978748413868,51.53485635529008],[-0.013895376627730511,51.53493910360192],[-0.013861987430289324,51.53492699541775]]]}},{"type":"Feature","properties":{"kind":"river","source_file":"Lower_River_Lea.geojson","source_index":9,"OBJECTID":18,"Name":"Pudding Mill River","Type":"Back River","FirstSeries":1,"FirstRevision":1},"geometry":{"type":"Polygon","coordinates":[[[-0.011087987430670248,51.53225599541582],[-0.010996987430695679,51.53214499541571],[-0.010855987430734257,51.5319759954156],[-0.010822987430746063,51.531934995415575],[-0.010616987430647975,51.53195099541559],[-0.010350987430504232,51.532000995415615],[-0.01023498743043512,51.532033995415645],[-0.010171987430462088,51.531943995415574],[-0.01031498743053876,51.53191599541556],[-0.010453987430612894,51.53188999541554],[-0.010603987430693344,51.5318639954155],[-0.010763987430782062,51.53182999541549],[-0.010932987430875755,51.53179199541547],[-0.010945987430884773,51.53178699541545],[-0.011045987430946216,51.53175599541544],[-0.011096987430940296,51.531803995415444],[-0.010992987430861545,51.5318589954155],[-0.010990987430815877,51.53193699541556],[-0.010995987430764837,51.53202699541564],[-0.011014987430757288,51.53205499541566],[-0.011050987430742894,51.53210399541569],[-0.011091987430735816,51.532146995415715],[-0.011137987430726899,51.53219599541576],[-0.011252987430716323,51.532296995415834],[-0.011355987430712079,51.53238099541589],[-0.011386987430710389,51.53240499541591],[-0.01148098743067797,51.532527995416004],[-0.011447987430657064,51.532541995416004],[-0.01146898743065157,51.53256499541601],[-0.01137398743059011,51.53260099541604],[-0.011087987430670248,51.53225599541582]]]}},{"type":"Feature","properties":{"kind":"river","source_file":"Lower_River_Lea.geojson","source_index":12,"OBJECTID":21,"Name":"Channelsea River","Type":"Back River","FirstSeries":1,"FirstRevision":1},"geometry":{"type":"Polygon","coordinates":[[[-0.002003987422744003,51.539134995421044],[-0.0019599874228318865,51.5389509954209],[-0.0019579874228888715,51.538853995420844],[-0.0019199874230150006,51.53861199542065],[-0.0018929874230089328,51.53860199542064],[-0.002006987423151479,51.53844399542051],[-0.0021269874232664825,51.538333995420444],[-0.002276987423416943,51.53818799542032],[-0.002291987423499186,51.53805699542024],[-0.0022189874235495097,51.53791699542013],[-0.0021609874235738735,51.53783599542007],[-0.0022399874236392835,51.53777999542004],[-0.0022809874236364015,51.53781499542008],[-0.0023409874236461647,51.537845995420085],[-0.0024279874235811597,51.53801699542021],[-0.002404987423549514,51.53805499542025],[-0.0024299874235297284,51.53810499542027],[-0.00237298742343429,51.538228995420354],[-0.002266987423322678,51.53833999542046],[-0.002184987423248844,51.53840499542051],[-0.002095987423163468,51.53848699542056],[-0.002055987423101431,51.53856299542062],[-0.002039987423046705,51.53864399542067],[-0.0020559874230182736,51.53870599542073],[-0.002080987422917116,51.53889399542087],[-0.002127987422784798,51.53915399542106],[-0.0021542647818450556,51.53922838073713],[-0.002038226384121981,51.539226404421335],[-0.002003987422744003,51.539134995421044]]]}},{"type":"Feature","properties":{"kind":"river","source_file":"Lower_River_Lea.geojson","source_index":13,"OBJECTID":22,"Name":"Channelsea River","Type":"Back River","FirstSeries":1,"FirstRevision":1},"geometry":{"type":"Polygon","coordinates":[[[-0.0019949874235570706,51.53774199542002],[-0.001914987423513807,51.53775799542004],[-0.001862987423582331,51.537603995419914],[-0.0018279874236260386,51.537501995419845],[-0.0017439874237306604,51.53726399541965],[-0.0016969874237947964,51.537120995419556],[-0.0016899874238083703,51.53709399541953],[-0.0017149874238290553,51.53707499541952],[-0.0017749874238562901,51.5370739954195],[-0.0017619874239512663,51.536901995419385],[-0.001743987423949911,51.53689199541939],[-0.0017349874240112843,51.5367799954193],[-0.0017219874240753939,51.536661995419216],[-0.001751987424088484,51.536660995419204],[-0.0017059874242496254,51.53635299541897],[-0.0016799874243515597,51.53616099541885],[-0.0016199874245065333,51.53585299541863],[-0.0016249874245180236,51.5358379954186],[-0.0015369874246385393,51.535568995418416],[-0.0014509874247166786,51.535374995418245],[-0.0013839874247940302,51.53519299541812],[-0.001315987424878556,51.53500099541799],[-0.0012819874249237156,51.53489699541789],[-0.0012159874250513743,51.53463399541769],[-0.0011729874251280433,51.53447099541759],[-0.0011449874251456141,51.53441899541755],[-0.0010519874251723644,51.53430899541747],[-0.0009509874251964365,51.53419399541738],[-0.0008949874251901361,51.53416499541737],[-0.0008729874251894448,51.53414999541736],[-0.0007829874252042729,51.53405599541729],[-0.0007849874252295367,51.534014995417266],[-0.0007189874252414699,51.533945995417206],[-0.0006169874252660278,51.533832995417114],[-0.00043498742532699277,51.533595995416945],[-0.00033798742535943565,51.53346899541686],[-0.000283987425380411,51.533394995416806],[-0.0002059874254157206,51.53327699541672],[-9.698742547517834e-05,51.533097995416576],[-2.4987425519037286e-05,51.532970995416484],[-8.987425545683212e-06,51.532912995416446],[1.2012574413429675e-05,51.53282999541638],[2.6012574356052716e-05,51.53271999541631],[5.101257425204409e-05,51.53252599541616],[7.801257419098974e-05,51.532401995416066],[9.301257415132755e-05,51.532324995416005],[0.00012901257413134527,51.53226399541595],[0.00022201257412702302,51.53218999541591],[0.00036901257413653844,51.53209799541585],[0.0004890125741421553,51.532020995415806],[0.000770012574214404,51.53193899541575],[0.0008380125742074212,51.53187799541569],[0.0009040125742035062,51.531822995415645],[0.0009780125741791583,51.531726995415575],[0.0010610125741359446,51.53159299541547],[0.0011110125740883298,51.531477995415386],[0.001135012574021302,51.5313449954153],[0.001143012573983149,51.53127799541524],[0.0011820125739357764,51.53116699541516],[0.0011350125739250578,51.53118199541518],[0.0010970125738970244,51.531162995415166],[0.0010740125739408185,51.531251995415225],[0.0010640125739582848,51.53129099541527],[0.0009920125740064737,51.531425995415354],[0.000932012574004578,51.531463995415365],[0.0008550125739518261,51.53143099541538],[0.0009360125739146994,51.531307995415276],[0.0008150125738566597,51.53129799541525],[0.000705012573872601,51.53140499541533],[0.00038401257403769475,51.53191899541573],[0.00032301257405309804,51.53199099541575],[0.00017901257404713273,51.53208699541581],[4.1012574045579354e-05,51.532181995415904],[1.0012574047694318e-05,51.532208995415914],[-3.998742593424465e-05,51.53227399541596],[-9.998742587728707e-05,51.53241799541607],[-0.0001209874258077767,51.53254999541619],[-0.00012398742575557857,51.53264099541625],[-0.00015698742571429325,51.53273599541629],[-0.0001769874256597919,51.53284199541638],[-0.00021998742560447332,51.53296799541648],[-0.00026098742556489204,51.53306299541655],[-0.00032498742552357845,51.533179995416646],[-0.0004809874254453205,51.53342699541684],[-0.0007319874253678794,51.533740995417055],[-0.0011359874252530558,51.534229995417405],[-0.0012589874251953026,51.53441799541756],[-0.0013369874250988218,51.534641995417715],[-0.001542987424844324,51.53522199541815],[-0.001726987424655342,51.53567899541848],[-0.001809987424547817,51.535920995418685],[-0.0018629874243180798,51.53635199541899],[-0.001878987424227651,51.53651899541911],[-0.001909987423982998,51.536955995419426],[-0.0019389874238991,51.53711999541955],[-0.0021179874236608503,51.537656995419944],[-0.0022399874236392835,51.53777999542004],[-0.0021609874235738735,51.53783599542007],[-0.0019949874235570706,51.53774199542002]]]}},{"type":"Feature","properties":{"kind":"river","source_file":"Lower_River_Lea.geojson","source_index":14,"OBJECTID":23,"Name":"Channelsea River and Abbey Creek","Type":"Back River","FirstSeries":1,"FirstRevision":1},"geometry":{"type":"Polygon","coordinates":[[[0.0012400125738135923,51.53091799541498],[0.0012620125737630775,51.53081499541491],[0.0012810125737706133,51.53081499541489],[0.0012860125736933725,51.530677995414806],[0.0012970125736046214,51.53051899541469],[0.0012990125735888663,51.53049399541466],[0.0013250125735808078,51.53045799541465],[0.0013980125735791867,51.5304019954146],[0.0014380125735662655,51.530352995414574],[0.0014440125735483067,51.53031899541456],[0.001431012573514095,51.53026999541449],[0.001423012573487748,51.530228995414454],[0.0014390125734483146,51.53014999541444],[0.0014730125734152277,51.530068995414354],[0.0015210125733832452,51.52997999541429],[0.0015450125733571477,51.529918995414235],[0.0015370125733158726,51.5298549954142],[0.0015100125732776407,51.52980899541416],[0.0014420125732150138,51.529751995414124],[0.001333012573135697,51.52969399541407],[0.001158012573012872,51.52961399541401],[0.0009520125728696442,51.52951999541395],[0.0008000125727633412,51.5294499954139],[0.0007200125727026506,51.529406995413844],[0.0007020125726845719,51.52938599541383],[0.0006820125726468075,51.52933799541381],[0.0006860125726197028,51.529288995413765],[0.0007060125725954813,51.52923399541373],[0.0007180125725522075,51.529148995413664],[0.0007050125725064215,51.529081995413634],[0.0006610125724285629,51.52898199541353],[0.0006060125723336585,51.52885999541345],[0.0005820125722864488,51.52879599541339],[0.0005900125722430171,51.528715995413336],[0.000622012572141508,51.5285209954132],[0.0006260125720712726,51.528397995413115],[0.0006220125720445621,51.52835399541307],[0.000605012572012422,51.528313995413036],[0.0005680125719647152,51.52825899541299],[0.0005210125719236436,51.52822299541296],[0.0004740125718888309,51.528196995412955],[0.00043301257186235584,51.52818399541294],[0.00038001257183552,51.52817699541295],[0.0002820125717949886,51.528176995412935],[0.00023301257177341236,51.52817799541293],[0.00016801257174181247,51.52817199541293],[0.00012401257171922806,51.52816599541292],[7.101257168243738e-05,51.52814099541289],[1.801257163547332e-05,51.528098995412854],[-4.798742842647424e-05,51.528042995412825],[-0.00014198742850327135,51.527980995412776],[-0.0002659874285871602,51.52792599541271],[-0.00040598742868022225,51.52786799541268],[-0.0005589874287937259,51.52778499541264],[-0.000720987428913214,51.527700995412566],[-0.0008949874290277756,51.527633995412515],[-0.0010169874290971578,51.52760599541247],[-0.0011509874291664266,51.52758299541246],[-0.0013239874292577663,51.52755699541245],[-0.0014489874293301737,51.52752299541244],[-0.0015469874293999426,51.527474995412376],[-0.001676987429516493,51.527371995412324],[-0.0018399874296661112,51.52723699541221],[-0.001996987429795011,51.52712999541212],[-0.002111987429883695,51.527063995412064],[-0.002257987429979565,51.52700499541202],[-0.002379987430056802,51.52696399541199],[-0.0026249874301955867,51.526904995411954],[-0.002770987430272899,51.52687799541193],[-0.002958987430378186,51.526836995411884],[-0.0032369874305298416,51.52678099541185],[-0.003439987430634446,51.5267509954118],[-0.003659987430742624,51.526726995411806],[-0.003844987430845193,51.52668599541177],[-0.003970987430916252,51.52665499541175],[-0.004150987431031593,51.5265919954117],[-0.004311987431138782,51.526526995411636],[-0.004448987431223405,51.5264799954116],[-0.0046269874313303126,51.52643099541157],[-0.004902987431488561,51.52635999541151],[-0.005185987431652244,51.52628699541144],[-0.0053979874317715715,51.52623799541139],[-0.005559987431863669,51.52619999541139],[-0.005798987431992543,51.52615499541135],[-0.005928987432055158,51.526140995411346],[-0.006050987432113039,51.52613399541132],[-0.006276987432193759,51.52616099541135],[-0.006420987432245781,51.52617599541135],[-0.0064739874322674975,51.526177995411345],[-0.006451987432204305,51.526268995411414],[-0.0063959874321856715,51.52626099541139],[-0.006313987432159336,51.52624799541141],[-0.006242987432129276,51.52624499541142],[-0.006194987432113144,51.526238995411404],[-0.0061229874320919905,51.526222995411395],[-0.00602698743205726,51.526208995411366],[-0.0059359874320228665,51.52620099541137],[-0.005841987431982405,51.526202995411396],[-0.005775987431946625,51.52621799541139],[-0.005746987431923756,51.52623399541142],[-0.005626987431857456,51.52625999541143],[-0.005478987431774584,51.52629199541146],[-0.005308987431681213,51.526328995411475],[-0.005197987431618463,51.52635599541151],[-0.004909987431450736,51.52643299541154],[-0.0047649874313608976,51.52647599541159],[-0.004700987431325895,51.526491995411604],[-0.004494987431193754,51.52656499541165],[-0.004360987431101544,51.526623995411704],[-0.004247987431026553,51.52667199541174],[-0.004125987430951969,51.52670799541179],[-0.004056987430911175,51.526727995411804],[-0.00396898743086732,51.526737995411786],[-0.003763987430753524,51.52678199541184],[-0.00361698743067021,51.52681799541186],[-0.0034929874306122073,51.526826995411874],[-0.0033299874305387535,51.526834995411875],[-0.0031579874304470687,51.52686399541192],[-0.002904987430308435,51.52691699541195],[-0.0027219874302061246,51.52695699541199],[-0.0025429874301039087,51.52699999541203],[-0.0024289874300342834,51.52703599541205],[-0.002303987429949027,51.5270909954121],[-0.0021829874298543374,51.52716499541215],[-0.0020709874297515905,51.52725899541221],[-0.0019909874296773723,51.52732599541228],[-0.0018569874295550452,51.52743699541234],[-0.0017759874294691197,51.527521995412414],[-0.0016919874293770888,51.5276189954125],[-0.0016159874293034773,51.52768999541253],[-0.001558987429251287,51.527736995412596],[-0.0014889874291809644,51.52780399541265],[-0.0014319874291352532,51.52784099541266],[-0.0013529874290820233,51.527871995412674],[-0.0012649874290340648,51.5278929954127],[-0.0011679874289836558,51.52790699541272],[-0.0010709874289288725,51.52792999541273],[-0.0009759874288677772,51.52796499541275],[-0.0008789874287921445,51.52802499541281],[-0.0007779874286947008,51.52811699541288],[-0.0006919874285929586,51.52822599541296],[-0.0005629874284312988,51.52840799541308],[-0.0003799874281932807,51.52868099541329],[-0.0001609874279000436,51.52901799541356],[-7.89874277932138e-05,51.52914099541364],[7.101257240633917e-05,51.529371995413825],[0.000167012572521227,51.52949599541391],[0.00027201257263658054,51.52961799541398],[0.00033101257269733866,51.52967699541405],[0.0004280125728155736,51.52980899541414],[0.0005460125729713724,51.529986995414276],[0.0005850125730265622,51.53005299541433],[0.0005940125730519137,51.53008999541435],[0.0005900125730806376,51.530139995414395],[0.0005550125731003254,51.53019999541444],[0.0005420125731248374,51.530250995414484],[0.0005300125731554366,51.53031299541452],[0.0005500125732013555,51.53037599541456],[0.0006060125732868495,51.53047999541464],[0.0006680125733800847,51.53059599541474],[0.000714012573448102,51.5306779954148],[0.0008310125735542913,51.53077199541485],[0.00084201257356457,51.53078199541488],[0.0008660125736240086,51.53086499541494],[0.000847012573619092,51.53086999541494],[0.0008630125736518483,51.530914995414975],[0.0008820125736782919,51.53094499541498],[0.0009000125737162996,51.530997995415035],[0.0009110125737470482,51.531040995415076],[0.0009000125737684495,51.53108599541511],[0.0009440125737890869,51.53108899541509],[0.0009560125737375742,51.530991995415036],[0.0009790125736643192,51.53085299541492],[0.000991012573602011,51.53073599541484],[0.0009810125735278117,51.53061799541476],[0.0009520125734714164,51.5305439954147],[0.0009160125734044496,51.53045699541464],[0.0008240125732648064,51.530285995414495],[0.0007710125731841456,51.53018499541444],[0.0006680125730390108,51.53001399541432],[0.0005560125728954955,51.529850995414186],[0.00037301257267203505,51.529605995413995],[0.00024801257254456296,51.52947799541388],[0.0002060125724938313,51.52942199541386],[0.00014001257240495597,51.529317995413784],[1.9012572239368548e-05,51.529126995413634],[-7.898742788811115e-05,51.528980995413534],[-0.00016198742800214752,51.52884599541342],[-0.00020498742805874577,51.528781995413354],[-0.00037498742828665665,51.52851799541317],[-0.0005189874284780192,51.528296995413015],[-0.0005879874285660642,51.52819699541293],[-0.0006119874286022287,51.52815299541292],[-0.0006369874286330979,51.52811899541286],[-0.0006449874286591042,51.528078995412855],[-0.0006479874286820261,51.52804099541282],[-0.0006709874287181657,51.527997995412775],[-0.0007019874287533221,51.52795899541275],[-0.0007519874287957624,51.527922995412716],[-0.0008239874288487404,51.52788699541269],[-0.0009319874289180131,51.52784899541268],[-0.0010519874289924853,51.52780799541265],[-0.00108898742901614,51.52779599541263],[-0.0011659874290657248,51.52776699541262],[-0.001244987429111765,51.52774399541259],[-0.001332987429164095,51.52771999541258],[-0.0013689874291904689,51.52770199541254],[-0.0013759874292080389,51.527677995412525],[-0.0013559874292161252,51.527647995412515],[-0.001321987429209786,51.5276359954125],[-0.0012669874291890303,51.52762999541252],[-0.001193987429158123,51.527629995412525],[-0.0010829874291037273,51.52764199541251],[-0.0010199874290692584,51.527653995412535],[-0.0009179874290074504,51.527686995412544],[-0.0007719874289020943,51.5277559954126],[-0.0006389874288041175,51.52782699541266],[-0.00046098742867482935,51.52791999541273],[-0.00032398742857350977,51.527989995412796],[-0.00022398742850190918,51.52804199541283],[-0.00011998742841446603,51.528114995412885],[-2.998742833485316e-05,51.52818399541294],[4.2012571712690986e-05,51.52821399541297],[0.00010701257175285789,51.52823399541298],[0.00017601257178760212,51.528242995412974],[0.00029401257184699886,51.52825899541301],[0.0003730125718914238,51.528277995413006],[0.00042101257192441783,51.52829599541302],[0.0004680125719627757,51.52832899541304],[0.000497012571999094,51.52836899541307],[0.0005110125720298412,51.52841299541311],[0.000501012572072503,51.52849099541318],[0.00048101257213718665,51.52861699541324],[0.00047901257221359754,51.52874799541335],[0.0004930125722738431,51.528840995413425],[0.0005090125723219249,51.52891099541348],[0.0005550125724142737,51.52903299541358],[0.0005840125724813034,51.52912799541363],[0.0005890125725072294,51.529166995413675],[0.0005880125725591499,51.52925499541374],[0.0005840125725908732,51.52931299541379],[0.0005930125726321738,51.52937799541383],[0.0006050125726542693,51.52940499541384],[0.0006200125726734452,51.52942599541388],[0.0006570125727037182,51.529449995413884],[0.0007010125727373128,51.52947799541392],[0.0007750125727947531,51.52951999541393],[0.0008360125728398878,51.529552995413965],[0.00099401257294488,51.529616995414024],[0.0011440125730464512,51.52968199541406],[0.0012480125731207821,51.5297309954141],[0.0013300125731835809,51.52977999541415],[0.0013680125732228332,51.52981899541418],[0.001389012573254339,51.529855995414195],[0.00139701257328282,51.52989899541423],[0.001394012573302362,51.529934995414266],[0.0013830125733264957,51.52998399541427],[0.001368012573340659,51.53001999541432],[0.0013300125733699394,51.53009699541435],[0.0012730125733844623,51.53016299541441],[0.0012020125734080805,51.530254995414474],[0.0011500125734417864,51.530350995414565],[0.0011250125734656175,51.53040899541462],[0.00110701257349697,51.53047499541466],[0.0011010125735364253,51.53054499541471],[0.0011080125735704839,51.53060099541473],[0.0011130125736438141,51.530719995414835],[0.0011000125737938803,51.53098299541504],[0.0010970125738083356,51.531010995415045],[0.0010970125738546898,51.53109199541511],[0.001090012573858998,51.53110199541511],[0.0011010125738668203,51.53110999541512],[0.0011230125738802485,51.531114995415116],[0.001203012573920837,51.53112599541514],[0.0012400125738135923,51.53091799541498]]]}},{"type":"Feature","properties":{"kind":"river","source_file":"Lower_River_Lea.geojson","source_index":17,"OBJECTID":26,"Name":"Bow Back River","Type":"Canal","FirstSeries":1,"FirstRevision":1},"geometry":{"type":"Polygon","coordinates":[[[-0.011566987431295703,51.531541995415274],[-0.01170998743134911,51.53155299541527],[-0.011934987431314442,51.53177799541543],[-0.011999987431321772,51.53181299541546],[-0.01205498743133989,51.531821995415456],[-0.012119987431375547,51.53180599541545],[-0.012283987431522933,51.531673995415346],[-0.012448987431671662,51.53154299541525],[-0.012610987431832163,51.53138799541514],[-0.012750987431964811,51.53126299541503],[-0.012703987431978087,51.531206995415],[-0.012876987432238654,51.53088999541476],[-0.013096987432414163,51.53075099541466],[-0.013296987432569572,51.53063199541456],[-0.013429987432685052,51.53053199541448],[-0.01362298743286285,51.53037099541438],[-0.013682987432916714,51.53032299541432],[-0.013895987433079513,51.53020099541422],[-0.014067987433092278,51.5303049954143],[-0.014096103914086323,51.530327369854554],[-0.0140916309070362,51.530430151146795],[-0.014086987433026329,51.53043099541441],[-0.014021987433029575,51.530379995414364],[-0.01397098743301039,51.53037399541436],[-0.013854987432928866,51.53042899541442],[-0.013740987432825058,51.53051999541447],[-0.01362898743270191,51.530647995414576],[-0.013630987432695507,51.53066099541457],[-0.013743987432740329,51.53066699541459],[-0.014060987432865739,51.530686995414584],[-0.014063987432834218,51.53074099541462],[-0.013797987432713854,51.53075099541464],[-0.013436987432543375,51.530778995414664],[-0.013254987432401258,51.53088699541474],[-0.01308698743224031,51.53103999541486],[-0.013036987432164695,51.531130995414934],[-0.012937987432016896,51.53131199541506],[-0.012856987431922592,51.53141299541515],[-0.01263798743171371,51.531606995415295],[-0.012288987431388454,51.53190799541553],[-0.012155987431260482,51.53202699541563],[-0.011854987431197096,51.531917995415526],[-0.011776987431210752,51.53183799541548],[-0.011723987431217848,51.531787995415435],[-0.011685987431221753,51.53175099541542],[-0.011614987431232513,51.53168299541537],[-0.01158598743123142,51.53166199541534],[-0.011503987431210113,51.531638995415335],[-0.01146098743118263,51.53165499541535],[-0.011453987431196924,51.53162499541533],[-0.01140198743118166,51.531612995415315],[-0.011566987431295703,51.531541995415274]]]}},{"type":"Feature","properties":{"kind":"river","source_file":"Lower_River_Lea.geojson","source_index":18,"OBJECTID":28,"Name":"River Lea","Type":"Canal","FirstSeries":1,"FirstRevision":1},"geometry":{"type":"Polygon","coordinates":[[[-0.013958987433276141,51.52991299541401],[-0.013819987433171126,51.529987995414096],[-0.013658987433151222,51.529904995414014],[-0.013311987433053582,51.529820995413935],[-0.01306698743298751,51.5297539954139],[-0.012927987432947758,51.52971699541389],[-0.012690987432858791,51.52969999541388],[-0.012149987432651447,51.52965499541385],[-0.011626987432460946,51.529599995413825],[-0.011493987432415252,51.52958099541382],[-0.011190987432311726,51.52953399541379],[-0.010853987432195625,51.52948599541375],[-0.010732987432158739,51.52946499541374],[-0.010680987432130789,51.52947199541374],[-0.010633987432092758,51.52950499541377],[-0.010647987432046743,51.529590995413834],[-0.010718987432000884,51.52972199541392],[-0.010854987431999507,51.529822995414],[-0.011017987432004432,51.52993199541407],[-0.011118987432014754,51.5299909954141],[-0.011292987432046897,51.530060995414175],[-0.011340987432055713,51.530080995414174],[-0.011392987432082391,51.53007399541417],[-0.01144998743213204,51.530030995414144],[-0.011484987432159293,51.530008995414114],[-0.011539987432187048,51.530001995414125],[-0.011621987432226482,51.52999599541411],[-0.01165198743222416,51.530020995414134],[-0.011683987432219356,51.530051995414155],[-0.011747987432242958,51.53006099541415],[-0.011807987432251471,51.5300889954142],[-0.011854987432251416,51.530121995414206],[-0.011893987432260037,51.53013599541421],[-0.011910987432252412,51.53016299541423],[-0.011925987432246831,51.53018199541423],[-0.012009987432269343,51.53020399541426],[-0.011928987432212513,51.5302429954143],[-0.011898987432212559,51.53022099541428],[-0.011543987431958476,51.5303959954144],[-0.011522987431948002,51.53039799541442],[-0.01143698743194667,51.53033699541437],[-0.011213987431932785,51.53019799541427],[-0.011064987431924796,51.530102995414204],[-0.010797987431913495,51.52992899541408],[-0.010699987431907273,51.52986599541405],[-0.010648987431899019,51.529843995414005],[-0.010574987431930284,51.52973599541392],[-0.010488987431974732,51.52959799541383],[-0.010468987432022243,51.52950399541377],[-0.010450987432022319,51.52948899541376],[-0.010469987432039321,51.529473995413746],[-0.010456987432065624,51.52941999541371],[-0.010440987432127156,51.52930399541363],[-0.01039298743220088,51.52914299541348],[-0.010358987432262703,51.52901299541338],[-0.010313987432292369,51.52893099541334],[-0.010292987432364991,51.52879099541324],[-0.010270987432399743,51.52871699541319],[-0.010201987432419672,51.52863199541312],[-0.010114987432443604,51.52852899541303],[-0.0099699874324461,51.52841899541298],[-0.009794987432434897,51.52830899541289],[-0.009628987432427844,51.5282009954128],[-0.009541987432416403,51.52815599541277],[-0.009489987432395805,51.52815299541279],[-0.009448987432390959,51.528131995412764],[-0.00937198743234835,51.52814799541276],[-0.00932898743232772,51.528152995412796],[-0.009286987432305936,51.528159995412786],[-0.009163987432341815,51.528009995412674],[-0.009171987432349983,51.528000995412654],[-0.00918598743236304,51.527987995412666],[-0.009186987432369223,51.52797899541263],[-0.009150987432365256,51.52795799541264],[-0.009059987432357364,51.52790699541261],[-0.0088769874323373,51.52780599541252],[-0.008698987432323176,51.52770399541244],[-0.008583987432315657,51.527630995412395],[-0.008519987432314642,51.527586995412356],[-0.008491987432321916,51.52755399541234],[-0.00845098743234054,51.527490995412286],[-0.008412987432372308,51.527410995412225],[-0.008390987432411451,51.52732699541217],[-0.008365987432462918,51.527221995412106],[-0.008374987432474555,51.52720899541209],[-0.008350987432491852,51.52716299541207],[-0.008318987432524919,51.527082995412],[-0.008257987432558988,51.52697899541192],[-0.008202987432578902,51.52690599541185],[-0.008122987432593683,51.5268209954118],[-0.008020987432607967,51.52672399541173],[-0.007942987432584014,51.5267089954117],[-0.00787798743257947,51.52666799541169],[-0.007705987432587124,51.526530995411576],[-0.0075869874325878665,51.52644299541152],[-0.007511987432592444,51.52638099541151],[-0.00746498743259792,51.52633799541146],[-0.007421987432613906,51.5262789954114],[-0.007369987432646068,51.52618599541135],[-0.007327987432682471,51.52609499541128],[-0.00730298743271111,51.526024995411234],[-0.0072989874327563445,51.52594599541116],[-0.0072969874328027455,51.525864995411105],[-0.007331987432886614,51.52574699541103],[-0.0073699874329634695,51.525642995410955],[-0.007411987433022362,51.52557499541089],[-0.007484987433117616,51.52546699541083],[-0.007589987433241688,51.525332995410714],[-0.007669987433348889,51.52520699541061],[-0.0076899874333809515,51.525168995410574],[-0.007731987433466982,51.52505199541051],[-0.007771987433588704,51.52487499541036],[-0.00778398743367779,51.52473099541026],[-0.007802987433811377,51.52451699541009],[-0.007803987433836725,51.52447599541008],[-0.007823987434079856,51.524077995409776],[-0.007818987434416771,51.52349799540933],[-0.007772987434493882,51.52333499540923],[-0.007817987434507597,51.52334299540922],[-0.007856987434533997,51.523324995409226],[-0.007881987434519188,51.52336999540925],[-0.007904987434529108,51.52337199540926],[-0.00788398743456894,51.523286995409165],[-0.00794298743459512,51.523287995409184],[-0.007977987434619097,51.52326899540915],[-0.00800498743460287,51.523316995409196],[-0.008028987434612004,51.523320995409215],[-0.008037987434628175,51.52329699540917],[-0.008007987434656657,51.5232299954091],[-0.008053987434674299,51.523231995409134],[-0.008092987434699002,51.52322099540915],[-0.008111987434676235,51.52326899540916],[-0.008143987434690312,51.52327099540918],[-0.008167987434718285,51.523239995409156],[-0.008163987434763828,51.523159995409074],[-0.008210987434774221,51.5231749954091],[-0.008250987434801795,51.52315799540907],[-0.008255987434766583,51.52322099540915],[-0.008608987434860858,51.5233179954092],[-0.00835998743444764,51.523838995409584],[-0.008321987434325568,51.52402099540972],[-0.008302987434267765,51.5241059954098],[-0.008302987434110573,51.52437299540997],[-0.008329987433992669,51.524591995410134],[-0.00828698743397189,51.52459699541014],[-0.008280987433836833,51.52482399541032],[-0.008243987433742543,51.52495399541041],[-0.008165987433604022,51.52513399541054],[-0.008040987433421912,51.525350995410726],[-0.00791898743329449,51.52547999541081],[-0.007846987433237028,51.52552599541084],[-0.007866987433226587,51.525556995410874],[-0.00811998743337144,51.525497995410824],[-0.008144987433348351,51.52555399541087],[-0.007820987433159208,51.525639995410934],[-0.007752987433120417,51.52565599541095],[-0.00768298743305459,51.52571899541099],[-0.007618987432904124,51.52592599541114],[-0.007599987432847747,51.52600899541121],[-0.007648987432780343,51.52615899541131],[-0.007794987432757642,51.526305995411406],[-0.008111987432771525,51.526512995411586],[-0.008302987432747327,51.52669299541171],[-0.008467987432695131,51.52690299541186],[-0.008538987432582868,51.52714299541204],[-0.008557987432557333,51.52719999541208],[-0.008596987432524664,51.52728599541216],[-0.008828987432496766,51.52749999541233],[-0.008967987432502418,51.52759299541238],[-0.009227987432527571,51.52773899541246],[-0.009538987432584146,51.527868995412554],[-0.00986498743262894,51.52803099541267],[-0.010304987432670793,51.52828199541285],[-0.010379987432675082,51.52832699541288],[-0.010366987432657604,51.52834799541291],[-0.010528987432646469,51.528483995413],[-0.01058798743261283,51.528585995413074],[-0.010629987432613758,51.52861299541309],[-0.010739987432501511,51.528884995413314],[-0.010793987432434303,51.529038995413416],[-0.010791987432407476,51.52908199541345],[-0.010852987432385903,51.5291649954135],[-0.010934987432371339,51.52924999541356],[-0.011029987432383155,51.52929799541359],[-0.01121998743242702,51.52935999541363],[-0.011382987432480106,51.52938899541366],[-0.011759987432614902,51.52943399541369],[-0.012369987432836805,51.52950099541375],[-0.012807987432996935,51.52954699541376],[-0.013061987433086899,51.52958099541379],[-0.013267987433147431,51.5296269954138],[-0.01365398743325683,51.52972299541388],[-0.013874987433318248,51.529779995413925],[-0.01411796244676198,51.52982509307454],[-0.014117353264045628,51.52983909139097],[-0.013958987433276141,51.52991299541401]]]}},{"type":"Feature","properties":{"kind":"river","source_file":"Lower_River_Lea.geojson","source_index":21,"OBJECTID":31,"Name":null,"Type":null,"FirstSeries":1,"FirstRevision":1},"geometry":{"type":"Polygon","coordinates":[[[-0.011225987431014762,51.53176899541544],[-0.011096987430940296,51.531803995415444],[-0.011045987430946216,51.53175599541544],[-0.01140198743118166,51.531612995415315],[-0.011453987431196924,51.53162499541533],[-0.01146098743118263,51.53165499541535],[-0.011225987431014762,51.53176899541544]]]}},{"type":"Feature","properties":{"kind":"river","source_file":"Lower_River_Lea.geojson","source_index":22,"OBJECTID":32,"Name":"River Lea","Type":"Canal","FirstSeries":0,"FirstRevision":1},"geometry":{"type":"Polygon","coordinates":[[[-0.014074987433108706,51.53028199541429],[-0.013970987433102697,51.53021599541424],[-0.013912987433101829,51.530174995414214],[-0.013925987433122476,51.53014799541419],[-0.013889987433186927,51.53001499541409],[-0.013819987433171126,51.529987995414096],[-0.013958987433276141,51.52991299541401],[-0.014117353264045628,51.52983909139097],[-0.014097411402581436,51.53029732611167],[-0.014074987433108706,51.53028199541429]]]}},{"type":"Feature","properties":{"kind":"industry","source_file":"Industry_1893-95.geojson","source_index":229,"Map_Name":"Malt House","First_Date":1860,"Last_Date":0,"Type":"Brewing","Products":null,"QualityCon":"1","Full_name":null,"Short_name":null,"Web_Link":null,"London_Fir":1,"Londo_1st_":1,"Web_refere":null},"geometry":{"type":"Polygon","coordinates":[[[-0.009710987435523982,51.522990995408946],[-0.009739987435534513,51.52299499540894],[-0.009689987435335137,51.52329799540917],[-0.009273987435171311,51.523272995409144],[-0.009262987435154413,51.523291995409146],[-0.008841987434989682,51.52326999540916],[-0.008739987434955684,51.52325499540913],[-0.00865398743492706,51.523238995409116],[-0.008704987435024732,51.523110995409034],[-0.008715987435054938,51.523063995409004],[-0.008796987435150058,51.52296299540891],[-0.00893698743529552,51.52281699540881],[-0.009018987435381603,51.52272999540875],[-0.009065987435449657,51.5226479954087],[-0.009101987435504437,51.522582995408634],[-0.00912198743550975,51.52258799540862],[-0.009328987435596448,51.522589995408644],[-0.009371987435610112,51.52259999540864],[-0.009435987435633512,51.52260399540866],[-0.00941898743557538,51.52268999540871],[-0.009588987435643011,51.522699995408736],[-0.009752987435707197,51.52271099540873],[-0.009710987435523982,51.522990995408946]]]}},{"type":"Feature","properties":{"kind":"industry","source_file":"Industry_1893-95.geojson","source_index":230,"Map_Name":"Imperial Works (washing chemicals)","First_Date":1860,"Last_Date":0,"Type":"Chemical","Products":null,"QualityCon":"1","Full_name":null,"Short_name":null,"Web_Link":null,"London_Fir":1,"Londo_1st_":1,"Web_refere":null},"geometry":{"type":"Polygon","coordinates":[[[-0.009047987433412891,51.52610199541125],[-0.00915998743348119,51.52606699541121],[-0.009334987433580562,51.5260249954112],[-0.009371987433561633,51.52608399541124],[-0.009421987433592554,51.52606699541122],[-0.009456987433581449,51.52611399541126],[-0.009492987433455677,51.52635099541144],[-0.009624987433450435,51.52645699541149],[-0.009888987433641975,51.526323995411396],[-0.010049987433613933,51.52648799541153],[-0.010106987433604789,51.526544995411584],[-0.009600987433251367,51.526777995411756],[-0.00955798743320963,51.526816995411785],[-0.009536987433191426,51.5268349954118],[-0.009349987433061476,51.52691799541186],[-0.009136987432919226,51.527006995411924],[-0.009143987432917021,51.52701599541193],[-0.008772987432693427,51.52712499541201],[-0.008767987432696862,51.527115995412004],[-0.008570987432597096,51.52714299541204],[-0.008507987432666361,51.526977995411926],[-0.0084559874327116,51.52686299541183],[-0.008348987432744174,51.52673099541174],[-0.008394987432788539,51.526686995411715],[-0.00860198743291408,51.52662799541165],[-0.00859098743291777,51.52661199541163],[-0.008691987432979912,51.52657999541162],[-0.008681987432993157,51.52654799541159],[-0.008625987433026581,51.52645499541151],[-0.008638987433043397,51.52643299541151],[-0.00873998743310092,51.52640999541149],[-0.008758987433099153,51.52642399541149],[-0.008817987433133435,51.52640899541149],[-0.008833987433286353,51.526161995411286],[-0.00899698743337788,51.526121995411295],[-0.009047987433412891,51.52610199541125]]]}},{"type":"Feature","properties":{"kind":"industry","source_file":"Industry_1893-95.geojson","source_index":250,"Map_Name":"Starch Works (rice)","First_Date":1860,"Last_Date":0,"Type":"General","Products":null,"QualityCon":"1","Full_name":null,"Short_name":null,"Web_Link":null,"London_Fir":1,"Londo_1st_":1,"Web_refere":null},"geometry":{"type":"Polygon","coordinates":[[[-0.012743987434782887,51.52645999541147],[-0.012551987434892001,51.52613399541121],[-0.012446987434976589,51.525914995411064],[-0.012645987435092609,51.52586299541103],[-0.012611987435112224,51.52580399541097],[-0.013109987435394373,51.525685995410875],[-0.013093987435408244,51.52564899541086],[-0.013304987435525073,51.525606995410826],[-0.01369998743532587,51.52623299541128],[-0.012743987434782887,51.52645999541147]]]}},{"type":"Feature","properties":{"kind":"industry","source_file":"Industry_1893-95.geojson","source_index":252,"Map_Name":"Abbey Mill (corn)","First_Date":1860,"Last_Date":0,"Type":"Grain Mill","Products":null,"QualityCon":"1","Full_name":null,"Short_name":null,"Web_Link":null,"London_Fir":1,"Londo_1st_":1,"Web_refere":null},"geometry":{"type":"Polygon","coordinates":[[[0.000665012573845986,51.53138999541532],[0.0008180125738228274,51.53123899541522],[0.00102501257392064,51.53125399541524],[0.0010470125738693866,51.53115299541515],[0.0007330125737266108,51.531137995415136],[0.0006120125738177481,51.531377995415326],[0.000665012573845986,51.53138999541532]]]}},{"type":"Feature","properties":{"kind":"industry","source_file":"Industry_1893-95.geojson","source_index":253,"Map_Name":"Abbey Bleaching and Chemical Works","First_Date":1860,"Last_Date":0,"Type":"Chemical","Products":null,"QualityCon":"1","Full_name":null,"Short_name":null,"Web_Link":null,"London_Fir":1,"Londo_1st_":1,"Web_refere":null},"geometry":{"type":"Polygon","coordinates":[[[0.001980012574862263,51.532163995415914],[0.0020690125748896475,51.53214599541591],[0.0021860125747858706,51.531883995415704],[0.0022200125748034925,51.53188899541572],[0.0023230125747038823,51.53164299541555],[0.0022780125746455666,51.531577995415475],[0.002295012574633158,51.53154399541546],[0.00227101257460912,51.53152199541545],[0.002233012574585788,51.53150799541545],[0.0021270125745259535,51.531484995415425],[0.002031012574547048,51.5315899954155],[0.0015980125742661182,51.53142699541535],[0.0015210125742178525,51.53139999541535],[0.001211012574366705,51.53188099541571],[0.0008830125741688145,51.53178099541561],[0.0008570125741771912,51.531813995415646],[0.0013310125744662037,51.53195999541576],[0.0013130125744756106,51.53198899541577],[0.001980012574862263,51.532163995415914]]]}},{"type":"Feature","properties":{"kind":"industry","source_file":"Industry_1893-95.geojson","source_index":254,"Map_Name":"Chemical Works","First_Date":1860,"Last_Date":0,"Type":"Chemical","Products":null,"QualityCon":"1","Full_name":null,"Short_name":null,"Web_Link":null,"London_Fir":1,"Londo_1st_":1,"Web_refere":null},"geometry":{"type":"Polygon","coordinates":[[[-0.010868987431593428,51.530524995414524],[-0.010584987431567322,51.5303609954144],[-0.010583987431580056,51.53033999541437],[-0.01058598743167052,51.53018899541427],[-0.01051698743171793,51.53005699541415],[-0.010464987431722207,51.53001099541414],[-0.010474987431729458,51.53000599541412],[-0.010269987431745732,51.52983199541401],[-0.010264987431740863,51.52983199541399],[-0.010247987431744253,51.529815995414],[-0.010203987431759595,51.52975499541397],[-0.010210987431766063,51.52975199541395],[-0.010095987431798235,51.529613995413854],[-0.01008698743179406,51.529613995413854],[-0.009847987431867725,51.52931399541362],[-0.009727987431908582,51.52915499541353],[-0.009683987431925596,51.529094995413466],[-0.009914987432055445,51.529043995413424],[-0.010180987432200396,51.52898999541338],[-0.010209987432178009,51.52904899541343],[-0.01022098743207727,51.52922899541355],[-0.010307987432052667,51.529333995413644],[-0.010323987432062802,51.529327995413645],[-0.01036498743205417,51.52937299541367],[-0.010297987432006986,51.52940399541368],[-0.010480987431967306,51.52960399541383],[-0.010595987431948603,51.529719995413934],[-0.010666987431932309,51.52979999541397],[-0.010641987431916727,51.52980699541399],[-0.010795987431925239,51.529905995414055],[-0.010805987431932298,51.52990099541406],[-0.010893987431937684,51.529955995414106],[-0.011143987431951299,51.53011499541423],[-0.01121098743194252,51.53017899541424],[-0.0109639874317428,51.53033999541437],[-0.011072987431749092,51.53040899541444],[-0.010923987431636278,51.53049199541451],[-0.010868987431593428,51.530524995414524]]]}},{"type":"Feature","properties":{"kind":"industry","source_file":"Industry_1893-95.geojson","source_index":255,"Map_Name":"Lime Works","First_Date":1860,"Last_Date":0,"Type":"Chemical","Products":null,"QualityCon":"1","Full_name":null,"Short_name":null,"Web_Link":null,"London_Fir":0,"Londo_1st_":1,"Web_refere":null},"geometry":{"type":"Polygon","coordinates":[[[-0.011567987432446171,51.529581995413814],[-0.011839987432541844,51.529615995413806],[-0.012469987432780261,51.52967099541386],[-0.012671987432852817,51.529692995413875],[-0.01265198743279888,51.52977199541394],[-0.012632987432754116,51.52983499541398],[-0.012624987432728593,51.529869995414],[-0.012510987432612988,51.529984995414104],[-0.012083987432285215,51.53023199541427],[-0.012003987432276573,51.530190995414245],[-0.011957987432260082,51.53018399541425],[-0.011922987432270726,51.53013799541423],[-0.01177198743225452,51.53005699541414],[-0.011740987432243017,51.53005299541417],[-0.011691987432231706,51.53003799541415],[-0.011654987432240022,51.529997995414114],[-0.011603987432219576,51.52999399541413],[-0.011514987432176082,51.53000199541412],[-0.011487987432153166,51.53002199541414],[-0.011421987432097684,51.53006899541415],[-0.011370987432070457,51.53007899541418],[-0.011068987432015665,51.52995099541408],[-0.010855987432009478,51.52980699541398],[-0.01073298743201888,51.529700995413904],[-0.010677987432050992,51.52960499541385],[-0.010661987432109677,51.52949399541376],[-0.010683987432130474,51.529473995413746],[-0.010748987432164608,51.52946499541373],[-0.010906987432219248,51.52948499541375],[-0.011567987432446171,51.529581995413814]]]}},{"type":"Feature","properties":{"kind":"industry","source_file":"Industry_1893-95.geojson","source_index":256,"Map_Name":"Starch Works","First_Date":1860,"Last_Date":0,"Type":"General","Products":null,"QualityCon":"1","Full_name":null,"Short_name":null,"Web_Link":null,"London_Fir":1,"Londo_1st_":1,"Web_refere":null},"geometry":{"type":"Polygon","coordinates":[[[-0.010353987431120412,51.530954995414845],[-0.01042898743113874,51.53097699541486],[-0.01044698743113873,51.530991995414865],[-0.010475987431162608,51.53097199541485],[-0.010603987431262861,51.5308919954148],[-0.010612987431264938,51.5308969954148],[-0.010849987431280508,51.53104299541489],[-0.01107098743129094,51.53118699541501],[-0.010794987431072316,51.53135899541513],[-0.01056798743105935,51.53121299541504],[-0.010318987431048223,51.531054995414934],[-0.010353987431120412,51.530954995414845]]]}},{"type":"Feature","properties":{"kind":"industry","source_file":"Industry_1893-95.geojson","source_index":257,"Map_Name":"St. Thomas Mill (corn)","First_Date":1860,"Last_Date":0,"Type":"Grain Mill","Products":null,"QualityCon":"1","Full_name":null,"Short_name":null,"Web_Link":null,"London_Fir":1,"Londo_1st_":1,"Web_refere":null},"geometry":{"type":"Polygon","coordinates":[[[-0.011521987430528086,51.53281399541622],[-0.011477987430531513,51.53277599541617],[-0.011379987430554359,51.53266599541609],[-0.011437987430590737,51.53264699541609],[-0.011537987430651793,51.532613995416064],[-0.011678987430740247,51.532566995416005],[-0.011767987430717424,51.53266999541609],[-0.011795987430653887,51.532800995416196],[-0.01174498743062481,51.532810995416206],[-0.011667987430557261,51.53286999541625],[-0.011678987430550788,51.532889995416255],[-0.011620987430516663,51.53290599541627],[-0.011521987430528086,51.53281399541622]]]}},{"type":"Feature","properties":{"kind":"industry","source_file":"Industry_1893-95.geojson","source_index":258,"Map_Name":"Brush and Mat Manufactory","First_Date":1860,"Last_Date":0,"Type":"General","Products":null,"QualityCon":"1","Full_name":null,"Short_name":null,"Web_Link":null,"London_Fir":1,"Londo_1st_":1,"Web_refere":null},"geometry":{"type":"Polygon","coordinates":[[[-0.011905987430212839,51.5336299954168],[-0.011797987430204347,51.53356799541679],[-0.011692987430201706,51.53349599541673],[-0.011595987430199784,51.53342499541667],[-0.011443987430199523,51.533316995416584],[-0.011290987430201925,51.53320199541651],[-0.011179987430203354,51.53311699541644],[-0.011107987430199135,51.53307299541642],[-0.011027987430203487,51.53300699541637],[-0.011028987430221661,51.53297499541634],[-0.011078987430269756,51.53292899541632],[-0.011192987430352347,51.53287199541625],[-0.011202987430360602,51.53286599541625],[-0.01123098743038913,51.53283799541623],[-0.011322987430465508,51.53277599541619],[-0.011389987430517149,51.53273599541615],[-0.011554987430497304,51.53289099541626],[-0.011833987430428999,51.533209995416485],[-0.012080987430384407,51.53346599541668],[-0.012143987430375713,51.533528995416745],[-0.011905987430212839,51.5336299954168]]]}},{"type":"Feature","properties":{"kind":"industry","source_file":"Industry_1893-95.geojson","source_index":259,"Map_Name":"Bow Brewery","First_Date":1860,"Last_Date":0,"Type":"Brewing","Products":null,"QualityCon":"1","Full_name":null,"Short_name":null,"Web_Link":null,"London_Fir":1,"Londo_1st_":1,"Web_refere":null},"geometry":{"type":"Polygon","coordinates":[[[-0.013529987433581648,51.529076995413405],[-0.013791987433754723,51.528974995413336],[-0.013913987433837907,51.52892399541328],[-0.013967987433832284,51.528970995413324],[-0.014157755218994187,51.52891067647917],[-0.014131558221265455,51.52951267490077],[-0.014002987433538727,51.52949599541371],[-0.013864987433505942,51.529452995413656],[-0.013782987433495533,51.52941099541364],[-0.01370398743349493,51.529354995413605],[-0.013444987433527004,51.52910999541343],[-0.013529987433581648,51.529076995413405]]]}},{"type":"Feature","properties":{"kind":"industry","source_file":"Industry_1893-95.geojson","source_index":260,"Map_Name":"Howard & Sons","First_Date":1860,"Last_Date":0,"Type":"Chemical","Products":null,"QualityCon":"Name?","Full_name":null,"Short_name":null,"Web_Link":null,"London_Fir":1,"Londo_1st_":1,"Web_refere":null},"geometry":{"type":"Polygon","coordinates":[[[-0.008905987429306251,51.53298899541637],[-0.009222987429427952,51.5330109954164],[-0.009337987429485793,51.53299799541638],[-0.00936998742971615,51.5326289954161],[-0.00954198742986626,51.53249899541602],[-0.00955698742985708,51.532525995416016],[-0.009612987429896584,51.53249799541599],[-0.009890987430066955,51.532409995415925],[-0.009950987430075421,51.53243899541596],[-0.00999498743006056,51.53249499541601],[-0.010010987429936264,51.532718995416175],[-0.009999987429894603,51.53278299541621],[-0.010011987429783388,51.53298099541635],[-0.00997198742971481,51.53306799541641],[-0.009902987429653768,51.533123995416474],[-0.009719987429533469,51.533194995416515],[-0.009630987429456082,51.533260995416576],[-0.009569987429379775,51.53334699541664],[-0.009521987429357835,51.533350995416626],[-0.009437987429401674,51.533212995416534],[-0.0093139874293397,51.53322799541656],[-0.00935998742929769,51.53333299541661],[-0.009378987429280308,51.53337799541666],[-0.009381987429272076,51.53339199541668],[-0.00939698742917313,51.533569995416805],[-0.010031987428990606,51.534346995417366],[-0.009526987428686262,51.53449699541748],[-0.008977987428514711,51.5343869954174],[-0.008802987428538005,51.53421999541729],[-0.008753987428553269,51.534159995417255],[-0.008738987428547626,51.53415799541724],[-0.008672987428576856,51.53406099541718],[-0.008507987428626022,51.53385499541702],[-0.008393987428665338,51.533705995416916],[-0.008558987428765251,51.533657995416874],[-0.008548987428778236,51.53362699541687],[-0.008488987428798741,51.53354799541682],[-0.00859898742890527,51.533446995416725],[-0.008801987429010357,51.5334149954167],[-0.0087009874291246,51.533149995416494],[-0.00870898742912802,51.533148995416504],[-0.008905987429306251,51.53298899541637]]]}},{"type":"Feature","properties":{"kind":"industry","source_file":"Industry_1893-95.geojson","source_index":397,"Map_Name":"Abbey Mill Distillery","First_Date":1860,"Last_Date":0,"Type":"Distillery","Products":null,"QualityCon":"1","Full_name":null,"Short_name":null,"Web_Link":null,"London_Fir":1,"Londo_1st_":1,"Web_refere":null},"geometry":{"type":"Polygon","coordinates":[[[0.0064180125797135236,51.53719199541971],[0.006624012579853599,51.53727999541979],[0.006676012579885652,51.53729799541979],[0.006798012579976732,51.53736599541985],[0.007138012580225226,51.53753799541998],[0.007190012580234884,51.53751999541998],[0.00834401258112676,51.5381979954205],[0.008593012581136697,51.53803499542038],[0.008219012580725105,51.537603995420056],[0.008160012580604234,51.53744399541992],[0.008133012580599524,51.537451995419936],[0.007962012580443571,51.53731199541984],[0.007876012580356787,51.53722799541977],[0.007895012580353118,51.53720599541976],[0.007329012579944456,51.53692399541952],[0.0072980125799121665,51.53689199541951],[0.006638012579496986,51.53666499541933],[0.006516012579534929,51.53681599541943],[0.00624201257959985,51.53712799541967],[0.0064180125797135236,51.53719199541971]]]}},{"type":"Feature","properties":{"kind":"industry","source_file":"Industry_1893-95.geojson","source_index":398,"Map_Name":"Chemical Works","First_Date":1860,"Last_Date":0,"Type":"Chemical","Products":null,"QualityCon":"1","Full_name":null,"Short_name":null,"Web_Link":null,"London_Fir":1,"Londo_1st_":1,"Web_refere":null},"geometry":{"type":"Polygon","coordinates":[[[-0.011179987430818479,51.53207099541567],[-0.011141987430898708,51.53190499541555],[-0.011116987430915657,51.5318589954155],[-0.011289987431035101,51.531781995415436],[-0.011585987431237635,51.53165099541534],[-0.011785987431219079,51.531830995415454],[-0.011884987431209996,51.531918995415545],[-0.011983987431229018,51.531957995415574],[-0.012041987431237753,51.53198399541559],[-0.011981987431175792,51.532045995415615],[-0.011993987431154325,51.53209199541567],[-0.012077987431192677,51.53208699541566],[-0.01236398743120709,51.5322719954158],[-0.012213987431076935,51.53238499541586],[-0.012257987431076384,51.532416995415915],[-0.012088987430934396,51.53253599541599],[-0.012022987430919958,51.53251099541597],[-0.011834987430767161,51.532635995416065],[-0.011609987430776542,51.53245499541595],[-0.011718987430856479,51.532397995415906],[-0.011496987430856772,51.53223599541577],[-0.0113689874308653,51.53212899541569],[-0.01132398743086454,51.53209599541567],[-0.0112179874307973,51.53213299541573],[-0.011179987430818479,51.53207099541567]]]}},{"type":"Feature","properties":{"kind":"industry","source_file":"Industry_1893-95.geojson","source_index":417,"Map_Name":"Four Mills Distillery","First_Date":1860,"Last_Date":0,"Type":"Distillery","Products":null,"QualityCon":"1","Full_name":null,"Short_name":null,"Web_Link":null,"London_Fir":1,"Londo_1st_":1,"Web_refere":null},"geometry":{"type":"Polygon","coordinates":[[[-0.009369987436224907,51.521549995407874],[-0.00919998743622405,51.521427995407784],[-0.009100987436268406,51.52128199540766],[-0.009095987436291092,51.52123799540763],[-0.00905898743627629,51.52123999540765],[-0.009047987436305614,51.52117899540759],[-0.009119987436425121,51.521029995407474],[-0.009193987436557879,51.520855995407366],[-0.009246987436651834,51.52073499540726],[-0.00925198743669931,51.52065899540722],[-0.009271987436804604,51.52049299540709],[-0.009294987436912983,51.52032699540696],[-0.009313987436924102,51.52031999540694],[-0.00930598743699515,51.52019299540685],[-0.009470987437067757,51.520189995406845],[-0.009747987437190742,51.52018199540686],[-0.009747987437221193,51.52013199540682],[-0.00981998743725285,51.5201309954068],[-0.009902987437294902,51.52011699540679],[-0.010028987437178175,51.52040999540701],[-0.010085987437119387,51.520548995407125],[-0.010106987437031999,51.52071199540723],[-0.010156987436786235,51.521167995407566],[-0.010226987436598677,51.521538995407845],[-0.010228987436572115,51.52158699540789],[-0.010159987436535844,51.521597995407895],[-0.009858987436289022,51.521796995408046],[-0.009491987436006682,51.5220119954082],[-0.009509987436067955,51.521917995408145],[-0.00950698743611086,51.521844995408095],[-0.009433987436080022,51.521842995408086],[-0.009369987436224907,51.521549995407874]]]}},{"type":"Feature","properties":{"kind":"industry","source_file":"Industry_1893-95.geojson","source_index":418,"Map_Name":"Bromley Mills (Flour)","First_Date":1890,"Last_Date":0,"Type":"Grain Mill","Products":null,"QualityCon":"1","Full_name":null,"Short_name":null,"Web_Link":null,"London_Fir":0,"Londo_1st_":1,"Web_refere":null},"geometry":{"type":"Polygon","coordinates":[[[-0.009252987435905111,51.52201099540821],[-0.009247987435893855,51.52202399540823],[-0.00922498743587956,51.52203299540823],[-0.009172987435854646,51.522035995408224],[-0.009168987435845032,51.52205099540824],[-0.008915987435733944,51.52205699540825],[-0.008875987435691648,51.522097995408274],[-0.008877987435688142,51.52210599540831],[-0.008887987435689224,51.52211099540829],[-0.008885987435681907,51.52212199540832],[-0.008876987435677238,51.5221239954083],[-0.008860987435568403,51.522297995408444],[-0.00877398743545335,51.522430995408534],[-0.008704987435359468,51.52254099540861],[-0.008717987435359502,51.522549995408625],[-0.008709987435348026,51.52256299540861],[-0.008681987435333568,51.522567995408636],[-0.008657987435326486,51.522560995408625],[-0.008574987435214208,51.522691995408735],[-0.008404987435173494,51.52263899540868],[-0.008479987435302243,51.52247399540857],[-0.008537987435401344,51.522346995408476],[-0.008606987435547858,51.522147995408325],[-0.008619987435574803,51.522111995408316],[-0.008634987435655614,51.521983995408206],[-0.008657987435757044,51.521827995408096],[-0.008679987435776512,51.521810995408075],[-0.00870998743579164,51.521806995408056],[-0.008826987435835832,51.521817995408085],[-0.008947987435883922,51.52182599540807],[-0.009097987435957994,51.52180799540804],[-0.009188987435997416,51.52180599540805],[-0.009268987436027663,51.52181199540807],[-0.00931298743602794,51.52184299540811],[-0.009433987436080022,51.521842995408086],[-0.00950698743611086,51.521844995408095],[-0.009509987436067955,51.521917995408145],[-0.009491987436006682,51.5220119954082],[-0.009252987435905111,51.52201099540821]]]}},{"type":"Feature","properties":{"kind":"industry","source_file":"Industry_1893-95.geojson","source_index":419,"Map_Name":"Three Mills Distillery","First_Date":1890,"Last_Date":0,"Type":"Distillery","Products":"Distillery","QualityCon":"1","Full_name":null,"Short_name":null,"Web_Link":null,"London_Fir":0,"Londo_1st_":1,"Web_refere":null},"geometry":{"type":"Polygon","coordinates":[[[-0.00650398743129765,51.527850995412585],[-0.0056769874308799095,51.52795799541269],[-0.005401987430850501,51.527808995412585],[-0.0050339874306590095,51.527866995412644],[-0.004929987430728965,51.52767299541248],[-0.004856987430767043,51.527552995412414],[-0.0048179874308340665,51.527411995412294],[-0.004738987430945482,51.527164995412114],[-0.00470298743099527,51.52705499541202],[-0.004712987431017551,51.527024995412],[-0.0048769874311688395,51.5268849954119],[-0.00491698743119933,51.526860995411894],[-0.004915987431212349,51.52684099541185],[-0.004898987431251834,51.52676099541181],[-0.004857987431308576,51.52663499541172],[-0.004822987431342658,51.52655099541165],[-0.0048249874313531504,51.52653399541164],[-0.004837987431372856,51.526510995411634],[-0.0049219874314248265,51.52648399541159],[-0.0050349874314881745,51.52645999541157],[-0.0052069874315853115,51.526417995411556],[-0.005408987431695837,51.526374995411516],[-0.005683987431848743,51.52631799541148],[-0.0059079874319645,51.526279995411436],[-0.006027987432019135,51.52627599541144],[-0.006119987432055123,51.526279995411436],[-0.006309987432122655,51.52630399541145],[-0.006471987432175678,51.52633299541148],[-0.006536987432196728,51.52634499541147],[-0.006585987432203825,51.52636799541148],[-0.006629987432196607,51.52641199541152],[-0.006850987432020599,51.52687099541187],[-0.006961987431932573,51.52710199541204],[-0.007227987431658155,51.527763995412506],[-0.00650398743129765,51.527850995412585]]]}},{"type":"Feature","properties":{"kind":"industry","source_file":"Industry_1893-95.geojson","source_index":420,"Map_Name":"Ratner Safe Works","First_Date":1890,"Last_Date":0,"Type":"Metal","Products":"Patent Safe","QualityCon":"1","Full_name":null,"Short_name":null,"Web_Link":null,"London_Fir":0,"Londo_1st_":1,"Web_refere":null},"geometry":{"type":"Polygon","coordinates":[[[-0.012432987432920838,51.52940199541367],[-0.012398987432914767,51.52938999541364],[-0.012350987432878031,51.52941799541368],[-0.011863987432696507,51.529372995413645],[-0.011311987432490032,51.529320995413606],[-0.011191987432445486,51.52930799541362],[-0.011090987432422879,51.529273995413604],[-0.011021987432422118,51.529226995413545],[-0.011266987432575514,51.52914199541349],[-0.011541987432748464,51.52904699541341],[-0.011735987432871754,51.52897999541336],[-0.011643987432894414,51.528873995413285],[-0.011744987432959438,51.528835995413246],[-0.011842987432939042,51.528943995413336],[-0.011961987433013372,51.5289039954133],[-0.01199198743300694,51.52893599541331],[-0.012303987433206126,51.52882399541321],[-0.012744987433161119,51.52922099541351],[-0.012432987432920838,51.52940199541367]]]}},{"type":"Feature","properties":{"kind":"industry","source_file":"Industry_1893-95.geojson","source_index":421,"Map_Name":"Albion Works (Oil and Grease)","First_Date":1890,"Last_Date":0,"Type":"Oil and Petroleum","Products":null,"QualityCon":"1","Full_name":null,"Short_name":null,"Web_Link":null,"London_Fir":0,"Londo_1st_":1,"Web_refere":null},"geometry":{"type":"Polygon","coordinates":[[[-0.01199198743300694,51.52893599541331],[-0.011961987433013372,51.5289039954133],[-0.011842987432939042,51.528943995413336],[-0.011744987432959438,51.528835995413246],[-0.011643987432894414,51.528873995413285],[-0.011735987432871754,51.52897999541336],[-0.011021987432422118,51.529226995413545],[-0.010965987432409247,51.529205995413534],[-0.010911987432420377,51.529146995413505],[-0.01084398743246953,51.5290149954134],[-0.011042987432591859,51.52895099541335],[-0.011082987432586462,51.528989995413376],[-0.011296987432720501,51.528917995413316],[-0.01126598743273024,51.528877995413275],[-0.011496987432875513,51.52879999541324],[-0.011839987433086946,51.52868899541315],[-0.011927987433138458,51.52866599541312],[-0.012010987433196516,51.52862799541308],[-0.012020987433196607,51.528634995413114],[-0.012068987433229655,51.528613995413075],[-0.012303987433206126,51.52882399541321],[-0.01199198743300694,51.52893599541331]]]}},{"type":"Feature","properties":{"kind":"industry","source_file":"Industry_1893-95.geojson","source_index":475,"Map_Name":"Match Manufactory","First_Date":1890,"Last_Date":0,"Type":"Chemical","Products":null,"QualityCon":"1","Full_name":null,"Short_name":null,"Web_Link":null,"London_Fir":0,"Londo_1st_":1,"Web_refere":null},"geometry":{"type":"Polygon","coordinates":[[[-0.012140987437438536,51.521501995407796],[-0.011896987437796184,51.52071499540721],[-0.012639987438295546,51.520405995406975],[-0.012794987438274815,51.52055499540708],[-0.013015987437881706,51.52138499540769],[-0.012140987437438536,51.521501995407796]]]}},{"type":"Feature","properties":{"kind":"industry","source_file":"Industry_1893-95.geojson","source_index":497,"Map_Name":"Victoria Mills (Corn)","First_Date":1890,"Last_Date":0,"Type":"Grain Mill","Products":null,"QualityCon":"1","Full_name":null,"Short_name":null,"Web_Link":null,"London_Fir":0,"Londo_1st_":1,"Web_refere":null},"geometry":{"type":"Polygon","coordinates":[[[-0.0017749874241008265,51.53665899541922],[-0.0013849874239145017,51.53669099541925],[-0.0012169874238325846,51.536706995419244],[-0.0011879874237804356,51.53677499541931],[-0.0010269874236723605,51.53684399541937],[-0.0008199874236904454,51.536658995419224],[-0.001160987423921752,51.536514995419104],[-0.0012489874239845732,51.53647099541907],[-0.0017459874242237846,51.53642599541904],[-0.0017749874241008265,51.53665899541922]]]}},{"type":"Feature","properties":{"kind":"industry","source_file":"Industry_1893-95.geojson","source_index":503,"Map_Name":"Lea Bank Soap and Candle Works","First_Date":1890,"Last_Date":0,"Type":"Soap Candle Tallow and Oil","Products":null,"QualityCon":"1","Full_name":null,"Short_name":"Lea Bank Soap and Candle Works","Web_Link":null,"London_Fir":0,"Londo_1st_":1,"Web_refere":null},"geometry":{"type":"Polygon","coordinates":[[[-0.010781987426363104,51.539367995421095],[-0.010774987426364641,51.53935899542109],[-0.011021987426508756,51.539294995421045],[-0.011093337943824886,51.53938028172801],[-0.010758114153640646,51.53937459760413],[-0.010781987426363104,51.539367995421095]]]}},{"type":"Feature","properties":{"kind":"industry","source_file":"Industry_1893-95.geojson","source_index":504,"Map_Name":"Lea Valley Distillery","First_Date":1890,"Last_Date":0,"Type":"Distillery","Products":null,"QualityCon":"1","Full_name":null,"Short_name":null,"Web_Link":null,"London_Fir":0,"Londo_1st_":1,"Web_refere":null},"geometry":{"type":"Polygon","coordinates":[[[-0.00937198742591259,51.539107995420906],[-0.009418987425963886,51.53905399542088],[-0.009931987426262284,51.53891999542078],[-0.010560987426628204,51.53875299542064],[-0.010655987426683796,51.538727995420615],[-0.010798987426599948,51.538976995420825],[-0.010847987426606542,51.53899999542082],[-0.011021987426508756,51.539294995421045],[-0.010774987426364641,51.53935899542109],[-0.010781987426363104,51.539367995421095],[-0.010758281875833933,51.53937460044831],[-0.009527480082040468,51.53935372249492],[-0.00937198742591259,51.539107995420906]]]}},{"type":"Feature","properties":{"kind":"industry","source_file":"Industry_1893-95.geojson","source_index":505,"Map_Name":"Victoria Oil and Candle Works","First_Date":1890,"Last_Date":0,"Type":"Soap Candle Tallow and Oil","Products":null,"QualityCon":"1","Full_name":null,"Short_name":"Victoria Oil and Candle Works","Web_Link":null,"London_Fir":0,"Londo_1st_":1,"Web_refere":null},"geometry":{"type":"Polygon","coordinates":[[[-0.009418987425963886,51.53905399542088],[-0.009460987426011421,51.53900199542086],[-0.009538987426141664,51.53883799542072],[-0.009571987426208264,51.53874799542062],[-0.00963998742631978,51.538608995420546],[-0.009713987426359217,51.538594995420524],[-0.010111987426623475,51.53843599542039],[-0.010378987426800193,51.538326995420334],[-0.010412987426819356,51.538321995420326],[-0.010655987426683796,51.538727995420615],[-0.009418987425963886,51.53905399542088]]]}},{"type":"Feature","properties":{"kind":"industry","source_file":"Industry_1893-95.geojson","source_index":506,"Map_Name":"Oil and Chemical Works","First_Date":1890,"Last_Date":0,"Type":"Chemical","Products":null,"QualityCon":"1","Full_name":null,"Short_name":null,"Web_Link":null,"London_Fir":0,"Londo_1st_":1,"Web_refere":null},"geometry":{"type":"Polygon","coordinates":[[[-0.009035987425955821,51.53878699542067],[-0.009140987426064548,51.538678995420604],[-0.009266987426195184,51.5385489954205],[-0.009451987426233549,51.538618995420556],[-0.009328987426019078,51.53889499542075],[-0.009035987425955821,51.53878699542067]]]}},{"type":"Feature","properties":{"kind":"industry","source_file":"Industry_1893-95.geojson","source_index":507,"Map_Name":"Hudson Bay Works (Fur)","First_Date":1890,"Last_Date":0,"Type":"Leather and Skins","Products":"Fur","QualityCon":"1","Full_name":null,"Short_name":null,"Web_Link":null,"London_Fir":0,"Londo_1st_":1,"Web_refere":null},"geometry":{"type":"Polygon","coordinates":[[[-0.009328987426019078,51.53889499542075],[-0.009299987425968399,51.538959995420825],[-0.009284987425950656,51.53897899542083],[-0.009156987425818584,51.53910999542092],[-0.008977987425628874,51.539302995421075],[-0.008939271622433784,51.53934374021444],[-0.008522935896644651,51.53933667294133],[-0.008684987425583785,51.53916699542096],[-0.008887987425794393,51.53895299542082],[-0.009035987425955821,51.53878699542067],[-0.009328987426019078,51.53889499542075]]]}},{"type":"Feature","properties":{"kind":"industry","source_file":"Industry_1893-95.geojson","source_index":508,"Map_Name":"Chemical Works","First_Date":1890,"Last_Date":0,"Type":"Chemical","Products":null,"QualityCon":"1","Full_name":null,"Short_name":null,"Web_Link":null,"London_Fir":0,"Londo_1st_":1,"Web_refere":null},"geometry":{"type":"Polygon","coordinates":[[[-0.009527480082040468,51.53935372249492],[-0.009141647572171367,51.53934717499927],[-0.009165987425697934,51.53931999542108],[-0.009276987425816154,51.539200995421],[-0.00937198742591259,51.539107995420906],[-0.009527480082040468,51.53935372249492]]]}},{"type":"Feature","properties":{"kind":"industry","source_file":"Industry_1893-95.geojson","source_index":509,"Map_Name":"Varnish and Japan Works","First_Date":1890,"Last_Date":0,"Type":"Varnish Colour and Paint","Products":null,"QualityCon":"1","Full_name":null,"Short_name":null,"Web_Link":null,"London_Fir":0,"Londo_1st_":1,"Web_refere":null},"geometry":{"type":"Polygon","coordinates":[[[-0.008085987425283889,51.53923899542104],[-0.008022987425290668,51.539182995420994],[-0.008242987425517784,51.53895699542083],[-0.008478987425761518,51.53871299542063],[-0.008649987425935665,51.5385389954205],[-0.008837987426134734,51.538337995420356],[-0.009299987426232342,51.538507995420474],[-0.009266987426195184,51.5385489954205],[-0.008519054694520807,51.53933660705121],[-0.00819797957865414,51.53933115580001],[-0.008085987425283889,51.53923899542104]]]}},{"type":"Feature","properties":{"kind":"industry","source_file":"Industry_1893-95.geojson","source_index":510,"Map_Name":"City of London Match Works","First_Date":1890,"Last_Date":0,"Type":"Chemical","Products":null,"QualityCon":"1","Full_name":null,"Short_name":null,"Web_Link":null,"London_Fir":0,"Londo_1st_":1,"Web_refere":null},"geometry":{"type":"Polygon","coordinates":[[[-0.007794987425305434,51.538989995420856],[-0.007639987425329409,51.53883799542074],[-0.00803298742572732,51.53844399542045],[-0.00837098742603825,51.53816199542023],[-0.008718987426111846,51.538290995420326],[-0.008837987426134734,51.538337995420356],[-0.008022987425290668,51.539182995420994],[-0.007794987425305434,51.538989995420856]]]}},{"type":"Feature","properties":{"kind":"industry","source_file":"Industry_1893-95.geojson","source_index":511,"Map_Name":"Varnish Works","First_Date":1890,"Last_Date":0,"Type":"Varnish Colour and Paint","Products":null,"QualityCon":"1","Full_name":null,"Short_name":null,"Web_Link":null,"London_Fir":0,"Londo_1st_":1,"Web_refere":null},"geometry":{"type":"Polygon","coordinates":[[[-0.0095559874264772,51.538278995420306],[-0.00954198742643547,51.53833999542035],[-0.009505987426336142,51.53848199542046],[-0.009451987426233549,51.538618995420556],[-0.009266987426195184,51.5385489954205],[-0.009299987426232342,51.538507995420474],[-0.008837987426134734,51.538337995420356],[-0.00837098742603825,51.53816199542023],[-0.008762987426404545,51.537825995419986],[-0.009175987426771164,51.53750099541971],[-0.0095559874264772,51.538278995420306]]]}},{"type":"Feature","properties":{"kind":"industry","source_file":"Industry_1893-95.geojson","source_index":512,"Map_Name":"Phoenix Black Works","First_Date":1890,"Last_Date":0,"Type":"Chemical","Products":"Lamp Black","QualityCon":"1","Full_name":null,"Short_name":null,"Web_Link":null,"London_Fir":0,"Londo_1st_":1,"Web_refere":null},"geometry":{"type":"Polygon","coordinates":[[[0.002833012574034433,51.53013499541444],[0.0031810125741483703,51.530076995414376],[0.003840012574359002,51.52995599541429],[0.003716012574181463,51.52974399541416],[0.003555012574019603,51.52958399541402],[0.0033610125738353334,51.5294139954139],[0.0028320125736767936,51.52952699541397],[0.002611012573612167,51.529576995414],[0.002833012574034433,51.53013499541444]]]}},{"type":"Feature","properties":{"kind":"industry","source_file":"Industry_1893-95.geojson","source_index":513,"Map_Name":"Printing Ink Works","First_Date":1890,"Last_Date":0,"Type":"Chemical","Products":"Ink","QualityCon":"1","Full_name":null,"Short_name":null,"Web_Link":null,"London_Fir":0,"Londo_1st_":1,"Web_refere":null},"geometry":{"type":"Polygon","coordinates":[[[0.002557012573409063,51.52927099541378],[0.002719012573642755,51.529552995413994],[0.0033610125738353334,51.5294139954139],[0.0030500125735598467,51.529171995413705],[0.002557012573409063,51.52927099541378]]]}},{"type":"Feature","properties":{"kind":"industry","source_file":"Industry_1893-95.geojson","source_index":514,"Map_Name":"Imperial Spining Mills (Hemp and Jute)","First_Date":1890,"Last_Date":0,"Type":"Fiber","Products":null,"QualityCon":"1","Full_name":null,"Short_name":null,"Web_Link":null,"London_Fir":0,"Londo_1st_":1,"Web_refere":null},"geometry":{"type":"Polygon","coordinates":[[[-0.009196987433766762,51.52560699541087],[-0.009392987433885556,51.52555099541084],[-0.009689987434059013,51.525467995410764],[-0.010107987434304678,51.52535499541069],[-0.010518987434546274,51.52524199541058],[-0.010566987434524075,51.52531699541065],[-0.010667987434463264,51.52549499541078],[-0.010730987434427783,51.52559899541086],[-0.010794987434411096,51.52567599541091],[-0.01065498743431825,51.525729995410934],[-0.010628987434324725,51.52570099541093],[-0.010611987434313653,51.52570699541094],[-0.010525987434337336,51.52560599541088],[-0.010013987434002464,51.525800995411025],[-0.009579987433721756,51.52596399541113],[-0.009196987433766762,51.52560699541087]]]}},{"type":"Feature","properties":{"kind":"industry","source_file":"Industry_1893-95.geojson","source_index":515,"Map_Name":"Asbestos Works","First_Date":1890,"Last_Date":0,"Type":"Chemical","Products":null,"QualityCon":"1","Full_name":null,"Short_name":null,"Web_Link":null,"London_Fir":0,"Londo_1st_":1,"Web_refere":null},"geometry":{"type":"Polygon","coordinates":[[[-0.010477987434004838,51.52613399541125],[-0.010460987434006098,51.52612199541125],[-0.010440987433995188,51.52612699541126],[-0.010390987434001039,51.52607999541121],[-0.010379987433993244,51.52608199541122],[-0.010305987434008753,51.52600199541116],[-0.010726987434281514,51.525842995411026],[-0.010848987434249406,51.52598999541115],[-0.010477987434004838,51.52613399541125]]]}},{"type":"Feature","properties":{"kind":"industry","source_file":"Industry_1893-95.geojson","source_index":516,"Map_Name":"Iron Works","First_Date":1890,"Last_Date":0,"Type":"Metal","Products":null,"QualityCon":"1","Full_name":null,"Short_name":null,"Web_Link":null,"London_Fir":0,"Londo_1st_":1,"Web_refere":null},"geometry":{"type":"Polygon","coordinates":[[[-0.011004987434600924,51.52550299541078],[-0.01072898743442958,51.525594995410856],[-0.010665987434461843,51.52549199541078],[-0.010931987434619385,51.52542099541073],[-0.01094498743461402,51.52543899541075],[-0.011141987434732012,51.52538099541071],[-0.011172987434726188,51.52541199541072],[-0.011192987434737903,51.525406995410705],[-0.011215987434732871,51.525433995410715],[-0.011004987434600924,51.52550299541078]]]}},{"type":"Feature","properties":{"kind":"industry","source_file":"Industry_1893-95.geojson","source_index":560,"Map_Name":"Brush Works","First_Date":1890,"Last_Date":0,"Type":"General","Products":null,"QualityCon":"1","Full_name":null,"Short_name":null,"Web_Link":null,"London_Fir":0,"Londo_1st_":1,"Web_refere":null},"geometry":{"type":"Polygon","coordinates":[[[0.001998012575509072,51.53325199541671],[0.0021450125755914104,51.53328399541675],[0.002282012575547347,51.533109995416616],[0.0021840125754884407,51.53307999541661],[0.002209012575483681,51.53305299541658],[0.002149012575445702,51.53303399541657],[0.0021390125754481575,51.53304599541658],[0.002149012575455904,51.53304999541658],[0.0021310125754647443,51.5330759954166],[0.0020550125754192163,51.533057995416605],[0.001963012575368815,51.533036995416566],[0.0019270125753858914,51.53309299541661],[0.0017790125753051802,51.533060995416584],[0.0017140125753520644,51.53318899541668],[0.001998012575509072,51.53325199541671]]]}},{"type":"Feature","properties":{"kind":"industry","source_file":"Industry_1893-95.geojson","source_index":561,"Map_Name":"Hardware Manufactory","First_Date":1890,"Last_Date":0,"Type":"General","Products":null,"QualityCon":"1","Full_name":null,"Short_name":null,"Web_Link":null,"London_Fir":0,"Londo_1st_":1,"Web_refere":null},"geometry":{"type":"Polygon","coordinates":[[[0.0018080125752863877,51.53300899541655],[0.0017790125753051802,51.533060995416584],[0.0019270125753858914,51.53309299541661],[0.001963012575368815,51.533036995416566],[0.0020550125754192163,51.533057995416605],[0.0020980125754107124,51.53300999541657],[0.0021340125754240784,51.533005995416524],[0.0023060125755290004,51.533058995416596],[0.002350012575536936,51.53304199541659],[0.0024570125754528045,51.53281999541641],[0.002569012575375764,51.53260899541628],[0.00224201257517819,51.53250899541618],[0.0018080125752863877,51.53300899541655]]]}},{"type":"Feature","properties":{"kind":"industry","source_file":"Industry_1893-95.geojson","source_index":562,"Map_Name":"Varnish and Japan Works","First_Date":1890,"Last_Date":0,"Type":"Varnish Colour and Paint","Products":null,"QualityCon":"1","Full_name":null,"Short_name":null,"Web_Link":null,"London_Fir":0,"Londo_1st_":1,"Web_refere":null},"geometry":{"type":"Polygon","coordinates":[[[5.301257433023381e-05,51.53265899541627],[0.00024001257441713786,51.53267099541628],[0.0005720125743272282,51.53227499541599],[0.0007270125743626759,51.53222199541593],[0.001181012574634867,51.53235499541606],[0.0014300125747558046,51.532379995416065],[0.0017700125749550376,51.53247399541614],[0.0020110125750195944,51.53240799541607],[0.0021320125751015987,51.53246099541613],[0.0021780125751271117,51.532469995416136],[0.0022380125751550023,51.53247599541616],[0.0023850125750802848,51.53223899541599],[0.001980012574862263,51.532163995415914],[0.0013130125744756106,51.53198899541577],[0.0013310125744662037,51.53195999541576],[0.0008570125741771912,51.531813995415646],[0.0007430125742009397,51.531936995415734],[0.0006500125741870587,51.53198099541576],[0.0004350125741372144,51.532052995415825],[0.00021901257413820324,51.532209995415926],[0.00020101257412707206,51.53220499541591],[0.00011201257414321493,51.532297995415995],[8.601257417906657e-05,51.532375995416054],[4.001257431424312e-05,51.53264199541623],[5.301257433023381e-05,51.53265899541627]]]}},{"type":"Feature","properties":{"kind":"industry","source_file":"Industry_1893-95.geojson","source_index":563,"Map_Name":"London and Glasgow Foundry","First_Date":1890,"Last_Date":0,"Type":"Metal","Products":null,"QualityCon":"1","Full_name":null,"Short_name":null,"Web_Link":null,"London_Fir":0,"Londo_1st_":1,"Web_refere":null},"geometry":{"type":"Polygon","coordinates":[[[-0.010602987432675248,51.52848799541301],[-0.010455987432711459,51.52831999541288],[-0.01094098743300717,51.52817199541276],[-0.01150098743335213,51.52799299541262],[-0.011643987433318187,51.52815199541274],[-0.011745987433295087,51.52826599541283],[-0.010701987432652717,51.528600995413086],[-0.010602987432675248,51.52848799541301]]]}},{"type":"Feature","properties":{"kind":"industry","source_file":"Industry_1893-95.geojson","source_index":564,"Map_Name":"Bow Bridge Soap Works","First_Date":1890,"Last_Date":0,"Type":"Soap Candle Tallow and Oil","Products":null,"QualityCon":"1","Full_name":null,"Short_name":"Bow Bridge Soap Works","Web_Link":null,"London_Fir":0,"Londo_1st_":1,"Web_refere":null},"geometry":{"type":"Polygon","coordinates":[[[-0.01004798743245906,51.528454995412986],[-0.010140987432453648,51.52852899541302],[-0.010214987432436418,51.528612995413106],[-0.010282987432419925,51.52868999541317],[-0.010303987432402996,51.528734995413195],[-0.010312987432378538,51.52878399541322],[-0.010343987432311408,51.52891999541334],[-0.010353987432295852,51.52895399541336],[-0.010390987432264468,51.52903399541344],[-0.010210987432164498,51.529072995413465],[-0.009696987431857807,51.52922099541356],[-0.00961398743189351,51.529098995413456],[-0.009466987431931854,51.528928995413345],[-0.00940298743195981,51.52883299541326],[-0.009191987432050217,51.52852399541307],[-0.009841987432449148,51.5283179954129],[-0.01004798743245906,51.528454995412986]]]}},{"type":"Feature","properties":{"kind":"industry","source_file":"Industry_1893-95.geojson","source_index":565,"Map_Name":"Stone Works","First_Date":1890,"Last_Date":0,"Type":"Building","Products":null,"QualityCon":"1","Full_name":null,"Short_name":null,"Web_Link":null,"London_Fir":0,"Londo_1st_":1,"Web_refere":null},"geometry":{"type":"Polygon","coordinates":[[[-0.00897098743183126,51.528736995413205],[-0.009043987431797351,51.5288459954133],[-0.008878987431701952,51.52889199541334],[-0.008893987431691397,51.52891899541335],[-0.008695987431576643,51.52897099541339],[-0.008680987431583536,51.52894599541337],[-0.008505987431486003,51.52898699541342],[-0.00843998743151804,51.52888499541333],[-0.008517987431563805,51.5288639954133],[-0.00848798743157742,51.52881699541328],[-0.008716987431713737,51.52875199541323],[-0.008748987431700524,51.52879899541326],[-0.00897098743183126,51.528736995413205]]]}},{"type":"Feature","properties":{"kind":"industry","source_file":"Industry_1893-95.geojson","source_index":566,"Map_Name":"Blue Works","First_Date":1890,"Last_Date":0,"Type":"Varnish Colour and Paint","Products":null,"QualityCon":"1","Full_name":null,"Short_name":null,"Web_Link":null,"London_Fir":0,"Londo_1st_":1,"Web_refere":null},"geometry":{"type":"Polygon","coordinates":[[[-0.008460987431360086,51.52916699541356],[-0.008152987431181787,51.529245995413625],[-0.008064987431221204,51.52911499541351],[-0.008045987431211961,51.52911799541352],[-0.008094987431180794,51.52920699541359],[-0.008042987431148107,51.5292239954136],[-0.007991987431180623,51.52913099541351],[-0.0078009874310665675,51.52918799541356],[-0.007778987431074889,51.52915599541354],[-0.007419987430867095,51.529249995413615],[-0.007440987430971526,51.52908599541349],[-0.0077669874311634655,51.52899699541343],[-0.0077239874311839304,51.528931995413366],[-0.007887987431283858,51.52888299541331],[-0.007846987431296444,51.5288289954133],[-0.007929987431348226,51.52880099541329],[-0.00816098743148212,51.52874199541322],[-0.008460987431360086,51.52916699541356]]]}},{"type":"Feature","properties":{"kind":"industry","source_file":"Industry_1893-95.geojson","source_index":567,"Map_Name":"Oil Refinery","First_Date":1890,"Last_Date":0,"Type":"Oil and Petroleum","Products":null,"QualityCon":"1","Full_name":null,"Short_name":null,"Web_Link":null,"London_Fir":0,"Londo_1st_":1,"Web_refere":null},"geometry":{"type":"Polygon","coordinates":[[[-0.009326987431133749,51.530183995414276],[-0.009151987431213973,51.5299199954141],[-0.009752987431558434,51.52976999541397],[-0.009781987431553344,51.529801995414],[-0.009992987431519738,51.53001199541415],[-0.009326987431133749,51.530183995414276]]]}},{"type":"Feature","properties":{"kind":"industry","source_file":"Industry_1893-95.geojson","source_index":568,"Map_Name":"Asphalte Works","First_Date":1890,"Last_Date":0,"Type":"Asphalt","Products":null,"QualityCon":"1","Full_name":null,"Short_name":null,"Web_Link":null,"London_Fir":0,"Londo_1st_":1,"Web_refere":null},"geometry":{"type":"Polygon","coordinates":[[[-0.007586987430119141,51.53064399541466],[-0.007552987430199791,51.53047999541453],[-0.00744798743026365,51.53029599541439],[-0.007407987430329627,51.530153995414295],[-0.007454987430358976,51.530137995414286],[-0.0074499874303701925,51.53011499541426],[-0.007390987430356684,51.53009699541423],[-0.007313987430471125,51.52984499541405],[-0.007303987430516888,51.529759995414004],[-0.007814987430815877,51.529624995413904],[-0.008626987431292126,51.52940599541373],[-0.009234987431074683,51.530217995414304],[-0.007586987430119141,51.53064399541466]]]}},{"type":"Feature","properties":{"kind":"industry","source_file":"Industry_1893-95.geojson","source_index":569,"Map_Name":"Boiler Works","First_Date":1890,"Last_Date":0,"Type":"Engineering","Products":null,"QualityCon":"1","Full_name":null,"Short_name":null,"Web_Link":null,"London_Fir":0,"Londo_1st_":1,"Web_refere":null},"geometry":{"type":"Polygon","coordinates":[[[-0.009894987431641144,51.52973199541395],[-0.009151987431213973,51.5299199954141],[-0.00900598743127441,51.52971299541394],[-0.009754987431710379,51.52951399541377],[-0.009894987431641144,51.52973199541395]]]}},{"type":"Feature","properties":{"kind":"industry","source_file":"Industry_1893-95.geojson","source_index":570,"Map_Name":"Printing Ink Works","First_Date":1890,"Last_Date":0,"Type":"Chemical","Products":"Ink","QualityCon":"1","Full_name":null,"Short_name":null,"Web_Link":null,"London_Fir":0,"Londo_1st_":1,"Web_refere":null},"geometry":{"type":"Polygon","coordinates":[[[-0.009754987431710379,51.52951399541377],[-0.009039987431292583,51.529703995413925],[-0.00895198743132871,51.52958099541384],[-0.009657987431744848,51.52938499541368],[-0.009754987431710379,51.52951399541377]]]}},{"type":"Feature","properties":{"kind":"industry","source_file":"Industry_1893-95.geojson","source_index":571,"Map_Name":"Boiler Works","First_Date":1890,"Last_Date":0,"Type":"Engineering","Products":null,"QualityCon":"1","Full_name":null,"Short_name":null,"Web_Link":null,"London_Fir":0,"Londo_1st_":1,"Web_refere":null},"geometry":{"type":"Polygon","coordinates":[[[-0.00895198743132871,51.52958099541384],[-0.00874098743141384,51.52927899541362],[-0.009012987431573225,51.52920699541358],[-0.009336987431760336,51.5291239954135],[-0.00942298743180652,51.529107995413476],[-0.009587987431757686,51.529310995413624],[-0.009641987431750081,51.529363995413675],[-0.009657987431744848,51.52938499541368],[-0.00895198743132871,51.52958099541384]]]}},{"type":"Feature","properties":{"kind":"industry","source_file":"Industry_1893-95.geojson","source_index":572,"Map_Name":"Tin Box Manufactory","First_Date":1890,"Last_Date":0,"Type":"Metal","Products":null,"QualityCon":"1","Full_name":null,"Short_name":null,"Web_Link":null,"London_Fir":0,"Londo_1st_":1,"Web_refere":null},"geometry":{"type":"Polygon","coordinates":[[[-0.01173498743196729,51.53051899541449],[-0.011892987432043726,51.530503995414485],[-0.011898987432042355,51.53051099541449],[-0.011930987432032417,51.53055099541453],[-0.011604987431795452,51.53071499541464],[-0.01161498743179162,51.53072999541466],[-0.011541987431742584,51.53075999541468],[-0.011512987431743248,51.530738995414666],[-0.011445987431693408,51.53077599541468],[-0.011365987431691682,51.53071899541466],[-0.011097987431691733,51.530523995414526],[-0.011428987431950317,51.53032399541436],[-0.01173498743196729,51.53051899541449]]]}},{"type":"Feature","properties":{"kind":"industry","source_file":"Industry_1893-95.geojson","source_index":573,"Map_Name":"Aberdeen Works (Jams etc.)","First_Date":1890,"Last_Date":0,"Type":"Food","Products":null,"QualityCon":"1","Full_name":null,"Short_name":null,"Web_Link":null,"London_Fir":0,"Londo_1st_":1,"Web_refere":null},"geometry":{"type":"Polygon","coordinates":[[[-0.011135987431435429,51.53098699541487],[-0.010992987431427886,51.5308949954148],[-0.010797987431415051,51.53077599541472],[-0.010632987431405451,51.53067299541464],[-0.010447987431394684,51.530554995414555],[-0.010475987431511926,51.53037699541441],[-0.010512987431522059,51.530386995414396],[-0.010627987431540668,51.53043699541445],[-0.01075098743163804,51.5303629954144],[-0.010922987431646058,51.530473995414475],[-0.010907987431634259,51.53048199541447],[-0.011011987431641205,51.530546995414525],[-0.011086987431649245,51.530588995414575],[-0.011160987431623857,51.53068499541464],[-0.011389987431635242,51.530832995414755],[-0.011135987431435429,51.53098699541487]]]}},{"type":"Feature","properties":{"kind":"industry","source_file":"Industry_1893-95.geojson","source_index":706,"Map_Name":"St. Leonard's Wharf (Oil Works)","First_Date":1890,"Last_Date":0,"Type":"Oil and Petroleum","Products":null,"QualityCon":"1","Full_name":null,"Short_name":null,"Web_Link":null,"London_Fir":0,"Londo_1st_":1,"Web_refere":null},"geometry":{"type":"Polygon","coordinates":[[[-0.009144987437474994,51.51925999540619],[-0.009210987437436471,51.519373995406255],[-0.009279987437468438,51.51937099540624],[-0.009276987437335241,51.51959399540642],[-0.009064987437196163,51.51967599540648],[-0.008211987437083304,51.51924699540617],[-0.007548987436989781,51.51892499540597],[-0.007141083933458201,51.518630125448226],[-0.009118341521959594,51.51866370512239],[-0.009144987437474994,51.51925999540619]]]}},{"type":"Feature","properties":{"kind":"industry","source_file":"Industry_1893-95.geojson","source_index":788,"Map_Name":"Magnet Wharf (Iron Foundry)","First_Date":1890,"Last_Date":0,"Type":"Metal","Products":"Iron","QualityCon":"1","Full_name":null,"Short_name":null,"Web_Link":null,"London_Fir":0,"Londo_1st_":1,"Web_refere":null},"geometry":{"type":"Polygon","coordinates":[[[-0.013344987432597545,51.530619995414554],[-0.013167987432465604,51.53071399541462],[-0.01290198743248719,51.53048399541446],[-0.01291598743251636,51.53044399541443],[-0.013473987432909295,51.53018399541421],[-0.013689987432912758,51.530334995414336],[-0.013344987432597545,51.530619995414554]]]}},{"type":"Feature","properties":{"kind":"industry","source_file":"Industry_1893-95.geojson","source_index":789,"Map_Name":"Bow Bridge Wharf (Soap and Chemical Works)","First_Date":1890,"Last_Date":0,"Type":"Soap Candle Tallow and Oil","Products":null,"QualityCon":"1","Full_name":null,"Short_name":"Bow Bridge Wharf Soap","Web_Link":null,"London_Fir":0,"Londo_1st_":1,"Web_refere":null},"geometry":{"type":"Polygon","coordinates":[[[-0.012915987432256951,51.53088599541475],[-0.012862987432187816,51.53096599541481],[-0.012804987432102606,51.53106799541491],[-0.012732987431990875,51.53120599541499],[-0.01277298743197793,51.53125699541502],[-0.012668987431875991,51.531354995415114],[-0.012513987431872013,51.531248995415034],[-0.012377987431865843,51.531159995414974],[-0.012155987431865214,51.53100199541486],[-0.012300987431970542,51.53092599541479],[-0.012133987431968384,51.530807995414705],[-0.012460987432202943,51.53064699541458],[-0.012643987432201537,51.53078399541468],[-0.012935987432272561,51.53087399541473],[-0.012915987432256951,51.53088599541475]]]}},{"type":"Feature","properties":{"kind":"industry","source_file":"Industry_1893-95.geojson","source_index":790,"Map_Name":"Glue Manufactory","First_Date":1890,"Last_Date":0,"Type":"Chemical","Products":null,"QualityCon":"1","Full_name":null,"Short_name":null,"Web_Link":null,"London_Fir":0,"Londo_1st_":1,"Web_refere":null},"geometry":{"type":"Polygon","coordinates":[[[-0.010713987429661634,51.533699995416896],[-0.010106987429220879,51.53400799541711],[-0.009931987429252668,51.53382699541699],[-0.010011987429297969,51.53380799541698],[-0.010065987429336225,51.53378199541694],[-0.010437987429608697,51.533590995416795],[-0.011144987430129077,51.53321899541652],[-0.011344987430126912,51.53336699541663],[-0.010713987429661634,51.533699995416896]]]}},{"type":"Feature","properties":{"kind":"industry","source_file":"Industry_1893-95.geojson","source_index":791,"Map_Name":"Rope Works","First_Date":1890,"Last_Date":0,"Type":"Rope","Products":null,"QualityCon":"1","Full_name":null,"Short_name":null,"Web_Link":null,"London_Fir":0,"Londo_1st_":1,"Web_refere":null},"geometry":{"type":"Polygon","coordinates":[[[-0.01299898743005062,51.53470499541759],[-0.01285498743005732,51.53458499541752],[-0.012577987430146455,51.53423299541724],[-0.012425987430197134,51.5340369954171],[-0.012141987430237328,51.53376199541693],[-0.012402987430410019,51.53365699541682],[-0.012563987430419098,51.5337569954169],[-0.012655987430428365,51.53380999541694],[-0.012751987430434845,51.53387099541697],[-0.012887987430434301,51.53396899541704],[-0.012952987430424683,51.5340349954171],[-0.013036987430407116,51.534122995417164],[-0.013147987430374137,51.534260995417256],[-0.013228987430332939,51.534389995417364],[-0.013300987430299144,51.534500995417424],[-0.013313987430279693,51.53454199541748],[-0.01299898743005062,51.53470499541759]]]}},{"type":"Feature","properties":{"kind":"industry","source_file":"Industry_1893-95.geojson","source_index":792,"Map_Name":"Mineral Water Manufactory","First_Date":1890,"Last_Date":0,"Type":"General","Products":null,"QualityCon":"1","Full_name":null,"Short_name":null,"Web_Link":null,"London_Fir":0,"Londo_1st_":1,"Web_refere":null},"geometry":{"type":"Polygon","coordinates":[[[-0.012354987433238245,51.528807995413224],[-0.012303987433206126,51.52882399541321],[-0.012068987433229655,51.528613995413075],[-0.011900987433246121,51.52846399541298],[-0.011823987433253701,51.528395995412914],[-0.011836987433259599,51.52839399541292],[-0.011854987433308315,51.52832399541287],[-0.011892987433384464,51.52822099541278],[-0.012021987433467085,51.52817499541276],[-0.012188987433419571,51.5283779954129],[-0.012204987433414069,51.5283989954129],[-0.012184987433400346,51.52840699541294],[-0.012164987433394185,51.528402995412904],[-0.012158987433384973,51.528413995412926],[-0.012183987433393476,51.528418995412935],[-0.012183987433386993,51.52842899541293],[-0.012178987433383722,51.528432995412935],[-0.012166987433379538,51.52842899541296],[-0.012156987433373914,51.52843099541296],[-0.012161987433373324,51.52843699541295],[-0.012140987433355828,51.52845099541294],[-0.01213198743335238,51.528451995412944],[-0.012131987433344385,51.52846299541297],[-0.012138987433346947,51.52846399541298],[-0.012147987433340056,51.528482995413],[-0.0121539874333387,51.528488995413],[-0.012149987433335962,51.52848999541297],[-0.012161987433339568,51.52849399541299],[-0.012168987433345699,51.52848999541298],[-0.012197987433356691,51.528490995412994],[-0.012202987433356379,51.528495995412996],[-0.012216987433364095,51.528491995412985],[-0.01221298743336482,51.52848899541298],[-0.012230987433374724,51.52848299541299],[-0.01223798743337689,51.52848499541297],[-0.012235987433371783,51.528493995412965],[-0.012249987433375667,51.52849799541299],[-0.012256987433383194,51.52848899541301],[-0.012278987433396912,51.528480995412984],[-0.012307987433390408,51.52851199541301],[-0.012302987433387936,51.528513995413014],[-0.012311987433386695,51.52852299541301],[-0.012326987433395432,51.528518995413],[-0.012328987433398627,51.528513995413014],[-0.012432987433462678,51.52847999541299],[-0.012684987433447517,51.52869099541312],[-0.012354987433238245,51.528807995413224]]]}},{"type":"Feature","properties":{"kind":"industry","source_file":"Industry_1893-95.geojson","source_index":794,"Map_Name":"St. Leonard's Works","First_Date":1890,"Last_Date":0,"Type":"Metal","Products":"Iron","QualityCon":"1","Full_name":null,"Short_name":null,"Web_Link":null,"London_Fir":0,"Londo_1st_":1,"Web_refere":null},"geometry":{"type":"Polygon","coordinates":[[[-0.01051898743486411,51.52470199541019],[-0.009806987434468215,51.52485699541032],[-0.009083987434071886,51.525006995410436],[-0.009026987434050395,51.52500199541045],[-0.008970987434050186,51.524959995410406],[-0.00894798743405742,51.524930995410394],[-0.008866987434021464,51.524935995410395],[-0.008847987434086489,51.524809995410294],[-0.008922987434122594,51.524803995410295],[-0.008895987434160221,51.52471899541024],[-0.008312987433879484,51.524772995410295],[-0.008313987433984435,51.52459299541013],[-0.008358987434004567,51.52459199541015],[-0.00835798743412311,51.524390995410016],[-0.008326987434120489,51.52437199540997],[-0.008326987434145604,51.52432899540994],[-0.008667987434281682,51.52434699540995],[-0.008670987434280665,51.52435199540996],[-0.008812987434333754,51.524362995409966],[-0.009069987434432,51.52438299540998],[-0.009229987434495872,51.524389995409976],[-0.009525987434624763,51.52438799540998],[-0.00976898743474522,51.52436099540996],[-0.010177987434942746,51.5243209954099],[-0.010607987435185514,51.52422099540985],[-0.010805987435031786,51.52462699541013],[-0.01051898743486411,51.52470199541019]]]}},{"type":"Feature","properties":{"kind":"industry","source_file":"Industry_1893-95.geojson","source_index":795,"Map_Name":"Steam Boiler Works","First_Date":1890,"Last_Date":0,"Type":"Engineering","Products":null,"QualityCon":"1","Full_name":null,"Short_name":null,"Web_Link":null,"London_Fir":0,"Londo_1st_":1,"Web_refere":null},"geometry":{"type":"Polygon","coordinates":[[[-0.010351987434448666,51.52528799541063],[-0.009988987434235657,51.525386995410706],[-0.009105987433715998,51.525628995410884],[-0.009098987433720137,51.5256169954109],[-0.00907798743371107,51.5256159954109],[-0.009063987433720999,51.525589995410876],[-0.009079987433730298,51.525586995410876],[-0.009022987433801586,51.525421995410746],[-0.00900798743380308,51.52540799541074],[-0.00861298743358668,51.525489995410815],[-0.007920987433204124,51.52563699541094],[-0.007801987433142248,51.525653995410956],[-0.007782987433136202,51.52565099541095],[-0.008181987433364067,51.52555399541086],[-0.008140987433378368,51.525498995410835],[-0.00788698743323554,51.525558995410876],[-0.007875987433250764,51.52552299541084],[-0.00799398743334266,51.5254539954108],[-0.008053987433358936,51.52546899541082],[-0.008826987433786961,51.525301995410665],[-0.008973987433870881,51.52526999541061],[-0.009252987434033466,51.52519499541057],[-0.009396987434116358,51.525156995410555],[-0.009851987434379443,51.525042995410445],[-0.010401987434687168,51.52491799541036],[-0.010993987435004281,51.52480799541027],[-0.01127398743515393,51.52475899541022],[-0.011290987435146536,51.52478599541024],[-0.011327987435164102,51.52478099541024],[-0.011407987435077847,51.52498699541041],[-0.010351987434448666,51.52528799541063]]]}},{"type":"Feature","properties":{"kind":"industry","source_file":"Industry_1893-95.geojson","source_index":796,"Map_Name":"East London Soap Works","First_Date":1890,"Last_Date":0,"Type":"Soap Candle Tallow and Oil","Products":null,"QualityCon":"1","Full_name":null,"Short_name":"East London Soap Works","Web_Link":null,"London_Fir":0,"Londo_1st_":1,"Web_refere":null},"geometry":{"type":"Polygon","coordinates":[[[-0.013898987430844174,51.53400799541706],[-0.013399987430484652,51.53425699541725],[-0.013246987430522947,51.534078995417126],[-0.013246987430553383,51.53402899541708],[-0.013199987430564155,51.533974995417054],[-0.01329798743061494,51.53396099541704],[-0.013379987430677186,51.533914995417],[-0.013505987430787828,51.53381899541695],[-0.01372798743097919,51.5336539954168],[-0.013895987431115458,51.53354399541672],[-0.013958215037578001,51.53349551589177],[-0.013936740469697725,51.53398886502343],[-0.013898987430844174,51.53400799541706]]]}},{"type":"Feature","properties":{"kind":"industry","source_file":"Industry_1893-95.geojson","source_index":797,"Map_Name":"New Imperial Saw Mills","First_Date":1890,"Last_Date":0,"Type":"Timber Mill","Products":null,"QualityCon":"1","Full_name":null,"Short_name":null,"Web_Link":null,"London_Fir":0,"Londo_1st_":1,"Web_refere":null},"geometry":{"type":"Polygon","coordinates":[[[-0.013773987431916703,51.53209199541565],[-0.012676987431735086,51.53159999541528],[-0.012859987431913404,51.531431995415154],[-0.012972987432033834,51.53130699541506],[-0.013040987432137312,51.531181995414954],[-0.013113987432253229,51.531038995414875],[-0.013301987432432381,51.53086999541475],[-0.013317987432435816,51.530876995414744],[-0.013329987432425187,51.53090299541477],[-0.013341987432424601,51.53091299541477],[-0.01341598743244078,51.530937995414796],[-0.013494987432459065,51.53096399541481],[-0.013589987432479836,51.530997995414836],[-0.013682987432498933,51.531031995414864],[-0.013751987432525111,51.53103899541487],[-0.01401398743260518,51.531095995414894],[-0.014062036014444914,51.53111017072981],[-0.014014645257433712,51.532199040806155],[-0.013773987431916703,51.53209199541565]]]}},{"type":"Feature","properties":{"kind":"industry","source_file":"Industry_1893-95.geojson","source_index":865,"Map_Name":"Leather Cloth Works","First_Date":1890,"Last_Date":0,"Type":"Leather and Skins","Products":null,"QualityCon":"1","Full_name":null,"Short_name":null,"Web_Link":null,"London_Fir":0,"Londo_1st_":1,"Web_refere":null},"geometry":{"type":"Polygon","coordinates":[[[0.0054270125770179605,51.53332599541685],[0.005347012577079146,51.533488995416945],[0.0054320125771854105,51.53360699541706],[0.0056430125774418315,51.53389099541726],[0.0058290125776495,51.53410999541742],[0.00588401257768066,51.53411999541743],[0.0060050125777089975,51.5340819954174],[0.006039012577749063,51.53412599541744],[0.005896012577717018,51.53417299541748],[0.005891012577725126,51.534190995417475],[0.00595701257781548,51.53429699541757],[0.006454012578419193,51.53496399541805],[0.0072940125786328455,51.5347159954179],[0.007647012578788964,51.534727995417896],[0.007707012578569422,51.53431099541759],[0.0077690125783814136,51.53394599541734],[0.007820012578191069,51.53358399541705],[0.007844012578163887,51.53352099541701],[0.007896012578114567,51.53339899541693],[0.007373012577836139,51.53330499541684],[0.006521012577383224,51.53315299541671],[0.0057370125769761315,51.5330289954166],[0.0054270125770179605,51.53332599541685]]]}},{"type":"Feature","properties":{"kind":"industry","source_file":"Industry_1893-95.geojson","source_index":872,"Map_Name":"Marshgate Works (Soap and Tallow)","First_Date":1890,"Last_Date":0,"Type":"Soap Candle Tallow and Oil","Products":null,"QualityCon":"1","Full_name":null,"Short_name":"Marshgate Works (Soap and Tallow)","Web_Link":null,"London_Fir":0,"Londo_1st_":1,"Web_refere":null},"geometry":{"type":"Polygon","coordinates":[[[-0.013815987429356136,51.53648199541892],[-0.013606987429366195,51.53631399541878],[-0.013454987429364695,51.53620299541869],[-0.013262987429359826,51.536072995418614],[-0.013112987429351682,51.53597599541853],[-0.012879987429335849,51.535834995418426],[-0.012716987429319848,51.53574099541839],[-0.012519987429294848,51.535643995418305],[-0.012558987429321915,51.53562399541829],[-0.012719987429444211,51.535532995418215],[-0.012950987429519428,51.53557499541824],[-0.013302987429631655,51.535636995418294],[-0.01365798742974794,51.53569999541833],[-0.013860616496801441,51.535737596777984],[-0.01382781372530913,51.53649109257513],[-0.013815987429356136,51.53648199541892]]]}},{"type":"Feature","properties":{"kind":"industry","source_file":"Industry_1893-95.geojson","source_index":873,"Map_Name":"West Ham Gas Works","First_Date":1890,"Last_Date":0,"Type":"Coal Gas","Products":null,"QualityCon":"1","Full_name":null,"Short_name":"West Ham Gas","Web_Link":null,"London_Fir":0,"Londo_1st_":1,"Web_refere":null},"geometry":{"type":"Polygon","coordinates":[[[-0.0010549874265799257,51.531913995415685],[-0.0014299874267673582,51.531867995415645],[-0.0018659874268285971,51.532079995415806],[-0.00241298742691036,51.532340995415986],[-0.002991987426992832,51.532620995416174],[-0.003384987427047866,51.53281299541631],[-0.003392987426948664,51.532989995416465],[-0.0033809874268340263,51.5331739954166],[-0.0033829874267935814,51.53324499541665],[-0.003342987426672405,51.53342099541676],[-0.0032679874264908127,51.533676995416975],[-0.003108987426263762,51.53394599541718],[-0.003370987426292295,51.534089995417276],[-0.003468987426304072,51.53413999541732],[-0.0036649874263418114,51.534217995417364],[-0.003798987426386864,51.53423899541738],[-0.003675987426280881,51.534327995417456],[-0.00392598742632024,51.534445995417535],[-0.004051987426335503,51.53450899541758],[-0.004029987426313832,51.5345319954176],[-0.0038829874261860618,51.53464299541768],[-0.0037409874260888134,51.53470199541772],[-0.0034949874259252054,51.5348029954178],[-0.0032099874257375334,51.5349169954179],[-0.003326987425765093,51.53495299541793],[-0.003353987425763361,51.53497499541793],[-0.003253987425693192,51.53502399541796],[-0.0031559874256230492,51.53506899541799],[-0.003165987425623605,51.53507799541803],[-0.0029189874254487097,51.53519599541812],[-0.002754987425329295,51.53527899541816],[-0.002744987425325772,51.53527899541818],[-0.0025889874252224845,51.53534299541821],[-0.002396987425083381,51.53543999541829],[-0.002160987424921416,51.53554299541836],[-0.001812987424691637,51.53567799541846],[-0.0017979874247010252,51.53565299541847],[-0.0017439874247611377,51.53551199541836],[-0.0016539874248602488,51.53527899541819],[-0.0015329874249876499,51.53497099541795],[-0.0014329874251122069,51.53468599541774],[-0.001406987425157735,51.53459099541767],[-0.001361987425212837,51.534463995417596],[-0.0013149874252548033,51.5343569954175],[-0.0011739874253111396,51.534161995417385],[-0.001044987425349446,51.53399999541724],[-0.0009259874253850937,51.533852995417135],[-0.0007679874254306297,51.53365999541701],[-0.0005989874254793081,51.53345699541685],[-0.0005669874254924606,51.533412995416825],[-0.000456987425533912,51.53325899541668],[-0.00036998742556982635,51.533132995416615],[-0.0002839874256303185,51.532969995416494],[-0.00025598742568153755,51.5328649954164],[-0.00021498742576309612,51.53269399541628],[-0.00019898742579735576,51.53262399541622],[-0.0002099874258387791,51.532560995416205],[-0.00020598742589898012,51.532456995416105],[-0.00015898742595515572,51.53232699541601],[-0.00013098742597862564,51.532264995415964],[-8.798742600394175e-05,51.5321929954159],[-4.398742600804438e-05,51.532152995415885],[0.00012901257400792663,51.5320549954158],[-0.0010549874265799257,51.531913995415685]]]}},{"type":"Feature","properties":{"kind":"industry","source_file":"Industry_1893-95.geojson","source_index":874,"Map_Name":"Stirling Chemical Works","First_Date":1890,"Last_Date":0,"Type":"Chemical","Products":null,"QualityCon":"1","Full_name":null,"Short_name":null,"Web_Link":null,"London_Fir":0,"Londo_1st_":1,"Web_refere":null},"geometry":{"type":"Polygon","coordinates":[[[0.0028300125745057236,51.53093999541503],[0.003364012574695984,51.53087399541496],[0.004079012574949691,51.53078599541492],[0.004083012574858115,51.530628995414794],[0.004072012574802261,51.53054199541475],[0.004021012574656403,51.530330995414594],[0.0032820125744092554,51.530446995414664],[0.002753012574229254,51.5305259954147],[0.002671012574399148,51.53087199541497],[0.0026790125744046967,51.53087499541496],[0.0026720125744225573,51.53091199541501],[0.002712012574455077,51.53093799541502],[0.0027090125744634918,51.53095299541502],[0.0028300125745057236,51.53093999541503]]]}},{"type":"Feature","properties":{"kind":"industry","source_file":"Industry_1893-95.geojson","source_index":875,"Map_Name":"West Ham Chemical Works","First_Date":1890,"Last_Date":0,"Type":"Chemical","Products":null,"QualityCon":"1","Full_name":null,"Short_name":null,"Web_Link":null,"London_Fir":0,"Londo_1st_":1,"Web_refere":null},"geometry":{"type":"Polygon","coordinates":[[[0.0007180125723473516,51.52880199541342],[0.0008300125725255482,51.52902299541359],[0.0010660125726451055,51.52905499541361],[0.0014440125728294364,51.52909299541363],[0.0017180125729620846,51.52912099541367],[0.0020530125731270197,51.5291569954137],[0.0023280125732599104,51.5291849954137],[0.00222601257308324,51.528957995413535],[0.0007210125723458405,51.528797995413406],[0.0007180125723473516,51.52880199541342]]]}},{"type":"Feature","properties":{"kind":"industry","source_file":"Industry_1893-95.geojson","source_index":876,"Map_Name":"Abbey Mills Chemical Works","First_Date":1890,"Last_Date":0,"Type":"Chemical","Products":null,"QualityCon":"1","Full_name":null,"Short_name":null,"Web_Link":null,"London_Fir":0,"Londo_1st_":1,"Web_refere":null},"geometry":{"type":"Polygon","coordinates":[[[0.00222601257308324,51.528957995413535],[0.002235012573060864,51.52891399541351],[0.002287012573074209,51.528896995413504],[0.002304012573059715,51.52886199541348],[0.002410012573000084,51.52868299541334],[0.002204012572817506,51.52852199541322],[0.0020180125726562133,51.52838199541312],[0.0017930125724587738,51.528209995412986],[0.0015470125722430322,51.52802199541285],[0.001456012572178904,51.52797699541281],[0.00140901257215267,51.52796799541279],[0.001343012572121049,51.52796299541278],[0.0012910125721181016,51.527995995412816],[0.0012820125721352289,51.52803199541284],[0.0012720125721901604,51.52812999541291],[0.0012570125721890286,51.528138995412924],[0.001257012572220256,51.52819499541296],[0.001249012572221517,51.52820099541296],[0.0012450125722667492,51.52828399541303],[0.00122801257226538,51.52829199541304],[0.000997012572154432,51.52826999541301],[0.0009960125721566566,51.528275995413004],[0.0008230125720801516,51.528269995413005],[0.0008190125720847344,51.52827899541301],[0.0007180125720499914,51.528294995413034],[0.0007380125721771147,51.52849699541319],[0.0007450125722411635,51.52859999541325],[0.0007350125723233599,51.52874699541336],[0.0007210125723458405,51.528797995413406],[0.00222601257308324,51.528957995413535]]]}},{"type":"Feature","properties":{"kind":"industry","source_file":"Industry_1893-95.geojson","source_index":924,"Map_Name":"Gas Works","First_Date":1890,"Last_Date":0,"Type":"Coal Gas","Products":null,"QualityCon":"1","Full_name":null,"Short_name":"Bromley Gas","Web_Link":null,"London_Fir":0,"Londo_1st_":1,"Web_refere":null},"geometry":{"type":"Polygon","coordinates":[[[-0.005276987431915376,51.52590599541116],[-0.004616987431538807,51.5260669954113],[-0.0037219874310255733,51.526288995411484],[-0.003245987430756662,51.526400995411564],[-0.0032069874307412423,51.526400995411564],[-0.003062987430660655,51.52643299541159],[-0.0029999874306093693,51.52647399541161],[-0.0024149874302735446,51.52661799541174],[-0.0019149874299882322,51.526738995411826],[-0.0013639874296751428,51.526872995411935],[-0.0013279874296921298,51.52681799541189],[-0.0012889874296781927,51.52681399541191],[-0.0012689874296750443,51.526803995411875],[-0.0012579874297694623,51.526636995411764],[-0.0013019874300342676,51.526215995411455],[-0.0013699874303342416,51.525754995411106],[-0.0014559874306740437,51.52524199541071],[-0.0015169874308648425,51.524961995410514],[-0.001614987431124341,51.524592995410245],[-0.001685987431188112,51.52453299541018],[-0.0016629874311966289,51.52450099541017],[-0.0018859874313621485,51.52438399541009],[-0.002261987431650108,51.52416699540993],[-0.002452987431832278,51.52399399540981],[-0.0027399874320196845,51.52388499540971],[-0.0030169874321753377,51.52382299540965],[-0.003398987432777767,51.523074995409075],[-0.0033889874327617166,51.5230959954091],[-0.0034569874327930266,51.5230909954091],[-0.003553987432975618,51.5228509954089],[-0.004241987433264082,51.522859995408915],[-0.00506098743360827,51.52286899540892],[-0.0052429874336998574,51.5228479954089],[-0.005094987433765207,51.522627995408726],[-0.004942987433829528,51.52240699540857],[-0.0048299874338307135,51.52232499540852],[-0.004811987433875468,51.522235995408444],[-0.004587987433881062,51.522062995408334],[-0.004043987433876211,51.52167499540804],[-0.003276987433695213,51.52142599540787],[0.0003460125664779997,51.51908999540619],[-0.0017386404952643162,51.51853820583168],[-0.0025744282934029067,51.5185524425944],[-0.0028159874350416063,51.51880199540593],[-0.005744987435168829,51.52071199540729],[-0.006752987435916621,51.520171995406876],[-0.007898987436613797,51.51981899540661],[-0.008075987436600176,51.51997199540671],[-0.008384987436607079,51.52018499540688],[-0.00852898743661709,51.52027399540693],[-0.008629987436617772,51.520343995406975],[-0.008672987436614188,51.52037999540702],[-0.00872698743653156,51.520561995407135],[-0.008726987436484394,51.52064399540721],[-0.008795987436478143,51.52070399540725],[-0.008736987436356466,51.520867995407365],[-0.008541987436135183,51.52110299540755],[-0.00838498743600219,51.52121299540764],[-0.008350987435986596,51.52121499540762],[-0.008148987435786955,51.52140699540778],[-0.007886987435523945,51.521665995407965],[-0.007633987435277602,51.52190099540817],[-0.007553987435182998,51.522003995408234],[-0.007499987435098969,51.5221039954083],[-0.007483987435011557,51.522243995408395],[-0.007357987434824679,51.52246999540859],[-0.007232987434603903,51.522755995408794],[-0.007066987434252774,51.52323099540916],[-0.007074987434203393,51.52332099540922],[-0.007177987434246275,51.523323995409214],[-0.007165987433951369,51.5238169954096],[-0.007161987433852875,51.5239799954097],[-0.007152987433567262,51.524459995410055],[-0.0071239874335549125,51.524460995410074],[-0.007027987433431742,51.52460099541017],[-0.006936987433322368,51.52471999541025],[-0.006591987433092888,51.52485999541039],[-0.006270987432877323,51.524991995410495],[-0.006116987432759395,51.52508199541054],[-0.0060809874326841215,51.52518299541062],[-0.006335987432516269,51.52565499541096],[-0.006341987432511127,51.525667995410956],[-0.005276987431915376,51.52590599541116]]]}},{"type":"Feature","properties":{"kind":"industry","source_file":"Industry_1893-95.geojson","source_index":939,"Map_Name":"Marshgate Lane Works","First_Date":1890,"Last_Date":0,"Type":"Chemical","Products":null,"QualityCon":"1","Full_name":null,"Short_name":null,"Web_Link":null,"London_Fir":0,"Londo_1st_":1,"Web_refere":null},"geometry":{"type":"Polygon","coordinates":[[[-0.010577987429710152,51.533516995416754],[-0.010065987429336225,51.53378199541694],[-0.009931987429252668,51.53382699541699],[-0.009818987429264986,51.53372299541691],[-0.009699987429307843,51.533563995416785],[-0.009630987429345218,51.53344899541671],[-0.0096639874294224,51.53334199541662],[-0.009746987429496819,51.533275995416574],[-0.009956987429633368,51.533196995416496],[-0.01010898742974823,51.53311099541646],[-0.010164987429825665,51.5330219954164],[-0.010171987429931077,51.532847995416255],[-0.010179987429966246,51.53279399541621],[-0.010298987429996385,51.53282799541627],[-0.01049098743004795,51.53288199541628],[-0.010683987430109688,51.53291699541631],[-0.01090598743017909,51.53295999541633],[-0.010891987430137801,51.53301999541636],[-0.010900987430117566,51.53305999541641],[-0.011144987430129077,51.53321899541652],[-0.010577987429710152,51.533516995416754]]]}},{"type":"Feature","properties":{"kind":"industry","source_file":"Industry_1893-95.geojson","source_index":940,"Map_Name":"Marshgate Mills","First_Date":1890,"Last_Date":0,"Type":"Chemical","Products":null,"QualityCon":"1","Full_name":null,"Short_name":null,"Web_Link":null,"London_Fir":0,"Londo_1st_":1,"Web_refere":null},"geometry":{"type":"Polygon","coordinates":[[[-0.01090398742923525,51.53456599541753],[-0.01027198742923319,51.534105995417185],[-0.011477987430123071,51.5334729954167],[-0.011617987430136525,51.53354999541676],[-0.011924987430160471,51.53373399541689],[-0.012144987430135026,51.53393699541704],[-0.01090398742923525,51.53456599541753]]]}},{"type":"Feature","properties":{"kind":"industry","source_file":"Industry_1893-95.geojson","source_index":941,"Map_Name":"Ornamental Moulding Works","First_Date":1890,"Last_Date":0,"Type":"Furnishings","Products":null,"QualityCon":"1","Full_name":null,"Short_name":null,"Web_Link":null,"London_Fir":0,"Londo_1st_":1,"Web_refere":null},"geometry":{"type":"Polygon","coordinates":[[[-0.009208987432570499,51.52765299541242],[-0.009589987432934917,51.52730899541214],[-0.009853987432981983,51.52742099541222],[-0.009941987432972872,51.52750099541229],[-0.009993987433003674,51.527487995412265],[-0.01002198743300593,51.52750199541226],[-0.009974987432969016,51.527529995412294],[-0.009759987432758846,51.52773299541246],[-0.009600987432706081,51.52770899541244],[-0.0095289874326275,51.52778999541249],[-0.009208987432570499,51.52765299541242]]]}},{"type":"Feature","properties":{"kind":"industry","source_file":"Industry_1893-95.geojson","source_index":942,"Map_Name":"Bow Pottery","First_Date":1890,"Last_Date":0,"Type":"General","Products":null,"QualityCon":"1","Full_name":null,"Short_name":null,"Web_Link":null,"London_Fir":0,"Londo_1st_":1,"Web_refere":null},"geometry":{"type":"Polygon","coordinates":[[[-0.007801987433142248,51.525653995410956],[-0.00861298743358668,51.525489995410815],[-0.00869398743350625,51.52568499541095],[-0.007875987433089444,51.52579899541106],[-0.007801987433142248,51.525653995410956]]]}},{"type":"Feature","properties":{"kind":"industry","source_file":"Industry_1893-95.geojson","source_index":947,"Map_Name":"Oil & Colour Works","First_Date":1860,"Last_Date":0,"Type":"Varnish Colour and Paint","Products":null,"QualityCon":"1","Full_name":null,"Short_name":null,"Web_Link":null,"London_Fir":1,"Londo_1st_":1,"Web_refere":null},"geometry":{"type":"Polygon","coordinates":[[[-0.009918987430861162,51.53107799541495],[-0.010106987430932609,51.531094995414946],[-0.010092987430897414,51.531145995414995],[-0.010161987430920272,51.531156995414996],[-0.009806987430510228,51.53159299541534],[-0.00980898743041433,51.53176099541546],[-0.009525987430272888,51.53179399541549],[-0.009457987430331865,51.531643995415365],[-0.009498987430386189,51.53158099541535],[-0.009706987430738105,51.53113599541499],[-0.009770987430786233,51.53109699541498],[-0.009918987430861162,51.53107799541495]]]}},{"type":"Feature","properties":{"kind":"industry","source_file":"Industry_1893-95.geojson","source_index":964,"Map_Name":"Paint, Varnish and Printing Ink Worka","First_Date":1890,"Last_Date":0,"Type":"Chemical","Products":null,"QualityCon":"1","Full_name":null,"Short_name":null,"Web_Link":null,"London_Fir":0,"Londo_1st_":1,"Web_refere":null},"geometry":{"type":"Polygon","coordinates":[[[-0.008465987430567812,51.530517995414534],[-0.00926198743101783,51.530332995414405],[-0.00929698743102821,51.53034099541438],[-0.00946598743066119,51.531089995414945],[-0.00917098743052436,51.53110799541496],[-0.008977987430470695,51.53105799541494],[-0.008632987430290277,51.53111199541498],[-0.008465987430567812,51.530517995414534]]]}},{"type":"Feature","properties":{"kind":"industry","source_file":"Industry_1893-95.geojson","source_index":965,"Map_Name":"Langthorn Chemical Works","First_Date":1890,"Last_Date":0,"Type":"Chemical","Products":null,"QualityCon":"1","Full_name":null,"Short_name":null,"Web_Link":null,"London_Fir":0,"Londo_1st_":1,"Web_refere":null},"geometry":{"type":"Polygon","coordinates":[[[0.0022030125751394698,51.53247199541615],[0.002201012575139326,51.532471995416145],[0.0020080125750148556,51.5324049954161],[0.0017670125749522413,51.532470995416155],[0.0014300125747558046,51.532379995416065],[0.001181012574634867,51.53235499541606],[0.0007270125743626759,51.53222199541593],[0.0005720125743272282,51.53227499541599],[0.0002370125744146442,51.53266799541627],[5.001257432726503e-05,51.53265599541628],[1.3012574392529202e-05,51.53279199541634],[0.0002940125745371609,51.5328359954164],[0.0014370125751889864,51.533113995416606],[0.001462012575198141,51.533111995416625],[0.0016020125752918386,51.53316899541665],[0.0022030125751394698,51.53247199541615]]]}},{"type":"Feature","properties":{"kind":"industry","source_file":"Industry_1893-95.geojson","source_index":983,"Map_Name":"Van and Wheel Works","First_Date":1890,"Last_Date":0,"Type":"General","Products":null,"QualityCon":"1","Full_name":null,"Short_name":null,"Web_Link":null,"London_Fir":0,"Londo_1st_":1,"Web_refere":null},"geometry":{"type":"Polygon","coordinates":[[[-0.010856987434639972,51.52533099541065],[-0.010930987434617328,51.52542199541073],[-0.010665987434462046,51.525492995410765],[-0.010630987434483275,51.525430995410744],[-0.010776987434566369,51.52539599541071],[-0.01069398743461589,51.5252519954106],[-0.010988987434797638,51.525155995410515],[-0.011006987434791884,51.52517999541054],[-0.010991987434783019,51.52518499541054],[-0.011054987434759666,51.52526999541061],[-0.010856987434639972,51.52533099541065]]]}},{"type":"Feature","properties":{"kind":"industry","source_file":"Industry_1893-95.geojson","source_index":1017,"Map_Name":"London Spinning Mills (Richie & Sons)","First_Date":0,"Last_Date":0,"Type":"Fiber","Products":null,"QualityCon":null,"Full_name":null,"Short_name":null,"Web_Link":null,"London_Fir":0,"Londo_1st_":1,"Web_refere":"http://www.mernick.org.uk/thhol/easlonind01.html"},"geometry":{"type":"Polygon","coordinates":[[[-0.006468987425432645,51.537806995419984],[-0.0064319874254429995,51.53776499541996],[-0.0074329874263737595,51.53690699541933],[-0.00779898742670874,51.536604995419076],[-0.008283987426762628,51.53686599541926],[-0.008832987426810936,51.537183995419504],[-0.008144987426175506,51.53776499541995],[-0.007345987425422929,51.53846499542048],[-0.007156987425423607,51.53832399542038],[-0.006468987425432645,51.537806995419984]]]}},{"type":"Feature","properties":{"kind":"industry","source_file":"Industry_1893-95.geojson","source_index":1018,"Map_Name":"Manure Works","First_Date":0,"Last_Date":0,"Type":"Chemical","Products":null,"QualityCon":null,"Full_name":null,"Short_name":null,"Web_Link":null,"London_Fir":0,"Londo_1st_":1,"Web_refere":null},"geometry":{"type":"Polygon","coordinates":[[[-0.004132987431036723,51.52656899541169],[-0.003892987430903355,51.526621995411716],[-0.003609987430746332,51.526683995411766],[-0.0033029874305934076,51.52672099541181],[-0.0028519874303329844,51.52683699541189],[-0.0024109874300846292,51.52693799541198],[-0.002157987429931526,51.52701499541203],[-0.0019989874298257863,51.52707899541207],[-0.0018869874297397216,51.52714199541215],[-0.0017929874296668765,51.52719799541218],[-0.001706987429671989,51.52712799541212],[-0.0015889874296656959,51.527052995412056],[-0.0013489874295348947,51.527100995412106],[-0.0012819874295576727,51.52701399541205],[-0.002980987430510682,51.526625995411734],[-0.004243987431221822,51.52633499541149],[-0.004329987431182304,51.52646399541161],[-0.004132987431036723,51.52656899541169]]]}},{"type":"Feature","properties":{"kind":"industry","source_file":"Industry_1893-95.geojson","source_index":1125,"Map_Name":"Oil and Stearine Works","First_Date":1860,"Last_Date":0,"Type":"Soap Candle Tallow and Oil","Products":null,"QualityCon":"1","Full_name":null,"Short_name":"Oil and Stearine Works","Web_Link":null,"London_Fir":0,"Londo_1st_":1,"Web_refere":null},"geometry":{"type":"Polygon","coordinates":[[[0.00014001257156986984,51.52789899541271],[9.201257157890541e-05,51.52794899541276],[9.201257159575441e-05,51.527978995412795],[0.00013101257163276184,51.52801199541279],[0.00021801257168803853,51.52804299541284],[0.0005420125718788784,51.52813299541291],[0.0005790125718924529,51.528129995412904],[0.0006900125719825044,51.528200995412966],[0.0008140125720006478,51.528143995412904],[0.0008250125720117966,51.52815399541293],[0.0009740125720389349,51.52809099541289],[0.0009610125720244994,51.528075995412856],[0.0009920125720300048,51.52806399541286],[0.0009890125720266303,51.52805799541286],[0.0010140125720326694,51.52804999541285],[0.00116001257207515,51.528016995412834],[0.0011910125720765235,51.5279969954128],[0.0012270125721038714,51.528016995412834],[0.0013450125721145563,51.52794999541278],[0.0014100125721453077,51.52795499541278],[0.0013760125721114023,51.52792399541276],[0.0014200125721142399,51.52789299541275],[0.001419012572085314,51.52784499541269],[0.001387012572055018,51.52781799541268],[0.0015000125720662436,51.52775499541263],[0.001515012572066077,51.52774399541262],[0.0011330125718427933,51.52764299541253],[0.0007940125716557136,51.52756999541248],[0.0004410125714552721,51.52748499541241],[-5.998742882844268e-05,51.52736599541233],[-0.0004659874290563393,51.527271995412256],[-0.0005029874290564466,51.52729999541227],[-0.000556987429030569,51.52738299541234],[-0.0006919874289645336,51.5275929954125],[0.00014001257156986984,51.52789899541271]]]}}]}
