{"type": "FeatureCollection", "crs": {"type": "name", "properties": {"name": "EPSG:4326"}}, "features": [{"type": "Feature", "id": 47, "geometry": {"type": "Polygon", "coordinates": [[[-0.119425, 51.505685], [-0.121059, 51.506192], [-0.121789, 51.506418], [-0.121877, 51.506446], [-0.122069, 51.506505], [-0.121929, 51.506536], [-0.121784, 51.506491], [-0.121787, 51.506488], [-0.121775, 51.506484], [-0.121772, 51.506488], [-0.121752, 51.506482], [-0.121741, 51.506479], [-0.121697, 51.506465], [-0.121599, 51.506434], [-0.121486, 51.506398], [-0.121364, 51.506361], [-0.121351, 51.506357], [-0.121345, 51.506355], [-0.121291, 51.506338], [-0.121287, 51.506337], [-0.121271, 51.506332], [-0.121175, 51.506302], [-0.121056, 51.506265], [-0.120701, 51.506155], [-0.120647, 51.506138], [-0.120057, 51.505956], [-0.120005, 51.50594], [-0.119412, 51.505756], [-0.119425, 51.505685]]]}, "properties": {"FID": 47, "FEATCODE": 25608}}, {"type": "Feature", "id": 48, "geometry": {"type": "Polygon", "coordinates": [[[-0.118438, 51.505758], [-0.118444, 51.50576], [-0.118493, 51.505775], [-0.118497, 51.505776], [-0.118519, 51.505783], [-0.118623, 51.505815], [-0.11909, 51.505959], [-0.119226, 51.506001], [-0.119807, 51.506183], [-0.119865, 51.506201], [-0.120449, 51.506383], [-0.120507, 51.506402], [-0.120508, 51.506402], [-0.121043, 51.506569], [-0.121093, 51.506584], [-0.121148, 51.506601], [-0.121154, 51.506603], [-0.12123, 51.506626], [-0.121379, 51.506673], [-0.121536, 51.506722], [-0.121731, 51.506782], [-0.12174, 51.506785], [-0.121695, 51.506843], [-0.121688, 51.50684], [-0.121609, 51.506816], [-0.121589, 51.50681], [-0.12104, 51.506639], [-0.118584, 51.505876], [-0.118532, 51.505908], [-0.121038, 51.506686], [-0.121487, 51.506826], [-0.12144, 51.506885], [-0.121008, 51.507427], [-0.120887, 51.507579], [-0.120939, 51.507595], [-0.120955, 51.507576], [-0.121001, 51.50759], [-0.121032, 51.5076], [-0.121418, 51.507115], [-0.121434, 51.507096], [-0.121449, 51.507077], [-0.121554, 51.506945], [-0.121559, 51.506939], [-0.121482, 51.506915], [-0.121492, 51.506901], [-0.121518, 51.506869], [-0.121581, 51.506855], [-0.121666, 51.506881], [-0.121677, 51.506948], [-0.12162, 51.507085], [-0.121424, 51.50734], [-0.121359, 51.507419], [-0.121351, 51.507429], [-0.12124, 51.507489], [-0.121315, 51.50747], [-0.121391, 51.507429], [-0.121388, 51.507434], [-0.121273, 51.507597], [-0.121152, 51.507748], [-0.121016, 51.507907], [-0.120865, 51.50807], [-0.120695, 51.508236], [-0.120603, 51.508306], [-0.120489, 51.508345], [-0.120387, 51.508343], [-0.120237, 51.508469], [-0.120086, 51.508575], [-0.12012, 51.508638], [-0.120083, 51.508713], [-0.119978, 51.508801], [-0.1198, 51.50892], [-0.119509, 51.509093], [-0.119377, 51.509165], [-0.119151, 51.509278], [-0.118899, 51.509362], [-0.11882, 51.509369], [-0.118763, 51.509377], [-0.118755, 51.50937], [-0.118735, 51.509378], [-0.118695, 51.509344], [-0.11868, 51.509331], [-0.118651, 51.509305], [-0.118639, 51.509295], [-0.118638, 51.509294], [-0.118605, 51.509265], [-0.118576, 51.509279], [-0.118609, 51.509308], [-0.118609, 51.509308], [-0.118621, 51.509319], [-0.118651, 51.509344], [-0.118665, 51.509357], [-0.118724, 51.509409], [-0.118742, 51.509424], [-0.118755, 51.509435], [-0.118557, 51.509523], [-0.118448, 51.509549], [-0.118476, 51.509522], [-0.11843, 51.509555], [-0.118408, 51.509564], [-0.118283, 51.50959], [-0.11811, 51.509675], [-0.118093, 51.509662], [-0.118065, 51.50964], [-0.11806, 51.509634], [-0.117862, 51.509413], [-0.117834, 51.509382], [-0.1178, 51.509344], [-0.117553, 51.509067], [-0.11732, 51.508808], [-0.117307, 51.508793], [-0.117291, 51.508775], [-0.117075, 51.508534], [-0.116868, 51.508303], [-0.116778, 51.508202], [-0.116751, 51.508173], [-0.116243, 51.507604], [-0.11624, 51.507601], [-0.116218, 51.507577], [-0.116166, 51.507518], [-0.116174, 51.507515], [-0.11603, 51.507354], [-0.11623, 51.507268], [-0.116436, 51.507172], [-0.116668, 51.507053], [-0.116858, 51.506947], [-0.116991, 51.506851], [-0.117022, 51.506826], [-0.117137, 51.506756], [-0.117226, 51.506724], [-0.117396, 51.506818], [-0.117407, 51.506809], [-0.117487, 51.506855], [-0.117568, 51.5069], [-0.117708, 51.50698], [-0.11757, 51.507074], [-0.11766, 51.507125], [-0.117881, 51.506973], [-0.117977, 51.506907], [-0.117941, 51.506888], [-0.117885, 51.506858], [-0.117749, 51.506951], [-0.117607, 51.506871], [-0.117525, 51.506826], [-0.117447, 51.506782], [-0.117461, 51.506772], [-0.117292, 51.506678], [-0.117347, 51.506605], [-0.117444, 51.506529], [-0.117484, 51.506506], [-0.117629, 51.506414], [-0.117779, 51.506288], [-0.117939, 51.506141], [-0.11809, 51.505992], [-0.118235, 51.505842], [-0.118342, 51.505729], [-0.118438, 51.505758]], [[-0.11929, 51.508848], [-0.119434, 51.508942], [-0.119523, 51.509], [-0.119543, 51.508986], [-0.119456, 51.508929], [-0.119313, 51.508834], [-0.11929, 51.508848]]]}, "properties": {"FID": 48, "FEATCODE": 25608}}, {"type": "Feature", "id": 49, "geometry": {"type": "Polygon", "coordinates": [[[-0.119533, 51.50385], [-0.119525, 51.503882], [-0.119545, 51.503883], [-0.119522, 51.504041], [-0.119484, 51.504248], [-0.11944, 51.504412], [-0.11935, 51.504613], [-0.119277, 51.504739], [-0.119183, 51.504861], [-0.119041, 51.50502], [-0.118988, 51.505115], [-0.118895, 51.505385], [-0.118871, 51.505466], [-0.118839, 51.505503], [-0.118778, 51.505561], [-0.11869, 51.505534], [-0.118687, 51.505533], [-0.118636, 51.505517], [-0.118546, 51.505489], [-0.118594, 51.505427], [-0.118621, 51.5054], [-0.11863, 51.505391], [-0.118839, 51.505082], [-0.118929, 51.504935], [-0.119017, 51.504779], [-0.119105, 51.504607], [-0.119178, 51.504449], [-0.119241, 51.5043], [-0.1193, 51.504138], [-0.11935, 51.503975], [-0.119387, 51.503847], [-0.119533, 51.50385]]]}, "properties": {"FID": 49, "FEATCODE": 25608}}, {"type": "Feature", "id": 50, "geometry": {"type": "Polygon", "coordinates": [[[-0.117664, 51.509774], [-0.117704, 51.509821], [-0.117666, 51.509847], [-0.117459, 51.509914], [-0.11737, 51.509942], [-0.117352, 51.509919], [-0.117358, 51.509917], [-0.117371, 51.509913], [-0.117652, 51.50983], [-0.117668, 51.509825], [-0.117689, 51.50982], [-0.117643, 51.509764], [-0.117442, 51.509826], [-0.11727, 51.509879], [-0.116975, 51.50997], [-0.116971, 51.509971], [-0.116968, 51.509972], [-0.116965, 51.509974], [-0.116962, 51.509976], [-0.116961, 51.509977], [-0.116959, 51.50998], [-0.116959, 51.509986], [-0.11696, 51.509989], [-0.116967, 51.509996], [-0.116992, 51.510032], [-0.117312, 51.509931], [-0.117331, 51.509925], [-0.117348, 51.509947], [-0.117265, 51.509971], [-0.117043, 51.510025], [-0.117004, 51.510035], [-0.116951, 51.510052], [-0.116912, 51.510069], [-0.116871, 51.51009], [-0.116678, 51.51016], [-0.116496, 51.510207], [-0.116372, 51.510237], [-0.116225, 51.510272], [-0.116103, 51.5103], [-0.115931, 51.510338], [-0.115787, 51.510368], [-0.115511, 51.510423], [-0.115345, 51.510455], [-0.115192, 51.510485], [-0.114921, 51.510533], [-0.114597, 51.510585], [-0.114402, 51.510615], [-0.114153, 51.510652], [-0.113866, 51.510692], [-0.113714, 51.51071], [-0.113667, 51.510716], [-0.113404, 51.510745], [-0.113383, 51.510747], [-0.113096, 51.510775], [-0.113076, 51.510776], [-0.112853, 51.510782], [-0.11283, 51.510781], [-0.112741, 51.510768], [-0.112694, 51.51076], [-0.112618, 51.510751], [-0.112549, 51.510751], [-0.112466, 51.510763], [-0.112354, 51.510784], [-0.112012, 51.510818], [-0.111906, 51.510825], [-0.111852, 51.510857], [-0.111715, 51.510831], [-0.111595, 51.510831], [-0.111258, 51.510826], [-0.111062, 51.51081], [-0.110944, 51.510824], [-0.110871, 51.510844], [-0.110776, 51.510866], [-0.110541, 51.51088], [-0.11023, 51.510879], [-0.109923, 51.510873], [-0.109904, 51.510872], [-0.109903, 51.51088], [-0.1099, 51.51088], [-0.109869, 51.51088], [-0.109869, 51.510876], [-0.109611, 51.510878], [-0.108964, 51.510876], [-0.108669, 51.510875], [-0.108345, 51.510872], [-0.107749, 51.510868], [-0.107417, 51.510867], [-0.107356, 51.51086], [-0.107352, 51.510859], [-0.107349, 51.510859], [-0.107346, 51.510859], [-0.107342, 51.510858], [-0.107339, 51.510858], [-0.107336, 51.510858], [-0.107332, 51.510858], [-0.105692, 51.510851], [-0.105692, 51.510836], [-0.106411, 51.510769], [-0.106433, 51.510798], [-0.10671, 51.510771], [-0.10671, 51.510742], [-0.106433, 51.510714], [-0.10641, 51.510736], [-0.105702, 51.510802], [-0.105702, 51.510801], [-0.105701, 51.510784], [-0.1057, 51.510777], [-0.105593, 51.510778], [-0.105592, 51.510797], [-0.105556, 51.51084], [-0.105541, 51.51084], [-0.105526, 51.510839], [-0.105512, 51.510839], [-0.105497, 51.510839], [-0.105482, 51.510839], [-0.105449, 51.510839], [-0.105449, 51.510849], [-0.105401, 51.510849], [-0.104984, 51.510847], [-0.10498, 51.510847], [-0.104977, 51.510847], [-0.104973, 51.510847], [-0.10497, 51.510848], [-0.104966, 51.510848], [-0.104963, 51.510848], [-0.104959, 51.510849], [-0.104956, 51.510849], [-0.104952, 51.51085], [-0.104949, 51.51085], [-0.104945, 51.510851], [-0.104942, 51.510851], [-0.104939, 51.510852], [-0.104935, 51.510853], [-0.104932, 51.510854], [-0.104929, 51.510855], [-0.104926, 51.510856], [-0.104923, 51.510857], [-0.10492, 51.510858], [-0.104912, 51.51086], [-0.104779, 51.51086], [-0.10478, 51.510838], [-0.104742, 51.510838], [-0.104679, 51.510838], [-0.104667, 51.510838], [-0.104667, 51.510829], [-0.104667, 51.510793], [-0.104668, 51.510784], [-0.104668, 51.510775], [-0.104669, 51.510752], [-0.104669, 51.510751], [-0.104618, 51.510704], [-0.10462, 51.510653], [-0.104624, 51.510547], [-0.104629, 51.510377], [-0.104634, 51.510227], [-0.104635, 51.510213], [-0.104635, 51.5102], [-0.104636, 51.510171], [-0.104641, 51.510021], [-0.104649, 51.509829], [-0.104653, 51.509657], [-0.104654, 51.509628], [-0.104655, 51.509615], [-0.104656, 51.509602], [-0.104658, 51.50953], [-0.10467, 51.509224], [-0.104673, 51.509123], [-0.104674, 51.509083], [-0.104675, 51.50907], [-0.104679, 51.508957], [-0.104681, 51.508914], [-0.104682, 51.508907], [-0.10469, 51.508751], [-0.104696, 51.508631], [-0.104771, 51.508554], [-0.104771, 51.508566], [-0.104768, 51.508636], [-0.104792, 51.508635], [-0.104964, 51.50864], [-0.10556, 51.508649], [-0.106016, 51.508652], [-0.106547, 51.508652], [-0.106662, 51.508653], [-0.106991, 51.508651], [-0.107283, 51.508646], [-0.107405, 51.508643], [-0.10767, 51.508605], [-0.107807, 51.508546], [-0.108166, 51.508509], [-0.108371, 51.508497], [-0.108918, 51.508459], [-0.108926, 51.508503], [-0.108949, 51.508501], [-0.108941, 51.508458], [-0.108981, 51.508443], [-0.109136, 51.508407], [-0.109442, 51.508365], [-0.10984, 51.508292], [-0.109904, 51.508282], [-0.110314, 51.508244], [-0.110329, 51.508243], [-0.110312, 51.508245], [-0.110258, 51.50825], [-0.11026, 51.508261], [-0.110315, 51.508256], [-0.110332, 51.508255], [-0.110366, 51.508254], [-0.110676, 51.508274], [-0.110752, 51.508333], [-0.110815, 51.508426], [-0.110918, 51.508471], [-0.111018, 51.508469], [-0.111098, 51.508455], [-0.111391, 51.508406], [-0.111647, 51.508372], [-0.111924, 51.508333], [-0.112416, 51.508256], [-0.112551, 51.508233], [-0.113194, 51.508116], [-0.113495, 51.508061], [-0.113584, 51.508044], [-0.113699, 51.508018], [-0.113945, 51.507959], [-0.113991, 51.50795], [-0.114192, 51.507899], [-0.114417, 51.507847], [-0.114661, 51.507786], [-0.114923, 51.507715], [-0.115164, 51.507646], [-0.115403, 51.507576], [-0.115706, 51.507483], [-0.115844, 51.507637], [-0.117732, 51.50975], [-0.117664, 51.509774]]]}, "properties": {"FID": 50, "FEATCODE": 25608}}, {"type": "Feature", "id": 51, "geometry": {"type": "Polygon", "coordinates": [[[-0.104215, 51.508927], [-0.104212, 51.509059], [-0.104211, 51.509075], [-0.104211, 51.50909], [-0.104211, 51.509115], [-0.104204, 51.509404], [-0.104197, 51.509591], [-0.104196, 51.50961], [-0.104195, 51.509637], [-0.104195, 51.50965], [-0.104191, 51.509749], [-0.104185, 51.509898], [-0.104176, 51.510164], [-0.104175, 51.510179], [-0.104175, 51.510192], [-0.104174, 51.510223], [-0.104157, 51.510695], [-0.104107, 51.510747], [-0.103834, 51.51074], [-0.10362, 51.510755], [-0.10346, 51.510774], [-0.103462, 51.510732], [-0.103467, 51.510732], [-0.10347, 51.510731], [-0.103472, 51.510731], [-0.103478, 51.510728], [-0.103481, 51.510727], [-0.103482, 51.510726], [-0.103484, 51.510724], [-0.103485, 51.510723], [-0.103488, 51.51072], [-0.103489, 51.510718], [-0.103489, 51.510717], [-0.10349, 51.510715], [-0.10349, 51.510712], [-0.103489, 51.51071], [-0.103489, 51.510709], [-0.103489, 51.510707], [-0.103487, 51.510705], [-0.103487, 51.510704], [-0.103485, 51.510703], [-0.103482, 51.5107], [-0.10348, 51.510699], [-0.103478, 51.510698], [-0.103475, 51.510697], [-0.103473, 51.510696], [-0.103471, 51.510695], [-0.103468, 51.510695], [-0.103466, 51.510694], [-0.103463, 51.510694], [-0.103458, 51.510694], [-0.103474, 51.510231], [-0.103475, 51.510203], [-0.103477, 51.510167], [-0.103479, 51.51012], [-0.103456, 51.510119], [-0.103459, 51.510039], [-0.103444, 51.510039], [-0.103445, 51.509994], [-0.103448, 51.509888], [-0.103456, 51.509701], [-0.103463, 51.509379], [-0.103471, 51.509164], [-0.103478, 51.508954], [-0.103479, 51.5089], [-0.10348, 51.508898], [-0.103488, 51.508675], [-0.10349, 51.508634], [-0.103544, 51.508612], [-0.10382, 51.508615], [-0.103825, 51.508537], [-0.104033, 51.508541], [-0.104031, 51.508569], [-0.104046, 51.50857], [-0.104089, 51.508571], [-0.10409, 51.508559], [-0.104105, 51.508559], [-0.104145, 51.508559], [-0.104145, 51.508543], [-0.104229, 51.508626], [-0.104218, 51.508858], [-0.104216, 51.508913], [-0.104216, 51.508919], [-0.104215, 51.508927]]]}, "properties": {"FID": 51, "FEATCODE": 25608}}, {"type": "Feature", "id": 52, "geometry": {"type": "Polygon", "coordinates": [[[-0.093766, 51.509668], [-0.093769, 51.509664], [-0.093846, 51.50953], [-0.09387, 51.50949], [-0.094069, 51.50915], [-0.094091, 51.509113], [-0.094304, 51.508746], [-0.094324, 51.508713], [-0.094523, 51.508374], [-0.094544, 51.508338], [-0.094612, 51.50822], [-0.094616, 51.508221], [-0.094633, 51.508192], [-0.094637, 51.508192], [-0.09466, 51.508198], [-0.094666, 51.508185], [-0.094669, 51.50818], [-0.094648, 51.508176], [-0.094745, 51.508097], [-0.094772, 51.508054], [-0.094776, 51.508048], [-0.094858, 51.508086], [-0.095613, 51.508283], [-0.095789, 51.508319], [-0.096139, 51.508377], [-0.096141, 51.508384], [-0.096145, 51.50839], [-0.096148, 51.508395], [-0.096152, 51.508401], [-0.096156, 51.508407], [-0.096161, 51.508412], [-0.096167, 51.508417], [-0.096173, 51.508422], [-0.096182, 51.508428], [-0.096189, 51.508432], [-0.096197, 51.508437], [-0.096205, 51.50844], [-0.096212, 51.508444], [-0.096221, 51.508447], [-0.096229, 51.50845], [-0.096239, 51.508452], [-0.096238, 51.508454], [-0.096238, 51.508456], [-0.096238, 51.50846], [-0.096238, 51.508461], [-0.096238, 51.508463], [-0.096238, 51.508465], [-0.096239, 51.508467], [-0.09624, 51.50847], [-0.096241, 51.508472], [-0.096242, 51.508474], [-0.096244, 51.508477], [-0.096245, 51.508479], [-0.096247, 51.508481], [-0.096248, 51.508482], [-0.09625, 51.508484], [-0.096251, 51.508485], [-0.096255, 51.508488], [-0.096257, 51.50849], [-0.096259, 51.508491], [-0.096261, 51.508492], [-0.096263, 51.508493], [-0.096265, 51.508494], [-0.096261, 51.508525], [-0.096261, 51.508528], [-0.096263, 51.508529], [-0.096266, 51.508531], [-0.09627, 51.508532], [-0.096373, 51.508556], [-0.096438, 51.50857], [-0.096781, 51.508648], [-0.096783, 51.508649], [-0.096891, 51.508673], [-0.096888, 51.508694], [-0.096512, 51.508672], [-0.096459, 51.508669], [-0.096458, 51.508681], [-0.096447, 51.508751], [-0.096445, 51.508759], [-0.097161, 51.5088], [-0.097163, 51.508791], [-0.097172, 51.508721], [-0.097173, 51.508711], [-0.097031, 51.508703], [-0.096997, 51.508656], [-0.096947, 51.508652], [-0.096508, 51.508555], [-0.096454, 51.508543], [-0.096342, 51.508519], [-0.096338, 51.508517], [-0.096337, 51.508516], [-0.096335, 51.508514], [-0.096336, 51.508512], [-0.09634, 51.508499], [-0.096344, 51.508498], [-0.096347, 51.508497], [-0.09635, 51.508496], [-0.096352, 51.508495], [-0.096355, 51.508493], [-0.096357, 51.508492], [-0.096359, 51.508491], [-0.096362, 51.50849], [-0.096364, 51.508488], [-0.096366, 51.508487], [-0.096368, 51.508485], [-0.09637, 51.508484], [-0.096371, 51.508482], [-0.096375, 51.508479], [-0.096377, 51.508475], [-0.096379, 51.508474], [-0.09638, 51.508472], [-0.096381, 51.50847], [-0.096382, 51.508468], [-0.096382, 51.508466], [-0.096383, 51.508462], [-0.096384, 51.508461], [-0.096384, 51.508459], [-0.096397, 51.508458], [-0.096405, 51.508458], [-0.096414, 51.508456], [-0.096422, 51.508455], [-0.096429, 51.508453], [-0.096437, 51.508451], [-0.096444, 51.508449], [-0.096452, 51.508447], [-0.096465, 51.508441], [-0.096471, 51.508437], [-0.096477, 51.508433], [-0.096488, 51.508425], [-0.096492, 51.50842], [-0.096496, 51.508416], [-0.096502, 51.508406], [-0.096504, 51.508403], [-0.096612, 51.508409], [-0.096784, 51.508422], [-0.097153, 51.508439], [-0.097292, 51.508445], [-0.097296, 51.508418], [-0.098572, 51.508475], [-0.098575, 51.50857], [-0.098577, 51.50865], [-0.098574, 51.508719], [-0.098634, 51.508754], [-0.098635, 51.508731], [-0.098636, 51.508724], [-0.09864, 51.508687], [-0.098647, 51.508633], [-0.098673, 51.50848], [-0.099191, 51.508497], [-0.099215, 51.508498], [-0.099498, 51.508506], [-0.099799, 51.508534], [-0.099984, 51.508571], [-0.100529, 51.508592], [-0.100654, 51.508578], [-0.100839, 51.508572], [-0.101038, 51.508574], [-0.101372, 51.508597], [-0.10144, 51.508606], [-0.101864, 51.508618], [-0.101906, 51.508616], [-0.102209, 51.508613], [-0.102604, 51.50862], [-0.103133, 51.508628], [-0.10312, 51.508887], [-0.10312, 51.508913], [-0.103116, 51.509038], [-0.103113, 51.509107], [-0.103101, 51.509382], [-0.103095, 51.509575], [-0.103094, 51.509593], [-0.103094, 51.50961], [-0.103094, 51.509621], [-0.103093, 51.509644], [-0.103086, 51.509918], [-0.10308, 51.510149], [-0.103065, 51.510212], [-0.103029, 51.510334], [-0.102965, 51.510546], [-0.102927, 51.510664], [-0.102912, 51.510705], [-0.102902, 51.510704], [-0.102901, 51.510735], [-0.1029, 51.510766], [-0.1029, 51.510796], [-0.102898, 51.510848], [-0.102427, 51.510844], [-0.101359, 51.510838], [-0.10087, 51.510835], [-0.10046, 51.510833], [-0.100241, 51.510832], [-0.099994, 51.510827], [-0.099688, 51.510816], [-0.09943, 51.510802], [-0.099058, 51.510773], [-0.098847, 51.510752], [-0.098508, 51.510711], [-0.098522, 51.510495], [-0.098451, 51.510487], [-0.098447, 51.510536], [-0.098436, 51.5107], [-0.098138, 51.510656], [-0.098147, 51.510631], [-0.098122, 51.510627], [-0.098111, 51.510653], [-0.097868, 51.510636], [-0.097814, 51.510636], [-0.097109, 51.510528], [-0.09706, 51.510513], [-0.096853, 51.510446], [-0.096801, 51.510426], [-0.096176, 51.510297], [-0.096046, 51.510308], [-0.095873, 51.510319], [-0.095806, 51.510337], [-0.095613, 51.510549], [-0.095271, 51.510565], [-0.095208, 51.510574], [-0.09537, 51.510218], [-0.095371, 51.510215], [-0.095372, 51.510213], [-0.095372, 51.510211], [-0.095373, 51.510209], [-0.095373, 51.510207], [-0.095374, 51.510205], [-0.095374, 51.510202], [-0.095375, 51.5102], [-0.095375, 51.510198], [-0.095375, 51.510196], [-0.095375, 51.510194], [-0.095374, 51.510192], [-0.095374, 51.510189], [-0.095374, 51.510187], [-0.095373, 51.510185], [-0.095373, 51.510183], [-0.095372, 51.510181], [-0.095372, 51.510179], [-0.095371, 51.510177], [-0.09537, 51.510174], [-0.095369, 51.510172], [-0.095368, 51.51017], [-0.095367, 51.510168], [-0.095365, 51.510166], [-0.095364, 51.510164], [-0.095363, 51.510162], [-0.095361, 51.51016], [-0.095359, 51.510158], [-0.095358, 51.510156], [-0.095356, 51.510154], [-0.095354, 51.510153], [-0.095352, 51.510151], [-0.09535, 51.510149], [-0.095348, 51.510147], [-0.095346, 51.510146], [-0.095344, 51.510144], [-0.095341, 51.510142], [-0.095339, 51.510141], [-0.095336, 51.510139], [-0.095334, 51.510138], [-0.095331, 51.510136], [-0.095329, 51.510135], [-0.095326, 51.510133], [-0.095323, 51.510132], [-0.09532, 51.510131], [-0.095317, 51.51013], [-0.095314, 51.510128], [-0.095311, 51.510127], [-0.095308, 51.510126], [-0.095305, 51.510125], [-0.095302, 51.510124], [-0.095299, 51.510123], [-0.095296, 51.510122], [-0.095292, 51.510122], [-0.095289, 51.510121], [-0.095286, 51.51012], [-0.095282, 51.51012], [-0.095279, 51.510119], [-0.095276, 51.510119], [-0.095272, 51.510118], [-0.095269, 51.510118], [-0.095265, 51.510117], [-0.095262, 51.510117], [-0.095258, 51.510117], [-0.095255, 51.510117], [-0.095251, 51.510117], [-0.095248, 51.510117], [-0.095244, 51.510117], [-0.095241, 51.510117], [-0.095237, 51.510117], [-0.095234, 51.510117], [-0.09523, 51.510117], [-0.095227, 51.510118], [-0.095223, 51.510118], [-0.09522, 51.510118], [-0.095217, 51.510119], [-0.095213, 51.510119], [-0.09521, 51.51012], [-0.095206, 51.510121], [-0.095203, 51.510122], [-0.0952, 51.510122], [-0.095197, 51.510123], [-0.095194, 51.510124], [-0.09519, 51.510125], [-0.095187, 51.510126], [-0.095184, 51.510127], [-0.095181, 51.510128], [-0.095178, 51.510129], [-0.095178, 51.51013], [-0.095104, 51.510113], [-0.095094, 51.510129], [-0.094865, 51.51007], [-0.094731, 51.510041], [-0.094743, 51.51002], [-0.094616, 51.509991], [-0.0946, 51.510017], [-0.094473, 51.509902], [-0.093943, 51.509803], [-0.093697, 51.509839], [-0.093666, 51.509845], [-0.093769, 51.509669], [-0.093766, 51.509668]]]}, "properties": {"FID": 52, "FEATCODE": 25608}}, {"type": "Feature", "id": 53, "geometry": {"type": "Polygon", "coordinates": [[[-0.094384, 51.508167], [-0.094368, 51.508194], [-0.094313, 51.508286], [-0.094293, 51.508322], [-0.094094, 51.508658], [-0.094073, 51.508696], [-0.093858, 51.50906], [-0.093835, 51.5091], [-0.093637, 51.509436], [-0.093614, 51.509477], [-0.093542, 51.509595], [-0.093541, 51.509598], [-0.093541, 51.509597], [-0.093426, 51.509792], [-0.093162, 51.50972], [-0.092875, 51.509646], [-0.09259, 51.509573], [-0.09238, 51.509522], [-0.092155, 51.509466], [-0.091999, 51.509427], [-0.091846, 51.509389], [-0.091836, 51.509406], [-0.091776, 51.509382], [-0.091733, 51.50933], [-0.091734, 51.509326], [-0.091751, 51.509277], [-0.091761, 51.509248], [-0.091774, 51.509209], [-0.091779, 51.509192], [-0.091792, 51.509153], [-0.091794, 51.509147], [-0.091798, 51.509133], [-0.09183, 51.509025], [-0.091837, 51.509025], [-0.091856, 51.508969], [-0.09185, 51.508966], [-0.091886, 51.508895], [-0.091926, 51.508815], [-0.092031, 51.508615], [-0.092086, 51.508508], [-0.092137, 51.508407], [-0.092147, 51.508393], [-0.092185, 51.508326], [-0.092216, 51.508268], [-0.092404, 51.507908], [-0.092419, 51.507881], [-0.092424, 51.507882], [-0.092458, 51.507818], [-0.092453, 51.507817], [-0.092512, 51.507701], [-0.092521, 51.507683], [-0.092555, 51.507615], [-0.09257, 51.507585], [-0.092616, 51.507501], [-0.092842, 51.507557], [-0.094353, 51.50794], [-0.09449, 51.507974], [-0.094378, 51.508166], [-0.094384, 51.508167]]]}, "properties": {"FID": 53, "FEATCODE": 25608}}, {"type": "Feature", "id": 54, "geometry": {"type": "Polygon", "coordinates": [[[-0.087601, 51.508984], [-0.087648, 51.508855], [-0.087693, 51.508727], [-0.087769, 51.508507], [-0.088006, 51.507836], [-0.088088, 51.5076], [-0.088153, 51.507412], [-0.088221, 51.507217], [-0.088307, 51.506968], [-0.088309, 51.506964], [-0.088316, 51.506942], [-0.088317, 51.506938], [-0.088407, 51.506902], [-0.088802, 51.506919], [-0.088921, 51.50693], [-0.089246, 51.506955], [-0.089441, 51.506973], [-0.090098, 51.507066], [-0.090204, 51.507098], [-0.090328, 51.50713], [-0.090475, 51.507147], [-0.090563, 51.507151], [-0.090959, 51.507167], [-0.091083, 51.507149], [-0.091284, 51.507158], [-0.091598, 51.507235], [-0.09166, 51.507262], [-0.091994, 51.507365], [-0.092082, 51.507398], [-0.092081, 51.507403], [-0.092051, 51.507461], [-0.092032, 51.507496], [-0.092012, 51.507534], [-0.091981, 51.507593], [-0.091947, 51.507659], [-0.091922, 51.507705], [-0.091917, 51.507704], [-0.091887, 51.507763], [-0.091893, 51.507765], [-0.091856, 51.507832], [-0.091821, 51.507898], [-0.09182, 51.507901], [-0.091776, 51.507986], [-0.091722, 51.508094], [-0.091712, 51.508092], [-0.09168, 51.50815], [-0.09169, 51.508153], [-0.091587, 51.508354], [-0.091522, 51.50848], [-0.091509, 51.508479], [-0.091483, 51.508535], [-0.091491, 51.508536], [-0.091447, 51.508623], [-0.091381, 51.508747], [-0.091335, 51.508836], [-0.09132, 51.508865], [-0.091308, 51.508863], [-0.091297, 51.508879], [-0.091284, 51.508901], [-0.091281, 51.508912], [-0.091244, 51.508938], [-0.09118, 51.508982], [-0.091078, 51.509052], [-0.091067, 51.509061], [-0.091064, 51.509063], [-0.091004, 51.509108], [-0.090982, 51.509124], [-0.090924, 51.509166], [-0.090744, 51.509148], [-0.089862, 51.509017], [-0.089565, 51.509012], [-0.089101, 51.508984], [-0.088702, 51.508968], [-0.08866, 51.50897], [-0.088614, 51.508964], [-0.088528, 51.50897], [-0.088323, 51.508977], [-0.088115, 51.50899], [-0.08794, 51.509019], [-0.087622, 51.50899], [-0.0876, 51.508985], [-0.087601, 51.508984]]]}, "properties": {"FID": 54, "FEATCODE": 25608}}, {"type": "Feature", "id": 55, "geometry": {"type": "Polygon", "coordinates": [[[-0.076446, 51.504482], [-0.076671, 51.504538], [-0.076824, 51.504572], [-0.07717, 51.504677], [-0.077362, 51.50474], [-0.0776, 51.504824], [-0.077618, 51.504831], [-0.078132, 51.505005], [-0.07839, 51.505088], [-0.079359, 51.505418], [-0.079368, 51.505421], [-0.079711, 51.505536], [-0.079733, 51.505544], [-0.080086, 51.505643], [-0.080628, 51.505777], [-0.080638, 51.505779], [-0.081057, 51.505895], [-0.081169, 51.505927], [-0.081386, 51.505971], [-0.081354, 51.50604], [-0.081354, 51.506059], [-0.08095, 51.506066], [-0.081043, 51.50609], [-0.081353, 51.506085], [-0.081355, 51.506091], [-0.081515, 51.506119], [-0.081567, 51.506], [-0.081693, 51.506021], [-0.08254, 51.506181], [-0.082576, 51.506191], [-0.083131, 51.506281], [-0.08324, 51.506281], [-0.083322, 51.506293], [-0.083444, 51.506336], [-0.083718, 51.506384], [-0.083782, 51.506385], [-0.083992, 51.506408], [-0.084231, 51.50645], [-0.084364, 51.50647], [-0.084524, 51.506559], [-0.084662, 51.506644], [-0.084628, 51.506818], [-0.084541, 51.506867], [-0.08454, 51.506899], [-0.084818, 51.50692], [-0.08483, 51.50689], [-0.084772, 51.50683], [-0.084815, 51.506658], [-0.084986, 51.506627], [-0.08509, 51.506634], [-0.085133, 51.506566], [-0.085236, 51.506537], [-0.085474, 51.506534], [-0.085608, 51.50654], [-0.086154, 51.50655], [-0.086261, 51.506556], [-0.086619, 51.506606], [-0.086854, 51.506675], [-0.086905, 51.506693], [-0.087254, 51.506746], [-0.087293, 51.506747], [-0.087805, 51.506833], [-0.087867, 51.506874], [-0.087859, 51.506893], [-0.087857, 51.506899], [-0.087845, 51.506934], [-0.087823, 51.506998], [-0.08776, 51.507176], [-0.087692, 51.507368], [-0.087559, 51.507742], [-0.087529, 51.507828], [-0.087476, 51.50798], [-0.087427, 51.508115], [-0.087381, 51.508242], [-0.08736, 51.508302], [-0.087222, 51.508685], [-0.087176, 51.508819], [-0.087134, 51.508933], [-0.087086, 51.508927], [-0.087058, 51.508897], [-0.086994, 51.508834], [-0.086945, 51.508805], [-0.085488, 51.508605], [-0.084936, 51.508539], [-0.084535, 51.508492], [-0.083774, 51.508423], [-0.083711, 51.508426], [-0.083614, 51.508556], [-0.083192, 51.508542], [-0.082316, 51.508437], [-0.082058, 51.508408], [-0.08165, 51.508371], [-0.081574, 51.508366], [-0.081384, 51.508338], [-0.081318, 51.508321], [-0.081322, 51.508315], [-0.081392, 51.508177], [-0.081456, 51.508174], [-0.081461, 51.508166], [-0.08148, 51.508137], [-0.081391, 51.508115], [-0.081207, 51.508072], [-0.081049, 51.508034], [-0.080855, 51.507987], [-0.080623, 51.50793], [-0.080597, 51.507939], [-0.080556, 51.507998], [-0.080477, 51.50811], [-0.080342, 51.508061], [-0.080162, 51.507991], [-0.079926, 51.507921], [-0.079448, 51.507834], [-0.079313, 51.50787], [-0.079216, 51.507885], [-0.079218, 51.507882], [-0.079235, 51.507843], [-0.079265, 51.507783], [-0.079252, 51.507756], [-0.07924, 51.507758], [-0.079208, 51.507693], [-0.079148, 51.50757], [-0.079075, 51.507423], [-0.079068, 51.507424], [-0.079068, 51.507424], [-0.079062, 51.507413], [-0.07936, 51.507482], [-0.079785, 51.507581], [-0.079799, 51.507559], [-0.079822, 51.507565], [-0.079831, 51.50755], [-0.079832, 51.507547], [-0.079834, 51.507544], [-0.079857, 51.507503], [-0.079808, 51.507488], [-0.079411, 51.507396], [-0.07823, 51.507121], [-0.078176, 51.507111], [-0.078139, 51.507173], [-0.078162, 51.507178], [-0.078149, 51.5072], [-0.078854, 51.507364], [-0.078854, 51.507367], [-0.07886, 51.507366], [-0.078873, 51.507391], [-0.078867, 51.507393], [-0.078864, 51.507393], [-0.078905, 51.507475], [-0.079012, 51.507689], [-0.079024, 51.507713], [-0.078938, 51.507729], [-0.079131, 51.50784], [-0.079138, 51.507847], [-0.079142, 51.507855], [-0.079145, 51.507863], [-0.079141, 51.507869], [-0.07914, 51.507871], [-0.079081, 51.507834], [-0.078756, 51.507649], [-0.078648, 51.507596], [-0.078203, 51.507473], [-0.078066, 51.50745], [-0.07807, 51.507445], [-0.078025, 51.507434], [-0.077857, 51.507394], [-0.077665, 51.507361], [-0.076891, 51.50721], [-0.076462, 51.507121], [-0.07623, 51.507066], [-0.075726, 51.506901], [-0.075304, 51.506812], [-0.074785, 51.506713], [-0.074814, 51.506672], [-0.074785, 51.506664], [-0.074781, 51.506671], [-0.074778, 51.506671], [-0.074771, 51.506669], [-0.074789, 51.506644], [-0.074862, 51.506538], [-0.074878, 51.506514], [-0.074886, 51.506502], [-0.074942, 51.506421], [-0.074947, 51.506423], [-0.074961, 51.506403], [-0.074956, 51.506401], [-0.075025, 51.506301], [-0.075115, 51.50617], [-0.075213, 51.506031], [-0.075246, 51.50598], [-0.075289, 51.505989], [-0.075334, 51.505999], [-0.07535, 51.506002], [-0.075367, 51.506003], [-0.075383, 51.506004], [-0.075398, 51.506004], [-0.075416, 51.506003], [-0.075431, 51.506001], [-0.075437, 51.506], [-0.075452, 51.505996], [-0.075467, 51.505991], [-0.075472, 51.50599], [-0.075499, 51.50598], [-0.075524, 51.505968], [-0.075539, 51.505958], [-0.075542, 51.505955], [-0.07554, 51.505935], [-0.075533, 51.505914], [-0.075528, 51.505905], [-0.075522, 51.505896], [-0.075516, 51.505886], [-0.075507, 51.505876], [-0.0755, 51.505867], [-0.075491, 51.50586], [-0.075484, 51.505854], [-0.075475, 51.505848], [-0.075469, 51.505843], [-0.075462, 51.505839], [-0.075458, 51.505837], [-0.075454, 51.505835], [-0.075445, 51.505832], [-0.075442, 51.505831], [-0.07542, 51.505825], [-0.075354, 51.505805], [-0.075371, 51.505778], [-0.075423, 51.5057], [-0.075484, 51.50561], [-0.075535, 51.505532], [-0.075582, 51.505463], [-0.075645, 51.505368], [-0.075692, 51.505296], [-0.075754, 51.50531], [-0.075757, 51.50531], [-0.075785, 51.505314], [-0.075806, 51.505316], [-0.075818, 51.505317], [-0.075831, 51.505318], [-0.075842, 51.505318], [-0.075854, 51.505317], [-0.075865, 51.505316], [-0.075876, 51.505315], [-0.075888, 51.505313], [-0.075899, 51.505311], [-0.075911, 51.505308], [-0.075923, 51.505306], [-0.075933, 51.505303], [-0.075943, 51.505299], [-0.075953, 51.505296], [-0.075961, 51.505293], [-0.075975, 51.505286], [-0.075989, 51.505279], [-0.076005, 51.50527], [-0.076008, 51.505268], [-0.076009, 51.505266], [-0.07601, 51.505264], [-0.07601, 51.505258], [-0.07601, 51.505255], [-0.076008, 51.505253], [-0.075999, 51.505227], [-0.075994, 51.505215], [-0.075989, 51.505206], [-0.075982, 51.505198], [-0.075975, 51.505192], [-0.075966, 51.505183], [-0.075953, 51.505172], [-0.075941, 51.505164], [-0.075928, 51.505156], [-0.07592, 51.505153], [-0.075899, 51.505145], [-0.075819, 51.505117], [-0.075842, 51.505082], [-0.075941, 51.504934], [-0.076037, 51.504789], [-0.076095, 51.504703], [-0.076102, 51.504704], [-0.076115, 51.504683], [-0.076109, 51.504681], [-0.076176, 51.504577], [-0.076187, 51.504559], [-0.076264, 51.504442], [-0.076266, 51.504439], [-0.076446, 51.504482]], [[-0.080144, 51.506313], [-0.080137, 51.506313], [-0.08013, 51.506314], [-0.080123, 51.506314], [-0.080117, 51.506315], [-0.080104, 51.506316], [-0.080092, 51.506318], [-0.080083, 51.50632], [-0.080079, 51.506321], [-0.080071, 51.506323], [-0.08007, 51.506323], [-0.08007, 51.506323], [-0.080069, 51.506323], [-0.080069, 51.506323], [-0.080068, 51.506324], [-0.080068, 51.506324], [-0.080067, 51.506324], [-0.080066, 51.506324], [-0.080066, 51.506325], [-0.080065, 51.506325], [-0.080065, 51.506325], [-0.080065, 51.506326], [-0.080064, 51.506326], [-0.080064, 51.506327], [-0.080064, 51.506327], [-0.080063, 51.506327], [-0.080063, 51.506328], [-0.08006, 51.506334], [-0.08006, 51.506335], [-0.08006, 51.506335], [-0.08006, 51.506336], [-0.08006, 51.506336], [-0.08006, 51.506337], [-0.08006, 51.506337], [-0.08006, 51.506337], [-0.08006, 51.506338], [-0.080061, 51.506338], [-0.080061, 51.506339], [-0.080061, 51.506339], [-0.080061, 51.506339], [-0.080062, 51.50634], [-0.080062, 51.50634], [-0.080063, 51.50634], [-0.080068, 51.506344], [-0.08007, 51.506346], [-0.080077, 51.506351], [-0.080085, 51.506357], [-0.080094, 51.506362], [-0.080099, 51.506365], [-0.080105, 51.506368], [-0.08011, 51.506371], [-0.080116, 51.506373], [-0.080138, 51.506383], [-0.080154, 51.50639], [-0.080172, 51.506396], [-0.080189, 51.506402], [-0.080207, 51.506408], [-0.080224, 51.506414], [-0.080302, 51.506438], [-0.080361, 51.506453], [-0.080419, 51.506468], [-0.080478, 51.506482], [-0.080838, 51.506565], [-0.081519, 51.506695], [-0.081827, 51.506747], [-0.082077, 51.506783], [-0.082286, 51.506809], [-0.082402, 51.506817], [-0.082459, 51.506819], [-0.082511, 51.506819], [-0.082543, 51.506816], [-0.082563, 51.506814], [-0.082584, 51.506811], [-0.082632, 51.506806], [-0.082597, 51.506785], [-0.082582, 51.506775], [-0.082566, 51.506767], [-0.082542, 51.506754], [-0.082498, 51.506736], [-0.082449, 51.506718], [-0.082345, 51.506685], [-0.082147, 51.506636], [-0.081906, 51.506581], [-0.081602, 51.50652], [-0.080918, 51.506398], [-0.080543, 51.506345], [-0.080481, 51.506337], [-0.080419, 51.506329], [-0.080357, 51.506323], [-0.080271, 51.506316], [-0.080251, 51.506315], [-0.080231, 51.506314], [-0.080211, 51.506313], [-0.080191, 51.506312], [-0.080171, 51.506312], [-0.080144, 51.506313]]]}, "properties": {"FID": 55, "FEATCODE": 25608}}, {"type": "Feature", "id": 56, "geometry": {"type": "Polygon", "coordinates": [[[-0.075858, 51.504614], [-0.075848, 51.504612], [-0.075835, 51.504634], [-0.075841, 51.504636], [-0.075712, 51.504826], [-0.075622, 51.504957], [-0.075562, 51.505047], [-0.075554, 51.505051], [-0.075499, 51.50504], [-0.075493, 51.505038], [-0.075463, 51.505033], [-0.075451, 51.505031], [-0.075437, 51.505029], [-0.075425, 51.505028], [-0.075411, 51.505027], [-0.0754, 51.505027], [-0.075389, 51.505027], [-0.075373, 51.505029], [-0.075358, 51.505031], [-0.075342, 51.505033], [-0.075327, 51.505037], [-0.075316, 51.50504], [-0.075305, 51.505044], [-0.075291, 51.50505], [-0.075259, 51.50507], [-0.075243, 51.505081], [-0.075243, 51.50509], [-0.075253, 51.505126], [-0.075258, 51.505137], [-0.075264, 51.505147], [-0.075271, 51.505156], [-0.075279, 51.505165], [-0.075287, 51.505174], [-0.075296, 51.505181], [-0.075305, 51.505187], [-0.075316, 51.505193], [-0.075343, 51.505204], [-0.075357, 51.505209], [-0.075372, 51.505214], [-0.075381, 51.505217], [-0.075444, 51.505237], [-0.075424, 51.505266], [-0.075389, 51.505319], [-0.075104, 51.505742], [-0.075045, 51.505728], [-0.075039, 51.505727], [-0.075017, 51.505721], [-0.074995, 51.505716], [-0.074987, 51.505715], [-0.074981, 51.505715], [-0.07497, 51.505713], [-0.074959, 51.505713], [-0.074939, 51.505712], [-0.074927, 51.505713], [-0.074915, 51.505714], [-0.0749, 51.505717], [-0.074886, 51.50572], [-0.074874, 51.505723], [-0.074862, 51.505727], [-0.074847, 51.505733], [-0.074819, 51.505746], [-0.074799, 51.505757], [-0.074791, 51.505764], [-0.074789, 51.505766], [-0.074792, 51.505775], [-0.074797, 51.5058], [-0.074802, 51.505821], [-0.07481, 51.505832], [-0.074819, 51.505843], [-0.074827, 51.505851], [-0.074836, 51.50586], [-0.074849, 51.505868], [-0.074862, 51.505875], [-0.074877, 51.505882], [-0.074893, 51.505888], [-0.074912, 51.505893], [-0.074916, 51.505896], [-0.074985, 51.505919], [-0.07498, 51.505926], [-0.074704, 51.506337], [-0.074703, 51.506336], [-0.07469, 51.506356], [-0.074691, 51.506356], [-0.074622, 51.506458], [-0.074592, 51.50646], [-0.074554, 51.506439], [-0.074111, 51.506287], [-0.0738, 51.506229], [-0.073648, 51.506246], [-0.073505, 51.506261], [-0.073387, 51.506199], [-0.073393, 51.50619], [-0.073359, 51.506183], [-0.073206, 51.506107], [-0.072989, 51.506082], [-0.072704, 51.506016], [-0.072567, 51.505989], [-0.07248, 51.506063], [-0.072297, 51.506021], [-0.0723, 51.505958], [-0.071954, 51.505966], [-0.071633, 51.50588], [-0.071359, 51.505761], [-0.071301, 51.505683], [-0.071268, 51.505645], [-0.07121, 51.505568], [-0.071225, 51.505507], [-0.071347, 51.505372], [-0.071356, 51.505332], [-0.071225, 51.505263], [-0.071221, 51.505207], [-0.0709, 51.505087], [-0.070832, 51.505139], [-0.070726, 51.505248], [-0.070669, 51.505283], [-0.070426, 51.505212], [-0.070193, 51.505132], [-0.070123, 51.505116], [-0.070008, 51.505088], [-0.069814, 51.505021], [-0.069744, 51.50497], [-0.069706, 51.504877], [-0.069047, 51.504644], [-0.068711, 51.504574], [-0.068617, 51.504589], [-0.068533, 51.504619], [-0.068327, 51.504756], [-0.068218, 51.504791], [-0.068086, 51.504829], [-0.06803, 51.504807], [-0.068083, 51.50472], [-0.068118, 51.504682], [-0.068143, 51.504596], [-0.068049, 51.504487], [-0.067599, 51.504345], [-0.067225, 51.504246], [-0.066907, 51.50416], [-0.066786, 51.504126], [-0.065246, 51.503737], [-0.064881, 51.503644], [-0.064706, 51.503597], [-0.064249, 51.503462], [-0.064194, 51.503449], [-0.063543, 51.503306], [-0.063438, 51.503282], [-0.063235, 51.503252], [-0.063072, 51.503272], [-0.062945, 51.5033], [-0.062842, 51.503279], [-0.062767, 51.503205], [-0.062635, 51.503121], [-0.06233, 51.503074], [-0.062183, 51.503075], [-0.061894, 51.503082], [-0.061758, 51.503151], [-0.06171, 51.503142], [-0.061658, 51.503012], [-0.061317, 51.502902], [-0.062401, 51.50292], [-0.071635, 51.503072], [-0.071842, 51.503198], [-0.072041, 51.503293], [-0.072282, 51.503399], [-0.072512, 51.5035], [-0.072748, 51.503598], [-0.072883, 51.503645], [-0.073192, 51.503739], [-0.073561, 51.503843], [-0.073793, 51.503882], [-0.07386, 51.503883], [-0.073916, 51.503881], [-0.074052, 51.503896], [-0.074367, 51.503986], [-0.074684, 51.504077], [-0.074856, 51.50412], [-0.075044, 51.504173], [-0.075274, 51.504231], [-0.075449, 51.504263], [-0.075443, 51.504278], [-0.075461, 51.504281], [-0.075484, 51.504284], [-0.075491, 51.504268], [-0.075609, 51.504277], [-0.075981, 51.504325], [-0.076015, 51.504377], [-0.075947, 51.50448], [-0.075944, 51.504484], [-0.075905, 51.504544], [-0.075858, 51.504614]]]}, "properties": {"FID": 56, "FEATCODE": 25608}}, {"type": "Feature", "id": 57, "geometry": {"type": "Polygon", "coordinates": [[[-0.071635, 51.503072], [-0.062401, 51.50292], [-0.061317, 51.502902], [-0.06087, 51.502808], [-0.060827, 51.502894], [-0.060513, 51.502889], [-0.060389, 51.502825], [-0.060406, 51.502674], [-0.06042, 51.502548], [-0.060426, 51.502501], [-0.060376, 51.502499], [-0.060377, 51.502493], [-0.059998, 51.502476], [-0.059998, 51.50248], [-0.05996, 51.502479], [-0.059932, 51.502477], [-0.059722, 51.502516], [-0.059719, 51.502533], [-0.059716, 51.502562], [-0.059931, 51.5026], [-0.059925, 51.502645], [-0.059902, 51.502833], [-0.059902, 51.502834], [-0.059656, 51.502824], [-0.059418, 51.50284], [-0.059306, 51.502869], [-0.05868, 51.502858], [-0.058542, 51.502856], [-0.058391, 51.502853], [-0.058339, 51.502763], [-0.058313, 51.502768], [-0.058189, 51.502764], [-0.058095, 51.502849], [-0.052214, 51.502751], [-0.051179, 51.502734], [-0.051338, 51.50267], [-0.051524, 51.502601], [-0.051646, 51.50256], [-0.051829, 51.502484], [-0.051975, 51.50242], [-0.052124, 51.502359], [-0.052288, 51.502291], [-0.052315, 51.502278], [-0.052475, 51.502221], [-0.052711, 51.502148], [-0.053063, 51.502046], [-0.053361, 51.501971], [-0.053437, 51.501948], [-0.053591, 51.501899], [-0.053694, 51.501862], [-0.053729, 51.501865], [-0.053707, 51.501868], [-0.053713, 51.501884], [-0.053733, 51.501882], [-0.053766, 51.501881], [-0.054015, 51.501847], [-0.05424, 51.501773], [-0.054485, 51.501653], [-0.054527, 51.501621], [-0.054803, 51.501475], [-0.054963, 51.501427], [-0.055062, 51.501411], [-0.055419, 51.501306], [-0.055626, 51.501232], [-0.055813, 51.501166], [-0.056191, 51.501067], [-0.056248, 51.501054], [-0.056289, 51.501043], [-0.056323, 51.501033], [-0.056364, 51.501021], [-0.056608, 51.500973], [-0.05716, 51.500873], [-0.057324, 51.500851], [-0.057619, 51.500822], [-0.057966, 51.500797], [-0.058306, 51.500778], [-0.058333, 51.500777], [-0.058332, 51.50077], [-0.058332, 51.500762], [-0.058444, 51.500727], [-0.058878, 51.500679], [-0.059062, 51.500693], [-0.059205, 51.500693], [-0.059798, 51.500679], [-0.06, 51.50068], [-0.060236, 51.500676], [-0.060262, 51.500675], [-0.060616, 51.500667], [-0.060948, 51.500673], [-0.061135, 51.500685], [-0.061312, 51.500694], [-0.061723, 51.500718], [-0.061856, 51.50073], [-0.061867, 51.50073], [-0.061881, 51.50073], [-0.061898, 51.50073], [-0.061913, 51.50073], [-0.06196, 51.50073], [-0.06196, 51.500718], [-0.062282, 51.500717], [-0.062795, 51.500691], [-0.06309, 51.500664], [-0.063294, 51.500643], [-0.063309, 51.500644], [-0.063312, 51.500634], [-0.063314, 51.500625], [-0.063316, 51.500617], [-0.063318, 51.500608], [-0.063321, 51.500609], [-0.063321, 51.500604], [-0.063334, 51.500604], [-0.063353, 51.500605], [-0.063387, 51.500606], [-0.063386, 51.500599], [-0.063646, 51.500621], [-0.063767, 51.500653], [-0.06385, 51.500693], [-0.063994, 51.500734], [-0.064505, 51.500796], [-0.064751, 51.50081], [-0.064839, 51.500821], [-0.064888, 51.500918], [-0.06514, 51.501006], [-0.065441, 51.501068], [-0.066155, 51.501218], [-0.066394, 51.50127], [-0.066671, 51.501331], [-0.066959, 51.501394], [-0.067177, 51.501407], [-0.067267, 51.501351], [-0.067375, 51.501275], [-0.067402, 51.501269], [-0.067566, 51.501312], [-0.067635, 51.501374], [-0.06777, 51.501451], [-0.06789, 51.501497], [-0.068404, 51.501654], [-0.068431, 51.501661], [-0.06842, 51.501674], [-0.068886, 51.501824], [-0.068897, 51.501811], [-0.069041, 51.501853], [-0.069031, 51.501887], [-0.069193, 51.501902], [-0.069264, 51.501908], [-0.069541, 51.501949], [-0.069686, 51.501959], [-0.069757, 51.501963], [-0.069955, 51.501982], [-0.069961, 51.501999], [-0.070017, 51.502008], [-0.070065, 51.502002], [-0.070346, 51.502075], [-0.07039, 51.502109], [-0.070578, 51.502163], [-0.070612, 51.502147], [-0.070612, 51.502152], [-0.07061, 51.502172], [-0.070609, 51.502174], [-0.070583, 51.502198], [-0.070594, 51.502203], [-0.070609, 51.502212], [-0.070635, 51.502194], [-0.070775, 51.502244], [-0.07079, 51.502256], [-0.070831, 51.502289], [-0.070859, 51.502274], [-0.070998, 51.50238], [-0.07097, 51.502392], [-0.071029, 51.502434], [-0.070965, 51.502503], [-0.070958, 51.50257], [-0.071019, 51.502648], [-0.071185, 51.502769], [-0.071354, 51.502883], [-0.071635, 51.503072]]]}, "properties": {"FID": 57, "FEATCODE": 25608}}, {"type": "Feature", "id": 58, "geometry": {"type": "Polygon", "coordinates": [[[-0.051338, 51.50267], [-0.051524, 51.502601], [-0.051524, 51.5026], [-0.051646, 51.50256], [-0.051829, 51.502484], [-0.051872, 51.502465], [-0.051975, 51.50242], [-0.052124, 51.502359], [-0.052152, 51.502347], [-0.052288, 51.502291], [-0.0523, 51.502285], [-0.052315, 51.502278], [-0.052471, 51.502222], [-0.052475, 51.502221], [-0.052491, 51.502216], [-0.052711, 51.502148], [-0.053063, 51.502046], [-0.053156, 51.502023], [-0.053361, 51.501971], [-0.05342, 51.501953], [-0.053437, 51.501948], [-0.053478, 51.501935], [-0.053591, 51.501899], [-0.05369, 51.501863], [-0.053694, 51.501862], [-0.053729, 51.501865], [-0.053707, 51.501868], [-0.053713, 51.501884], [-0.053733, 51.501882], [-0.053766, 51.501881], [-0.054015, 51.501847], [-0.05424, 51.501773], [-0.054485, 51.501653], [-0.054506, 51.501637], [-0.054527, 51.501621], [-0.054803, 51.501475], [-0.054963, 51.501427], [-0.054986, 51.501424], [-0.055062, 51.501411], [-0.055402, 51.501311], [-0.055419, 51.501306], [-0.055465, 51.501289], [-0.055626, 51.501232], [-0.055703, 51.501205], [-0.055813, 51.501166], [-0.055862, 51.501153], [-0.056191, 51.501067], [-0.056248, 51.501054], [-0.056289, 51.501043], [-0.056323, 51.501033], [-0.056364, 51.501021], [-0.056598, 51.500975], [-0.056608, 51.500973], [-0.05716, 51.500872], [-0.057264, 51.500858], [-0.057619, 51.500822], [-0.057634, 51.500821], [-0.057954, 51.500798], [-0.057966, 51.500797], [-0.058012, 51.500795], [-0.058216, 51.500783], [-0.058306, 51.500778], [-0.058333, 51.500777], [-0.058332, 51.50077], [-0.058332, 51.500762], [-0.058444, 51.500727], [-0.058878, 51.500679], [-0.059062, 51.500693], [-0.05919, 51.500693], [-0.059205, 51.500693], [-0.059798, 51.500679], [-0.06, 51.50068], [-0.060001, 51.50068], [-0.060236, 51.500676], [-0.060239, 51.500676], [-0.060262, 51.500675], [-0.060263, 51.500675], [-0.060616, 51.500667], [-0.060616, 51.500667], [-0.060948, 51.500673], [-0.060948, 51.500673], [-0.061135, 51.500685], [-0.06122, 51.500689], [-0.061312, 51.500694], [-0.061723, 51.500718], [-0.061804, 51.500725], [-0.061856, 51.50073], [-0.061867, 51.50073], [-0.061881, 51.50073], [-0.061898, 51.50073], [-0.061913, 51.50073], [-0.06196, 51.50073], [-0.06196, 51.500718], [-0.062282, 51.500717], [-0.062795, 51.500691], [-0.063062, 51.500666], [-0.06309, 51.500664], [-0.063294, 51.500643], [-0.063309, 51.500644], [-0.063312, 51.500634], [-0.063314, 51.500625], [-0.063316, 51.500617], [-0.063318, 51.500608], [-0.063321, 51.500609], [-0.063321, 51.500604], [-0.063334, 51.500604], [-0.063353, 51.500605], [-0.063387, 51.500606], [-0.063386, 51.500599], [-0.063646, 51.500621], [-0.063767, 51.500653], [-0.063809, 51.500673], [-0.06385, 51.500693], [-0.063994, 51.500734], [-0.064505, 51.500796], [-0.064751, 51.50081], [-0.064779, 51.500814], [-0.064839, 51.500821], [-0.064859, 51.50086], [-0.064888, 51.500918], [-0.06514, 51.501006], [-0.06528, 51.501034], [-0.065441, 51.501068], [-0.066155, 51.501218], [-0.066394, 51.50127], [-0.066627, 51.501321], [-0.066671, 51.501331], [-0.066959, 51.501394], [-0.067177, 51.501407], [-0.067267, 51.501351], [-0.067269, 51.501349], [-0.067375, 51.501275], [-0.067402, 51.501269], [-0.067566, 51.501312], [-0.067595, 51.501337], [-0.067635, 51.501374], [-0.06777, 51.501451], [-0.06777, 51.501451], [-0.06789, 51.501497], [-0.06789, 51.501497], [-0.068404, 51.501654], [-0.068412, 51.501656], [-0.068431, 51.501661], [-0.06842, 51.501674], [-0.068886, 51.501824], [-0.068897, 51.501811], [-0.069041, 51.501853], [-0.069031, 51.501887], [-0.069193, 51.501902], [-0.069264, 51.501908], [-0.069541, 51.501949], [-0.069686, 51.501959], [-0.069744, 51.501962], [-0.069757, 51.501963], [-0.069955, 51.501982], [-0.069961, 51.501999], [-0.070017, 51.502008], [-0.070065, 51.502002], [-0.070336, 51.502082], [-0.070388, 51.502098], [-0.070397, 51.502101], [-0.070575, 51.502142], [-0.070612, 51.502147], [-0.070612, 51.502152], [-0.07061, 51.502172], [-0.070609, 51.502174], [-0.070583, 51.502198], [-0.070594, 51.502203], [-0.070609, 51.502212], [-0.070635, 51.502194], [-0.070775, 51.502244], [-0.07079, 51.502256], [-0.070831, 51.502289], [-0.070859, 51.502274], [-0.070998, 51.50238], [-0.07097, 51.502392], [-0.071029, 51.502434], [-0.070965, 51.502503], [-0.070958, 51.50257], [-0.071019, 51.502648], [-0.071185, 51.502769], [-0.071354, 51.502883], [-0.071057, 51.502764], [-0.070987, 51.502737], [-0.070808, 51.502672], [-0.070685, 51.502629], [-0.070491, 51.502568], [-0.070394, 51.502538], [-0.070251, 51.502491], [-0.069925, 51.502384], [-0.069722, 51.50233], [-0.069273, 51.502214], [-0.069041, 51.502157], [-0.068882, 51.502113], [-0.068661, 51.502045], [-0.068379, 51.501961], [-0.068208, 51.501915], [-0.068026, 51.501865], [-0.067872, 51.501824], [-0.067622, 51.501752], [-0.067435, 51.501689], [-0.067285, 51.501636], [-0.067158, 51.501594], [-0.066921, 51.501545], [-0.066632, 51.501508], [-0.066379, 51.501443], [-0.066237, 51.501403], [-0.066111, 51.501371], [-0.065959, 51.501329], [-0.065783, 51.501277], [-0.065681, 51.501252], [-0.065414, 51.501201], [-0.065132, 51.50115], [-0.064881, 51.501109], [-0.064605, 51.501077], [-0.064366, 51.501061], [-0.064071, 51.501031], [-0.063821, 51.501001], [-0.063541, 51.500979], [-0.063351, 51.500961], [-0.063135, 51.500931], [-0.063033, 51.500917], [-0.062814, 51.500896], [-0.062589, 51.500888], [-0.062453, 51.500877], [-0.062228, 51.50087], [-0.062097, 51.500873], [-0.061906, 51.50088], [-0.061762, 51.500878], [-0.061732, 51.500874], [-0.061608, 51.500853], [-0.061412, 51.500818], [-0.061273, 51.500802], [-0.061009, 51.5008], [-0.060841, 51.500806], [-0.06061, 51.500823], [-0.060346, 51.50083], [-0.060147, 51.500831], [-0.059944, 51.500835], [-0.059806, 51.50084], [-0.059635, 51.500851], [-0.059457, 51.500866], [-0.05925, 51.500884], [-0.058994, 51.500907], [-0.058781, 51.500936], [-0.058453, 51.500973], [-0.058244, 51.500994], [-0.058134, 51.501005], [-0.057941, 51.501024], [-0.057616, 51.501056], [-0.05746, 51.501068], [-0.05721, 51.501092], [-0.057047, 51.501121], [-0.056895, 51.501151], [-0.056619, 51.501217], [-0.056312, 51.50131], [-0.05608, 51.501382], [-0.055885, 51.501434], [-0.055595, 51.501509], [-0.055425, 51.501549], [-0.055264, 51.501589], [-0.055118, 51.501632], [-0.054994, 51.501675], [-0.054746, 51.501755], [-0.054569, 51.501808], [-0.054421, 51.501858], [-0.054281, 51.501909], [-0.054196, 51.501939], [-0.054079, 51.501978], [-0.053861, 51.502065], [-0.053736, 51.502124], [-0.053593, 51.502186], [-0.053211, 51.502351], [-0.052916, 51.502445], [-0.052724, 51.50252], [-0.052615, 51.502576], [-0.052519, 51.502621], [-0.052348, 51.502697], [-0.052214, 51.502751], [-0.051179, 51.502734], [-0.051338, 51.50267]]]}, "properties": {"FID": 58, "FEATCODE": 25608}}, {"type": "Feature", "id": 59, "geometry": {"type": "Polygon", "coordinates": [[[-0.062401, 51.50292], [-0.062708, 51.503012], [-0.062822, 51.503043], [-0.062959, 51.503066], [-0.06307, 51.503076], [-0.06331, 51.503098], [-0.063469, 51.503118], [-0.063744, 51.503149], [-0.063961, 51.503161], [-0.064097, 51.503171], [-0.064284, 51.503224], [-0.064359, 51.503264], [-0.064445, 51.503305], [-0.064587, 51.503348], [-0.064836, 51.503395], [-0.065056, 51.503425], [-0.065379, 51.503428], [-0.065535, 51.503448], [-0.065725, 51.503508], [-0.065837, 51.503541], [-0.066017, 51.503585], [-0.066146, 51.503622], [-0.066293, 51.503677], [-0.066489, 51.503759], [-0.066634, 51.503804], [-0.066882, 51.503857], [-0.067098, 51.503923], [-0.067317, 51.504008], [-0.067535, 51.504102], [-0.067666, 51.504164], [-0.067915, 51.504245], [-0.0681, 51.504302], [-0.068253, 51.504355], [-0.06845, 51.504401], [-0.06874, 51.50447], [-0.068971, 51.504548], [-0.06935, 51.504664], [-0.069481, 51.504701], [-0.069591, 51.504732], [-0.069763, 51.504781], [-0.069988, 51.50485], [-0.070155, 51.50491], [-0.070317, 51.50497], [-0.070581, 51.505076], [-0.070752, 51.505125], [-0.070832, 51.505139], [-0.070726, 51.505248], [-0.070669, 51.505283], [-0.070426, 51.505212], [-0.070193, 51.505132], [-0.070123, 51.505116], [-0.070008, 51.505088], [-0.069814, 51.505021], [-0.069744, 51.50497], [-0.069706, 51.504877], [-0.069047, 51.504644], [-0.068711, 51.504574], [-0.068617, 51.504589], [-0.068533, 51.504619], [-0.068327, 51.504756], [-0.068218, 51.504791], [-0.068086, 51.504829], [-0.06803, 51.504807], [-0.068083, 51.50472], [-0.068118, 51.504682], [-0.068143, 51.504596], [-0.068049, 51.504487], [-0.067599, 51.504345], [-0.067225, 51.504246], [-0.066907, 51.50416], [-0.066786, 51.504126], [-0.065246, 51.503737], [-0.064881, 51.503644], [-0.064706, 51.503597], [-0.064249, 51.503462], [-0.064194, 51.503449], [-0.063543, 51.503306], [-0.063438, 51.503282], [-0.063235, 51.503252], [-0.063072, 51.503272], [-0.062945, 51.5033], [-0.062842, 51.503279], [-0.062767, 51.503205], [-0.062635, 51.503121], [-0.06233, 51.503074], [-0.062183, 51.503075], [-0.061894, 51.503082], [-0.061758, 51.503151], [-0.06171, 51.503142], [-0.061658, 51.503012], [-0.061317, 51.502902], [-0.062401, 51.50292]]]}, "properties": {"FID": 59, "FEATCODE": 25608}}, {"type": "Feature", "id": 60, "geometry": {"type": "Polygon", "coordinates": [[[-0.060389, 51.502825], [-0.060406, 51.502674], [-0.060601, 51.502651], [-0.060836, 51.502662], [-0.060987, 51.502684], [-0.061242, 51.502721], [-0.061429, 51.502754], [-0.061702, 51.502787], [-0.061884, 51.502806], [-0.062077, 51.502831], [-0.062279, 51.502877], [-0.062401, 51.50292], [-0.061317, 51.502902], [-0.060906, 51.502853], [-0.060827, 51.502894], [-0.060513, 51.502889], [-0.060389, 51.502825]]]}, "properties": {"FID": 60, "FEATCODE": 25608}}, {"type": "Feature", "id": 61, "geometry": {"type": "Polygon", "coordinates": [[[-0.058219, 51.502802], [-0.058313, 51.502768], [-0.058339, 51.502763], [-0.058609, 51.502726], [-0.058809, 51.502709], [-0.058941, 51.502697], [-0.059171, 51.502673], [-0.059315, 51.50266], [-0.059557, 51.502643], [-0.05976, 51.502632], [-0.059925, 51.502645], [-0.059902, 51.502833], [-0.059902, 51.502834], [-0.059676, 51.50283], [-0.059422, 51.50285], [-0.059393, 51.502854], [-0.059306, 51.502869], [-0.05868, 51.502858], [-0.058542, 51.502856], [-0.058391, 51.502853], [-0.058363, 51.502853], [-0.058095, 51.502849], [-0.058219, 51.502802]]]}, "properties": {"FID": 61, "FEATCODE": 25608}}, {"type": "Feature", "id": 62, "geometry": {"type": "Polygon", "coordinates": [[[-0.049365, 51.507722], [-0.049492, 51.507614], [-0.049691, 51.507525], [-0.049841, 51.507423], [-0.049997, 51.507317], [-0.050079, 51.507264], [-0.050335, 51.507116], [-0.050419, 51.507064], [-0.050617, 51.506919], [-0.050782, 51.506809], [-0.050946, 51.506712], [-0.051131, 51.506615], [-0.051248, 51.506556], [-0.051552, 51.506404], [-0.051639, 51.506356], [-0.051821, 51.506246], [-0.051945, 51.506164], [-0.052033, 51.5061], [-0.052227, 51.505954], [-0.052306, 51.505895], [-0.052465, 51.505778], [-0.052636, 51.505631], [-0.052778, 51.505509], [-0.05287, 51.505458], [-0.053017, 51.505392], [-0.053159, 51.505316], [-0.053345, 51.50519], [-0.053418, 51.505132], [-0.0535, 51.505082], [-0.053684, 51.505013], [-0.053902, 51.504927], [-0.054035, 51.504851], [-0.054142, 51.504781], [-0.054286, 51.504699], [-0.054484, 51.504597], [-0.054655, 51.504496], [-0.054746, 51.504434], [-0.054822, 51.504372], [-0.055008, 51.504223], [-0.055255, 51.504084], [-0.055456, 51.503973], [-0.055552, 51.503894], [-0.055673, 51.503821], [-0.055811, 51.503759], [-0.055987, 51.503686], [-0.056163, 51.503605], [-0.056266, 51.503549], [-0.056386, 51.503473], [-0.056595, 51.503358], [-0.056724, 51.503301], [-0.056878, 51.503227], [-0.057164, 51.503107], [-0.057413, 51.503035], [-0.057568, 51.502998], [-0.057719, 51.502967], [-0.057908, 51.502919], [-0.058095, 51.502849], [-0.058363, 51.502853], [-0.058391, 51.502853], [-0.058542, 51.502856], [-0.05868, 51.502858], [-0.059306, 51.502869], [-0.059097, 51.502899], [-0.058952, 51.502927], [-0.058745, 51.502966], [-0.058736, 51.502968], [-0.058703, 51.502974], [-0.05852, 51.503019], [-0.058502, 51.503025], [-0.058482, 51.503031], [-0.058322, 51.50307], [-0.058305, 51.503073], [-0.058284, 51.503077], [-0.058033, 51.503137], [-0.057726, 51.503237], [-0.057457, 51.50333], [-0.057258, 51.503403], [-0.057271, 51.503444], [-0.057241, 51.503447], [-0.057214, 51.50345], [-0.056828, 51.503571], [-0.056691, 51.503632], [-0.056598, 51.503672], [-0.056508, 51.503711], [-0.056508, 51.503712], [-0.056471, 51.503729], [-0.056387, 51.503769], [-0.056322, 51.5038], [-0.056045, 51.503966], [-0.055844, 51.504101], [-0.055837, 51.504107], [-0.055792, 51.50414], [-0.055761, 51.504167], [-0.055445, 51.504438], [-0.055435, 51.504474], [-0.055425, 51.504509], [-0.05533, 51.504603], [-0.055267, 51.504642], [-0.055194, 51.504688], [-0.055096, 51.50475], [-0.054996, 51.504812], [-0.054881, 51.50486], [-0.054835, 51.504871], [-0.054783, 51.504883], [-0.054653, 51.504935], [-0.054527, 51.505012], [-0.054454, 51.505057], [-0.053996, 51.505325], [-0.053865, 51.505391], [-0.05384, 51.505402], [-0.053745, 51.505445], [-0.053327, 51.505677], [-0.053299, 51.505695], [-0.053271, 51.505712], [-0.053259, 51.505721], [-0.053056, 51.505883], [-0.053052, 51.505908], [-0.053056, 51.505947], [-0.053061, 51.505998], [-0.052894, 51.506142], [-0.052722, 51.506194], [-0.052656, 51.506193], [-0.052591, 51.506193], [-0.052493, 51.506208], [-0.05242, 51.506219], [-0.052378, 51.506229], [-0.052331, 51.506239], [-0.05183, 51.506487], [-0.051386, 51.506769], [-0.051367, 51.506791], [-0.051347, 51.506813], [-0.051079, 51.506979], [-0.051051, 51.506996], [-0.051049, 51.506998], [-0.051007, 51.507022], [-0.050957, 51.507052], [-0.050837, 51.507123], [-0.050834, 51.507125], [-0.050693, 51.507214], [-0.050638, 51.507268], [-0.050617, 51.507294], [-0.050592, 51.507323], [-0.050567, 51.507351], [-0.0505, 51.507423], [-0.050438, 51.507506], [-0.050429, 51.507514], [-0.050388, 51.507551], [-0.050245, 51.50757], [-0.050222, 51.507573], [-0.050101, 51.507579], [-0.049931, 51.507616], [-0.049752, 51.507697], [-0.049751, 51.507698], [-0.049426, 51.507848], [-0.049365, 51.507722]]]}, "properties": {"FID": 62, "FEATCODE": 25608}}, {"type": "Feature", "id": 63, "geometry": {"type": "Polygon", "coordinates": [[[-0.027542, 51.502339], [-0.031402, 51.502403], [-0.03225, 51.502418], [-0.032269, 51.502483], [-0.032311, 51.502624], [-0.032372, 51.502993], [-0.032358, 51.503099], [-0.032352, 51.50313], [-0.032347, 51.503237], [-0.032361, 51.503319], [-0.032436, 51.503686], [-0.032455, 51.503907], [-0.032425, 51.504018], [-0.032384, 51.504128], [-0.032437, 51.504184], [-0.032549, 51.504243], [-0.03261, 51.504316], [-0.032916, 51.504333], [-0.033018, 51.50437], [-0.033022, 51.504462], [-0.032888, 51.504519], [-0.032194, 51.50456], [-0.031948, 51.504539], [-0.031857, 51.50449], [-0.031828, 51.504493], [-0.031856, 51.504564], [-0.03221, 51.504581], [-0.032882, 51.50457], [-0.032996, 51.504613], [-0.033029, 51.504684], [-0.032959, 51.504778], [-0.032987, 51.504921], [-0.033078, 51.505075], [-0.033218, 51.505281], [-0.033311, 51.505414], [-0.033395, 51.505531], [-0.033538, 51.505708], [-0.033687, 51.505872], [-0.03377, 51.505955], [-0.033911, 51.506075], [-0.034223, 51.506302], [-0.034415, 51.506425], [-0.034683, 51.506563], [-0.0348, 51.506607], [-0.035053, 51.506692], [-0.035252, 51.506758], [-0.035464, 51.506829], [-0.035752, 51.506924], [-0.035917, 51.506974], [-0.036191, 51.507039], [-0.036236, 51.507047], [-0.03643, 51.507076], [-0.036704, 51.507106], [-0.036813, 51.50709], [-0.036895, 51.50704], [-0.036971, 51.506921], [-0.037048, 51.506737], [-0.037209, 51.506764], [-0.037108, 51.507005], [-0.03709, 51.507071], [-0.037114, 51.507157], [-0.037295, 51.507226], [-0.038383, 51.507391], [-0.038896, 51.507445], [-0.038916, 51.507447], [-0.039926, 51.507505], [-0.040915, 51.507506], [-0.041327, 51.507485], [-0.041971, 51.507396], [-0.042051, 51.507378], [-0.042261, 51.507338], [-0.042744, 51.507271], [-0.042991, 51.507237], [-0.043123, 51.507219], [-0.043763, 51.507105], [-0.043874, 51.507081], [-0.044073, 51.507032], [-0.044139, 51.507016], [-0.044382, 51.506938], [-0.044665, 51.506781], [-0.044866, 51.506656], [-0.045133, 51.506455], [-0.045149, 51.506423], [-0.045155, 51.506283], [-0.045394, 51.506244], [-0.045642, 51.506096], [-0.045675, 51.506077], [-0.045755, 51.506129], [-0.045925, 51.506049], [-0.045948, 51.506038], [-0.045961, 51.506027], [-0.046227, 51.505854], [-0.046479, 51.50566], [-0.046415, 51.50559], [-0.046266, 51.505455], [-0.046239, 51.50539], [-0.046122, 51.505231], [-0.046126, 51.505171], [-0.046176, 51.50515], [-0.046419, 51.505235], [-0.046487, 51.505242], [-0.046661, 51.505182], [-0.046728, 51.505161], [-0.046849, 51.50522], [-0.047011, 51.505308], [-0.047161, 51.505296], [-0.04729, 51.505246], [-0.047493, 51.505116], [-0.047529, 51.505063], [-0.047591, 51.504998], [-0.047766, 51.504903], [-0.047814, 51.504883], [-0.04798, 51.504759], [-0.047988, 51.504669], [-0.047959, 51.504569], [-0.0479, 51.50444], [-0.04782, 51.504306], [-0.047823, 51.504305], [-0.047888, 51.504281], [-0.047902, 51.504276], [-0.047967, 51.504254], [-0.048027, 51.504232], [-0.048148, 51.504369], [-0.048565, 51.504518], [-0.049088, 51.50427], [-0.049106, 51.504259], [-0.049085, 51.504238], [-0.048885, 51.504033], [-0.048971, 51.503948], [-0.049194, 51.503835], [-0.049497, 51.503717], [-0.049522, 51.503718], [-0.049757, 51.503849], [-0.04965, 51.503893], [-0.049631, 51.503901], [-0.049672, 51.503918], [-0.049702, 51.503931], [-0.049735, 51.503917], [-0.050019, 51.503766], [-0.050051, 51.50375], [-0.050057, 51.503741], [-0.050142, 51.503635], [-0.050122, 51.503645], [-0.050092, 51.503667], [-0.050016, 51.503715], [-0.050012, 51.503721], [-0.050007, 51.503727], [-0.049794, 51.503832], [-0.049639, 51.503655], [-0.049641, 51.503645], [-0.049854, 51.503474], [-0.050197, 51.503277], [-0.050416, 51.503145], [-0.050751, 51.502931], [-0.050755, 51.502928], [-0.050763, 51.50291], [-0.050932, 51.502833], [-0.051179, 51.502734], [-0.052214, 51.502751], [-0.058095, 51.502849], [-0.058363, 51.502853], [-0.058392, 51.502902], [-0.058421, 51.502946], [-0.058484, 51.503046], [-0.058301, 51.50307], [-0.058034, 51.503137], [-0.057726, 51.503237], [-0.057457, 51.50333], [-0.057258, 51.503403], [-0.057271, 51.503444], [-0.057214, 51.50345], [-0.056828, 51.503571], [-0.056598, 51.503672], [-0.056508, 51.503712], [-0.056322, 51.5038], [-0.056045, 51.503966], [-0.055844, 51.504101], [-0.055792, 51.50414], [-0.055445, 51.504438], [-0.055425, 51.504509], [-0.05533, 51.504603], [-0.055194, 51.504688], [-0.054996, 51.504812], [-0.054881, 51.50486], [-0.054783, 51.504883], [-0.054653, 51.504935], [-0.054454, 51.505057], [-0.053996, 51.505325], [-0.053865, 51.505391], [-0.053745, 51.505445], [-0.053327, 51.505677], [-0.053271, 51.505712], [-0.053056, 51.505883], [-0.053052, 51.505908], [-0.053061, 51.505998], [-0.052894, 51.506142], [-0.052722, 51.506194], [-0.052591, 51.506193], [-0.05242, 51.506219], [-0.052331, 51.506239], [-0.05183, 51.506487], [-0.051386, 51.506769], [-0.051347, 51.506813], [-0.051051, 51.506996], [-0.050837, 51.507123], [-0.050693, 51.507214], [-0.050638, 51.507268], [-0.050592, 51.507323], [-0.0505, 51.507423], [-0.050438, 51.507506], [-0.050388, 51.507551], [-0.050222, 51.507573], [-0.050101, 51.507579], [-0.049931, 51.507616], [-0.049751, 51.507698], [-0.049426, 51.507848], [-0.049771, 51.507898], [-0.049714, 51.508078], [-0.049525, 51.508047], [-0.049334, 51.508066], [-0.04916, 51.508081], [-0.04893, 51.508143], [-0.048817, 51.508175], [-0.048628, 51.508063], [-0.048511, 51.508065], [-0.048349, 51.508099], [-0.048161, 51.508165], [-0.04796, 51.50829], [-0.047811, 51.508408], [-0.047728, 51.508458], [-0.047399, 51.508595], [-0.047201, 51.50867], [-0.047113, 51.508715], [-0.047016, 51.508776], [-0.046888, 51.508836], [-0.046758, 51.508879], [-0.046575, 51.508931], [-0.046372, 51.508984], [-0.046158, 51.50904], [-0.046052, 51.509068], [-0.045937, 51.509098], [-0.045786, 51.509143], [-0.045573, 51.509207], [-0.045469, 51.509239], [-0.045257, 51.5093], [-0.044878, 51.509401], [-0.044724, 51.509442], [-0.044722, 51.509442], [-0.044607, 51.509461], [-0.044354, 51.509506], [-0.044234, 51.509519], [-0.044118, 51.509537], [-0.043963, 51.509537], [-0.04391, 51.509535], [-0.043728, 51.509528], [-0.0436, 51.509522], [-0.043433, 51.509514], [-0.043316, 51.509544], [-0.043212, 51.509577], [-0.043085, 51.509594], [-0.042968, 51.509609], [-0.042852, 51.509627], [-0.042681, 51.509641], [-0.042567, 51.509654], [-0.042451, 51.509668], [-0.042333, 51.509683], [-0.042209, 51.509691], [-0.042095, 51.509678], [-0.041999, 51.509635], [-0.041903, 51.509675], [-0.04179, 51.509661], [-0.041742, 51.509658], [-0.041656, 51.50965], [-0.041615, 51.509647], [-0.041562, 51.509639], [-0.041495, 51.50958], [-0.041403, 51.509628], [-0.041294, 51.509651], [-0.041165, 51.509665], [-0.041049, 51.509668], [-0.040913, 51.509664], [-0.040797, 51.509656], [-0.040701, 51.509614], [-0.040587, 51.509596], [-0.040402, 51.509634], [-0.040244, 51.509645], [-0.040128, 51.509645], [-0.040012, 51.509645], [-0.039847, 51.509646], [-0.039731, 51.509647], [-0.039615, 51.509641], [-0.039407, 51.509618], [-0.039291, 51.509622], [-0.039176, 51.50962], [-0.039058, 51.509618], [-0.038943, 51.509616], [-0.038827, 51.509615], [-0.038711, 51.509614], [-0.038593, 51.509608], [-0.038478, 51.509594], [-0.038241, 51.509581], [-0.038114, 51.509578], [-0.038114, 51.509578], [-0.038094, 51.509555], [-0.038067, 51.509534], [-0.038046, 51.509523], [-0.038023, 51.509513], [-0.037998, 51.509507], [-0.037972, 51.509502], [-0.037944, 51.509498], [-0.037916, 51.509496], [-0.037885, 51.509496], [-0.037857, 51.509496], [-0.037828, 51.509498], [-0.037799, 51.509502], [-0.037771, 51.509508], [-0.037743, 51.509515], [-0.037708, 51.509526], [-0.037683, 51.509536], [-0.03766, 51.509546], [-0.037642, 51.509556], [-0.037611, 51.509577], [-0.037558, 51.509612], [-0.037565, 51.509621], [-0.037533, 51.509644], [-0.037502, 51.509665], [-0.037208, 51.509616], [-0.037198, 51.509615], [-0.037237, 51.509581], [-0.037449, 51.509418], [-0.037361, 51.50936], [-0.036935, 51.509332], [-0.036479, 51.509283], [-0.036301, 51.50931], [-0.036163, 51.509413], [-0.035992, 51.509388], [-0.035944, 51.509378], [-0.035943, 51.509378], [-0.035925, 51.509157], [-0.035897, 51.509146], [-0.03561, 51.509076], [-0.035378, 51.50905], [-0.035205, 51.509034], [-0.034878, 51.508972], [-0.034678, 51.508927], [-0.034407, 51.508862], [-0.034169, 51.508791], [-0.034181, 51.508779], [-0.034111, 51.508755], [-0.034098, 51.508768], [-0.034012, 51.50874], [-0.033737, 51.508659], [-0.033628, 51.508631], [-0.033446, 51.508615], [-0.033312, 51.508661], [-0.033237, 51.50865], [-0.033215, 51.508624], [-0.033192, 51.508501], [-0.033073, 51.508403], [-0.033013, 51.508361], [-0.032655, 51.50825], [-0.032515, 51.508244], [-0.032193, 51.508248], [-0.032006, 51.50824], [-0.031672, 51.508225], [-0.03154, 51.50829], [-0.031474, 51.508418], [-0.031407, 51.508455], [-0.031236, 51.508505], [-0.030914, 51.508604], [-0.030552, 51.50873], [-0.030367, 51.508788], [-0.030147, 51.50885], [-0.029933, 51.508866], [-0.029909, 51.508832], [-0.030028, 51.508742], [-0.030174, 51.50867], [-0.030308, 51.508606], [-0.030483, 51.508535], [-0.030574, 51.508503], [-0.030749, 51.508436], [-0.030893, 51.508362], [-0.031078, 51.508233], [-0.031479, 51.507873], [-0.031462, 51.507792], [-0.030558, 51.507315], [-0.030538, 51.507304], [-0.030411, 51.50726], [-0.030137, 51.507423], [-0.030086, 51.507433], [-0.029922, 51.5074], [-0.029833, 51.507318], [-0.029857, 51.50728], [-0.029741, 51.50717], [-0.029696, 51.507127], [-0.029737, 51.507111], [-0.029613, 51.506992], [-0.029394, 51.506784], [-0.029134, 51.506558], [-0.029028, 51.50648], [-0.028944, 51.506407], [-0.028965, 51.506316], [-0.028845, 51.506193], [-0.028778, 51.506149], [-0.028534, 51.505771], [-0.028541, 51.505661], [-0.028631, 51.505342], [-0.028638, 51.50534], [-0.028785, 51.505404], [-0.028887, 51.505372], [-0.028635, 51.505039], [-0.028535, 51.505069], [-0.02855, 51.505215], [-0.028553, 51.505299], [-0.028487, 51.505594], [-0.028416, 51.505483], [-0.028353, 51.505376], [-0.028213, 51.505211], [-0.028092, 51.505102], [-0.028003, 51.504878], [-0.027965, 51.504809], [-0.027864, 51.50468], [-0.027734, 51.504561], [-0.027622, 51.504473], [-0.027589, 51.504402], [-0.027481, 51.504165], [-0.027235, 51.503684], [-0.02722, 51.503667], [-0.02707, 51.503531], [-0.026986, 51.503449], [-0.026893, 51.503376], [-0.026835, 51.50332], [-0.026871, 51.503182], [-0.027003, 51.503099], [-0.02702, 51.503073], [-0.027023, 51.503073], [-0.027027, 51.503072], [-0.02703, 51.503072], [-0.027033, 51.503071], [-0.027037, 51.503071], [-0.02704, 51.50307], [-0.027043, 51.503069], [-0.027047, 51.503068], [-0.02705, 51.503068], [-0.027053, 51.503067], [-0.027056, 51.503066], [-0.027059, 51.503065], [-0.027063, 51.503064], [-0.027066, 51.503062], [-0.027069, 51.503061], [-0.027071, 51.50306], [-0.027074, 51.503059], [-0.027077, 51.503058], [-0.02708, 51.503056], [-0.027083, 51.503055], [-0.027085, 51.503053], [-0.027088, 51.503052], [-0.02709, 51.50305], [-0.027093, 51.503049], [-0.027095, 51.503047], [-0.027097, 51.503045], [-0.0271, 51.503044], [-0.027102, 51.503042], [-0.027104, 51.50304], [-0.027106, 51.503038], [-0.027107, 51.503036], [-0.027109, 51.503034], [-0.027111, 51.503033], [-0.027113, 51.503031], [-0.027114, 51.503029], [-0.027116, 51.503027], [-0.027117, 51.503025], [-0.027118, 51.503023], [-0.027119, 51.50302], [-0.027121, 51.503018], [-0.027122, 51.503016], [-0.027122, 51.503014], [-0.027393, 51.502336], [-0.027542, 51.502339]], [[-0.051096, 51.506601], [-0.05107, 51.506607], [-0.050999, 51.506642], [-0.050922, 51.506679], [-0.050919, 51.506683], [-0.050917, 51.506685], [-0.050916, 51.506688], [-0.050915, 51.50669], [-0.050915, 51.506694], [-0.050916, 51.506699], [-0.050918, 51.506701], [-0.050922, 51.506705], [-0.050925, 51.506707], [-0.050928, 51.506708], [-0.050934, 51.506711], [-0.050938, 51.506712], [-0.050942, 51.506712], [-0.050946, 51.506712], [-0.051131, 51.506615], [-0.05113, 51.506614], [-0.05113, 51.506611], [-0.051127, 51.506608], [-0.051125, 51.506606], [-0.051122, 51.506604], [-0.051119, 51.506603], [-0.051114, 51.506601], [-0.05111, 51.5066], [-0.051102, 51.5066], [-0.051096, 51.506601]]]}, "properties": {"FID": 63, "FEATCODE": 25608}}, {"type": "Feature", "id": 64, "geometry": {"type": "Polygon", "coordinates": [[[-0.052006, 51.502817], [-0.051905, 51.502857], [-0.051786, 51.502913], [-0.051618, 51.50302], [-0.051538, 51.503074], [-0.051371, 51.503173], [-0.050983, 51.503332], [-0.05078, 51.503431], [-0.050679, 51.503471], [-0.05045, 51.503536], [-0.050242, 51.503602], [-0.050142, 51.503635], [-0.050122, 51.503645], [-0.050092, 51.503667], [-0.050016, 51.503715], [-0.050012, 51.503721], [-0.050007, 51.503727], [-0.049794, 51.503832], [-0.049639, 51.503655], [-0.049641, 51.503645], [-0.049854, 51.503474], [-0.050196, 51.503277], [-0.050418, 51.503146], [-0.050754, 51.502932], [-0.050757, 51.50293], [-0.050778, 51.502917], [-0.05089, 51.502859], [-0.050934, 51.502836], [-0.050935, 51.502835], [-0.051179, 51.502734], [-0.052214, 51.502751], [-0.052006, 51.502817]]]}, "properties": {"FID": 64, "FEATCODE": 25608}}, {"type": "Feature", "id": 65, "geometry": {"type": "Polygon", "coordinates": [[[-0.03225, 51.502418], [-0.032269, 51.502483], [-0.032311, 51.502624], [-0.032372, 51.502993], [-0.032358, 51.503099], [-0.032352, 51.50313], [-0.032347, 51.503237], [-0.032361, 51.503319], [-0.032436, 51.503686], [-0.032455, 51.503907], [-0.032425, 51.504018], [-0.032384, 51.504128], [-0.032437, 51.504184], [-0.032549, 51.504243], [-0.03261, 51.504316], [-0.032916, 51.504333], [-0.033018, 51.50437], [-0.033022, 51.504462], [-0.032888, 51.504519], [-0.032194, 51.50456], [-0.032182, 51.504527], [-0.032118, 51.504384], [-0.032061, 51.504321], [-0.031907, 51.504206], [-0.031797, 51.504119], [-0.031642, 51.504029], [-0.031576, 51.503975], [-0.031425, 51.503699], [-0.031391, 51.503544], [-0.031378, 51.503269], [-0.031368, 51.503187], [-0.031349, 51.503066], [-0.031345, 51.502961], [-0.031355, 51.502855], [-0.031361, 51.502768], [-0.031367, 51.502593], [-0.031385, 51.50249], [-0.031402, 51.502403], [-0.03225, 51.502418]]]}, "properties": {"FID": 65, "FEATCODE": 25608}}, {"type": "Feature", "id": 66, "geometry": {"type": "Polygon", "coordinates": [[[-0.031404, 51.502316], [-0.0314, 51.502206], [-0.031401, 51.502062], [-0.031405, 51.501988], [-0.031428, 51.501842], [-0.031456, 51.501699], [-0.031455, 51.501628], [-0.031432, 51.501456], [-0.031454, 51.501319], [-0.031502, 51.501236], [-0.031577, 51.501054], [-0.031604, 51.500903], [-0.031611, 51.500727], [-0.03161, 51.500615], [-0.031619, 51.50053], [-0.031685, 51.500349], [-0.031727, 51.500234], [-0.031774, 51.500052], [-0.031813, 51.499902], [-0.031842, 51.499798], [-0.031885, 51.499561], [-0.031887, 51.499395], [-0.031898, 51.499266], [-0.031917, 51.499166], [-0.031935, 51.499095], [-0.031967, 51.498951], [-0.031983, 51.498852], [-0.032005, 51.498744], [-0.032038, 51.498608], [-0.032064, 51.49845], [-0.032069, 51.498317], [-0.032074, 51.498229], [-0.032092, 51.498153], [-0.032155, 51.498016], [-0.032208, 51.497809], [-0.03222, 51.497691], [-0.03223, 51.497575], [-0.032237, 51.49743], [-0.032249, 51.497212], [-0.032255, 51.496994], [-0.032239, 51.496849], [-0.032232, 51.496777], [-0.032229, 51.496632], [-0.032241, 51.496483], [-0.032292, 51.496284], [-0.032391, 51.496145], [-0.032478, 51.496073], [-0.032575, 51.496008], [-0.032572, 51.496042], [-0.032606, 51.49654], [-0.032679, 51.496891], [-0.032693, 51.496914], [-0.032692, 51.496936], [-0.032738, 51.496937], [-0.032753, 51.496937], [-0.032828, 51.496939], [-0.032825, 51.496998], [-0.032802, 51.496999], [-0.03281, 51.49703], [-0.032842, 51.49705], [-0.032854, 51.497041], [-0.032953, 51.497091], [-0.032909, 51.497403], [-0.032888, 51.49752], [-0.032872, 51.497668], [-0.032865, 51.497727], [-0.032831, 51.497804], [-0.032775, 51.497864], [-0.032703, 51.49792], [-0.032619, 51.497978], [-0.032525, 51.498208], [-0.032512, 51.498283], [-0.032483, 51.499304], [-0.03255, 51.499364], [-0.032719, 51.499883], [-0.032701, 51.500062], [-0.032679, 51.500078], [-0.032431, 51.500144], [-0.032359, 51.500485], [-0.032353, 51.500798], [-0.032347, 51.500902], [-0.032328, 51.501019], [-0.0323, 51.50114], [-0.032255, 51.501494], [-0.03225, 51.50156], [-0.032242, 51.502208], [-0.03225, 51.502418], [-0.031402, 51.502403], [-0.031404, 51.502316]]]}, "properties": {"FID": 66, "FEATCODE": 25608}}, {"type": "Feature", "id": 67, "geometry": {"type": "Polygon", "coordinates": [[[-0.020788, 51.476387], [-0.020729, 51.476404], [-0.020675, 51.47642], [-0.020644, 51.47643], [-0.020638, 51.476298], [-0.020621, 51.47619], [-0.020549, 51.475957], [-0.020501, 51.475886], [-0.020459, 51.475819], [-0.020508, 51.47573], [-0.020618, 51.475633], [-0.020772, 51.475515], [-0.020887, 51.475437], [-0.021075, 51.475335], [-0.021189, 51.475308], [-0.021334, 51.475318], [-0.021508, 51.475307], [-0.021766, 51.475268], [-0.022008, 51.475256], [-0.022205, 51.475276], [-0.022443, 51.475304], [-0.022623, 51.475348], [-0.022636, 51.475378], [-0.022358, 51.475473], [-0.022356, 51.475503], [-0.022469, 51.475552], [-0.022471, 51.475569], [-0.022206, 51.475592], [-0.021973, 51.475591], [-0.021549, 51.475589], [-0.021265, 51.475606], [-0.021014, 51.475684], [-0.020935, 51.475743], [-0.020863, 51.475871], [-0.02086, 51.475897], [-0.020951, 51.476085], [-0.020977, 51.476095], [-0.021481, 51.476032], [-0.02195, 51.475941], [-0.022154, 51.475894], [-0.022278, 51.475868], [-0.022412, 51.475857], [-0.022527, 51.475862], [-0.022514, 51.475873], [-0.022495, 51.475889], [-0.022475, 51.475905], [-0.022454, 51.47592], [-0.022432, 51.475936], [-0.022413, 51.475949], [-0.022393, 51.475962], [-0.022373, 51.475974], [-0.022353, 51.475987], [-0.022332, 51.475999], [-0.02231, 51.476011], [-0.022287, 51.476023], [-0.022262, 51.476036], [-0.022237, 51.476047], [-0.022212, 51.476059], [-0.022186, 51.47607], [-0.022145, 51.476086], [-0.022104, 51.476101], [-0.022062, 51.476116], [-0.022026, 51.476128], [-0.0217, 51.476203], [-0.021577, 51.476218], [-0.021386, 51.476229], [-0.021219, 51.476258], [-0.021034, 51.476328], [-0.021027, 51.47633], [-0.020967, 51.476342], [-0.020908, 51.476356], [-0.020848, 51.476371], [-0.020838, 51.476373], [-0.020788, 51.476387]]]}, "properties": {"FID": 67, "FEATCODE": 25608}}, {"type": "Feature", "id": 68, "geometry": {"type": "Polygon", "coordinates": [[[-0.019782, 51.477017], [-0.01982, 51.476984], [-0.019859, 51.476952], [-0.019899, 51.476921], [-0.01994, 51.47689], [-0.019969, 51.476868], [-0.020226, 51.476751], [-0.020279, 51.476696], [-0.020501, 51.476582], [-0.020507, 51.476579], [-0.02055, 51.476563], [-0.020599, 51.476544], [-0.020642, 51.476529], [-0.020686, 51.476514], [-0.020716, 51.476505], [-0.020657, 51.476593], [-0.020584, 51.476677], [-0.02045, 51.476778], [-0.020378, 51.476817], [-0.02013, 51.476928], [-0.019925, 51.476993], [-0.019764, 51.477033], [-0.019782, 51.477017]]]}, "properties": {"FID": 68, "FEATCODE": 25608}}, {"type": "Feature", "id": 69, "geometry": {"type": "Polygon", "coordinates": [[[-0.018903, 51.477314], [-0.019048, 51.477057], [-0.019368, 51.476837], [-0.019595, 51.476741], [-0.019679, 51.476785], [-0.019693, 51.47687], [-0.019719, 51.476921], [-0.019706, 51.476932], [-0.019593, 51.47703], [-0.019557, 51.477062], [-0.019358, 51.47712], [-0.019158, 51.477216], [-0.019089, 51.477284], [-0.01905, 51.477368], [-0.019036, 51.477461], [-0.019031, 51.477465], [-0.018986, 51.477491], [-0.01894, 51.477516], [-0.018928, 51.477522], [-0.018903, 51.477314]]]}, "properties": {"FID": 69, "FEATCODE": 25608}}, {"type": "Feature", "id": 70, "geometry": {"type": "Polygon", "coordinates": [[[-0.019339, 51.47761], [-0.019403, 51.477726], [-0.019489, 51.477843], [-0.019612, 51.477916], [-0.019775, 51.477965], [-0.019758, 51.478001], [-0.019594, 51.478018], [-0.019491, 51.47804], [-0.019426, 51.478079], [-0.019379, 51.478075], [-0.019314, 51.47807], [-0.019276, 51.477991], [-0.019281, 51.477888], [-0.019257, 51.477775], [-0.019155, 51.477512], [-0.019208, 51.47748], [-0.019261, 51.477446], [-0.019301, 51.477418], [-0.019339, 51.47761]]]}, "properties": {"FID": 70, "FEATCODE": 25608}}, {"type": "Feature", "id": 71, "geometry": {"type": "Polygon", "coordinates": [[[-0.016339, 51.481272], [-0.016273, 51.481274], [-0.016264, 51.481274], [-0.016261, 51.481256], [-0.016044, 51.481262], [-0.016044, 51.481255], [-0.015923, 51.481258], [-0.016058, 51.481065], [-0.016197, 51.480879], [-0.016342, 51.480703], [-0.016521, 51.480488], [-0.01674, 51.48023], [-0.016861, 51.480107], [-0.017026, 51.479986], [-0.017131, 51.479931], [-0.017218, 51.479894], [-0.017371, 51.479839], [-0.01777, 51.479713], [-0.017936, 51.479631], [-0.018072, 51.479535], [-0.018286, 51.479381], [-0.018409, 51.479305], [-0.018664, 51.479008], [-0.018732, 51.478862], [-0.018769, 51.478774], [-0.018959, 51.478336], [-0.019035, 51.47825], [-0.019102, 51.47821], [-0.019123, 51.478126], [-0.019238, 51.478135], [-0.019229, 51.478213], [-0.019299, 51.47814], [-0.019307, 51.478141], [-0.01942, 51.47815], [-0.019433, 51.478209], [-0.019446, 51.478266], [-0.019444, 51.478412], [-0.019408, 51.478592], [-0.019326, 51.478945], [-0.019304, 51.479182], [-0.019324, 51.479236], [-0.019274, 51.479428], [-0.019226, 51.479543], [-0.019193, 51.479621], [-0.019034, 51.479784], [-0.018879, 51.479842], [-0.018667, 51.479895], [-0.018138, 51.480023], [-0.017899, 51.480068], [-0.017612, 51.480122], [-0.017415, 51.480165], [-0.017258, 51.48024], [-0.017126, 51.48039], [-0.017108, 51.480421], [-0.016836, 51.480794], [-0.016708, 51.480961], [-0.016603, 51.481094], [-0.01646, 51.481231], [-0.016431, 51.48125], [-0.016336, 51.481253], [-0.016339, 51.481272]]]}, "properties": {"FID": 71, "FEATCODE": 25608}}, {"type": "Feature", "id": 72, "geometry": {"type": "Polygon", "coordinates": [[[-0.016397, 51.481491], [-0.01646, 51.481489], [-0.016484, 51.481503], [-0.016593, 51.481619], [-0.017016, 51.481728], [-0.017574, 51.481828], [-0.017888, 51.481891], [-0.017954, 51.481909], [-0.01815, 51.481982], [-0.01825, 51.482051], [-0.018403, 51.482201], [-0.01851, 51.48235], [-0.018607, 51.482617], [-0.018634, 51.482724], [-0.018711, 51.483047], [-0.01873, 51.483115], [-0.018881, 51.483467], [-0.018926, 51.483502], [-0.019289, 51.483619], [-0.019577, 51.483694], [-0.019796, 51.483748], [-0.020186, 51.483849], [-0.020486, 51.483945], [-0.020624, 51.483991], [-0.020693, 51.484009], [-0.020786, 51.484037], [-0.021239, 51.484198], [-0.02164, 51.484352], [-0.022132, 51.484544], [-0.02243, 51.484624], [-0.022537, 51.484591], [-0.022615, 51.484569], [-0.022676, 51.484595], [-0.022687, 51.48472], [-0.022767, 51.484783], [-0.022983, 51.48487], [-0.02329, 51.484987], [-0.023639, 51.485125], [-0.023933, 51.485265], [-0.024024, 51.48532], [-0.024261, 51.485434], [-0.024567, 51.485563], [-0.024715, 51.485589], [-0.02479, 51.485568], [-0.024841, 51.485583], [-0.024885, 51.485667], [-0.025085, 51.485792], [-0.02536, 51.485926], [-0.025236, 51.486012], [-0.025136, 51.486039], [-0.025093, 51.486051], [-0.025068, 51.486047], [-0.025039, 51.486042], [-0.024847, 51.485987], [-0.024843, 51.48599], [-0.024797, 51.48602], [-0.024776, 51.48605], [-0.024852, 51.486108], [-0.025367, 51.486428], [-0.025459, 51.486484], [-0.025607, 51.486578], [-0.025829, 51.486714], [-0.026349, 51.487036], [-0.026509, 51.487134], [-0.026649, 51.487222], [-0.026809, 51.48732], [-0.027103, 51.487503], [-0.027131, 51.487486], [-0.027175, 51.487519], [-0.027375, 51.487664], [-0.027474, 51.487736], [-0.027541, 51.487785], [-0.027577, 51.487785], [-0.027661, 51.48774], [-0.02767, 51.487727], [-0.027674, 51.48772], [-0.027502, 51.487593], [-0.027488, 51.487583], [-0.027478, 51.487556], [-0.027498, 51.487526], [-0.027542, 51.487456], [-0.027607, 51.487418], [-0.027601, 51.487415], [-0.027694, 51.487366], [-0.02771, 51.487357], [-0.027847, 51.487451], [-0.027914, 51.487491], [-0.028119, 51.487634], [-0.028498, 51.487945], [-0.028791, 51.488258], [-0.028812, 51.4883], [-0.029134, 51.488576], [-0.029176, 51.488582], [-0.029373, 51.488555], [-0.029393, 51.488571], [-0.029317, 51.488685], [-0.029407, 51.488884], [-0.029436, 51.488935], [-0.0295, 51.489029], [-0.029705, 51.489264], [-0.029818, 51.489391], [-0.030024, 51.489625], [-0.030407, 51.490069], [-0.030494, 51.490175], [-0.03069, 51.490424], [-0.030938, 51.490755], [-0.031062, 51.490929], [-0.031201, 51.491133], [-0.031321, 51.49132], [-0.031435, 51.491502], [-0.031542, 51.491665], [-0.031718, 51.491893], [-0.031806, 51.492053], [-0.031871, 51.49219], [-0.032006, 51.492448], [-0.032027, 51.492472], [-0.032052, 51.492522], [-0.032053, 51.492524], [-0.032054, 51.492526], [-0.032055, 51.492528], [-0.032057, 51.49253], [-0.032058, 51.492532], [-0.03206, 51.492534], [-0.032061, 51.492536], [-0.032063, 51.492538], [-0.032065, 51.49254], [-0.032067, 51.492542], [-0.032069, 51.492543], [-0.032071, 51.492545], [-0.032073, 51.492547], [-0.032075, 51.492549], [-0.032077, 51.49255], [-0.03208, 51.492552], [-0.032082, 51.492554], [-0.032085, 51.492555], [-0.032087, 51.492557], [-0.03209, 51.492558], [-0.032092, 51.492559], [-0.032095, 51.492561], [-0.032098, 51.492562], [-0.032101, 51.492563], [-0.032157, 51.492632], [-0.032248, 51.492764], [-0.032307, 51.49288], [-0.032336, 51.492938], [-0.032363, 51.493047], [-0.032347, 51.493139], [-0.032435, 51.493428], [-0.032511, 51.49363], [-0.03254, 51.493835], [-0.032626, 51.494047], [-0.03273, 51.494119], [-0.032807, 51.494137], [-0.03297, 51.494133], [-0.033053, 51.494128], [-0.033147, 51.494151], [-0.033117, 51.494223], [-0.032941, 51.49429], [-0.032797, 51.49435], [-0.032728, 51.494416], [-0.032694, 51.494515], [-0.032696, 51.494526], [-0.032701, 51.494553], [-0.032729, 51.494551], [-0.032744, 51.494675], [-0.032189, 51.494702], [-0.032069, 51.494707], [-0.031893, 51.494716], [-0.031878, 51.494596], [-0.031763, 51.494602], [-0.031797, 51.494871], [-0.031872, 51.494868], [-0.031881, 51.494867], [-0.031912, 51.494865], [-0.031897, 51.494746], [-0.032077, 51.494737], [-0.032201, 51.494731], [-0.032747, 51.494704], [-0.032743, 51.494768], [-0.032564, 51.495621], [-0.032561, 51.495673], [-0.032648, 51.49568], [-0.032815, 51.495672], [-0.033726, 51.495501], [-0.033811, 51.495484], [-0.033822, 51.495507], [-0.033876, 51.495612], [-0.033916, 51.495691], [-0.033613, 51.495751], [-0.033122, 51.495851], [-0.032845, 51.495916], [-0.032721, 51.495954], [-0.032575, 51.496008], [-0.032572, 51.496042], [-0.032606, 51.49654], [-0.032679, 51.496891], [-0.032693, 51.496914], [-0.032692, 51.496936], [-0.032738, 51.496937], [-0.032753, 51.496937], [-0.032828, 51.496939], [-0.032825, 51.496998], [-0.032802, 51.496999], [-0.03281, 51.49703], [-0.032842, 51.49705], [-0.032854, 51.497041], [-0.032953, 51.497091], [-0.032909, 51.497403], [-0.032888, 51.49752], [-0.032872, 51.497668], [-0.032865, 51.497727], [-0.032831, 51.497804], [-0.032775, 51.497864], [-0.032703, 51.49792], [-0.032619, 51.497978], [-0.032525, 51.498208], [-0.032512, 51.498283], [-0.032483, 51.499304], [-0.03255, 51.499364], [-0.032719, 51.499883], [-0.032701, 51.500062], [-0.032679, 51.500078], [-0.032431, 51.500144], [-0.032359, 51.500485], [-0.032353, 51.500798], [-0.032347, 51.500902], [-0.032328, 51.501019], [-0.0323, 51.501139], [-0.032255, 51.501494], [-0.03225, 51.50156], [-0.032242, 51.502208], [-0.03225, 51.502418], [-0.031402, 51.502403], [-0.027542, 51.502339], [-0.027393, 51.502336], [-0.027429, 51.502246], [-0.02743, 51.502244], [-0.027431, 51.502242], [-0.027432, 51.50224], [-0.027432, 51.502237], [-0.027432, 51.502235], [-0.027433, 51.502233], [-0.027433, 51.502231], [-0.027433, 51.502229], [-0.027433, 51.502226], [-0.027433, 51.502224], [-0.027433, 51.502222], [-0.027433, 51.50222], [-0.027432, 51.502218], [-0.027432, 51.502216], [-0.027431, 51.502213], [-0.027431, 51.502211], [-0.02743, 51.502209], [-0.027429, 51.502207], [-0.027428, 51.502205], [-0.027427, 51.502203], [-0.027426, 51.502201], [-0.027425, 51.502199], [-0.027424, 51.502197], [-0.027422, 51.502195], [-0.027421, 51.502193], [-0.027419, 51.502191], [-0.027418, 51.502189], [-0.027416, 51.502187], [-0.027414, 51.502185], [-0.027412, 51.502183], [-0.02741, 51.502181], [-0.027408, 51.50218], [-0.027406, 51.502178], [-0.027404, 51.502176], [-0.027402, 51.502174], [-0.027399, 51.502173], [-0.027397, 51.502171], [-0.027394, 51.50217], [-0.027392, 51.502168], [-0.027389, 51.502167], [-0.027387, 51.502165], [-0.027384, 51.502164], [-0.027382, 51.502163], [-0.027396, 51.502099], [-0.027421, 51.501814], [-0.027407, 51.501731], [-0.027409, 51.501731], [-0.027412, 51.50173], [-0.027416, 51.50173], [-0.027419, 51.50173], [-0.027422, 51.501729], [-0.027426, 51.501728], [-0.027429, 51.501728], [-0.027432, 51.501727], [-0.027436, 51.501726], [-0.027439, 51.501725], [-0.027442, 51.501724], [-0.027445, 51.501723], [-0.027448, 51.501723], [-0.027451, 51.501721], [-0.027455, 51.50172], [-0.027457, 51.501719], [-0.02746, 51.501718], [-0.027463, 51.501717], [-0.027466, 51.501715], [-0.027469, 51.501714], [-0.027471, 51.501713], [-0.027474, 51.501711], [-0.027477, 51.50171], [-0.027479, 51.501708], [-0.027482, 51.501707], [-0.027484, 51.501705], [-0.027486, 51.501703], [-0.027488, 51.501702], [-0.027491, 51.5017], [-0.027493, 51.501698], [-0.027495, 51.501696], [-0.027496, 51.501694], [-0.027498, 51.501693], [-0.0275, 51.501691], [-0.027502, 51.501689], [-0.027503, 51.501687], [-0.027505, 51.501685], [-0.027506, 51.501683], [-0.027507, 51.501681], [-0.027508, 51.501679], [-0.02751, 51.501677], [-0.027511, 51.501675], [-0.027511, 51.501672], [-0.027512, 51.50167], [-0.027513, 51.501668], [-0.027514, 51.501666], [-0.027514, 51.501664], [-0.027515, 51.501662], [-0.027515, 51.50166], [-0.027515, 51.501657], [-0.027516, 51.501655], [-0.027516, 51.501653], [-0.027516, 51.501651], [-0.027515, 51.501649], [-0.027515, 51.501646], [-0.027515, 51.501644], [-0.027515, 51.501642], [-0.027514, 51.50164], [-0.027513, 51.501638], [-0.027513, 51.501636], [-0.027512, 51.501634], [-0.027511, 51.501631], [-0.02751, 51.501629], [-0.027509, 51.501627], [-0.027508, 51.501625], [-0.027507, 51.501623], [-0.027505, 51.501621], [-0.027504, 51.501619], [-0.027502, 51.501617], [-0.027501, 51.501615], [-0.027499, 51.501613], [-0.027497, 51.501611], [-0.027495, 51.50161], [-0.027493, 51.501608], [-0.027491, 51.501606], [-0.027489, 51.501604], [-0.027487, 51.501603], [-0.027485, 51.501601], [-0.027483, 51.501599], [-0.02748, 51.501598], [-0.027478, 51.501596], [-0.027475, 51.501594], [-0.027473, 51.501593], [-0.02747, 51.501592], [-0.027467, 51.50159], [-0.027464, 51.501589], [-0.027462, 51.501588], [-0.027459, 51.501586], [-0.027456, 51.501585], [-0.027453, 51.501584], [-0.02745, 51.501583], [-0.027447, 51.501582], [-0.027443, 51.501581], [-0.02744, 51.50158], [-0.027437, 51.501579], [-0.027434, 51.501579], [-0.02743, 51.501578], [-0.027427, 51.501577], [-0.027424, 51.501576], [-0.027468, 51.501326], [-0.027469, 51.501153], [-0.02747, 51.500916], [-0.027473, 51.500638], [-0.027477, 51.500393], [-0.02748, 51.500111], [-0.027484, 51.499748], [-0.027475, 51.499228], [-0.027477, 51.499179], [-0.027494, 51.49893], [-0.027503, 51.498856], [-0.027512, 51.49867], [-0.02751, 51.49854], [-0.027486, 51.49821], [-0.027484, 51.498196], [-0.027471, 51.498019], [-0.027477, 51.497841], [-0.027511, 51.497645], [-0.027562, 51.497391], [-0.027597, 51.497208], [-0.027654, 51.496914], [-0.027689, 51.49673], [-0.027716, 51.496562], [-0.027733, 51.496343], [-0.027741, 51.496206], [-0.027753, 51.496086], [-0.027776, 51.495959], [-0.027811, 51.495718], [-0.027815, 51.495666], [-0.027835, 51.4954], [-0.027854, 51.495168], [-0.027871, 51.495013], [-0.027884, 51.49488], [-0.027893, 51.49466], [-0.027866, 51.494496], [-0.027806, 51.494368], [-0.027662, 51.494272], [-0.027602, 51.494252], [-0.027327, 51.494201], [-0.02692, 51.49415], [-0.026695, 51.494136], [-0.026482, 51.494129], [-0.026313, 51.494092], [-0.02632, 51.493946], [-0.026491, 51.493913], [-0.026698, 51.493906], [-0.026886, 51.493893], [-0.027033, 51.493868], [-0.02735, 51.493766], [-0.027424, 51.493731], [-0.027416, 51.493669], [-0.027268, 51.493342], [-0.02706, 51.493], [-0.027046, 51.492981], [-0.026852, 51.492685], [-0.026756, 51.492532], [-0.026718, 51.492469], [-0.026515, 51.492055], [-0.026398, 51.491796], [-0.026308, 51.491603], [-0.026245, 51.491474], [-0.026204, 51.491395], [-0.02605, 51.491152], [-0.025988, 51.491067], [-0.025857, 51.490875], [-0.025711, 51.490677], [-0.025583, 51.490517], [-0.025505, 51.49043], [-0.025463, 51.490384], [-0.025392, 51.490302], [-0.025276, 51.490176], [-0.024925, 51.489819], [-0.024435, 51.489425], [-0.024165, 51.489205], [-0.024117, 51.489166], [-0.023849, 51.488946], [-0.023642, 51.488784], [-0.023188, 51.488431], [-0.021861, 51.487681], [-0.021915, 51.487637], [-0.02187, 51.487617], [-0.021834, 51.487647], [-0.021825, 51.487644], [-0.021796, 51.48763], [-0.021782, 51.487624], [-0.021817, 51.487591], [-0.021773, 51.487573], [-0.021733, 51.487608], [-0.021006, 51.487328], [-0.020413, 51.487117], [-0.020372, 51.487108], [-0.02014, 51.487046], [-0.019866, 51.486957], [-0.019589, 51.486865], [-0.018841, 51.486617], [-0.018654, 51.486568], [-0.018213, 51.486464], [-0.018021, 51.486418], [-0.017657, 51.486365], [-0.017607, 51.486362], [-0.017381, 51.486332], [-0.016954, 51.486251], [-0.016935, 51.486248], [-0.016605, 51.486184], [-0.016349, 51.486143], [-0.015989, 51.486105], [-0.015961, 51.486101], [-0.015549, 51.486048], [-0.015468, 51.486039], [-0.015137, 51.486009], [-0.014907, 51.485993], [-0.01446, 51.485979], [-0.014074, 51.485992], [-0.013945, 51.486008], [-0.01374, 51.486018], [-0.013345, 51.486013], [-0.013247, 51.486039], [-0.013208, 51.486234], [-0.013172, 51.486239], [-0.013001, 51.486056], [-0.012638, 51.486049], [-0.012313, 51.486076], [-0.011712, 51.486125], [-0.011382, 51.486157], [-0.011071, 51.486194], [-0.010855, 51.486222], [-0.01055, 51.48626], [-0.010544, 51.486247], [-0.010476, 51.486258], [-0.010415, 51.486268], [-0.010347, 51.486279], [-0.010357, 51.486292], [-0.010338, 51.486325], [-0.010312, 51.486422], [-0.010276, 51.486484], [-0.010232, 51.486493], [-0.010145, 51.486467], [-0.010089, 51.486452], [-0.009922, 51.486424], [-0.009798, 51.4864], [-0.009424, 51.486425], [-0.009174, 51.486466], [-0.008734, 51.486547], [-0.008513, 51.486592], [-0.008334, 51.486632], [-0.008047, 51.486705], [-0.00789, 51.486746], [-0.007346, 51.486896], [-0.007091, 51.486966], [-0.006739, 51.487072], [-0.006495, 51.487162], [-0.006364, 51.487217], [-0.005815, 51.48746], [-0.005762, 51.487484], [-0.00546, 51.487634], [-0.005101, 51.487833], [-0.004851, 51.487993], [-0.004727, 51.488133], [-0.004766, 51.488191], [-0.005236, 51.488484], [-0.005141, 51.488556], [-0.004877, 51.488466], [-0.004608, 51.488344], [-0.004478, 51.488326], [-0.004266, 51.488457], [-0.004113, 51.488603], [-0.003992, 51.488729], [-0.00385, 51.488875], [-0.003758, 51.488968], [-0.003697, 51.489073], [-0.003614, 51.489222], [-0.003528, 51.489366], [-0.003406, 51.489589], [-0.0033, 51.489825], [-0.003245, 51.489975], [-0.003176, 51.490202], [-0.003144, 51.490344], [-0.003111, 51.490556], [-0.003089, 51.490876], [-0.003094, 51.491075], [-0.003115, 51.491326], [-0.003134, 51.491567], [-0.003137, 51.491617], [-0.00315, 51.491725], [-0.003199, 51.49193], [-0.003235, 51.492047], [-0.003293, 51.492193], [-0.003365, 51.492348], [-0.003469, 51.492532], [-0.003574, 51.492682], [-0.003716, 51.49287], [-0.00393, 51.493223], [-0.004038, 51.493399], [-0.004166, 51.493586], [-0.004151, 51.493623], [-0.00388, 51.493689], [-0.00385, 51.493679], [-0.003687, 51.49344], [-0.003673, 51.49342], [-0.003596, 51.493438], [-0.00359, 51.49344], [-0.003605, 51.493462], [-0.003782, 51.493722], [-0.004007, 51.494043], [-0.004051, 51.494031], [-0.004088, 51.494021], [-0.003904, 51.493761], [-0.003918, 51.493737], [-0.004175, 51.493675], [-0.004235, 51.493685], [-0.004733, 51.494426], [-0.004822, 51.494496], [-0.00499, 51.494528], [-0.005202, 51.494668], [-0.00542, 51.494689], [-0.006082, 51.495536], [-0.006158, 51.495576], [-0.006182, 51.495617], [-0.006135, 51.495682], [-0.005712, 51.495854], [-0.005732, 51.495958], [-0.00605, 51.496465], [-0.006195, 51.496691], [-0.006336, 51.496896], [-0.006414, 51.497002], [-0.006577, 51.497315], [-0.006664, 51.497489], [-0.006778, 51.497722], [-0.006873, 51.497949], [-0.006877, 51.497964], [-0.007029, 51.498301], [-0.007256, 51.498348], [-0.007362, 51.498555], [-0.007408, 51.498734], [-0.007481, 51.499041], [-0.007493, 51.499157], [-0.007493, 51.499208], [-0.007546, 51.499549], [-0.007627, 51.499994], [-0.00763, 51.500012], [-0.007679, 51.500109], [-0.007738, 51.500159], [-0.007823, 51.500479], [-0.00779, 51.500601], [-0.007785, 51.500644], [-0.008719, 51.501134], [-0.008675, 51.501225], [-0.008633, 51.501312], [-0.008507, 51.501348], [-0.008124, 51.501415], [-0.007709, 51.50153], [-0.007633, 51.501667], [-0.007485, 51.501759], [-0.007354, 51.501878], [-0.007283, 51.501996], [-0.002593, 51.501916], [-0.001949, 51.501905], [-0.001956, 51.501678], [-0.001907, 51.501617], [-0.001881, 51.50135], [-0.001922, 51.501301], [-0.002199, 51.501233], [-0.002259, 51.500903], [-0.00226, 51.500673], [-0.002232, 51.500388], [-0.002216, 51.500155], [-0.002216, 51.500146], [-0.002215, 51.499892], [-0.00218, 51.49965], [-0.002055, 51.499209], [-0.001912, 51.498913], [-0.001867, 51.498891], [-0.00166, 51.498811], [-0.001528, 51.498401], [-0.001593, 51.498315], [-0.001387, 51.497886], [-0.001195, 51.497478], [-0.00123, 51.497437], [-0.001397, 51.497387], [-0.001442, 51.497353], [-0.001075, 51.496413], [-0.001001, 51.496278], [-0.000333, 51.49531], [-0.000264, 51.495274], [-0.000134, 51.495264], [0.000112, 51.49531], [0.000582, 51.495412], [0.000657, 51.495408], [0.000757, 51.495287], [0.000689, 51.495191], [0.000751, 51.495116], [0.000974, 51.495107], [0.001112, 51.494991], [0.001154, 51.494912], [0.001205, 51.494928], [0.001209, 51.494929], [0.001222, 51.494952], [0.001255, 51.494962], [0.001293, 51.494973], [0.001308, 51.494978], [0.00134, 51.49492], [0.001194, 51.494873], [0.001191, 51.494872], [0.001167, 51.494865], [0.001154, 51.494732], [0.001047, 51.494618], [0.000983, 51.494548], [0.000969, 51.494466], [0.001065, 51.494336], [0.001212, 51.49423], [0.001343, 51.494154], [0.001437, 51.494099], [0.001503, 51.494028], [0.001528, 51.493957], [0.001606, 51.493733], [0.001605, 51.493657], [0.001791, 51.493244], [0.001813, 51.493199], [0.001971, 51.492952], [0.002092, 51.492936], [0.002288, 51.492938], [0.002332, 51.492837], [0.002341, 51.492737], [0.002365, 51.492627], [0.002397, 51.492525], [0.002477, 51.492279], [0.002485, 51.492256], [0.002517, 51.492187], [0.002549, 51.492127], [0.00262, 51.491985], [0.002641, 51.49189], [0.002624, 51.491783], [0.002586, 51.491705], [0.002483, 51.491539], [0.002451, 51.491459], [0.002439, 51.491332], [0.00245, 51.49118], [0.002456, 51.491084], [0.002476, 51.490861], [0.00251, 51.490573], [0.002482, 51.49046], [0.002406, 51.490428], [0.002238, 51.490435], [0.00223, 51.490341], [0.002399, 51.490334], [0.002387, 51.490143], [0.002411, 51.48999], [0.002432, 51.489942], [0.002398, 51.489666], [0.002352, 51.489529], [0.002293, 51.489342], [0.002251, 51.489217], [0.00217, 51.489082], [0.002118, 51.489037], [0.002015, 51.488891], [0.001929, 51.488697], [0.001873, 51.488534], [0.001846, 51.488496], [0.00161, 51.488468], [0.001471, 51.488357], [0.001308, 51.488047], [0.001374, 51.48796], [0.001384, 51.487903], [0.001285, 51.487791], [0.001248, 51.487778], [0.0011, 51.487748], [0.000957, 51.487652], [0.000763, 51.487457], [0.000598, 51.487296], [0.000201, 51.486918], [-3.5e-05, 51.486746], [-0.000248, 51.486637], [-0.000311, 51.486611], [-0.000355, 51.486602], [-0.000358, 51.486601], [-0.000361, 51.486601], [-0.000364, 51.4866], [-0.000367, 51.486599], [-0.00037, 51.486598], [-0.000374, 51.486597], [-0.000377, 51.486596], [-0.00038, 51.486595], [-0.000382, 51.486594], [-0.000385, 51.486593], [-0.000388, 51.486591], [-0.000391, 51.48659], [-0.000394, 51.486589], [-0.000396, 51.486587], [-0.000399, 51.486586], [-0.000411, 51.486579], [-0.000608, 51.486528], [-0.0007, 51.486519], [-0.001014, 51.48641], [-0.001182, 51.486308], [-0.00132, 51.486134], [-0.001367, 51.486079], [-0.001469, 51.486006], [-0.001736, 51.485911], [-0.001817, 51.485931], [-0.001866, 51.485989], [-0.001862, 51.486035], [-0.001819, 51.486106], [-0.001632, 51.486205], [-0.001665, 51.48623], [-0.001671, 51.486235], [-0.001685, 51.486245], [-0.001651, 51.486283], [-0.001645, 51.486307], [-0.001681, 51.486305], [-0.001688, 51.486311], [-0.002431, 51.48592], [-0.002445, 51.485882], [-0.00238, 51.485885], [-0.002366, 51.485892], [-0.002347, 51.485879], [-0.002333, 51.485887], [-0.002332, 51.485886], [-0.002331, 51.485886], [-0.002328, 51.485883], [-0.002296, 51.48586], [-0.002235, 51.48589], [-0.002227, 51.485895], [-0.002212, 51.485903], [-0.002195, 51.485907], [-0.002096, 51.485919], [-0.002039, 51.485908], [-0.00198, 51.485878], [-0.001893, 51.485779], [-0.002069, 51.48566], [-0.002108, 51.48562], [-0.0024, 51.485435], [-0.002633, 51.485317], [-0.002941, 51.485164], [-0.002964, 51.485154], [-0.003257, 51.485012], [-0.003381, 51.484954], [-0.003448, 51.484928], [-0.003659, 51.484857], [-0.003778, 51.484818], [-0.004366, 51.484626], [-0.00452, 51.484614], [-0.004731, 51.484641], [-0.004982, 51.484574], [-0.005052, 51.484541], [-0.006111, 51.484167], [-0.00652, 51.484027], [-0.006749, 51.483952], [-0.007282, 51.4838], [-0.007378, 51.483791], [-0.008286, 51.483626], [-0.008318, 51.483635], [-0.008487, 51.48379], [-0.008545, 51.483862], [-0.008611, 51.483861], [-0.008994, 51.483795], [-0.009014, 51.483791], [-0.009014, 51.483791], [-0.009014, 51.483791], [-0.009035, 51.483787], [-0.009035, 51.483786], [-0.009057, 51.483782], [-0.009058, 51.483783], [-0.009256, 51.483739], [-0.009462, 51.483699], [-0.009462, 51.483699], [-0.009488, 51.483694], [-0.009488, 51.483693], [-0.00996, 51.483603], [-0.009964, 51.483565], [-0.010015, 51.483451], [-0.010065, 51.483432], [-0.010378, 51.4834], [-0.01065, 51.483377], [-0.010995, 51.483296], [-0.011019, 51.483238], [-0.011028, 51.48309], [-0.011147, 51.483056], [-0.011253, 51.483065], [-0.011506, 51.483055], [-0.011682, 51.483038], [-0.011806, 51.483028], [-0.012134, 51.482975], [-0.012217, 51.482953], [-0.01262, 51.482923], [-0.012668, 51.482924], [-0.012879, 51.482932], [-0.013212, 51.482921], [-0.013337, 51.482911], [-0.013566, 51.482902], [-0.013769, 51.482904], [-0.013766, 51.482922], [-0.013916, 51.482929], [-0.013916, 51.482927], [-0.013919, 51.482911], [-0.013941, 51.482946], [-0.014014, 51.483086], [-0.014054, 51.483108], [-0.014595, 51.483127], [-0.014667, 51.483114], [-0.015044, 51.483113], [-0.015239, 51.483091], [-0.015313, 51.482954], [-0.015376, 51.482845], [-0.015456, 51.482833], [-0.015518, 51.482844], [-0.015667, 51.482873], [-0.015843, 51.48291], [-0.016028, 51.482933], [-0.016313, 51.482986], [-0.016415, 51.483192], [-0.016662, 51.48323], [-0.017079, 51.483237], [-0.017391, 51.483244], [-0.017619, 51.483243], [-0.017794, 51.483217], [-0.017961, 51.483137], [-0.018032, 51.483045], [-0.018063, 51.482886], [-0.018053, 51.482775], [-0.017984, 51.482622], [-0.017912, 51.482552], [-0.017694, 51.482434], [-0.017203, 51.482238], [-0.017175, 51.482229], [-0.016825, 51.482116], [-0.016787, 51.482103], [-0.016167, 51.481947], [-0.015939, 51.481895], [-0.015701, 51.481838], [-0.015122, 51.481764], [-0.015089, 51.481734], [-0.015148, 51.481663], [-0.015266, 51.481644], [-0.01566, 51.481624], [-0.015723, 51.481512], [-0.015989, 51.481504], [-0.016001, 51.481512], [-0.016071, 51.481511], [-0.016083, 51.481501], [-0.016308, 51.481494], [-0.016303, 51.481466], [-0.016389, 51.481465], [-0.016397, 51.481491]], [[-0.019929, 51.484071], [-0.019952, 51.484077], [-0.01995, 51.48408], [-0.019985, 51.484096], [-0.019979, 51.484104], [-0.020032, 51.484116], [-0.020078, 51.484136], [-0.02011, 51.484173], [-0.020129, 51.48418], [-0.020161, 51.484192], [-0.020237, 51.484218], [-0.02027, 51.484231], [-0.020672, 51.484374], [-0.021127, 51.484535], [-0.021135, 51.484539], [-0.021143, 51.484543], [-0.021158, 51.484547], [-0.021171, 51.484553], [-0.0212, 51.484563], [-0.021229, 51.484574], [-0.021363, 51.484622], [-0.021441, 51.484651], [-0.021454, 51.484655], [-0.021466, 51.48466], [-0.021475, 51.484663], [-0.021485, 51.484668], [-0.0215, 51.484673], [-0.021514, 51.48468], [-0.021534, 51.484688], [-0.021555, 51.484696], [-0.021582, 51.484708], [-0.021609, 51.48472], [-0.021634, 51.484729], [-0.021658, 51.484739], [-0.021683, 51.48475], [-0.021708, 51.48476], [-0.021862, 51.484824], [-0.021954, 51.484863], [-0.022135, 51.484939], [-0.022344, 51.485026], [-0.022465, 51.485019], [-0.022443, 51.484929], [-0.022235, 51.484845], [-0.022125, 51.4848], [-0.022071, 51.484777], [-0.022017, 51.484755], [-0.021855, 51.484687], [-0.021726, 51.484635], [-0.02162, 51.484591], [-0.021608, 51.484586], [-0.021596, 51.484581], [-0.021587, 51.484577], [-0.021577, 51.484573], [-0.021564, 51.484568], [-0.021552, 51.484563], [-0.021529, 51.484554], [-0.021461, 51.484528], [-0.021443, 51.484521], [-0.021424, 51.484514], [-0.021406, 51.484507], [-0.021387, 51.484501], [-0.021368, 51.484494], [-0.02135, 51.484487], [-0.021324, 51.484479], [-0.021297, 51.484469], [-0.021272, 51.484461], [-0.021246, 51.484452], [-0.021221, 51.484444], [-0.021197, 51.484435], [-0.021165, 51.484424], [-0.021133, 51.484412], [-0.020632, 51.484237], [-0.020463, 51.484179], [-0.020368, 51.484146], [-0.02032, 51.484128], [-0.02023, 51.484096], [-0.020191, 51.484087], [-0.020166, 51.484081], [-0.020047, 51.484064], [-0.019864, 51.484027], [-0.019784, 51.484008], [-0.019929, 51.484071]], [[-0.027091, 51.487718], [-0.027237, 51.487807], [-0.027253, 51.487799], [-0.027396, 51.487886], [-0.027421, 51.487901], [-0.027537, 51.487975], [-0.0278, 51.488138], [-0.027927, 51.488059], [-0.027799, 51.487978], [-0.027837, 51.487955], [-0.027895, 51.487916], [-0.027917, 51.487901], [-0.027782, 51.487818], [-0.027848, 51.487779], [-0.027739, 51.487711], [-0.027738, 51.487712], [-0.027687, 51.487741], [-0.027593, 51.487794], [-0.027578, 51.487802], [-0.027546, 51.487801], [-0.027518, 51.487783], [-0.027502, 51.487796], [-0.02738, 51.487719], [-0.027396, 51.487709], [-0.02725, 51.487618], [-0.027091, 51.487718]], [[-0.031475, 51.492034], [-0.031476, 51.492034], [-0.031477, 51.492033], [-0.031478, 51.492032], [-0.031479, 51.49203], [-0.03148, 51.492029], [-0.03148, 51.492028], [-0.031481, 51.492027], [-0.031481, 51.492026], [-0.031482, 51.492025], [-0.031483, 51.492023], [-0.031482, 51.492016], [-0.031482, 51.492014], [-0.031482, 51.492013], [-0.031481, 51.492011], [-0.03148, 51.49201], [-0.031479, 51.492008], [-0.031478, 51.492007], [-0.031474, 51.492003], [-0.031474, 51.492002], [-0.031472, 51.492001], [-0.031471, 51.492], [-0.03147, 51.491999], [-0.031468, 51.491998], [-0.031466, 51.491997], [-0.031475, 51.492034]], [[0.000904, 51.493854], [0.000908, 51.493855], [0.000986, 51.493879], [0.000775, 51.494118], [0.000745, 51.49411], [0.000701, 51.494096], [0.000886, 51.493858], [0.000893, 51.493851], [0.000904, 51.493854]]]}, "properties": {"FID": 72, "FEATCODE": 25608}}, {"type": "Feature", "id": 73, "geometry": {"type": "Polygon", "coordinates": [[[-0.027393, 51.502336], [-0.027429, 51.502246], [-0.02743, 51.502244], [-0.027431, 51.502242], [-0.027432, 51.50224], [-0.027432, 51.502237], [-0.027432, 51.502235], [-0.027433, 51.502233], [-0.027433, 51.502231], [-0.027433, 51.502229], [-0.027433, 51.502226], [-0.027433, 51.502224], [-0.027433, 51.502222], [-0.027433, 51.50222], [-0.027432, 51.502218], [-0.027432, 51.502216], [-0.027431, 51.502213], [-0.027431, 51.502211], [-0.02743, 51.502209], [-0.027429, 51.502207], [-0.027428, 51.502205], [-0.027427, 51.502203], [-0.027426, 51.502201], [-0.027425, 51.502199], [-0.027424, 51.502197], [-0.027422, 51.502195], [-0.027421, 51.502193], [-0.027419, 51.502191], [-0.027418, 51.502189], [-0.027416, 51.502187], [-0.027414, 51.502185], [-0.027412, 51.502183], [-0.02741, 51.502181], [-0.027408, 51.50218], [-0.027406, 51.502178], [-0.027404, 51.502176], [-0.027402, 51.502174], [-0.027399, 51.502173], [-0.027397, 51.502171], [-0.027394, 51.50217], [-0.027392, 51.502168], [-0.027392, 51.502168], [-0.027389, 51.502167], [-0.027387, 51.502165], [-0.027385, 51.502165], [-0.0274, 51.5021], [-0.027434, 51.501814], [-0.027417, 51.50173], [-0.027419, 51.50173], [-0.027422, 51.501729], [-0.027426, 51.501728], [-0.027429, 51.501728], [-0.027432, 51.501727], [-0.027436, 51.501726], [-0.027439, 51.501725], [-0.027442, 51.501724], [-0.027445, 51.501723], [-0.027448, 51.501723], [-0.02745, 51.501722], [-0.027451, 51.501721], [-0.027455, 51.50172], [-0.027457, 51.501719], [-0.02746, 51.501718], [-0.027463, 51.501717], [-0.027466, 51.501715], [-0.027469, 51.501714], [-0.027471, 51.501713], [-0.027474, 51.501711], [-0.027477, 51.50171], [-0.027479, 51.501708], [-0.027482, 51.501707], [-0.027484, 51.501705], [-0.027486, 51.501703], [-0.027488, 51.501702], [-0.027491, 51.5017], [-0.027493, 51.501698], [-0.027495, 51.501696], [-0.027496, 51.501694], [-0.027498, 51.501693], [-0.0275, 51.501691], [-0.027502, 51.501689], [-0.027503, 51.501687], [-0.027505, 51.501685], [-0.027506, 51.501683], [-0.027507, 51.501681], [-0.027508, 51.501679], [-0.02751, 51.501677], [-0.027511, 51.501675], [-0.027511, 51.501672], [-0.027512, 51.50167], [-0.027513, 51.501668], [-0.027514, 51.501666], [-0.027514, 51.501664], [-0.027515, 51.501662], [-0.027515, 51.50166], [-0.027515, 51.501657], [-0.027516, 51.501655], [-0.027516, 51.501653], [-0.027516, 51.501651], [-0.027515, 51.501649], [-0.027515, 51.501646], [-0.027515, 51.501644], [-0.027515, 51.501642], [-0.027514, 51.50164], [-0.027513, 51.501638], [-0.027513, 51.501636], [-0.027512, 51.501634], [-0.027511, 51.501631], [-0.02751, 51.501629], [-0.027509, 51.501627], [-0.027508, 51.501625], [-0.027507, 51.501623], [-0.027505, 51.501621], [-0.027504, 51.501619], [-0.027502, 51.501617], [-0.027501, 51.501615], [-0.027499, 51.501613], [-0.027497, 51.501611], [-0.027495, 51.50161], [-0.027493, 51.501608], [-0.027491, 51.501606], [-0.027489, 51.501604], [-0.027487, 51.501603], [-0.027485, 51.501601], [-0.027483, 51.501599], [-0.02748, 51.501598], [-0.027478, 51.501596], [-0.027475, 51.501595], [-0.027473, 51.501593], [-0.02747, 51.501592], [-0.027467, 51.50159], [-0.027464, 51.501589], [-0.027462, 51.501588], [-0.027459, 51.501586], [-0.027456, 51.501585], [-0.027453, 51.501584], [-0.02745, 51.501583], [-0.027447, 51.501582], [-0.027443, 51.501581], [-0.02744, 51.50158], [-0.027437, 51.501579], [-0.027434, 51.501579], [-0.02743, 51.501578], [-0.027429, 51.501577], [-0.027468, 51.501326], [-0.027469, 51.501153], [-0.02747, 51.500916], [-0.027473, 51.500638], [-0.027477, 51.500393], [-0.02748, 51.500111], [-0.027484, 51.499748], [-0.027475, 51.499228], [-0.027477, 51.499179], [-0.027494, 51.49893], [-0.027503, 51.498856], [-0.027512, 51.49867], [-0.02751, 51.49854], [-0.027486, 51.49821], [-0.027484, 51.498196], [-0.027471, 51.498019], [-0.027477, 51.497841], [-0.027511, 51.497645], [-0.027562, 51.497391], [-0.027597, 51.497208], [-0.027654, 51.496914], [-0.027689, 51.49673], [-0.027716, 51.496562], [-0.027733, 51.496343], [-0.027741, 51.496206], [-0.027753, 51.496086], [-0.027776, 51.495959], [-0.027811, 51.495718], [-0.027815, 51.495666], [-0.027835, 51.4954], [-0.027854, 51.495168], [-0.027871, 51.495013], [-0.027884, 51.49488], [-0.027893, 51.49466], [-0.027866, 51.494496], [-0.027806, 51.494368], [-0.027662, 51.494272], [-0.027602, 51.494252], [-0.027327, 51.494201], [-0.02692, 51.49415], [-0.026695, 51.494136], [-0.026482, 51.494129], [-0.026313, 51.494092], [-0.02632, 51.493946], [-0.026491, 51.493913], [-0.026698, 51.493906], [-0.026886, 51.493893], [-0.027033, 51.493868], [-0.027331, 51.49376], [-0.027397, 51.493665], [-0.027268, 51.493342], [-0.02706, 51.493], [-0.027046, 51.492981], [-0.026852, 51.492685], [-0.026756, 51.492532], [-0.026718, 51.492469], [-0.026515, 51.492055], [-0.026398, 51.491796], [-0.026308, 51.491603], [-0.026245, 51.491474], [-0.026204, 51.491395], [-0.02605, 51.491152], [-0.025988, 51.491067], [-0.025857, 51.490875], [-0.025711, 51.490677], [-0.025583, 51.490517], [-0.025505, 51.49043], [-0.025463, 51.490384], [-0.025392, 51.490302], [-0.025276, 51.490176], [-0.024925, 51.489819], [-0.024435, 51.489425], [-0.024165, 51.489205], [-0.024117, 51.489166], [-0.023849, 51.488946], [-0.023642, 51.488784], [-0.023188, 51.488431], [-0.021861, 51.487681], [-0.021915, 51.487637], [-0.02187, 51.487617], [-0.021834, 51.487647], [-0.021825, 51.487644], [-0.021796, 51.48763], [-0.021782, 51.487624], [-0.021817, 51.487591], [-0.021773, 51.487573], [-0.021733, 51.487608], [-0.021007, 51.487328], [-0.020413, 51.487117], [-0.020372, 51.487108], [-0.02014, 51.487046], [-0.019866, 51.486957], [-0.019589, 51.486865], [-0.018841, 51.486617], [-0.018654, 51.486568], [-0.018213, 51.486464], [-0.018021, 51.486418], [-0.017657, 51.486365], [-0.017607, 51.486362], [-0.017381, 51.486332], [-0.016954, 51.486251], [-0.016935, 51.486248], [-0.016605, 51.486184], [-0.016349, 51.486143], [-0.015989, 51.486105], [-0.015961, 51.486101], [-0.015549, 51.486048], [-0.015468, 51.486039], [-0.015137, 51.486009], [-0.014907, 51.485993], [-0.01446, 51.485979], [-0.014074, 51.485992], [-0.013945, 51.486008], [-0.01374, 51.486018], [-0.013345, 51.486013], [-0.013247, 51.486039], [-0.013208, 51.486234], [-0.013172, 51.486238], [-0.013001, 51.486056], [-0.012638, 51.486049], [-0.012313, 51.486076], [-0.011712, 51.486125], [-0.011382, 51.486157], [-0.011071, 51.486194], [-0.010855, 51.486222], [-0.01055, 51.48626], [-0.010544, 51.486247], [-0.010476, 51.486258], [-0.010415, 51.486268], [-0.010347, 51.486279], [-0.010357, 51.486292], [-0.010338, 51.486325], [-0.010312, 51.486422], [-0.010276, 51.486484], [-0.010232, 51.486493], [-0.010145, 51.486467], [-0.010089, 51.486452], [-0.009922, 51.486424], [-0.009798, 51.4864], [-0.009424, 51.486425], [-0.009174, 51.486466], [-0.008734, 51.486547], [-0.008513, 51.486592], [-0.008334, 51.486632], [-0.008047, 51.486705], [-0.00789, 51.486746], [-0.007346, 51.486896], [-0.007091, 51.486966], [-0.006739, 51.487072], [-0.006495, 51.487162], [-0.006364, 51.487217], [-0.005815, 51.48746], [-0.005762, 51.487484], [-0.00546, 51.487634], [-0.005101, 51.487833], [-0.004851, 51.487993], [-0.004727, 51.488133], [-0.004766, 51.488191], [-0.005236, 51.488484], [-0.005141, 51.488556], [-0.004877, 51.488466], [-0.004608, 51.488344], [-0.004478, 51.488326], [-0.004266, 51.488457], [-0.004113, 51.488603], [-0.003992, 51.488729], [-0.00385, 51.488875], [-0.003758, 51.488968], [-0.003697, 51.489073], [-0.003614, 51.489222], [-0.003528, 51.489366], [-0.003406, 51.489589], [-0.0033, 51.489825], [-0.003245, 51.489974], [-0.003176, 51.490202], [-0.003144, 51.490344], [-0.003111, 51.490556], [-0.003089, 51.490876], [-0.003094, 51.491075], [-0.003115, 51.491326], [-0.003134, 51.491567], [-0.003137, 51.491617], [-0.00315, 51.491725], [-0.003199, 51.49193], [-0.003235, 51.492047], [-0.003293, 51.492193], [-0.003365, 51.492348], [-0.003469, 51.492532], [-0.003574, 51.492682], [-0.003716, 51.49287], [-0.00393, 51.493223], [-0.004038, 51.493399], [-0.004166, 51.493586], [-0.004151, 51.493623], [-0.003879, 51.493689], [-0.00385, 51.493679], [-0.003687, 51.49344], [-0.003673, 51.49342], [-0.003596, 51.493438], [-0.00352, 51.493349], [-0.003474, 51.493282], [-0.003379, 51.493117], [-0.003309, 51.492992], [-0.003177, 51.492686], [-0.00312, 51.492489], [-0.003064, 51.492346], [-0.002996, 51.492205], [-0.002933, 51.492064], [-0.002884, 51.491921], [-0.002864, 51.491849], [-0.00283, 51.491703], [-0.002814, 51.491628], [-0.002771, 51.491486], [-0.00274, 51.491417], [-0.002676, 51.491274], [-0.002636, 51.491129], [-0.002616, 51.490986], [-0.002593, 51.490841], [-0.002558, 51.490697], [-0.002552, 51.490591], [-0.002551, 51.49051], [-0.002522, 51.490314], [-0.002541, 51.490173], [-0.002549, 51.4901], [-0.002555, 51.489958], [-0.002566, 51.489887], [-0.002616, 51.48975], [-0.00263, 51.48968], [-0.002635, 51.489538], [-0.002653, 51.489468], [-0.002717, 51.489328], [-0.002788, 51.489189], [-0.002823, 51.48912], [-0.002916, 51.488966], [-0.003031, 51.488837], [-0.003174, 51.488691], [-0.00324, 51.488634], [-0.003312, 51.488581], [-0.003449, 51.48848], [-0.003682, 51.488293], [-0.003794, 51.488218], [-0.003937, 51.488124], [-0.004021, 51.488075], [-0.004194, 51.487971], [-0.004357, 51.487871], [-0.00445, 51.487825], [-0.004638, 51.487736], [-0.004731, 51.487693], [-0.004824, 51.487653], [-0.005073, 51.487539], [-0.005163, 51.487494], [-0.00535, 51.487407], [-0.00563, 51.487279], [-0.005727, 51.487238], [-0.005929, 51.487162], [-0.006089, 51.487097], [-0.00629, 51.48702], [-0.006672, 51.486884], [-0.006769, 51.486849], [-0.006977, 51.486783], [-0.007085, 51.486752], [-0.007394, 51.486661], [-0.007533, 51.48662], [-0.007679, 51.486577], [-0.007819, 51.486532], [-0.007967, 51.486488], [-0.008081, 51.486459], [-0.008377, 51.486391], [-0.008586, 51.486341], [-0.008796, 51.486292], [-0.009001, 51.486241], [-0.009185, 51.4862], [-0.00944, 51.48615], [-0.00975, 51.486074], [-0.009976, 51.486024], [-0.0102, 51.485985], [-0.010467, 51.485954], [-0.010701, 51.485929], [-0.010815, 51.485915], [-0.011034, 51.485872], [-0.01126, 51.485829], [-0.011497, 51.485809], [-0.011612, 51.485799], [-0.011845, 51.485773], [-0.01207, 51.485746], [-0.012184, 51.485731], [-0.01241, 51.485707], [-0.012605, 51.485683], [-0.01284, 51.485641], [-0.012954, 51.485626], [-0.013098, 51.485622], [-0.013223, 51.485626], [-0.013334, 51.485622], [-0.013441, 51.485613], [-0.013551, 51.485604], [-0.013928, 51.485599], [-0.014114, 51.485603], [-0.014231, 51.485605], [-0.014463, 51.485605], [-0.014808, 51.485623], [-0.014922, 51.485627], [-0.015193, 51.485638], [-0.015486, 51.48567], [-0.015793, 51.485708], [-0.016023, 51.485736], [-0.016197, 51.485757], [-0.016364, 51.485783], [-0.016689, 51.485851], [-0.01689, 51.485893], [-0.017108, 51.485941], [-0.017323, 51.485995], [-0.017542, 51.486051], [-0.017651, 51.486078], [-0.017865, 51.486133], [-0.01808, 51.486188], [-0.018296, 51.486241], [-0.018649, 51.486335], [-0.018756, 51.486369], [-0.018989, 51.486444], [-0.019268, 51.486518], [-0.019377, 51.486545], [-0.019592, 51.486605], [-0.019818, 51.486682], [-0.020024, 51.486756], [-0.020128, 51.48679], [-0.020343, 51.486848], [-0.020447, 51.48688], [-0.020644, 51.486956], [-0.020826, 51.487028], [-0.021079, 51.48713], [-0.021182, 51.487173], [-0.021435, 51.487289], [-0.021723, 51.487432], [-0.021931, 51.48751], [-0.022152, 51.487596], [-0.022329, 51.487691], [-0.02265, 51.487901], [-0.022896, 51.488053], [-0.023063, 51.488154], [-0.023146, 51.488205], [-0.023314, 51.488306], [-0.023469, 51.488391], [-0.023651, 51.488515], [-0.023793, 51.488625], [-0.023971, 51.488758], [-0.02424, 51.488948], [-0.024331, 51.489019], [-0.024506, 51.489166], [-0.024657, 51.489282], [-0.024808, 51.489393], [-0.024927, 51.489476], [-0.025156, 51.489657], [-0.025213, 51.48972], [-0.025326, 51.489844], [-0.025443, 51.489971], [-0.025566, 51.490105], [-0.025701, 51.490278], [-0.025751, 51.490344], [-0.025858, 51.490472], [-0.025915, 51.490536], [-0.026049, 51.490679], [-0.026159, 51.49079], [-0.026218, 51.490851], [-0.026331, 51.490977], [-0.026411, 51.491083], [-0.026478, 51.491196], [-0.026563, 51.491351], [-0.026673, 51.491514], [-0.026721, 51.49158], [-0.026817, 51.491713], [-0.026912, 51.491848], [-0.027009, 51.491979], [-0.027058, 51.492044], [-0.027151, 51.492179], [-0.027231, 51.492315], [-0.0273, 51.492453], [-0.027394, 51.492662], [-0.027501, 51.49287], [-0.027567, 51.493027], [-0.027612, 51.49317], [-0.027693, 51.493413], [-0.027716, 51.493494], [-0.02778, 51.493738], [-0.027861, 51.493985], [-0.027886, 51.494076], [-0.027964, 51.494404], [-0.027994, 51.49454], [-0.028035, 51.494712], [-0.028056, 51.494803], [-0.028074, 51.494978], [-0.028082, 51.495123], [-0.028098, 51.495209], [-0.028143, 51.495327], [-0.02819, 51.495466], [-0.028182, 51.495608], [-0.028163, 51.495784], [-0.028165, 51.495897], [-0.028164, 51.495985], [-0.028138, 51.496113], [-0.028089, 51.496251], [-0.028079, 51.496393], [-0.028068, 51.496587], [-0.028059, 51.496659], [-0.028037, 51.496805], [-0.028014, 51.496907], [-0.027978, 51.497022], [-0.027949, 51.497127], [-0.027939, 51.497199], [-0.027934, 51.497356], [-0.027923, 51.497501], [-0.027898, 51.497739], [-0.027885, 51.497915], [-0.027889, 51.498153], [-0.027894, 51.498297], [-0.027889, 51.49837], [-0.02786, 51.498513], [-0.027836, 51.498657], [-0.027829, 51.498731], [-0.027828, 51.498875], [-0.027853, 51.49904], [-0.027846, 51.499202], [-0.027826, 51.499293], [-0.027795, 51.499432], [-0.027792, 51.499518], [-0.027808, 51.499618], [-0.02782, 51.499705], [-0.027793, 51.499844], [-0.027763, 51.499918], [-0.027738, 51.500008], [-0.02773, 51.500108], [-0.027725, 51.500253], [-0.027721, 51.500325], [-0.027722, 51.500471], [-0.027725, 51.500552], [-0.027727, 51.500665], [-0.027728, 51.500737], [-0.027712, 51.500879], [-0.027695, 51.500949], [-0.027676, 51.501064], [-0.027678, 51.501284], [-0.027674, 51.501483], [-0.027676, 51.501555], [-0.027683, 51.501722], [-0.027681, 51.501793], [-0.027669, 51.50187], [-0.027623, 51.502017], [-0.027563, 51.50224], [-0.027542, 51.502339], [-0.027393, 51.502336]]]}, "properties": {"FID": 73, "FEATCODE": 25608}}, {"type": "Feature", "id": 74, "geometry": {"type": "Polygon", "coordinates": [[[-0.025671, 51.486099], [-0.026053, 51.486313], [-0.026415, 51.486518], [-0.026407, 51.486571], [-0.026262, 51.486664], [-0.026242, 51.486652], [-0.02619, 51.48666], [-0.026014, 51.486568], [-0.025836, 51.486469], [-0.025391, 51.486215], [-0.025272, 51.48614], [-0.025302, 51.486056], [-0.025393, 51.485996], [-0.025435, 51.485967], [-0.025671, 51.486099]]]}, "properties": {"FID": 74, "FEATCODE": 25608}}, {"type": "Feature", "id": 75, "geometry": {"type": "Polygon", "coordinates": [[[-0.027033, 51.487089], [-0.026954, 51.487136], [-0.026789, 51.487037], [-0.026527, 51.486881], [-0.02635, 51.486771], [-0.026361, 51.486743], [-0.026351, 51.486738], [-0.026359, 51.486721], [-0.026335, 51.486707], [-0.026473, 51.486615], [-0.026563, 51.486598], [-0.026985, 51.486862], [-0.027196, 51.486993], [-0.027033, 51.487089]]]}, "properties": {"FID": 75, "FEATCODE": 25608}}, {"type": "Feature", "id": 76, "geometry": {"type": "Polygon", "coordinates": [[[-0.027448, 51.487159], [-0.027486, 51.487152], [-0.027664, 51.487284], [-0.027632, 51.487322], [-0.02763, 51.487323], [-0.027638, 51.487329], [-0.027551, 51.487381], [-0.027536, 51.487381], [-0.027479, 51.487415], [-0.027373, 51.487438], [-0.027216, 51.487318], [-0.027049, 51.487208], [-0.02725, 51.487089], [-0.027257, 51.487093], [-0.027306, 51.487065], [-0.027448, 51.487159]]]}, "properties": {"FID": 76, "FEATCODE": 25608}}, {"type": "Feature", "id": 77, "geometry": {"type": "Polygon", "coordinates": [[[0.01539, 51.496088], [0.01503, 51.496272], [0.014746, 51.496425], [0.014466, 51.496598], [0.014268, 51.496746], [0.013867, 51.497032], [0.013782, 51.497132], [0.013675, 51.497281], [0.013527, 51.497421], [0.013341, 51.497544], [0.01299, 51.497761], [0.012955, 51.497785], [0.012347, 51.498223], [0.012203, 51.498321], [0.011761, 51.49863], [0.011463, 51.498855], [0.011424, 51.498887], [0.011139, 51.499143], [0.010634, 51.499604], [0.010222, 51.49998], [0.010059, 51.500125], [0.009243, 51.500827], [0.009034, 51.501007], [0.008921, 51.501105], [0.008426, 51.501539], [0.008203, 51.501732], [0.009226, 51.501714], [0.015633, 51.501604], [0.015434, 51.497079], [0.01539, 51.496088]]]}, "properties": {"FID": 77, "FEATCODE": 25608}}, {"type": "Feature", "id": 78, "geometry": {"type": "Polygon", "coordinates": [[[0.009226, 51.501714], [0.009316, 51.501609], [0.009533, 51.501434], [0.009715, 51.501312], [0.009892, 51.50118], [0.009967, 51.501122], [0.010019, 51.501084], [0.010123, 51.501001], [0.010274, 51.500862], [0.010404, 51.500736], [0.010547, 51.500594], [0.010673, 51.500453], [0.010751, 51.500377], [0.011003, 51.500193], [0.011176, 51.500081], [0.011266, 51.500011], [0.011402, 51.499887], [0.011547, 51.499758], [0.011618, 51.499688], [0.011824, 51.499475], [0.01204, 51.499277], [0.01211, 51.499219], [0.012276, 51.499092], [0.012348, 51.499033], [0.012493, 51.498899], [0.012584, 51.498795], [0.012682, 51.49871], [0.012675, 51.498706], [0.012829, 51.498566], [0.01284, 51.498573], [0.013378, 51.498104], [0.013627, 51.497989], [0.013827, 51.497901], [0.014213, 51.497707], [0.014298, 51.497659], [0.014506, 51.49753], [0.014689, 51.497421], [0.014899, 51.497315], [0.015122, 51.497216], [0.015434, 51.497079], [0.01539, 51.496088], [0.01503, 51.496272], [0.014746, 51.496425], [0.014466, 51.496598], [0.014268, 51.496746], [0.013867, 51.497032], [0.013782, 51.497132], [0.013675, 51.497281], [0.013527, 51.497421], [0.013341, 51.497544], [0.01299, 51.497761], [0.012955, 51.497785], [0.012347, 51.498223], [0.012203, 51.498321], [0.011761, 51.49863], [0.011463, 51.498855], [0.011424, 51.498887], [0.011139, 51.499143], [0.010634, 51.499604], [0.010222, 51.49998], [0.010059, 51.500125], [0.009243, 51.500827], [0.009034, 51.501007], [0.008921, 51.501105], [0.008426, 51.501539], [0.008203, 51.501732], [0.009226, 51.501714]]]}, "properties": {"FID": 78, "FEATCODE": 25608}}, {"type": "Feature", "id": 79, "geometry": {"type": "Polygon", "coordinates": [[[-0.001949, 51.501905], [-0.001956, 51.501678], [-0.001907, 51.501617], [-0.001881, 51.50135], [-0.001922, 51.501301], [-0.002199, 51.501233], [-0.002259, 51.500903], [-0.00226, 51.500673], [-0.002232, 51.500388], [-0.002216, 51.500155], [-0.002216, 51.500146], [-0.002215, 51.499892], [-0.00218, 51.49965], [-0.002055, 51.499209], [-0.001912, 51.498913], [-0.001867, 51.498891], [-0.00166, 51.498811], [-0.001528, 51.498401], [-0.001593, 51.498315], [-0.001387, 51.497886], [-0.001195, 51.497478], [-0.00123, 51.497437], [-0.001547, 51.49767], [-0.001728, 51.497823], [-0.001837, 51.497953], [-0.001921, 51.498089], [-0.002046, 51.498282], [-0.00217, 51.498485], [-0.002227, 51.498628], [-0.00225, 51.498701], [-0.002311, 51.4989], [-0.00236, 51.499093], [-0.002399, 51.499276], [-0.002418, 51.499401], [-0.002457, 51.499511], [-0.00252, 51.49965], [-0.002522, 51.499745], [-0.002502, 51.499908], [-0.002514, 51.499981], [-0.002571, 51.500134], [-0.00259, 51.500206], [-0.002639, 51.500402], [-0.002673, 51.500548], [-0.002692, 51.500696], [-0.002686, 51.500842], [-0.002684, 51.501139], [-0.002691, 51.501379], [-0.002664, 51.501529], [-0.002636, 51.501639], [-0.002593, 51.501916], [-0.001949, 51.501905]]]}, "properties": {"FID": 79, "FEATCODE": 25608}}, {"type": "Feature", "id": 80, "geometry": {"type": "Polygon", "coordinates": [[[-0.007531, 51.502169], [-0.007504, 51.502305], [-0.007466, 51.502473], [-0.007429, 51.502631], [-0.007351, 51.502856], [-0.007314, 51.502929], [-0.007219, 51.503109], [-0.007169, 51.50319], [-0.007078, 51.503301], [-0.006962, 51.50344], [-0.006913, 51.503477], [-0.006636, 51.503587], [-0.006684, 51.503479], [-0.006746, 51.503332], [-0.006783, 51.503254], [-0.006865, 51.503087], [-0.006916, 51.502936], [-0.006943, 51.502859], [-0.007039, 51.502626], [-0.007085, 51.502482], [-0.007136, 51.502325], [-0.007233, 51.502094], [-0.007283, 51.501996], [-0.007568, 51.502001], [-0.007531, 51.502169]]]}, "properties": {"FID": 80, "FEATCODE": 25608}}, {"type": "Feature", "id": 81, "geometry": {"type": "Polygon", "coordinates": [[[0.015866, 51.502257], [0.015954, 51.502088], [0.015942, 51.50195], [0.016247, 51.501624], [0.016284, 51.501593], [0.015984, 51.501598], [0.015645, 51.501873], [0.015671, 51.502455], [0.015866, 51.502257]]]}, "properties": {"FID": 81, "FEATCODE": 25608}}, {"type": "Feature", "id": 82, "geometry": {"type": "Polygon", "coordinates": [[[0.015984, 51.501598], [0.015891, 51.501688], [0.015723, 51.50181], [0.015645, 51.501873], [0.015671, 51.502455], [0.015874, 51.502259], [0.016003, 51.502087], [0.015952, 51.502028], [0.015884, 51.501948], [0.016244, 51.501623], [0.016284, 51.501593], [0.015984, 51.501598]]]}, "properties": {"FID": 82, "FEATCODE": 25608}}, {"type": "Feature", "id": 83, "geometry": {"type": "Polygon", "coordinates": [[[0.008106, 51.501817], [0.007898, 51.50205], [0.007889, 51.502094], [0.007932, 51.502093], [0.007932, 51.502104], [0.007935, 51.502104], [0.007947, 51.502105], [0.007964, 51.502105], [0.007976, 51.502105], [0.007987, 51.502104], [0.007999, 51.502103], [0.008011, 51.502102], [0.008028, 51.5021], [0.008027, 51.502103], [0.008026, 51.502107], [0.008025, 51.502111], [0.008024, 51.502115], [0.008023, 51.502117], [0.00805, 51.502117], [0.008053, 51.502116], [0.008061, 51.502113], [0.008066, 51.502114], [0.008072, 51.502115], [0.008077, 51.502116], [0.008082, 51.502116], [0.008087, 51.502117], [0.008088, 51.502117], [0.008112, 51.502116], [0.008114, 51.502116], [0.008119, 51.502116], [0.008124, 51.502115], [0.008129, 51.502114], [0.008135, 51.502114], [0.008141, 51.502114], [0.008147, 51.502115], [0.008154, 51.502116], [0.008159, 51.502116], [0.008188, 51.502116], [0.008193, 51.502115], [0.0082, 51.502115], [0.008206, 51.502114], [0.008214, 51.502113], [0.008219, 51.502113], [0.008224, 51.502114], [0.00823, 51.502115], [0.008235, 51.502115], [0.008235, 51.502115], [0.008269, 51.502115], [0.008273, 51.502115], [0.008278, 51.502114], [0.008288, 51.502112], [0.008294, 51.502113], [0.008299, 51.502114], [0.008304, 51.502115], [0.008304, 51.502115], [0.00831, 51.502115], [0.008313, 51.502114], [0.008342, 51.502114], [0.008346, 51.502114], [0.008351, 51.502113], [0.008356, 51.502112], [0.008361, 51.502111], [0.008367, 51.502112], [0.008372, 51.502113], [0.008378, 51.502114], [0.008382, 51.502114], [0.008417, 51.502114], [0.008422, 51.502113], [0.008427, 51.502112], [0.008433, 51.502112], [0.008438, 51.502111], [0.008442, 51.502111], [0.008445, 51.502112], [0.008448, 51.502112], [0.008451, 51.502112], [0.008452, 51.502112], [0.008457, 51.502113], [0.008464, 51.502113], [0.008469, 51.502113], [0.008475, 51.502113], [0.008483, 51.502112], [0.008486, 51.502112], [0.00849, 51.502112], [0.008494, 51.502112], [0.008501, 51.502111], [0.008512, 51.50211], [0.008522, 51.502111], [0.008528, 51.502111], [0.008535, 51.502112], [0.008542, 51.502112], [0.008549, 51.502112], [0.008556, 51.502112], [0.008568, 51.502112], [0.008575, 51.502111], [0.008582, 51.502111], [0.008588, 51.50211], [0.008597, 51.502111], [0.008603, 51.502111], [0.00861, 51.502112], [0.008611, 51.502112], [0.008639, 51.502112], [0.008644, 51.502111], [0.00865, 51.502111], [0.008656, 51.50211], [0.008662, 51.502109], [0.00867, 51.50211], [0.008676, 51.502111], [0.008682, 51.502111], [0.008684, 51.502111], [0.008714, 51.502111], [0.008716, 51.502111], [0.008722, 51.50211], [0.008728, 51.502109], [0.008734, 51.502109], [0.00874, 51.502108], [0.008747, 51.502108], [0.008756, 51.502109], [0.008763, 51.50211], [0.008777, 51.50211], [0.008781, 51.50211], [0.008786, 51.50211], [0.00879, 51.50211], [0.008796, 51.502109], [0.0088, 51.502109], [0.008804, 51.502108], [0.008808, 51.502108], [0.008813, 51.502107], [0.008822, 51.50211], [0.008823, 51.50211], [0.008872, 51.502065], [0.008985, 51.501961], [0.009068, 51.501885], [0.009027, 51.501867], [0.009169, 51.501744], [0.009198, 51.501757], [0.009226, 51.501714], [0.008203, 51.501732], [0.008106, 51.501817]]]}, "properties": {"FID": 83, "FEATCODE": 25608}}, {"type": "Feature", "id": 84, "geometry": {"type": "Polygon", "coordinates": [[[-0.002576, 51.502031], [-0.00255, 51.50211], [-0.002515, 51.502179], [-0.002439, 51.502315], [-0.002373, 51.502479], [-0.002332, 51.50264], [-0.002296, 51.502723], [-0.002212, 51.502869], [-0.002151, 51.503021], [-0.00206, 51.503181], [-0.001949, 51.503324], [-0.001815, 51.503457], [-0.001682, 51.503597], [-0.001558, 51.503749], [-0.001503, 51.503812], [-0.001296, 51.504013], [-0.001067, 51.504195], [-0.000817, 51.504367], [-0.000653, 51.50448], [-0.000489, 51.504592], [-6.7e-05, 51.504876], [0.000305, 51.505083], [0.000403, 51.505124], [0.000622, 51.505206], [0.00072, 51.505249], [0.000931, 51.50535], [0.001033, 51.505386], [0.001394, 51.505472], [0.001644, 51.50552], [0.001759, 51.505532], [0.002039, 51.505535], [0.002281, 51.505509], [0.002506, 51.505456], [0.002615, 51.505426], [0.002846, 51.505365], [0.003083, 51.505317], [0.003417, 51.50522], [0.003741, 51.505082], [0.003966, 51.504968], [0.004247, 51.504824], [0.004529, 51.504714], [0.004715, 51.504648], [0.004967, 51.504553], [0.005079, 51.504523], [0.005321, 51.50447], [0.005429, 51.504437], [0.005621, 51.504353], [0.005817, 51.504254], [0.006, 51.504156], [0.006203, 51.50404], [0.006379, 51.503931], [0.006647, 51.503771], [0.006833, 51.50367], [0.006923, 51.503619], [0.007117, 51.503501], [0.007211, 51.503438], [0.007371, 51.503326], [0.00746, 51.503266], [0.007694, 51.503087], [0.007761, 51.503025], [0.007891, 51.502896], [0.007966, 51.502831], [0.008119, 51.502707], [0.00833, 51.502507], [0.008396, 51.502446], [0.008763, 51.502154], [0.008758, 51.502154], [0.008752, 51.502155], [0.008749, 51.502156], [0.008746, 51.502156], [0.008743, 51.502157], [0.00874, 51.502158], [0.008734, 51.502157], [0.008728, 51.502156], [0.008722, 51.502155], [0.008716, 51.502155], [0.008711, 51.502155], [0.008702, 51.502155], [0.008696, 51.502155], [0.008691, 51.502155], [0.008685, 51.502156], [0.008679, 51.502156], [0.008673, 51.502157], [0.008665, 51.502158], [0.008659, 51.502157], [0.008653, 51.502157], [0.008646, 51.502156], [0.00864, 51.502156], [0.008629, 51.502156], [0.008622, 51.502156], [0.008616, 51.502156], [0.00861, 51.502156], [0.008604, 51.502157], [0.008598, 51.502158], [0.008589, 51.502159], [0.008583, 51.502158], [0.008577, 51.502158], [0.008571, 51.502157], [0.008565, 51.502157], [0.008559, 51.502156], [0.00855, 51.502156], [0.008544, 51.502156], [0.008538, 51.502157], [0.008532, 51.502157], [0.008526, 51.502158], [0.00852, 51.502158], [0.008514, 51.502159], [0.008508, 51.502159], [0.008502, 51.502158], [0.008496, 51.502157], [0.008489, 51.502157], [0.008483, 51.502157], [0.008477, 51.502157], [0.008469, 51.502157], [0.008463, 51.502157], [0.008457, 51.502158], [0.008453, 51.502158], [0.008451, 51.502158], [0.008445, 51.502159], [0.008439, 51.50216], [0.008433, 51.502159], [0.008428, 51.502159], [0.008422, 51.502158], [0.008417, 51.502158], [0.008411, 51.502158], [0.008406, 51.502158], [0.008395, 51.502158], [0.00839, 51.502158], [0.008384, 51.502158], [0.008379, 51.502159], [0.008373, 51.50216], [0.008363, 51.502161], [0.008358, 51.502161], [0.008353, 51.50216], [0.008348, 51.502159], [0.008343, 51.502159], [0.008338, 51.502159], [0.008333, 51.502158], [0.008326, 51.502158], [0.008321, 51.502159], [0.008316, 51.502159], [0.008311, 51.502159], [0.008306, 51.50216], [0.008301, 51.50216], [0.008296, 51.502161], [0.008288, 51.502163], [0.008283, 51.502162], [0.008278, 51.502161], [0.008274, 51.50216], [0.008269, 51.50216], [0.008264, 51.50216], [0.008259, 51.502159], [0.008255, 51.502159], [0.008248, 51.502159], [0.008244, 51.502159], [0.008239, 51.502159], [0.008234, 51.50216], [0.008229, 51.50216], [0.008225, 51.502161], [0.00822, 51.502161], [0.008213, 51.502163], [0.008209, 51.502162], [0.008204, 51.502161], [0.0082, 51.502161], [0.008195, 51.50216], [0.008191, 51.50216], [0.008186, 51.50216], [0.008182, 51.50216], [0.008177, 51.50216], [0.008172, 51.50216], [0.008168, 51.50216], [0.008163, 51.50216], [0.008159, 51.502161], [0.008154, 51.502161], [0.00815, 51.502162], [0.008145, 51.502163], [0.008141, 51.502164], [0.008136, 51.502165], [0.008132, 51.502164], [0.008129, 51.502163], [0.008125, 51.502162], [0.008121, 51.502162], [0.008117, 51.502161], [0.008114, 51.502161], [0.00811, 51.502161], [0.008106, 51.50216], [0.008102, 51.50216], [0.008097, 51.50216], [0.008093, 51.50216], [0.008089, 51.50216], [0.008085, 51.502161], [0.008082, 51.502161], [0.008078, 51.502161], [0.008074, 51.502162], [0.00807, 51.502163], [0.008066, 51.502164], [0.008061, 51.502165], [0.008039, 51.502161], [0.008023, 51.502161], [0.00803, 51.50218], [0.008014, 51.502178], [0.008004, 51.502177], [0.007994, 51.502176], [0.007984, 51.502176], [0.007978, 51.502176], [0.007974, 51.502176], [0.007964, 51.502176], [0.007949, 51.502176], [0.007939, 51.502177], [0.007934, 51.502177], [0.007934, 51.502184], [0.00789, 51.502185], [0.007706, 51.502244], [0.007609, 51.502289], [0.007304, 51.502531], [0.007078, 51.502725], [0.006922, 51.502859], [0.006701, 51.503045], [0.00664, 51.503095], [0.006258, 51.503423], [0.005944, 51.503695], [0.005648, 51.503959], [0.005635, 51.50397], [0.005169, 51.504331], [0.005112, 51.504376], [0.004978, 51.504454], [0.004132, 51.504806], [0.003247, 51.504921], [0.003164, 51.504921], [0.002673, 51.504917], [0.002162, 51.504863], [0.002, 51.504831], [0.00189, 51.504803], [0.001384, 51.504688], [0.000799, 51.504525], [0.000638, 51.504466], [0.000296, 51.504339], [0.000256, 51.504325], [-4.2e-05, 51.504206], [-0.000301, 51.504055], [-0.000564, 51.503907], [-0.000758, 51.503794], [-0.000981, 51.503627], [-0.001274, 51.503388], [-0.001369, 51.503304], [-0.001516, 51.503162], [-0.001601, 51.503067], [-0.001705, 51.502933], [-0.001765, 51.502841], [-0.001872, 51.502652], [-0.001963, 51.502472], [-0.002034, 51.50232], [-0.002046, 51.502159], [-0.002027, 51.50214], [-0.001761, 51.502061], [-0.001626, 51.502011], [-0.001645, 51.501971], [-0.001884, 51.501945], [-0.001949, 51.501905], [-0.002593, 51.501916], [-0.002576, 51.502031]]]}, "properties": {"FID": 84, "FEATCODE": 25608}}, {"type": "Feature", "id": 85, "geometry": {"type": "Polygon", "coordinates": [[[0.009226, 51.501714], [0.008203, 51.501732], [0.008105, 51.501816], [0.007845, 51.502049], [0.007889, 51.502094], [0.007932, 51.502093], [0.007932, 51.502104], [0.007935, 51.502104], [0.007947, 51.502105], [0.007964, 51.502105], [0.007976, 51.502105], [0.007987, 51.502104], [0.007999, 51.502103], [0.008011, 51.502102], [0.008028, 51.5021], [0.008027, 51.502103], [0.008026, 51.502107], [0.008025, 51.502111], [0.008024, 51.502115], [0.008023, 51.502117], [0.00805, 51.502117], [0.008053, 51.502116], [0.008061, 51.502113], [0.008066, 51.502114], [0.008072, 51.502115], [0.008077, 51.502116], [0.008082, 51.502116], [0.008087, 51.502117], [0.008088, 51.502117], [0.008112, 51.502116], [0.008114, 51.502116], [0.008119, 51.502116], [0.008124, 51.502115], [0.008129, 51.502114], [0.008135, 51.502114], [0.008141, 51.502114], [0.008147, 51.502115], [0.008154, 51.502116], [0.008159, 51.502116], [0.008188, 51.502116], [0.008193, 51.502115], [0.0082, 51.502115], [0.008206, 51.502114], [0.008214, 51.502113], [0.008219, 51.502113], [0.008224, 51.502114], [0.00823, 51.502115], [0.008235, 51.502115], [0.008235, 51.502115], [0.008269, 51.502115], [0.008273, 51.502115], [0.008278, 51.502114], [0.008288, 51.502112], [0.008294, 51.502113], [0.008299, 51.502114], [0.008304, 51.502115], [0.008304, 51.502115], [0.00831, 51.502115], [0.008313, 51.502114], [0.008342, 51.502114], [0.008346, 51.502114], [0.008351, 51.502113], [0.008356, 51.502112], [0.008361, 51.502111], [0.008367, 51.502112], [0.008372, 51.502113], [0.008378, 51.502114], [0.008382, 51.502114], [0.008417, 51.502114], [0.008422, 51.502113], [0.008427, 51.502112], [0.008433, 51.502112], [0.008438, 51.502111], [0.008442, 51.502111], [0.008445, 51.502112], [0.008448, 51.502112], [0.008451, 51.502112], [0.008452, 51.502112], [0.008457, 51.502113], [0.008464, 51.502113], [0.008469, 51.502113], [0.008475, 51.502113], [0.008483, 51.502112], [0.008486, 51.502112], [0.00849, 51.502112], [0.008494, 51.502112], [0.008501, 51.502111], [0.008512, 51.50211], [0.008522, 51.502111], [0.008528, 51.502111], [0.008535, 51.502112], [0.008542, 51.502112], [0.008549, 51.502112], [0.008556, 51.502112], [0.008568, 51.502112], [0.008575, 51.502111], [0.008582, 51.502111], [0.008588, 51.50211], [0.008597, 51.502111], [0.008603, 51.502111], [0.00861, 51.502112], [0.008611, 51.502112], [0.008639, 51.502112], [0.008644, 51.502111], [0.00865, 51.502111], [0.008656, 51.50211], [0.008662, 51.502109], [0.00867, 51.50211], [0.008676, 51.502111], [0.008682, 51.502111], [0.008684, 51.502111], [0.008714, 51.502111], [0.008716, 51.502111], [0.008722, 51.50211], [0.008728, 51.502109], [0.008734, 51.502109], [0.00874, 51.502108], [0.008747, 51.502108], [0.008756, 51.502109], [0.008763, 51.50211], [0.008777, 51.50211], [0.008781, 51.50211], [0.008786, 51.50211], [0.00879, 51.50211], [0.008796, 51.502109], [0.0088, 51.502109], [0.008804, 51.502108], [0.008808, 51.502108], [0.008813, 51.502107], [0.008822, 51.50211], [0.008823, 51.50211], [0.008966, 51.502109], [0.008973, 51.502107], [0.008968, 51.502089], [0.008987, 51.502092], [0.009002, 51.502093], [0.009017, 51.502094], [0.009022, 51.502095], [0.009061, 51.502085], [0.009059, 51.502078], [0.009083, 51.502079], [0.009118, 51.50207], [0.009295, 51.501914], [0.009279, 51.501906], [0.0093, 51.501884], [0.009364, 51.501912], [0.009321, 51.501951], [0.009362, 51.501969], [0.009384, 51.501954], [0.009393, 51.501949], [0.009425, 51.501931], [0.009492, 51.501895], [0.00955, 51.501884], [0.00956, 51.501887], [0.009564, 51.501894], [0.009231, 51.502183], [0.008817, 51.502543], [0.008807, 51.502542], [0.008796, 51.502538], [0.008794, 51.502501], [0.008829, 51.502432], [0.008844, 51.502432], [0.008848, 51.502428], [0.00887, 51.502408], [0.00883, 51.502386], [0.008776, 51.502427], [0.008717, 51.502397], [0.008745, 51.502373], [0.008766, 51.502382], [0.00901, 51.502166], [0.008993, 51.502167], [0.008977, 51.502169], [0.008961, 51.50217], [0.008971, 51.502153], [0.008966, 51.502152], [0.008964, 51.502153], [0.008957, 51.502152], [0.008956, 51.502152], [0.008923, 51.502152], [0.008899, 51.502152], [0.008896, 51.502153], [0.008891, 51.502154], [0.008883, 51.502153], [0.008881, 51.502153], [0.008842, 51.502153], [0.008839, 51.502153], [0.008834, 51.502154], [0.008829, 51.502155], [0.008825, 51.502156], [0.00882, 51.502157], [0.008815, 51.502158], [0.008809, 51.502156], [0.008806, 51.502156], [0.008803, 51.502155], [0.008799, 51.502155], [0.008796, 51.502154], [0.008792, 51.502154], [0.008789, 51.502154], [0.008786, 51.502154], [0.008782, 51.502154], [0.008779, 51.502154], [0.008775, 51.502154], [0.008763, 51.502154], [0.008758, 51.502154], [0.008752, 51.502155], [0.008749, 51.502156], [0.008746, 51.502156], [0.008743, 51.502157], [0.00874, 51.502158], [0.008734, 51.502157], [0.008728, 51.502156], [0.008722, 51.502155], [0.008716, 51.502155], [0.008711, 51.502155], [0.008702, 51.502155], [0.008696, 51.502155], [0.008691, 51.502155], [0.008685, 51.502156], [0.008679, 51.502156], [0.008673, 51.502157], [0.008665, 51.502158], [0.008659, 51.502157], [0.008653, 51.502157], [0.008646, 51.502156], [0.00864, 51.502156], [0.008629, 51.502156], [0.008622, 51.502156], [0.008616, 51.502156], [0.00861, 51.502156], [0.008604, 51.502157], [0.008598, 51.502158], [0.008589, 51.502159], [0.008583, 51.502158], [0.008577, 51.502158], [0.008571, 51.502157], [0.008565, 51.502157], [0.008559, 51.502156], [0.00855, 51.502156], [0.008544, 51.502156], [0.008538, 51.502157], [0.008532, 51.502157], [0.008526, 51.502158], [0.00852, 51.502158], [0.008514, 51.502159], [0.008508, 51.502159], [0.008502, 51.502158], [0.008496, 51.502157], [0.008489, 51.502157], [0.008483, 51.502157], [0.008477, 51.502157], [0.008469, 51.502157], [0.008463, 51.502157], [0.008457, 51.502158], [0.008453, 51.502158], [0.008451, 51.502158], [0.008445, 51.502159], [0.008439, 51.50216], [0.008433, 51.502159], [0.008428, 51.502159], [0.008422, 51.502158], [0.008417, 51.502158], [0.008411, 51.502158], [0.008406, 51.502158], [0.008395, 51.502158], [0.00839, 51.502158], [0.008384, 51.502158], [0.008379, 51.502159], [0.008373, 51.50216], [0.008363, 51.502161], [0.008358, 51.502161], [0.008353, 51.50216], [0.008348, 51.502159], [0.008343, 51.502159], [0.008338, 51.502159], [0.008333, 51.502158], [0.008326, 51.502158], [0.008321, 51.502159], [0.008316, 51.502159], [0.008311, 51.502159], [0.008306, 51.50216], [0.008301, 51.50216], [0.008296, 51.502161], [0.008288, 51.502163], [0.008283, 51.502162], [0.008278, 51.502161], [0.008274, 51.50216], [0.008269, 51.50216], [0.008264, 51.50216], [0.008259, 51.502159], [0.008255, 51.502159], [0.008248, 51.502159], [0.008244, 51.502159], [0.008239, 51.502159], [0.008234, 51.50216], [0.008229, 51.50216], [0.008225, 51.502161], [0.00822, 51.502161], [0.008213, 51.502163], [0.008209, 51.502162], [0.008204, 51.502161], [0.0082, 51.502161], [0.008195, 51.50216], [0.008191, 51.50216], [0.008186, 51.50216], [0.008182, 51.50216], [0.008177, 51.50216], [0.008172, 51.50216], [0.008168, 51.50216], [0.008163, 51.50216], [0.008159, 51.502161], [0.008154, 51.502161], [0.00815, 51.502162], [0.008145, 51.502163], [0.008141, 51.502164], [0.008136, 51.502165], [0.008132, 51.502164], [0.008129, 51.502163], [0.008125, 51.502162], [0.008121, 51.502162], [0.008117, 51.502161], [0.008114, 51.502161], [0.00811, 51.502161], [0.008106, 51.50216], [0.008102, 51.50216], [0.008097, 51.50216], [0.008093, 51.50216], [0.008089, 51.50216], [0.008085, 51.502161], [0.008082, 51.502161], [0.008078, 51.502161], [0.008074, 51.502162], [0.00807, 51.502163], [0.008066, 51.502164], [0.008061, 51.502165], [0.008039, 51.502161], [0.008023, 51.502161], [0.00803, 51.50218], [0.008014, 51.502178], [0.008004, 51.502177], [0.007994, 51.502176], [0.007984, 51.502176], [0.007978, 51.502176], [0.007974, 51.502176], [0.007964, 51.502176], [0.007949, 51.502176], [0.007939, 51.502177], [0.007934, 51.502177], [0.007934, 51.502184], [0.00789, 51.502185], [0.007706, 51.502244], [0.007609, 51.502289], [0.007304, 51.502531], [0.007078, 51.502725], [0.006922, 51.502859], [0.006701, 51.503045], [0.00664, 51.503095], [0.006258, 51.503423], [0.005944, 51.503695], [0.005648, 51.503959], [0.005635, 51.50397], [0.005169, 51.504331], [0.005112, 51.504376], [0.004978, 51.504454], [0.004132, 51.504806], [0.003247, 51.504921], [0.003164, 51.504921], [0.002673, 51.504917], [0.002162, 51.504863], [0.002, 51.504831], [0.00189, 51.504803], [0.001384, 51.504688], [0.000799, 51.504525], [0.000638, 51.504466], [0.000296, 51.504339], [0.000256, 51.504325], [-4.2e-05, 51.504206], [-0.000301, 51.504055], [-0.000564, 51.503907], [-0.000758, 51.503794], [-0.000981, 51.503627], [-0.001274, 51.503388], [-0.001369, 51.503304], [-0.001516, 51.503162], [-0.001601, 51.503067], [-0.001705, 51.502933], [-0.001765, 51.502841], [-0.001872, 51.502652], [-0.001963, 51.502472], [-0.002034, 51.50232], [-0.002046, 51.502159], [-0.002027, 51.50214], [-0.001761, 51.502061], [-0.001626, 51.502011], [-0.001645, 51.501971], [-0.001884, 51.501945], [-0.001949, 51.501905], [-0.002593, 51.501916], [-0.007283, 51.501996], [-0.007568, 51.502001], [-0.007531, 51.502169], [-0.007504, 51.502305], [-0.007466, 51.502473], [-0.007429, 51.502631], [-0.007351, 51.502856], [-0.007314, 51.502929], [-0.007219, 51.503109], [-0.007169, 51.50319], [-0.007078, 51.503301], [-0.006962, 51.50344], [-0.006913, 51.503477], [-0.006636, 51.503587], [-0.006557, 51.503513], [-0.006478, 51.503412], [-0.006456, 51.503417], [-0.006458, 51.503533], [-0.006562, 51.503659], [-0.00674, 51.503798], [-0.006732, 51.503886], [-0.006591, 51.503995], [-0.006506, 51.504038], [-0.006427, 51.50407], [-0.006055, 51.504325], [-0.005882, 51.504484], [-0.00583, 51.504557], [-0.005646, 51.504798], [-0.00564, 51.504865], [-0.005686, 51.504965], [-0.005706, 51.505044], [-0.005726, 51.505125], [-0.005692, 51.505146], [-0.005424, 51.505082], [-0.005096, 51.505271], [-0.004829, 51.505473], [-0.004765, 51.505524], [-0.004584, 51.505661], [-0.004331, 51.505848], [-0.00416, 51.505974], [-0.003902, 51.506165], [-0.003668, 51.506339], [-0.003482, 51.5065], [-0.003441, 51.506555], [-0.0034, 51.506604], [-0.003219, 51.506696], [-0.003168, 51.506719], [-0.002873, 51.506907], [-0.00277, 51.507005], [-0.002499, 51.50714], [-0.002395, 51.50717], [-0.002224, 51.507242], [-0.002126, 51.507316], [-0.002078, 51.507357], [-0.001769, 51.507442], [-0.001696, 51.507439], [-0.001129, 51.507543], [0.000257, 51.5078], [0.001026, 51.507944], [0.001387, 51.508004], [0.001507, 51.508018], [0.001895, 51.508046], [0.00207, 51.508056], [0.002553, 51.508084], [0.002767, 51.508113], [0.002883, 51.508155], [0.002992, 51.508205], [0.003104, 51.508213], [0.003194, 51.508161], [0.003259, 51.508076], [0.003312, 51.508046], [0.003418, 51.508049], [0.00348, 51.508083], [0.003544, 51.508152], [0.003691, 51.508336], [0.004233, 51.508293], [0.004663, 51.508229], [0.005489, 51.508114], [0.005627, 51.508124], [0.005705, 51.508161], [0.005808, 51.508218], [0.006047, 51.508162], [0.006142, 51.50804], [0.006433, 51.507923], [0.006589, 51.507873], [0.006746, 51.50783], [0.00685, 51.507807], [0.007166, 51.507738], [0.00737, 51.507684], [0.008047, 51.507498], [0.008142, 51.507473], [0.008379, 51.507403], [0.008624, 51.50736], [0.008733, 51.50739], [0.008847, 51.5075], [0.008987, 51.507778], [0.008972, 51.5079], [0.00897, 51.507983], [0.009009, 51.508094], [0.009134, 51.508331], [0.009139, 51.508395], [0.009083, 51.508568], [0.008975, 51.50877], [0.008947, 51.508805], [0.008784, 51.508932], [0.008475, 51.509046], [0.008206, 51.509114], [0.007722, 51.509207], [0.007285, 51.509262], [0.007169, 51.50925], [0.006337, 51.509386], [0.005671, 51.509774], [0.005568, 51.509981], [0.005558, 51.510016], [0.005743, 51.510019], [0.006128, 51.510025], [0.006448, 51.510029], [0.006456, 51.510029], [0.00654, 51.510027], [0.006547, 51.510027], [0.006709, 51.509952], [0.006921, 51.509891], [0.007201, 51.509839], [0.007398, 51.509809], [0.007764, 51.509746], [0.008011, 51.509702], [0.008549, 51.509604], [0.008903, 51.509537], [0.009113, 51.509491], [0.009259, 51.509446], [0.009423, 51.509381], [0.009655, 51.50927], [0.009938, 51.509055], [0.010067, 51.50892], [0.010316, 51.508646], [0.010427, 51.508547], [0.010194, 51.508131], [0.010132, 51.508051], [0.01012, 51.508034], [0.009989, 51.507822], [0.009933, 51.50773], [0.009806, 51.507497], [0.009752, 51.507391], [0.009608, 51.507061], [0.009594, 51.506982], [0.00966, 51.506869], [0.009757, 51.506791], [0.009862, 51.506745], [0.009992, 51.506651], [0.010057, 51.506564], [0.010312, 51.506372], [0.010501, 51.506263], [0.010624, 51.506186], [0.010818, 51.506054], [0.011154, 51.505828], [0.011459, 51.505631], [0.011679, 51.50549], [0.012053, 51.505265], [0.012126, 51.505235], [0.012615, 51.505091], [0.013095, 51.504981], [0.01322, 51.504968], [0.013334, 51.504914], [0.013342, 51.504824], [0.013281, 51.504752], [0.013144, 51.504575], [0.013113, 51.504453], [0.013142, 51.504389], [0.013263, 51.504258], [0.013485, 51.504038], [0.01355, 51.503969], [0.013723, 51.50378], [0.01377, 51.503733], [0.014035, 51.503496], [0.014123, 51.503422], [0.014277, 51.503304], [0.014428, 51.503195], [0.01453, 51.503161], [0.014796, 51.503193], [0.014816, 51.503173], [0.014642, 51.503033], [0.014646, 51.50298], [0.014918, 51.502711], [0.015158, 51.502561], [0.015453, 51.502593], [0.015671, 51.502455], [0.015645, 51.501873], [0.015633, 51.501604], [0.009226, 51.501714]], [[0.009198, 51.501757], [0.009068, 51.501885], [0.009027, 51.501867], [0.009169, 51.501744], [0.009198, 51.501757]]]}, "properties": {"FID": 85, "FEATCODE": 25608}}, {"type": "Feature", "id": 86, "geometry": {"type": "Polygon", "coordinates": [[[-0.027542, 51.502339], [-0.027489, 51.502559], [-0.02744, 51.502702], [-0.027404, 51.502786], [-0.027347, 51.502946], [-0.027287, 51.503092], [-0.027225, 51.503142], [-0.027074, 51.503232], [-0.02734, 51.503361], [-0.027414, 51.503418], [-0.027476, 51.503516], [-0.027539, 51.503934], [-0.027553, 51.504046], [-0.02758, 51.504188], [-0.027597, 51.504331], [-0.027589, 51.504402], [-0.027564, 51.504345], [-0.027481, 51.504165], [-0.027235, 51.503684], [-0.02722, 51.503667], [-0.027142, 51.503596], [-0.02707, 51.503531], [-0.027001, 51.503463], [-0.026986, 51.503449], [-0.026893, 51.503376], [-0.026883, 51.503366], [-0.026835, 51.50332], [-0.026871, 51.503182], [-0.026921, 51.503151], [-0.027003, 51.503099], [-0.02702, 51.503073], [-0.027023, 51.503073], [-0.027027, 51.503072], [-0.02703, 51.503072], [-0.027033, 51.503071], [-0.027037, 51.503071], [-0.02704, 51.50307], [-0.02704, 51.50307], [-0.027043, 51.503069], [-0.027047, 51.503068], [-0.02705, 51.503068], [-0.027053, 51.503067], [-0.027056, 51.503066], [-0.027059, 51.503065], [-0.027063, 51.503064], [-0.027066, 51.503062], [-0.027069, 51.503061], [-0.027071, 51.50306], [-0.027074, 51.503059], [-0.027077, 51.503058], [-0.02708, 51.503056], [-0.027083, 51.503055], [-0.027085, 51.503053], [-0.027088, 51.503052], [-0.02709, 51.50305], [-0.027093, 51.503049], [-0.027095, 51.503047], [-0.027097, 51.503045], [-0.0271, 51.503044], [-0.027102, 51.503042], [-0.027104, 51.50304], [-0.027106, 51.503038], [-0.027107, 51.503036], [-0.027109, 51.503034], [-0.027111, 51.503033], [-0.027113, 51.503031], [-0.027114, 51.503029], [-0.027116, 51.503027], [-0.027117, 51.503025], [-0.027118, 51.503023], [-0.027119, 51.50302], [-0.027121, 51.503018], [-0.027122, 51.503016], [-0.027122, 51.503014], [-0.027393, 51.502336], [-0.027542, 51.502339]]]}, "properties": {"FID": 86, "FEATCODE": 25608}}, {"type": "Feature", "id": 87, "geometry": {"type": "Polygon", "coordinates": [[[0.015405, 51.502085], [0.015265, 51.50221], [0.015117, 51.502345], [0.014998, 51.502466], [0.014874, 51.502599], [0.014742, 51.502721], [0.014581, 51.502845], [0.014425, 51.502962], [0.014283, 51.50308], [0.014144, 51.50321], [0.014074, 51.503273], [0.013774, 51.503514], [0.013621, 51.503644], [0.013481, 51.503768], [0.013268, 51.503955], [0.013121, 51.504088], [0.013031, 51.504182], [0.012938, 51.504283], [0.012798, 51.504399], [0.012665, 51.504479], [0.012429, 51.504619], [0.012179, 51.504809], [0.01197, 51.504976], [0.011743, 51.505159], [0.011511, 51.505336], [0.011226, 51.50553], [0.011088, 51.50565], [0.010968, 51.505794], [0.010833, 51.505937], [0.010677, 51.506062], [0.010505, 51.506175], [0.010305, 51.506282], [0.010089, 51.506383], [0.009896, 51.506481], [0.009819, 51.506536], [0.009703, 51.506669], [0.009631, 51.506822], [0.009594, 51.506982], [0.009677, 51.506875], [0.009769, 51.506798], [0.009854, 51.50674], [0.00998, 51.506646], [0.010067, 51.506567], [0.010318, 51.506375], [0.0105, 51.506262], [0.010622, 51.506185], [0.010818, 51.506054], [0.011155, 51.505829], [0.011459, 51.505631], [0.011681, 51.50549], [0.012062, 51.505272], [0.012132, 51.505242], [0.012617, 51.505094], [0.013093, 51.504983], [0.0132, 51.504951], [0.013283, 51.504897], [0.013303, 51.504825], [0.013275, 51.504752], [0.013162, 51.504572], [0.013143, 51.504455], [0.013164, 51.504393], [0.013266, 51.504259], [0.013483, 51.504038], [0.013726, 51.503781], [0.013773, 51.503734], [0.014037, 51.503497], [0.014126, 51.503423], [0.014279, 51.503305], [0.014442, 51.503212], [0.014538, 51.503187], [0.014725, 51.503158], [0.014733, 51.503149], [0.01469, 51.503028], [0.01469, 51.502982], [0.014928, 51.502716], [0.015174, 51.502592], [0.015437, 51.502562], [0.015671, 51.502455], [0.015645, 51.501873], [0.015405, 51.502085]]]}, "properties": {"FID": 87, "FEATCODE": 25608}}, {"type": "Feature", "id": 88, "geometry": {"type": "Polygon", "coordinates": [[[0.002627, 51.510707], [0.002669, 51.510743], [0.002723, 51.510789], [0.002753, 51.510818], [0.002774, 51.510837], [0.002784, 51.510847], [0.003219, 51.510901], [0.003464, 51.510938], [0.003556, 51.510966], [0.003681, 51.511041], [0.003795, 51.511178], [0.003882, 51.511316], [0.003961, 51.511522], [0.004019, 51.511662], [0.004048, 51.511785], [0.004079, 51.511998], [0.004116, 51.51237], [0.004134, 51.512595], [0.004176, 51.513119], [0.004256, 51.513268], [0.004271, 51.513422], [0.004409, 51.513602], [0.004487, 51.513679], [0.004917, 51.514025], [0.005117, 51.514175], [0.005343, 51.51432], [0.005471, 51.514384], [0.005738, 51.514491], [0.005888, 51.51454], [0.006158, 51.514593], [0.006295, 51.514607], [0.006537, 51.514597], [0.006805, 51.514531], [0.006986, 51.514462], [0.007081, 51.514418], [0.007207, 51.514343], [0.007327, 51.514259], [0.007517, 51.51409], [0.00763, 51.513969], [0.00778, 51.513788], [0.00792, 51.513607], [0.008017, 51.513461], [0.008083, 51.513338], [0.008165, 51.513075], [0.008185, 51.512954], [0.008166, 51.512679], [0.008129, 51.512455], [0.008074, 51.51223], [0.008023, 51.512086], [0.007927, 51.511891], [0.00787, 51.511825], [0.007521, 51.511356], [0.00741, 51.511216], [0.007308, 51.511108], [0.007173, 51.510976], [0.006958, 51.510745], [0.006565, 51.510269], [0.006559, 51.51027], [0.006555, 51.51027], [0.006551, 51.51027], [0.006547, 51.51027], [0.006542, 51.51027], [0.006538, 51.51027], [0.006218, 51.510266], [0.006206, 51.510245], [0.006118, 51.510245], [0.005956, 51.510245], [0.00584, 51.510243], [0.005798, 51.510243], [0.005808, 51.510259], [0.005545, 51.510256], [0.005657, 51.510459], [0.005756, 51.510572], [0.005799, 51.510621], [0.005934, 51.510763], [0.006097, 51.51091], [0.00626, 51.511043], [0.00641, 51.511168], [0.006494, 51.511259], [0.00663, 51.511487], [0.006684, 51.511578], [0.006833, 51.5118], [0.006931, 51.511951], [0.007112, 51.512209], [0.007185, 51.51237], [0.007237, 51.512506], [0.007296, 51.512643], [0.007332, 51.512731], [0.007338, 51.512831], [0.007312, 51.51293], [0.007264, 51.513063], [0.007223, 51.513199], [0.007199, 51.513276], [0.007074, 51.513581], [0.006796, 51.513837], [0.006653, 51.513908], [0.006505, 51.513945], [0.006259, 51.513966], [0.005938, 51.513906], [0.005808, 51.513824], [0.005666, 51.5137], [0.005623, 51.513656], [0.005515, 51.51352], [0.005444, 51.513404], [0.005351, 51.5132], [0.005299, 51.51306], [0.005257, 51.512888], [0.005235, 51.51277], [0.005213, 51.512635], [0.005189, 51.512487], [0.005155, 51.512305], [0.005147, 51.512267], [0.005093, 51.511983], [0.005006, 51.511746], [0.004984, 51.511682], [0.00493, 51.511528], [0.004907, 51.511472], [0.004837, 51.51133], [0.004779, 51.511203], [0.00462, 51.510916], [0.004567, 51.510858], [0.004464, 51.510749], [0.004394, 51.510678], [0.004309, 51.510615], [0.004048, 51.510502], [0.003822, 51.510438], [0.003614, 51.510397], [0.003379, 51.510371], [0.003099, 51.510364], [0.002825, 51.510384], [0.00248, 51.510446], [0.002317, 51.510485], [0.002348, 51.510505], [0.00241, 51.510545], [0.002627, 51.510707]]]}, "properties": {"FID": 88, "FEATCODE": 25608}}, {"type": "Feature", "id": 89, "geometry": {"type": "Polygon", "coordinates": [[[0.004128, 51.51424], [0.004013, 51.514095], [0.003875, 51.513895], [0.003812, 51.513802], [0.003749, 51.513682], [0.003724, 51.513612], [0.003857, 51.513604], [0.003904, 51.513599], [0.003783, 51.513354], [0.003759, 51.513316], [0.0037, 51.51314], [0.003673, 51.51307], [0.003624, 51.513036], [0.003559, 51.512972], [0.003457, 51.512837], [0.003415, 51.512765], [0.003358, 51.512638], [0.003305, 51.512563], [0.003162, 51.512366], [0.00312, 51.512288], [0.003122, 51.512212], [0.003052, 51.512109], [0.00295, 51.511968], [0.002868, 51.511847], [0.002826, 51.511788], [0.002678, 51.511577], [0.002624, 51.511492], [0.002587, 51.511424], [0.002563, 51.511358], [0.002536, 51.511243], [0.002529, 51.511172], [0.002533, 51.511051], [0.002547, 51.510959], [0.002581, 51.510912], [0.002657, 51.510864], [0.002626, 51.510835], [0.002609, 51.51082], [0.002574, 51.510789], [0.002538, 51.510759], [0.00252, 51.510744], [0.002465, 51.5107], [0.002443, 51.510684], [0.002385, 51.510641], [0.002324, 51.510599], [0.002311, 51.51059], [0.002262, 51.510557], [0.002221, 51.510531], [0.002199, 51.510518], [0.002082, 51.510573], [0.001873, 51.510734], [0.001768, 51.510867], [0.001721, 51.510977], [0.001764, 51.511522], [0.001838, 51.511718], [0.001845, 51.511734], [0.001915, 51.511866], [0.002563, 51.512896], [0.002569, 51.512938], [0.002599, 51.513048], [0.002671, 51.513168], [0.002856, 51.513423], [0.002933, 51.513524], [0.003001, 51.513583], [0.003116, 51.513638], [0.003237, 51.513649], [0.003395, 51.513637], [0.003395, 51.513637], [0.00342, 51.513681], [0.003549, 51.513896], [0.003619, 51.514002], [0.003851, 51.514317], [0.00394, 51.514336], [0.004145, 51.514379], [0.004229, 51.514397], [0.004128, 51.51424]]]}, "properties": {"FID": 89, "FEATCODE": 25608}}, {"type": "Feature", "id": 90, "geometry": {"type": "Polygon", "coordinates": [[[-0.001925, 51.517977], [-0.001865, 51.518021], [-0.001694, 51.517925], [-0.001491, 51.517826], [-0.000965, 51.517581], [-0.000668, 51.517443], [-0.000547, 51.517389], [-0.000303, 51.517285], [0.000163, 51.517095], [0.000517, 51.516951], [0.000774, 51.516845], [0.001059, 51.516729], [0.001564, 51.516521], [0.001873, 51.516395], [0.002237, 51.516243], [0.00235, 51.516194], [0.002688, 51.516044], [0.002918, 51.515934], [0.003134, 51.515823], [0.003685, 51.515509], [0.003945, 51.515292], [0.004137, 51.5151], [0.004248, 51.51498], [0.004233, 51.514976], [0.004125, 51.514953], [0.004029, 51.514932], [0.003797, 51.514881], [0.003779, 51.514877], [0.003553, 51.514827], [0.003486, 51.514811], [0.003363, 51.514977], [0.003294, 51.515054], [0.003177, 51.51516], [0.003088, 51.515228], [0.002786, 51.515426], [0.00264, 51.515512], [0.002426, 51.515617], [0.002333, 51.515658], [0.001886, 51.515842], [0.001648, 51.515928], [0.001323, 51.516038], [0.000289, 51.516383], [0.00019, 51.516424], [-0.000228, 51.516635], [-0.000261, 51.516653], [-0.000638, 51.516828], [-0.000737, 51.516863], [-0.00104, 51.517002], [-0.001359, 51.517167], [-0.001648, 51.517317], [-0.001848, 51.517419], [-0.002011, 51.517504], [-0.002206, 51.51762], [-0.002302, 51.517701], [-0.002284, 51.517714], [-0.002162, 51.517804], [-0.001925, 51.517977]]]}, "properties": {"FID": 90, "FEATCODE": 25608}}, {"type": "Feature", "id": 91, "geometry": {"type": "Polygon", "coordinates": [[[-0.006976, 51.518724], [-0.007138, 51.518652], [-0.007308, 51.518777], [-0.00744, 51.518866], [-0.007597, 51.518963], [-0.007979, 51.519165], [-0.008487, 51.519424], [-0.008758, 51.519555], [-0.008965, 51.51966], [-0.009013, 51.519693], [-0.009172, 51.519897], [-0.009213, 51.520144], [-0.009229, 51.520462], [-0.009204, 51.520661], [-0.009142, 51.520939], [-0.009078, 51.521114], [-0.009068, 51.521182], [-0.009087, 51.521294], [-0.009171, 51.521438], [-0.009178, 51.521447], [-0.009304, 51.521616], [-0.009319, 51.521644], [-0.009313, 51.521789], [-0.009068, 51.521822], [-0.008689, 51.521856], [-0.008657, 51.521875], [-0.008558, 51.522147], [-0.008555, 51.522156], [-0.008552, 51.522156], [-0.008548, 51.522157], [-0.008545, 51.522157], [-0.008542, 51.522158], [-0.008538, 51.522158], [-0.008535, 51.522159], [-0.008532, 51.52216], [-0.008528, 51.522161], [-0.008525, 51.522162], [-0.008522, 51.522163], [-0.008519, 51.522164], [-0.008516, 51.522165], [-0.008513, 51.522166], [-0.00851, 51.522167], [-0.008507, 51.522168], [-0.008504, 51.522169], [-0.008501, 51.522171], [-0.008499, 51.522172], [-0.008496, 51.522173], [-0.008493, 51.522175], [-0.008491, 51.522176], [-0.008488, 51.522178], [-0.008486, 51.522179], [-0.008483, 51.522181], [-0.008481, 51.522183], [-0.008479, 51.522184], [-0.008477, 51.522186], [-0.008475, 51.522188], [-0.008473, 51.52219], [-0.008471, 51.522191], [-0.008469, 51.522193], [-0.008467, 51.522195], [-0.008466, 51.522197], [-0.008464, 51.522199], [-0.008463, 51.522201], [-0.008461, 51.522203], [-0.00846, 51.522205], [-0.008459, 51.522207], [-0.008458, 51.522209], [-0.008456, 51.522211], [-0.008455, 51.522213], [-0.008455, 51.522216], [-0.008454, 51.522218], [-0.008453, 51.52222], [-0.008453, 51.522222], [-0.008452, 51.522224], [-0.008452, 51.522226], [-0.008452, 51.522228], [-0.008451, 51.522231], [-0.008451, 51.522233], [-0.008451, 51.522235], [-0.008451, 51.522237], [-0.008452, 51.522239], [-0.008452, 51.522242], [-0.008452, 51.522244], [-0.008453, 51.522246], [-0.008454, 51.522248], [-0.008454, 51.52225], [-0.008455, 51.522252], [-0.008456, 51.522254], [-0.008457, 51.522257], [-0.008458, 51.522259], [-0.008459, 51.522261], [-0.00846, 51.522263], [-0.008462, 51.522265], [-0.008463, 51.522267], [-0.008464, 51.522269], [-0.008466, 51.522271], [-0.008468, 51.522273], [-0.00847, 51.522274], [-0.008471, 51.522276], [-0.008473, 51.522278], [-0.008475, 51.52228], [-0.008477, 51.522282], [-0.00848, 51.522283], [-0.008482, 51.522285], [-0.008484, 51.522287], [-0.008487, 51.522288], [-0.008489, 51.52229], [-0.008491, 51.522291], [-0.008494, 51.522293], [-0.008497, 51.522294], [-0.008499, 51.522296], [-0.008502, 51.522297], [-0.008505, 51.522298], [-0.008506, 51.522299], [-0.008502, 51.52231], [-0.008366, 51.522624], [-0.008289, 51.522795], [-0.008275, 51.522882], [-0.008188, 51.522878], [-0.008097, 51.522875], [-0.008003, 51.522874], [-0.007911, 51.522873], [-0.007813, 51.522989], [-0.007717, 51.523138], [-0.007698, 51.52322], [-0.007703, 51.5233], [-0.007703, 51.523311], [-0.007706, 51.52359], [-0.007712, 51.52383], [-0.007703, 51.52383], [-0.0074, 51.523826], [-0.007297, 51.523825], [-0.007238, 51.523824], [-0.007239, 51.523817], [-0.007208, 51.523817], [-0.007207, 51.523824], [-0.007134, 51.523822], [-0.007154, 51.52349], [-0.007174, 51.523207], [-0.007186, 51.523112], [-0.007227, 51.522912], [-0.007259, 51.52282], [-0.007376, 51.522589], [-0.007471, 51.522425], [-0.007741, 51.521994], [-0.008009, 51.521655], [-0.008144, 51.521499], [-0.008548, 51.521057], [-0.008609, 51.520947], [-0.008669, 51.520757], [-0.008647, 51.520373], [-0.008602, 51.520156], [-0.008537, 51.52006], [-0.008414, 51.519945], [-0.008304, 51.519868], [-0.008184, 51.519797], [-0.007958, 51.519686], [-0.007648, 51.519542], [-0.007293, 51.519374], [-0.006975, 51.519213], [-0.006812, 51.519116], [-0.006621, 51.518963], [-0.006571, 51.518903], [-0.006737, 51.51883], [-0.006718, 51.518811], [-0.006551, 51.518885], [-0.00649, 51.518846], [-0.006199, 51.518601], [-0.006163, 51.518563], [-0.005654, 51.517954], [-0.00556, 51.517793], [-0.005522, 51.517647], [-0.005472, 51.51746], [-0.005407, 51.517247], [-0.005337, 51.517111], [-0.005272, 51.517019], [-0.005198, 51.516963], [-0.005093, 51.516934], [-0.004963, 51.516952], [-0.004839, 51.517022], [-0.004747, 51.517105], [-0.004659, 51.517206], [-0.004611, 51.517279], [-0.004537, 51.517406], [-0.004397, 51.517602], [-0.004336, 51.517668], [-0.004111, 51.517848], [-0.003962, 51.517922], [-0.003689, 51.518018], [-0.003556, 51.518075], [-0.003476, 51.518109], [-0.003315, 51.518152], [-0.003001, 51.518192], [-0.002866, 51.518199], [-0.002534, 51.518228], [-0.002409, 51.518283], [-0.002453, 51.518323], [-0.00255, 51.518418], [-0.002534, 51.518429], [-0.002295, 51.518303], [-0.002106, 51.518181], [-0.002041, 51.518065], [-0.001968, 51.518005], [-0.002205, 51.517829], [-0.002342, 51.517728], [-0.002352, 51.517721], [-0.002457, 51.517749], [-0.002623, 51.517781], [-0.002854, 51.517796], [-0.003021, 51.517783], [-0.003232, 51.517733], [-0.003338, 51.517689], [-0.003469, 51.517607], [-0.003611, 51.517465], [-0.00385, 51.517139], [-0.004055, 51.516846], [-0.004362, 51.516466], [-0.004464, 51.51641], [-0.004619, 51.516358], [-0.004683, 51.516339], [-0.004913, 51.516284], [-0.005162, 51.516247], [-0.005502, 51.51626], [-0.005808, 51.516342], [-0.006001, 51.516435], [-0.006194, 51.51661], [-0.006298, 51.516825], [-0.006321, 51.516971], [-0.006326, 51.517107], [-0.006323, 51.517266], [-0.006309, 51.517541], [-0.00632, 51.517676], [-0.006378, 51.517816], [-0.006426, 51.517884], [-0.006562, 51.51806], [-0.006702, 51.518235], [-0.006805, 51.518348], [-0.006996, 51.518526], [-0.007117, 51.518635], [-0.006954, 51.518707], [-0.006976, 51.518724]]]}, "properties": {"FID": 91, "FEATCODE": 25608}}, {"type": "Feature", "id": 92, "geometry": {"type": "Polygon", "coordinates": [[[-0.002641, 51.518446], [-0.002656, 51.518455], [-0.002656, 51.518455], [-0.002669, 51.518464], [-0.002669, 51.518464], [-0.003103, 51.518605], [-0.00312, 51.518611], [-0.003132, 51.518616], [-0.003137, 51.518618], [-0.003143, 51.518621], [-0.003849, 51.519087], [-0.003883, 51.519109], [-0.004179, 51.519304], [-0.004177, 51.519335], [-0.004163, 51.519355], [-0.004124, 51.51938], [-0.004097, 51.519382], [-0.004047, 51.519376], [-0.004012, 51.51938], [-0.00397, 51.519402], [-0.003944, 51.519423], [-0.003923, 51.519452], [-0.00391, 51.519488], [-0.003899, 51.519511], [-0.003836, 51.51947], [-0.003462, 51.519227], [-0.003165, 51.519032], [-0.002928, 51.518878], [-0.002813, 51.518799], [-0.002803, 51.518788], [-0.002795, 51.518777], [-0.002601, 51.518505], [-0.002601, 51.518504], [-0.002601, 51.518504], [-0.00259, 51.518497], [-0.00259, 51.518497], [-0.002589, 51.518497], [-0.002573, 51.518486], [-0.002641, 51.518446]]]}, "properties": {"FID": 92, "FEATCODE": 25608}}, {"type": "Feature", "id": 93, "geometry": {"type": "Polygon", "coordinates": [[[-0.006769, 51.525531], [-0.006759, 51.525534], [-0.006616, 51.525567], [-0.006575, 51.525496], [-0.006618, 51.525424], [-0.00681, 51.525089], [-0.007055, 51.524606], [-0.007117, 51.524447], [-0.007139, 51.5242], [-0.007142, 51.52413], [-0.007145, 51.523972], [-0.007204, 51.523973], [-0.007203, 51.52398], [-0.007236, 51.523981], [-0.007235, 51.523973], [-0.007297, 51.523974], [-0.007632, 51.523976], [-0.007715, 51.523977], [-0.007721, 51.524145], [-0.007725, 51.524294], [-0.007727, 51.524485], [-0.007712, 51.524575], [-0.007657, 51.524706], [-0.007602, 51.524803], [-0.007499, 51.524981], [-0.007398, 51.525156], [-0.007244, 51.525419], [-0.007155, 51.525556], [-0.007013, 51.525588], [-0.006759, 51.525647], [-0.006689, 51.525664], [-0.006769, 51.525531]]]}, "properties": {"FID": 93, "FEATCODE": 25608}}, {"type": "Feature", "id": 94, "geometry": {"type": "Polygon", "coordinates": [[[-0.006971, 51.525886], [-0.006968, 51.525982], [-0.007021, 51.526103], [-0.007337, 51.526453], [-0.007406, 51.526582], [-0.007413, 51.526586], [-0.007681, 51.526803], [-0.007778, 51.526909], [-0.007954, 51.527201], [-0.007913, 51.52723], [-0.007692, 51.527244], [-0.00755, 51.527195], [-0.007463, 51.527068], [-0.007083, 51.527084], [-0.007029, 51.527063], [-0.006912, 51.526922], [-0.006804, 51.526708], [-0.006638, 51.526422], [-0.00655, 51.526359], [-0.006289, 51.526288], [-0.006141, 51.52627], [-0.005982, 51.526266], [-0.005742, 51.526287], [-0.005319, 51.526364], [-0.00507, 51.526419], [-0.00477, 51.526504], [-0.004594, 51.526579], [-0.004401, 51.52669], [-0.004269, 51.52681], [-0.004182, 51.526951], [-0.004137, 51.527102], [-0.004152, 51.52712], [-0.00419, 51.527226], [-0.004266, 51.527503], [-0.004337, 51.527879], [-0.004222, 51.527889], [-0.004154, 51.527992], [-0.004191, 51.52819], [-0.004062, 51.528198], [-0.004044, 51.528245], [-0.003918, 51.528256], [-0.003876, 51.528157], [-0.003834, 51.52816], [-0.003843, 51.527997], [-0.003836, 51.527834], [-0.00385, 51.527566], [-0.003833, 51.52738], [-0.003826, 51.527228], [-0.003842, 51.527123], [-0.003853, 51.527103], [-0.00383, 51.526956], [-0.003742, 51.5269], [-0.003679, 51.526907], [-0.003473, 51.526937], [-0.003323, 51.526959], [-0.003111, 51.526982], [-0.002813, 51.527041], [-0.002599, 51.527092], [-0.002345, 51.527172], [-0.002178, 51.527276], [-0.002083, 51.527367], [-0.001972, 51.527494], [-0.001867, 51.52761], [-0.001654, 51.527791], [-0.001511, 51.527883], [-0.001347, 51.527947], [-0.001169, 51.527983], [-0.001013, 51.52802], [-0.000898, 51.528077], [-0.000801, 51.52817], [-0.000642, 51.528449], [-0.00048, 51.528736], [-0.000365, 51.528923], [-0.000318, 51.52899], [-0.000187, 51.529201], [-0.000169, 51.52931], [-0.000131, 51.529366], [4.1e-05, 51.529555], [0.000282, 51.529892], [0.000398, 51.530121], [0.000415, 51.530156], [0.000474, 51.530271], [0.000722, 51.530648], [0.000783, 51.530668], [0.000808, 51.530663], [0.000929, 51.530638], [0.001274, 51.530565], [0.001299, 51.53056], [0.001338, 51.530551], [0.001413, 51.530455], [0.001633, 51.530405], [0.001685, 51.530415], [0.001722, 51.530399], [0.001794, 51.530314], [0.001701, 51.530252], [0.00138, 51.529778], [0.001335, 51.529722], [0.000873, 51.529281], [0.000858, 51.529263], [0.000646, 51.52884], [0.000636, 51.528801], [0.00062, 51.528552], [0.0006, 51.528346], [0.000587, 51.528321], [0.000326, 51.528146], [3.2e-05, 51.52802], [-0.0004, 51.527846], [-0.000721, 51.527721], [-0.001008, 51.527626], [-0.001319, 51.527527], [-0.001481, 51.527456], [-0.001638, 51.527339], [-0.0018, 51.527203], [-0.001984, 51.527093], [-0.002164, 51.527016], [-0.002326, 51.526963], [-0.002816, 51.52684], [-0.003432, 51.526689], [-0.003876, 51.526581], [-0.004181, 51.5265], [-0.004259, 51.526474], [-0.004573, 51.526352], [-0.00472, 51.526305], [-0.005108, 51.526208], [-0.005658, 51.526079], [-0.005891, 51.526027], [-0.006258, 51.525944], [-0.006353, 51.525921], [-0.006376, 51.525914], [-0.006457, 51.525878], [-0.006551, 51.525822], [-0.006621, 51.525772], [-0.006639, 51.525768], [-0.006651, 51.525765], [-0.007018, 51.52568], [-0.007049, 51.525673], [-0.007052, 51.525672], [-0.006971, 51.525886]], [[-0.000279, 51.528139], [0.0, 51.528264], [0.000321, 51.528372], [0.000326, 51.528393], [0.000343, 51.528772], [0.000425, 51.529083], [0.000441, 51.529187], [0.000456, 51.529253], [0.000515, 51.529379], [0.000614, 51.529486], [0.000819, 51.529635], [0.000946, 51.529732], [0.001025, 51.529828], [0.001031, 51.52988], [0.000954, 51.529974], [0.000882, 51.529996], [0.000758, 51.529923], [0.000507, 51.52965], [0.000409, 51.529533], [0.000291, 51.529354], [0.000199, 51.529218], [0.000162, 51.529189], [-8e-05, 51.528852], [-0.000242, 51.528568], [-0.000304, 51.528375], [-0.00035, 51.528294], [-0.000394, 51.528134], [-0.000279, 51.528139]]]}, "properties": {"FID": 94, "FEATCODE": 25608}}, {"type": "Feature", "id": 95, "geometry": {"type": "Polygon", "coordinates": [[[0.028385, 51.49373], [0.028262, 51.493783], [0.027648, 51.493771], [0.027638, 51.494079], [0.027638, 51.494101], [0.027674, 51.49413], [0.02821, 51.494139], [0.028209, 51.494217], [0.027742, 51.494212], [0.027512, 51.494209], [0.027512, 51.494196], [0.027513, 51.494151], [0.027519, 51.493752], [0.026913, 51.493779], [0.026746, 51.49379], [0.026486, 51.49381], [0.026502, 51.493956], [0.026462, 51.493958], [0.026444, 51.493812], [0.0262, 51.493836], [0.026064, 51.493853], [0.025937, 51.493859], [0.025776, 51.493859], [0.025455, 51.493854], [0.0252, 51.493815], [0.024726, 51.493795], [0.024284, 51.493821], [0.023871, 51.493875], [0.02352, 51.493972], [0.023567, 51.494088], [0.023624, 51.494233], [0.023646, 51.49423], [0.023659, 51.494267], [0.023606, 51.494275], [0.023593, 51.494237], [0.023606, 51.494236], [0.023548, 51.494091], [0.023503, 51.493977], [0.022665, 51.494209], [0.022697, 51.494337], [0.022699, 51.494346], [0.022716, 51.494413], [0.022718, 51.494421], [0.02274, 51.49451], [0.022712, 51.494518], [0.022689, 51.494425], [0.022521, 51.494449], [0.02226, 51.494486], [0.022259, 51.49448], [0.022255, 51.494475], [0.02221, 51.49448], [0.022158, 51.494352], [0.022049, 51.49407], [0.021937, 51.493932], [0.021614, 51.493978], [0.021675, 51.49433], [0.021656, 51.494409], [0.021469, 51.494471], [0.021238, 51.494505], [0.020826, 51.494567], [0.020313, 51.494654], [0.020302, 51.494656], [0.020003, 51.494718], [0.019605, 51.494798], [0.019349, 51.494813], [0.01923, 51.494729], [0.019124, 51.494754], [0.019097, 51.494764], [0.019088, 51.494767], [0.019067, 51.494768], [0.017951, 51.495039], [0.017769, 51.495129], [0.017542, 51.49523], [0.017263, 51.495344], [0.017055, 51.495432], [0.016833, 51.495519], [0.016713, 51.49556], [0.016557, 51.49561], [0.01638, 51.495669], [0.016257, 51.495716], [0.016112, 51.49578], [0.015621, 51.495982], [0.01539, 51.496088], [0.015434, 51.497079], [0.015633, 51.501604], [0.015984, 51.501598], [0.016284, 51.501593], [0.016661, 51.501313], [0.016758, 51.50124], [0.016927, 51.501121], [0.017108, 51.501004], [0.01712, 51.500996], [0.017325, 51.500868], [0.017495, 51.50076], [0.017868, 51.500531], [0.01815, 51.500368], [0.018559, 51.500149], [0.018763, 51.500039], [0.018965, 51.499933], [0.019158, 51.499843], [0.019586, 51.499667], [0.01974, 51.499609], [0.019951, 51.499525], [0.020229, 51.499421], [0.020507, 51.499332], [0.020806, 51.499246], [0.02114, 51.499162], [0.021362, 51.499107], [0.021547, 51.499061], [0.022295, 51.498947], [0.022407, 51.499035], [0.022471, 51.499077], [0.022726, 51.499073], [0.022899, 51.499045], [0.023333, 51.498976], [0.023607, 51.498898], [0.023648, 51.498847], [0.023681, 51.498762], [0.023734, 51.498734], [0.024623, 51.498615], [0.024625, 51.498621], [0.024646, 51.498622], [0.024729, 51.498632], [0.02502, 51.498636], [0.025531, 51.498621], [0.025714, 51.498617], [0.026056, 51.498616], [0.02643, 51.498616], [0.026775, 51.498626], [0.02694, 51.498634], [0.027259, 51.498651], [0.027553, 51.498665], [0.027823, 51.498678], [0.028104, 51.498697], [0.028382, 51.498719], [0.028756, 51.498756], [0.029168, 51.4988], [0.029435, 51.498834], [0.029797, 51.498882], [0.030108, 51.498924], [0.030422, 51.498969], [0.030756, 51.499017], [0.03098, 51.499052], [0.031171, 51.499083], [0.031444, 51.499127], [0.031635, 51.499152], [0.031894, 51.499184], [0.032063, 51.499201], [0.032415, 51.499228], [0.032621, 51.499246], [0.032991, 51.499297], [0.033078, 51.499313], [0.033486, 51.499371], [0.033637, 51.499388], [0.034013, 51.499428], [0.034295, 51.499485], [0.034377, 51.499529], [0.034699, 51.499607], [0.034939, 51.499611], [0.035061, 51.499561], [0.035298, 51.499551], [0.035741, 51.499592], [0.036161, 51.499632], [0.036381, 51.499653], [0.036672, 51.499666], [0.036719, 51.499638], [0.036772, 51.499564], [0.036799, 51.499384], [0.036819, 51.499386], [0.036816, 51.499406], [0.036781, 51.499641], [0.036831, 51.499644], [0.036825, 51.499686], [0.037163, 51.499734], [0.037425, 51.499767], [0.037509, 51.499775], [0.038359, 51.499822], [0.038501, 51.499828], [0.038872, 51.499839], [0.039242, 51.499848], [0.039546, 51.499854], [0.040205, 51.499863], [0.040613, 51.49987], [0.040997, 51.499875], [0.041349, 51.499879], [0.04188, 51.499886], [0.042139, 51.49989], [0.042536, 51.499899], [0.042872, 51.499905], [0.043199, 51.499908], [0.043446, 51.499907], [0.043654, 51.499903], [0.043943, 51.499894], [0.044373, 51.499876], [0.044465, 51.499872], [0.044786, 51.499854], [0.045133, 51.499835], [0.045516, 51.499815], [0.046284, 51.499773], [0.046665, 51.499749], [0.047014, 51.499725], [0.047368, 51.499699], [0.047787, 51.49967], [0.048195, 51.499638], [0.04888, 51.499586], [0.049279, 51.499555], [0.049211, 51.499284], [0.049208, 51.499271], [0.049306, 51.499304], [0.049347, 51.49947], [0.049366, 51.499546], [0.049798, 51.499499], [0.05018, 51.499456], [0.05044, 51.499427], [0.05116, 51.499347], [0.052453, 51.499189], [0.052749, 51.499153], [0.053257, 51.499085], [0.053697, 51.499025], [0.056212, 51.49865], [0.056315, 51.498633], [0.056549, 51.498597], [0.056959, 51.498539], [0.057209, 51.498503], [0.057589, 51.498452], [0.058085, 51.498408], [0.058488, 51.498378], [0.05897, 51.498368], [0.059324, 51.498362], [0.059587, 51.498357], [0.059597, 51.498317], [0.059596, 51.498297], [0.059595, 51.498263], [0.059592, 51.498197], [0.059594, 51.498082], [0.059595, 51.498061], [0.059598, 51.498041], [0.059608, 51.498003], [0.059608, 51.498003], [0.059608, 51.498001], [0.059608, 51.497999], [0.059608, 51.497997], [0.059609, 51.497995], [0.059609, 51.497993], [0.05961, 51.497991], [0.059611, 51.497989], [0.059611, 51.497987], [0.059612, 51.497985], [0.059612, 51.497985], [0.059615, 51.497967], [0.059627, 51.497928], [0.059632, 51.497914], [0.059639, 51.4979], [0.059644, 51.497888], [0.059651, 51.497876], [0.059665, 51.497858], [0.059679, 51.49784], [0.059697, 51.497822], [0.059717, 51.497804], [0.059752, 51.497773], [0.05978, 51.497753], [0.05981, 51.497734], [0.059841, 51.497716], [0.059874, 51.497699], [0.059877, 51.497697], [0.059909, 51.497684], [0.059942, 51.497671], [0.059955, 51.497667], [0.059989, 51.497657], [0.060025, 51.497649], [0.060091, 51.497635], [0.060115, 51.497631], [0.06014, 51.497629], [0.060176, 51.497626], [0.060213, 51.497624], [0.060243, 51.497623], [0.060272, 51.497622], [0.060301, 51.497622], [0.06033, 51.497623], [0.060431, 51.49763], [0.060431, 51.49762], [0.06059, 51.49763], [0.06059, 51.497633], [0.060697, 51.497643], [0.060845, 51.497656], [0.061011, 51.497671], [0.061015, 51.497664], [0.061109, 51.497673], [0.061107, 51.49768], [0.0611, 51.49785], [0.060549, 51.497819], [0.060548, 51.497821], [0.060566, 51.497823], [0.060559, 51.497858], [0.060473, 51.497851], [0.06048, 51.497816], [0.06047, 51.497815], [0.060471, 51.497807], [0.060211, 51.497793], [0.0602, 51.497794], [0.060184, 51.497795], [0.06017, 51.497797], [0.059977, 51.49787], [0.059972, 51.497874], [0.059966, 51.497879], [0.059959, 51.497885], [0.059954, 51.497888], [0.059949, 51.497892], [0.059945, 51.497896], [0.059871, 51.498008], [0.059869, 51.498014], [0.059868, 51.49803], [0.05987, 51.498051], [0.05987, 51.498225], [0.05987, 51.498252], [0.059871, 51.498266], [0.059986, 51.498357], [0.060098, 51.498357], [0.060342, 51.498364], [0.060689, 51.498404], [0.060971, 51.498443], [0.061274, 51.498485], [0.061277, 51.498485], [0.062492, 51.498598], [0.062496, 51.498599], [0.062496, 51.498599], [0.062499, 51.498599], [0.063312, 51.498693], [0.063503, 51.498713], [0.063513, 51.498663], [0.063575, 51.498667], [0.063566, 51.498719], [0.063659, 51.498697], [0.064386, 51.498717], [0.064466, 51.49872], [0.065171, 51.498771], [0.065545, 51.498802], [0.065939, 51.498835], [0.06635, 51.498871], [0.067225, 51.498944], [0.068148, 51.49902], [0.068586, 51.499087], [0.068629, 51.499125], [0.068669, 51.499297], [0.068699, 51.499301], [0.068865, 51.49913], [0.069169, 51.499129], [0.069666, 51.499194], [0.07, 51.499275], [0.070073, 51.499313], [0.070156, 51.499343], [0.070391, 51.499382], [0.070601, 51.499418], [0.070946, 51.499519], [0.072128, 51.4999], [0.072566, 51.500054], [0.072636, 51.500083], [0.073204, 51.500236], [0.073427, 51.500296], [0.073679, 51.500399], [0.073752, 51.500455], [0.073868, 51.500589], [0.074738, 51.500574], [0.082591, 51.500434], [0.083695, 51.500415], [0.082867, 51.49955], [0.082609, 51.499293], [0.082601, 51.499285], [0.082482, 51.499275], [0.082348, 51.499229], [0.082303, 51.499186], [0.082275, 51.499112], [0.082272, 51.499039], [0.082279, 51.498926], [0.082267, 51.498916], [0.082179, 51.498855], [0.082096, 51.498802], [0.081945, 51.49871], [0.081476, 51.498479], [0.081195, 51.498347], [0.081174, 51.498337], [0.080218, 51.497889], [0.080196, 51.497907], [0.079958, 51.498108], [0.079671, 51.498348], [0.07967, 51.498349], [0.079667, 51.498351], [0.07944, 51.498542], [0.079141, 51.498404], [0.079118, 51.498393], [0.07838, 51.498055], [0.078445, 51.498], [0.078486, 51.497965], [0.078875, 51.498144], [0.079178, 51.498282], [0.079214, 51.498287], [0.07925, 51.498291], [0.079293, 51.498295], [0.079337, 51.498297], [0.079351, 51.498298], [0.079392, 51.498297], [0.079431, 51.498295], [0.079434, 51.498294], [0.079461, 51.49829], [0.079487, 51.498284], [0.079513, 51.498278], [0.07952, 51.498276], [0.079532, 51.498272], [0.07954, 51.49827], [0.079549, 51.498267], [0.079578, 51.498256], [0.079605, 51.498245], [0.079638, 51.498229], [0.079672, 51.498211], [0.079705, 51.498192], [0.080099, 51.497865], [0.080123, 51.497845], [0.07851, 51.497083], [0.078072, 51.496877], [0.077833, 51.496762], [0.077547, 51.496627], [0.077422, 51.496575], [0.076663, 51.496272], [0.076599, 51.496219], [0.076577, 51.496137], [0.076583, 51.49593], [0.0764, 51.495861], [0.076241, 51.495859], [0.076158, 51.495881], [0.076049, 51.495951], [0.075888, 51.496049], [0.075757, 51.496051], [0.075562, 51.496012], [0.075039, 51.495903], [0.07421, 51.49575], [0.072993, 51.495546], [0.072819, 51.495517], [0.071984, 51.495379], [0.071285, 51.495273], [0.070725, 51.495191], [0.070598, 51.495165], [0.070606, 51.495181], [0.070608, 51.495186], [0.07061, 51.495189], [0.070659, 51.495287], [0.070662, 51.495286], [0.07069, 51.495341], [0.070687, 51.495342], [0.070786, 51.495538], [0.070771, 51.495536], [0.070833, 51.495659], [0.070942, 51.495873], [0.070897, 51.495882], [0.070781, 51.495652], [0.070718, 51.495527], [0.070718, 51.495526], [0.070704, 51.495524], [0.070619, 51.495355], [0.070616, 51.495356], [0.070588, 51.495301], [0.070591, 51.4953], [0.070517, 51.495155], [0.070305, 51.495133], [0.070202, 51.495124], [0.069028, 51.495009], [0.068833, 51.494994], [0.068618, 51.494974], [0.068194, 51.494941], [0.067851, 51.494915], [0.067564, 51.494894], [0.06724, 51.494872], [0.066773, 51.49484], [0.066041, 51.494794], [0.065606, 51.494763], [0.065077, 51.494729], [0.064954, 51.494723], [0.064954, 51.494732], [0.064954, 51.494736], [0.064951, 51.494807], [0.064969, 51.494797], [0.065193, 51.494811], [0.065232, 51.494814], [0.065268, 51.494817], [0.065305, 51.494819], [0.065338, 51.494822], [0.065377, 51.494824], [0.065412, 51.494827], [0.065449, 51.494829], [0.065485, 51.494831], [0.065521, 51.494833], [0.065543, 51.494835], [0.06556, 51.494836], [0.065594, 51.494839], [0.065627, 51.494841], [0.065662, 51.494844], [0.0657, 51.494846], [0.065733, 51.494849], [0.065759, 51.49485], [0.065766, 51.494851], [0.065803, 51.494854], [0.065836, 51.494856], [0.065875, 51.494858], [0.065911, 51.494861], [0.065949, 51.494863], [0.065985, 51.494866], [0.066026, 51.494869], [0.066026, 51.494865], [0.066035, 51.494874], [0.065968, 51.494918], [0.065659, 51.494931], [0.065436, 51.494916], [0.064969, 51.494868], [0.064923, 51.494859], [0.064896, 51.494836], [0.064933, 51.494817], [0.064934, 51.494736], [0.064935, 51.494726], [0.064935, 51.494722], [0.064798, 51.494724], [0.064586, 51.494721], [0.064134, 51.494665], [0.0641, 51.494626], [0.064062, 51.494526], [0.064019, 51.494539], [0.063869, 51.494637], [0.063852, 51.494641], [0.06325, 51.494569], [0.062987, 51.49454], [0.062961, 51.494537], [0.062748, 51.494514], [0.062465, 51.494512], [0.062325, 51.494574], [0.062028, 51.494593], [0.062027, 51.4946], [0.062015, 51.494601], [0.062014, 51.494614], [0.061973, 51.494612], [0.061975, 51.494599], [0.061965, 51.494598], [0.061964, 51.49459], [0.061276, 51.494557], [0.061246, 51.494704], [0.061234, 51.494758], [0.061233, 51.494768], [0.061232, 51.494793], [0.061235, 51.494819], [0.061235, 51.494819], [0.061277, 51.494923], [0.06129, 51.494936], [0.061486, 51.495038], [0.061683, 51.495063], [0.061739, 51.495065], [0.06175, 51.495065], [0.061753, 51.495053], [0.061813, 51.495056], [0.06181, 51.49508], [0.061813, 51.495081], [0.061816, 51.495082], [0.061819, 51.495083], [0.061823, 51.495084], [0.061826, 51.495085], [0.061829, 51.495086], [0.061832, 51.495087], [0.061835, 51.495088], [0.061838, 51.495089], [0.061841, 51.49509], [0.061843, 51.495092], [0.061846, 51.495093], [0.061849, 51.495094], [0.061852, 51.495096], [0.061854, 51.495097], [0.061857, 51.495099], [0.061859, 51.4951], [0.061862, 51.495102], [0.061864, 51.495104], [0.061866, 51.495105], [0.061868, 51.495107], [0.06187, 51.495109], [0.061872, 51.49511], [0.061874, 51.495112], [0.061876, 51.495114], [0.061878, 51.495116], [0.06188, 51.495118], [0.061881, 51.49512], [0.061883, 51.495122], [0.061884, 51.495124], [0.061885, 51.495126], [0.061887, 51.495128], [0.061888, 51.49513], [0.061889, 51.495132], [0.06189, 51.495134], [0.061891, 51.495136], [0.061892, 51.495138], [0.061892, 51.495141], [0.061893, 51.495143], [0.061893, 51.495145], [0.061894, 51.495147], [0.061894, 51.495149], [0.061894, 51.495151], [0.061894, 51.495154], [0.061894, 51.495156], [0.061894, 51.495158], [0.061894, 51.49516], [0.061894, 51.495162], [0.061893, 51.495165], [0.061893, 51.495167], [0.061892, 51.495169], [0.061892, 51.495171], [0.061891, 51.495173], [0.06189, 51.495175], [0.061889, 51.495177], [0.061888, 51.495179], [0.061887, 51.495181], [0.061886, 51.495184], [0.061884, 51.495186], [0.061883, 51.495188], [0.061881, 51.49519], [0.06188, 51.495191], [0.061878, 51.495193], [0.061877, 51.495195], [0.061875, 51.495197], [0.061873, 51.495199], [0.061871, 51.495201], [0.061869, 51.495203], [0.061867, 51.495204], [0.061864, 51.495206], [0.061862, 51.495208], [0.06186, 51.495209], [0.061857, 51.495211], [0.061855, 51.495212], [0.061852, 51.495214], [0.06185, 51.495215], [0.061847, 51.495217], [0.061844, 51.495218], [0.061841, 51.495219], [0.061838, 51.495221], [0.061836, 51.495222], [0.061833, 51.495223], [0.06183, 51.495224], [0.061827, 51.495225], [0.061823, 51.495226], [0.06182, 51.495227], [0.061817, 51.495228], [0.061814, 51.495229], [0.06181, 51.495229], [0.061807, 51.49523], [0.061804, 51.495231], [0.061801, 51.495231], [0.061797, 51.495232], [0.061794, 51.495233], [0.06179, 51.495233], [0.06179, 51.495233], [0.061789, 51.495241], [0.061765, 51.49524], [0.061632, 51.495233], [0.061543, 51.495229], [0.061504, 51.495223], [0.061467, 51.495216], [0.061416, 51.495205], [0.061366, 51.495193], [0.061325, 51.495181], [0.061285, 51.495168], [0.061271, 51.495163], [0.061232, 51.495148], [0.061196, 51.495131], [0.061178, 51.495122], [0.061145, 51.495104], [0.061116, 51.495085], [0.061096, 51.495069], [0.061075, 51.495051], [0.061056, 51.495031], [0.061039, 51.495012], [0.061029, 51.494998], [0.061011, 51.494973], [0.060997, 51.494947], [0.060985, 51.494921], [0.060981, 51.494914], [0.060971, 51.494885], [0.060964, 51.494855], [0.060959, 51.494825], [0.060958, 51.494807], [0.060958, 51.494777], [0.060961, 51.494747], [0.060966, 51.494718], [0.060968, 51.494708], [0.061006, 51.49453], [0.060989, 51.494529], [0.060364, 51.4945], [0.060056, 51.494487], [0.059767, 51.494476], [0.059496, 51.494465], [0.059286, 51.494453], [0.0591, 51.494436], [0.058864, 51.494427], [0.058794, 51.494433], [0.058536, 51.494441], [0.058024, 51.494426], [0.057991, 51.494422], [0.05774, 51.494422], [0.057541, 51.494438], [0.056622, 51.494447], [0.056531, 51.494433], [0.056226, 51.494442], [0.056139, 51.494464], [0.055949, 51.494468], [0.055851, 51.494449], [0.055625, 51.494461], [0.055528, 51.49449], [0.053958, 51.494588], [0.05393, 51.494588], [0.053652, 51.494607], [0.053622, 51.494611], [0.053214, 51.494649], [0.053071, 51.494659], [0.052651, 51.494689], [0.051593, 51.494771], [0.051349, 51.494791], [0.050875, 51.494829], [0.050307, 51.494879], [0.050164, 51.494895], [0.049804, 51.494926], [0.049241, 51.494969], [0.048555, 51.495006], [0.048017, 51.495033], [0.047704, 51.495049], [0.047358, 51.495067], [0.047041, 51.495082], [0.046513, 51.495108], [0.045875, 51.495138], [0.045646, 51.495145], [0.045198, 51.495165], [0.044821, 51.495149], [0.044759, 51.495113], [0.044756, 51.495114], [0.044753, 51.495115], [0.04475, 51.495116], [0.044747, 51.495117], [0.044744, 51.495118], [0.044741, 51.495119], [0.044737, 51.49512], [0.044734, 51.495121], [0.044731, 51.495121], [0.044727, 51.495122], [0.044724, 51.495122], [0.044721, 51.495123], [0.04472, 51.495123], [0.044713, 51.495177], [0.044687, 51.495182], [0.044166, 51.495234], [0.043851, 51.495257], [0.04377, 51.495264], [0.043253, 51.495292], [0.04274, 51.495317], [0.042414, 51.495341], [0.042097, 51.495363], [0.041792, 51.495381], [0.041649, 51.495395], [0.041651, 51.495448], [0.041622, 51.495449], [0.041592, 51.49545], [0.041587, 51.495385], [0.041277, 51.495395], [0.040273, 51.495417], [0.039974, 51.495382], [0.039293, 51.495278], [0.038136, 51.495104], [0.037536, 51.495017], [0.037411, 51.495012], [0.037143, 51.495], [0.037111, 51.494923], [0.036775, 51.494876], [0.036584, 51.494809], [0.036501, 51.49479], [0.036189, 51.494762], [0.03601, 51.494779], [0.035745, 51.494819], [0.035536, 51.494818], [0.03539, 51.494799], [0.034789, 51.494689], [0.034707, 51.494672], [0.034292, 51.494584], [0.034142, 51.494555], [0.033978, 51.494525], [0.03357, 51.494439], [0.033252, 51.49438], [0.032851, 51.494316], [0.032517, 51.494269], [0.032179, 51.494228], [0.031998, 51.49421], [0.031764, 51.494191], [0.031762, 51.494185], [0.031684, 51.494177], [0.031392, 51.494149], [0.031379, 51.494171], [0.031376, 51.494177], [0.031201, 51.494146], [0.031013, 51.494112], [0.031026, 51.494084], [0.030715, 51.494034], [0.030603, 51.494019], [0.030226, 51.493958], [0.030023, 51.493908], [0.029982, 51.493895], [0.029698, 51.493828], [0.029508, 51.493823], [0.029363, 51.49387], [0.028785, 51.493786], [0.028719, 51.49376], [0.02848, 51.493719], [0.028385, 51.49373]], [[0.035881, 51.495165], [0.03555, 51.495131], [0.035552, 51.495123], [0.035895, 51.495116], [0.035881, 51.495165]], [[0.037109, 51.495232], [0.037109, 51.495231], [0.037201, 51.495267], [0.037377, 51.495289], [0.037438, 51.4953], [0.03747, 51.495302], [0.037469, 51.495305], [0.037436, 51.49531], [0.037416, 51.495313], [0.037436, 51.495315], [0.037439, 51.495315], [0.037454, 51.495316], [0.037457, 51.495316], [0.037462, 51.495318], [0.037465, 51.495319], [0.037466, 51.495321], [0.037468, 51.495322], [0.037468, 51.495322], [0.037469, 51.495323], [0.037471, 51.495325], [0.037473, 51.495327], [0.037474, 51.495329], [0.037475, 51.49533], [0.037477, 51.495332], [0.037478, 51.495334], [0.037479, 51.495335], [0.03748, 51.495337], [0.03748, 51.49534], [0.037477, 51.495343], [0.037476, 51.495345], [0.037475, 51.495346], [0.03747, 51.49535], [0.037468, 51.495351], [0.037465, 51.495352], [0.037463, 51.495353], [0.03746, 51.495354], [0.037457, 51.495354], [0.037448, 51.495356], [0.037378, 51.495353], [0.037376, 51.49536], [0.037191, 51.49535], [0.037094, 51.495365], [0.036901, 51.495352], [0.036906, 51.495282], [0.037054, 51.495289], [0.037064, 51.495223], [0.037109, 51.495232]], [[0.047977, 51.498568], [0.047985, 51.498568], [0.047984, 51.49856], [0.048016, 51.498558], [0.048099, 51.498555], [0.048154, 51.498552], [0.048159, 51.498592], [0.048105, 51.498594], [0.04802, 51.498598], [0.047988, 51.4986], [0.047987, 51.498589], [0.04798, 51.498589], [0.04798, 51.498613], [0.047, 51.498655], [0.046311, 51.498685], [0.04631, 51.498678], [0.046294, 51.498677], [0.046193, 51.498682], [0.046194, 51.49869], [0.046195, 51.498699], [0.04615, 51.498701], [0.046148, 51.498684], [0.046008, 51.49869], [0.046002, 51.498637], [0.046288, 51.498624], [0.046291, 51.498641], [0.046305, 51.49864], [0.046299, 51.498596], [0.046998, 51.498565], [0.047878, 51.498529], [0.047972, 51.498525], [0.047977, 51.498568]], [[0.036922, 51.498708], [0.036918, 51.498733], [0.036882, 51.498977], [0.036879, 51.498996], [0.036857, 51.498994], [0.036885, 51.498797], [0.036859, 51.498718], [0.036586, 51.498698], [0.036526, 51.498694], [0.036529, 51.498672], [0.036648, 51.498627], [0.036922, 51.498708]], [[0.046312, 51.498921], [0.046256, 51.498924], [0.04625, 51.498879], [0.046312, 51.498921]]]}, "properties": {"FID": 95, "FEATCODE": 25608}}, {"type": "Feature", "id": 96, "geometry": {"type": "Polygon", "coordinates": [[[0.015984, 51.501598], [0.015645, 51.501873], [0.015671, 51.502455], [0.015866, 51.502257], [0.015954, 51.502088], [0.015942, 51.50195], [0.016247, 51.501624], [0.016284, 51.501593], [0.015984, 51.501598]]]}, "properties": {"FID": 96, "FEATCODE": 25608}}, {"type": "Feature", "id": 97, "geometry": {"type": "Polygon", "coordinates": [[[0.016284, 51.501593], [0.016661, 51.501313], [0.016758, 51.50124], [0.016927, 51.501121], [0.017108, 51.501004], [0.01712, 51.500996], [0.017325, 51.500868], [0.017495, 51.50076], [0.017868, 51.500531], [0.01815, 51.500368], [0.018559, 51.500149], [0.018763, 51.500039], [0.018965, 51.499933], [0.019158, 51.499843], [0.019586, 51.499667], [0.01974, 51.499609], [0.019951, 51.499525], [0.020229, 51.499421], [0.020507, 51.499332], [0.020806, 51.499246], [0.02114, 51.499162], [0.021362, 51.499107], [0.021547, 51.499061], [0.022295, 51.498947], [0.022407, 51.499035], [0.022471, 51.499077], [0.022726, 51.499073], [0.022899, 51.499045], [0.023333, 51.498976], [0.023607, 51.498898], [0.023648, 51.498847], [0.023681, 51.498762], [0.023733, 51.498734], [0.024623, 51.498615], [0.024625, 51.498621], [0.024646, 51.498622], [0.024729, 51.498632], [0.02502, 51.498636], [0.025531, 51.498621], [0.025714, 51.498617], [0.026056, 51.498616], [0.02643, 51.498616], [0.026775, 51.498626], [0.02694, 51.498635], [0.027259, 51.498651], [0.027553, 51.498665], [0.027823, 51.498678], [0.028104, 51.498697], [0.028382, 51.498719], [0.028756, 51.498756], [0.029168, 51.4988], [0.029435, 51.498834], [0.029797, 51.498882], [0.030108, 51.498924], [0.030422, 51.498969], [0.030756, 51.499017], [0.03098, 51.499052], [0.031171, 51.499083], [0.031444, 51.499127], [0.031635, 51.499152], [0.031894, 51.499184], [0.032063, 51.499201], [0.032415, 51.499228], [0.032621, 51.499246], [0.032991, 51.499297], [0.033078, 51.499313], [0.033486, 51.499371], [0.033637, 51.499388], [0.034013, 51.499428], [0.034295, 51.499485], [0.034377, 51.499529], [0.034699, 51.499607], [0.034939, 51.499611], [0.035061, 51.499561], [0.035298, 51.499551], [0.035741, 51.499592], [0.036161, 51.499632], [0.036381, 51.499653], [0.036672, 51.499666], [0.036719, 51.499638], [0.036772, 51.499564], [0.036799, 51.499384], [0.036819, 51.499386], [0.036816, 51.499406], [0.036781, 51.499641], [0.036831, 51.499644], [0.036825, 51.499686], [0.037163, 51.499734], [0.037425, 51.499767], [0.037509, 51.499775], [0.038359, 51.499822], [0.038501, 51.499828], [0.038872, 51.499839], [0.039242, 51.499848], [0.039546, 51.499854], [0.040205, 51.499863], [0.040613, 51.49987], [0.040997, 51.499875], [0.041349, 51.499879], [0.04188, 51.499886], [0.042139, 51.49989], [0.042536, 51.499899], [0.042872, 51.499905], [0.043199, 51.499908], [0.043446, 51.499907], [0.043654, 51.499903], [0.043943, 51.499894], [0.044373, 51.499876], [0.044465, 51.499872], [0.044786, 51.499854], [0.045133, 51.499835], [0.045516, 51.499815], [0.046284, 51.499773], [0.046665, 51.499749], [0.047014, 51.499725], [0.047368, 51.499699], [0.047787, 51.49967], [0.048195, 51.499638], [0.04888, 51.499586], [0.049279, 51.499555], [0.049211, 51.499284], [0.049208, 51.499271], [0.049112, 51.499212], [0.048962, 51.499139], [0.048753, 51.499073], [0.048642, 51.499051], [0.048406, 51.499035], [0.048292, 51.499037], [0.048009, 51.49904], [0.047644, 51.499012], [0.047471, 51.498984], [0.047175, 51.498999], [0.047062, 51.499006], [0.046826, 51.498996], [0.046708, 51.498982], [0.046481, 51.49895], [0.046328, 51.498932], [0.046312, 51.498921], [0.046256, 51.498924], [0.046012, 51.498884], [0.04563, 51.498896], [0.045406, 51.498918], [0.04529, 51.498917], [0.045069, 51.498881], [0.044956, 51.498861], [0.044843, 51.498849], [0.044613, 51.498841], [0.044498, 51.49884], [0.044264, 51.498844], [0.043956, 51.498847], [0.04372, 51.498853], [0.043483, 51.49885], [0.043361, 51.498845], [0.043121, 51.498838], [0.043003, 51.498836], [0.042768, 51.498828], [0.042529, 51.498823], [0.042275, 51.498825], [0.042032, 51.498823], [0.041909, 51.498822], [0.041678, 51.498819], [0.041437, 51.498814], [0.041207, 51.498814], [0.040975, 51.498807], [0.040683, 51.4988], [0.040443, 51.498802], [0.040321, 51.498804], [0.040084, 51.498808], [0.039968, 51.498806], [0.039736, 51.498805], [0.039503, 51.498806], [0.039261, 51.49881], [0.039014, 51.498819], [0.038772, 51.498833], [0.038538, 51.498844], [0.038299, 51.498854], [0.038061, 51.498878], [0.037924, 51.498884], [0.03779, 51.498864], [0.037529, 51.49881], [0.037311, 51.498778], [0.03714, 51.49876], [0.036918, 51.498733], [0.036882, 51.498977], [0.036879, 51.498996], [0.036857, 51.498994], [0.036885, 51.498797], [0.036859, 51.498718], [0.036586, 51.498698], [0.036526, 51.498694], [0.036373, 51.498655], [0.036243, 51.498631], [0.036067, 51.498623], [0.035916, 51.498632], [0.035626, 51.498641], [0.03537, 51.498625], [0.035091, 51.498594], [0.03494, 51.498584], [0.034711, 51.498561], [0.034597, 51.498545], [0.034423, 51.498524], [0.034222, 51.498498], [0.033863, 51.498441], [0.033633, 51.498403], [0.033507, 51.498381], [0.033287, 51.498335], [0.033169, 51.498306], [0.032805, 51.498233], [0.032511, 51.498186], [0.032262, 51.498152], [0.032025, 51.498117], [0.031798, 51.498084], [0.031683, 51.498072], [0.031443, 51.498054], [0.031192, 51.498024], [0.031071, 51.49801], [0.030827, 51.497992], [0.030712, 51.497988], [0.030324, 51.497974], [0.029931, 51.497954], [0.029666, 51.497947], [0.029431, 51.497939], [0.029222, 51.497938], [0.029021, 51.497941], [0.028855, 51.497943], [0.028693, 51.497945], [0.028348, 51.497941], [0.028225, 51.497938], [0.027822, 51.497935], [0.027575, 51.497942], [0.027457, 51.497944], [0.027187, 51.497945], [0.026944, 51.49795], [0.026695, 51.497949], [0.02658, 51.497949], [0.026339, 51.497956], [0.02608, 51.497957], [0.025808, 51.497943], [0.025545, 51.497926], [0.025419, 51.49793], [0.025228, 51.497962], [0.025029, 51.497997], [0.024916, 51.498012], [0.024678, 51.498039], [0.024564, 51.498052], [0.024242, 51.49809], [0.024118, 51.498104], [0.023765, 51.49814], [0.023407, 51.498162], [0.023267, 51.498182], [0.023065, 51.498223], [0.022823, 51.498265], [0.022594, 51.498305], [0.022221, 51.49837], [0.021988, 51.498409], [0.021751, 51.498462], [0.021534, 51.498516], [0.021308, 51.49858], [0.020989, 51.498689], [0.020774, 51.498767], [0.02055, 51.498856], [0.02023, 51.498991], [0.020023, 51.499084], [0.019825, 51.499173], [0.01951, 51.499308], [0.019322, 51.499402], [0.019214, 51.499457], [0.018862, 51.499644], [0.018677, 51.499743], [0.018503, 51.499847], [0.018408, 51.499903], [0.018226, 51.499999], [0.018039, 51.500092], [0.017851, 51.500199], [0.017756, 51.500246], [0.017545, 51.500334], [0.01734, 51.500422], [0.017253, 51.500474], [0.017111, 51.500602], [0.016975, 51.50073], [0.016639, 51.500984], [0.016573, 51.501046], [0.016454, 51.501181], [0.016384, 51.501247], [0.016228, 51.501364], [0.016092, 51.501489], [0.015984, 51.501598], [0.016284, 51.501593]]]}, "properties": {"FID": 97, "FEATCODE": 25608}}, {"type": "Feature", "id": 98, "geometry": {"type": "Polygon", "coordinates": [[[0.06234, 51.558138], [0.062393, 51.558106], [0.062493, 51.558044], [0.062434, 51.558033], [0.062354, 51.558018], [0.062216, 51.55798], [0.06202, 51.557989], [0.061887, 51.558004], [0.061656, 51.558052], [0.061413, 51.558125], [0.061187, 51.558206], [0.060995, 51.558287], [0.060828, 51.558368], [0.060681, 51.558451], [0.060479, 51.558593], [0.060336, 51.558709], [0.060218, 51.558844], [0.060106, 51.558955], [0.05999, 51.55904], [0.059909, 51.559086], [0.059702, 51.559181], [0.05947, 51.559299], [0.059367, 51.559363], [0.059106, 51.559554], [0.058911, 51.559708], [0.058703, 51.559888], [0.058598, 51.559996], [0.058414, 51.56019], [0.05828, 51.560322], [0.058122, 51.560473], [0.057969, 51.560599], [0.057838, 51.560678], [0.057588, 51.560785], [0.057442, 51.560865], [0.057473, 51.560929], [0.057678, 51.560902], [0.057843, 51.56084], [0.058026, 51.560745], [0.058164, 51.560646], [0.058306, 51.56052], [0.058536, 51.560303], [0.058735, 51.560115], [0.058824, 51.560024], [0.059024, 51.559866], [0.059161, 51.559835], [0.059182, 51.559781], [0.059198, 51.559722], [0.059328, 51.55958], [0.059509, 51.559449], [0.059636, 51.559366], [0.059808, 51.559268], [0.059903, 51.559221], [0.060152, 51.559098], [0.060287, 51.559002], [0.060437, 51.558853], [0.060549, 51.558726], [0.060691, 51.558608], [0.06081, 51.558531], [0.060963, 51.55845], [0.061292, 51.55831], [0.061578, 51.558196], [0.061708, 51.558155], [0.061878, 51.558118], [0.061984, 51.558107], [0.062152, 51.55811], [0.062289, 51.558131], [0.06234, 51.558138]]]}, "properties": {"FID": 98, "FEATCODE": 25608}}, {"type": "Feature", "id": 99, "geometry": {"type": "Polygon", "coordinates": [[[0.074591, 51.500463], [0.074339, 51.500302], [0.074254, 51.500252], [0.074075, 51.500147], [0.073896, 51.500047], [0.073717, 51.499954], [0.073541, 51.499859], [0.073368, 51.499774], [0.073204, 51.4997], [0.072991, 51.499617], [0.072891, 51.499579], [0.07263, 51.499485], [0.072314, 51.499383], [0.0721, 51.499317], [0.071875, 51.499242], [0.071665, 51.499178], [0.071552, 51.499153], [0.071323, 51.499121], [0.071091, 51.499086], [0.070647, 51.498983], [0.070453, 51.498901], [0.070329, 51.498829], [0.07035, 51.498775], [0.070303, 51.498767], [0.070284, 51.498811], [0.070033, 51.49883], [0.069914, 51.498831], [0.069681, 51.498813], [0.069449, 51.498782], [0.06933, 51.498764], [0.069046, 51.498726], [0.068572, 51.498682], [0.067842, 51.4986], [0.067525, 51.498587], [0.067292, 51.498579], [0.067057, 51.498569], [0.066585, 51.498554], [0.066352, 51.498548], [0.066234, 51.498545], [0.065998, 51.498537], [0.065759, 51.498526], [0.06552, 51.498516], [0.065285, 51.498508], [0.065049, 51.498491], [0.064815, 51.49847], [0.064579, 51.498443], [0.064344, 51.498417], [0.064112, 51.498387], [0.063888, 51.498355], [0.06375, 51.498343], [0.063558, 51.498336], [0.063215, 51.498333], [0.062978, 51.498333], [0.062862, 51.498333], [0.062646, 51.498334], [0.062319, 51.49833], [0.062153, 51.498318], [0.061919, 51.498301], [0.0618, 51.498296], [0.061557, 51.498294], [0.061323, 51.498302], [0.061087, 51.498314], [0.060971, 51.498314], [0.060743, 51.498299], [0.060508, 51.498275], [0.060308, 51.498265], [0.060173, 51.49826], [0.05987, 51.498252], [0.059871, 51.498266], [0.059986, 51.498357], [0.060098, 51.498357], [0.060342, 51.498364], [0.060689, 51.498404], [0.060971, 51.498443], [0.061274, 51.498485], [0.061277, 51.498485], [0.062492, 51.498598], [0.062496, 51.498599], [0.062496, 51.498599], [0.062499, 51.498599], [0.062503, 51.498599], [0.063312, 51.498693], [0.063503, 51.498713], [0.063513, 51.498663], [0.063575, 51.498667], [0.063566, 51.498719], [0.063659, 51.498697], [0.064386, 51.498717], [0.064466, 51.49872], [0.065171, 51.498771], [0.065545, 51.498802], [0.065939, 51.498835], [0.06635, 51.498871], [0.067225, 51.498944], [0.068148, 51.49902], [0.068586, 51.499087], [0.068629, 51.499125], [0.068669, 51.499297], [0.068699, 51.499301], [0.068865, 51.49913], [0.069169, 51.499129], [0.069666, 51.499194], [0.07, 51.499275], [0.070073, 51.499313], [0.070156, 51.499343], [0.070391, 51.499382], [0.070601, 51.499418], [0.070946, 51.499519], [0.072128, 51.4999], [0.072566, 51.500054], [0.072636, 51.500083], [0.073204, 51.500236], [0.073427, 51.500296], [0.073679, 51.500399], [0.073752, 51.500455], [0.073868, 51.500589], [0.074738, 51.500574], [0.074591, 51.500463]]]}, "properties": {"FID": 99, "FEATCODE": 25608}}, {"type": "Feature", "id": 100, "geometry": {"type": "Polygon", "coordinates": [[[0.062997, 51.558136], [0.062959, 51.558157], [0.062892, 51.558194], [0.062814, 51.558235], [0.062853, 51.55824], [0.062944, 51.558253], [0.06311, 51.558258], [0.06323, 51.55824], [0.063513, 51.558147], [0.063755, 51.55806], [0.063876, 51.558024], [0.064056, 51.557975], [0.064101, 51.557961], [0.063933, 51.557917], [0.063795, 51.557948], [0.063516, 51.558032], [0.063313, 51.558092], [0.063166, 51.55812], [0.063064, 51.55813], [0.062997, 51.558136]]]}, "properties": {"FID": 100, "FEATCODE": 25608}}, {"type": "Feature", "id": 101, "geometry": {"type": "Polygon", "coordinates": [[[0.065636, 51.556847], [0.065527, 51.556975], [0.065522, 51.556992], [0.065533, 51.557012], [0.06554, 51.557034], [0.065532, 51.55708], [0.065504, 51.557118], [0.065471, 51.557146], [0.065421, 51.557174], [0.065368, 51.557197], [0.06529, 51.557224], [0.065243, 51.557237], [0.065146, 51.557261], [0.0651, 51.557271], [0.064985, 51.557292], [0.064894, 51.557306], [0.064829, 51.557314], [0.064678, 51.557343], [0.064608, 51.557365], [0.064576, 51.557377], [0.064521, 51.557405], [0.06448, 51.557435], [0.064436, 51.557469], [0.064403, 51.557492], [0.064359, 51.557522], [0.064323, 51.557554], [0.064283, 51.557597], [0.064234, 51.557644], [0.06421, 51.557663], [0.064164, 51.557696], [0.064151, 51.55771], [0.064174, 51.557716], [0.064236, 51.557732], [0.064291, 51.557746], [0.064293, 51.557747], [0.064299, 51.557749], [0.064378, 51.557681], [0.064517, 51.557582], [0.064645, 51.557518], [0.064914, 51.557425], [0.065141, 51.557368], [0.065488, 51.557257], [0.065633, 51.557139], [0.065719, 51.557014], [0.065812, 51.556913], [0.065905, 51.556842], [0.0659, 51.556839], [0.065779, 51.556775], [0.065636, 51.556847]]]}, "properties": {"FID": 101, "FEATCODE": 25608}}, {"type": "Feature", "id": 122, "geometry": {"type": "Polygon", "coordinates": [[[0.067907, 51.554346], [0.067919, 51.554317], [0.067933, 51.554283], [0.067946, 51.554252], [0.067964, 51.554202], [0.068006, 51.554085], [0.068017, 51.554048], [0.068033, 51.553995], [0.068047, 51.553942], [0.068061, 51.553884], [0.068078, 51.553804], [0.068086, 51.553769], [0.068097, 51.553727], [0.068109, 51.553688], [0.068132, 51.553624], [0.068163, 51.553549], [0.068189, 51.553492], [0.068212, 51.553442], [0.068229, 51.553407], [0.06826, 51.55335], [0.068274, 51.553325], [0.068281, 51.553314], [0.068288, 51.553288], [0.068327, 51.553159], [0.068381, 51.553001], [0.068401, 51.552883], [0.068396, 51.552682], [0.068387, 51.552562], [0.068393, 51.552365], [0.06843, 51.552188], [0.068455, 51.552017], [0.068457, 51.55186], [0.068468, 51.55172], [0.068515, 51.551505], [0.068547, 51.551407], [0.068612, 51.551268], [0.068808, 51.550954], [0.06893, 51.550836], [0.069047, 51.550753], [0.069212, 51.550628], [0.069347, 51.55048], [0.069392, 51.550397], [0.069413, 51.550314], [0.06941, 51.550153], [0.069371, 51.550013], [0.069319, 51.549882], [0.069272, 51.549782], [0.069219, 51.549638], [0.069115, 51.549487], [0.069032, 51.549327], [0.068964, 51.549189], [0.068941, 51.549056], [0.068943, 51.5489], [0.068951, 51.548791], [0.06898, 51.548605], [0.069038, 51.548384], [0.069082, 51.548248], [0.069144, 51.548094], [0.069172, 51.548052], [0.069266, 51.547946], [0.069339, 51.547478], [0.069296, 51.547261], [0.069257, 51.547121], [0.06925, 51.547056], [0.069265, 51.546948], [0.069327, 51.546799], [0.069381, 51.546731], [0.069527, 51.546549], [0.069586, 51.546432], [0.069606, 51.546319], [0.069596, 51.546164], [0.069562, 51.546015], [0.069491, 51.54577], [0.069452, 51.545682], [0.06942, 51.545543], [0.069404, 51.545408], [0.069398, 51.545219], [0.069413, 51.544991], [0.06944, 51.544879], [0.069514, 51.544709], [0.069615, 51.544477], [0.069654, 51.544317], [0.069657, 51.544191], [0.069646, 51.544125], [0.069627, 51.54402], [0.069622, 51.543971], [0.069549, 51.543988], [0.069516, 51.543995], [0.06946, 51.544008], [0.069385, 51.544025], [0.069343, 51.544034], [0.069395, 51.544113], [0.069437, 51.544255], [0.069414, 51.544416], [0.069331, 51.544604], [0.069255, 51.544785], [0.069204, 51.544936], [0.069181, 51.545029], [0.069174, 51.545131], [0.069178, 51.545231], [0.069184, 51.545302], [0.069194, 51.545495], [0.069208, 51.545578], [0.069233, 51.545635], [0.069242, 51.545647], [0.069258, 51.545681], [0.069274, 51.54571], [0.069277, 51.545728], [0.06931, 51.545849], [0.069329, 51.545922], [0.069324, 51.545933], [0.069303, 51.54594], [0.069282, 51.54594], [0.069324, 51.546014], [0.069334, 51.54602], [0.069347, 51.546029], [0.069366, 51.546051], [0.069389, 51.546122], [0.069399, 51.546173], [0.069403, 51.546207], [0.069404, 51.546242], [0.069404, 51.546271], [0.069401, 51.546303], [0.069399, 51.546317], [0.06939, 51.54635], [0.069385, 51.546365], [0.069363, 51.546411], [0.069341, 51.546448], [0.069332, 51.546461], [0.069313, 51.546489], [0.069281, 51.546532], [0.069264, 51.546554], [0.069232, 51.546595], [0.069215, 51.546618], [0.069197, 51.546644], [0.069179, 51.54667], [0.069166, 51.54669], [0.06915, 51.546716], [0.069121, 51.546769], [0.069107, 51.546798], [0.069091, 51.546836], [0.069073, 51.546891], [0.069056, 51.54695], [0.069052, 51.546966], [0.069043, 51.547014], [0.069039, 51.54704], [0.069038, 51.547067], [0.06904, 51.547106], [0.069043, 51.547128], [0.06905, 51.547156], [0.069059, 51.547184], [0.069083, 51.547244], [0.069098, 51.547283], [0.069111, 51.547318], [0.069113, 51.547326], [0.069135, 51.547397], [0.069116, 51.547498], [0.069033, 51.547632], [0.068978, 51.547753], [0.068912, 51.547966], [0.068829, 51.548232], [0.068796, 51.548356], [0.068738, 51.548633], [0.068711, 51.548797], [0.068696, 51.548993], [0.068701, 51.549076], [0.068744, 51.54931], [0.068768, 51.549392], [0.068848, 51.549576], [0.068919, 51.549695], [0.069014, 51.549834], [0.069117, 51.549988], [0.069156, 51.550063], [0.069199, 51.550206], [0.069178, 51.550344], [0.069119, 51.550429], [0.06903, 51.550509], [0.068888, 51.550624], [0.068743, 51.550755], [0.068632, 51.55087], [0.068504, 51.551026], [0.068432, 51.551139], [0.06829, 51.551469], [0.06825, 51.551618], [0.068237, 51.551711], [0.068234, 51.551869], [0.068233, 51.55202], [0.068218, 51.552132], [0.068181, 51.552284], [0.068148, 51.552425], [0.068173, 51.552524], [0.068203, 51.552682], [0.068203, 51.552758], [0.068179, 51.552882], [0.068127, 51.553018], [0.06804, 51.553198], [0.067967, 51.553382], [0.067923, 51.553528], [0.067878, 51.553737], [0.06783, 51.553946], [0.067755, 51.554181], [0.067711, 51.554284], [0.067603, 51.554542], [0.067546, 51.554656], [0.067326, 51.55503], [0.067237, 51.555175], [0.067084, 51.555422], [0.066997, 51.555555], [0.066887, 51.555701], [0.066778, 51.555809], [0.066612, 51.555961], [0.066527, 51.55605], [0.066428, 51.556175], [0.066264, 51.55639], [0.066143, 51.556499], [0.066154, 51.55651], [0.066199, 51.556562], [0.066233, 51.556598], [0.066251, 51.556621], [0.066256, 51.556625], [0.06627, 51.556613], [0.066847, 51.555988], [0.066941, 51.555884], [0.067026, 51.555778], [0.067149, 51.555601], [0.067262, 51.555433], [0.067569, 51.554976], [0.067719, 51.55474], [0.067805, 51.554573], [0.06789, 51.554388], [0.067907, 51.554346]]]}, "properties": {"FID": 122, "FEATCODE": 25608}}, {"type": "Feature", "id": 124, "geometry": {"type": "Polygon", "coordinates": [[[0.069105, 51.543681], [0.06911, 51.543683], [0.069113, 51.543686], [0.069215, 51.543663], [0.069276, 51.54365], [0.069207, 51.543557], [0.069176, 51.543478], [0.069159, 51.543337], [0.069165, 51.543249], [0.069193, 51.543123], [0.06924, 51.542976], [0.069286, 51.542873], [0.069339, 51.542787], [0.069288, 51.542528], [0.069198, 51.542404], [0.069092, 51.542315], [0.068966, 51.54223], [0.068951, 51.542209], [0.068933, 51.542179], [0.068914, 51.542142], [0.068901, 51.542106], [0.068892, 51.542063], [0.068894, 51.54199], [0.068902, 51.541951], [0.068926, 51.541886], [0.06894, 51.541861], [0.06897, 51.541813], [0.069009, 51.541763], [0.069053, 51.541713], [0.069146, 51.541618], [0.069327, 51.541452], [0.069464, 51.541332], [0.06965, 51.541131], [0.069798, 51.540962], [0.069831, 51.540908], [0.069865, 51.540789], [0.06986, 51.540634], [0.069838, 51.540523], [0.069788, 51.540396], [0.069736, 51.540308], [0.069652, 51.540176], [0.069588, 51.540049], [0.069538, 51.53991], [0.0695, 51.539789], [0.069465, 51.539676], [0.069415, 51.53952], [0.069397, 51.539422], [0.069398, 51.539392], [0.0694, 51.539337], [0.069402, 51.539281], [0.069403, 51.539252], [0.069412, 51.539081], [0.069428, 51.538951], [0.069442, 51.538903], [0.069449, 51.538884], [0.069464, 51.538856], [0.069487, 51.538819], [0.069507, 51.538793], [0.06952, 51.538777], [0.069529, 51.538773], [0.069531, 51.538772], [0.069534, 51.538771], [0.069537, 51.538771], [0.069554, 51.538773], [0.069593, 51.538776], [0.069638, 51.538781], [0.069692, 51.538787], [0.069751, 51.538795], [0.069822, 51.538806], [0.069851, 51.538811], [0.069935, 51.538825], [0.069966, 51.538829], [0.070012, 51.538836], [0.070096, 51.538845], [0.070124, 51.538847], [0.070169, 51.538848], [0.070203, 51.538848], [0.070247, 51.538845], [0.070312, 51.538832], [0.070335, 51.538826], [0.070362, 51.538816], [0.070382, 51.538807], [0.070406, 51.538793], [0.070431, 51.538777], [0.070486, 51.538735], [0.070543, 51.538682], [0.070546, 51.53868], [0.070597, 51.538628], [0.070606, 51.538619], [0.070637, 51.538585], [0.070665, 51.538553], [0.070684, 51.538531], [0.070706, 51.538503], [0.070732, 51.538468], [0.070739, 51.538458], [0.070791, 51.538383], [0.070827, 51.538329], [0.070852, 51.538292], [0.07089, 51.538238], [0.070924, 51.538192], [0.070947, 51.538163], [0.070962, 51.538144], [0.070972, 51.538131], [0.071033, 51.538005], [0.071027, 51.537703], [0.071039, 51.537623], [0.071099, 51.53741], [0.071142, 51.537263], [0.071146, 51.537248], [0.071024, 51.537207], [0.071013, 51.537222], [0.070971, 51.537209], [0.070786, 51.537514], [0.070635, 51.537793], [0.070657, 51.537851], [0.07072, 51.537913], [0.070737, 51.53798], [0.070694, 51.538111], [0.07061, 51.538253], [0.070494, 51.538417], [0.070386, 51.538517], [0.070293, 51.538569], [0.07012, 51.538624], [0.069992, 51.538636], [0.069848, 51.538632], [0.069485, 51.538615], [0.069335, 51.538636], [0.06925, 51.538668], [0.069097, 51.538766], [0.069038, 51.538839], [0.068995, 51.538972], [0.069012, 51.53912], [0.069012, 51.53922], [0.069032, 51.539332], [0.069149, 51.539579], [0.069206, 51.539709], [0.069229, 51.539828], [0.069244, 51.539996], [0.069281, 51.54012], [0.069337, 51.540262], [0.069346, 51.540303], [0.069301, 51.54033], [0.06929, 51.540329], [0.069219, 51.540424], [0.069136, 51.540483], [0.068998, 51.54053], [0.068835, 51.54056], [0.068696, 51.54059], [0.068588, 51.54063], [0.068496, 51.54069], [0.068431, 51.540787], [0.068441, 51.540943], [0.06855, 51.541081], [0.06864, 51.541146], [0.06889, 51.541281], [0.068926, 51.541345], [0.068933, 51.541422], [0.068888, 51.541503], [0.068728, 51.54166], [0.068629, 51.541779], [0.06859, 51.541855], [0.068567, 51.542027], [0.068589, 51.542158], [0.068664, 51.542302], [0.06881, 51.542453], [0.068918, 51.542562], [0.068972, 51.542657], [0.069008, 51.542781], [0.068987, 51.542888], [0.068947, 51.542971], [0.068915, 51.543051], [0.068897, 51.543201], [0.068909, 51.543281], [0.068946, 51.543432], [0.068955, 51.54347], [0.068982, 51.543598], [0.069101, 51.543679], [0.069105, 51.543681]]]}, "properties": {"FID": 124, "FEATCODE": 25608}}, {"type": "Feature", "id": 127, "geometry": {"type": "Polygon", "coordinates": [[[0.072933, 51.53403], [0.072917, 51.533937], [0.072925, 51.533911], [0.072825, 51.533875], [0.072815, 51.533886], [0.072821, 51.53397], [0.072775, 51.533944], [0.072701, 51.53405], [0.072834, 51.53427], [0.072875, 51.534507], [0.072737, 51.534723], [0.072717, 51.534758], [0.072378, 51.535106], [0.07222, 51.535272], [0.072152, 51.53536], [0.071922, 51.535727], [0.071807, 51.535913], [0.071682, 51.536114], [0.071593, 51.53627], [0.071531, 51.536424], [0.071381, 51.536657], [0.071308, 51.536734], [0.071031, 51.53705], [0.07111, 51.537075], [0.071109, 51.537078], [0.071226, 51.537115], [0.07123, 51.537113], [0.071314, 51.537055], [0.071444, 51.536936], [0.071577, 51.536763], [0.071693, 51.536598], [0.071781, 51.536465], [0.071902, 51.536274], [0.072018, 51.536098], [0.072165, 51.535894], [0.072408, 51.535565], [0.07251, 51.535417], [0.072907, 51.534994], [0.073106, 51.534794], [0.073242, 51.53463], [0.073288, 51.534561], [0.073312, 51.534421], [0.073301, 51.534301], [0.073338, 51.534265], [0.073402, 51.534201], [0.073341, 51.534171], [0.073154, 51.53416], [0.073096, 51.534156], [0.072952, 51.534045], [0.072933, 51.53403]]]}, "properties": {"FID": 127, "FEATCODE": 25608}}, {"type": "Feature", "id": 128, "geometry": {"type": "Polygon", "coordinates": [[[0.079765, 51.527705], [0.079614, 51.527805], [0.079579, 51.527833], [0.079479, 51.527926], [0.079376, 51.52801], [0.079308, 51.528051], [0.079155, 51.528136], [0.079077, 51.528192], [0.078994, 51.528268], [0.0789, 51.528351], [0.078737, 51.528423], [0.078618, 51.52843], [0.078492, 51.528427], [0.078311, 51.528428], [0.078052, 51.528482], [0.077971, 51.528546], [0.077988, 51.528576], [0.078073, 51.528614], [0.078142, 51.528644], [0.078331, 51.528749], [0.078401, 51.528817], [0.078399, 51.528846], [0.078323, 51.52892], [0.078247, 51.528971], [0.07815, 51.529022], [0.078066, 51.529057], [0.077907, 51.529115], [0.077844, 51.529134], [0.077675, 51.529172], [0.077461, 51.529202], [0.077323, 51.529219], [0.077173, 51.529231], [0.077052, 51.529224], [0.076916, 51.529205], [0.076764, 51.529196], [0.076518, 51.529198], [0.076416, 51.529202], [0.076332, 51.529219], [0.076218, 51.529261], [0.075962, 51.529314], [0.075697, 51.529343], [0.075388, 51.529398], [0.075294, 51.529447], [0.075213, 51.52948], [0.075034, 51.529485], [0.074828, 51.529454], [0.074632, 51.529414], [0.074422, 51.529378], [0.074247, 51.529349], [0.074055, 51.529302], [0.073825, 51.529229], [0.073641, 51.529192], [0.073584, 51.529194], [0.07329, 51.529213], [0.073209, 51.529238], [0.073133, 51.529332], [0.073303, 51.529415], [0.073563, 51.529487], [0.07386, 51.529572], [0.074086, 51.529624], [0.074267, 51.529651], [0.074402, 51.529669], [0.074595, 51.529688], [0.074761, 51.529711], [0.074887, 51.529732], [0.075011, 51.529754], [0.075114, 51.529784], [0.075277, 51.529839], [0.075347, 51.529844], [0.075445, 51.529811], [0.075539, 51.529742], [0.07559, 51.529743], [0.075599, 51.529789], [0.075524, 51.529935], [0.075453, 51.530035], [0.075522, 51.530044], [0.075535, 51.530045], [0.07549, 51.530228], [0.075478, 51.530274], [0.075497, 51.530275], [0.075489, 51.530308], [0.07547, 51.530306], [0.075435, 51.530454], [0.07539, 51.530684], [0.075307, 51.531186], [0.075256, 51.531303], [0.075099, 51.531565], [0.074963, 51.531745], [0.074678, 51.532088], [0.074516, 51.532242], [0.074387, 51.532357], [0.074159, 51.532558], [0.074003, 51.532683], [0.073743, 51.532888], [0.073627, 51.532976], [0.073262, 51.533225], [0.07307, 51.533353], [0.072916, 51.533499], [0.072913, 51.533573], [0.072979, 51.533709], [0.072896, 51.533798], [0.072865, 51.533833], [0.072969, 51.533868], [0.072986, 51.533849], [0.073108, 51.533717], [0.073252, 51.533798], [0.0734, 51.533995], [0.073379, 51.534073], [0.073379, 51.534074], [0.073372, 51.534119], [0.073451, 51.534158], [0.073481, 51.534131], [0.073511, 51.534106], [0.073774, 51.534191], [0.073861, 51.534179], [0.07404, 51.534055], [0.074229, 51.533863], [0.074247, 51.533791], [0.07413, 51.533682], [0.074084, 51.533643], [0.07401, 51.533551], [0.073919, 51.533299], [0.073931, 51.533238], [0.074064, 51.53307], [0.074217, 51.532946], [0.074556, 51.5327], [0.074744, 51.532566], [0.074837, 51.532495], [0.074969, 51.532395], [0.075005, 51.532369], [0.075155, 51.532219], [0.075154, 51.532219], [0.075152, 51.532217], [0.07515, 51.532215], [0.075149, 51.532213], [0.075147, 51.532211], [0.075145, 51.53221], [0.075144, 51.532208], [0.075142, 51.532206], [0.075141, 51.532204], [0.07514, 51.532202], [0.075139, 51.532199], [0.075138, 51.532197], [0.075137, 51.532195], [0.075136, 51.532193], [0.075135, 51.532191], [0.075134, 51.532189], [0.075134, 51.532187], [0.075133, 51.532185], [0.075133, 51.532182], [0.075132, 51.53218], [0.075132, 51.532178], [0.075132, 51.532176], [0.075132, 51.532174], [0.075132, 51.532172], [0.075132, 51.532169], [0.075133, 51.532167], [0.075133, 51.532165], [0.075134, 51.532163], [0.075134, 51.532161], [0.075135, 51.532158], [0.075135, 51.532156], [0.075136, 51.532154], [0.075137, 51.532152], [0.075138, 51.53215], [0.075139, 51.532148], [0.075141, 51.532146], [0.075142, 51.532144], [0.075143, 51.532142], [0.075145, 51.53214], [0.075146, 51.532138], [0.075148, 51.532136], [0.07515, 51.532134], [0.075151, 51.532132], [0.075153, 51.53213], [0.075155, 51.532129], [0.075157, 51.532127], [0.07516, 51.532125], [0.075162, 51.532123], [0.075164, 51.532122], [0.075167, 51.53212], [0.075169, 51.532119], [0.075171, 51.532117], [0.075174, 51.532116], [0.075177, 51.532114], [0.075179, 51.532113], [0.075182, 51.532111], [0.075185, 51.53211], [0.075188, 51.532109], [0.075191, 51.532108], [0.075194, 51.532106], [0.075197, 51.532105], [0.0752, 51.532104], [0.075203, 51.532103], [0.075206, 51.532102], [0.075209, 51.532101], [0.075212, 51.532101], [0.075216, 51.5321], [0.075219, 51.532099], [0.075222, 51.532098], [0.075226, 51.532098], [0.075229, 51.532097], [0.075232, 51.532097], [0.075236, 51.532096], [0.075239, 51.532096], [0.075243, 51.532096], [0.075246, 51.532095], [0.07525, 51.532095], [0.075253, 51.532095], [0.075257, 51.532095], [0.07526, 51.532095], [0.075264, 51.532095], [0.075267, 51.532095], [0.075271, 51.532095], [0.075274, 51.532096], [0.075278, 51.532096], [0.075278, 51.532096], [0.075315, 51.532059], [0.075444, 51.53191], [0.07562, 51.53164], [0.075736, 51.53145], [0.07579, 51.531352], [0.075845, 51.531185], [0.075915, 51.530887], [0.075966, 51.530695], [0.075976, 51.530549], [0.075964, 51.530501], [0.075954, 51.53039], [0.075946, 51.530381], [0.076057, 51.530313], [0.076156, 51.53023], [0.076361, 51.529869], [0.076415, 51.529816], [0.076532, 51.529757], [0.076674, 51.529731], [0.076796, 51.529728], [0.076974, 51.529733], [0.077098, 51.529724], [0.07723, 51.529704], [0.077707, 51.52968], [0.078048, 51.529647], [0.078257, 51.529557], [0.07839, 51.529473], [0.078624, 51.529307], [0.078848, 51.529133], [0.078974, 51.529025], [0.079137, 51.528864], [0.079302, 51.528716], [0.079386, 51.528654], [0.079492, 51.528582], [0.079608, 51.528499], [0.079727, 51.528416], [0.079811, 51.528361], [0.080075, 51.52818], [0.0803, 51.528019], [0.080428, 51.527929], [0.08058, 51.527828], [0.080538, 51.527815], [0.080412, 51.527777], [0.080174, 51.527705], [0.080014, 51.527657], [0.079913, 51.527628], [0.079765, 51.527705]], [[0.075847, 51.530404], [0.075866, 51.530407], [0.075871, 51.530405], [0.075869, 51.530418], [0.07578, 51.530366], [0.075794, 51.53036], [0.075847, 51.530404]]]}, "properties": {"FID": 128, "FEATCODE": 25608}}, {"type": "Feature", "id": 130, "geometry": {"type": "Polygon", "coordinates": [[[0.082591, 51.500434], [0.074738, 51.500574], [0.073868, 51.500589], [0.074583, 51.501471], [0.074628, 51.501569], [0.074637, 51.501602], [0.074501, 51.501686], [0.074376, 51.501763], [0.074221, 51.501839], [0.073951, 51.501977], [0.073932, 51.502124], [0.074082, 51.502236], [0.074977, 51.502239], [0.075204, 51.502291], [0.075789, 51.502944], [0.076148, 51.503263], [0.076207, 51.503295], [0.076366, 51.503365], [0.07658, 51.503474], [0.076609, 51.50351], [0.076538, 51.503589], [0.076345, 51.503684], [0.076272, 51.503739], [0.076269, 51.503824], [0.076377, 51.503877], [0.076521, 51.503873], [0.076749, 51.503844], [0.076881, 51.503859], [0.076929, 51.503892], [0.07702, 51.503984], [0.077353, 51.504248], [0.077378, 51.504264], [0.077711, 51.504479], [0.077795, 51.504509], [0.077776, 51.504579], [0.077655, 51.504629], [0.077455, 51.504703], [0.077226, 51.504768], [0.076979, 51.504815], [0.076704, 51.504887], [0.076789, 51.505014], [0.076842, 51.505027], [0.077084, 51.505026], [0.077341, 51.505016], [0.077578, 51.505051], [0.077657, 51.505087], [0.077914, 51.505172], [0.078074, 51.505341], [0.078181, 51.505533], [0.078181, 51.505582], [0.078104, 51.505675], [0.078089, 51.505688], [0.078096, 51.505699], [0.078286, 51.505733], [0.078344, 51.505765], [0.078606, 51.506126], [0.078629, 51.50617], [0.078704, 51.506355], [0.078735, 51.506432], [0.078944, 51.506764], [0.079274, 51.507239], [0.07935, 51.507347], [0.07956, 51.507624], [0.079843, 51.507961], [0.079836, 51.507964], [0.079994, 51.508141], [0.080241, 51.508386], [0.080304, 51.508418], [0.080625, 51.508482], [0.080787, 51.508524], [0.080958, 51.508603], [0.081051, 51.508666], [0.081926, 51.509439], [0.082183, 51.509669], [0.082405, 51.509865], [0.082688, 51.510118], [0.082942, 51.510343], [0.083216, 51.510587], [0.083521, 51.510917], [0.083329, 51.511163], [0.083323, 51.511255], [0.083334, 51.511515], [0.083346, 51.511535], [0.083527, 51.511676], [0.08374, 51.511798], [0.084147, 51.512024], [0.084368, 51.512137], [0.084624, 51.512266], [0.084816, 51.512367], [0.085011, 51.512464], [0.085254, 51.512577], [0.085427, 51.512655], [0.085617, 51.512739], [0.085771, 51.512806], [0.086094, 51.512928], [0.086129, 51.512939], [0.086489, 51.513072], [0.086667, 51.513141], [0.087029, 51.513278], [0.087246, 51.513357], [0.087421, 51.513419], [0.087659, 51.513504], [0.087882, 51.513595], [0.087912, 51.513609], [0.088117, 51.513692], [0.088233, 51.51373], [0.088747, 51.513877], [0.088927, 51.513925], [0.089429, 51.514051], [0.089666, 51.514107], [0.090144, 51.514216], [0.090454, 51.514319], [0.090477, 51.514353], [0.090392, 51.514558], [0.090336, 51.514726], [0.09037, 51.51475], [0.090578, 51.514764], [0.090817, 51.514756], [0.091095, 51.514756], [0.091168, 51.514758], [0.091503, 51.514774], [0.091535, 51.514775], [0.091875, 51.514797], [0.092238, 51.51483], [0.093056, 51.514904], [0.093495, 51.514942], [0.093971, 51.514992], [0.09424, 51.515048], [0.094508, 51.515103], [0.09487, 51.515177], [0.095066, 51.515229], [0.095126, 51.515249], [0.095127, 51.515269], [0.095082, 51.515373], [0.09516, 51.515391], [0.095223, 51.515301], [0.095395, 51.515379], [0.09553, 51.515426], [0.095705, 51.515445], [0.095828, 51.515434], [0.095955, 51.515403], [0.096093, 51.515348], [0.096575, 51.515119], [0.096644, 51.515125], [0.0967, 51.515186], [0.096712, 51.51525], [0.096749, 51.515332], [0.096797, 51.515408], [0.096806, 51.515412], [0.096829, 51.515422], [0.097032, 51.515561], [0.097134, 51.515632], [0.097147, 51.515648], [0.097157, 51.51566], [0.09716, 51.515663], [0.097148, 51.515669], [0.097145, 51.515667], [0.097145, 51.515667], [0.097131, 51.515675], [0.097131, 51.515675], [0.097131, 51.515675], [0.097134, 51.515677], [0.097118, 51.515687], [0.097114, 51.515685], [0.0971, 51.515675], [0.096969, 51.515586], [0.096748, 51.515435], [0.096665, 51.515465], [0.096586, 51.515471], [0.096598, 51.515436], [0.096636, 51.515394], [0.096701, 51.515359], [0.096589, 51.515283], [0.096365, 51.515407], [0.096282, 51.515452], [0.096208, 51.515493], [0.096117, 51.515543], [0.096013, 51.51559], [0.095927, 51.515621], [0.095851, 51.515642], [0.095752, 51.515667], [0.095669, 51.515701], [0.095502, 51.515789], [0.095393, 51.515858], [0.095327, 51.515904], [0.095246, 51.515979], [0.095113, 51.516075], [0.095046, 51.516128], [0.094971, 51.516207], [0.094924, 51.516266], [0.094894, 51.516308], [0.094812, 51.51633], [0.094787, 51.516354], [0.094758, 51.516444], [0.094749, 51.516467], [0.094731, 51.516541], [0.094712, 51.516587], [0.094636, 51.516715], [0.094578, 51.516811], [0.094575, 51.51685], [0.094535, 51.516924], [0.094488, 51.517006], [0.094443, 51.517088], [0.094385, 51.517192], [0.094337, 51.517278], [0.094274, 51.517391], [0.094153, 51.517604], [0.094126, 51.517653], [0.094087, 51.517807], [0.094065, 51.517897], [0.09404, 51.518], [0.094075, 51.518039], [0.094094, 51.518096], [0.094104, 51.51819], [0.094105, 51.518245], [0.094098, 51.518294], [0.09407, 51.518384], [0.094059, 51.518473], [0.094072, 51.518592], [0.094074, 51.51866], [0.094072, 51.518748], [0.094015, 51.518798], [0.093982, 51.518856], [0.093951, 51.518902], [0.09391, 51.518938], [0.093915, 51.518985], [0.093966, 51.519066], [0.093996, 51.51914], [0.094028, 51.519183], [0.094076, 51.519226], [0.094111, 51.519267], [0.094135, 51.51932], [0.09417, 51.519323], [0.094198, 51.519377], [0.094244, 51.519452], [0.094267, 51.519506], [0.094279, 51.519593], [0.094294, 51.519672], [0.09432, 51.519742], [0.094325, 51.519804], [0.094358, 51.519896], [0.094392, 51.520006], [0.094418, 51.520098], [0.094446, 51.520175], [0.094449, 51.520211], [0.094431, 51.520302], [0.094407, 51.520344], [0.094289, 51.520463], [0.094226, 51.520519], [0.09418, 51.520542], [0.094096, 51.520541], [0.094019, 51.520588], [0.093967, 51.52064], [0.093906, 51.520662], [0.093862, 51.520718], [0.093788, 51.520747], [0.093735, 51.520797], [0.093685, 51.520833], [0.093637, 51.520888], [0.093527, 51.52094], [0.093432, 51.520983], [0.093362, 51.521033], [0.093333, 51.52107], [0.093262, 51.521133], [0.093197, 51.521206], [0.093145, 51.521313], [0.093107, 51.521362], [0.093037, 51.521408], [0.092978, 51.521437], [0.092927, 51.521481], [0.092859, 51.521556], [0.092806, 51.521611], [0.092741, 51.521668], [0.092642, 51.521756], [0.092579, 51.521819], [0.092476, 51.521912], [0.092383, 51.52199], [0.09227, 51.522091], [0.092165, 51.522186], [0.09209, 51.522251], [0.091998, 51.522332], [0.091885, 51.52244], [0.091825, 51.522504], [0.091789, 51.52256], [0.091749, 51.522636], [0.091752, 51.522686], [0.091771, 51.522736], [0.091876, 51.522899], [0.091886, 51.522943], [0.091884, 51.523005], [0.091886, 51.523054], [0.091912, 51.523159], [0.091912, 51.523212], [0.091902, 51.523268], [0.091887, 51.523378], [0.091821, 51.523474], [0.091794, 51.523518], [0.091748, 51.523559], [0.091699, 51.523594], [0.091647, 51.523607], [0.091603, 51.523635], [0.091549, 51.523689], [0.091499, 51.523743], [0.091479, 51.523822], [0.091382, 51.523868], [0.091285, 51.523896], [0.091185, 51.523916], [0.091109, 51.523926], [0.090961, 51.523935], [0.09085, 51.52393], [0.090818, 51.523857], [0.090872, 51.523819], [0.090959, 51.523783], [0.090979, 51.52376], [0.090807, 51.523839], [0.090814, 51.523902], [0.090808, 51.523925], [0.090677, 51.523926], [0.090701, 51.52394], [0.090803, 51.523946], [0.090883, 51.523969], [0.091033, 51.523974], [0.091142, 51.523964], [0.091348, 51.523922], [0.091496, 51.523889], [0.091552, 51.523884], [0.09161, 51.523916], [0.091722, 51.523955], [0.091902, 51.523966], [0.091978, 51.523957], [0.09203, 51.523943], [0.092077, 51.523968], [0.092114, 51.524013], [0.092155, 51.524083], [0.092215, 51.524117], [0.092218, 51.524215], [0.092166, 51.524213], [0.092076, 51.524194], [0.092008, 51.524222], [0.092024, 51.524315], [0.092073, 51.524354], [0.092143, 51.524354], [0.092216, 51.524361], [0.092261, 51.524412], [0.092229, 51.524484], [0.092232, 51.524527], [0.092252, 51.524579], [0.092248, 51.524654], [0.092278, 51.524736], [0.092285, 51.524816], [0.092263, 51.524937], [0.09226, 51.524989], [0.092222, 51.525061], [0.092236, 51.525129], [0.092205, 51.525198], [0.092227, 51.525241], [0.092235, 51.525321], [0.092233, 51.525363], [0.092199, 51.525434], [0.092136, 51.525525], [0.092117, 51.525579], [0.092036, 51.525639], [0.091949, 51.525666], [0.091871, 51.525668], [0.091736, 51.525655], [0.091664, 51.52564], [0.091606, 51.525613], [0.091528, 51.525601], [0.091445, 51.525605], [0.091418, 51.525581], [0.091436, 51.525541], [0.091565, 51.525483], [0.091653, 51.525457], [0.091656, 51.525441], [0.091547, 51.525475], [0.091447, 51.52551], [0.091404, 51.525536], [0.091341, 51.525594], [0.091285, 51.525637], [0.091209, 51.525646], [0.091136, 51.52564], [0.090982, 51.525613], [0.090849, 51.525577], [0.090717, 51.525555], [0.090648, 51.525546], [0.090603, 51.525506], [0.090529, 51.525501], [0.090449, 51.525512], [0.090349, 51.525531], [0.090271, 51.525543], [0.090139, 51.525542], [0.090048, 51.52554], [0.089998, 51.525547], [0.089932, 51.525574], [0.089858, 51.525579], [0.089781, 51.525596], [0.089725, 51.525628], [0.0897, 51.525659], [0.089695, 51.525702], [0.08963, 51.525744], [0.089586, 51.525781], [0.089525, 51.525823], [0.089505, 51.525874], [0.089466, 51.525921], [0.089426, 51.525982], [0.089362, 51.526057], [0.089331, 51.526085], [0.089286, 51.526143], [0.089218, 51.526175], [0.089143, 51.526195], [0.089057, 51.5262], [0.088952, 51.526222], [0.088903, 51.526229], [0.088777, 51.526231], [0.088682, 51.526202], [0.088627, 51.526196], [0.088575, 51.52617], [0.088497, 51.526159], [0.088413, 51.526166], [0.088363, 51.526158], [0.088251, 51.526121], [0.088186, 51.526118], [0.088102, 51.526088], [0.088025, 51.526088], [0.087959, 51.526036], [0.087852, 51.526006], [0.087736, 51.525998], [0.087507, 51.525935], [0.087491, 51.52589], [0.087383, 51.525867], [0.087294, 51.525877], [0.087173, 51.52586], [0.087049, 51.525824], [0.086886, 51.525751], [0.086821, 51.525722], [0.086763, 51.525703], [0.086655, 51.525673], [0.086524, 51.525621], [0.086442, 51.525595], [0.086324, 51.525576], [0.086186, 51.52555], [0.086064, 51.525543], [0.08586, 51.525534], [0.085736, 51.525536], [0.085615, 51.525546], [0.085477, 51.525555], [0.085287, 51.52557], [0.085174, 51.525581], [0.085105, 51.525592], [0.085019, 51.525614], [0.084872, 51.525663], [0.08478, 51.525701], [0.084673, 51.525749], [0.084502, 51.525828], [0.084393, 51.525881], [0.084248, 51.525952], [0.084082, 51.526045], [0.084038, 51.526074], [0.083985, 51.526138], [0.083931, 51.526184], [0.083849, 51.526251], [0.083797, 51.526283], [0.083711, 51.526321], [0.083641, 51.526358], [0.083579, 51.526386], [0.083508, 51.526424], [0.08342, 51.526464], [0.0833, 51.526509], [0.083199, 51.526553], [0.083027, 51.526625], [0.082881, 51.526656], [0.082797, 51.526711], [0.082709, 51.526732], [0.082607, 51.526771], [0.08255, 51.526779], [0.082486, 51.526771], [0.082441, 51.526793], [0.082341, 51.526834], [0.082291, 51.526871], [0.082197, 51.526884], [0.08208, 51.526863], [0.082041, 51.526879], [0.082015, 51.526929], [0.081944, 51.52697], [0.081784, 51.52699], [0.081666, 51.52705], [0.08161, 51.527081], [0.08151, 51.527126], [0.081451, 51.527146], [0.081369, 51.527166], [0.08122, 51.527189], [0.081085, 51.527208], [0.080876, 51.527243], [0.080843, 51.527279], [0.080433, 51.527363], [0.080378, 51.527351], [0.080211, 51.52741], [0.080263, 51.527426], [0.080284, 51.527433], [0.080349, 51.527453], [0.080505, 51.5275], [0.080544, 51.527511], [0.080783, 51.527584], [0.080803, 51.52759], [0.08106, 51.527667], [0.081097, 51.527677], [0.081147, 51.527692], [0.081195, 51.527706], [0.081207, 51.527689], [0.081281, 51.527704], [0.081305, 51.527698], [0.081329, 51.527695], [0.08135, 51.527692], [0.081375, 51.527687], [0.081391, 51.527686], [0.081389, 51.52768], [0.081388, 51.527676], [0.081385, 51.527665], [0.081382, 51.527656], [0.08138, 51.527649], [0.081555, 51.527607], [0.081754, 51.527545], [0.081951, 51.527462], [0.082124, 51.527402], [0.082349, 51.527347], [0.082539, 51.527298], [0.082704, 51.527268], [0.082848, 51.527251], [0.083109, 51.527186], [0.083412, 51.527076], [0.083587, 51.527005], [0.083851, 51.526885], [0.083929, 51.526847], [0.083926, 51.526844], [0.083924, 51.526844], [0.083922, 51.526842], [0.083921, 51.52684], [0.083919, 51.526836], [0.083918, 51.526832], [0.083915, 51.526824], [0.083913, 51.526816], [0.083915, 51.526809], [0.083916, 51.526803], [0.08392, 51.526797], [0.083925, 51.526791], [0.083967, 51.526752], [0.083972, 51.526748], [0.083976, 51.526744], [0.083985, 51.526738], [0.083996, 51.526731], [0.084133, 51.526646], [0.084245, 51.526577], [0.084419, 51.526478], [0.08442, 51.526475], [0.08444, 51.526467], [0.084456, 51.526458], [0.084473, 51.526449], [0.084547, 51.526412], [0.084529, 51.526366], [0.08461, 51.526357], [0.084601, 51.526387], [0.084801, 51.526293], [0.08481, 51.526288], [0.08482, 51.526284], [0.084825, 51.526282], [0.08483, 51.526281], [0.084845, 51.526276], [0.08486, 51.526271], [0.084886, 51.526264], [0.08491, 51.526258], [0.084938, 51.526252], [0.084966, 51.526246], [0.084969, 51.526246], [0.08497, 51.52625], [0.085019, 51.526241], [0.085047, 51.526236], [0.08506, 51.526234], [0.085229, 51.526181], [0.085419, 51.526109], [0.085587, 51.526046], [0.085878, 51.526011], [0.086028, 51.526041], [0.086253, 51.526112], [0.086425, 51.526141], [0.086612, 51.526197], [0.086786, 51.526269], [0.087009, 51.526362], [0.087435, 51.526477], [0.087509, 51.526496], [0.087831, 51.526584], [0.088246, 51.526698], [0.088824, 51.526827], [0.088925, 51.526823], [0.089049, 51.526815], [0.089164, 51.526805], [0.089378, 51.526774], [0.089659, 51.526704], [0.089764, 51.526661], [0.09018, 51.526378], [0.090267, 51.526265], [0.090358, 51.526181], [0.090453, 51.526132], [0.090684, 51.5261], [0.090911, 51.526118], [0.091225, 51.526178], [0.091331, 51.526208], [0.091443, 51.526257], [0.091511, 51.526315], [0.091655, 51.52656], [0.091773, 51.526673], [0.091971, 51.52667], [0.092063, 51.526751], [0.092143, 51.526725], [0.092034, 51.526608], [0.092087, 51.526553], [0.092192, 51.526465], [0.092371, 51.526327], [0.092471, 51.526238], [0.092592, 51.526115], [0.092662, 51.52603], [0.092745, 51.525914], [0.092842, 51.525757], [0.092897, 51.525656], [0.092953, 51.525533], [0.093026, 51.525333], [0.093065, 51.525184], [0.093108, 51.524903], [0.093167, 51.524735], [0.093207, 51.524671], [0.093223, 51.524608], [0.093199, 51.524471], [0.093134, 51.524306], [0.093112, 51.524268], [0.093042, 51.524098], [0.092991, 51.523921], [0.092986, 51.523904], [0.092932, 51.523682], [0.092906, 51.523543], [0.092834, 51.523229], [0.092796, 51.523072], [0.092766, 51.522899], [0.092768, 51.522781], [0.092835, 51.522608], [0.092963, 51.522481], [0.0932, 51.52229], [0.093518, 51.522035], [0.093723, 51.521872], [0.093985, 51.52167], [0.094137, 51.521565], [0.094486, 51.521313], [0.094537, 51.521277], [0.094737, 51.521124], [0.095062, 51.520856], [0.095262, 51.520655], [0.095437, 51.520495], [0.095605, 51.520325], [0.09566, 51.520064], [0.095548, 51.519885], [0.095456, 51.519771], [0.095382, 51.519631], [0.095355, 51.519489], [0.095345, 51.519371], [0.095343, 51.51924], [0.09535, 51.51913], [0.095371, 51.519009], [0.095355, 51.518938], [0.095324, 51.518888], [0.095281, 51.518529], [0.095298, 51.518363], [0.095298, 51.518207], [0.095275, 51.518018], [0.095296, 51.517854], [0.095365, 51.517729], [0.095371, 51.51768], [0.095344, 51.517583], [0.095348, 51.517466], [0.095414, 51.517319], [0.095517, 51.517131], [0.095716, 51.516851], [0.095925, 51.516772], [0.096006, 51.516724], [0.096065, 51.516667], [0.096134, 51.516603], [0.096481, 51.516391], [0.096632, 51.516306], [0.096873, 51.516172], [0.097059, 51.51609], [0.09716, 51.516056], [0.097411, 51.515887], [0.097378, 51.515792], [0.097357, 51.515747], [0.097548, 51.515808], [0.097725, 51.515731], [0.097789, 51.515674], [0.098098, 51.515474], [0.098365, 51.515324], [0.099042, 51.514967], [0.099224, 51.51493], [0.099218, 51.514914], [0.09924, 51.514912], [0.099246, 51.514927], [0.099337, 51.514911], [0.099348, 51.514801], [0.099607, 51.514749], [0.100182, 51.514628], [0.101034, 51.51445], [0.101325, 51.514419], [0.101456, 51.51445], [0.101572, 51.5145], [0.101728, 51.514549], [0.101896, 51.514549], [0.102098, 51.514512], [0.102281, 51.51448], [0.102539, 51.514443], [0.102744, 51.514404], [0.10278, 51.514396], [0.10296, 51.514359], [0.10298, 51.514362], [0.103221, 51.514331], [0.103407, 51.514309], [0.103767, 51.514267], [0.104231, 51.514202], [0.104403, 51.514161], [0.104504, 51.51413], [0.105153, 51.514056], [0.105384, 51.51404], [0.105746, 51.514011], [0.105765, 51.514009], [0.105814, 51.514005], [0.105814, 51.514006], [0.105826, 51.514005], [0.105876, 51.514], [0.105894, 51.513998], [0.105897, 51.51401], [0.106283, 51.513977], [0.106555, 51.51396], [0.10689, 51.513961], [0.107249, 51.513999], [0.107446, 51.514036], [0.107641, 51.514083], [0.107835, 51.514114], [0.107901, 51.51412], [0.108399, 51.514167], [0.108744, 51.514175], [0.108798, 51.514166], [0.108842, 51.514166], [0.109421, 51.514303], [0.109883, 51.514437], [0.110337, 51.514567], [0.112812, 51.515276], [0.11436, 51.515759], [0.114329, 51.515972], [0.114591, 51.516137], [0.115117, 51.516349], [0.115304, 51.516428], [0.115567, 51.516545], [0.115913, 51.516682], [0.116108, 51.516761], [0.116445, 51.516898], [0.116776, 51.51704], [0.116799, 51.517011], [0.117187, 51.51654], [0.117289, 51.516413], [0.117291, 51.516299], [0.117181, 51.51626], [0.117176, 51.516259], [0.117174, 51.516258], [0.117172, 51.516257], [0.116923, 51.516178], [0.116469, 51.516035], [0.116468, 51.516035], [0.116468, 51.516035], [0.116504, 51.51599], [0.116538, 51.515949], [0.116548, 51.515936], [0.117168, 51.516133], [0.117169, 51.516132], [0.118212, 51.516467], [0.119068, 51.516741], [0.119042, 51.516775], [0.118991, 51.516839], [0.117527, 51.516371], [0.117473, 51.516353], [0.117194, 51.516695], [0.116878, 51.517074], [0.116931, 51.517093], [0.116928, 51.517097], [0.117222, 51.517243], [0.117376, 51.517314], [0.117852, 51.517532], [0.118061, 51.517636], [0.118191, 51.517713], [0.118319, 51.517791], [0.118727, 51.518031], [0.118867, 51.518102], [0.118965, 51.518147], [0.119185, 51.518228], [0.119233, 51.518244], [0.119259, 51.518254], [0.119272, 51.518258], [0.119284, 51.518261], [0.119311, 51.51827], [0.119381, 51.518289], [0.119385, 51.51829], [0.119389, 51.518291], [0.119391, 51.518292], [0.1194, 51.518293], [0.119404, 51.518294], [0.119406, 51.518294], [0.119413, 51.518295], [0.119419, 51.518296], [0.119424, 51.518296], [0.119432, 51.518297], [0.11944, 51.518297], [0.119444, 51.518298], [0.119576, 51.518307], [0.119603, 51.518309], [0.119613, 51.518309], [0.11964, 51.518312], [0.119647, 51.518313], [0.119727, 51.51832], [0.119733, 51.51832], [0.119739, 51.518321], [0.119743, 51.518322], [0.119748, 51.518323], [0.11976, 51.518326], [0.119762, 51.518326], [0.119769, 51.518327], [0.119783, 51.518331], [0.119785, 51.518332], [0.119809, 51.518339], [0.11989, 51.518363], [0.11993, 51.518376], [0.119959, 51.518384], [0.119982, 51.51839], [0.12, 51.518395], [0.120012, 51.518398], [0.120029, 51.518403], [0.120038, 51.518405], [0.120046, 51.518406], [0.120049, 51.518407], [0.12007, 51.518411], [0.120086, 51.518414], [0.120093, 51.518414], [0.120107, 51.518416], [0.120128, 51.518418], [0.120142, 51.518421], [0.120157, 51.518423], [0.120199, 51.518429], [0.120205, 51.518429], [0.120245, 51.518434], [0.120387, 51.518452], [0.12068, 51.51852], [0.121008, 51.518611], [0.121263, 51.518678], [0.121562, 51.518763], [0.121757, 51.518823], [0.121922, 51.518871], [0.122167, 51.518942], [0.122375, 51.519015], [0.12252, 51.519056], [0.122703, 51.519088], [0.123044, 51.51911], [0.123292, 51.519118], [0.123509, 51.519132], [0.12378, 51.519162], [0.124269, 51.519228], [0.12452, 51.519255], [0.124768, 51.519276], [0.125102, 51.519303], [0.125271, 51.51932], [0.12578, 51.51939], [0.125909, 51.519417], [0.12622, 51.519507], [0.12635, 51.519532], [0.12673, 51.519562], [0.12695, 51.519549], [0.127254, 51.519507], [0.127414, 51.519488], [0.127715, 51.519464], [0.128106, 51.519442], [0.128411, 51.519417], [0.128611, 51.519399], [0.128915, 51.51937], [0.129222, 51.519344], [0.129655, 51.519299], [0.129975, 51.519261], [0.130279, 51.51922], [0.130611, 51.519169], [0.130867, 51.519126], [0.131222, 51.519068], [0.131665, 51.518985], [0.131952, 51.518932], [0.132233, 51.518873], [0.132407, 51.518845], [0.132563, 51.518851], [0.132654, 51.518882], [0.132793, 51.518967], [0.132965, 51.519051], [0.133066, 51.519069], [0.133258, 51.519056], [0.133466, 51.519007], [0.133791, 51.518921], [0.133782, 51.518912], [0.133805, 51.518905], [0.133795, 51.51892], [0.133834, 51.518914], [0.135921, 51.518627], [0.136251, 51.518555], [0.136502, 51.518491], [0.136882, 51.51839], [0.13717, 51.518312], [0.137498, 51.518217], [0.138029, 51.518048], [0.138243, 51.517974], [0.138589, 51.517852], [0.138865, 51.517755], [0.139259, 51.517618], [0.139252, 51.5176], [0.139222, 51.517525], [0.139208, 51.517492], [0.139172, 51.517402], [0.139135, 51.517308], [0.13912, 51.517274], [0.139103, 51.517241], [0.139082, 51.517207], [0.13906, 51.517174], [0.139055, 51.517169], [0.139029, 51.517136], [0.138999, 51.517105], [0.138995, 51.5171], [0.138956, 51.517066], [0.138916, 51.517033], [0.13889, 51.517013], [0.138863, 51.516993], [0.138857, 51.516989], [0.138837, 51.516977], [0.138828, 51.516972], [0.13879, 51.516953], [0.138775, 51.516945], [0.138759, 51.516937], [0.138743, 51.516929], [0.138726, 51.516921], [0.13871, 51.516914], [0.138693, 51.516906], [0.138676, 51.516899], [0.138658, 51.516893], [0.138641, 51.516886], [0.138621, 51.516879], [0.138601, 51.516872], [0.13858, 51.516866], [0.13856, 51.51686], [0.138538, 51.516855], [0.138517, 51.51685], [0.138496, 51.516845], [0.138474, 51.51684], [0.138452, 51.516836], [0.13843, 51.516832], [0.138408, 51.516829], [0.138385, 51.516826], [0.138358, 51.516822], [0.138331, 51.516819], [0.138303, 51.516815], [0.138276, 51.516812], [0.138249, 51.516809], [0.138221, 51.516806], [0.138194, 51.516804], [0.138166, 51.516803], [0.138138, 51.516803], [0.138115, 51.516803], [0.138092, 51.516803], [0.138069, 51.516804], [0.138044, 51.516805], [0.13801, 51.516808], [0.137977, 51.516811], [0.137926, 51.516816], [0.137373, 51.516998], [0.136736, 51.517202], [0.136322, 51.517335], [0.1363, 51.517342], [0.136176, 51.517191], [0.136211, 51.51718], [0.13645, 51.517104], [0.136474, 51.517096], [0.136955, 51.516942], [0.136955, 51.516942], [0.137034, 51.516917], [0.138533, 51.516436], [0.138558, 51.516428], [0.13859, 51.516432], [0.138611, 51.516454], [0.138612, 51.516486], [0.138613, 51.516496], [0.138614, 51.516518], [0.138623, 51.516531], [0.138614, 51.516534], [0.138273, 51.516645], [0.138311, 51.516692], [0.138312, 51.516693], [0.138352, 51.516743], [0.138492, 51.516771], [0.138538, 51.516781], [0.138583, 51.516792], [0.138626, 51.516804], [0.138668, 51.516816], [0.138712, 51.51683], [0.138754, 51.516845], [0.138796, 51.516862], [0.138823, 51.516874], [0.138845, 51.516886], [0.138883, 51.516907], [0.13892, 51.516929], [0.138958, 51.516954], [0.138994, 51.516979], [0.139034, 51.51701], [0.139073, 51.517041], [0.139089, 51.517057], [0.13912, 51.517089], [0.139148, 51.517121], [0.139172, 51.517154], [0.139194, 51.517187], [0.139217, 51.517226], [0.139237, 51.517267], [0.139287, 51.517399], [0.139299, 51.517427], [0.139337, 51.517518], [0.139345, 51.517538], [0.139352, 51.517557], [0.139642, 51.517394], [0.140018, 51.517191], [0.140266, 51.517023], [0.140296, 51.516934], [0.140334, 51.516885], [0.140671, 51.516689], [0.141326, 51.516341], [0.141705, 51.516139], [0.141828, 51.516072], [0.142061, 51.515951], [0.142551, 51.515704], [0.142705, 51.515627], [0.143054, 51.515452], [0.143245, 51.515359], [0.143487, 51.515233], [0.143517, 51.515214], [0.14373, 51.515106], [0.143929, 51.515169], [0.144193, 51.515423], [0.14426, 51.51545], [0.144763, 51.515311], [0.144961, 51.515238], [0.145031, 51.515221], [0.14526, 51.515195], [0.14525, 51.515288], [0.145512, 51.515202], [0.145857, 51.514855], [0.145831, 51.514786], [0.145701, 51.514538], [0.145155, 51.514669], [0.145046, 51.514624], [0.145819, 51.514323], [0.146007, 51.514346], [0.14602, 51.514303], [0.145976, 51.514298], [0.145988, 51.514259], [0.146447, 51.51431], [0.146458, 51.514311], [0.146477, 51.514313], [0.146521, 51.514199], [0.146628, 51.514144], [0.146625, 51.514114], [0.146535, 51.514105], [0.146679, 51.514054], [0.146894, 51.513993], [0.146907, 51.513999], [0.146942, 51.513981], [0.147175, 51.513923], [0.147366, 51.513873], [0.147634, 51.513791], [0.147825, 51.513732], [0.148232, 51.513609], [0.148466, 51.51354], [0.148714, 51.513478], [0.149, 51.513413], [0.149322, 51.513349], [0.14932, 51.513337], [0.149318, 51.51332], [0.149315, 51.513286], [0.149315, 51.51328], [0.14934, 51.51328], [0.14934, 51.513285], [0.1495, 51.513313], [0.149788, 51.513255], [0.150177, 51.513165], [0.150519, 51.513076], [0.150775, 51.513008], [0.151049, 51.512933], [0.151657, 51.51277], [0.151894, 51.512723], [0.152265, 51.512665], [0.152721, 51.512596], [0.152946, 51.512561], [0.153201, 51.512526], [0.153499, 51.512496], [0.153892, 51.512467], [0.15416, 51.51244], [0.154312, 51.512419], [0.154649, 51.512366], [0.154796, 51.512349], [0.155054, 51.512329], [0.155552, 51.512282], [0.155847, 51.512248], [0.15597, 51.512236], [0.15692, 51.512165], [0.156927, 51.512164], [0.158182, 51.512053], [0.15844, 51.51211], [0.158606, 51.512195], [0.158961, 51.512389], [0.159128, 51.512413], [0.159427, 51.512333], [0.15949, 51.512273], [0.159543, 51.512112], [0.159591, 51.511986], [0.159626, 51.511943], [0.159759, 51.511862], [0.159897, 51.511824], [0.160204, 51.511795], [0.1602, 51.511719], [0.160197, 51.511655], [0.160186, 51.511432], [0.160171, 51.511099], [0.159932, 51.506057], [0.159928, 51.50598], [0.159512, 51.506033], [0.158943, 51.506108], [0.157919, 51.50624], [0.157884, 51.506225], [0.157875, 51.506202], [0.157693, 51.506227], [0.157699, 51.506245], [0.157668, 51.506276], [0.157601, 51.506285], [0.157546, 51.506261], [0.157539, 51.506244], [0.15753, 51.506222], [0.157568, 51.506189], [0.157638, 51.506179], [0.157684, 51.5062], [0.157685, 51.506205], [0.157689, 51.506215], [0.157871, 51.506191], [0.157864, 51.506167], [0.157875, 51.506156], [0.157886, 51.506145], [0.158778, 51.506029], [0.158792, 51.506016], [0.158918, 51.505898], [0.158924, 51.505897], [0.158873, 51.505738], [0.158869, 51.505724], [0.158852, 51.505675], [0.158825, 51.505592], [0.158765, 51.505599], [0.158308, 51.505637], [0.15815, 51.505642], [0.157404, 51.505688], [0.157181, 51.50576], [0.156687, 51.505781], [0.156689, 51.505792], [0.156661, 51.505851], [0.156661, 51.505876], [0.156398, 51.505906], [0.156302, 51.50591], [0.156307, 51.505939], [0.156309, 51.505949], [0.156312, 51.505968], [0.156182, 51.505972], [0.155882, 51.505991], [0.155851, 51.505993], [0.15585, 51.505986], [0.15585, 51.505985], [0.155849, 51.505977], [0.155844, 51.505948], [0.155837, 51.505914], [0.155794, 51.505909], [0.155266, 51.505931], [0.154915, 51.505959], [0.154783, 51.50597], [0.154429, 51.505999], [0.154165, 51.506025], [0.153918, 51.506053], [0.153797, 51.506071], [0.153591, 51.506117], [0.15351, 51.506142], [0.152945, 51.506341], [0.152741, 51.506374], [0.152429, 51.506397], [0.152056, 51.506418], [0.15192, 51.506423], [0.15173, 51.506418], [0.151544, 51.50639], [0.151246, 51.506309], [0.151159, 51.506292], [0.150996, 51.506286], [0.15079, 51.506315], [0.150588, 51.506346], [0.150436, 51.506358], [0.15017, 51.506367], [0.150024, 51.506371], [0.149871, 51.506339], [0.149817, 51.506262], [0.149818, 51.506051], [0.149801, 51.505966], [0.149721, 51.505888], [0.149531, 51.505858], [0.149412, 51.505884], [0.149263, 51.505951], [0.148967, 51.506124], [0.148794, 51.506235], [0.148655, 51.506329], [0.14856, 51.506384], [0.148462, 51.506413], [0.148305, 51.506411], [0.148143, 51.506416], [0.147982, 51.506482], [0.14794, 51.506567], [0.147932, 51.506758], [0.147885, 51.50678], [0.147746, 51.506756], [0.14749, 51.506661], [0.147276, 51.506672], [0.147145, 51.5067], [0.147033, 51.506722], [0.146926, 51.506753], [0.146827, 51.506801], [0.146633, 51.506909], [0.146526, 51.50695], [0.146271, 51.507012], [0.146062, 51.507065], [0.145839, 51.507139], [0.145601, 51.507233], [0.145535, 51.507252], [0.145304, 51.507293], [0.145095, 51.507332], [0.14492, 51.507377], [0.144767, 51.507423], [0.143894, 51.507746], [0.143783, 51.507786], [0.142322, 51.508345], [0.142177, 51.508405], [0.140723, 51.50896], [0.139972, 51.509246], [0.139394, 51.509463], [0.138492, 51.509807], [0.137449, 51.510157], [0.137232, 51.510008], [0.137234, 51.510007], [0.13722, 51.509991], [0.137212, 51.509994], [0.137194, 51.510002], [0.137113, 51.510052], [0.137034, 51.510102], [0.136199, 51.510481], [0.135455, 51.510804], [0.134562, 51.511189], [0.13445, 51.511233], [0.134299, 51.511289], [0.133907, 51.51147], [0.133521, 51.511653], [0.133423, 51.511695], [0.132971, 51.511873], [0.132736, 51.511972], [0.132583, 51.512055], [0.132516, 51.512098], [0.132364, 51.51219], [0.132192, 51.512269], [0.131955, 51.512355], [0.13179, 51.512413], [0.131508, 51.512514], [0.13121, 51.512619], [0.13092, 51.512726], [0.130511, 51.512871], [0.130225, 51.512948], [0.129968, 51.513002], [0.129786, 51.513036], [0.129564, 51.513081], [0.129191, 51.513162], [0.129027, 51.513195], [0.128752, 51.51324], [0.128522, 51.513256], [0.128364, 51.513235], [0.128051, 51.51313], [0.127968, 51.513114], [0.127595, 51.513108], [0.127016, 51.513141], [0.126806, 51.513158], [0.12664, 51.513167], [0.126355, 51.513171], [0.126217, 51.513166], [0.125917, 51.513142], [0.125664, 51.513107], [0.125069, 51.51299], [0.124937, 51.512941], [0.124833, 51.512895], [0.124545, 51.512785], [0.124214, 51.512668], [0.123809, 51.512525], [0.123372, 51.512376], [0.123236, 51.512331], [0.122703, 51.512162], [0.12248, 51.512093], [0.122088, 51.511976], [0.12183, 51.511898], [0.121298, 51.511747], [0.120969, 51.511656], [0.120795, 51.511608], [0.120274, 51.511468], [0.119901, 51.511374], [0.119582, 51.511296], [0.119135, 51.51119], [0.11862, 51.51107], [0.118386, 51.511019], [0.118121, 51.510962], [0.117804, 51.510895], [0.117642, 51.510863], [0.117166, 51.510768], [0.116794, 51.510699], [0.116438, 51.510635], [0.116041, 51.510563], [0.115646, 51.510497], [0.115312, 51.510441], [0.114986, 51.51039], [0.114614, 51.510331], [0.114216, 51.510267], [0.113855, 51.510209], [0.11346, 51.510147], [0.113048, 51.510086], [0.112553, 51.510017], [0.112056, 51.50995], [0.111401, 51.509871], [0.110653, 51.509785], [0.11019, 51.509735], [0.109663, 51.509683], [0.109218, 51.509644], [0.108875, 51.509614], [0.108528, 51.509587], [0.107816, 51.509536], [0.107133, 51.509489], [0.106894, 51.509457], [0.106819, 51.509435], [0.106548, 51.509404], [0.106163, 51.509392], [0.105934, 51.509386], [0.10593, 51.50945], [0.105879, 51.509448], [0.105839, 51.509447], [0.105785, 51.509446], [0.105751, 51.509445], [0.105697, 51.509445], [0.105669, 51.509445], [0.105532, 51.509444], [0.105245, 51.509452], [0.104906, 51.509465], [0.104514, 51.509481], [0.103994, 51.509502], [0.103688, 51.509514], [0.103109, 51.509537], [0.102958, 51.509543], [0.102346, 51.509568], [0.101911, 51.509585], [0.101453, 51.509604], [0.100967, 51.509624], [0.100675, 51.509635], [0.100311, 51.509644], [0.099989, 51.509646], [0.099675, 51.509644], [0.0994, 51.509637], [0.099102, 51.509626], [0.098715, 51.509606], [0.098563, 51.509595], [0.098072, 51.509553], [0.097853, 51.50953], [0.097584, 51.509499], [0.097355, 51.50947], [0.097116, 51.509437], [0.096746, 51.509379], [0.096393, 51.509317], [0.09608, 51.509255], [0.095788, 51.509198], [0.095576, 51.509156], [0.095225, 51.509086], [0.094795, 51.509004], [0.094547, 51.508984], [0.094463, 51.508995], [0.094302, 51.509026], [0.094092, 51.509056], [0.094086, 51.509054], [0.094076, 51.509045], [0.09388, 51.509052], [0.093314, 51.509074], [0.093114, 51.509082], [0.092936, 51.509089], [0.092905, 51.509085], [0.092778, 51.509074], [0.092698, 51.509067], [0.09247, 51.509046], [0.092214, 51.509023], [0.092051, 51.509008], [0.09199, 51.508975], [0.091932, 51.508944], [0.09193, 51.508907], [0.091926, 51.508836], [0.091921, 51.508831], [0.091913, 51.508821], [0.091906, 51.508814], [0.091874, 51.508781], [0.091843, 51.50875], [0.091771, 51.50868], [0.091706, 51.508615], [0.091628, 51.508535], [0.091616, 51.508524], [0.091601, 51.508508], [0.091588, 51.508492], [0.091578, 51.508479], [0.091577, 51.508477], [0.091571, 51.508466], [0.091566, 51.508455], [0.091561, 51.508438], [0.091554, 51.508414], [0.091543, 51.508378], [0.091535, 51.508352], [0.091523, 51.508325], [0.091507, 51.508296], [0.091499, 51.508284], [0.091432, 51.508202], [0.091409, 51.508183], [0.09136, 51.508141], [0.091299, 51.508087], [0.091225, 51.508024], [0.090995, 51.507832], [0.090771, 51.507642], [0.090632, 51.507522], [0.090529, 51.507435], [0.090306, 51.507245], [0.090216, 51.50717], [0.090166, 51.507126], [0.090156, 51.507117], [0.090133, 51.507127], [0.090128, 51.507129], [0.090126, 51.50713], [0.090121, 51.50713], [0.090119, 51.507131], [0.090114, 51.507131], [0.089823, 51.506879], [0.0898, 51.506864], [0.089767, 51.506826], [0.089722, 51.506774], [0.089677, 51.506726], [0.089662, 51.506709], [0.089645, 51.506692], [0.08964, 51.506688], [0.089627, 51.506675], [0.08957, 51.506626], [0.089444, 51.506518], [0.089343, 51.506437], [0.089178, 51.506303], [0.089006, 51.506167], [0.088825, 51.506023], [0.088652, 51.505887], [0.088562, 51.505817], [0.08847, 51.505745], [0.088407, 51.505696], [0.088363, 51.505668], [0.088315, 51.50564], [0.08823, 51.50559], [0.088211, 51.50558], [0.088192, 51.505574], [0.088147, 51.50556], [0.088125, 51.505552], [0.088109, 51.505562], [0.088086, 51.505564], [0.088069, 51.50556], [0.088064, 51.505551], [0.088063, 51.505549], [0.088067, 51.505537], [0.088066, 51.505535], [0.088061, 51.505526], [0.088048, 51.505503], [0.088041, 51.505489], [0.088034, 51.50547], [0.08803, 51.505454], [0.08802, 51.505407], [0.088007, 51.505354], [0.087992, 51.505289], [0.087977, 51.50522], [0.087961, 51.505152], [0.08794, 51.505061], [0.08793, 51.505016], [0.087924, 51.504989], [0.087913, 51.504937], [0.087894, 51.504855], [0.08789, 51.504837], [0.087891, 51.504831], [0.087884, 51.504802], [0.087871, 51.504738], [0.087852, 51.504661], [0.087834, 51.504579], [0.087819, 51.504513], [0.087807, 51.504452], [0.087787, 51.504362], [0.087767, 51.504208], [0.087752, 51.504209], [0.087668, 51.503903], [0.087658, 51.503888], [0.087654, 51.503881], [0.08765, 51.503875], [0.087643, 51.503869], [0.087636, 51.503863], [0.087627, 51.503858], [0.087619, 51.503853], [0.087613, 51.503848], [0.087607, 51.503843], [0.087524, 51.503809], [0.087439, 51.503786], [0.087354, 51.503766], [0.087228, 51.503727], [0.087217, 51.503724], [0.087206, 51.503721], [0.087196, 51.503717], [0.087188, 51.503712], [0.087172, 51.503704], [0.087158, 51.503695], [0.087144, 51.503686], [0.087129, 51.503677], [0.087116, 51.503666], [0.087105, 51.503655], [0.087098, 51.503639], [0.086983, 51.503492], [0.086811, 51.503345], [0.086835, 51.50339], [0.086791, 51.503426], [0.086709, 51.503492], [0.086631, 51.503488], [0.086366, 51.503198], [0.086149, 51.502927], [0.085938, 51.502681], [0.085693, 51.502429], [0.085646, 51.50238], [0.085278, 51.501943], [0.08509, 51.501735], [0.084869, 51.501486], [0.084738, 51.501344], [0.084502, 51.501094], [0.08435, 51.500935], [0.084057, 51.50069], [0.083978, 51.500659], [0.083695, 51.500415], [0.082591, 51.500434]], [[0.08817, 51.512385], [0.089566, 51.512873], [0.089573, 51.512876], [0.089575, 51.512876], [0.089578, 51.512878], [0.089581, 51.512879], [0.089586, 51.512883], [0.08959, 51.512885], [0.089599, 51.512893], [0.089601, 51.512895], [0.089601, 51.512896], [0.089603, 51.512898], [0.089604, 51.512899], [0.089605, 51.512901], [0.089606, 51.512902], [0.089607, 51.512904], [0.089608, 51.512906], [0.089608, 51.512908], [0.089609, 51.51291], [0.089609, 51.512917], [0.089608, 51.512919], [0.089608, 51.512921], [0.089606, 51.512928], [0.089605, 51.512929], [0.089605, 51.512931], [0.089603, 51.512932], [0.089602, 51.512934], [0.089601, 51.512936], [0.0896, 51.512937], [0.089598, 51.51294], [0.089596, 51.512942], [0.089595, 51.512943], [0.089593, 51.512945], [0.089592, 51.512946], [0.089589, 51.512947], [0.089587, 51.512949], [0.089585, 51.51295], [0.089583, 51.512951], [0.089581, 51.512953], [0.089575, 51.512955], [0.089572, 51.512956], [0.08955, 51.51296], [0.089467, 51.512973], [0.089429, 51.512979], [0.089353, 51.51299], [0.089351, 51.512991], [0.089334, 51.512993], [0.089328, 51.512994], [0.089324, 51.512994], [0.089303, 51.512994], [0.089298, 51.512994], [0.08929, 51.512992], [0.089283, 51.512991], [0.089275, 51.512989], [0.089268, 51.512987], [0.089255, 51.512983], [0.089247, 51.512981], [0.089234, 51.512976], [0.08818, 51.512608], [0.088023, 51.512553], [0.087971, 51.512535], [0.087926, 51.512519], [0.087899, 51.512494], [0.087882, 51.512476], [0.087875, 51.51247], [0.087832, 51.512429], [0.087868, 51.512441], [0.087893, 51.51245], [0.087951, 51.512471], [0.088062, 51.512348], [0.08817, 51.512385]], [[0.145722, 51.513954], [0.145727, 51.513963], [0.145731, 51.513971], [0.145734, 51.513977], [0.145752, 51.513972], [0.145766, 51.51399], [0.145792, 51.514026], [0.145796, 51.514026], [0.145897, 51.514035], [0.145992, 51.514046], [0.146102, 51.514058], [0.146023, 51.514145], [0.145971, 51.514139], [0.145901, 51.514132], [0.145621, 51.5141], [0.14544, 51.514106], [0.145276, 51.514137], [0.143922, 51.514501], [0.143906, 51.514505], [0.143892, 51.514489], [0.143908, 51.514483], [0.143908, 51.514484], [0.14563, 51.514006], [0.14559, 51.514002], [0.145579, 51.513981], [0.145642, 51.513959], [0.145652, 51.513968], [0.145715, 51.513946], [0.145722, 51.513954]], [[0.133436, 51.517318], [0.133441, 51.517321], [0.133453, 51.517389], [0.133454, 51.517392], [0.133454, 51.517396], [0.133453, 51.517399], [0.133453, 51.517401], [0.133449, 51.517406], [0.133425, 51.517419], [0.132522, 51.51749], [0.132553, 51.517522], [0.132616, 51.51759], [0.132523, 51.517624], [0.132492, 51.517592], [0.132463, 51.517561], [0.132429, 51.517524], [0.132406, 51.517499], [0.132373, 51.517502], [0.132355, 51.517403], [0.132401, 51.517387], [0.133394, 51.517311], [0.133436, 51.517318]], [[0.155347, 51.507024], [0.155355, 51.507026], [0.155361, 51.507025], [0.155465, 51.507281], [0.155508, 51.507273], [0.15562, 51.507303], [0.155691, 51.507289], [0.155705, 51.507286], [0.156226, 51.507179], [0.156242, 51.507175], [0.15676, 51.507068], [0.156777, 51.507065], [0.156845, 51.507051], [0.156933, 51.506956], [0.156981, 51.506947], [0.156984, 51.506951], [0.157103, 51.506926], [0.157263, 51.50697], [0.157325, 51.507089], [0.157238, 51.507182], [0.15712, 51.507207], [0.157121, 51.507211], [0.157073, 51.507221], [0.156914, 51.507179], [0.156844, 51.507193], [0.156828, 51.507196], [0.156801, 51.507201], [0.15631, 51.507303], [0.156293, 51.507307], [0.155718, 51.507426], [0.155701, 51.507429], [0.155262, 51.50752], [0.155245, 51.507523], [0.154669, 51.507643], [0.154653, 51.507646], [0.154135, 51.507753], [0.154119, 51.507756], [0.154051, 51.507771], [0.153962, 51.507865], [0.153914, 51.507875], [0.153912, 51.507871], [0.153793, 51.507895], [0.153633, 51.507852], [0.15357, 51.507733], [0.153655, 51.507639], [0.153774, 51.507614], [0.153772, 51.50761], [0.153821, 51.5076], [0.153978, 51.507643], [0.15405, 51.507628], [0.154067, 51.507625], [0.154586, 51.507518], [0.154602, 51.507515], [0.155119, 51.507407], [0.155136, 51.507404], [0.155205, 51.50739], [0.155268, 51.507323], [0.155295, 51.507317], [0.155307, 51.507315], [0.155306, 51.507311], [0.1552, 51.507051], [0.155206, 51.50705], [0.155209, 51.507046], [0.155075, 51.506718], [0.155215, 51.506699], [0.155347, 51.507024]], [[0.15564, 51.511495], [0.15566, 51.511558], [0.155464, 51.511583], [0.155438, 51.511586], [0.154809, 51.511667], [0.154847, 51.511688], [0.154865, 51.511698], [0.154866, 51.511701], [0.15487, 51.511712], [0.154728, 51.511722], [0.154311, 51.511752], [0.154326, 51.511752], [0.154355, 51.511751], [0.154372, 51.511751], [0.154196, 51.51176], [0.154167, 51.511763], [0.154049, 51.511783], [0.15383, 51.511826], [0.153634, 51.511866], [0.15313, 51.511965], [0.15287, 51.512018], [0.152638, 51.51207], [0.152303, 51.512143], [0.152069, 51.512186], [0.151714, 51.512246], [0.151375, 51.512318], [0.15115, 51.512364], [0.15092, 51.512405], [0.150767, 51.51243], [0.150556, 51.512472], [0.150511, 51.512482], [0.150474, 51.512491], [0.150373, 51.512526], [0.150183, 51.512616], [0.15001, 51.512674], [0.150186, 51.512579], [0.149492, 51.512791], [0.149817, 51.512606], [0.149792, 51.512612], [0.14978, 51.512591], [0.149754, 51.512597], [0.149739, 51.51257], [0.149946, 51.512521], [0.149951, 51.512529], [0.150052, 51.512472], [0.150049, 51.512468], [0.150039, 51.512454], [0.150035, 51.512448], [0.150049, 51.512445], [0.150075, 51.512439], [0.154743, 51.511532], [0.154814, 51.511522], [0.154952, 51.511506], [0.15557, 51.511428], [0.15564, 51.511495]]]}, "properties": {"FID": 130, "FEATCODE": 25608}}, {"type": "Feature", "id": 132, "geometry": {"type": "Polygon", "coordinates": [[[-0.253204, 51.472462], [-0.253296, 51.472516], [-0.253327, 51.472535], [-0.253332, 51.472538], [-0.253508, 51.472642], [-0.253535, 51.472658], [-0.253683, 51.472745], [-0.253922, 51.472887], [-0.253924, 51.472889], [-0.253951, 51.472905], [-0.254171, 51.473036], [-0.254235, 51.473074], [-0.254332, 51.473132], [-0.254274, 51.473226], [-0.254195, 51.473326], [-0.254005, 51.47354], [-0.253855, 51.473688], [-0.25383, 51.473711], [-0.253617, 51.473928], [-0.253524, 51.474019], [-0.253414, 51.474142], [-0.253183, 51.474443], [-0.252996, 51.474686], [-0.252895, 51.47482], [-0.252721, 51.475058], [-0.25261, 51.475217], [-0.252459, 51.475456], [-0.252352, 51.475643], [-0.252209, 51.475917], [-0.25208, 51.476178], [-0.251932, 51.47649], [-0.251879, 51.476604], [-0.251725, 51.476937], [-0.251677, 51.477042], [-0.251591, 51.477241], [-0.251528, 51.477398], [-0.251486, 51.477517], [-0.251445, 51.477646], [-0.25137, 51.477905], [-0.251329, 51.478084], [-0.251291, 51.478302], [-0.251276, 51.478414], [-0.251264, 51.478548], [-0.251259, 51.478674], [-0.251262, 51.478787], [-0.251274, 51.478949], [-0.251284, 51.47905], [-0.251296, 51.479199], [-0.251316, 51.479431], [-0.251342, 51.479724], [-0.251376, 51.480101], [-0.251402, 51.480253], [-0.25147, 51.4806], [-0.251505, 51.480827], [-0.251516, 51.480923], [-0.251518, 51.481016], [-0.251516, 51.481185], [-0.25151, 51.481331], [-0.251501, 51.481436], [-0.251472, 51.481705], [-0.251441, 51.481907], [-0.251412, 51.482054], [-0.251383, 51.482173], [-0.251343, 51.482313], [-0.251278, 51.482511], [-0.251206, 51.482624], [-0.251168, 51.482665], [-0.251088, 51.482805], [-0.251025, 51.482981], [-0.250938, 51.48321], [-0.250863, 51.4834], [-0.250741, 51.483658], [-0.250617, 51.483905], [-0.25049, 51.484138], [-0.250361, 51.484364], [-0.250264, 51.484532], [-0.250122, 51.484763], [-0.250014, 51.484909], [-0.249877, 51.485079], [-0.249724, 51.485258], [-0.249528, 51.485496], [-0.249521, 51.485558], [-0.249622, 51.485683], [-0.249581, 51.48574], [-0.249357, 51.485933], [-0.249281, 51.486005], [-0.249188, 51.48607], [-0.249071, 51.486151], [-0.248861, 51.486322], [-0.248604, 51.48654], [-0.248544, 51.486591], [-0.248404, 51.486705], [-0.248291, 51.486838], [-0.248278, 51.486878], [-0.247912, 51.487133], [-0.247617, 51.487305], [-0.247494, 51.487317], [-0.247372, 51.487353], [-0.247195, 51.487455], [-0.24696, 51.487605], [-0.246885, 51.487652], [-0.24666, 51.487783], [-0.246462, 51.487885], [-0.246168, 51.488038], [-0.245996, 51.488129], [-0.245861, 51.488196], [-0.245564, 51.488336], [-0.24536, 51.488418], [-0.245186, 51.488488], [-0.245011, 51.488552], [-0.244678, 51.488655], [-0.244438, 51.488741], [-0.244179, 51.488838], [-0.243811, 51.488972], [-0.243608, 51.489065], [-0.243572, 51.489088], [-0.243377, 51.489206], [-0.243173, 51.489345], [-0.242993, 51.489446], [-0.242763, 51.489525], [-0.242445, 51.489615], [-0.242128, 51.489704], [-0.241897, 51.489778], [-0.241779, 51.489827], [-0.241714, 51.489854], [-0.241026, 51.490007], [-0.240945, 51.490022], [-0.240516, 51.490097], [-0.240024, 51.490169], [-0.239712, 51.490206], [-0.239303, 51.490226], [-0.239055, 51.49025], [-0.238467, 51.490321], [-0.238465, 51.490319], [-0.238463, 51.490317], [-0.238461, 51.490315], [-0.238459, 51.490314], [-0.238457, 51.490312], [-0.238455, 51.49031], [-0.238452, 51.490309], [-0.238451, 51.490308], [-0.23845, 51.490307], [-0.238447, 51.490305], [-0.238445, 51.490304], [-0.238442, 51.490303], [-0.238439, 51.490301], [-0.238437, 51.4903], [-0.238434, 51.490299], [-0.238431, 51.490297], [-0.238428, 51.490296], [-0.238425, 51.490295], [-0.238422, 51.490294], [-0.238419, 51.490293], [-0.238416, 51.490292], [-0.238413, 51.490291], [-0.23841, 51.49029], [-0.238406, 51.490289], [-0.238403, 51.490288], [-0.2384, 51.490287], [-0.238396, 51.490287], [-0.238393, 51.490286], [-0.23839, 51.490286], [-0.238386, 51.490285], [-0.238383, 51.490285], [-0.238379, 51.490284], [-0.238376, 51.490284], [-0.238372, 51.490284], [-0.238369, 51.490284], [-0.238366, 51.490283], [-0.238362, 51.490283], [-0.238358, 51.490283], [-0.238355, 51.490283], [-0.238352, 51.490284], [-0.238348, 51.490284], [-0.237716, 51.490319], [-0.237715, 51.490319], [-0.236203, 51.490377], [-0.236202, 51.490377], [-0.23508, 51.490404], [-0.235076, 51.490404], [-0.235073, 51.490404], [-0.235069, 51.490404], [-0.235066, 51.490404], [-0.235062, 51.490405], [-0.235059, 51.490405], [-0.235056, 51.490406], [-0.235052, 51.490406], [-0.235049, 51.490407], [-0.235046, 51.490407], [-0.235042, 51.490408], [-0.235039, 51.490409], [-0.235036, 51.49041], [-0.235032, 51.490411], [-0.235029, 51.490411], [-0.235027, 51.490412], [-0.234989, 51.490405], [-0.234746, 51.490392], [-0.234417, 51.490408], [-0.234407, 51.490403], [-0.234386, 51.490403], [-0.234375, 51.490412], [-0.234163, 51.490417], [-0.234076, 51.490414], [-0.233112, 51.490309], [-0.231487, 51.489759], [-0.231435, 51.489736], [-0.231436, 51.489734], [-0.231437, 51.489732], [-0.231437, 51.489729], [-0.231438, 51.489727], [-0.231438, 51.489725], [-0.231438, 51.489723], [-0.231439, 51.489721], [-0.231439, 51.489719], [-0.231439, 51.489716], [-0.231438, 51.489714], [-0.231438, 51.489712], [-0.231438, 51.48971], [-0.231438, 51.489708], [-0.231437, 51.489705], [-0.231437, 51.489703], [-0.231436, 51.489701], [-0.231435, 51.489699], [-0.231434, 51.489697], [-0.231433, 51.489695], [-0.231432, 51.489693], [-0.231431, 51.489691], [-0.23143, 51.489689], [-0.231429, 51.489687], [-0.231427, 51.489685], [-0.231426, 51.489683], [-0.231424, 51.489681], [-0.231423, 51.489679], [-0.231421, 51.489677], [-0.231419, 51.489675], [-0.231417, 51.489673], [-0.231415, 51.489671], [-0.231413, 51.489669], [-0.231411, 51.489668], [-0.231409, 51.489666], [-0.231407, 51.489664], [-0.231404, 51.489663], [-0.231402, 51.489661], [-0.231399, 51.48966], [-0.231397, 51.489658], [-0.231394, 51.489657], [-0.231391, 51.489655], [-0.231389, 51.489654], [-0.231386, 51.489653], [-0.231383, 51.489651], [-0.23138, 51.48965], [-0.231377, 51.489649], [-0.231374, 51.489648], [-0.231371, 51.489647], [-0.231368, 51.489646], [-0.231365, 51.489645], [-0.231362, 51.489644], [-0.231358, 51.489643], [-0.231355, 51.489643], [-0.231352, 51.489642], [-0.231348, 51.489641], [-0.231345, 51.489641], [-0.231342, 51.48964], [-0.231338, 51.489639], [-0.231335, 51.489639], [-0.231331, 51.489639], [-0.231328, 51.489638], [-0.231324, 51.489638], [-0.231321, 51.489638], [-0.231317, 51.489638], [-0.231314, 51.489638], [-0.23131, 51.489638], [-0.231307, 51.489638], [-0.231303, 51.489638], [-0.2313, 51.489638], [-0.231297, 51.489638], [-0.231293, 51.489639], [-0.23129, 51.489639], [-0.231286, 51.489639], [-0.231283, 51.48964], [-0.231279, 51.48964], [-0.231276, 51.489641], [-0.231273, 51.489642], [-0.231269, 51.489642], [-0.231266, 51.489643], [-0.231263, 51.489644], [-0.23126, 51.489645], [-0.231256, 51.489646], [-0.231253, 51.489647], [-0.23125, 51.489648], [-0.231247, 51.489649], [-0.231244, 51.48965], [-0.231242, 51.489651], [-0.231238, 51.489649], [-0.231101, 51.489597], [-0.230985, 51.489553], [-0.230877, 51.489512], [-0.230886, 51.489502], [-0.230872, 51.489498], [-0.230831, 51.489483], [-0.230778, 51.489464], [-0.230541, 51.489392], [-0.230414, 51.489363], [-0.230331, 51.489344], [-0.230179, 51.489312], [-0.23014, 51.489304], [-0.229773, 51.48918], [-0.229773, 51.48918], [-0.229772, 51.489178], [-0.22977, 51.489176], [-0.229768, 51.489174], [-0.229766, 51.489172], [-0.229764, 51.48917], [-0.229762, 51.489168], [-0.22976, 51.489167], [-0.229758, 51.489165], [-0.229756, 51.489163], [-0.229753, 51.489162], [-0.229751, 51.48916], [-0.229748, 51.489159], [-0.229746, 51.489157], [-0.229745, 51.489156], [-0.229743, 51.489156], [-0.229741, 51.489154], [-0.229738, 51.489153], [-0.229735, 51.489151], [-0.229732, 51.48915], [-0.229729, 51.489149], [-0.229726, 51.489148], [-0.229723, 51.489147], [-0.22972, 51.489146], [-0.229717, 51.489145], [-0.229714, 51.489144], [-0.229711, 51.489143], [-0.229708, 51.489142], [-0.229704, 51.489141], [-0.229701, 51.48914], [-0.229698, 51.48914], [-0.229694, 51.489139], [-0.229691, 51.489139], [-0.229687, 51.489138], [-0.229684, 51.489138], [-0.229681, 51.489137], [-0.229678, 51.489137], [-0.229695, 51.489109], [-0.229677, 51.489105], [-0.229658, 51.489135], [-0.22963, 51.489128], [-0.229813, 51.488953], [-0.229817, 51.488952], [-0.229824, 51.488951], [-0.229846, 51.488947], [-0.229867, 51.488942], [-0.229861, 51.488911], [-0.229859, 51.488908], [-0.230221, 51.488563], [-0.230194, 51.48855], [-0.230206, 51.488538], [-0.230267, 51.488479], [-0.230767, 51.488003], [-0.23077, 51.488], [-0.230773, 51.487997], [-0.230777, 51.487994], [-0.23078, 51.487991], [-0.230784, 51.487989], [-0.230789, 51.487988], [-0.23081, 51.48798], [-0.230817, 51.48798], [-0.230824, 51.48798], [-0.230836, 51.487978], [-0.23084, 51.487978], [-0.230844, 51.487976], [-0.23087, 51.48797], [-0.230869, 51.487963], [-0.230866, 51.487952], [-0.230864, 51.487946], [-0.230865, 51.487946], [-0.23108, 51.487741], [-0.231273, 51.487844], [-0.231465, 51.487942], [-0.231847, 51.488123], [-0.232038, 51.488202], [-0.232334, 51.488312], [-0.23255, 51.488383], [-0.232812, 51.488461], [-0.233173, 51.488558], [-0.233436, 51.488623], [-0.233684, 51.488678], [-0.233975, 51.488737], [-0.234172, 51.488772], [-0.234571, 51.488834], [-0.234773, 51.488861], [-0.234982, 51.488886], [-0.235382, 51.488926], [-0.235617, 51.488963], [-0.235684, 51.488978], [-0.235927, 51.488991], [-0.235987, 51.488986], [-0.236161, 51.488979], [-0.236596, 51.488988], [-0.237, 51.48899], [-0.237278, 51.488984], [-0.237704, 51.488972], [-0.237702, 51.488955], [-0.237877, 51.488944], [-0.23796, 51.48894], [-0.238043, 51.488934], [-0.238106, 51.488929], [-0.23817, 51.488923], [-0.238245, 51.488916], [-0.23832, 51.48891], [-0.238416, 51.488901], [-0.238512, 51.488892], [-0.23861, 51.488882], [-0.238708, 51.488871], [-0.23891, 51.488851], [-0.239015, 51.488839], [-0.239122, 51.488825], [-0.239223, 51.488808], [-0.239325, 51.48879], [-0.239412, 51.488773], [-0.2395, 51.488756], [-0.239589, 51.488736], [-0.239676, 51.488716], [-0.239802, 51.488688], [-0.239927, 51.488659], [-0.240037, 51.488627], [-0.240049, 51.488624], [-0.240061, 51.488642], [-0.240307, 51.488572], [-0.240655, 51.488452], [-0.24068, 51.488443], [-0.240822, 51.48839], [-0.241101, 51.48828], [-0.241285, 51.488201], [-0.241517, 51.488092], [-0.241803, 51.487946], [-0.24196, 51.487861], [-0.242142, 51.487762], [-0.242659, 51.487466], [-0.242949, 51.4873], [-0.243125, 51.487197], [-0.243665, 51.486885], [-0.243951, 51.486717], [-0.244259, 51.486534], [-0.244501, 51.48639], [-0.244731, 51.486255], [-0.245019, 51.486086], [-0.245194, 51.485983], [-0.245831, 51.48561], [-0.24598, 51.485521], [-0.246187, 51.485397], [-0.246422, 51.485255], [-0.246665, 51.485104], [-0.247028, 51.484872], [-0.247243, 51.484733], [-0.24757, 51.484511], [-0.247797, 51.484346], [-0.248021, 51.484177], [-0.248088, 51.484124], [-0.248353, 51.483895], [-0.24852, 51.48373], [-0.248679, 51.483551], [-0.248829, 51.48336], [-0.248987, 51.48313], [-0.249042, 51.48304], [-0.249158, 51.482823], [-0.249248, 51.482624], [-0.249317, 51.482426], [-0.249348, 51.482315], [-0.24938, 51.482174], [-0.249412, 51.481969], [-0.249432, 51.481743], [-0.249438, 51.481584], [-0.249439, 51.481407], [-0.249431, 51.481211], [-0.249406, 51.480932], [-0.249369, 51.480678], [-0.249324, 51.480404], [-0.249301, 51.480278], [-0.249272, 51.480098], [-0.249247, 51.479893], [-0.249232, 51.479653], [-0.249233, 51.479408], [-0.249246, 51.479153], [-0.249269, 51.478881], [-0.249339, 51.478277], [-0.249376, 51.478017], [-0.249412, 51.47779], [-0.249456, 51.477516], [-0.249485, 51.477332], [-0.249556, 51.476855], [-0.249583, 51.476629], [-0.249613, 51.476445], [-0.249621, 51.476371], [-0.249712, 51.476091], [-0.249736, 51.476012], [-0.25035, 51.47518], [-0.250351, 51.475178], [-0.250351, 51.475178], [-0.250763, 51.474603], [-0.251467, 51.473658], [-0.251537, 51.47358], [-0.251609, 51.473516], [-0.25264, 51.472754], [-0.252683, 51.472725], [-0.252834, 51.472624], [-0.253139, 51.472424], [-0.253204, 51.472462]], [[-0.24735, 51.486632], [-0.247113, 51.486713], [-0.246737, 51.486865], [-0.246663, 51.486908], [-0.246495, 51.486997], [-0.246363, 51.487047], [-0.246242, 51.487095], [-0.246116, 51.487155], [-0.246016, 51.487204], [-0.245803, 51.487329], [-0.245651, 51.487427], [-0.245513, 51.487518], [-0.245257, 51.48766], [-0.24505, 51.487792], [-0.244927, 51.487893], [-0.244755, 51.487997], [-0.244686, 51.48803], [-0.244595, 51.488087], [-0.244547, 51.488138], [-0.244545, 51.488213], [-0.244599, 51.488233], [-0.244713, 51.488224], [-0.244872, 51.488185], [-0.245101, 51.488108], [-0.245344, 51.488018], [-0.245724, 51.48786], [-0.245878, 51.487783], [-0.246033, 51.487699], [-0.246255, 51.487587], [-0.246437, 51.487485], [-0.246679, 51.487321], [-0.246887, 51.487155], [-0.24703, 51.487044], [-0.247157, 51.486961], [-0.247254, 51.486907], [-0.247657, 51.486597], [-0.247576, 51.486586], [-0.24735, 51.486632]]]}, "properties": {"FID": 132, "FEATCODE": 25608}}, {"type": "Feature", "id": 133, "geometry": {"type": "Polygon", "coordinates": [[[0.074571, 51.501474], [0.074637, 51.501602], [0.07483, 51.50162], [0.075014, 51.501602], [0.075189, 51.501526], [0.075251, 51.501469], [0.075305, 51.501352], [0.075287, 51.501223], [0.075211, 51.501086], [0.07505, 51.500892], [0.074925, 51.500761], [0.074738, 51.500574], [0.073868, 51.500589], [0.074571, 51.501474]]]}, "properties": {"FID": 133, "FEATCODE": 25608}}, {"type": "Feature", "id": 134, "geometry": {"type": "Polygon", "coordinates": [[[0.082867, 51.49955], [0.082609, 51.499293], [0.082511, 51.499355], [0.082432, 51.499423], [0.082289, 51.499569], [0.082234, 51.499619], [0.08201, 51.49986], [0.08202, 51.499948], [0.0821, 51.500062], [0.082185, 51.500136], [0.082299, 51.500213], [0.082466, 51.500331], [0.082591, 51.500434], [0.083695, 51.500415], [0.082867, 51.49955]]]}, "properties": {"FID": 134, "FEATCODE": 25608}}, {"type": "Feature", "id": 135, "geometry": {"type": "Polygon", "coordinates": [[[-0.215557, 51.467232], [-0.215468, 51.467303], [-0.215489, 51.467314], [-0.215579, 51.467242], [-0.215609, 51.467218], [-0.215664, 51.467174], [-0.21567, 51.467177], [-0.215674, 51.467173], [-0.215692, 51.467181], [-0.215701, 51.467174], [-0.215724, 51.467156], [-0.21573, 51.467151], [-0.215713, 51.467143], [-0.215716, 51.46714], [-0.215711, 51.467137], [-0.215801, 51.467067], [-0.215805, 51.467069], [-0.215843, 51.467039], [-0.216115, 51.467163], [-0.216318, 51.467258], [-0.216516, 51.467353], [-0.216748, 51.467471], [-0.216751, 51.467472], [-0.216751, 51.467472], [-0.216843, 51.46752], [-0.216842, 51.467522], [-0.216883, 51.467541], [-0.217517, 51.467869], [-0.218773, 51.468675], [-0.218774, 51.468675], [-0.220226, 51.469738], [-0.220226, 51.469738], [-0.220228, 51.469739], [-0.220229, 51.46974], [-0.22073, 51.470114], [-0.220814, 51.470179], [-0.220843, 51.470203], [-0.221088, 51.4704], [-0.221308, 51.470571], [-0.221955, 51.471076], [-0.22225, 51.471304], [-0.222511, 51.471508], [-0.222626, 51.471579], [-0.222838, 51.471745], [-0.222841, 51.471747], [-0.222843, 51.471748], [-0.222845, 51.47175], [-0.222848, 51.471751], [-0.22285, 51.471753], [-0.222853, 51.471755], [-0.222855, 51.471756], [-0.222858, 51.471757], [-0.222858, 51.471757], [-0.22292, 51.471728], [-0.222946, 51.471748], [-0.222909, 51.471773], [-0.222911, 51.471773], [-0.222915, 51.471773], [-0.222918, 51.471774], [-0.222922, 51.471774], [-0.222925, 51.471774], [-0.222929, 51.471775], [-0.222932, 51.471775], [-0.222936, 51.471775], [-0.222939, 51.471775], [-0.222943, 51.471775], [-0.222946, 51.471775], [-0.22295, 51.471774], [-0.222953, 51.471774], [-0.222957, 51.471774], [-0.22296, 51.471773], [-0.222963, 51.471773], [-0.222967, 51.471773], [-0.22297, 51.471772], [-0.222974, 51.471771], [-0.222976, 51.471771], [-0.222986, 51.471779], [-0.222943, 51.471838], [-0.222956, 51.47185], [-0.223458, 51.472277], [-0.223489, 51.472303], [-0.2235, 51.472313], [-0.223529, 51.472339], [-0.223551, 51.472357], [-0.223577, 51.472381], [-0.223761, 51.472543], [-0.223776, 51.472557], [-0.223852, 51.472628], [-0.223879, 51.472655], [-0.2239, 51.472672], [-0.223917, 51.472688], [-0.223933, 51.472703], [-0.223972, 51.472739], [-0.224011, 51.472776], [-0.224027, 51.472791], [-0.224042, 51.472805], [-0.224066, 51.472828], [-0.224089, 51.472851], [-0.224127, 51.472887], [-0.224158, 51.472918], [-0.224179, 51.472939], [-0.224192, 51.472951], [-0.224204, 51.472964], [-0.224209, 51.472968], [-0.224246, 51.473008], [-0.224264, 51.473026], [-0.22428, 51.473042], [-0.224296, 51.47306], [-0.224322, 51.473086], [-0.224343, 51.473108], [-0.224368, 51.473134], [-0.224386, 51.473154], [-0.2244, 51.47317], [-0.224426, 51.473196], [-0.224437, 51.473207], [-0.224446, 51.473217], [-0.224946, 51.473749], [-0.224963, 51.473782], [-0.225032, 51.473882], [-0.225128, 51.473984], [-0.225212, 51.474074], [-0.2254, 51.474299], [-0.225547, 51.474482], [-0.225767, 51.474753], [-0.225908, 51.474931], [-0.226016, 51.475071], [-0.226198, 51.475309], [-0.226308, 51.47547], [-0.226368, 51.475574], [-0.226483, 51.475796], [-0.226537, 51.475913], [-0.226608, 51.476081], [-0.226676, 51.476277], [-0.226714, 51.476403], [-0.226764, 51.476597], [-0.226811, 51.47685], [-0.226843, 51.477063], [-0.22686, 51.477249], [-0.226867, 51.477481], [-0.22686, 51.477801], [-0.226842, 51.47803], [-0.226817, 51.47824], [-0.226771, 51.478543], [-0.226739, 51.478789], [-0.226725, 51.478987], [-0.226721, 51.479242], [-0.226722, 51.479408], [-0.226729, 51.479601], [-0.226736, 51.479723], [-0.226755, 51.479966], [-0.226815, 51.480578], [-0.226839, 51.480793], [-0.226862, 51.480967], [-0.226892, 51.481151], [-0.226955, 51.481532], [-0.226985, 51.481725], [-0.227026, 51.481982], [-0.2271, 51.482392], [-0.227138, 51.482585], [-0.227207, 51.482919], [-0.227251, 51.483125], [-0.227289, 51.483299], [-0.227338, 51.483495], [-0.227403, 51.483707], [-0.227454, 51.483852], [-0.227514, 51.484002], [-0.22762, 51.48431], [-0.227619, 51.484357], [-0.227648, 51.484468], [-0.227763, 51.484673], [-0.227968, 51.485001], [-0.228057, 51.485095], [-0.228092, 51.485125], [-0.228255, 51.48531], [-0.228335, 51.485416], [-0.228348, 51.485413], [-0.228358, 51.485424], [-0.228374, 51.485447], [-0.228425, 51.48551], [-0.228475, 51.485573], [-0.228525, 51.485634], [-0.228552, 51.485666], [-0.228579, 51.485698], [-0.228636, 51.485761], [-0.228673, 51.485804], [-0.22871, 51.485847], [-0.228734, 51.485873], [-0.228759, 51.485901], [-0.228799, 51.485943], [-0.22884, 51.485984], [-0.228879, 51.486023], [-0.228919, 51.486063], [-0.228953, 51.486098], [-0.228989, 51.486133], [-0.229012, 51.486155], [-0.229017, 51.48616], [-0.229006, 51.486164], [-0.229293, 51.486438], [-0.22938, 51.486515], [-0.229576, 51.486677], [-0.229705, 51.486778], [-0.229933, 51.486957], [-0.229945, 51.486951], [-0.229972, 51.486972], [-0.230089, 51.487061], [-0.230399, 51.487292], [-0.230426, 51.487313], [-0.230507, 51.487368], [-0.230496, 51.487374], [-0.23062, 51.487459], [-0.230806, 51.487581], [-0.230891, 51.487631], [-0.230656, 51.487856], [-0.230653, 51.487856], [-0.230651, 51.487856], [-0.230645, 51.487855], [-0.230639, 51.487856], [-0.230607, 51.487863], [-0.230604, 51.487863], [-0.230605, 51.487876], [-0.230606, 51.487879], [-0.230608, 51.487883], [-0.230609, 51.487885], [-0.23061, 51.487888], [-0.230612, 51.487891], [-0.230614, 51.487895], [-0.230621, 51.487903], [-0.230619, 51.487912], [-0.230615, 51.487921], [-0.230601, 51.487938], [-0.230593, 51.487947], [-0.230583, 51.487955], [-0.230417, 51.488115], [-0.230096, 51.488425], [-0.23006, 51.488459], [-0.230044, 51.488476], [-0.230023, 51.488462], [-0.229642, 51.488826], [-0.22963, 51.488827], [-0.229601, 51.488834], [-0.229599, 51.488835], [-0.229596, 51.488838], [-0.229595, 51.48884], [-0.229595, 51.488843], [-0.229596, 51.488845], [-0.229599, 51.488857], [-0.229601, 51.488865], [-0.2294, 51.489058], [-0.22921, 51.48893], [-0.229204, 51.48893], [-0.229137, 51.489], [-0.229116, 51.488995], [-0.229064, 51.488965], [-0.229158, 51.488883], [-0.228837, 51.488756], [-0.228832, 51.488759], [-0.228797, 51.48874], [-0.228849, 51.488705], [-0.2288, 51.488678], [-0.22879, 51.488673], [-0.22878, 51.488667], [-0.228773, 51.488663], [-0.228765, 51.488659], [-0.228754, 51.488653], [-0.228743, 51.488648], [-0.228707, 51.488635], [-0.228647, 51.488486], [-0.22846, 51.488263], [-0.228265, 51.488061], [-0.228133, 51.487933], [-0.228023, 51.487831], [-0.227933, 51.487746], [-0.227618, 51.487436], [-0.227439, 51.4873], [-0.227392, 51.487273], [-0.227165, 51.487081], [-0.227113, 51.487038], [-0.22685, 51.486749], [-0.226813, 51.486699], [-0.226734, 51.486598], [-0.226079, 51.485711], [-0.225959, 51.48555], [-0.225771, 51.485299], [-0.225553, 51.48501], [-0.225415, 51.484824], [-0.225295, 51.484662], [-0.225169, 51.484493], [-0.225079, 51.484372], [-0.224984, 51.484238], [-0.224882, 51.48408], [-0.224662, 51.483734], [-0.22452, 51.483497], [-0.224086, 51.482432], [-0.224035, 51.482336], [-0.223847, 51.482076], [-0.223834, 51.482066], [-0.223834, 51.482064], [-0.223834, 51.482062], [-0.223834, 51.48206], [-0.223833, 51.482058], [-0.223833, 51.482055], [-0.223832, 51.482053], [-0.223832, 51.482051], [-0.223831, 51.482049], [-0.22383, 51.482047], [-0.223829, 51.482045], [-0.223828, 51.482043], [-0.223827, 51.482041], [-0.223826, 51.482039], [-0.223824, 51.482037], [-0.223732, 51.481902], [-0.223888, 51.481805], [-0.223969, 51.481747], [-0.224022, 51.481626], [-0.224016, 51.481483], [-0.223987, 51.481297], [-0.223964, 51.481156], [-0.223925, 51.480876], [-0.223905, 51.480679], [-0.223891, 51.480417], [-0.223888, 51.480326], [-0.22385, 51.480021], [-0.223817, 51.479779], [-0.223797, 51.479505], [-0.223778, 51.479111], [-0.223768, 51.47889], [-0.223759, 51.478728], [-0.223742, 51.478497], [-0.223716, 51.478269], [-0.223678, 51.477999], [-0.223646, 51.477804], [-0.223591, 51.477497], [-0.223549, 51.477293], [-0.223489, 51.477057], [-0.223413, 51.476814], [-0.223365, 51.476662], [-0.223275, 51.476391], [-0.223239, 51.476284], [-0.223177, 51.476121], [-0.22309, 51.475912], [-0.222993, 51.475672], [-0.222928, 51.475492], [-0.222839, 51.475307], [-0.222754, 51.475191], [-0.222717, 51.475082], [-0.222711, 51.475066], [-0.222702, 51.475041], [-0.222696, 51.475027], [-0.22269, 51.475014], [-0.222685, 51.475003], [-0.22268, 51.474992], [-0.22267, 51.474968], [-0.22266, 51.47495], [-0.222657, 51.474943], [-0.222653, 51.474935], [-0.222604, 51.474835], [-0.222592, 51.474812], [-0.22258, 51.474789], [-0.22257, 51.474772], [-0.222562, 51.474754], [-0.222553, 51.47474], [-0.222545, 51.474725], [-0.222533, 51.474704], [-0.22252, 51.474683], [-0.222508, 51.474662], [-0.222496, 51.474642], [-0.222485, 51.474624], [-0.222475, 51.474607], [-0.222459, 51.474582], [-0.222443, 51.474558], [-0.22243, 51.474538], [-0.222418, 51.474518], [-0.222402, 51.474496], [-0.222387, 51.474473], [-0.222372, 51.474453], [-0.222358, 51.474433], [-0.222346, 51.474417], [-0.222336, 51.474401], [-0.222325, 51.474387], [-0.222314, 51.474373], [-0.222305, 51.47436], [-0.222294, 51.474347], [-0.222281, 51.47433], [-0.222266, 51.474313], [-0.222239, 51.47428], [-0.222218, 51.474255], [-0.22221, 51.474247], [-0.222203, 51.474239], [-0.222193, 51.474227], [-0.222182, 51.474214], [-0.222171, 51.474202], [-0.222161, 51.47419], [-0.222148, 51.474177], [-0.222136, 51.474164], [-0.222103, 51.474129], [-0.222094, 51.474121], [-0.222086, 51.474113], [-0.22208, 51.474106], [-0.222069, 51.474095], [-0.222065, 51.47409], [-0.222062, 51.474086], [-0.222059, 51.474083], [-0.222056, 51.474079], [-0.222052, 51.474076], [-0.222046, 51.47407], [-0.222039, 51.474064], [-0.222021, 51.474046], [-0.222015, 51.47404], [-0.222009, 51.474035], [-0.222, 51.474026], [-0.221993, 51.474019], [-0.221948, 51.473974], [-0.221878, 51.473907], [-0.221904, 51.473899], [-0.221908, 51.473901], [-0.221854, 51.473804], [-0.221572, 51.473524], [-0.221418, 51.47339], [-0.2211, 51.47312], [-0.22091, 51.472961], [-0.220381, 51.472521], [-0.220196, 51.472366], [-0.219905, 51.472123], [-0.219708, 51.471958], [-0.219516, 51.471796], [-0.219315, 51.471628], [-0.219109, 51.471488], [-0.219044, 51.471454], [-0.218981, 51.471402], [-0.21895, 51.47136], [-0.218766, 51.471174], [-0.218564, 51.471005], [-0.218066, 51.470589], [-0.217831, 51.470392], [-0.217518, 51.470131], [-0.217378, 51.470015], [-0.217251, 51.469915], [-0.217127, 51.469823], [-0.216971, 51.469714], [-0.216706, 51.469542], [-0.216568, 51.469459], [-0.216266, 51.469293], [-0.215946, 51.469139], [-0.215689, 51.469026], [-0.215493, 51.468948], [-0.215192, 51.468834], [-0.214966, 51.468748], [-0.214458, 51.468557], [-0.214322, 51.468506], [-0.213997, 51.468384], [-0.213821, 51.468339], [-0.213739, 51.468322], [-0.213646, 51.468288], [-0.213589, 51.468253], [-0.21324, 51.468101], [-0.212888, 51.467971], [-0.212566, 51.467856], [-0.212304, 51.467744], [-0.212265, 51.467722], [-0.212452, 51.467556], [-0.212475, 51.467536], [-0.212477, 51.467534], [-0.212543, 51.467477], [-0.212549, 51.46748], [-0.212555, 51.467481], [-0.212564, 51.467483], [-0.212577, 51.467484], [-0.212593, 51.467483], [-0.212604, 51.467482], [-0.212614, 51.467481], [-0.212619, 51.467479], [-0.212621, 51.467477], [-0.212623, 51.467475], [-0.212624, 51.46747], [-0.212623, 51.467465], [-0.212621, 51.467458], [-0.212617, 51.46745], [-0.212612, 51.467445], [-0.212606, 51.467438], [-0.212597, 51.46743], [-0.212919, 51.467145], [-0.212928, 51.467148], [-0.212934, 51.46715], [-0.212942, 51.467151], [-0.212954, 51.467151], [-0.212967, 51.467151], [-0.212982, 51.46715], [-0.212983, 51.46715], [-0.212988, 51.467149], [-0.212992, 51.467148], [-0.212993, 51.467147], [-0.212995, 51.467145], [-0.212997, 51.467143], [-0.212997, 51.467142], [-0.212998, 51.467139], [-0.212998, 51.467137], [-0.212996, 51.467134], [-0.212994, 51.467128], [-0.21299, 51.46712], [-0.212986, 51.467113], [-0.212978, 51.467105], [-0.21297, 51.467099], [-0.213122, 51.466964], [-0.213331, 51.46678], [-0.213341, 51.466784], [-0.21335, 51.466786], [-0.21336, 51.466787], [-0.213373, 51.466787], [-0.213392, 51.466785], [-0.213402, 51.466783], [-0.213405, 51.466781], [-0.213407, 51.466779], [-0.213409, 51.466777], [-0.213409, 51.466775], [-0.213409, 51.46677], [-0.213401, 51.466757], [-0.213395, 51.466746], [-0.21339, 51.466741], [-0.213382, 51.466736], [-0.213698, 51.466453], [-0.213701, 51.466451], [-0.213701, 51.466451], [-0.213739, 51.466457], [-0.213778, 51.466455], [-0.213778, 51.466441], [-0.213775, 51.466427], [-0.213771, 51.466421], [-0.213752, 51.466405], [-0.213845, 51.466323], [-0.213848, 51.466322], [-0.213853, 51.46632], [-0.213857, 51.466319], [-0.213862, 51.466317], [-0.213867, 51.466316], [-0.213871, 51.466314], [-0.213875, 51.466312], [-0.21388, 51.46631], [-0.213884, 51.466308], [-0.213888, 51.466306], [-0.213892, 51.466304], [-0.213896, 51.466301], [-0.213899, 51.466299], [-0.213903, 51.466297], [-0.213907, 51.466294], [-0.21391, 51.466292], [-0.213913, 51.466289], [-0.213917, 51.466287], [-0.21392, 51.466284], [-0.214056, 51.466164], [-0.214095, 51.46617], [-0.214416, 51.46627], [-0.214446, 51.466281], [-0.214677, 51.466397], [-0.214676, 51.466398], [-0.214674, 51.4664], [-0.214671, 51.466401], [-0.214669, 51.466403], [-0.214668, 51.466405], [-0.214666, 51.466407], [-0.214664, 51.466409], [-0.214663, 51.466411], [-0.214661, 51.466413], [-0.21466, 51.466415], [-0.214658, 51.466417], [-0.214657, 51.466419], [-0.214656, 51.466421], [-0.214655, 51.466423], [-0.214654, 51.466425], [-0.214653, 51.466427], [-0.214652, 51.466429], [-0.214652, 51.466432], [-0.214651, 51.466434], [-0.214651, 51.466436], [-0.21465, 51.466438], [-0.21465, 51.46644], [-0.21465, 51.466442], [-0.21465, 51.466445], [-0.21465, 51.466447], [-0.21465, 51.466449], [-0.21465, 51.466451], [-0.21465, 51.466453], [-0.214651, 51.466455], [-0.214651, 51.466458], [-0.214652, 51.46646], [-0.214652, 51.466462], [-0.214653, 51.466464], [-0.214654, 51.466466], [-0.214655, 51.466468], [-0.214656, 51.46647], [-0.214657, 51.466472], [-0.214658, 51.466474], [-0.21466, 51.466477], [-0.214661, 51.466479], [-0.214663, 51.46648], [-0.214664, 51.466482], [-0.214666, 51.466484], [-0.214668, 51.466486], [-0.214669, 51.466488], [-0.214671, 51.46649], [-0.214673, 51.466492], [-0.214675, 51.466494], [-0.214677, 51.466495], [-0.21468, 51.466497], [-0.214682, 51.466499], [-0.214684, 51.4665], [-0.214687, 51.466502], [-0.214689, 51.466503], [-0.214692, 51.466505], [-0.214694, 51.466506], [-0.214697, 51.466508], [-0.2147, 51.466509], [-0.214703, 51.46651], [-0.214706, 51.466512], [-0.214709, 51.466513], [-0.214712, 51.466514], [-0.214715, 51.466515], [-0.215133, 51.466662], [-0.215175, 51.466685], [-0.215257, 51.466736], [-0.215432, 51.466837], [-0.215813, 51.467023], [-0.215815, 51.467025], [-0.215776, 51.467056], [-0.21578, 51.467058], [-0.215692, 51.467127], [-0.215688, 51.467125], [-0.21564, 51.467162], [-0.215645, 51.467163], [-0.215584, 51.467212], [-0.215557, 51.467232]]]}, "properties": {"FID": 135, "FEATCODE": 25608}}, {"type": "Feature", "id": 136, "geometry": {"type": "Polygon", "coordinates": [[[0.082866, 51.500648], [0.082952, 51.500709], [0.083115, 51.500824], [0.08327, 51.500952], [0.083349, 51.501016], [0.083512, 51.501141], [0.083663, 51.501266], [0.08381, 51.5014], [0.084005, 51.501593], [0.084149, 51.501731], [0.084215, 51.501803], [0.084326, 51.501935], [0.084528, 51.502133], [0.084659, 51.502288], [0.08478, 51.502423], [0.084922, 51.50255], [0.085159, 51.502727], [0.085236, 51.502792], [0.085383, 51.502935], [0.085514, 51.503061], [0.085735, 51.503246], [0.085932, 51.503376], [0.086021, 51.503439], [0.086139, 51.503544], [0.086229, 51.503642], [0.086347, 51.503781], [0.086501, 51.503934], [0.086572, 51.503995], [0.086715, 51.504116], [0.086913, 51.50433], [0.087125, 51.504544], [0.087249, 51.504672], [0.087346, 51.504807], [0.087427, 51.504965], [0.087474, 51.505078], [0.087517, 51.505196], [0.087581, 51.505369], [0.087615, 51.505444], [0.087694, 51.505587], [0.087816, 51.50573], [0.087965, 51.505854], [0.088128, 51.505974], [0.088351, 51.506166], [0.088548, 51.506359], [0.088759, 51.506545], [0.088924, 51.506676], [0.08908, 51.506803], [0.089285, 51.506987], [0.089415, 51.507113], [0.089556, 51.507249], [0.089636, 51.50731], [0.089822, 51.507433], [0.089977, 51.507551], [0.090039, 51.507612], [0.090097, 51.50768], [0.090214, 51.507811], [0.09037, 51.507939], [0.090448, 51.507994], [0.090614, 51.508119], [0.090681, 51.508182], [0.090815, 51.508321], [0.090879, 51.508381], [0.091025, 51.50851], [0.091098, 51.508568], [0.09126, 51.508689], [0.091327, 51.508752], [0.091387, 51.508818], [0.091509, 51.508948], [0.091645, 51.509065], [0.091732, 51.50911], [0.091829, 51.509145], [0.092043, 51.509206], [0.092403, 51.5093], [0.092552, 51.509333], [0.092789, 51.509375], [0.093163, 51.509423], [0.093418, 51.509454], [0.093683, 51.509488], [0.093995, 51.50953], [0.094178, 51.509555], [0.094716, 51.509635], [0.094964, 51.509667], [0.095207, 51.509696], [0.095585, 51.509746], [0.095823, 51.509776], [0.096103, 51.509809], [0.096226, 51.509823], [0.096581, 51.509852], [0.096815, 51.509863], [0.097124, 51.509872], [0.097302, 51.50988], [0.097556, 51.509894], [0.098027, 51.509912], [0.09826, 51.509917], [0.098383, 51.509921], [0.09874, 51.509922], [0.099095, 51.50991], [0.099333, 51.509905], [0.099448, 51.5099], [0.099709, 51.509886], [0.099836, 51.509879], [0.099992, 51.509873], [0.100148, 51.509866], [0.100624, 51.509844], [0.100865, 51.509831], [0.101102, 51.509818], [0.101229, 51.50981], [0.101467, 51.509798], [0.101821, 51.509779], [0.102176, 51.509769], [0.102461, 51.50975], [0.102787, 51.50973], [0.102945, 51.509727], [0.103206, 51.509718], [0.103437, 51.509712], [0.10392, 51.509696], [0.104041, 51.50969], [0.104443, 51.509678], [0.104713, 51.509674], [0.104832, 51.509673], [0.105066, 51.50967], [0.105418, 51.509676], [0.105655, 51.509685], [0.105912, 51.509685], [0.106259, 51.509684], [0.106501, 51.509679], [0.106744, 51.509674], [0.106978, 51.509672], [0.107217, 51.509669], [0.107452, 51.50967], [0.107694, 51.50967], [0.107936, 51.509676], [0.10838, 51.50969], [0.108643, 51.509705], [0.108941, 51.509732], [0.109129, 51.509752], [0.109361, 51.509763], [0.109478, 51.509765], [0.109713, 51.509778], [0.109951, 51.509804], [0.110069, 51.509819], [0.110532, 51.509874], [0.110646, 51.50989], [0.11087, 51.509931], [0.111108, 51.509971], [0.111226, 51.509982], [0.111464, 51.509995], [0.111698, 51.510017], [0.111931, 51.51004], [0.112164, 51.510063], [0.112394, 51.510098], [0.112508, 51.510121], [0.112737, 51.510159], [0.112853, 51.510173], [0.113084, 51.510201], [0.113196, 51.510219], [0.113424, 51.510256], [0.113658, 51.510295], [0.114116, 51.510372], [0.114359, 51.510413], [0.114557, 51.510444], [0.114939, 51.510496], [0.115347, 51.510553], [0.115521, 51.510578], [0.115696, 51.51061], [0.115809, 51.510636], [0.116032, 51.510687], [0.116325, 51.510746], [0.116554, 51.51079], [0.116902, 51.510858], [0.117019, 51.510881], [0.117464, 51.510977], [0.11775, 51.511044], [0.118085, 51.511122], [0.118312, 51.511171], [0.118543, 51.511221], [0.118992, 51.511312], [0.119295, 51.511383], [0.11962, 51.511467], [0.119973, 51.511559], [0.120079, 51.511589], [0.120297, 51.511644], [0.120411, 51.511671], [0.120629, 51.511726], [0.120845, 51.511784], [0.121055, 51.51185], [0.121266, 51.511917], [0.12159, 51.512013], [0.121912, 51.512099], [0.122019, 51.512129], [0.122347, 51.512219], [0.122602, 51.512285], [0.122839, 51.512376], [0.123031, 51.512463], [0.123228, 51.51254], [0.12344, 51.512612], [0.123623, 51.512674], [0.12384, 51.512731], [0.123979, 51.512775], [0.124067, 51.512818], [0.124195, 51.512898], [0.12436, 51.51299], [0.124487, 51.51305], [0.124627, 51.513104], [0.124765, 51.513145], [0.124993, 51.513201], [0.125247, 51.51325], [0.125482, 51.513284], [0.125736, 51.513321], [0.125979, 51.513352], [0.126234, 51.513378], [0.126413, 51.513387], [0.126667, 51.513391], [0.126919, 51.513403], [0.127298, 51.513418], [0.127665, 51.513429], [0.127935, 51.513432], [0.128067, 51.513435], [0.1283, 51.513447], [0.128599, 51.513461], [0.128972, 51.51343], [0.129139, 51.513409], [0.129261, 51.51339], [0.129476, 51.513355], [0.129699, 51.513313], [0.129919, 51.513262], [0.130294, 51.513189], [0.13052, 51.513148], [0.130985, 51.513083], [0.131449, 51.513011], [0.131566, 51.512992], [0.131818, 51.512956], [0.132055, 51.512927], [0.132285, 51.5129], [0.132517, 51.512865], [0.132742, 51.512827], [0.132968, 51.512778], [0.13308, 51.512753], [0.133308, 51.512707], [0.133534, 51.512657], [0.13376, 51.512606], [0.134092, 51.512531], [0.134333, 51.512476], [0.134579, 51.512419], [0.134808, 51.51237], [0.135163, 51.512297], [0.135419, 51.512236], [0.135791, 51.512136], [0.136141, 51.51204], [0.136371, 51.51197], [0.136723, 51.511864], [0.136949, 51.511796], [0.137176, 51.511727], [0.137397, 51.511657], [0.137718, 51.511549], [0.13794, 51.511478], [0.138172, 51.511405], [0.138405, 51.511331], [0.138631, 51.511261], [0.138865, 51.511186], [0.139108, 51.511106], [0.139337, 51.511029], [0.139688, 51.510908], [0.13993, 51.510827], [0.140392, 51.510675], [0.140614, 51.510601], [0.140947, 51.510497], [0.1412, 51.510416], [0.141533, 51.510303], [0.141744, 51.510222], [0.141825, 51.510173], [0.141926, 51.510094], [0.14202, 51.510041], [0.142261, 51.509984], [0.142502, 51.509938], [0.142758, 51.509886], [0.142881, 51.509857], [0.143134, 51.509792], [0.143483, 51.50971], [0.143646, 51.509663], [0.143766, 51.509619], [0.143885, 51.509558], [0.144005, 51.509493], [0.144208, 51.509413], [0.14442, 51.509338], [0.14461, 51.509258], [0.144713, 51.509219], [0.144922, 51.509143], [0.145078, 51.509075], [0.145139, 51.509043], [0.145322, 51.508964], [0.145519, 51.508874], [0.145623, 51.508833], [0.14584, 51.508763], [0.145946, 51.508732], [0.146176, 51.508675], [0.146268, 51.508664], [0.146437, 51.50867], [0.146594, 51.508685], [0.146701, 51.50868], [0.146913, 51.50862], [0.14712, 51.508535], [0.147327, 51.508466], [0.147566, 51.508398], [0.147803, 51.508327], [0.148009, 51.50826], [0.148107, 51.508222], [0.148243, 51.508126], [0.148226, 51.508085], [0.148155, 51.508067], [0.147963, 51.508057], [0.147932, 51.508028], [0.147999, 51.507922], [0.148, 51.507793], [0.147973, 51.507722], [0.147908, 51.507586], [0.147858, 51.507521], [0.147649, 51.507384], [0.147512, 51.507357], [0.147408, 51.507337], [0.147188, 51.507239], [0.147101, 51.507164], [0.14703, 51.507075], [0.146959, 51.506904], [0.147016, 51.506883], [0.147196, 51.50696], [0.147331, 51.506998], [0.147436, 51.507008], [0.147682, 51.507016], [0.147865, 51.507038], [0.148052, 51.507104], [0.148187, 51.50719], [0.148241, 51.507232], [0.148391, 51.507328], [0.148596, 51.5074], [0.148813, 51.507455], [0.149042, 51.507492], [0.149274, 51.507517], [0.149414, 51.507512], [0.149472, 51.507488], [0.149515, 51.507417], [0.149498, 51.50734], [0.14945, 51.507274], [0.149286, 51.507123], [0.149206, 51.507037], [0.149162, 51.506965], [0.149141, 51.506857], [0.149176, 51.50673], [0.149191, 51.506711], [0.149171, 51.506835], [0.149177, 51.506914], [0.149201, 51.506976], [0.149269, 51.507064], [0.14939, 51.507177], [0.149475, 51.507253], [0.149544, 51.50734], [0.14959, 51.507459], [0.149662, 51.50756], [0.149742, 51.507597], [0.149938, 51.50765], [0.150041, 51.507672], [0.150138, 51.507674], [0.150237, 51.507651], [0.150423, 51.50758], [0.150546, 51.507563], [0.1507, 51.507555], [0.150918, 51.507514], [0.151025, 51.507482], [0.151242, 51.507428], [0.151362, 51.507406], [0.151719, 51.507317], [0.151935, 51.507247], [0.15215, 51.507178], [0.152356, 51.507108], [0.152434, 51.507061], [0.152506, 51.506958], [0.152547, 51.506854], [0.152596, 51.506799], [0.152679, 51.506755], [0.152823, 51.506716], [0.153079, 51.506677], [0.153194, 51.50667], [0.153421, 51.506686], [0.153532, 51.506709], [0.153751, 51.506768], [0.1539, 51.506791], [0.15413, 51.506796], [0.154529, 51.506782], [0.154653, 51.506772], [0.154866, 51.506745], [0.155075, 51.506718], [0.155215, 51.506699], [0.155447, 51.506661], [0.155679, 51.506628], [0.155993, 51.506591], [0.156048, 51.506584], [0.156097, 51.506579], [0.156259, 51.50656], [0.156576, 51.506526], [0.156658, 51.506517], [0.156764, 51.506506], [0.156889, 51.506493], [0.156928, 51.506489], [0.157125, 51.506467], [0.157475, 51.506421], [0.157566, 51.506407], [0.157708, 51.506386], [0.157947, 51.506358], [0.158042, 51.506349], [0.158295, 51.506327], [0.158532, 51.506299], [0.158771, 51.506266], [0.159113, 51.506215], [0.15934, 51.506178], [0.159564, 51.506138], [0.159786, 51.506091], [0.159932, 51.506057], [0.159928, 51.50598], [0.159924, 51.505878], [0.159912, 51.505636], [0.159906, 51.505507], [0.159627, 51.505545], [0.159344, 51.505585], [0.15905, 51.505638], [0.158928, 51.505664], [0.158945, 51.505717], [0.158972, 51.505799], [0.159, 51.505888], [0.159011, 51.505923], [0.159045, 51.50592], [0.15906, 51.505918], [0.159064, 51.505929], [0.159067, 51.505938], [0.159052, 51.50594], [0.159018, 51.505945], [0.158999, 51.505947], [0.158996, 51.505937], [0.158986, 51.505909], [0.15898, 51.50591], [0.158961, 51.505913], [0.15893, 51.505917], [0.158924, 51.505897], [0.158873, 51.505738], [0.158869, 51.505724], [0.158852, 51.505675], [0.158825, 51.505592], [0.158765, 51.505599], [0.158308, 51.505637], [0.15815, 51.505642], [0.157404, 51.505688], [0.157181, 51.50576], [0.156687, 51.505781], [0.156689, 51.505792], [0.156661, 51.505851], [0.156661, 51.505876], [0.156398, 51.505906], [0.156302, 51.50591], [0.156307, 51.505939], [0.156309, 51.505949], [0.156312, 51.505968], [0.156182, 51.505972], [0.155882, 51.505991], [0.155851, 51.505993], [0.15585, 51.505986], [0.15585, 51.505985], [0.155849, 51.505977], [0.155844, 51.505948], [0.155837, 51.505914], [0.155794, 51.505909], [0.155266, 51.505931], [0.154915, 51.505959], [0.154783, 51.50597], [0.154428, 51.505999], [0.154165, 51.506025], [0.153918, 51.506053], [0.153797, 51.506071], [0.153591, 51.506117], [0.15351, 51.506142], [0.152945, 51.506341], [0.152741, 51.506374], [0.152429, 51.506397], [0.152056, 51.506418], [0.15192, 51.506423], [0.15173, 51.506418], [0.151544, 51.50639], [0.151246, 51.506309], [0.151159, 51.506292], [0.150996, 51.506286], [0.15079, 51.506315], [0.150588, 51.506346], [0.150436, 51.506358], [0.15017, 51.506367], [0.150024, 51.506371], [0.149871, 51.506339], [0.149817, 51.506262], [0.149818, 51.506051], [0.149801, 51.505966], [0.149721, 51.505888], [0.149531, 51.505858], [0.149412, 51.505884], [0.149263, 51.505951], [0.148967, 51.506124], [0.148795, 51.506235], [0.148655, 51.506329], [0.14856, 51.506384], [0.148462, 51.506413], [0.148305, 51.506411], [0.148143, 51.506416], [0.147982, 51.506482], [0.14794, 51.506567], [0.147932, 51.506758], [0.147885, 51.50678], [0.147746, 51.506756], [0.14749, 51.506661], [0.147276, 51.506672], [0.147145, 51.5067], [0.147033, 51.506722], [0.146925, 51.506753], [0.146827, 51.506801], [0.146633, 51.506909], [0.146526, 51.50695], [0.146271, 51.507012], [0.146062, 51.507065], [0.145839, 51.507139], [0.145601, 51.507233], [0.145535, 51.507252], [0.145304, 51.507293], [0.145095, 51.507332], [0.14492, 51.507377], [0.144767, 51.507423], [0.143894, 51.507746], [0.143783, 51.507786], [0.142322, 51.508345], [0.142177, 51.508405], [0.140723, 51.50896], [0.139972, 51.509246], [0.139394, 51.509463], [0.138492, 51.509807], [0.137449, 51.510157], [0.137232, 51.510008], [0.137234, 51.510007], [0.13722, 51.509991], [0.137212, 51.509994], [0.137194, 51.510002], [0.137113, 51.510052], [0.137034, 51.510102], [0.136199, 51.510481], [0.135455, 51.510804], [0.134562, 51.511189], [0.13445, 51.511233], [0.134299, 51.511289], [0.133907, 51.51147], [0.133521, 51.511653], [0.133423, 51.511695], [0.132971, 51.511873], [0.132736, 51.511972], [0.132583, 51.512055], [0.132516, 51.512098], [0.132364, 51.51219], [0.132192, 51.512269], [0.131955, 51.512355], [0.13179, 51.512413], [0.131508, 51.512514], [0.13121, 51.512619], [0.13092, 51.512726], [0.130511, 51.512871], [0.130225, 51.512948], [0.129968, 51.513002], [0.129786, 51.513036], [0.129564, 51.513081], [0.129191, 51.513162], [0.129027, 51.513195], [0.128752, 51.51324], [0.128522, 51.513256], [0.128364, 51.513235], [0.128051, 51.51313], [0.127968, 51.513114], [0.127595, 51.513108], [0.127016, 51.513141], [0.126806, 51.513158], [0.12664, 51.513167], [0.126355, 51.513171], [0.126217, 51.513166], [0.125917, 51.513142], [0.125664, 51.513107], [0.125069, 51.51299], [0.124937, 51.512941], [0.124833, 51.512895], [0.124545, 51.512785], [0.124214, 51.512668], [0.123809, 51.512525], [0.123372, 51.512376], [0.123236, 51.512331], [0.122703, 51.512162], [0.12248, 51.512093], [0.122089, 51.511976], [0.12183, 51.511898], [0.121298, 51.511747], [0.120969, 51.511656], [0.120795, 51.511608], [0.120274, 51.511468], [0.119901, 51.511374], [0.119582, 51.511296], [0.119135, 51.51119], [0.11862, 51.51107], [0.118386, 51.511019], [0.118121, 51.510962], [0.117804, 51.510895], [0.117642, 51.510863], [0.117166, 51.510768], [0.116794, 51.510699], [0.116438, 51.510635], [0.116041, 51.510563], [0.115646, 51.510497], [0.115312, 51.510441], [0.114986, 51.51039], [0.114614, 51.510331], [0.114216, 51.510267], [0.113855, 51.510209], [0.11346, 51.510147], [0.113048, 51.510086], [0.112553, 51.510017], [0.112056, 51.50995], [0.111401, 51.509871], [0.110653, 51.509785], [0.11019, 51.509735], [0.109663, 51.509683], [0.109218, 51.509644], [0.108875, 51.509614], [0.108528, 51.509587], [0.107816, 51.509536], [0.107133, 51.509489], [0.106894, 51.509457], [0.106819, 51.509435], [0.106548, 51.509404], [0.106163, 51.509392], [0.105934, 51.509386], [0.10593, 51.50945], [0.105879, 51.509448], [0.105839, 51.509447], [0.105785, 51.509446], [0.105751, 51.509445], [0.105697, 51.509445], [0.105669, 51.509445], [0.105532, 51.509444], [0.105245, 51.509452], [0.104906, 51.509465], [0.104514, 51.509481], [0.103994, 51.509502], [0.103688, 51.509514], [0.103109, 51.509537], [0.102958, 51.509543], [0.102346, 51.509568], [0.101911, 51.509585], [0.101453, 51.509604], [0.100967, 51.509624], [0.100675, 51.509635], [0.100311, 51.509644], [0.099989, 51.509646], [0.099675, 51.509644], [0.0994, 51.509637], [0.099102, 51.509626], [0.098715, 51.509606], [0.098563, 51.509595], [0.098072, 51.509553], [0.097853, 51.50953], [0.097584, 51.509499], [0.097355, 51.50947], [0.097116, 51.509437], [0.096746, 51.509379], [0.096393, 51.509317], [0.09608, 51.509255], [0.095788, 51.509198], [0.095576, 51.509156], [0.095225, 51.509086], [0.094795, 51.509004], [0.094547, 51.508984], [0.094463, 51.508995], [0.094302, 51.509026], [0.094092, 51.509056], [0.094086, 51.509054], [0.094076, 51.509045], [0.09388, 51.509052], [0.093314, 51.509074], [0.093114, 51.509082], [0.092936, 51.509089], [0.092905, 51.509085], [0.092778, 51.509074], [0.092698, 51.509067], [0.09247, 51.509046], [0.092214, 51.509023], [0.092051, 51.509008], [0.09199, 51.508975], [0.091932, 51.508944], [0.09193, 51.508907], [0.091926, 51.508836], [0.091921, 51.508831], [0.091913, 51.508821], [0.091906, 51.508814], [0.091874, 51.508781], [0.091843, 51.50875], [0.091771, 51.50868], [0.091706, 51.508615], [0.091628, 51.508535], [0.091616, 51.508524], [0.091601, 51.508508], [0.091588, 51.508492], [0.091578, 51.508479], [0.091577, 51.508477], [0.091571, 51.508466], [0.091566, 51.508455], [0.091561, 51.508438], [0.091554, 51.508414], [0.091543, 51.508378], [0.091535, 51.508352], [0.091523, 51.508325], [0.091507, 51.508296], [0.091499, 51.508284], [0.091432, 51.508202], [0.091409, 51.508183], [0.09136, 51.508141], [0.091299, 51.508087], [0.091225, 51.508024], [0.090995, 51.507832], [0.090771, 51.507642], [0.090632, 51.507522], [0.090529, 51.507435], [0.090306, 51.507245], [0.090216, 51.50717], [0.090166, 51.507126], [0.090156, 51.507117], [0.090133, 51.507127], [0.090128, 51.507129], [0.090126, 51.50713], [0.090121, 51.50713], [0.090119, 51.507131], [0.090114, 51.507131], [0.089819, 51.50688], [0.0898, 51.506864], [0.089767, 51.506826], [0.089722, 51.506774], [0.089677, 51.506726], [0.089662, 51.506709], [0.089645, 51.506692], [0.08964, 51.506688], [0.089627, 51.506675], [0.08957, 51.506626], [0.089444, 51.506518], [0.089343, 51.506437], [0.089178, 51.506303], [0.089006, 51.506167], [0.088825, 51.506023], [0.088652, 51.505887], [0.088562, 51.505817], [0.08847, 51.505745], [0.088407, 51.505696], [0.088363, 51.505668], [0.088315, 51.50564], [0.08823, 51.50559], [0.088211, 51.50558], [0.088192, 51.505574], [0.088147, 51.50556], [0.088125, 51.505552], [0.088109, 51.505562], [0.088086, 51.505564], [0.088069, 51.50556], [0.088064, 51.505551], [0.088063, 51.505549], [0.088067, 51.505537], [0.088066, 51.505535], [0.088061, 51.505526], [0.088048, 51.505503], [0.088041, 51.505489], [0.088034, 51.50547], [0.08803, 51.505454], [0.08802, 51.505407], [0.088007, 51.505354], [0.087992, 51.505289], [0.087977, 51.50522], [0.087961, 51.505152], [0.08794, 51.505061], [0.08793, 51.505016], [0.087924, 51.504989], [0.087913, 51.504937], [0.087894, 51.504855], [0.08789, 51.504837], [0.087891, 51.504831], [0.087884, 51.504802], [0.087871, 51.504738], [0.087852, 51.504661], [0.087834, 51.504579], [0.087819, 51.504513], [0.087807, 51.504452], [0.087787, 51.504362], [0.087767, 51.504208], [0.087752, 51.504209], [0.087668, 51.503903], [0.087658, 51.503888], [0.087654, 51.503881], [0.08765, 51.503875], [0.087643, 51.503869], [0.087636, 51.503863], [0.087627, 51.503858], [0.087619, 51.503853], [0.087613, 51.503848], [0.087607, 51.503843], [0.087524, 51.503809], [0.087439, 51.503786], [0.087354, 51.503766], [0.087228, 51.503727], [0.087217, 51.503724], [0.087206, 51.503721], [0.087196, 51.503717], [0.087188, 51.503712], [0.087172, 51.503704], [0.087158, 51.503695], [0.087144, 51.503686], [0.087129, 51.503677], [0.087116, 51.503666], [0.087105, 51.503655], [0.087098, 51.503639], [0.086983, 51.503492], [0.086811, 51.503345], [0.086835, 51.50339], [0.086791, 51.503426], [0.086709, 51.503492], [0.086631, 51.503488], [0.086366, 51.503198], [0.086149, 51.502927], [0.085938, 51.502681], [0.085693, 51.502429], [0.085646, 51.50238], [0.085278, 51.501943], [0.08509, 51.501735], [0.084869, 51.501486], [0.084738, 51.501344], [0.084503, 51.501094], [0.08435, 51.500935], [0.084057, 51.50069], [0.083978, 51.500659], [0.083695, 51.500415], [0.082591, 51.500434], [0.082866, 51.500648]]]}, "properties": {"FID": 136, "FEATCODE": 25608}}, {"type": "Feature", "id": 137, "geometry": {"type": "Polygon", "coordinates": [[[-0.213429, 51.466327], [-0.213104, 51.466614], [-0.213092, 51.466611], [-0.213085, 51.466609], [-0.213076, 51.466608], [-0.213069, 51.466608], [-0.213059, 51.466609], [-0.213047, 51.466611], [-0.213036, 51.466613], [-0.21303, 51.466614], [-0.213028, 51.466616], [-0.213026, 51.466617], [-0.213024, 51.46662], [-0.213025, 51.466625], [-0.213031, 51.466639], [-0.213034, 51.466644], [-0.213039, 51.46665], [-0.213046, 51.466657], [-0.213052, 51.46666], [-0.212693, 51.466978], [-0.212686, 51.466976], [-0.212676, 51.466974], [-0.212667, 51.466973], [-0.212653, 51.466973], [-0.212643, 51.466974], [-0.212636, 51.466976], [-0.212629, 51.466976], [-0.212624, 51.466978], [-0.21262, 51.466979], [-0.212615, 51.466983], [-0.212613, 51.466987], [-0.212613, 51.466992], [-0.212615, 51.466998], [-0.21262, 51.467006], [-0.212626, 51.467014], [-0.212634, 51.467021], [-0.212642, 51.467025], [-0.212321, 51.467308], [-0.212306, 51.467305], [-0.212295, 51.467303], [-0.212286, 51.467302], [-0.212273, 51.467302], [-0.21226, 51.467304], [-0.212252, 51.467305], [-0.212247, 51.467306], [-0.212244, 51.467307], [-0.212241, 51.46731], [-0.212241, 51.467323], [-0.212244, 51.467332], [-0.21225, 51.467341], [-0.212259, 51.467348], [-0.212268, 51.467356], [-0.212224, 51.467396], [-0.212198, 51.467418], [-0.211989, 51.467604], [-0.211933, 51.467595], [-0.211643, 51.467513], [-0.211332, 51.467405], [-0.211044, 51.467342], [-0.210963, 51.467372], [-0.21088, 51.467444], [-0.210836, 51.467492], [-0.210623, 51.467631], [-0.210602, 51.467617], [-0.210705, 51.467435], [-0.210723, 51.467388], [-0.2108, 51.467269], [-0.210811, 51.467258], [-0.210822, 51.467246], [-0.210802, 51.467236], [-0.210552, 51.46714], [-0.210298, 51.467074], [-0.210132, 51.467037], [-0.209553, 51.466912], [-0.209279, 51.466879], [-0.209205, 51.466882], [-0.209213, 51.466867], [-0.209221, 51.466868], [-0.209227, 51.466868], [-0.209232, 51.466867], [-0.209238, 51.466865], [-0.209243, 51.466862], [-0.209245, 51.466859], [-0.209247, 51.466856], [-0.209247, 51.466852], [-0.209246, 51.466851], [-0.209244, 51.466847], [-0.209241, 51.466844], [-0.209238, 51.466842], [-0.209233, 51.466841], [-0.209227, 51.46684], [-0.209347, 51.466607], [-0.209395, 51.466517], [-0.209396, 51.466516], [-0.209422, 51.466466], [-0.20943, 51.466467], [-0.209437, 51.466467], [-0.209445, 51.466465], [-0.20945, 51.466462], [-0.209452, 51.466459], [-0.209454, 51.466455], [-0.209455, 51.466452], [-0.209454, 51.466449], [-0.209452, 51.466446], [-0.209448, 51.466443], [-0.209447, 51.466442], [-0.209442, 51.46644], [-0.209437, 51.466439], [-0.20963, 51.466068], [-0.209637, 51.466069], [-0.209644, 51.466069], [-0.20965, 51.466067], [-0.209656, 51.466065], [-0.20966, 51.466062], [-0.209662, 51.466059], [-0.209663, 51.466056], [-0.209663, 51.466052], [-0.20966, 51.466047], [-0.209655, 51.466044], [-0.209655, 51.466043], [-0.209649, 51.466041], [-0.209645, 51.46604], [-0.209836, 51.465672], [-0.209844, 51.465672], [-0.20985, 51.465671], [-0.209855, 51.46567], [-0.20986, 51.465668], [-0.209865, 51.465665], [-0.209866, 51.465663], [-0.209867, 51.46566], [-0.209867, 51.465655], [-0.209865, 51.465651], [-0.20986, 51.465648], [-0.209856, 51.465646], [-0.20985, 51.465645], [-0.210003, 51.46535], [-0.210004, 51.465348], [-0.210044, 51.465273], [-0.210056, 51.465274], [-0.210061, 51.465274], [-0.210066, 51.465272], [-0.21007, 51.465269], [-0.210073, 51.465266], [-0.210074, 51.465263], [-0.210074, 51.465259], [-0.210073, 51.465255], [-0.210069, 51.465251], [-0.210067, 51.465249], [-0.210062, 51.465248], [-0.210058, 51.465246], [-0.210063, 51.465237], [-0.210252, 51.464875], [-0.210256, 51.464875], [-0.210262, 51.464875], [-0.210269, 51.464873], [-0.210271, 51.464873], [-0.210277, 51.46487], [-0.21028, 51.464867], [-0.210281, 51.464866], [-0.210282, 51.464863], [-0.210282, 51.464859], [-0.210281, 51.464858], [-0.210279, 51.464853], [-0.210275, 51.46485], [-0.21027, 51.464848], [-0.210265, 51.464847], [-0.21027, 51.464838], [-0.210521, 51.464923], [-0.210876, 51.465034], [-0.211265, 51.465155], [-0.211546, 51.465242], [-0.211808, 51.465322], [-0.212665, 51.465592], [-0.212859, 51.465651], [-0.213377, 51.465826], [-0.213701, 51.465991], [-0.213742, 51.466027], [-0.213607, 51.466145], [-0.213604, 51.466148], [-0.213601, 51.466151], [-0.213599, 51.466153], [-0.213596, 51.466156], [-0.213593, 51.466159], [-0.213591, 51.466162], [-0.213589, 51.466165], [-0.213587, 51.466168], [-0.213585, 51.466171], [-0.213583, 51.466174], [-0.213581, 51.466177], [-0.21358, 51.466181], [-0.213578, 51.466184], [-0.213577, 51.466187], [-0.213576, 51.46619], [-0.213575, 51.466193], [-0.213574, 51.466197], [-0.213574, 51.466198], [-0.213479, 51.466282], [-0.213469, 51.466278], [-0.213455, 51.466276], [-0.213444, 51.466274], [-0.213432, 51.466275], [-0.213423, 51.466276], [-0.213413, 51.466279], [-0.213403, 51.466282], [-0.213399, 51.466284], [-0.213397, 51.466286], [-0.213398, 51.466297], [-0.2134, 51.466302], [-0.213403, 51.466306], [-0.213408, 51.466312], [-0.213411, 51.466316], [-0.213429, 51.466327], [-0.213429, 51.466327]]]}, "properties": {"FID": 137, "FEATCODE": 25608}}, {"type": "Feature", "id": 138, "geometry": {"type": "Polygon", "coordinates": [[[0.159627, 51.505544], [0.159343, 51.505583], [0.159048, 51.505634], [0.158928, 51.505664], [0.158945, 51.505717], [0.158972, 51.505799], [0.159, 51.505888], [0.159013, 51.505886], [0.159026, 51.505891], [0.159203, 51.505963], [0.159223, 51.505971], [0.159561, 51.505927], [0.159924, 51.505878], [0.159912, 51.505636], [0.159906, 51.505507], [0.159627, 51.505544]]]}, "properties": {"FID": 138, "FEATCODE": 25608}}, {"type": "Feature", "id": 139, "geometry": {"type": "Polygon", "coordinates": [[[-0.195088, 51.462612], [-0.195158, 51.462691], [-0.195205, 51.462684], [-0.195207, 51.462696], [-0.195211, 51.462708], [-0.195214, 51.462721], [-0.195219, 51.462734], [-0.195224, 51.462747], [-0.19523, 51.462759], [-0.195237, 51.462771], [-0.195246, 51.462783], [-0.195257, 51.462793], [-0.195271, 51.462805], [-0.195286, 51.462817], [-0.195301, 51.462828], [-0.195316, 51.46284], [-0.195368, 51.462876], [-0.195382, 51.462884], [-0.195398, 51.46289], [-0.195416, 51.462895], [-0.195434, 51.462898], [-0.19545, 51.4629], [-0.195466, 51.4629], [-0.195482, 51.462898], [-0.195496, 51.462896], [-0.195509, 51.462893], [-0.195525, 51.462888], [-0.195878, 51.462883], [-0.195901, 51.462883], [-0.196832, 51.462867], [-0.197516, 51.462841], [-0.19755, 51.462839], [-0.197942, 51.462831], [-0.19845, 51.462833], [-0.198918, 51.462828], [-0.199029, 51.462801], [-0.199136, 51.462742], [-0.199713, 51.462742], [-0.199796, 51.462748], [-0.199785, 51.462788], [-0.199792, 51.462792], [-0.199801, 51.462797], [-0.199805, 51.462799], [-0.19981, 51.462801], [-0.199815, 51.462803], [-0.19982, 51.462805], [-0.199825, 51.462807], [-0.199836, 51.46281], [-0.199842, 51.462811], [-0.199847, 51.462812], [-0.199853, 51.462813], [-0.199859, 51.462814], [-0.199864, 51.462815], [-0.199874, 51.462816], [-0.19988, 51.462816], [-0.199892, 51.462817], [-0.199898, 51.462816], [-0.199904, 51.462816], [-0.19991, 51.462816], [-0.199915, 51.462815], [-0.199921, 51.462814], [-0.199927, 51.462814], [-0.199933, 51.462813], [-0.199938, 51.462811], [-0.199944, 51.46281], [-0.199949, 51.462809], [-0.199954, 51.462807], [-0.199966, 51.462768], [-0.200249, 51.462799], [-0.200664, 51.462841], [-0.201047, 51.462875], [-0.201062, 51.462876], [-0.201401, 51.462901], [-0.201715, 51.462932], [-0.202013, 51.462966], [-0.202457, 51.463024], [-0.202744, 51.46306], [-0.203013, 51.463095], [-0.203338, 51.463141], [-0.203699, 51.463196], [-0.203998, 51.463244], [-0.204494, 51.463331], [-0.204882, 51.463401], [-0.204978, 51.463418], [-0.205575, 51.46353], [-0.205814, 51.463576], [-0.206076, 51.463628], [-0.20659, 51.463737], [-0.206905, 51.463808], [-0.20731, 51.463909], [-0.207417, 51.463939], [-0.2076, 51.463991], [-0.20778, 51.464046], [-0.208411, 51.464251], [-0.208722, 51.464351], [-0.209117, 51.464478], [-0.209424, 51.464576], [-0.209809, 51.464696], [-0.210112, 51.464792], [-0.210106, 51.464801], [-0.210024, 51.464954], [-0.209893, 51.465207], [-0.209865, 51.46526], [-0.209348, 51.466253], [-0.20923, 51.466478], [-0.209219, 51.466498], [-0.209128, 51.466675], [-0.209061, 51.466815], [-0.209054, 51.466828], [-0.209048, 51.466838], [-0.208859, 51.466807], [-0.208592, 51.466759], [-0.208324, 51.466706], [-0.20777, 51.466593], [-0.207224, 51.466482], [-0.206983, 51.466435], [-0.206449, 51.466328], [-0.206229, 51.46628], [-0.205997, 51.466224], [-0.205476, 51.46608], [-0.205288, 51.466022], [-0.204956, 51.465915], [-0.204527, 51.465783], [-0.204178, 51.465694], [-0.203732, 51.465597], [-0.202779, 51.465343], [-0.202445, 51.465278], [-0.202147, 51.46523], [-0.202047, 51.465219], [-0.201782, 51.465203], [-0.201578, 51.465188], [-0.201247, 51.465156], [-0.200994, 51.465117], [-0.200778, 51.465084], [-0.200546, 51.465056], [-0.200259, 51.465033], [-0.199929, 51.465028], [-0.199705, 51.465024], [-0.199552, 51.465018], [-0.199441, 51.465016], [-0.199207, 51.46501], [-0.198917, 51.464998], [-0.198673, 51.465], [-0.198533, 51.465007], [-0.198195, 51.465028], [-0.198061, 51.465034], [-0.197839, 51.465035], [-0.197586, 51.46504], [-0.197541, 51.465053], [-0.197452, 51.465129], [-0.197353, 51.46517], [-0.197256, 51.465136], [-0.197122, 51.465006], [-0.197034, 51.464975], [-0.196582, 51.464941], [-0.195912, 51.464908], [-0.195063, 51.464868], [-0.19458, 51.464847], [-0.194425, 51.464843], [-0.194183, 51.464842], [-0.193858, 51.46485], [-0.193646, 51.464862], [-0.193416, 51.46488], [-0.193144, 51.464909], [-0.192507, 51.46499], [-0.191024, 51.465169], [-0.190781, 51.465205], [-0.190461, 51.465263], [-0.190204, 51.46532], [-0.189435, 51.465531], [-0.189394, 51.465543], [-0.18877, 51.465704], [-0.188717, 51.465711], [-0.188518, 51.465503], [-0.188392, 51.465369], [-0.188342, 51.465317], [-0.188309, 51.465283], [-0.187675, 51.464616], [-0.187644, 51.464584], [-0.187557, 51.464494], [-0.187519, 51.464454], [-0.187476, 51.464409], [-0.187446, 51.464378], [-0.187313, 51.46424], [-0.18726, 51.464184], [-0.187289, 51.46417], [-0.187575, 51.464056], [-0.188283, 51.463823], [-0.18832, 51.463814], [-0.188462, 51.463796], [-0.188536, 51.463792], [-0.188929, 51.463715], [-0.189247, 51.463639], [-0.189675, 51.463545], [-0.189961, 51.463487], [-0.190388, 51.463406], [-0.190828, 51.463331], [-0.191335, 51.463254], [-0.191729, 51.463201], [-0.191872, 51.463187], [-0.19202, 51.463175], [-0.19224, 51.463157], [-0.192812, 51.463101], [-0.193251, 51.46306], [-0.193745, 51.463013], [-0.194138, 51.462972], [-0.194334, 51.462943], [-0.194391, 51.462935], [-0.194553, 51.46292], [-0.194809, 51.462874], [-0.194894, 51.46275], [-0.194924, 51.462701], [-0.194952, 51.462643], [-0.195005, 51.462635], [-0.195088, 51.462612]]]}, "properties": {"FID": 139, "FEATCODE": 25608}}, {"type": "Feature", "id": 140, "geometry": {"type": "Polygon", "coordinates": [[[0.171609, 51.49882], [0.170772, 51.498835], [0.170712, 51.498836], [0.170611, 51.498949], [0.170504, 51.499069], [0.170389, 51.499233], [0.170334, 51.499345], [0.170271, 51.499474], [0.170222, 51.499574], [0.170198, 51.499646], [0.170179, 51.499754], [0.17014, 51.49986], [0.170072, 51.49996], [0.16999, 51.500057], [0.169901, 51.500155], [0.169756, 51.500312], [0.169569, 51.500503], [0.169471, 51.500583], [0.169321, 51.500676], [0.169221, 51.500724], [0.169068, 51.5008], [0.168987, 51.500857], [0.168857, 51.500982], [0.168768, 51.501074], [0.168503, 51.501375], [0.168385, 51.501526], [0.168333, 51.501592], [0.16823, 51.50172], [0.168089, 51.501866], [0.167925, 51.502039], [0.167693, 51.50231], [0.167576, 51.502469], [0.167454, 51.502651], [0.16723, 51.502875], [0.167042, 51.503048], [0.166764, 51.503304], [0.166623, 51.503404], [0.166424, 51.503517], [0.166197, 51.503635], [0.165938, 51.503772], [0.165797, 51.503845], [0.165687, 51.503907], [0.165446, 51.504035], [0.165344, 51.504087], [0.165062, 51.504228], [0.164947, 51.504289], [0.164785, 51.504382], [0.164603, 51.504474], [0.164434, 51.504536], [0.164264, 51.504579], [0.164065, 51.504621], [0.163792, 51.504683], [0.163153, 51.504823], [0.162774, 51.504879], [0.162674, 51.504896], [0.162515, 51.504933], [0.162147, 51.505041], [0.161924, 51.505094], [0.161534, 51.50518], [0.16114, 51.505275], [0.16101, 51.505304], [0.160597, 51.505396], [0.160406, 51.505441], [0.160303, 51.505463], [0.160188, 51.505481], [0.160033, 51.505495], [0.159906, 51.505507], [0.159912, 51.505636], [0.159924, 51.505878], [0.159928, 51.50598], [0.159932, 51.506057], [0.160171, 51.511099], [0.160186, 51.511432], [0.160197, 51.511655], [0.1602, 51.511719], [0.160204, 51.511795], [0.160349, 51.51178], [0.160572, 51.511754], [0.160791, 51.511717], [0.160926, 51.51171], [0.161051, 51.511712], [0.161218, 51.511723], [0.161398, 51.511778], [0.16151, 51.511804], [0.161691, 51.51182], [0.161964, 51.511819], [0.162182, 51.511792], [0.16236, 51.511731], [0.162445, 51.511698], [0.16256, 51.51171], [0.162643, 51.511748], [0.162759, 51.511791], [0.162838, 51.511806], [0.163091, 51.511805], [0.163232, 51.511787], [0.163342, 51.511788], [0.16345, 51.511843], [0.163531, 51.511876], [0.16364, 51.511875], [0.16374, 51.511803], [0.163833, 51.511678], [0.163912, 51.511651], [0.164052, 51.511641], [0.164238, 51.511631], [0.164384, 51.511623], [0.164572, 51.511648], [0.164651, 51.511668], [0.1648, 51.511676], [0.164907, 51.511656], [0.165069, 51.511588], [0.165134, 51.511541], [0.165184, 51.511465], [0.165186, 51.511303], [0.165233, 51.511177], [0.165298, 51.511118], [0.16549, 51.511016], [0.165772, 51.510911], [0.16582, 51.510894], [0.165942, 51.51083], [0.166037, 51.510767], [0.166184, 51.510682], [0.166564, 51.510542], [0.166796, 51.510456], [0.167128, 51.510331], [0.167335, 51.510254], [0.167484, 51.510197], [0.167764, 51.510096], [0.168221, 51.509934], [0.168752, 51.509746], [0.169038, 51.509644], [0.169475, 51.50949], [0.169673, 51.50943], [0.169834, 51.509383], [0.169995, 51.509327], [0.170092, 51.509288], [0.17038, 51.509173], [0.170627, 51.509073], [0.171026, 51.50887], [0.171192, 51.508784], [0.171489, 51.508626], [0.171551, 51.508591], [0.171696, 51.508518], [0.172187, 51.50834], [0.172417, 51.508295], [0.172795, 51.508221], [0.172961, 51.508167], [0.173088, 51.508158], [0.173224, 51.508184], [0.173343, 51.508194], [0.173677, 51.508156], [0.174026, 51.507995], [0.174053, 51.507976], [0.174113, 51.507928], [0.174146, 51.507915], [0.174474, 51.50776], [0.174703, 51.507641], [0.174912, 51.50753], [0.175209, 51.507369], [0.175607, 51.507149], [0.176302, 51.506731], [0.176543, 51.506578], [0.176704, 51.506461], [0.177135, 51.506131], [0.17736, 51.505933], [0.177437, 51.505861], [0.177543, 51.505782], [0.177753, 51.505668], [0.17795, 51.505571], [0.178395, 51.505342], [0.178464, 51.505288], [0.178522, 51.505215], [0.178585, 51.504986], [0.178631, 51.504752], [0.178695, 51.504584], [0.178895, 51.504276], [0.179004, 51.504119], [0.179151, 51.503894], [0.179277, 51.503678], [0.17944, 51.503387], [0.179509, 51.503262], [0.179562, 51.503168], [0.179741, 51.502841], [0.17991, 51.50254], [0.179922, 51.502522], [0.180106, 51.502301], [0.180191, 51.502212], [0.180224, 51.502167], [0.180276, 51.502035], [0.180292, 51.501866], [0.180252, 51.501731], [0.180174, 51.501596], [0.180141, 51.501493], [0.180157, 51.501414], [0.180232, 51.501314], [0.180341, 51.501201], [0.180411, 51.501136], [0.180428, 51.501143], [0.180458, 51.501122], [0.180474, 51.501128], [0.180952, 51.500542], [0.181023, 51.50042], [0.181078, 51.500374], [0.181108, 51.500351], [0.181103, 51.500351], [0.181106, 51.50034], [0.181071, 51.500337], [0.181231, 51.500233], [0.181373, 51.500154], [0.181628, 51.500024], [0.181725, 51.499967], [0.181936, 51.49982], [0.182358, 51.499503], [0.182374, 51.499491], [0.182434, 51.499415], [0.18245, 51.499321], [0.182394, 51.499241], [0.182306, 51.499163], [0.182297, 51.499111], [0.182317, 51.499071], [0.182334, 51.499024], [0.182337, 51.49897], [0.182358, 51.4989], [0.182449, 51.498814], [0.182642, 51.498706], [0.182703, 51.498677], [0.182897, 51.49861], [0.181594, 51.498634], [0.18148, 51.498636], [0.180748, 51.49865], [0.171609, 51.49882]]]}, "properties": {"FID": 140, "FEATCODE": 25608}}, {"type": "Feature", "id": 141, "geometry": {"type": "Polygon", "coordinates": [[[0.199003, 51.457943], [0.198843, 51.457771], [0.19882, 51.457652], [0.198626, 51.457465], [0.198555, 51.457442], [0.198397, 51.457293], [0.198315, 51.457267], [0.198228, 51.4573], [0.198415, 51.457482], [0.198628, 51.457699], [0.198736, 51.457814], [0.198819, 51.457962], [0.198806, 51.457992], [0.198353, 51.458191], [0.198118, 51.458081], [0.197863, 51.457862], [0.197613, 51.457627], [0.197578, 51.457589], [0.197466, 51.457509], [0.197292, 51.457578], [0.197297, 51.457678], [0.197377, 51.457777], [0.1975, 51.457868], [0.197951, 51.458145], [0.198462, 51.458434], [0.198535, 51.458461], [0.198563, 51.458429], [0.198599, 51.458392], [0.198619, 51.458368], [0.198554, 51.458316], [0.198572, 51.45824], [0.198804, 51.458109], [0.198872, 51.458087], [0.198962, 51.457989], [0.199003, 51.457943]]]}, "properties": {"FID": 141, "FEATCODE": 25608}}, {"type": "Feature", "id": 142, "geometry": {"type": "Polygon", "coordinates": [[[-0.194965, 51.460767], [-0.194906, 51.460959], [-0.194888, 51.461026], [-0.194878, 51.461166], [-0.194903, 51.461297], [-0.194922, 51.461418], [-0.19507, 51.461429], [-0.195093, 51.461579], [-0.195111, 51.461756], [-0.195085, 51.462037], [-0.195084, 51.462201], [-0.195087, 51.462218], [-0.195139, 51.462382], [-0.195143, 51.462511], [-0.195071, 51.462558], [-0.195079, 51.462593], [-0.194978, 51.462608], [-0.194941, 51.462614], [-0.19481, 51.462572], [-0.194684, 51.462464], [-0.194598, 51.462315], [-0.194436, 51.46193], [-0.194341, 51.461808], [-0.194166, 51.461667], [-0.194119, 51.461634], [-0.194001, 51.461503], [-0.194162, 51.461433], [-0.194361, 51.461421], [-0.194563, 51.461564], [-0.194576, 51.461578], [-0.194781, 51.461746], [-0.194828, 51.461744], [-0.19487, 51.461698], [-0.194857, 51.461577], [-0.194768, 51.461407], [-0.194823, 51.461411], [-0.194797, 51.461296], [-0.194796, 51.46103], [-0.194847, 51.460797], [-0.194891, 51.460695], [-0.194905, 51.460696], [-0.194985, 51.460694], [-0.194965, 51.460767]]]}, "properties": {"FID": 142, "FEATCODE": 25608}}, {"type": "Feature", "id": 143, "geometry": {"type": "Polygon", "coordinates": [[[0.21097, 51.458995], [0.210759, 51.458982], [0.210727, 51.459161], [0.210708, 51.459306], [0.210682, 51.459503], [0.210648, 51.459783], [0.210639, 51.459867], [0.210614, 51.460068], [0.210586, 51.46032], [0.210577, 51.460394], [0.210499, 51.460978], [0.210456, 51.461339], [0.210399, 51.4618], [0.210371, 51.461944], [0.210322, 51.462016], [0.210242, 51.462045], [0.210178, 51.462042], [0.209944, 51.461967], [0.209832, 51.461931], [0.209573, 51.461868], [0.209267, 51.461807], [0.209104, 51.461764], [0.209009, 51.461733], [0.208809, 51.461664], [0.208488, 51.461565], [0.208337, 51.461522], [0.208096, 51.461448], [0.207962, 51.461402], [0.2078, 51.461344], [0.207666, 51.461284], [0.20751, 51.461194], [0.207412, 51.461134], [0.207224, 51.461009], [0.207132, 51.460932], [0.207044, 51.460852], [0.206932, 51.460773], [0.206835, 51.460722], [0.206654, 51.460644], [0.206371, 51.460513], [0.206283, 51.460461], [0.206126, 51.460351], [0.205916, 51.460212], [0.205611, 51.460065], [0.205515, 51.460034], [0.205319, 51.45999], [0.205113, 51.459955], [0.204891, 51.459896], [0.204756, 51.459827], [0.204575, 51.459696], [0.20444, 51.459583], [0.20425, 51.459408], [0.204099, 51.459284], [0.203903, 51.459152], [0.203772, 51.45906], [0.203669, 51.458979], [0.203554, 51.458888], [0.20346, 51.458801], [0.203364, 51.45868], [0.203326, 51.458568], [0.203344, 51.458524], [0.20342, 51.458479], [0.203514, 51.458446], [0.203572, 51.458401], [0.203523, 51.458375], [0.203414, 51.458377], [0.203242, 51.458387], [0.203161, 51.458373], [0.203102, 51.458318], [0.203115, 51.458299], [0.203218, 51.458268], [0.203409, 51.458233], [0.203522, 51.458161], [0.203538, 51.458097], [0.203508, 51.458031], [0.203381, 51.457952], [0.203231, 51.457932], [0.203102, 51.457941], [0.203079, 51.457967], [0.202895, 51.458023], [0.202195, 51.458112], [0.201808, 51.458155], [0.201281, 51.458209], [0.2009, 51.458246], [0.200691, 51.458267], [0.200494, 51.458288], [0.200219, 51.458318], [0.19971, 51.45836], [0.199532, 51.45833], [0.19918, 51.458069], [0.19909, 51.45799], [0.199087, 51.457992], [0.199067, 51.458015], [0.199034, 51.458052], [0.199335, 51.458351], [0.199362, 51.458436], [0.199285, 51.458476], [0.199174, 51.458489], [0.199037, 51.458486], [0.198838, 51.458457], [0.198698, 51.458425], [0.198663, 51.458465], [0.198636, 51.458494], [0.199048, 51.458564], [0.199092, 51.458566], [0.200845, 51.458429], [0.201032, 51.458413], [0.201276, 51.458401], [0.201446, 51.45839], [0.201655, 51.45837], [0.201967, 51.458339], [0.202315, 51.458313], [0.202442, 51.458321], [0.202627, 51.458377], [0.202783, 51.458468], [0.202939, 51.458594], [0.20303, 51.45868], [0.203216, 51.45886], [0.203408, 51.459047], [0.203533, 51.459154], [0.203689, 51.459273], [0.203875, 51.459431], [0.204066, 51.459619], [0.204198, 51.459774], [0.204351, 51.459921], [0.204558, 51.460032], [0.20473, 51.460087], [0.204968, 51.460143], [0.205217, 51.460205], [0.205419, 51.460285], [0.205574, 51.460372], [0.205715, 51.460476], [0.205841, 51.460566], [0.206085, 51.460683], [0.206371, 51.460798], [0.206579, 51.46091], [0.206693, 51.460996], [0.206923, 51.461169], [0.207017, 51.461236], [0.207324, 51.461485], [0.207474, 51.461582], [0.207563, 51.461624], [0.207736, 51.461685], [0.208001, 51.461772], [0.208355, 51.461884], [0.208577, 51.461947], [0.208952, 51.462045], [0.209153, 51.4621], [0.209592, 51.462228], [0.209793, 51.462288], [0.209979, 51.462358], [0.21006, 51.4624], [0.210196, 51.462507], [0.210252, 51.462583], [0.210296, 51.462706], [0.210302, 51.462856], [0.210297, 51.462989], [0.210275, 51.463262], [0.210238, 51.46351], [0.210193, 51.463763], [0.210178, 51.463879], [0.210143, 51.464104], [0.210126, 51.46426], [0.210106, 51.46447], [0.210085, 51.464585], [0.210034, 51.464718], [0.209993, 51.464805], [0.209968, 51.464885], [0.209967, 51.465162], [0.20996, 51.465304], [0.209952, 51.465425], [0.209956, 51.46557], [0.20998, 51.465727], [0.210002, 51.465804], [0.210054, 51.46592], [0.210145, 51.466077], [0.210259, 51.466266], [0.210365, 51.466435], [0.210427, 51.466539], [0.210603, 51.466817], [0.210688, 51.46694], [0.210745, 51.467028], [0.210846, 51.467187], [0.21092, 51.467354], [0.210955, 51.467463], [0.210982, 51.467567], [0.211001, 51.467648], [0.211025, 51.467839], [0.211017, 51.467936], [0.211, 51.468034], [0.21099, 51.468161], [0.210995, 51.468315], [0.210958, 51.46849], [0.210862, 51.468644], [0.210801, 51.468717], [0.210683, 51.468841], [0.210579, 51.468933], [0.210426, 51.469036], [0.210097, 51.469186], [0.209894, 51.469283], [0.209641, 51.469432], [0.209526, 51.469509], [0.20927, 51.469681], [0.209064, 51.469834], [0.208929, 51.469943], [0.208796, 51.470067], [0.208703, 51.470144], [0.20844, 51.470364], [0.208227, 51.470599], [0.208176, 51.470665], [0.208141, 51.470756], [0.208173, 51.470902], [0.208261, 51.470989], [0.208328, 51.471069], [0.208414, 51.471168], [0.208478, 51.471237], [0.20862, 51.471385], [0.208703, 51.471489], [0.208766, 51.47161], [0.208823, 51.4717], [0.208892, 51.471756], [0.208966, 51.471791], [0.209299, 51.471884], [0.209764, 51.472156], [0.210009, 51.472296], [0.210164, 51.472382], [0.210333, 51.472483], [0.210529, 51.47261], [0.21078, 51.472789], [0.210919, 51.472898], [0.211115, 51.473046], [0.211247, 51.47316], [0.211307, 51.473237], [0.211357, 51.473417], [0.21135, 51.47353], [0.211305, 51.473679], [0.211265, 51.473768], [0.211207, 51.473945], [0.211195, 51.474058], [0.211165, 51.474201], [0.211126, 51.47438], [0.211129, 51.474476], [0.211151, 51.474608], [0.211168, 51.47474], [0.211176, 51.474843], [0.21119, 51.474946], [0.211225, 51.475086], [0.211249, 51.475179], [0.211285, 51.475266], [0.211477, 51.475426], [0.211558, 51.47549], [0.21182, 51.475758], [0.211886, 51.475817], [0.212141, 51.47597], [0.212242, 51.476022], [0.212488, 51.476142], [0.212651, 51.476195], [0.213164, 51.476315], [0.213434, 51.476378], [0.213705, 51.476445], [0.21396, 51.476518], [0.214079, 51.476542], [0.214307, 51.476575], [0.214601, 51.476633], [0.214814, 51.476681], [0.215014, 51.476714], [0.215236, 51.476743], [0.215382, 51.476773], [0.215539, 51.476825], [0.21576, 51.476937], [0.215953, 51.477086], [0.215988, 51.477129], [0.216106, 51.477315], [0.216201, 51.477445], [0.21623, 51.477545], [0.216223, 51.477626], [0.216178, 51.47782], [0.216204, 51.477971], [0.216454, 51.478059], [0.216424, 51.478233], [0.21687, 51.478276], [0.216903, 51.478143], [0.217011, 51.478122], [0.217119, 51.478132], [0.217195, 51.478158], [0.217285, 51.478146], [0.21737, 51.478066], [0.217392, 51.477935], [0.21735, 51.477822], [0.217272, 51.477707], [0.217242, 51.477652], [0.2172, 51.477515], [0.217131, 51.477258], [0.217083, 51.477128], [0.21699, 51.47695], [0.216897, 51.47683], [0.216649, 51.476625], [0.21655, 51.476545], [0.216418, 51.476425], [0.216313, 51.476345], [0.216121, 51.476253], [0.215916, 51.476186], [0.21575, 51.476137], [0.215565, 51.476083], [0.215465, 51.476052], [0.215334, 51.476024], [0.215101, 51.475998], [0.214953, 51.475983], [0.214734, 51.475963], [0.214526, 51.475944], [0.214363, 51.475919], [0.214254, 51.475895], [0.213889, 51.475806], [0.213776, 51.475782], [0.21357, 51.475739], [0.213197, 51.475674], [0.213078, 51.47565], [0.212901, 51.4756], [0.212773, 51.475549], [0.21257, 51.475432], [0.212417, 51.475317], [0.212268, 51.475166], [0.212176, 51.475039], [0.212107, 51.474914], [0.212077, 51.474836], [0.212053, 51.474675], [0.212056, 51.474588], [0.212066, 51.474451], [0.21208, 51.474379], [0.212105, 51.474271], [0.212103, 51.474139], [0.212096, 51.474069], [0.212088, 51.473932], [0.212108, 51.473758], [0.212163, 51.473548], [0.212226, 51.473319], [0.212253, 51.473115], [0.21223, 51.473014], [0.212195, 51.472953], [0.212103, 51.472856], [0.21196, 51.472735], [0.211796, 51.472614], [0.211717, 51.472558], [0.211542, 51.472444], [0.211293, 51.472282], [0.211253, 51.472249], [0.211123, 51.472156], [0.210833, 51.472], [0.210653, 51.471898], [0.210498, 51.471778], [0.210371, 51.471699], [0.210178, 51.471634], [0.210066, 51.471592], [0.209973, 51.471545], [0.209788, 51.471453], [0.209511, 51.47131], [0.209398, 51.471231], [0.209271, 51.471045], [0.209244, 51.470949], [0.209244, 51.470819], [0.209321, 51.470692], [0.209424, 51.470584], [0.209563, 51.470479], [0.209698, 51.470357], [0.209774, 51.470272], [0.209922, 51.470124], [0.210049, 51.470036], [0.210309, 51.469945], [0.210347, 51.469973], [0.210355, 51.470009], [0.210438, 51.469948], [0.210461, 51.469905], [0.210472, 51.469806], [0.210513, 51.469754], [0.210675, 51.469656], [0.2108, 51.469595], [0.211163, 51.469414], [0.211263, 51.469387], [0.211523, 51.469368], [0.211665, 51.469363], [0.211757, 51.469345], [0.211875, 51.469263], [0.211918, 51.4692], [0.211736, 51.469192], [0.211591, 51.469131], [0.211552, 51.469063], [0.211666, 51.468879], [0.211802, 51.468715], [0.211812, 51.468663], [0.211819, 51.468585], [0.211856, 51.468424], [0.211872, 51.468364], [0.211918, 51.468191], [0.211958, 51.468142], [0.212022, 51.468102], [0.211995, 51.468053], [0.211917, 51.467885], [0.211897, 51.467844], [0.211805, 51.4677], [0.211743, 51.467631], [0.211675, 51.467547], [0.211605, 51.4674], [0.211546, 51.467185], [0.211529, 51.467053], [0.211595, 51.466931], [0.212105, 51.466546], [0.212185, 51.466533], [0.212327, 51.466553], [0.212609, 51.466676], [0.2128, 51.466759], [0.21297, 51.46683], [0.212844, 51.466762], [0.21259, 51.466637], [0.21252, 51.466596], [0.212363, 51.466503], [0.212112, 51.466397], [0.211934, 51.466318], [0.211719, 51.46623], [0.211569, 51.466164], [0.211701, 51.466256], [0.211895, 51.466373], [0.211966, 51.466454], [0.21195, 51.466554], [0.211879, 51.466637], [0.211747, 51.466747], [0.211608, 51.466842], [0.211497, 51.466887], [0.211423, 51.466888], [0.211334, 51.466824], [0.211258, 51.46668], [0.211186, 51.466518], [0.211146, 51.466447], [0.211072, 51.466333], [0.211003, 51.466238], [0.21086, 51.465984], [0.210826, 51.465907], [0.21076, 51.465748], [0.210769, 51.465673], [0.210847, 51.465622], [0.210942, 51.465633], [0.211078, 51.465759], [0.211205, 51.46586], [0.211117, 51.465757], [0.211063, 51.465588], [0.211093, 51.465493], [0.211147, 51.465396], [0.211127, 51.465349], [0.210928, 51.465412], [0.21075, 51.46543], [0.210691, 51.465389], [0.210676, 51.465294], [0.210691, 51.465222], [0.210743, 51.465097], [0.210765, 51.465081], [0.210832, 51.46496], [0.210944, 51.464773], [0.210935, 51.464651], [0.210944, 51.46457], [0.210975, 51.464455], [0.21098, 51.464417], [0.210969, 51.464344], [0.210952, 51.464341], [0.210889, 51.464364], [0.210846, 51.464363], [0.210802, 51.464274], [0.210807, 51.464153], [0.210814, 51.463998], [0.210822, 51.46392], [0.210847, 51.46376], [0.210855, 51.463634], [0.210893, 51.463484], [0.210942, 51.463423], [0.211009, 51.463367], [0.210967, 51.463297], [0.210952, 51.463221], [0.210966, 51.46313], [0.211005, 51.463021], [0.211059, 51.462945], [0.211034, 51.46289], [0.211028, 51.462794], [0.211051, 51.462688], [0.211052, 51.462581], [0.211041, 51.462463], [0.211013, 51.462355], [0.210992, 51.462297], [0.210977, 51.462171], [0.211005, 51.462088], [0.21105, 51.462031], [0.211103, 51.461986], [0.211043, 51.461928], [0.211006, 51.461848], [0.211003, 51.461691], [0.211015, 51.461562], [0.211032, 51.461401], [0.211057, 51.461218], [0.211076, 51.461047], [0.211119, 51.460721], [0.211138, 51.46056], [0.211165, 51.460444], [0.211168, 51.460365], [0.211175, 51.460197], [0.211199, 51.459981], [0.211214, 51.459876], [0.211227, 51.459773], [0.211259, 51.459527], [0.211269, 51.459414], [0.211311, 51.459264], [0.211356, 51.4592], [0.211446, 51.459109], [0.21152, 51.459029], [0.211052, 51.459001], [0.21097, 51.458995]]]}, "properties": {"FID": 143, "FEATCODE": 25608}}, {"type": "Feature", "id": 144, "geometry": {"type": "Polygon", "coordinates": [[[-0.194911, 51.460544], [-0.194891, 51.460451], [-0.194825, 51.46034], [-0.194806, 51.46028], [-0.194802, 51.460218], [-0.194773, 51.46016], [-0.194695, 51.460107], [-0.194524, 51.460023], [-0.19439, 51.459988], [-0.194229, 51.459968], [-0.194014, 51.459913], [-0.19382, 51.459888], [-0.193744, 51.459893], [-0.193633, 51.459919], [-0.193538, 51.459831], [-0.193536, 51.459801], [-0.193535, 51.45979], [-0.193533, 51.459758], [-0.193542, 51.459745], [-0.193593, 51.459747], [-0.193832, 51.459774], [-0.194296, 51.459783], [-0.194383, 51.459791], [-0.194597, 51.459846], [-0.195112, 51.460038], [-0.19514, 51.460232], [-0.195099, 51.46044], [-0.195083, 51.460541], [-0.194993, 51.460542], [-0.194911, 51.460544]]]}, "properties": {"FID": 144, "FEATCODE": 25608}}, {"type": "Feature", "id": 145, "geometry": {"type": "Polygon", "coordinates": [[[0.214915, 51.453106], [0.214912, 51.453064], [0.214885, 51.453025], [0.214932, 51.452983], [0.214998, 51.452943], [0.21534, 51.452708], [0.215441, 51.452622], [0.215453, 51.452561], [0.21541, 51.452525], [0.215301, 51.452505], [0.215146, 51.452578], [0.214985, 51.452678], [0.214917, 51.45272], [0.214362, 51.453055], [0.213906, 51.453336], [0.213576, 51.453558], [0.213426, 51.453662], [0.213067, 51.453913], [0.213028, 51.453943], [0.212616, 51.45429], [0.212201, 51.45464], [0.212194, 51.454645], [0.211812, 51.454968], [0.211759, 51.455032], [0.211727, 51.455114], [0.211779, 51.455391], [0.211811, 51.455506], [0.211871, 51.455619], [0.211916, 51.455674], [0.212089, 51.455854], [0.212112, 51.455998], [0.212086, 51.456054], [0.212082, 51.456119], [0.212117, 51.456171], [0.212201, 51.45625], [0.21227, 51.456322], [0.212324, 51.45645], [0.212346, 51.456575], [0.212354, 51.456724], [0.212378, 51.45699], [0.212404, 51.457081], [0.212438, 51.457177], [0.212443, 51.457307], [0.212336, 51.457422], [0.212274, 51.457457], [0.212189, 51.457549], [0.212119, 51.457638], [0.212027, 51.457726], [0.211804, 51.457926], [0.211714, 51.458018], [0.211634, 51.458091], [0.211494, 51.458199], [0.2114, 51.458274], [0.211254, 51.458395], [0.211051, 51.458575], [0.210884, 51.458738], [0.21109, 51.45875], [0.211067, 51.458775], [0.211149, 51.45878], [0.211175, 51.458755], [0.211556, 51.458777], [0.211567, 51.458763], [0.211742, 51.45857], [0.211837, 51.458483], [0.211957, 51.458383], [0.212104, 51.45828], [0.212442, 51.458027], [0.212498, 51.457973], [0.21261, 51.457828], [0.212742, 51.457581], [0.212812, 51.457414], [0.212909, 51.457136], [0.212935, 51.456981], [0.212905, 51.456759], [0.212877, 51.456623], [0.212858, 51.456514], [0.212796, 51.456028], [0.212781, 51.455926], [0.212722, 51.455821], [0.212664, 51.45576], [0.21249, 51.455611], [0.212406, 51.455525], [0.212331, 51.455403], [0.212308, 51.455307], [0.212323, 51.455152], [0.212364, 51.455068], [0.212479, 51.45497], [0.212691, 51.454899], [0.212828, 51.454854], [0.212914, 51.454812], [0.213042, 51.454694], [0.213205, 51.454341], [0.213298, 51.454218], [0.213371, 51.45415], [0.213551, 51.454007], [0.213996, 51.453695], [0.21425, 51.453548], [0.214367, 51.453474], [0.214542, 51.453372], [0.214758, 51.45323], [0.214915, 51.453106]]]}, "properties": {"FID": 145, "FEATCODE": 25608}}, {"type": "Feature", "id": 146, "geometry": {"type": "Polygon", "coordinates": [[[-0.180336, 51.47346], [-0.180046, 51.473355], [-0.180041, 51.473353], [-0.179998, 51.473337], [-0.179976, 51.47333], [-0.179964, 51.473325], [-0.17968, 51.473222], [-0.179456, 51.47314], [-0.17941, 51.473123], [-0.179409, 51.473122], [-0.17935, 51.473101], [-0.178865, 51.472923], [-0.178864, 51.472923], [-0.178845, 51.472916], [-0.178811, 51.472904], [-0.178732, 51.472875], [-0.178295, 51.472715], [-0.17827, 51.472706], [-0.17827, 51.472705], [-0.178239, 51.472694], [-0.178229, 51.47269], [-0.178224, 51.472689], [-0.178168, 51.472668], [-0.17794, 51.472585], [-0.177672, 51.472487], [-0.177671, 51.472487], [-0.177676, 51.472479], [-0.177754, 51.472436], [-0.1778, 51.472393], [-0.177908, 51.472164], [-0.177964, 51.472026], [-0.178051, 51.471815], [-0.178141, 51.471597], [-0.178291, 51.471234], [-0.178368, 51.47106], [-0.178459, 51.470875], [-0.178499, 51.470765], [-0.178519, 51.470705], [-0.178581, 51.470646], [-0.178724, 51.470351], [-0.178543, 51.470236], [-0.178554, 51.47022], [-0.178797, 51.470223], [-0.178941, 51.470122], [-0.179021, 51.470059], [-0.179101, 51.470084], [-0.179139, 51.470036], [-0.179166, 51.470005], [-0.1792, 51.469955], [-0.179179, 51.46995], [-0.179195, 51.469927], [-0.179407, 51.469983], [-0.179357, 51.47006], [-0.17946, 51.470088], [-0.179459, 51.470092], [-0.179557, 51.470119], [-0.179574, 51.470115], [-0.17967, 51.469975], [-0.17979, 51.469801], [-0.179679, 51.469772], [-0.179676, 51.469775], [-0.179568, 51.469745], [-0.179515, 51.469822], [-0.179307, 51.469767], [-0.179455, 51.469563], [-0.179537, 51.469455], [-0.179758, 51.469162], [-0.180001, 51.468832], [-0.180037, 51.468778], [-0.180163, 51.468612], [-0.180193, 51.468576], [-0.18071, 51.467894], [-0.180765, 51.467821], [-0.181076, 51.467486], [-0.181156, 51.467417], [-0.181299, 51.467301], [-0.181392, 51.467204], [-0.181448, 51.467139], [-0.18167, 51.466947], [-0.181806, 51.466862], [-0.181949, 51.466754], [-0.182075, 51.466637], [-0.182267, 51.466484], [-0.182499, 51.466313], [-0.182602, 51.466241], [-0.18278, 51.466125], [-0.183055, 51.465954], [-0.183329, 51.465784], [-0.183505, 51.46567], [-0.183565, 51.465608], [-0.183594, 51.465559], [-0.183658, 51.465474], [-0.184603, 51.465112], [-0.184713, 51.465112], [-0.185284, 51.46493], [-0.185337, 51.464911], [-0.185969, 51.464661], [-0.185994, 51.46465], [-0.186288, 51.464528], [-0.186443, 51.464469], [-0.186754, 51.464353], [-0.186989, 51.464282], [-0.187027, 51.464273], [-0.187196, 51.464449], [-0.187213, 51.464467], [-0.1874, 51.464663], [-0.187434, 51.464699], [-0.187544, 51.464816], [-0.188076, 51.465371], [-0.18811, 51.465407], [-0.188233, 51.465536], [-0.188269, 51.465574], [-0.188485, 51.465799], [-0.188457, 51.46581], [-0.188222, 51.465893], [-0.188213, 51.465895], [-0.187875, 51.466001], [-0.187593, 51.466094], [-0.18738, 51.466169], [-0.187078, 51.46627], [-0.186901, 51.466329], [-0.186599, 51.466428], [-0.186465, 51.466474], [-0.186287, 51.466543], [-0.186099, 51.466633], [-0.185724, 51.46683], [-0.185434, 51.466995], [-0.185203, 51.467143], [-0.185027, 51.467267], [-0.184815, 51.467426], [-0.184599, 51.467595], [-0.184404, 51.467768], [-0.184183, 51.467978], [-0.183948, 51.468208], [-0.183782, 51.468381], [-0.18378, 51.468382], [-0.18367, 51.468507], [-0.183562, 51.468631], [-0.183558, 51.468635], [-0.183476, 51.468736], [-0.183347, 51.468886], [-0.18327, 51.468983], [-0.183091, 51.469217], [-0.182998, 51.469352], [-0.182925, 51.469466], [-0.182781, 51.469695], [-0.182596, 51.469996], [-0.182442, 51.470245], [-0.182196, 51.470637], [-0.182016, 51.470922], [-0.181818, 51.471243], [-0.181673, 51.47148], [-0.181494, 51.471763], [-0.181372, 51.471965], [-0.181242, 51.47219], [-0.181104, 51.472435], [-0.181015, 51.4726], [-0.180946, 51.472742], [-0.180864, 51.472926], [-0.180761, 51.473156], [-0.180661, 51.473382], [-0.180426, 51.473494], [-0.180336, 51.47346]]]}, "properties": {"FID": 146, "FEATCODE": 25608}}, {"type": "Feature", "id": 148, "geometry": {"type": "Polygon", "coordinates": [[[-0.183353, 51.477353], [-0.18324, 51.477219], [-0.183262, 51.477215], [-0.183284, 51.477215], [-0.183992, 51.477195], [-0.184084, 51.477265], [-0.18408, 51.477336], [-0.183795, 51.477448], [-0.183464, 51.477391], [-0.183396, 51.477368], [-0.183353, 51.477353]]]}, "properties": {"FID": 148, "FEATCODE": 25608}}, {"type": "Feature", "id": 150, "geometry": {"type": "Polygon", "coordinates": [[[-0.178671, 51.472955], [-0.178765, 51.472989], [-0.178765, 51.472989], [-0.178817, 51.473008], [-0.179015, 51.473082], [-0.17933, 51.473196], [-0.179363, 51.473208], [-0.179363, 51.473209], [-0.179408, 51.473225], [-0.179409, 51.473226], [-0.179587, 51.473291], [-0.179678, 51.473325], [-0.179821, 51.473377], [-0.17995, 51.473423], [-0.179952, 51.473423], [-0.180003, 51.473441], [-0.180225, 51.473523], [-0.180254, 51.473534], [-0.180555, 51.473644], [-0.180538, 51.473689], [-0.180537, 51.473691], [-0.180536, 51.473691], [-0.180533, 51.473691], [-0.180529, 51.473691], [-0.180526, 51.473691], [-0.180522, 51.473691], [-0.180519, 51.473692], [-0.180515, 51.473692], [-0.180512, 51.473692], [-0.180508, 51.473693], [-0.180505, 51.473693], [-0.180502, 51.473694], [-0.180498, 51.473694], [-0.180495, 51.473695], [-0.180491, 51.473696], [-0.180488, 51.473696], [-0.180485, 51.473697], [-0.180482, 51.473698], [-0.180479, 51.473699], [-0.180475, 51.4737], [-0.180472, 51.473701], [-0.180469, 51.473702], [-0.180466, 51.473703], [-0.180463, 51.473704], [-0.18046, 51.473706], [-0.180458, 51.473707], [-0.180455, 51.473708], [-0.180452, 51.47371], [-0.18045, 51.473711], [-0.180447, 51.473713], [-0.180445, 51.473714], [-0.180442, 51.473716], [-0.18044, 51.473717], [-0.180437, 51.473719], [-0.180435, 51.473721], [-0.180433, 51.473722], [-0.180431, 51.473724], [-0.180429, 51.473726], [-0.180427, 51.473728], [-0.180425, 51.47373], [-0.180423, 51.473732], [-0.180422, 51.473733], [-0.18042, 51.473735], [-0.180419, 51.473737], [-0.180417, 51.473739], [-0.180416, 51.473741], [-0.180415, 51.473743], [-0.180413, 51.473746], [-0.180412, 51.473748], [-0.180411, 51.47375], [-0.180411, 51.473752], [-0.18041, 51.473754], [-0.180409, 51.473756], [-0.180409, 51.473758], [-0.180408, 51.47376], [-0.180408, 51.473763], [-0.180407, 51.473765], [-0.180407, 51.473767], [-0.180407, 51.473769], [-0.180407, 51.473771], [-0.180407, 51.473773], [-0.180407, 51.473776], [-0.180408, 51.473778], [-0.180408, 51.47378], [-0.180409, 51.473782], [-0.180409, 51.473784], [-0.18041, 51.473786], [-0.18041, 51.473789], [-0.180411, 51.473791], [-0.180412, 51.473793], [-0.180413, 51.473795], [-0.180414, 51.473797], [-0.180416, 51.473799], [-0.180417, 51.473801], [-0.180418, 51.473803], [-0.18042, 51.473805], [-0.180421, 51.473807], [-0.180423, 51.473809], [-0.180425, 51.473811], [-0.180427, 51.473813], [-0.180429, 51.473815], [-0.180431, 51.473816], [-0.180433, 51.473818], [-0.180435, 51.47382], [-0.180437, 51.473821], [-0.180439, 51.473823], [-0.180442, 51.473825], [-0.180444, 51.473826], [-0.180447, 51.473828], [-0.180449, 51.473829], [-0.180452, 51.473831], [-0.180455, 51.473832], [-0.180457, 51.473833], [-0.18046, 51.473835], [-0.180463, 51.473836], [-0.18048, 51.473843], [-0.18037, 51.474134], [-0.180336, 51.474129], [-0.180307, 51.474124], [-0.180185, 51.474107], [-0.179977, 51.474077], [-0.179953, 51.474073], [-0.179896, 51.474065], [-0.179886, 51.474063], [-0.179878, 51.474085], [-0.179888, 51.474087], [-0.179944, 51.474095], [-0.179976, 51.474101], [-0.180179, 51.47413], [-0.180299, 51.474147], [-0.180327, 51.474151], [-0.18029, 51.474285], [-0.180277, 51.474344], [-0.180252, 51.474482], [-0.180259, 51.474564], [-0.180321, 51.474687], [-0.180254, 51.474728], [-0.18019, 51.474785], [-0.180114, 51.474935], [-0.179917, 51.475592], [-0.179855, 51.475797], [-0.179788, 51.476023], [-0.179734, 51.476256], [-0.179627, 51.476666], [-0.179563, 51.476912], [-0.179509, 51.477119], [-0.179441, 51.477391], [-0.179439, 51.477593], [-0.179504, 51.477644], [-0.179834, 51.477703], [-0.180014, 51.477715], [-0.180326, 51.477711], [-0.18052, 51.477683], [-0.181899, 51.477255], [-0.182182, 51.477174], [-0.182427, 51.477128], [-0.182622, 51.477119], [-0.182907, 51.477164], [-0.182941, 51.477201], [-0.183031, 51.477305], [-0.182764, 51.477309], [-0.182572, 51.477321], [-0.182393, 51.477348], [-0.182269, 51.477377], [-0.182173, 51.477399], [-0.182045, 51.477438], [-0.181028, 51.477841], [-0.180836, 51.477908], [-0.180796, 51.47792], [-0.180534, 51.477942], [-0.180293, 51.477954], [-0.179687, 51.477966], [-0.179328, 51.478023], [-0.179218, 51.478153], [-0.179116, 51.478373], [-0.179034, 51.478547], [-0.178924, 51.47876], [-0.178858, 51.478854], [-0.178809, 51.478894], [-0.178498, 51.479191], [-0.178352, 51.479345], [-0.178067, 51.479631], [-0.17798, 51.479712], [-0.177947, 51.479739], [-0.177937, 51.479734], [-0.177942, 51.47973], [-0.177936, 51.479727], [-0.177664, 51.479966], [-0.177584, 51.480079], [-0.177746, 51.48027], [-0.177316, 51.48062], [-0.177069, 51.480791], [-0.176779, 51.480992], [-0.176513, 51.481162], [-0.176341, 51.481245], [-0.176094, 51.481389], [-0.175965, 51.481502], [-0.175868, 51.48157], [-0.175724, 51.481633], [-0.175594, 51.481672], [-0.175449, 51.481705], [-0.17522, 51.48174], [-0.175218, 51.48174], [-0.175217, 51.48174], [-0.175214, 51.48174], [-0.175213, 51.481741], [-0.17521, 51.481741], [-0.17507, 51.481767], [-0.174891, 51.481792], [-0.174884, 51.481774], [-0.174882, 51.481768], [-0.174877, 51.481755], [-0.174859, 51.481758], [-0.17485, 51.481759], [-0.174848, 51.481759], [-0.17486, 51.481796], [-0.174488, 51.481854], [-0.174324, 51.481883], [-0.174077, 51.481897], [-0.173874, 51.481819], [-0.173424, 51.481943], [-0.173248, 51.481748], [-0.173214, 51.481761], [-0.173195, 51.481739], [-0.173137, 51.481675], [-0.173129, 51.481667], [-0.173138, 51.481663], [-0.173121, 51.481645], [-0.173112, 51.481648], [-0.173104, 51.481639], [-0.172805, 51.481308], [-0.172796, 51.481298], [-0.172804, 51.481296], [-0.172789, 51.481277], [-0.17278, 51.48128], [-0.172772, 51.481272], [-0.172647, 51.481133], [-0.172502, 51.48097], [-0.172427, 51.480887], [-0.172433, 51.480885], [-0.17244, 51.480882], [-0.172445, 51.480878], [-0.172449, 51.480875], [-0.172453, 51.480872], [-0.172456, 51.48087], [-0.172458, 51.480867], [-0.17246, 51.480863], [-0.17246, 51.480859], [-0.172458, 51.480855], [-0.172455, 51.480851], [-0.172452, 51.480848], [-0.172447, 51.480845], [-0.172441, 51.480843], [-0.172433, 51.480841], [-0.172424, 51.48084], [-0.172415, 51.480841], [-0.172404, 51.480842], [-0.172396, 51.480843], [-0.172389, 51.480845], [-0.172117, 51.480538], [-0.172146, 51.480525], [-0.172124, 51.480501], [-0.172129, 51.480496], [-0.17213, 51.48049], [-0.17213, 51.480486], [-0.172128, 51.480484], [-0.172123, 51.480481], [-0.172118, 51.480479], [-0.172113, 51.480477], [-0.172108, 51.480477], [-0.172103, 51.480477], [-0.171847, 51.480193], [-0.171922, 51.480171], [-0.172146, 51.480091], [-0.172318, 51.480017], [-0.172546, 51.479912], [-0.172789, 51.479801], [-0.172942, 51.479729], [-0.173251, 51.479569], [-0.173495, 51.47942], [-0.173651, 51.479316], [-0.173894, 51.479143], [-0.174079, 51.478995], [-0.174206, 51.478889], [-0.174331, 51.47878], [-0.174512, 51.478617], [-0.1747, 51.478442], [-0.174773, 51.478367], [-0.174939, 51.478182], [-0.175213, 51.477852], [-0.175286, 51.477753], [-0.175545, 51.477376], [-0.175758, 51.476984], [-0.175706, 51.476888], [-0.17596, 51.476506], [-0.175967, 51.476413], [-0.175922, 51.476321], [-0.175851, 51.476248], [-0.175771, 51.476177], [-0.175776, 51.476155], [-0.175837, 51.476112], [-0.175979, 51.475931], [-0.17611, 51.475704], [-0.176206, 51.475534], [-0.176309, 51.475379], [-0.176379, 51.475337], [-0.176611, 51.475302], [-0.176877, 51.474881], [-0.177133, 51.474261], [-0.177151, 51.474181], [-0.177251, 51.473947], [-0.177315, 51.473804], [-0.177363, 51.473684], [-0.177415, 51.473533], [-0.177441, 51.473441], [-0.177507, 51.473153], [-0.177531, 51.473058], [-0.177573, 51.472925], [-0.177627, 51.472806], [-0.177659, 51.472644], [-0.177633, 51.472575], [-0.177869, 51.472661], [-0.178143, 51.472762], [-0.178179, 51.472775], [-0.17818, 51.472776], [-0.178226, 51.472792], [-0.178253, 51.472802], [-0.178671, 51.472955]]]}, "properties": {"FID": 150, "FEATCODE": 25608}}, {"type": "Feature", "id": 151, "geometry": {"type": "Polygon", "coordinates": [[[-0.167217, 51.483065], [-0.167106, 51.48284], [-0.167095, 51.482817], [-0.167075, 51.482777], [-0.167081, 51.482778], [-0.167092, 51.482778], [-0.167097, 51.482777], [-0.167102, 51.482776], [-0.167107, 51.482774], [-0.167111, 51.482772], [-0.167116, 51.482767], [-0.167122, 51.482762], [-0.167122, 51.482754], [-0.167119, 51.482748], [-0.167115, 51.482743], [-0.167112, 51.48274], [-0.167107, 51.482738], [-0.167097, 51.482735], [-0.167091, 51.482735], [-0.167084, 51.482735], [-0.167077, 51.482735], [-0.167072, 51.482737], [-0.167067, 51.482738], [-0.167062, 51.48274], [-0.167059, 51.482743], [-0.166807, 51.482239], [-0.166823, 51.482237], [-0.166826, 51.48224], [-0.166834, 51.482243], [-0.166844, 51.482246], [-0.166849, 51.482246], [-0.166857, 51.482246], [-0.166867, 51.482243], [-0.166876, 51.482239], [-0.166879, 51.482236], [-0.166882, 51.482233], [-0.166884, 51.48223], [-0.166885, 51.482226], [-0.166885, 51.482223], [-0.166884, 51.48222], [-0.166879, 51.482213], [-0.166877, 51.482211], [-0.166873, 51.482209], [-0.166868, 51.482207], [-0.166863, 51.482205], [-0.166858, 51.482204], [-0.166842, 51.482204], [-0.166834, 51.482206], [-0.166826, 51.48221], [-0.166822, 51.482212], [-0.16682, 51.482216], [-0.166818, 51.482219], [-0.166816, 51.482222], [-0.1668, 51.482225], [-0.166745, 51.482116], [-0.166553, 51.481722], [-0.166556, 51.481723], [-0.166557, 51.481725], [-0.16656, 51.481725], [-0.166563, 51.481727], [-0.166566, 51.481727], [-0.16657, 51.481728], [-0.166573, 51.481728], [-0.166576, 51.481729], [-0.166578, 51.481728], [-0.166581, 51.481729], [-0.166585, 51.481728], [-0.166591, 51.481726], [-0.166594, 51.481725], [-0.166599, 51.481722], [-0.1666, 51.481721], [-0.166602, 51.481719], [-0.166603, 51.481717], [-0.166605, 51.481715], [-0.166606, 51.481714], [-0.166606, 51.481709], [-0.166605, 51.481706], [-0.166605, 51.481705], [-0.166601, 51.481699], [-0.166598, 51.481698], [-0.166596, 51.481696], [-0.166594, 51.481695], [-0.166591, 51.481694], [-0.166589, 51.481693], [-0.166584, 51.481692], [-0.166581, 51.481692], [-0.166575, 51.481692], [-0.166571, 51.481692], [-0.166563, 51.481693], [-0.16656, 51.481695], [-0.166557, 51.481696], [-0.166554, 51.481698], [-0.166553, 51.481699], [-0.166548, 51.481704], [-0.166548, 51.481708], [-0.166546, 51.48171], [-0.166504, 51.481624], [-0.166551, 51.481618], [-0.166401, 51.481307], [-0.166861, 51.481236], [-0.167759, 51.481099], [-0.167829, 51.481065], [-0.167835, 51.481064], [-0.167915, 51.48108], [-0.16793, 51.481077], [-0.168682, 51.48092], [-0.168906, 51.480869], [-0.169204, 51.4808], [-0.169639, 51.480698], [-0.169939, 51.480632], [-0.170167, 51.480585], [-0.170339, 51.480541], [-0.170437, 51.480513], [-0.170817, 51.480422], [-0.171016, 51.480372], [-0.171326, 51.480294], [-0.17138, 51.480287], [-0.171563, 51.480271], [-0.171621, 51.480266], [-0.171958, 51.480639], [-0.171985, 51.480627], [-0.172232, 51.480901], [-0.172238, 51.48091], [-0.172257, 51.480931], [-0.172258, 51.480931], [-0.172264, 51.480938], [-0.172493, 51.481193], [-0.17261, 51.481326], [-0.172618, 51.481335], [-0.172609, 51.481338], [-0.172628, 51.481358], [-0.172636, 51.481355], [-0.172643, 51.481363], [-0.172946, 51.481695], [-0.172954, 51.481703], [-0.172947, 51.481706], [-0.172963, 51.481725], [-0.17297, 51.481722], [-0.172979, 51.48173], [-0.173035, 51.481791], [-0.173055, 51.481814], [-0.173025, 51.481824], [-0.173198, 51.482016], [-0.172833, 51.482124], [-0.172527, 51.482206], [-0.172336, 51.482255], [-0.171801, 51.482387], [-0.171277, 51.48251], [-0.170736, 51.482626], [-0.170211, 51.48273], [-0.169804, 51.482804], [-0.169616, 51.482836], [-0.169143, 51.482915], [-0.168607, 51.482994], [-0.168076, 51.483063], [-0.167295, 51.483167], [-0.167245, 51.483064], [-0.167217, 51.483065]]]}, "properties": {"FID": 151, "FEATCODE": 25608}}, {"type": "Feature", "id": 154, "geometry": {"type": "Polygon", "coordinates": [[[-0.16631, 51.481668], [-0.166343, 51.481738], [-0.16634, 51.481739], [-0.166336, 51.481739], [-0.16633, 51.481741], [-0.166326, 51.481743], [-0.166324, 51.481746], [-0.166321, 51.481747], [-0.166321, 51.481749], [-0.166319, 51.481751], [-0.166318, 51.481752], [-0.166318, 51.481761], [-0.16632, 51.481763], [-0.166321, 51.481764], [-0.166322, 51.481766], [-0.166324, 51.481768], [-0.166326, 51.481769], [-0.166329, 51.48177], [-0.166332, 51.481772], [-0.166338, 51.481774], [-0.166343, 51.481775], [-0.16635, 51.481775], [-0.166353, 51.481775], [-0.166356, 51.481774], [-0.166359, 51.481774], [-0.16636, 51.481773], [-0.166589, 51.48225], [-0.166588, 51.48225], [-0.166581, 51.482251], [-0.16657, 51.482253], [-0.166563, 51.482257], [-0.16656, 51.48226], [-0.166558, 51.482263], [-0.166555, 51.482265], [-0.166555, 51.482269], [-0.166554, 51.482275], [-0.166561, 51.482283], [-0.166568, 51.482288], [-0.166572, 51.48229], [-0.166582, 51.482291], [-0.166592, 51.482292], [-0.166598, 51.482291], [-0.166605, 51.482289], [-0.166607, 51.482288], [-0.166846, 51.482784], [-0.166846, 51.482784], [-0.166844, 51.482787], [-0.166841, 51.482791], [-0.166841, 51.482794], [-0.166839, 51.482798], [-0.166841, 51.482801], [-0.166843, 51.482806], [-0.166846, 51.482809], [-0.166853, 51.482814], [-0.166858, 51.482816], [-0.166861, 51.482816], [-0.166996, 51.483096], [-0.167045, 51.483198], [-0.166572, 51.483262], [-0.166567, 51.483246], [-0.166553, 51.483247], [-0.1665, 51.483255], [-0.166487, 51.483258], [-0.166493, 51.483275], [-0.1664, 51.483287], [-0.165202, 51.483448], [-0.164898, 51.483489], [-0.164559, 51.483534], [-0.164009, 51.483608], [-0.163627, 51.483659], [-0.163204, 51.483714], [-0.161021, 51.484004], [-0.160383, 51.484089], [-0.159931, 51.484148], [-0.15937, 51.484223], [-0.159019, 51.484268], [-0.158629, 51.48432], [-0.15827, 51.484368], [-0.157728, 51.484441], [-0.157441, 51.484478], [-0.156875, 51.484554], [-0.156593, 51.484591], [-0.156341, 51.484625], [-0.155805, 51.484699], [-0.155785, 51.484702], [-0.155463, 51.484748], [-0.155045, 51.484816], [-0.15466, 51.484883], [-0.154394, 51.484932], [-0.154093, 51.484986], [-0.153811, 51.485036], [-0.153724, 51.484803], [-0.153668, 51.484811], [-0.153639, 51.484816], [-0.153566, 51.484826], [-0.153655, 51.485062], [-0.153538, 51.485081], [-0.153231, 51.485129], [-0.152956, 51.485168], [-0.152186, 51.485261], [-0.150719, 51.485417], [-0.150192, 51.485455], [-0.150163, 51.485298], [-0.150154, 51.485256], [-0.150106, 51.485005], [-0.150097, 51.484956], [-0.149923, 51.484048], [-0.149915, 51.484002], [-0.149892, 51.483883], [-0.149864, 51.483738], [-0.149841, 51.483619], [-0.149877, 51.483608], [-0.149903, 51.4836], [-0.149928, 51.483591], [-0.149952, 51.483581], [-0.149976, 51.48357], [-0.149999, 51.483558], [-0.150022, 51.483546], [-0.150026, 51.483544], [-0.150038, 51.483425], [-0.150158, 51.483392], [-0.150185, 51.48348], [-0.150802, 51.483388], [-0.151051, 51.483352], [-0.151311, 51.483318], [-0.151521, 51.483289], [-0.15214, 51.483206], [-0.152429, 51.48317], [-0.152726, 51.48313], [-0.152891, 51.483071], [-0.152995, 51.483058], [-0.153401, 51.483004], [-0.153746, 51.482958], [-0.154434, 51.482868], [-0.154719, 51.482829], [-0.155412, 51.482738], [-0.155721, 51.482696], [-0.156038, 51.482655], [-0.156384, 51.482609], [-0.156613, 51.482578], [-0.157061, 51.48252], [-0.157355, 51.48248], [-0.157913, 51.482407], [-0.158043, 51.48239], [-0.159124, 51.482246], [-0.159458, 51.482201], [-0.159955, 51.482135], [-0.160374, 51.48208], [-0.16083, 51.482023], [-0.1612, 51.481975], [-0.161356, 51.481957], [-0.161663, 51.481916], [-0.162022, 51.481868], [-0.162373, 51.481822], [-0.163186, 51.481715], [-0.163774, 51.481633], [-0.164307, 51.481559], [-0.164475, 51.481537], [-0.164867, 51.481483], [-0.164999, 51.481525], [-0.165049, 51.481602], [-0.165277, 51.481571], [-0.165784, 51.481502], [-0.165781, 51.481391], [-0.165966, 51.481363], [-0.166154, 51.481345], [-0.16631, 51.481668]], [[-0.166477, 51.483185], [-0.166531, 51.483183], [-0.166518, 51.483153], [-0.166477, 51.483185]]]}, "properties": {"FID": 154, "FEATCODE": 25608}}, {"type": "Feature", "id": 156, "geometry": {"type": "Polygon", "coordinates": [[[-0.149549, 51.484024], [-0.149558, 51.484072], [-0.149732, 51.484982], [-0.149741, 51.48503], [-0.149799, 51.485333], [-0.149801, 51.485343], [-0.149827, 51.485479], [-0.149292, 51.485548], [-0.149265, 51.485566], [-0.149201, 51.485675], [-0.149047, 51.485667], [-0.148957, 51.485579], [-0.148745, 51.485561], [-0.148501, 51.485577], [-0.147765, 51.485612], [-0.147719, 51.485611], [-0.147721, 51.485474], [-0.147722, 51.485427], [-0.147726, 51.485142], [-0.147726, 51.485142], [-0.147727, 51.485098], [-0.147735, 51.484631], [-0.147735, 51.48459], [-0.147742, 51.484119], [-0.147743, 51.484078], [-0.147748, 51.483792], [-0.147748, 51.48376], [-0.147751, 51.483614], [-0.147803, 51.483607], [-0.148258, 51.483598], [-0.148507, 51.483602], [-0.148956, 51.483603], [-0.149251, 51.48359], [-0.149295, 51.483604], [-0.149323, 51.483613], [-0.149351, 51.48362], [-0.14938, 51.483627], [-0.149406, 51.483632], [-0.149433, 51.483636], [-0.149459, 51.48364], [-0.149475, 51.483641], [-0.149498, 51.48376], [-0.149527, 51.483908], [-0.149549, 51.484024]]]}, "properties": {"FID": 156, "FEATCODE": 25608}}, {"type": "Feature", "id": 157, "geometry": {"type": "Polygon", "coordinates": [[[-0.137265, 51.482464], [-0.137403, 51.482696], [-0.137462, 51.482713], [-0.137752, 51.482707], [-0.137987, 51.482696], [-0.138189, 51.482691], [-0.138429, 51.482692], [-0.138933, 51.482703], [-0.13927, 51.482714], [-0.139534, 51.482721], [-0.139981, 51.482734], [-0.140129, 51.482743], [-0.140845, 51.482828], [-0.140984, 51.482836], [-0.141554, 51.4829], [-0.14166, 51.48293], [-0.14213, 51.483011], [-0.142487, 51.483058], [-0.142803, 51.483099], [-0.143075, 51.483134], [-0.143608, 51.483199], [-0.144052, 51.483257], [-0.144341, 51.483299], [-0.14429, 51.483441], [-0.144289, 51.483443], [-0.144329, 51.483446], [-0.144381, 51.483305], [-0.144916, 51.483384], [-0.145313, 51.48344], [-0.146022, 51.48353], [-0.146276, 51.483557], [-0.146497, 51.483574], [-0.146707, 51.483584], [-0.146971, 51.483603], [-0.147024, 51.483611], [-0.147022, 51.483774], [-0.147018, 51.484076], [-0.147018, 51.484115], [-0.147012, 51.484585], [-0.147012, 51.484623], [-0.147005, 51.4851], [-0.147005, 51.485141], [-0.147001, 51.485485], [-0.146999, 51.485607], [-0.146937, 51.485623], [-0.146452, 51.485652], [-0.145938, 51.485634], [-0.14566, 51.485612], [-0.145453, 51.485592], [-0.144494, 51.485495], [-0.14409, 51.485449], [-0.143802, 51.485413], [-0.14352, 51.485373], [-0.142515, 51.485206], [-0.142165, 51.485147], [-0.141738, 51.485069], [-0.141413, 51.485007], [-0.141131, 51.484958], [-0.14081, 51.484909], [-0.140532, 51.484873], [-0.140256, 51.484842], [-0.139964, 51.484814], [-0.139672, 51.4848], [-0.139266, 51.484791], [-0.138908, 51.484789], [-0.138551, 51.484793], [-0.138318, 51.484799], [-0.138027, 51.48481], [-0.13779, 51.484822], [-0.137765, 51.484808], [-0.137763, 51.484808], [-0.137729, 51.484811], [-0.13771, 51.484826], [-0.137578, 51.484833], [-0.137574, 51.484831], [-0.137573, 51.48483], [-0.137571, 51.484829], [-0.137569, 51.484828], [-0.137567, 51.484828], [-0.137565, 51.484827], [-0.137564, 51.484826], [-0.137562, 51.484825], [-0.13756, 51.484825], [-0.137557, 51.484824], [-0.137551, 51.484823], [-0.13755, 51.484823], [-0.137547, 51.484823], [-0.137545, 51.484822], [-0.137531, 51.484822], [-0.137529, 51.484822], [-0.137524, 51.484823], [-0.137522, 51.484823], [-0.137519, 51.484823], [-0.137516, 51.484824], [-0.137514, 51.484824], [-0.137513, 51.484825], [-0.13751, 51.484826], [-0.137508, 51.484827], [-0.137507, 51.484827], [-0.137504, 51.484828], [-0.137503, 51.484829], [-0.137501, 51.48483], [-0.137499, 51.484831], [-0.137498, 51.484832], [-0.137496, 51.484833], [-0.137495, 51.484834], [-0.137493, 51.484835], [-0.137492, 51.484836], [-0.13749, 51.484836], [-0.137489, 51.484838], [-0.137488, 51.48484], [-0.137345, 51.484849], [-0.137096, 51.48487], [-0.13674, 51.484907], [-0.136335, 51.48496], [-0.13605, 51.485032], [-0.135969, 51.485098], [-0.135538, 51.485195], [-0.135253, 51.485237], [-0.134981, 51.485247], [-0.13486, 51.485211], [-0.134752, 51.485198], [-0.134729, 51.48515], [-0.134662, 51.485162], [-0.134643, 51.48512], [-0.134608, 51.485127], [-0.134627, 51.48517], [-0.134584, 51.485178], [-0.134609, 51.48523], [-0.134317, 51.485292], [-0.133922, 51.485381], [-0.13316, 51.485556], [-0.13282, 51.48564], [-0.132629, 51.485695], [-0.132353, 51.485792], [-0.132089, 51.485893], [-0.131816, 51.486021], [-0.131615, 51.486124], [-0.131409, 51.48624], [-0.131252, 51.486337], [-0.131009, 51.486501], [-0.130897, 51.486576], [-0.1307, 51.4867], [-0.130119, 51.487083], [-0.130088, 51.487065], [-0.129995, 51.487125], [-0.130028, 51.487144], [-0.129971, 51.487182], [-0.129375, 51.487579], [-0.129318, 51.487617], [-0.129286, 51.487599], [-0.129197, 51.487662], [-0.129227, 51.487678], [-0.129016, 51.487817], [-0.129139, 51.48481], [-0.129361, 51.484743], [-0.129989, 51.484591], [-0.1302, 51.484543], [-0.130479, 51.484478], [-0.130683, 51.484419], [-0.130927, 51.484325], [-0.131149, 51.484227], [-0.131426, 51.484095], [-0.131679, 51.483964], [-0.132001, 51.483786], [-0.132092, 51.483746], [-0.132273, 51.483688], [-0.132468, 51.483639], [-0.132627, 51.48362], [-0.132711, 51.483618], [-0.133118, 51.483558], [-0.133214, 51.483563], [-0.133305, 51.483558], [-0.133551, 51.483502], [-0.133905, 51.483405], [-0.13404, 51.483369], [-0.134279, 51.483285], [-0.1344, 51.483214], [-0.134556, 51.483156], [-0.13471, 51.483122], [-0.13518, 51.483025], [-0.135346, 51.482987], [-0.135397, 51.483082], [-0.135403, 51.48308], [-0.135476, 51.483065], [-0.1355, 51.483111], [-0.135514, 51.483114], [-0.135489, 51.483062], [-0.135562, 51.483047], [-0.135509, 51.482951], [-0.135685, 51.48294], [-0.135842, 51.482946], [-0.135941, 51.482946], [-0.136126, 51.482924], [-0.13641, 51.482865], [-0.136656, 51.4828], [-0.136755, 51.482758], [-0.136847, 51.482677], [-0.136864, 51.482649], [-0.136937, 51.482474], [-0.13698, 51.482455], [-0.137265, 51.482464]], [[-0.14401, 51.483404], [-0.143722, 51.483364], [-0.143585, 51.483344], [-0.143582, 51.483351], [-0.143569, 51.483384], [-0.144277, 51.483442], [-0.14429, 51.483441], [-0.14401, 51.483404]], [[-0.137577, 51.482847], [-0.137467, 51.482901], [-0.137447, 51.482965], [-0.138798, 51.48291], [-0.13882, 51.482866], [-0.138769, 51.482836], [-0.138556, 51.482814], [-0.137577, 51.482847]], [[-0.140781, 51.483051], [-0.14078, 51.483057], [-0.140833, 51.483063], [-0.140835, 51.483055], [-0.140782, 51.483049], [-0.140781, 51.483051]], [[-0.143049, 51.483337], [-0.143054, 51.483342], [-0.143177, 51.483352], [-0.143182, 51.483337], [-0.143192, 51.483309], [-0.143138, 51.483302], [-0.143049, 51.483337]], [[-0.142537, 51.485107], [-0.142546, 51.485107], [-0.142538, 51.485105], [-0.142537, 51.485107]]]}, "properties": {"FID": 157, "FEATCODE": 25608}}, {"type": "Feature", "id": 160, "geometry": {"type": "Polygon", "coordinates": [[[-0.129033, 51.487403], [-0.129016, 51.487817], [-0.128594, 51.488092], [-0.128523, 51.488113], [-0.128219, 51.487976], [-0.128218, 51.487975], [-0.128049, 51.487899], [-0.127994, 51.487874], [-0.127571, 51.487684], [-0.127479, 51.487642], [-0.127423, 51.487617], [-0.126887, 51.487377], [-0.126833, 51.487352], [-0.126317, 51.48712], [-0.126311, 51.487076], [-0.126307, 51.487077], [-0.1263, 51.487078], [-0.126295, 51.487079], [-0.12629, 51.487081], [-0.126284, 51.487082], [-0.126281, 51.487085], [-0.126276, 51.487086], [-0.126265, 51.487096], [-0.125796, 51.486886], [-0.125805, 51.486784], [-0.125893, 51.486669], [-0.126107, 51.486502], [-0.126209, 51.486428], [-0.126444, 51.486259], [-0.126528, 51.486196], [-0.126743, 51.48603], [-0.126753, 51.486036], [-0.126732, 51.48605], [-0.126765, 51.486068], [-0.126785, 51.486054], [-0.127178, 51.486269], [-0.127057, 51.486356], [-0.127056, 51.486356], [-0.127056, 51.486356], [-0.127056, 51.486357], [-0.127056, 51.486357], [-0.127056, 51.486358], [-0.127056, 51.486358], [-0.127056, 51.486358], [-0.127056, 51.486359], [-0.127056, 51.486359], [-0.127056, 51.48636], [-0.127056, 51.48636], [-0.127056, 51.48636], [-0.127056, 51.486361], [-0.127056, 51.486361], [-0.127057, 51.486361], [-0.127057, 51.486361], [-0.127057, 51.486362], [-0.127057, 51.486362], [-0.127057, 51.486362], [-0.127058, 51.486362], [-0.127134, 51.486404], [-0.127141, 51.486408], [-0.127142, 51.486408], [-0.127142, 51.486408], [-0.127143, 51.486408], [-0.127143, 51.486409], [-0.127144, 51.486409], [-0.127144, 51.486409], [-0.127145, 51.486409], [-0.127145, 51.486409], [-0.127146, 51.486409], [-0.127146, 51.486409], [-0.127147, 51.486409], [-0.127147, 51.486409], [-0.127148, 51.486409], [-0.127148, 51.486409], [-0.127149, 51.486409], [-0.127149, 51.486409], [-0.12715, 51.486409], [-0.12715, 51.486409], [-0.127151, 51.486409], [-0.127151, 51.486409], [-0.127151, 51.486409], [-0.127152, 51.486408], [-0.127152, 51.486408], [-0.127153, 51.486408], [-0.127153, 51.486408], [-0.127223, 51.486358], [-0.127426, 51.486213], [-0.127426, 51.486213], [-0.127426, 51.486213], [-0.127426, 51.486213], [-0.127427, 51.486212], [-0.127427, 51.486212], [-0.127427, 51.486212], [-0.127427, 51.486211], [-0.127427, 51.486211], [-0.127427, 51.486211], [-0.127427, 51.486211], [-0.127427, 51.48621], [-0.127427, 51.48621], [-0.127427, 51.48621], [-0.127427, 51.48621], [-0.127427, 51.486209], [-0.127427, 51.486209], [-0.127427, 51.486209], [-0.127427, 51.486208], [-0.127427, 51.486208], [-0.127426, 51.486208], [-0.127426, 51.486208], [-0.127426, 51.486207], [-0.127426, 51.486207], [-0.127425, 51.486207], [-0.127425, 51.486207], [-0.127425, 51.486206], [-0.127425, 51.486206], [-0.127424, 51.486206], [-0.127341, 51.48616], [-0.12734, 51.48616], [-0.12734, 51.48616], [-0.12734, 51.48616], [-0.127339, 51.48616], [-0.127339, 51.48616], [-0.127338, 51.48616], [-0.127338, 51.48616], [-0.127337, 51.48616], [-0.127337, 51.48616], [-0.127336, 51.48616], [-0.127336, 51.48616], [-0.127335, 51.48616], [-0.127335, 51.48616], [-0.127335, 51.48616], [-0.127334, 51.48616], [-0.127333, 51.48616], [-0.127333, 51.48616], [-0.127333, 51.48616], [-0.127332, 51.48616], [-0.127332, 51.48616], [-0.127331, 51.48616], [-0.127331, 51.48616], [-0.12733, 51.486161], [-0.12733, 51.486161], [-0.12733, 51.486161], [-0.127208, 51.486247], [-0.126816, 51.486032], [-0.126837, 51.486017], [-0.126804, 51.485999], [-0.126783, 51.486014], [-0.126771, 51.486008], [-0.12696, 51.485868], [-0.127028, 51.485818], [-0.127196, 51.485703], [-0.127433, 51.485557], [-0.127669, 51.48572], [-0.127704, 51.4857], [-0.127468, 51.485541], [-0.127692, 51.485428], [-0.127713, 51.485418], [-0.127965, 51.485291], [-0.128262, 51.48515], [-0.128598, 51.485015], [-0.128663, 51.484989], [-0.128697, 51.484976], [-0.128955, 51.484875], [-0.129139, 51.48481], [-0.129125, 51.485164], [-0.129033, 51.487403]]]}, "properties": {"FID": 160, "FEATCODE": 25608}}, {"type": "Feature", "id": 161, "geometry": {"type": "Polygon", "coordinates": [[[-0.124331, 51.494594], [-0.124207, 51.494581], [-0.124211, 51.494566], [-0.124153, 51.494562], [-0.124149, 51.494575], [-0.123493, 51.494509], [-0.123496, 51.494493], [-0.12344, 51.494486], [-0.123436, 51.494502], [-0.122712, 51.494427], [-0.122716, 51.494412], [-0.122661, 51.494406], [-0.122657, 51.494422], [-0.121995, 51.494352], [-0.121999, 51.494336], [-0.121945, 51.49433], [-0.121941, 51.494346], [-0.121548, 51.494306], [-0.121416, 51.49429], [-0.121402, 51.494281], [-0.121505, 51.49392], [-0.121573, 51.493687], [-0.121672, 51.493361], [-0.121733, 51.493234], [-0.121836, 51.493064], [-0.12191, 51.493052], [-0.121916, 51.493034], [-0.121869, 51.493006], [-0.121787, 51.492995], [-0.121864, 51.49273], [-0.121934, 51.492509], [-0.12203, 51.492234], [-0.122038, 51.49221], [-0.122109, 51.492041], [-0.122111, 51.492038], [-0.122112, 51.492034], [-0.122113, 51.492031], [-0.122114, 51.492028], [-0.122114, 51.492025], [-0.122115, 51.492021], [-0.122115, 51.492018], [-0.122116, 51.492015], [-0.122116, 51.492011], [-0.122116, 51.492008], [-0.122116, 51.492005], [-0.122115, 51.492002], [-0.122115, 51.491998], [-0.122114, 51.491995], [-0.122114, 51.491993], [-0.122121, 51.491973], [-0.122151, 51.4919], [-0.122252, 51.491685], [-0.122356, 51.491462], [-0.122397, 51.491373], [-0.122502, 51.491159], [-0.122593, 51.49098], [-0.122678, 51.490821], [-0.122827, 51.490561], [-0.122917, 51.490415], [-0.12308, 51.490161], [-0.123128, 51.490088], [-0.123292, 51.48985], [-0.123407, 51.489688], [-0.123639, 51.489385], [-0.123763, 51.489224], [-0.123787, 51.489186], [-0.123892, 51.488919], [-0.123954, 51.488721], [-0.123994, 51.488609], [-0.1241, 51.488372], [-0.124125, 51.48833], [-0.124334, 51.487997], [-0.124327, 51.487952], [-0.124297, 51.487859], [-0.124333, 51.487821], [-0.12445, 51.487823], [-0.124689, 51.487872], [-0.124838, 51.487866], [-0.125397, 51.487394], [-0.125693, 51.487115], [-0.12605, 51.487275], [-0.126058, 51.487279], [-0.126043, 51.487292], [-0.126042, 51.487295], [-0.126039, 51.487301], [-0.126036, 51.487307], [-0.12611, 51.487302], [-0.126218, 51.487351], [-0.126378, 51.487422], [-0.126555, 51.487503], [-0.126625, 51.487535], [-0.126677, 51.487558], [-0.126702, 51.487569], [-0.126806, 51.487615], [-0.126956, 51.487682], [-0.127135, 51.487763], [-0.127216, 51.4878], [-0.127268, 51.487823], [-0.127285, 51.48783], [-0.127434, 51.487898], [-0.127559, 51.487955], [-0.127684, 51.488012], [-0.127771, 51.488051], [-0.127784, 51.488057], [-0.127838, 51.488082], [-0.127987, 51.488148], [-0.127992, 51.488151], [-0.128306, 51.488293], [-0.128412, 51.488382], [-0.128247, 51.488614], [-0.128055, 51.488807], [-0.127876, 51.488985], [-0.127501, 51.489366], [-0.127306, 51.489537], [-0.127133, 51.489636], [-0.126955, 51.489749], [-0.1268, 51.489893], [-0.126574, 51.490169], [-0.126316, 51.490492], [-0.125998, 51.490873], [-0.125719, 51.491218], [-0.125594, 51.49138], [-0.125507, 51.491503], [-0.125422, 51.49164], [-0.125347, 51.491778], [-0.125194, 51.492133], [-0.125089, 51.492379], [-0.12502, 51.492547], [-0.124958, 51.492743], [-0.124944, 51.492918], [-0.124954, 51.492983], [-0.124954, 51.492985], [-0.124954, 51.492988], [-0.124954, 51.492991], [-0.124954, 51.492994], [-0.124955, 51.492997], [-0.124942, 51.493247], [-0.124933, 51.493318], [-0.124788, 51.494399], [-0.124757, 51.494624], [-0.124752, 51.494627], [-0.124743, 51.49463], [-0.124733, 51.494633], [-0.124727, 51.494635], [-0.124724, 51.494635], [-0.124681, 51.49463], [-0.12435, 51.494596], [-0.124331, 51.494594]]]}, "properties": {"FID": 161, "FEATCODE": 25608}}, {"type": "Feature", "id": 164, "geometry": {"type": "Polygon", "coordinates": [[[-0.12011, 51.500319], [-0.120142, 51.500144], [-0.120205, 51.499816], [-0.120235, 51.499665], [-0.120266, 51.499502], [-0.120302, 51.499327], [-0.120333, 51.499166], [-0.120395, 51.498834], [-0.120458, 51.498507], [-0.12052, 51.498182], [-0.120582, 51.497846], [-0.120631, 51.497594], [-0.120763, 51.497555], [-0.120809, 51.497513], [-0.120796, 51.497409], [-0.120686, 51.497318], [-0.120743, 51.497041], [-0.120775, 51.496876], [-0.120807, 51.496714], [-0.120841, 51.496549], [-0.120872, 51.496401], [-0.120908, 51.496237], [-0.120986, 51.495894], [-0.12102, 51.495746], [-0.121096, 51.495417], [-0.12119, 51.495046], [-0.121203, 51.495048], [-0.121217, 51.495049], [-0.121278, 51.495055], [-0.121284, 51.495032], [-0.121355, 51.495039], [-0.121361, 51.495014], [-0.121366, 51.494997], [-0.121366, 51.494996], [-0.121234, 51.494983], [-0.121221, 51.494981], [-0.121209, 51.49498], [-0.121236, 51.494885], [-0.121356, 51.494464], [-0.121357, 51.494459], [-0.121363, 51.494458], [-0.121373, 51.494458], [-0.121383, 51.494457], [-0.121386, 51.494457], [-0.121394, 51.494457], [-0.121404, 51.494458], [-0.121414, 51.494458], [-0.121423, 51.494459], [-0.121541, 51.494473], [-0.121899, 51.49451], [-0.121894, 51.494525], [-0.121949, 51.494532], [-0.121954, 51.494516], [-0.122614, 51.494585], [-0.122608, 51.494602], [-0.122663, 51.494607], [-0.122668, 51.494592], [-0.123391, 51.494667], [-0.123386, 51.494681], [-0.123444, 51.494688], [-0.123447, 51.494673], [-0.124104, 51.494743], [-0.1241, 51.494758], [-0.124156, 51.494764], [-0.124163, 51.494748], [-0.124318, 51.494764], [-0.124335, 51.494766], [-0.124579, 51.494792], [-0.124665, 51.494802], [-0.124668, 51.494802], [-0.124678, 51.494804], [-0.124682, 51.494804], [-0.124687, 51.494805], [-0.124689, 51.494806], [-0.124696, 51.49481], [-0.124702, 51.494814], [-0.124688, 51.49503], [-0.12468, 51.495124], [-0.124651, 51.495396], [-0.124628, 51.495587], [-0.124609, 51.495727], [-0.124577, 51.495947], [-0.124546, 51.496138], [-0.124507, 51.496364], [-0.124483, 51.496501], [-0.124434, 51.496777], [-0.124379, 51.497075], [-0.12433, 51.49733], [-0.124277, 51.497596], [-0.124214, 51.497871], [-0.124188, 51.497947], [-0.12417, 51.498026], [-0.124151, 51.498135], [-0.124147, 51.498145], [-0.124098, 51.498353], [-0.12409, 51.498416], [-0.123914, 51.499318], [-0.123892, 51.499423], [-0.123728, 51.500237], [-0.123727, 51.500241], [-0.123679, 51.500508], [-0.123678, 51.500513], [-0.123641, 51.500689], [-0.123595, 51.500784], [-0.123593, 51.500787], [-0.123276, 51.500778], [-0.123184, 51.500776], [-0.123144, 51.500775], [-0.123017, 51.500772], [-0.122686, 51.500762], [-0.122639, 51.50076], [-0.122522, 51.500757], [-0.122133, 51.500747], [-0.122087, 51.500746], [-0.121681, 51.500733], [-0.121552, 51.50073], [-0.121508, 51.500729], [-0.121505, 51.500729], [-0.121284, 51.500723], [-0.121007, 51.500716], [-0.120961, 51.500714], [-0.120504, 51.500701], [-0.120461, 51.5007], [-0.120147, 51.50069], [-0.12014, 51.500622], [-0.120074, 51.500547], [-0.120078, 51.500485], [-0.12011, 51.500319]]]}, "properties": {"FID": 164, "FEATCODE": 25608}}, {"type": "Feature", "id": 165, "geometry": {"type": "Polygon", "coordinates": [[[-0.123022, 51.503906], [-0.119647, 51.503852], [-0.11969, 51.503655], [-0.120306, 51.503713], [-0.120313, 51.503681], [-0.119697, 51.503625], [-0.119704, 51.503593], [-0.119706, 51.503585], [-0.119711, 51.503561], [-0.119712, 51.503557], [-0.119713, 51.503552], [-0.119745, 51.503409], [-0.119755, 51.503362], [-0.119823, 51.503053], [-0.120432, 51.503114], [-0.120439, 51.503082], [-0.11983, 51.503023], [-0.119832, 51.503012], [-0.119864, 51.502868], [-0.119865, 51.502864], [-0.119878, 51.502804], [-0.119866, 51.502803], [-0.119863, 51.502803], [-0.119765, 51.502794], [-0.119717, 51.503014], [-0.119572, 51.503001], [-0.119609, 51.502828], [-0.119725, 51.502402], [-0.119749, 51.50236], [-0.119818, 51.502168], [-0.11985, 51.502033], [-0.119879, 51.501762], [-0.119873, 51.501717], [-0.119888, 51.501506], [-0.119911, 51.501399], [-0.119959, 51.501166], [-0.120008, 51.500933], [-0.120115, 51.500935], [-0.123575, 51.501023], [-0.1236, 51.501041], [-0.123592, 51.501187], [-0.123672, 51.501225], [-0.123654, 51.501394], [-0.123653, 51.501401], [-0.12365, 51.501422], [-0.123648, 51.501456], [-0.123548, 51.501452], [-0.123544, 51.501488], [-0.123331, 51.501644], [-0.123326, 51.501693], [-0.123539, 51.501537], [-0.123532, 51.501606], [-0.12332, 51.501764], [-0.123315, 51.501814], [-0.12355, 51.501639], [-0.123632, 51.501642], [-0.123628, 51.501673], [-0.123627, 51.501696], [-0.123627, 51.501702], [-0.12358, 51.501858], [-0.123554, 51.501911], [-0.123506, 51.502077], [-0.123484, 51.50225], [-0.123457, 51.50244], [-0.123427, 51.502631], [-0.123394, 51.502821], [-0.123353, 51.50304], [-0.123284, 51.503383], [-0.123243, 51.503573], [-0.12315, 51.503835], [-0.123135, 51.503858], [-0.123022, 51.503906]]]}, "properties": {"FID": 165, "FEATCODE": 25608}}, {"type": "Feature", "id": 167, "geometry": {"type": "Polygon", "coordinates": [[[-0.122037, 51.506291], [-0.122015, 51.506276], [-0.122068, 51.506191], [-0.12205, 51.506186], [-0.121805, 51.506376], [-0.121061, 51.506145], [-0.119455, 51.505647], [-0.119404, 51.505631], [-0.118871, 51.505466], [-0.118839, 51.505503], [-0.118778, 51.505561], [-0.11869, 51.505534], [-0.118687, 51.505533], [-0.118636, 51.505517], [-0.118546, 51.505489], [-0.118594, 51.505427], [-0.118621, 51.5054], [-0.11863, 51.505391], [-0.118839, 51.505082], [-0.118929, 51.504935], [-0.119017, 51.504779], [-0.119105, 51.504607], [-0.119178, 51.504449], [-0.119241, 51.5043], [-0.1193, 51.504138], [-0.11935, 51.503975], [-0.119387, 51.503847], [-0.119533, 51.50385], [-0.119525, 51.503882], [-0.119545, 51.503883], [-0.119601, 51.503888], [-0.119638, 51.503891], [-0.119647, 51.503852], [-0.123022, 51.503906], [-0.123021, 51.503909], [-0.122986, 51.504046], [-0.123032, 51.504194], [-0.123025, 51.504314], [-0.123038, 51.504375], [-0.122915, 51.504789], [-0.122841, 51.505024], [-0.122753, 51.505287], [-0.122705, 51.505417], [-0.122629, 51.505611], [-0.122336, 51.505563], [-0.122301, 51.505557], [-0.122289, 51.505584], [-0.122325, 51.50559], [-0.122618, 51.505639], [-0.122558, 51.505779], [-0.122531, 51.505774], [-0.122546, 51.505804], [-0.122401, 51.506052], [-0.122325, 51.506141], [-0.122215, 51.506279], [-0.12218, 51.506324], [-0.122037, 51.506291]]]}, "properties": {"FID": 167, "FEATCODE": 25608}}, {"type": "Feature", "id": 169, "geometry": {"type": "Polygon", "coordinates": [[[-0.322376, 51.429966], [-0.322527, 51.430022], [-0.322555, 51.430037], [-0.322737, 51.430108], [-0.322784, 51.430137], [-0.322985, 51.430243], [-0.323286, 51.430355], [-0.323337, 51.430371], [-0.323633, 51.430491], [-0.323649, 51.430482], [-0.323998, 51.430605], [-0.324203, 51.430678], [-0.324528, 51.430794], [-0.324722, 51.430865], [-0.324786, 51.430869], [-0.324912, 51.430946], [-0.324937, 51.430974], [-0.32495, 51.430985], [-0.324927, 51.431004], [-0.325174, 51.431141], [-0.325344, 51.431247], [-0.325507, 51.431311], [-0.325653, 51.431337], [-0.326204, 51.431594], [-0.326311, 51.431704], [-0.326456, 51.431819], [-0.32654, 51.431883], [-0.326702, 51.432002], [-0.326777, 51.432058], [-0.326955, 51.432199], [-0.327087, 51.432311], [-0.32723, 51.432432], [-0.32725, 51.432451], [-0.327451, 51.432652], [-0.327472, 51.432674], [-0.327505, 51.432709], [-0.327678, 51.432889], [-0.327771, 51.432989], [-0.327961, 51.433205], [-0.328136, 51.433407], [-0.328257, 51.433555], [-0.328314, 51.43363], [-0.328431, 51.433796], [-0.328492, 51.433902], [-0.328475, 51.433906], [-0.328495, 51.433953], [-0.328511, 51.433949], [-0.328543, 51.434048], [-0.328554, 51.434091], [-0.3286, 51.434369], [-0.328603, 51.434387], [-0.328647, 51.434753], [-0.328664, 51.434915], [-0.328686, 51.435114], [-0.328691, 51.435134], [-0.328706, 51.435249], [-0.328749, 51.435479], [-0.328751, 51.435495], [-0.328779, 51.435701], [-0.328827, 51.435926], [-0.328859, 51.436062], [-0.328907, 51.436227], [-0.328914, 51.436244], [-0.328912, 51.436245], [-0.329025, 51.43652], [-0.329098, 51.436661], [-0.329187, 51.436788], [-0.329265, 51.436891], [-0.329382, 51.437043], [-0.329491, 51.43717], [-0.329526, 51.437207], [-0.329701, 51.437387], [-0.329747, 51.437434], [-0.329813, 51.437514], [-0.329961, 51.437676], [-0.330003, 51.437764], [-0.330014, 51.437812], [-0.330098, 51.437966], [-0.330121, 51.437995], [-0.330186, 51.438069], [-0.330303, 51.438087], [-0.330345, 51.438153], [-0.330338, 51.438185], [-0.330327, 51.438195], [-0.330537, 51.438398], [-0.330563, 51.438427], [-0.33064, 51.438499], [-0.330661, 51.438514], [-0.330814, 51.438624], [-0.330883, 51.438615], [-0.330891, 51.43864], [-0.330934, 51.438705], [-0.330974, 51.438734], [-0.33101, 51.438759], [-0.331043, 51.438767], [-0.331161, 51.438843], [-0.331181, 51.438857], [-0.331434, 51.439004], [-0.331494, 51.438991], [-0.331504, 51.439021], [-0.331538, 51.43903], [-0.331788, 51.439123], [-0.331785, 51.439168], [-0.331712, 51.439226], [-0.331669, 51.439272], [-0.331618, 51.439355], [-0.3316, 51.439356], [-0.331515, 51.439358], [-0.331506, 51.439351], [-0.330957, 51.438885], [-0.330824, 51.438796], [-0.330632, 51.438696], [-0.330537, 51.438731], [-0.330694, 51.438886], [-0.330745, 51.438954], [-0.330878, 51.439143], [-0.331106, 51.439433], [-0.331183, 51.439466], [-0.331327, 51.439449], [-0.331369, 51.439434], [-0.331504, 51.439386], [-0.331608, 51.439382], [-0.331525, 51.439488], [-0.331434, 51.439531], [-0.331284, 51.439628], [-0.331206, 51.439752], [-0.331232, 51.439926], [-0.331308, 51.44022], [-0.331354, 51.440389], [-0.331402, 51.440572], [-0.331466, 51.440807], [-0.33156, 51.441099], [-0.331586, 51.441135], [-0.33161, 51.441262], [-0.331528, 51.441411], [-0.331394, 51.44157], [-0.331381, 51.441587], [-0.33136, 51.441607], [-0.331223, 51.441761], [-0.331209, 51.441775], [-0.331061, 51.441946], [-0.33086, 51.442186], [-0.330759, 51.44231], [-0.330566, 51.442558], [-0.330475, 51.442681], [-0.330354, 51.442814], [-0.330304, 51.442922], [-0.330373, 51.442933], [-0.330363, 51.442954], [-0.330295, 51.44294], [-0.330177, 51.443056], [-0.330054, 51.443182], [-0.329969, 51.443273], [-0.329953, 51.443291], [-0.329911, 51.443327], [-0.329689, 51.443521], [-0.329459, 51.44372], [-0.329128, 51.444009], [-0.329076, 51.444054], [-0.328929, 51.444175], [-0.32866, 51.444405], [-0.328404, 51.444629], [-0.328175, 51.444831], [-0.328134, 51.444864], [-0.328014, 51.444959], [-0.327867, 51.445071], [-0.327677, 51.445207], [-0.327447, 51.445359], [-0.327314, 51.445442], [-0.327139, 51.445545], [-0.327163, 51.445587], [-0.326823, 51.445755], [-0.326507, 51.44585], [-0.326416, 51.445888], [-0.326149, 51.445989], [-0.326022, 51.446033], [-0.325744, 51.446122], [-0.325635, 51.446159], [-0.325111, 51.446348], [-0.325034, 51.446363], [-0.324747, 51.446423], [-0.324619, 51.446456], [-0.324412, 51.446497], [-0.324297, 51.446514], [-0.324109, 51.446545], [-0.323972, 51.44657], [-0.32381, 51.446602], [-0.323646, 51.446633], [-0.323547, 51.446652], [-0.323189, 51.44669], [-0.322837, 51.446716], [-0.322354, 51.446736], [-0.322249, 51.446738], [-0.321979, 51.446733], [-0.321578, 51.446723], [-0.321536, 51.446729], [-0.321532, 51.446743], [-0.321361, 51.446724], [-0.321, 51.446701], [-0.320992, 51.446646], [-0.320764, 51.446597], [-0.320757, 51.446632], [-0.320642, 51.446655], [-0.320621, 51.446586], [-0.320574, 51.446572], [-0.320171, 51.446492], [-0.319969, 51.44647], [-0.319796, 51.446457], [-0.319469, 51.446441], [-0.319031, 51.446426], [-0.318667, 51.446418], [-0.318181, 51.446416], [-0.317938, 51.44642], [-0.31765, 51.446435], [-0.31742, 51.446452], [-0.317048, 51.446486], [-0.316656, 51.446523], [-0.31615, 51.446579], [-0.315928, 51.446627], [-0.315827, 51.446658], [-0.315781, 51.446717], [-0.315866, 51.446875], [-0.315708, 51.446905], [-0.315533, 51.446935], [-0.315421, 51.446918], [-0.31532, 51.446987], [-0.315314, 51.447012], [-0.314844, 51.447095], [-0.314613, 51.44714], [-0.314309, 51.447199], [-0.313985, 51.447262], [-0.313784, 51.447302], [-0.313365, 51.447384], [-0.313044, 51.447448], [-0.312742, 51.447516], [-0.312392, 51.447603], [-0.312192, 51.447657], [-0.311664, 51.447803], [-0.311423, 51.447872], [-0.311242, 51.447925], [-0.311011, 51.44799], [-0.31082, 51.448045], [-0.310541, 51.448125], [-0.310539, 51.448121], [-0.310533, 51.448113], [-0.310532, 51.448112], [-0.310528, 51.448105], [-0.310507, 51.448112], [-0.310512, 51.44812], [-0.310518, 51.448128], [-0.31052, 51.44813], [-0.310098, 51.448257], [-0.309775, 51.448356], [-0.309474, 51.448455], [-0.309316, 51.448509], [-0.309077, 51.448597], [-0.308944, 51.44865], [-0.308742, 51.448741], [-0.308527, 51.448851], [-0.308278, 51.448985], [-0.308061, 51.449099], [-0.307825, 51.449225], [-0.307689, 51.449298], [-0.307443, 51.449442], [-0.307369, 51.449492], [-0.30721, 51.449599], [-0.307085, 51.449689], [-0.306938, 51.449792], [-0.306807, 51.449878], [-0.30665, 51.449971], [-0.306411, 51.450083], [-0.306203, 51.45017], [-0.306077, 51.450222], [-0.305879, 51.450314], [-0.305753, 51.450386], [-0.305633, 51.45047], [-0.305472, 51.450607], [-0.305374, 51.450697], [-0.305206, 51.450851], [-0.305103, 51.450946], [-0.304939, 51.451097], [-0.304772, 51.451251], [-0.304591, 51.451413], [-0.304444, 51.451552], [-0.304314, 51.451692], [-0.304182, 51.451857], [-0.304098, 51.451975], [-0.304024, 51.452096], [-0.303966, 51.452219], [-0.303877, 51.452549], [-0.303846, 51.4527], [-0.303835, 51.452785], [-0.303833, 51.452878], [-0.303853, 51.453029], [-0.303904, 51.453242], [-0.30394, 51.453341], [-0.304047, 51.453562], [-0.304175, 51.453817], [-0.304262, 51.453973], [-0.30433, 51.454087], [-0.304413, 51.454221], [-0.304497, 51.454361], [-0.304623, 51.454559], [-0.304737, 51.454731], [-0.304888, 51.454956], [-0.30505, 51.455186], [-0.305284, 51.455475], [-0.305498, 51.455709], [-0.305611, 51.455823], [-0.305823, 51.456025], [-0.305973, 51.456155], [-0.306233, 51.456358], [-0.306494, 51.456537], [-0.306816, 51.456744], [-0.306776, 51.456766], [-0.306913, 51.456851], [-0.307137, 51.456965], [-0.307282, 51.457021], [-0.307419, 51.457078], [-0.307418, 51.457079], [-0.306469, 51.457625], [-0.306326, 51.45754], [-0.306061, 51.457325], [-0.306049, 51.457311], [-0.30592, 51.457171], [-0.305742, 51.457005], [-0.305375, 51.456703], [-0.305373, 51.4567], [-0.30539, 51.456692], [-0.30537, 51.456676], [-0.30536, 51.45668], [-0.305311, 51.456608], [-0.305234, 51.456541], [-0.305166, 51.456482], [-0.305075, 51.456402], [-0.305067, 51.456395], [-0.304981, 51.45632], [-0.304974, 51.456315], [-0.304921, 51.456268], [-0.304903, 51.456251], [-0.304822, 51.45618], [-0.304728, 51.456098], [-0.304641, 51.456062], [-0.304571, 51.455985], [-0.304412, 51.455779], [-0.304359, 51.455706], [-0.30413, 51.455389], [-0.304066, 51.455297], [-0.303905, 51.455035], [-0.303825, 51.454896], [-0.30372, 51.45472], [-0.303564, 51.454481], [-0.303392, 51.454233], [-0.303323, 51.454124], [-0.303226, 51.453954], [-0.303186, 51.453879], [-0.303183, 51.45388], [-0.303106, 51.453728], [-0.303106, 51.453729], [-0.303082, 51.453684], [-0.302953, 51.453439], [-0.302884, 51.453347], [-0.302814, 51.45336], [-0.302843, 51.45329], [-0.302861, 51.453114], [-0.302854, 51.453029], [-0.302827, 51.452925], [-0.302768, 51.452801], [-0.302722, 51.452703], [-0.302658, 51.45251], [-0.302637, 51.452348], [-0.302647, 51.452172], [-0.302675, 51.452038], [-0.302737, 51.451862], [-0.302804, 51.451704], [-0.302864, 51.451503], [-0.302855, 51.451398], [-0.302834, 51.451395], [-0.30289, 51.451307], [-0.302962, 51.451247], [-0.303029, 51.451204], [-0.303115, 51.451139], [-0.303229, 51.451012], [-0.303426, 51.450771], [-0.303561, 51.450616], [-0.303705, 51.45046], [-0.303844, 51.450318], [-0.304027, 51.45014], [-0.304263, 51.449927], [-0.304442, 51.449779], [-0.304694, 51.449582], [-0.30491, 51.449417], [-0.305154, 51.449244], [-0.305428, 51.449065], [-0.305586, 51.448962], [-0.305733, 51.448837], [-0.305794, 51.44872], [-0.305832, 51.448613], [-0.305961, 51.448543], [-0.306104, 51.448538], [-0.306202, 51.448538], [-0.306346, 51.448518], [-0.30656, 51.448441], [-0.306762, 51.448349], [-0.307143, 51.448175], [-0.307328, 51.448092], [-0.307322, 51.448087], [-0.307351, 51.448075], [-0.307395, 51.448057], [-0.307437, 51.448038], [-0.30748, 51.44802], [-0.307618, 51.447961], [-0.307731, 51.447915], [-0.307844, 51.447868], [-0.307978, 51.447814], [-0.307986, 51.44781], [-0.308044, 51.447786], [-0.3081, 51.447763], [-0.308238, 51.447712], [-0.30837, 51.447663], [-0.308392, 51.447654], [-0.308414, 51.447646], [-0.308467, 51.447628], [-0.3085, 51.447615], [-0.308533, 51.447603], [-0.30872, 51.447538], [-0.30885, 51.447494], [-0.308975, 51.447451], [-0.309104, 51.447411], [-0.309213, 51.447376], [-0.309346, 51.447338], [-0.309475, 51.4473], [-0.309615, 51.44726], [-0.309731, 51.447228], [-0.30982, 51.447203], [-0.309975, 51.447163], [-0.31016, 51.447116], [-0.310306, 51.447079], [-0.31045, 51.447045], [-0.310572, 51.447017], [-0.310594, 51.447012], [-0.310682, 51.446991], [-0.310802, 51.446963], [-0.310942, 51.44693], [-0.311101, 51.446894], [-0.311244, 51.446862], [-0.311416, 51.446823], [-0.311571, 51.446789], [-0.31175, 51.446751], [-0.311878, 51.446723], [-0.312175, 51.446659], [-0.31236, 51.446619], [-0.312544, 51.446582], [-0.312741, 51.44654], [-0.312859, 51.446517], [-0.312996, 51.446489], [-0.31313, 51.446461], [-0.313269, 51.446434], [-0.313313, 51.446425], [-0.313315, 51.44643], [-0.313496, 51.446395], [-0.313849, 51.446327], [-0.314234, 51.446254], [-0.314589, 51.446187], [-0.314777, 51.446151], [-0.315364, 51.446042], [-0.315602, 51.445999], [-0.315861, 51.445954], [-0.316255, 51.445885], [-0.316482, 51.445848], [-0.316782, 51.445802], [-0.317081, 51.445762], [-0.317303, 51.445735], [-0.317541, 51.44571], [-0.317995, 51.445671], [-0.318394, 51.445648], [-0.318565, 51.445642], [-0.318789, 51.44564], [-0.318827, 51.44564], [-0.31909, 51.445652], [-0.319289, 51.445664], [-0.319578, 51.445675], [-0.319898, 51.445667], [-0.320137, 51.445653], [-0.320363, 51.445633], [-0.320549, 51.445613], [-0.32078, 51.445582], [-0.321161, 51.445513], [-0.321495, 51.445432], [-0.321788, 51.445351], [-0.322043, 51.445271], [-0.322435, 51.445142], [-0.322879, 51.444997], [-0.323552, 51.444786], [-0.323768, 51.44472], [-0.32414, 51.444607], [-0.324532, 51.444492], [-0.324969, 51.444367], [-0.325173, 51.444308], [-0.325602, 51.444187], [-0.325921, 51.444098], [-0.326572, 51.443913], [-0.32712, 51.443723], [-0.327812, 51.443443], [-0.328046, 51.443335], [-0.328375, 51.44317], [-0.328869, 51.442885], [-0.329158, 51.442685], [-0.329294, 51.442576], [-0.32955, 51.442342], [-0.329657, 51.442228], [-0.329878, 51.441957], [-0.330038, 51.441709], [-0.330096, 51.441592], [-0.330148, 51.441465], [-0.330247, 51.441143], [-0.330293, 51.440891], [-0.330302, 51.440734], [-0.33029, 51.440442], [-0.330243, 51.440103], [-0.330188, 51.439896], [-0.330104, 51.439661], [-0.329996, 51.439433], [-0.329868, 51.439272], [-0.329824, 51.439237], [-0.329711, 51.439048], [-0.329716, 51.439018], [-0.329655, 51.438923], [-0.329489, 51.438691], [-0.329358, 51.43852], [-0.329344, 51.438502], [-0.329326, 51.438436], [-0.329192, 51.438235], [-0.329146, 51.438204], [-0.328911, 51.438113], [-0.328862, 51.438021], [-0.328987, 51.438056], [-0.329096, 51.438047], [-0.328976, 51.43788], [-0.32886, 51.43783], [-0.328848, 51.437832], [-0.328666, 51.437578], [-0.32837, 51.437162], [-0.328322, 51.437094], [-0.328211, 51.436878], [-0.328079, 51.436676], [-0.327987, 51.436469], [-0.327915, 51.436361], [-0.327917, 51.436363], [-0.327938, 51.436361], [-0.327893, 51.436178], [-0.327853, 51.43617], [-0.327854, 51.436176], [-0.327799, 51.436099], [-0.327753, 51.43597], [-0.327789, 51.435694], [-0.327788, 51.435675], [-0.327748, 51.4356], [-0.327793, 51.43552], [-0.327772, 51.435454], [-0.327778, 51.435409], [-0.32776, 51.4353], [-0.327756, 51.43522], [-0.327759, 51.43513], [-0.327727, 51.434998], [-0.327714, 51.434873], [-0.327714, 51.434814], [-0.327702, 51.434729], [-0.327666, 51.434555], [-0.327632, 51.434416], [-0.327587, 51.43429], [-0.327524, 51.434154], [-0.327493, 51.434087], [-0.327395, 51.433958], [-0.327308, 51.433836], [-0.3273, 51.433837], [-0.327228, 51.433723], [-0.327123, 51.433568], [-0.327036, 51.43344], [-0.326899, 51.433294], [-0.326707, 51.43314], [-0.326506, 51.433024], [-0.326401, 51.432979], [-0.32639, 51.432971], [-0.326343, 51.432926], [-0.326152, 51.432793], [-0.325903, 51.432656], [-0.325682, 51.432544], [-0.325649, 51.432476], [-0.325674, 51.43245], [-0.325761, 51.432429], [-0.325818, 51.432408], [-0.325842, 51.43236], [-0.325818, 51.432316], [-0.325624, 51.432195], [-0.325613, 51.432169], [-0.325596, 51.432128], [-0.325594, 51.432126], [-0.325528, 51.432094], [-0.325511, 51.432085], [-0.325509, 51.432084], [-0.325355, 51.432007], [-0.325219, 51.431938], [-0.32506, 51.431858], [-0.324906, 51.431779], [-0.324797, 51.431725], [-0.324715, 51.431684], [-0.324663, 51.431658], [-0.324569, 51.431612], [-0.324529, 51.431591], [-0.324506, 51.43158], [-0.324482, 51.43157], [-0.324444, 51.431554], [-0.324428, 51.431547], [-0.324411, 51.431541], [-0.324388, 51.431532], [-0.324351, 51.431519], [-0.32431, 51.431505], [-0.324276, 51.431493], [-0.324245, 51.431483], [-0.324103, 51.431427], [-0.324114, 51.431363], [-0.323893, 51.431299], [-0.323829, 51.431205], [-0.323638, 51.431143], [-0.323616, 51.431064], [-0.323487, 51.430988], [-0.323344, 51.430969], [-0.323202, 51.430892], [-0.323253, 51.43087], [-0.323065, 51.4308], [-0.322829, 51.430729], [-0.322603, 51.430658], [-0.322243, 51.430535], [-0.32196, 51.430465], [-0.32183, 51.430435], [-0.322131, 51.429911], [-0.322138, 51.429899], [-0.322142, 51.429897], [-0.322376, 51.429966]], [[-0.327701, 51.444089], [-0.327209, 51.444246], [-0.326993, 51.444309], [-0.326929, 51.444336], [-0.326898, 51.444344], [-0.326778, 51.44437], [-0.326615, 51.444389], [-0.326477, 51.44443], [-0.32641, 51.444472], [-0.326309, 51.444492], [-0.326267, 51.444503], [-0.326021, 51.444556], [-0.325794, 51.444614], [-0.325411, 51.444698], [-0.325238, 51.444736], [-0.32517, 51.444776], [-0.325078, 51.444779], [-0.324917, 51.444827], [-0.324358, 51.444997], [-0.324147, 51.445065], [-0.323946, 51.445132], [-0.323413, 51.445311], [-0.323244, 51.445371], [-0.323059, 51.445469], [-0.323026, 51.445495], [-0.322937, 51.445516], [-0.32287, 51.445505], [-0.322015, 51.445762], [-0.321271, 51.445968], [-0.321063, 51.446044], [-0.321, 51.446119], [-0.321064, 51.446177], [-0.321288, 51.446217], [-0.321528, 51.446229], [-0.321775, 51.446231], [-0.32195, 51.446221], [-0.32285, 51.446129], [-0.322944, 51.446132], [-0.323147, 51.446121], [-0.323475, 51.446082], [-0.323629, 51.446049], [-0.323662, 51.446089], [-0.324159, 51.445999], [-0.32415, 51.445986], [-0.324073, 51.445875], [-0.324148, 51.445854], [-0.32438, 51.445801], [-0.324522, 51.44579], [-0.324633, 51.445802], [-0.324889, 51.445776], [-0.325022, 51.445746], [-0.325133, 51.445728], [-0.325438, 51.445685], [-0.325696, 51.445657], [-0.325809, 51.445723], [-0.325931, 51.445683], [-0.325948, 51.445676], [-0.326007, 51.445653], [-0.326032, 51.445646], [-0.326444, 51.445467], [-0.326631, 51.445345], [-0.326785, 51.445236], [-0.327043, 51.44505], [-0.327063, 51.445035], [-0.327118, 51.444999], [-0.327257, 51.444891], [-0.327395, 51.444787], [-0.327624, 51.444572], [-0.327915, 51.444269], [-0.328043, 51.444116], [-0.328066, 51.444046], [-0.32803, 51.444016], [-0.327701, 51.444089]], [[-0.306282, 51.449365], [-0.306081, 51.44947], [-0.305758, 51.449646], [-0.305613, 51.449746], [-0.305415, 51.449914], [-0.305313, 51.45006], [-0.305379, 51.45008], [-0.305563, 51.450016], [-0.306007, 51.449768], [-0.306166, 51.449662], [-0.306333, 51.449518], [-0.30643, 51.449422], [-0.306475, 51.449339], [-0.30645, 51.449316], [-0.306282, 51.449365]]]}, "properties": {"FID": 169, "FEATCODE": 25608}}, {"type": "Feature", "id": 172, "geometry": {"type": "Polygon", "coordinates": [[[-0.326741, 51.460168], [-0.326733, 51.46018], [-0.326706, 51.460252], [-0.326681, 51.4603], [-0.326604, 51.46044], [-0.326566, 51.460504], [-0.326523, 51.460576], [-0.32648, 51.460679], [-0.326489, 51.460881], [-0.326552, 51.460952], [-0.326685, 51.461021], [-0.326756, 51.461055], [-0.326864, 51.461135], [-0.326911, 51.461211], [-0.32692, 51.461279], [-0.326891, 51.461414], [-0.32679, 51.461641], [-0.326729, 51.461724], [-0.326531, 51.461925], [-0.326466, 51.462025], [-0.326415, 51.46214], [-0.326338, 51.462271], [-0.326292, 51.462321], [-0.326162, 51.462431], [-0.326109, 51.462532], [-0.326038, 51.462648], [-0.325872, 51.462866], [-0.325844, 51.46294], [-0.325819, 51.463078], [-0.325804, 51.463074], [-0.325784, 51.463107], [-0.325798, 51.46311], [-0.325705, 51.463242], [-0.32559, 51.463401], [-0.325442, 51.463651], [-0.325378, 51.463745], [-0.325294, 51.463843], [-0.325226, 51.463918], [-0.325111, 51.464054], [-0.325036, 51.464148], [-0.324941, 51.46426], [-0.324877, 51.464333], [-0.324847, 51.464369], [-0.324789, 51.464366], [-0.324733, 51.464364], [-0.324768, 51.464328], [-0.324933, 51.464163], [-0.325033, 51.464041], [-0.325114, 51.463953], [-0.325263, 51.463787], [-0.325329, 51.463699], [-0.325399, 51.463586], [-0.325461, 51.463489], [-0.32551, 51.463416], [-0.32556, 51.463346], [-0.325651, 51.463206], [-0.325696, 51.463096], [-0.325709, 51.462992], [-0.325745, 51.462898], [-0.325809, 51.46281], [-0.325855, 51.462751], [-0.32595, 51.462662], [-0.325989, 51.462594], [-0.326106, 51.462398], [-0.326176, 51.462321], [-0.326225, 51.462266], [-0.326321, 51.462124], [-0.326409, 51.461969], [-0.3265, 51.461853], [-0.326613, 51.461741], [-0.326659, 51.461689], [-0.326758, 51.461514], [-0.326789, 51.461436], [-0.326843, 51.461325], [-0.326866, 51.461278], [-0.326873, 51.461224], [-0.326857, 51.461179], [-0.326824, 51.461147], [-0.326768, 51.461118], [-0.326752, 51.461117], [-0.326644, 51.461073], [-0.326485, 51.460993], [-0.326388, 51.460875], [-0.32637, 51.460758], [-0.326409, 51.460601], [-0.326464, 51.460498], [-0.32651, 51.460425], [-0.326557, 51.460335], [-0.326605, 51.460214], [-0.326628, 51.460153], [-0.326656, 51.460111], [-0.326698, 51.46005], [-0.326779, 51.460054], [-0.326819, 51.460056], [-0.326741, 51.460168]]]}, "properties": {"FID": 172, "FEATCODE": 25608}}, {"type": "Feature", "id": 173, "geometry": {"type": "Polygon", "coordinates": [[[-0.323436, 51.465365], [-0.323341, 51.465393], [-0.323262, 51.465416], [-0.323259, 51.465402], [-0.323259, 51.465399], [-0.323255, 51.465383], [-0.323248, 51.465353], [-0.32332, 51.465328], [-0.323374, 51.46531], [-0.323623, 51.465209], [-0.323795, 51.46512], [-0.324005, 51.464983], [-0.324091, 51.464913], [-0.32425, 51.464759], [-0.32441, 51.464611], [-0.324538, 51.464477], [-0.324556, 51.464458], [-0.324616, 51.46446], [-0.324677, 51.464463], [-0.324654, 51.464482], [-0.324576, 51.464547], [-0.324395, 51.464724], [-0.32434, 51.464756], [-0.32412, 51.464967], [-0.324042, 51.46503], [-0.323904, 51.465125], [-0.323828, 51.465168], [-0.323701, 51.46523], [-0.323685, 51.465272], [-0.323436, 51.465365]]]}, "properties": {"FID": 173, "FEATCODE": 25608}}, {"type": "Feature", "id": 175, "geometry": {"type": "Polygon", "coordinates": [[[-0.317982, 51.462029], [-0.318267, 51.462176], [-0.318758, 51.462505], [-0.318969, 51.46266], [-0.31903, 51.462711], [-0.319583, 51.46314], [-0.319941, 51.463414], [-0.320106, 51.463541], [-0.320248, 51.463654], [-0.320385, 51.463768], [-0.320628, 51.463981], [-0.320764, 51.46411], [-0.320956, 51.464307], [-0.321125, 51.464494], [-0.321236, 51.464629], [-0.321359, 51.464783], [-0.321423, 51.464859], [-0.321303, 51.464877], [-0.32119, 51.464894], [-0.321183, 51.46488], [-0.321136, 51.464892], [-0.321127, 51.464947], [-0.321123, 51.46496], [-0.321134, 51.464958], [-0.321196, 51.465051], [-0.3213, 51.46521], [-0.321352, 51.465296], [-0.321383, 51.465345], [-0.321408, 51.465338], [-0.32133, 51.465212], [-0.321294, 51.465129], [-0.321154, 51.464923], [-0.321201, 51.464912], [-0.321196, 51.464904], [-0.321308, 51.464887], [-0.321429, 51.464869], [-0.321634, 51.465197], [-0.321757, 51.46533], [-0.321819, 51.465353], [-0.322014, 51.465371], [-0.322845, 51.465367], [-0.323066, 51.465344], [-0.323068, 51.465349], [-0.322846, 51.465376], [-0.322029, 51.46539], [-0.321996, 51.465417], [-0.322395, 51.465432], [-0.322449, 51.465432], [-0.322395, 51.465433], [-0.321962, 51.465448], [-0.321857, 51.465489], [-0.321832, 51.465592], [-0.321884, 51.465792], [-0.321967, 51.466055], [-0.321997, 51.466215], [-0.321998, 51.466231], [-0.321991, 51.466366], [-0.321979, 51.466547], [-0.321941, 51.467111], [-0.321936, 51.467184], [-0.321923, 51.467958], [-0.321943, 51.467995], [-0.322112, 51.46833], [-0.322135, 51.468396], [-0.322135, 51.468396], [-0.322132, 51.468397], [-0.322129, 51.468399], [-0.322127, 51.4684], [-0.322124, 51.468401], [-0.322121, 51.468403], [-0.322119, 51.468404], [-0.322116, 51.468406], [-0.322114, 51.468407], [-0.322111, 51.468409], [-0.322109, 51.46841], [-0.322107, 51.468412], [-0.322104, 51.468414], [-0.322102, 51.468416], [-0.3221, 51.468417], [-0.322099, 51.468419], [-0.322097, 51.468421], [-0.322095, 51.468423], [-0.322093, 51.468425], [-0.322092, 51.468427], [-0.32209, 51.468429], [-0.322089, 51.468431], [-0.322087, 51.468433], [-0.322086, 51.468435], [-0.322085, 51.468437], [-0.322084, 51.468439], [-0.322083, 51.468441], [-0.322082, 51.468443], [-0.322081, 51.468445], [-0.32208, 51.468447], [-0.32208, 51.46845], [-0.322079, 51.468452], [-0.322079, 51.468454], [-0.322079, 51.468456], [-0.322078, 51.468458], [-0.322078, 51.468461], [-0.322078, 51.468463], [-0.322078, 51.468465], [-0.322078, 51.468467], [-0.322079, 51.468469], [-0.322079, 51.468471], [-0.32208, 51.468474], [-0.32208, 51.468476], [-0.322081, 51.468478], [-0.322082, 51.46848], [-0.322082, 51.468482], [-0.322083, 51.468484], [-0.322084, 51.468486], [-0.322085, 51.468488], [-0.322087, 51.46849], [-0.322088, 51.468492], [-0.322089, 51.468494], [-0.322091, 51.468496], [-0.322092, 51.468498], [-0.322094, 51.4685], [-0.322096, 51.468502], [-0.322098, 51.468504], [-0.322099, 51.468506], [-0.322101, 51.468508], [-0.322103, 51.46851], [-0.322106, 51.468511], [-0.322108, 51.468513], [-0.32211, 51.468515], [-0.322112, 51.468516], [-0.322115, 51.468518], [-0.322117, 51.468519], [-0.32212, 51.468521], [-0.322123, 51.468522], [-0.322125, 51.468524], [-0.322128, 51.468525], [-0.322131, 51.468526], [-0.322134, 51.468528], [-0.322137, 51.468529], [-0.32214, 51.46853], [-0.322142, 51.468531], [-0.322146, 51.468532], [-0.322149, 51.468533], [-0.322152, 51.468534], [-0.322155, 51.468535], [-0.322158, 51.468536], [-0.322162, 51.468537], [-0.322165, 51.468537], [-0.322168, 51.468538], [-0.322172, 51.468539], [-0.322175, 51.468539], [-0.322178, 51.46854], [-0.322182, 51.46854], [-0.322182, 51.46854], [-0.32223, 51.468877], [-0.3222, 51.469028], [-0.322168, 51.469082], [-0.32215, 51.469082], [-0.322149, 51.469089], [-0.322076, 51.46908], [-0.322011, 51.469306], [-0.322083, 51.469315], [-0.322101, 51.469318], [-0.322016, 51.469445], [-0.321945, 51.46958], [-0.321906, 51.469655], [-0.321784, 51.469904], [-0.321639, 51.470205], [-0.321519, 51.470404], [-0.321558, 51.470415], [-0.321862, 51.470475], [-0.322123, 51.470535], [-0.322059, 51.470584], [-0.321636, 51.470523], [-0.321468, 51.47049], [-0.32131, 51.470611], [-0.321289, 51.470688], [-0.321264, 51.470691], [-0.321194, 51.47074], [-0.32091, 51.470914], [-0.320838, 51.470944], [-0.32073, 51.471002], [-0.320669, 51.471048], [-0.320512, 51.471139], [-0.320361, 51.471199], [-0.320248, 51.471249], [-0.319626, 51.471346], [-0.319622, 51.471347], [-0.319619, 51.471347], [-0.319616, 51.471348], [-0.319613, 51.471349], [-0.31961, 51.471349], [-0.319607, 51.47135], [-0.319604, 51.471351], [-0.319218, 51.471461], [-0.319215, 51.471462], [-0.319212, 51.471463], [-0.319209, 51.471464], [-0.319206, 51.471465], [-0.319205, 51.471465], [-0.319106, 51.471493], [-0.318941, 51.471542], [-0.318776, 51.471592], [-0.318242, 51.471749], [-0.317763, 51.471888], [-0.317319, 51.472017], [-0.317121, 51.472086], [-0.316863, 51.472206], [-0.316738, 51.472251], [-0.316609, 51.472287], [-0.316346, 51.472377], [-0.316248, 51.472456], [-0.316246, 51.472532], [-0.316238, 51.472548], [-0.316094, 51.472493], [-0.316051, 51.472488], [-0.315812, 51.472542], [-0.315691, 51.472586], [-0.315537, 51.472627], [-0.315313, 51.472682], [-0.314915, 51.472808], [-0.314635, 51.472902], [-0.314362, 51.473007], [-0.314194, 51.473073], [-0.313945, 51.473159], [-0.313795, 51.473221], [-0.313681, 51.473284], [-0.313587, 51.473337], [-0.313566, 51.473381], [-0.31363, 51.473508], [-0.313448, 51.473401], [-0.313387, 51.473396], [-0.313277, 51.473418], [-0.313156, 51.473487], [-0.313145, 51.473538], [-0.31322, 51.473657], [-0.313245, 51.473698], [-0.312993, 51.473548], [-0.31288, 51.473539], [-0.31264, 51.473587], [-0.312384, 51.473662], [-0.31228, 51.473716], [-0.31226, 51.473766], [-0.312331, 51.47388], [-0.312331, 51.473884], [-0.312218, 51.47382], [-0.312096, 51.473779], [-0.312004, 51.473786], [-0.311889, 51.473826], [-0.311768, 51.473901], [-0.31174, 51.473986], [-0.311803, 51.474085], [-0.311798, 51.474087], [-0.311615, 51.474049], [-0.311574, 51.474081], [-0.311605, 51.474142], [-0.311695, 51.474228], [-0.311694, 51.47423], [-0.31156, 51.474163], [-0.311473, 51.474131], [-0.311439, 51.474137], [-0.311457, 51.474233], [-0.311437, 51.474228], [-0.311339, 51.474177], [-0.311278, 51.474161], [-0.311174, 51.474169], [-0.311054, 51.474246], [-0.311119, 51.474363], [-0.311223, 51.474466], [-0.311222, 51.474469], [-0.311056, 51.474367], [-0.310904, 51.474308], [-0.310798, 51.474346], [-0.31075, 51.474434], [-0.310622, 51.474427], [-0.310422, 51.474483], [-0.310307, 51.474541], [-0.310245, 51.474577], [-0.310143, 51.474629], [-0.310032, 51.474676], [-0.309936, 51.474715], [-0.309803, 51.474766], [-0.309682, 51.474817], [-0.309442, 51.474982], [-0.309458, 51.475067], [-0.309515, 51.475151], [-0.309515, 51.475156], [-0.309404, 51.475092], [-0.309301, 51.475064], [-0.309107, 51.475119], [-0.309002, 51.475186], [-0.308819, 51.475282], [-0.308712, 51.475336], [-0.308581, 51.47541], [-0.308483, 51.475458], [-0.308381, 51.475509], [-0.308302, 51.475558], [-0.308266, 51.475604], [-0.308302, 51.475692], [-0.308463, 51.475808], [-0.308577, 51.475845], [-0.308681, 51.475858], [-0.308775, 51.475869], [-0.308756, 51.475881], [-0.308619, 51.475883], [-0.308529, 51.475869], [-0.308405, 51.475815], [-0.308223, 51.475751], [-0.308109, 51.475817], [-0.308081, 51.475848], [-0.308041, 51.475849], [-0.308095, 51.475762], [-0.308089, 51.475707], [-0.307982, 51.475699], [-0.307879, 51.475737], [-0.307776, 51.475792], [-0.307675, 51.475842], [-0.307513, 51.475932], [-0.307439, 51.47598], [-0.307325, 51.476059], [-0.307208, 51.476154], [-0.307172, 51.476208], [-0.307164, 51.476221], [-0.30706, 51.476218], [-0.306948, 51.476247], [-0.306856, 51.476309], [-0.306776, 51.476386], [-0.306662, 51.476505], [-0.306511, 51.476649], [-0.306419, 51.476752], [-0.306357, 51.476843], [-0.306348, 51.476902], [-0.306537, 51.476994], [-0.306527, 51.476995], [-0.306507, 51.476998], [-0.306486, 51.477001], [-0.306466, 51.477004], [-0.306452, 51.477006], [-0.306322, 51.476963], [-0.306186, 51.477023], [-0.306413, 51.477075], [-0.306401, 51.47709], [-0.306215, 51.477076], [-0.306151, 51.477088], [-0.30606, 51.47714], [-0.305984, 51.477229], [-0.305932, 51.477319], [-0.305869, 51.477427], [-0.305831, 51.477486], [-0.30573, 51.477658], [-0.305651, 51.477787], [-0.305605, 51.477866], [-0.305578, 51.477926], [-0.305631, 51.477918], [-0.30561, 51.477932], [-0.305605, 51.477935], [-0.305602, 51.477937], [-0.305599, 51.477939], [-0.305595, 51.477941], [-0.305591, 51.477943], [-0.305586, 51.477944], [-0.305583, 51.477944], [-0.305579, 51.477945], [-0.305526, 51.477987], [-0.305436, 51.478081], [-0.3054, 51.478136], [-0.305341, 51.478221], [-0.305247, 51.478314], [-0.305172, 51.478385], [-0.305099, 51.478442], [-0.304975, 51.478527], [-0.305034, 51.478587], [-0.305024, 51.478594], [-0.304939, 51.478598], [-0.304865, 51.478677], [-0.304889, 51.478721], [-0.304853, 51.478725], [-0.30484, 51.478823], [-0.304834, 51.478833], [-0.304759, 51.478818], [-0.304658, 51.478932], [-0.30466, 51.478947], [-0.304615, 51.478961], [-0.304438, 51.479232], [-0.30457, 51.479218], [-0.304577, 51.479225], [-0.304492, 51.479273], [-0.304492, 51.479378], [-0.304446, 51.479434], [-0.304402, 51.479511], [-0.304363, 51.479585], [-0.304367, 51.479634], [-0.304496, 51.479768], [-0.304602, 51.479865], [-0.304667, 51.479937], [-0.304325, 51.479708], [-0.304173, 51.479653], [-0.304107, 51.479675], [-0.304061, 51.479743], [-0.304063, 51.47979], [-0.304045, 51.47981], [-0.30386, 51.479774], [-0.303729, 51.479822], [-0.303737, 51.479901], [-0.303752, 51.479917], [-0.303575, 51.479936], [-0.303303, 51.480103], [-0.30323, 51.48016], [-0.302919, 51.480393], [-0.302774, 51.480496], [-0.30259, 51.480619], [-0.302151, 51.480904], [-0.301987, 51.481011], [-0.30163, 51.481239], [-0.301394, 51.481389], [-0.30122, 51.481502], [-0.301096, 51.48159], [-0.300973, 51.481691], [-0.300899, 51.481776], [-0.300844, 51.481912], [-0.300828, 51.481997], [-0.300571, 51.482073], [-0.300482, 51.482186], [-0.300351, 51.48235], [-0.300237, 51.482508], [-0.300208, 51.482547], [-0.30017, 51.482691], [-0.300282, 51.482783], [-0.300399, 51.482813], [-0.300502, 51.482819], [-0.300997, 51.482745], [-0.30154, 51.482645], [-0.302058, 51.48255], [-0.302257, 51.482513], [-0.302529, 51.482463], [-0.302864, 51.482401], [-0.303025, 51.482372], [-0.303353, 51.482298], [-0.303494, 51.48233], [-0.303634, 51.482355], [-0.30373, 51.482353], [-0.303889, 51.482302], [-0.304006, 51.482236], [-0.30423, 51.482207], [-0.304309, 51.482345], [-0.304144, 51.482381], [-0.304133, 51.48245], [-0.303967, 51.482521], [-0.304018, 51.482585], [-0.303871, 51.482628], [-0.303938, 51.482717], [-0.303944, 51.482713], [-0.303996, 51.482781], [-0.303957, 51.48286], [-0.304045, 51.482958], [-0.304205, 51.482986], [-0.304269, 51.482935], [-0.304472, 51.482786], [-0.304691, 51.482687], [-0.304763, 51.482728], [-0.30478, 51.482737], [-0.304823, 51.482761], [-0.304869, 51.482787], [-0.304883, 51.482829], [-0.304663, 51.483021], [-0.304547, 51.483099], [-0.304463, 51.483139], [-0.304236, 51.483183], [-0.304047, 51.483134], [-0.303849, 51.48305], [-0.303746, 51.482961], [-0.303447, 51.482611], [-0.303416, 51.482593], [-0.303304, 51.482611], [-0.302952, 51.482676], [-0.302577, 51.482748], [-0.302524, 51.482758], [-0.302257, 51.482808], [-0.302049, 51.482845], [-0.301575, 51.482936], [-0.301355, 51.482962], [-0.301293, 51.482964], [-0.30104, 51.482994], [-0.300644, 51.483071], [-0.300397, 51.483125], [-0.300242, 51.483189], [-0.300176, 51.483346], [-0.300242, 51.483414], [-0.300399, 51.483474], [-0.300618, 51.483465], [-0.300767, 51.483439], [-0.30105, 51.483386], [-0.301313, 51.483363], [-0.301349, 51.483387], [-0.301261, 51.483464], [-0.301177, 51.483506], [-0.300953, 51.483614], [-0.300751, 51.483705], [-0.30056, 51.483761], [-0.300336, 51.483645], [-0.30012, 51.483479], [-0.30003, 51.483404], [-0.299868, 51.483316], [-0.29976, 51.483302], [-0.299695, 51.483342], [-0.29971, 51.48343], [-0.299761, 51.48356], [-0.29974, 51.483571], [-0.299645, 51.483561], [-0.299607, 51.483589], [-0.299649, 51.483705], [-0.299719, 51.4838], [-0.299912, 51.48405], [-0.300041, 51.484132], [-0.300091, 51.484135], [-0.300201, 51.484095], [-0.300343, 51.484007], [-0.300355, 51.484012], [-0.300314, 51.484085], [-0.300216, 51.484186], [-0.300142, 51.48425], [-0.299895, 51.484485], [-0.29989, 51.48449], [-0.299861, 51.484506], [-0.2998, 51.48458], [-0.299652, 51.484757], [-0.299538, 51.484874], [-0.299329, 51.48505], [-0.299129, 51.485174], [-0.298946, 51.485261], [-0.298542, 51.485427], [-0.298409, 51.485482], [-0.297496, 51.485836], [-0.297175, 51.485962], [-0.296783, 51.486112], [-0.296479, 51.486228], [-0.296353, 51.486275], [-0.296043, 51.486387], [-0.295745, 51.486493], [-0.295454, 51.486593], [-0.293463, 51.487214], [-0.29269, 51.487398], [-0.29251, 51.487442], [-0.292467, 51.487454], [-0.292, 51.487545], [-0.291794, 51.487567], [-0.291609, 51.487575], [-0.291479, 51.487578], [-0.291156, 51.48758], [-0.291008, 51.487582], [-0.290849, 51.487587], [-0.29062, 51.487595], [-0.290378, 51.487614], [-0.290263, 51.487632], [-0.290247, 51.487633], [-0.290205, 51.48763], [-0.289708, 51.487647], [-0.289457, 51.487678], [-0.289377, 51.487692], [-0.289106, 51.487723], [-0.288754, 51.487727], [-0.288426, 51.487723], [-0.28823, 51.487715], [-0.288018, 51.487715], [-0.2879, 51.487714], [-0.287746, 51.487684], [-0.2877, 51.487656], [-0.287697, 51.487651], [-0.287688, 51.487632], [-0.287661, 51.487632], [-0.287605, 51.487626], [-0.287605, 51.487625], [-0.287601, 51.487625], [-0.287594, 51.487402], [-0.287591, 51.487284], [-0.287591, 51.487279], [-0.287594, 51.487279], [-0.287592, 51.487252], [-0.28759, 51.487251], [-0.287578, 51.486865], [-0.287578, 51.486865], [-0.287578, 51.486837], [-0.287577, 51.486837], [-0.287573, 51.48671], [-0.287566, 51.486488], [-0.287585, 51.486472], [-0.288841, 51.486365], [-0.289284, 51.486344], [-0.289411, 51.486337], [-0.289632, 51.486318], [-0.289828, 51.486294], [-0.290125, 51.486253], [-0.29058, 51.486205], [-0.290609, 51.4862], [-0.29121, 51.486062], [-0.291631, 51.485957], [-0.291888, 51.485895], [-0.292205, 51.485818], [-0.292946, 51.485638], [-0.293679, 51.485461], [-0.293955, 51.485384], [-0.29417, 51.485314], [-0.294381, 51.485234], [-0.29458, 51.485149], [-0.294762, 51.485068], [-0.295018, 51.48495], [-0.295281, 51.484823], [-0.295402, 51.484756], [-0.295711, 51.48457], [-0.295978, 51.484404], [-0.296165, 51.484287], [-0.296331, 51.484183], [-0.29666, 51.483975], [-0.297027, 51.483742], [-0.297152, 51.483661], [-0.297273, 51.483577], [-0.297489, 51.483416], [-0.29773, 51.483212], [-0.297916, 51.483049], [-0.298053, 51.48293], [-0.298333, 51.482684], [-0.298444, 51.482586], [-0.298611, 51.482437], [-0.299005, 51.482105], [-0.299213, 51.481937], [-0.299508, 51.481699], [-0.299698, 51.481551], [-0.299847, 51.481434], [-0.300045, 51.481282], [-0.30024, 51.481129], [-0.300409, 51.480996], [-0.300488, 51.480934], [-0.300653, 51.480805], [-0.30109, 51.480461], [-0.30142, 51.480201], [-0.301639, 51.480026], [-0.301795, 51.479905], [-0.302112, 51.479657], [-0.302312, 51.479495], [-0.302573, 51.479274], [-0.302673, 51.479184], [-0.302937, 51.47893], [-0.303045, 51.478826], [-0.303227, 51.478647], [-0.303434, 51.478433], [-0.303538, 51.478325], [-0.303761, 51.478092], [-0.303965, 51.477876], [-0.304218, 51.477609], [-0.304315, 51.477507], [-0.304478, 51.477328], [-0.304613, 51.477176], [-0.304776, 51.476989], [-0.305026, 51.47671], [-0.305308, 51.476402], [-0.305336, 51.476371], [-0.305594, 51.476102], [-0.30572, 51.475973], [-0.305951, 51.475745], [-0.306488, 51.475225], [-0.306592, 51.475129], [-0.306752, 51.474996], [-0.306869, 51.474907], [-0.307086, 51.474762], [-0.307279, 51.474651], [-0.307523, 51.474533], [-0.30772, 51.474448], [-0.308127, 51.474287], [-0.308674, 51.474074], [-0.309126, 51.473898], [-0.309423, 51.473782], [-0.309586, 51.473718], [-0.310118, 51.473508], [-0.310434, 51.47337], [-0.310471, 51.473346], [-0.31061, 51.473312], [-0.311003, 51.473152], [-0.311307, 51.473053], [-0.31155, 51.47296], [-0.311934, 51.47283], [-0.312136, 51.472739], [-0.312782, 51.472487], [-0.312885, 51.472432], [-0.312967, 51.472374], [-0.313044, 51.472345], [-0.313184, 51.472338], [-0.313252, 51.472264], [-0.313446, 51.472232], [-0.313731, 51.47213], [-0.313923, 51.47204], [-0.314291, 51.471904], [-0.314618, 51.471808], [-0.315173, 51.47168], [-0.315474, 51.471598], [-0.316329, 51.47141], [-0.316876, 51.471273], [-0.31692, 51.471267], [-0.317136, 51.471223], [-0.317315, 51.47117], [-0.317463, 51.471118], [-0.317681, 51.471026], [-0.317779, 51.470976], [-0.317919, 51.470891], [-0.318088, 51.470767], [-0.318214, 51.470658], [-0.318347, 51.470526], [-0.318431, 51.470433], [-0.318527, 51.47031], [-0.318634, 51.470132], [-0.318718, 51.469931], [-0.3188, 51.469706], [-0.318947, 51.469289], [-0.319012, 51.469103], [-0.319072, 51.46893], [-0.319126, 51.468775], [-0.319233, 51.46844], [-0.319264, 51.46832], [-0.319291, 51.46817], [-0.319313, 51.46798], [-0.319327, 51.467811], [-0.319348, 51.467605], [-0.319365, 51.467474], [-0.319394, 51.467303], [-0.319428, 51.467139], [-0.319457, 51.467025], [-0.319519, 51.466821], [-0.319572, 51.466658], [-0.319695, 51.466285], [-0.319773, 51.466063], [-0.319891, 51.465734], [-0.319938, 51.465558], [-0.31996, 51.465402], [-0.319957, 51.465195], [-0.319923, 51.465006], [-0.319883, 51.464883], [-0.319822, 51.464742], [-0.319728, 51.464596], [-0.319668, 51.464528], [-0.319482, 51.464354], [-0.319297, 51.464201], [-0.319104, 51.46405], [-0.31884, 51.46386], [-0.318675, 51.463748], [-0.318517, 51.463642], [-0.318386, 51.463557], [-0.318052, 51.463371], [-0.317822, 51.463246], [-0.317658, 51.463137], [-0.317551, 51.463052], [-0.317499, 51.463014], [-0.317281, 51.462864], [-0.317265, 51.462851], [-0.31728, 51.462782], [-0.317311, 51.462738], [-0.317193, 51.462641], [-0.316972, 51.462492], [-0.316953, 51.462471], [-0.317046, 51.462412], [-0.317138, 51.462355], [-0.317413, 51.462181], [-0.317611, 51.462057], [-0.317863, 51.462033], [-0.317898, 51.462055], [-0.317909, 51.462011], [-0.317982, 51.462029]], [[-0.321063, 51.465165], [-0.321147, 51.465362], [-0.321162, 51.465397], [-0.321187, 51.465393], [-0.321172, 51.465358], [-0.321074, 51.465127], [-0.321063, 51.465165]], [[-0.320987, 51.466001], [-0.320928, 51.46606], [-0.320882, 51.466145], [-0.320827, 51.46619], [-0.320803, 51.466219], [-0.320705, 51.466437], [-0.320697, 51.466454], [-0.320646, 51.466578], [-0.320594, 51.466703], [-0.320534, 51.466857], [-0.320484, 51.46699], [-0.320449, 51.467092], [-0.320425, 51.46717], [-0.3204, 51.467261], [-0.320378, 51.467348], [-0.320362, 51.467412], [-0.320345, 51.467493], [-0.320327, 51.467585], [-0.320317, 51.467645], [-0.320294, 51.467801], [-0.320255, 51.468072], [-0.320253, 51.468093], [-0.320214, 51.468321], [-0.320199, 51.468399], [-0.320176, 51.468495], [-0.320134, 51.468641], [-0.320104, 51.468717], [-0.320075, 51.468798], [-0.319997, 51.469018], [-0.319909, 51.469274], [-0.319828, 51.469515], [-0.319802, 51.469587], [-0.319784, 51.469646], [-0.319739, 51.469808], [-0.319683, 51.470023], [-0.319642, 51.470221], [-0.319622, 51.470332], [-0.319615, 51.470389], [-0.319617, 51.470419], [-0.319626, 51.470465], [-0.31963, 51.470498], [-0.319664, 51.47064], [-0.319698, 51.470672], [-0.319749, 51.470685], [-0.319798, 51.47068], [-0.319928, 51.470655], [-0.320181, 51.470603], [-0.320358, 51.470542], [-0.320486, 51.470467], [-0.320836, 51.47018], [-0.320966, 51.47004], [-0.321085, 51.469851], [-0.321229, 51.469565], [-0.321254, 51.469469], [-0.321265, 51.46919], [-0.321256, 51.468789], [-0.321214, 51.468516], [-0.321154, 51.468328], [-0.321124, 51.468173], [-0.321135, 51.468098], [-0.321201, 51.467945], [-0.32122, 51.467429], [-0.321233, 51.467347], [-0.321299, 51.467124], [-0.321306, 51.46706], [-0.321297, 51.466918], [-0.321226, 51.466557], [-0.321221, 51.466473], [-0.321246, 51.466225], [-0.321199, 51.46608], [-0.321077, 51.465994], [-0.320987, 51.466001]], [[-0.298539, 51.484128], [-0.298495, 51.484151], [-0.298199, 51.484376], [-0.298045, 51.484527], [-0.297879, 51.484728], [-0.297853, 51.48476], [-0.297758, 51.484921], [-0.297698, 51.48506], [-0.297674, 51.485127], [-0.297635, 51.485227], [-0.297633, 51.485276], [-0.297656, 51.485298], [-0.297732, 51.485308], [-0.297771, 51.485283], [-0.297804, 51.485233], [-0.29788, 51.485112], [-0.297918, 51.485023], [-0.298461, 51.485018], [-0.298637, 51.484937], [-0.298663, 51.48492], [-0.298849, 51.484797], [-0.299011, 51.484658], [-0.299029, 51.484574], [-0.29895, 51.484328], [-0.298932, 51.484299], [-0.298899, 51.484286], [-0.298793, 51.484163], [-0.298747, 51.484138], [-0.298685, 51.484121], [-0.298609, 51.484115], [-0.298539, 51.484128]], [[-0.297189, 51.484682], [-0.296965, 51.484825], [-0.296741, 51.484986], [-0.29664, 51.485067], [-0.296514, 51.485151], [-0.296417, 51.485208], [-0.29627, 51.485281], [-0.296099, 51.48534], [-0.295745, 51.485485], [-0.295612, 51.485564], [-0.295554, 51.485598], [-0.295329, 51.485693], [-0.295134, 51.48577], [-0.294968, 51.485851], [-0.294909, 51.485908], [-0.294965, 51.485987], [-0.295137, 51.486004], [-0.295341, 51.485968], [-0.29559, 51.485905], [-0.295707, 51.485868], [-0.295965, 51.485784], [-0.296185, 51.485711], [-0.296329, 51.485645], [-0.296455, 51.485579], [-0.296537, 51.485532], [-0.296807, 51.485338], [-0.296885, 51.485265], [-0.296966, 51.485187], [-0.297082, 51.485085], [-0.297169, 51.485006], [-0.297215, 51.484963], [-0.297314, 51.484857], [-0.2974, 51.484752], [-0.297462, 51.484588], [-0.297399, 51.484553], [-0.297189, 51.484682]], [[-0.294135, 51.486135], [-0.293291, 51.486329], [-0.292545, 51.486463], [-0.291948, 51.486629], [-0.291639, 51.486705], [-0.291177, 51.486801], [-0.290346, 51.487014], [-0.289963, 51.487144], [-0.289931, 51.487184], [-0.291159, 51.487119], [-0.291395, 51.487096], [-0.291863, 51.487022], [-0.292283, 51.486917], [-0.293277, 51.486598], [-0.293856, 51.486438], [-0.294463, 51.486212], [-0.294549, 51.48614], [-0.294531, 51.486111], [-0.294413, 51.486089], [-0.294135, 51.486135]]]}, "properties": {"FID": 175, "FEATCODE": 25608}}, {"type": "Feature", "id": 178, "geometry": {"type": "Polygon", "coordinates": [[[-0.3221, 51.429901], [-0.321801, 51.430425], [-0.321523, 51.430334], [-0.321356, 51.430285], [-0.321174, 51.430252], [-0.321027, 51.430241], [-0.320881, 51.43022], [-0.320677, 51.430271], [-0.320592, 51.430318], [-0.320584, 51.430333], [-0.320559, 51.430329], [-0.319221, 51.430017], [-0.319135, 51.429989], [-0.319062, 51.429957], [-0.318964, 51.42991], [-0.318901, 51.429877], [-0.318828, 51.429835], [-0.318762, 51.429796], [-0.318678, 51.429751], [-0.318613, 51.429714], [-0.318533, 51.429668], [-0.318463, 51.429626], [-0.318385, 51.429573], [-0.318342, 51.42953], [-0.318318, 51.429498], [-0.318236, 51.429476], [-0.31834, 51.429291], [-0.318398, 51.429242], [-0.318542, 51.429139], [-0.318898, 51.429181], [-0.318912, 51.429188], [-0.318917, 51.429192], [-0.318925, 51.429195], [-0.318934, 51.429198], [-0.318943, 51.4292], [-0.319036, 51.42922], [-0.319166, 51.429245], [-0.319261, 51.429265], [-0.319399, 51.429295], [-0.31952, 51.429319], [-0.319598, 51.429335], [-0.319618, 51.429339], [-0.319629, 51.429341], [-0.319639, 51.429343], [-0.319648, 51.429344], [-0.319657, 51.429346], [-0.319672, 51.429348], [-0.319728, 51.429357], [-0.319784, 51.429366], [-0.319831, 51.429373], [-0.319876, 51.42938], [-0.319923, 51.429387], [-0.319949, 51.429391], [-0.319974, 51.429394], [-0.319996, 51.429395], [-0.320367, 51.429485], [-0.32066, 51.429554], [-0.321075, 51.429654], [-0.321063, 51.429671], [-0.32109, 51.429677], [-0.321101, 51.42966], [-0.321453, 51.42974], [-0.321592, 51.429762], [-0.321776, 51.429765], [-0.321835, 51.429759], [-0.32188, 51.429772], [-0.321876, 51.4298], [-0.321869, 51.429809], [-0.322106, 51.42989], [-0.3221, 51.429901]]]}, "properties": {"FID": 178, "FEATCODE": 25608}}, {"type": "Feature", "id": 180, "geometry": {"type": "Polygon", "coordinates": [[[-0.316811, 51.462407], [-0.316625, 51.462293], [-0.316571, 51.462301], [-0.316454, 51.462319], [-0.316312, 51.462289], [-0.316134, 51.462172], [-0.315926, 51.462036], [-0.31574, 51.461914], [-0.315593, 51.461814], [-0.315434, 51.461699], [-0.31535, 51.461635], [-0.315227, 51.461546], [-0.315099, 51.461459], [-0.314926, 51.461345], [-0.314648, 51.461153], [-0.314355, 51.460973], [-0.3143, 51.460949], [-0.314157, 51.460858], [-0.314013, 51.460784], [-0.314072, 51.460739], [-0.314219, 51.460627], [-0.314223, 51.460624], [-0.31425, 51.460604], [-0.31438, 51.460505], [-0.31453, 51.460393], [-0.314561, 51.46037], [-0.314569, 51.460363], [-0.314721, 51.460249], [-0.314836, 51.460163], [-0.314948, 51.460233], [-0.315008, 51.460268], [-0.315449, 51.460522], [-0.315685, 51.460656], [-0.315947, 51.460805], [-0.316113, 51.460901], [-0.316457, 51.461097], [-0.316806, 51.461296], [-0.317142, 51.46149], [-0.317365, 51.461619], [-0.317375, 51.461632], [-0.317456, 51.461733], [-0.317585, 51.461807], [-0.317577, 51.461825], [-0.317507, 51.461998], [-0.317307, 51.462124], [-0.317035, 51.462296], [-0.316854, 51.46241], [-0.316811, 51.462407]]]}, "properties": {"FID": 180, "FEATCODE": 25608}}, {"type": "Feature", "id": 181, "geometry": {"type": "Polygon", "coordinates": [[[-0.314509, 51.459979], [-0.314589, 51.460038], [-0.314501, 51.460104], [-0.314418, 51.460168], [-0.31432, 51.460243], [-0.314301, 51.460257], [-0.314287, 51.460268], [-0.314209, 51.460327], [-0.314068, 51.460435], [-0.314009, 51.460479], [-0.313981, 51.460501], [-0.313946, 51.460529], [-0.313775, 51.460658], [-0.31353, 51.460536], [-0.313353, 51.460451], [-0.313167, 51.460363], [-0.313172, 51.46036], [-0.313282, 51.460279], [-0.313398, 51.460195], [-0.313421, 51.460179], [-0.313424, 51.460176], [-0.313577, 51.460066], [-0.313712, 51.459968], [-0.313738, 51.45995], [-0.313858, 51.459864], [-0.313998, 51.459762], [-0.314005, 51.459756], [-0.314186, 51.459796], [-0.314509, 51.459979]]]}, "properties": {"FID": 181, "FEATCODE": 25608}}, {"type": "Feature", "id": 183, "geometry": {"type": "Polygon", "coordinates": [[[-0.30756, 51.45721], [-0.307563, 51.457211], [-0.307564, 51.457211], [-0.307616, 51.457213], [-0.308093, 51.457341], [-0.308438, 51.457431], [-0.308556, 51.457447], [-0.308661, 51.457466], [-0.30898, 51.457574], [-0.309302, 51.457732], [-0.309689, 51.457937], [-0.309772, 51.457986], [-0.310115, 51.458199], [-0.310166, 51.458233], [-0.310335, 51.458337], [-0.310365, 51.45835], [-0.310527, 51.458431], [-0.310753, 51.458542], [-0.311022, 51.458669], [-0.311268, 51.458763], [-0.311281, 51.458768], [-0.3114, 51.458808], [-0.311446, 51.458824], [-0.311678, 51.458899], [-0.31195, 51.458975], [-0.312141, 51.459027], [-0.312389, 51.459111], [-0.312788, 51.459254], [-0.313143, 51.459394], [-0.313366, 51.459481], [-0.313471, 51.459531], [-0.313568, 51.459582], [-0.313862, 51.459714], [-0.313897, 51.459725], [-0.313818, 51.459784], [-0.313712, 51.459861], [-0.313684, 51.45988], [-0.313651, 51.459904], [-0.313625, 51.459923], [-0.31358, 51.459955], [-0.313475, 51.460029], [-0.313386, 51.460093], [-0.31335, 51.46012], [-0.313337, 51.460129], [-0.313311, 51.460149], [-0.313188, 51.460236], [-0.313071, 51.460322], [-0.312999, 51.46029], [-0.312762, 51.460191], [-0.312607, 51.460135], [-0.312427, 51.460081], [-0.312292, 51.460044], [-0.311842, 51.459958], [-0.311464, 51.459839], [-0.311073, 51.45971], [-0.310847, 51.459635], [-0.310539, 51.459533], [-0.310249, 51.459437], [-0.309851, 51.459304], [-0.309481, 51.45916], [-0.309438, 51.459136], [-0.309344, 51.459102], [-0.309227, 51.45906], [-0.309007, 51.458973], [-0.308854, 51.458912], [-0.308675, 51.458847], [-0.30854, 51.458807], [-0.308383, 51.458767], [-0.308323, 51.458737], [-0.308156, 51.458652], [-0.307839, 51.458523], [-0.307745, 51.458498], [-0.307551, 51.458367], [-0.307385, 51.45825], [-0.307267, 51.458161], [-0.307229, 51.458184], [-0.307173, 51.458145], [-0.307096, 51.458092], [-0.307043, 51.458054], [-0.306942, 51.457966], [-0.306793, 51.45785], [-0.306646, 51.457739], [-0.306612, 51.457713], [-0.306712, 51.457656], [-0.306721, 51.457656], [-0.306726, 51.457656], [-0.306733, 51.457655], [-0.306737, 51.457654], [-0.30674, 51.457653], [-0.306743, 51.457651], [-0.306745, 51.457649], [-0.306747, 51.457647], [-0.306748, 51.457645], [-0.306749, 51.457635], [-0.306905, 51.457546], [-0.306911, 51.457546], [-0.306915, 51.457547], [-0.306923, 51.457547], [-0.306925, 51.457546], [-0.306931, 51.457544], [-0.306933, 51.457543], [-0.306934, 51.457542], [-0.306935, 51.45754], [-0.306935, 51.457538], [-0.306936, 51.457528], [-0.307105, 51.457432], [-0.307138, 51.457414], [-0.307146, 51.457415], [-0.307151, 51.457415], [-0.307156, 51.457415], [-0.30716, 51.457414], [-0.307163, 51.457414], [-0.307167, 51.457411], [-0.307169, 51.457409], [-0.30717, 51.457407], [-0.307169, 51.457395], [-0.307335, 51.457301], [-0.30734, 51.457302], [-0.307345, 51.457302], [-0.30735, 51.457302], [-0.307355, 51.457301], [-0.307359, 51.4573], [-0.307364, 51.457298], [-0.307367, 51.457296], [-0.307368, 51.457292], [-0.307371, 51.45728], [-0.307416, 51.457254], [-0.307524, 51.457191], [-0.30756, 51.45721]], [[-0.308499, 51.457773], [-0.308444, 51.457782], [-0.308366, 51.457814], [-0.308343, 51.457842], [-0.308341, 51.457878], [-0.308363, 51.457925], [-0.308407, 51.457965], [-0.308655, 51.458127], [-0.308808, 51.458206], [-0.308942, 51.458268], [-0.309056, 51.458315], [-0.309153, 51.458353], [-0.309354, 51.458426], [-0.309509, 51.458479], [-0.309553, 51.458493], [-0.309705, 51.458538], [-0.309833, 51.458568], [-0.309918, 51.458565], [-0.309948, 51.458538], [-0.309949, 51.458504], [-0.309897, 51.458431], [-0.309836, 51.458375], [-0.309753, 51.458317], [-0.309642, 51.458211], [-0.309569, 51.458156], [-0.309492, 51.458102], [-0.309444, 51.458074], [-0.309247, 51.457979], [-0.309067, 51.457898], [-0.308902, 51.457831], [-0.308791, 51.457795], [-0.308675, 51.457777], [-0.308574, 51.457771], [-0.308499, 51.457773]]]}, "properties": {"FID": 183, "FEATCODE": 25608}}, {"type": "Feature", "id": 185, "geometry": {"type": "Polygon", "coordinates": [[[-0.305936, 51.482732], [-0.305725, 51.482781], [-0.305554, 51.482754], [-0.305506, 51.482742], [-0.30545, 51.482721], [-0.305474, 51.482678], [-0.305151, 51.482602], [-0.30511, 51.482671], [-0.304944, 51.48275], [-0.304915, 51.482736], [-0.304871, 51.48271], [-0.304857, 51.482703], [-0.304846, 51.482697], [-0.304843, 51.482695], [-0.304846, 51.482683], [-0.304828, 51.482687], [-0.304825, 51.482684], [-0.304768, 51.482653], [-0.304894, 51.482526], [-0.304988, 51.48241], [-0.30494, 51.482316], [-0.30498, 51.482302], [-0.30511, 51.482294], [-0.305232, 51.482325], [-0.30522, 51.482392], [-0.305102, 51.482439], [-0.305078, 51.482477], [-0.305146, 51.482539], [-0.305285, 51.482591], [-0.305405, 51.482635], [-0.305527, 51.482676], [-0.305733, 51.482707], [-0.305804, 51.482614], [-0.305784, 51.48245], [-0.305861, 51.482441], [-0.305921, 51.48261], [-0.305936, 51.482732]]]}, "properties": {"FID": 185, "FEATCODE": 25608}}, {"type": "Feature", "id": 187, "geometry": {"type": "Polygon", "coordinates": [[[-0.280294, 51.483694], [-0.280391, 51.483757], [-0.280527, 51.483836], [-0.280987, 51.484053], [-0.281384, 51.484221], [-0.28161, 51.484316], [-0.281815, 51.484401], [-0.282372, 51.484634], [-0.282491, 51.484687], [-0.282682, 51.484781], [-0.283054, 51.484982], [-0.283175, 51.485054], [-0.28335, 51.485167], [-0.283625, 51.485347], [-0.283733, 51.485407], [-0.283823, 51.485459], [-0.283947, 51.485556], [-0.28395, 51.485558], [-0.283951, 51.485559], [-0.283952, 51.48556], [-0.283955, 51.485563], [-0.283958, 51.485568], [-0.28396, 51.485572], [-0.283963, 51.485576], [-0.28397, 51.485581], [-0.283972, 51.485583], [-0.283979, 51.48559], [-0.283983, 51.485594], [-0.283993, 51.485598], [-0.284014, 51.485614], [-0.284035, 51.48563], [-0.284056, 51.485645], [-0.284111, 51.485681], [-0.284128, 51.485693], [-0.284143, 51.485705], [-0.284236, 51.485758], [-0.284255, 51.485771], [-0.284277, 51.485784], [-0.284303, 51.4858], [-0.284331, 51.485816], [-0.284356, 51.48583], [-0.284381, 51.485844], [-0.284405, 51.485856], [-0.284429, 51.485869], [-0.284447, 51.485878], [-0.284464, 51.485888], [-0.284502, 51.485907], [-0.28452, 51.485916], [-0.284539, 51.485924], [-0.284543, 51.485926], [-0.284566, 51.485932], [-0.284588, 51.485939], [-0.284611, 51.485949], [-0.284634, 51.485959], [-0.284638, 51.48596], [-0.284671, 51.485971], [-0.284664, 51.485981], [-0.284657, 51.485988], [-0.284697, 51.486001], [-0.284711, 51.485984], [-0.284779, 51.48601], [-0.284793, 51.486014], [-0.284813, 51.486021], [-0.284833, 51.486028], [-0.284916, 51.486057], [-0.284919, 51.486059], [-0.284923, 51.48606], [-0.284929, 51.486062], [-0.284933, 51.486064], [-0.284944, 51.486066], [-0.284956, 51.486068], [-0.284975, 51.486074], [-0.284994, 51.48608], [-0.285014, 51.486086], [-0.285035, 51.486092], [-0.285056, 51.486098], [-0.285078, 51.486105], [-0.2851, 51.48611], [-0.285123, 51.486116], [-0.28514, 51.486121], [-0.285159, 51.486127], [-0.285255, 51.486153], [-0.285275, 51.486159], [-0.285315, 51.486169], [-0.285336, 51.486174], [-0.28537, 51.486182], [-0.285435, 51.486196], [-0.285466, 51.486204], [-0.28559, 51.48623], [-0.285708, 51.486255], [-0.285741, 51.486263], [-0.285775, 51.486271], [-0.285818, 51.48628], [-0.285861, 51.486288], [-0.285884, 51.486292], [-0.285902, 51.486295], [-0.285909, 51.486296], [-0.286065, 51.486327], [-0.286172, 51.486345], [-0.286167, 51.486354], [-0.286187, 51.486358], [-0.286192, 51.486349], [-0.286245, 51.486358], [-0.28637, 51.486381], [-0.286559, 51.486415], [-0.286587, 51.486421], [-0.286618, 51.486425], [-0.286645, 51.486429], [-0.286673, 51.486432], [-0.286705, 51.486435], [-0.286737, 51.486439], [-0.286814, 51.486446], [-0.286854, 51.48645], [-0.286892, 51.486453], [-0.286938, 51.486456], [-0.286983, 51.486458], [-0.287014, 51.486459], [-0.287045, 51.486459], [-0.287052, 51.48646], [-0.287145, 51.486463], [-0.287272, 51.486467], [-0.287271, 51.486473], [-0.287312, 51.486498], [-0.287315, 51.48658], [-0.287316, 51.486644], [-0.287316, 51.486661], [-0.287322, 51.486843], [-0.287314, 51.486844], [-0.287313, 51.486868], [-0.287322, 51.486867], [-0.287332, 51.487257], [-0.287326, 51.487257], [-0.287327, 51.48728], [-0.287333, 51.48728], [-0.287333, 51.487281], [-0.287338, 51.487406], [-0.287346, 51.4876], [-0.287317, 51.487638], [-0.287238, 51.487827], [-0.287202, 51.487839], [-0.287073, 51.487791], [-0.286936, 51.487736], [-0.286902, 51.487715], [-0.286899, 51.487713], [-0.286897, 51.487712], [-0.286894, 51.48771], [-0.286891, 51.487709], [-0.286889, 51.487708], [-0.286886, 51.487706], [-0.286883, 51.487705], [-0.28688, 51.487704], [-0.286877, 51.487703], [-0.286874, 51.487702], [-0.286871, 51.487701], [-0.286868, 51.4877], [-0.286864, 51.487699], [-0.286861, 51.487698], [-0.286781, 51.487677], [-0.286616, 51.487623], [-0.286529, 51.487581], [-0.286443, 51.487522], [-0.286232, 51.487454], [-0.285947, 51.487395], [-0.285935, 51.487392], [-0.285078, 51.487222], [-0.284687, 51.487146], [-0.284247, 51.487061], [-0.284001, 51.487013], [-0.283769, 51.486966], [-0.283453, 51.486897], [-0.283241, 51.486845], [-0.283104, 51.486805], [-0.282781, 51.486699], [-0.282383, 51.486568], [-0.281971, 51.486431], [-0.281865, 51.486393], [-0.281578, 51.486277], [-0.28134, 51.486161], [-0.281142, 51.486063], [-0.28086, 51.485927], [-0.280519, 51.485744], [-0.28034, 51.485649], [-0.28018, 51.485561], [-0.279682, 51.485258], [-0.279371, 51.485065], [-0.279066, 51.484857], [-0.27895, 51.484784], [-0.278873, 51.484736], [-0.278764, 51.484665], [-0.278788, 51.484641], [-0.278942, 51.484494], [-0.278965, 51.484471], [-0.278985, 51.484452], [-0.279113, 51.484326], [-0.279134, 51.484306], [-0.279137, 51.484303], [-0.279245, 51.484199], [-0.279266, 51.484179], [-0.279318, 51.484129], [-0.279523, 51.483933], [-0.279526, 51.483934], [-0.279531, 51.483934], [-0.279536, 51.483934], [-0.279541, 51.483933], [-0.279546, 51.48393], [-0.279548, 51.483927], [-0.27955, 51.483923], [-0.279549, 51.48392], [-0.279548, 51.483917], [-0.279545, 51.483914], [-0.279543, 51.483913], [-0.279633, 51.483826], [-0.27979, 51.483674], [-0.27979, 51.483674], [-0.279813, 51.483653], [-0.279825, 51.483641], [-0.279924, 51.483546], [-0.279979, 51.483493], [-0.280294, 51.483694]], [[-0.280494, 51.484722], [-0.280478, 51.484754], [-0.280586, 51.484862], [-0.28075, 51.484922], [-0.280762, 51.484907], [-0.280888, 51.48495], [-0.280896, 51.484953], [-0.280904, 51.484957], [-0.280919, 51.484963], [-0.280933, 51.484971], [-0.280945, 51.484979], [-0.280956, 51.484987], [-0.280975, 51.484999], [-0.280978, 51.485002], [-0.280982, 51.485007], [-0.280986, 51.485012], [-0.280993, 51.485016], [-0.281, 51.48502], [-0.281005, 51.485024], [-0.281009, 51.485028], [-0.281016, 51.485032], [-0.281024, 51.485037], [-0.281031, 51.48504], [-0.281038, 51.485043], [-0.281293, 51.485158], [-0.281373, 51.485195], [-0.281379, 51.485198], [-0.281386, 51.485201], [-0.281393, 51.485205], [-0.281402, 51.485208], [-0.281412, 51.485211], [-0.28142, 51.485214], [-0.281498, 51.485244], [-0.281541, 51.48526], [-0.281561, 51.485268], [-0.281574, 51.485273], [-0.281603, 51.485286], [-0.281624, 51.485292], [-0.281637, 51.485297], [-0.28165, 51.485302], [-0.281672, 51.485308], [-0.281694, 51.485312], [-0.2817, 51.485313], [-0.281719, 51.485316], [-0.28174, 51.485317], [-0.281748, 51.485318], [-0.281756, 51.485318], [-0.281764, 51.485318], [-0.28177, 51.485317], [-0.281773, 51.485316], [-0.281776, 51.485315], [-0.281777, 51.485314], [-0.281777, 51.485312], [-0.281778, 51.485311], [-0.281779, 51.485309], [-0.281796, 51.485265], [-0.281799, 51.485262], [-0.281799, 51.485259], [-0.281798, 51.485257], [-0.281796, 51.485254], [-0.281793, 51.485253], [-0.281789, 51.485251], [-0.281779, 51.485245], [-0.281685, 51.485187], [-0.281678, 51.485182], [-0.281671, 51.485178], [-0.281662, 51.485171], [-0.281653, 51.485164], [-0.281643, 51.485156], [-0.281633, 51.485148], [-0.281628, 51.485145], [-0.281624, 51.485141], [-0.281583, 51.485111], [-0.281574, 51.485104], [-0.281565, 51.485098], [-0.281551, 51.485088], [-0.281538, 51.485078], [-0.281524, 51.48507], [-0.281512, 51.485063], [-0.281501, 51.485057], [-0.28149, 51.485051], [-0.281481, 51.485046], [-0.281472, 51.485042], [-0.281309, 51.484963], [-0.281223, 51.484917], [-0.281022, 51.484826], [-0.280798, 51.484737], [-0.280584, 51.484698], [-0.280494, 51.484722]], [[-0.286283, 51.486608], [-0.286714, 51.486668], [-0.28673, 51.486625], [-0.28655, 51.486593], [-0.286353, 51.486558], [-0.286303, 51.486551], [-0.286283, 51.486608]]]}, "properties": {"FID": 187, "FEATCODE": 25608}}, {"type": "Feature", "id": 189, "geometry": {"type": "Polygon", "coordinates": [[[-0.273622, 51.475154], [-0.273746, 51.475305], [-0.273849, 51.475432], [-0.273882, 51.475471], [-0.273869, 51.475475], [-0.27381, 51.475493], [-0.273819, 51.475501], [-0.273875, 51.475484], [-0.273889, 51.475479], [-0.274062, 51.475696], [-0.274353, 51.476058], [-0.274555, 51.47632], [-0.274669, 51.476477], [-0.274831, 51.476723], [-0.274999, 51.476993], [-0.275153, 51.477255], [-0.275262, 51.477446], [-0.275388, 51.477691], [-0.27537, 51.477694], [-0.275317, 51.477706], [-0.275303, 51.477709], [-0.275307, 51.477718], [-0.275322, 51.477715], [-0.275376, 51.477704], [-0.275455, 51.477857], [-0.275534, 51.478012], [-0.275647, 51.478246], [-0.275705, 51.478374], [-0.275776, 51.478533], [-0.275886, 51.478779], [-0.275983, 51.478995], [-0.276103, 51.479278], [-0.276079, 51.479282], [-0.276033, 51.47929], [-0.276037, 51.479304], [-0.276109, 51.479293], [-0.276234, 51.479581], [-0.276332, 51.479794], [-0.276448, 51.480027], [-0.276558, 51.480231], [-0.27663, 51.480357], [-0.276702, 51.480481], [-0.276841, 51.480709], [-0.276902, 51.480805], [-0.276837, 51.480822], [-0.276845, 51.480834], [-0.27691, 51.480818], [-0.276985, 51.480935], [-0.277106, 51.481109], [-0.277268, 51.481326], [-0.277402, 51.481491], [-0.277594, 51.481707], [-0.277762, 51.481876], [-0.27786, 51.481966], [-0.277997, 51.482081], [-0.278179, 51.482225], [-0.278167, 51.48223], [-0.278121, 51.482253], [-0.278132, 51.482262], [-0.278178, 51.48224], [-0.27819, 51.482234], [-0.278487, 51.482469], [-0.278629, 51.482576], [-0.27894, 51.4828], [-0.279114, 51.482921], [-0.27924, 51.483007], [-0.279603, 51.483257], [-0.279888, 51.483442], [-0.279837, 51.48349], [-0.279728, 51.483596], [-0.279726, 51.483596], [-0.279725, 51.483596], [-0.279718, 51.483594], [-0.279621, 51.483552], [-0.279445, 51.483456], [-0.279257, 51.483318], [-0.278953, 51.483128], [-0.278702, 51.482944], [-0.278573, 51.482845], [-0.278357, 51.482694], [-0.278233, 51.482602], [-0.278066, 51.482469], [-0.27791, 51.48235], [-0.277718, 51.482214], [-0.277657, 51.482164], [-0.277561, 51.482059], [-0.277465, 51.481917], [-0.277366, 51.481794], [-0.277263, 51.481695], [-0.277071, 51.481523], [-0.276933, 51.481367], [-0.276822, 51.481214], [-0.276703, 51.481068], [-0.276617, 51.480962], [-0.276577, 51.480903], [-0.276462, 51.480671], [-0.276389, 51.480532], [-0.276316, 51.480382], [-0.276261, 51.480254], [-0.276184, 51.480109], [-0.27605, 51.47991], [-0.276001, 51.47982], [-0.275954, 51.47968], [-0.275923, 51.479551], [-0.275884, 51.479413], [-0.275798, 51.479182], [-0.275704, 51.478944], [-0.275584, 51.47867], [-0.275516, 51.478519], [-0.275459, 51.478389], [-0.2754, 51.478267], [-0.275289, 51.478074], [-0.275215, 51.477933], [-0.275113, 51.477726], [-0.275026, 51.477584], [-0.274962, 51.477494], [-0.274825, 51.477309], [-0.274758, 51.477211], [-0.274631, 51.477025], [-0.274494, 51.476855], [-0.274433, 51.476776], [-0.274299, 51.476568], [-0.274238, 51.476458], [-0.274142, 51.476299], [-0.27395, 51.476047], [-0.273827, 51.475893], [-0.273724, 51.475784], [-0.273597, 51.475676], [-0.273516, 51.475616], [-0.273533, 51.475163], [-0.273537, 51.475071], [-0.273538, 51.475051], [-0.273622, 51.475154]]]}, "properties": {"FID": 189, "FEATCODE": 25608}}, {"type": "Feature", "id": 190, "geometry": {"type": "Polygon", "coordinates": [[[-0.273516, 51.475616], [-0.273533, 51.475163], [-0.273537, 51.475071], [-0.273538, 51.475051], [-0.273622, 51.475154], [-0.273746, 51.475305], [-0.273849, 51.475432], [-0.273882, 51.475471], [-0.273869, 51.475475], [-0.27381, 51.475493], [-0.273819, 51.475501], [-0.273875, 51.475484], [-0.273889, 51.475479], [-0.274062, 51.475696], [-0.274353, 51.476058], [-0.274555, 51.47632], [-0.274669, 51.476477], [-0.274831, 51.476723], [-0.274999, 51.476993], [-0.275153, 51.477255], [-0.275262, 51.477446], [-0.275388, 51.477691], [-0.27537, 51.477694], [-0.275317, 51.477706], [-0.275303, 51.477709], [-0.275307, 51.477718], [-0.275322, 51.477715], [-0.275376, 51.477704], [-0.275455, 51.477857], [-0.275534, 51.478012], [-0.275584, 51.478114], [-0.275705, 51.478374], [-0.275776, 51.478533], [-0.275886, 51.478779], [-0.275983, 51.478995], [-0.276103, 51.479278], [-0.276079, 51.479282], [-0.276033, 51.47929], [-0.276037, 51.479304], [-0.276109, 51.479293], [-0.276234, 51.479581], [-0.276332, 51.479794], [-0.276448, 51.480027], [-0.276558, 51.480231], [-0.27663, 51.480357], [-0.276702, 51.480481], [-0.276841, 51.480709], [-0.276902, 51.480805], [-0.276837, 51.480822], [-0.276845, 51.480834], [-0.27691, 51.480818], [-0.276985, 51.480935], [-0.277106, 51.481109], [-0.277268, 51.481326], [-0.277402, 51.481491], [-0.277594, 51.481707], [-0.277762, 51.481876], [-0.27786, 51.481966], [-0.277997, 51.482081], [-0.278179, 51.482225], [-0.278167, 51.48223], [-0.278121, 51.482253], [-0.278132, 51.482262], [-0.278178, 51.48224], [-0.27819, 51.482234], [-0.278487, 51.482469], [-0.278629, 51.482576], [-0.27894, 51.4828], [-0.279114, 51.482921], [-0.27924, 51.483007], [-0.279603, 51.483257], [-0.279888, 51.483442], [-0.279837, 51.48349], [-0.279728, 51.483596], [-0.279726, 51.483596], [-0.279725, 51.483596], [-0.279725, 51.483595], [-0.279722, 51.483594], [-0.27972, 51.483594], [-0.279718, 51.483594], [-0.279717, 51.483593], [-0.27971, 51.483594], [-0.279708, 51.483594], [-0.279707, 51.483594], [-0.279706, 51.483595], [-0.279702, 51.483596], [-0.279698, 51.483598], [-0.279697, 51.483599], [-0.279696, 51.4836], [-0.279695, 51.483601], [-0.279694, 51.483602], [-0.279693, 51.483604], [-0.279694, 51.483608], [-0.279695, 51.48361], [-0.279695, 51.483611], [-0.279695, 51.483612], [-0.279697, 51.483612], [-0.279697, 51.483613], [-0.279701, 51.483616], [-0.279704, 51.483617], [-0.279705, 51.483617], [-0.279705, 51.483618], [-0.279492, 51.483824], [-0.279454, 51.483862], [-0.279454, 51.483862], [-0.279433, 51.483881], [-0.279433, 51.483882], [-0.279385, 51.483928], [-0.27925, 51.484056], [-0.279183, 51.484121], [-0.279183, 51.484121], [-0.279162, 51.484141], [-0.279119, 51.484183], [-0.279045, 51.484255], [-0.27904, 51.48426], [-0.278962, 51.484336], [-0.27891, 51.484386], [-0.27891, 51.484386], [-0.278889, 51.484406], [-0.27879, 51.484502], [-0.278684, 51.484603], [-0.278615, 51.484553], [-0.278382, 51.484391], [-0.278214, 51.484289], [-0.278088, 51.48422], [-0.277847, 51.48407], [-0.277637, 51.483911], [-0.277491, 51.483796], [-0.277387, 51.483712], [-0.277204, 51.483569], [-0.277194, 51.483563], [-0.277193, 51.483563], [-0.277192, 51.483561], [-0.277191, 51.483559], [-0.277189, 51.483557], [-0.277188, 51.483555], [-0.277186, 51.483553], [-0.277185, 51.483551], [-0.277183, 51.483549], [-0.277181, 51.483547], [-0.277179, 51.483546], [-0.277177, 51.483544], [-0.277175, 51.483542], [-0.277173, 51.48354], [-0.27717, 51.483539], [-0.277168, 51.483537], [-0.277166, 51.483536], [-0.277163, 51.483534], [-0.27716, 51.483533], [-0.277158, 51.483531], [-0.277155, 51.48353], [-0.277152, 51.483528], [-0.27715, 51.483527], [-0.277147, 51.483526], [-0.277144, 51.483525], [-0.27712, 51.483515], [-0.276974, 51.483375], [-0.276916, 51.48329], [-0.276684, 51.483002], [-0.276438, 51.482698], [-0.276279, 51.482506], [-0.275979, 51.482132], [-0.275838, 51.481982], [-0.275797, 51.481943], [-0.275501, 51.481435], [-0.275488, 51.481382], [-0.275403, 51.481172], [-0.275301, 51.480986], [-0.275373, 51.480974], [-0.275367, 51.48096], [-0.275294, 51.480973], [-0.27522, 51.480846], [-0.275171, 51.480759], [-0.275081, 51.480581], [-0.275023, 51.48047], [-0.274801, 51.480101], [-0.27475, 51.480012], [-0.27464, 51.479828], [-0.274475, 51.479552], [-0.274392, 51.479388], [-0.274352, 51.479305], [-0.274281, 51.479159], [-0.274313, 51.479151], [-0.274307, 51.479138], [-0.274274, 51.479147], [-0.274149, 51.47889], [-0.274104, 51.478792], [-0.274031, 51.47862], [-0.273923, 51.478352], [-0.273859, 51.478176], [-0.27383, 51.478069], [-0.273815, 51.478036], [-0.273798, 51.478012], [-0.273769, 51.477987], [-0.27361, 51.477786], [-0.273444, 51.477515], [-0.273448, 51.477435], [-0.273469, 51.476854], [-0.273516, 51.475616]]]}, "properties": {"FID": 190, "FEATCODE": 25608}}, {"type": "Feature", "id": 193, "geometry": {"type": "Polygon", "coordinates": [[[-0.27367, 51.477171], [-0.27372, 51.47727], [-0.27378, 51.477434], [-0.273827, 51.47756], [-0.27392, 51.477704], [-0.274034, 51.477815], [-0.274135, 51.477918], [-0.2742, 51.478048], [-0.274241, 51.478178], [-0.274337, 51.478342], [-0.274478, 51.478486], [-0.274596, 51.478613], [-0.274645, 51.478697], [-0.274703, 51.47892], [-0.274743, 51.479153], [-0.274816, 51.479354], [-0.274906, 51.479475], [-0.275045, 51.479613], [-0.275143, 51.479736], [-0.275222, 51.479909], [-0.275303, 51.480189], [-0.275381, 51.480405], [-0.27543, 51.480509], [-0.275495, 51.480629], [-0.275694, 51.48098], [-0.275736, 51.481092], [-0.27579, 51.48125], [-0.275822, 51.481315], [-0.275971, 51.48154], [-0.276056, 51.481697], [-0.276091, 51.481771], [-0.276208, 51.482031], [-0.276272, 51.482128], [-0.27638, 51.482229], [-0.276481, 51.48229], [-0.276603, 51.48235], [-0.276755, 51.482436], [-0.276887, 51.482557], [-0.27699, 51.482687], [-0.277077, 51.482789], [-0.277168, 51.482874], [-0.277294, 51.482967], [-0.277406, 51.48304], [-0.277574, 51.483151], [-0.277686, 51.483245], [-0.277774, 51.483344], [-0.27789, 51.483498], [-0.277957, 51.48357], [-0.278105, 51.483691], [-0.27821, 51.483765], [-0.278488, 51.48395], [-0.27878, 51.484133], [-0.278875, 51.484183], [-0.27904, 51.48426], [-0.278962, 51.484336], [-0.27891, 51.484386], [-0.27891, 51.484386], [-0.278889, 51.484406], [-0.27879, 51.484502], [-0.278684, 51.484603], [-0.278615, 51.484553], [-0.278382, 51.484391], [-0.278214, 51.484289], [-0.278088, 51.48422], [-0.277847, 51.48407], [-0.277637, 51.483911], [-0.277491, 51.483796], [-0.277387, 51.483712], [-0.277204, 51.483569], [-0.277194, 51.483563], [-0.277193, 51.483563], [-0.277192, 51.483561], [-0.277191, 51.483559], [-0.277189, 51.483557], [-0.277188, 51.483555], [-0.277186, 51.483553], [-0.277185, 51.483551], [-0.277183, 51.483549], [-0.277181, 51.483547], [-0.277179, 51.483546], [-0.277177, 51.483544], [-0.277175, 51.483542], [-0.277173, 51.48354], [-0.27717, 51.483539], [-0.277168, 51.483537], [-0.277166, 51.483536], [-0.277163, 51.483534], [-0.27716, 51.483533], [-0.277158, 51.483531], [-0.277155, 51.48353], [-0.277152, 51.483528], [-0.27715, 51.483527], [-0.277147, 51.483526], [-0.277144, 51.483525], [-0.27712, 51.483515], [-0.276974, 51.483375], [-0.276916, 51.48329], [-0.276684, 51.483002], [-0.276438, 51.482698], [-0.276279, 51.482506], [-0.275981, 51.482132], [-0.27587, 51.482011], [-0.275799, 51.481945], [-0.275501, 51.481435], [-0.275488, 51.481382], [-0.275403, 51.481172], [-0.275301, 51.480986], [-0.275373, 51.480974], [-0.275367, 51.48096], [-0.275294, 51.480973], [-0.27522, 51.480846], [-0.275171, 51.480759], [-0.275081, 51.480581], [-0.275023, 51.48047], [-0.274801, 51.480101], [-0.27475, 51.480012], [-0.27464, 51.479828], [-0.274475, 51.479552], [-0.274392, 51.479388], [-0.274352, 51.479305], [-0.274281, 51.479159], [-0.274313, 51.479151], [-0.274307, 51.479138], [-0.274274, 51.479147], [-0.274149, 51.47889], [-0.274104, 51.478792], [-0.274031, 51.47862], [-0.273923, 51.478352], [-0.273859, 51.478176], [-0.27383, 51.478069], [-0.273815, 51.478036], [-0.273798, 51.478012], [-0.273774, 51.477985], [-0.273615, 51.477785], [-0.273444, 51.477515], [-0.273448, 51.477435], [-0.273469, 51.476854], [-0.27367, 51.477171]]]}, "properties": {"FID": 193, "FEATCODE": 25608}}, {"type": "Feature", "id": 196, "geometry": {"type": "Polygon", "coordinates": [[[-0.273469, 51.476854], [-0.273448, 51.477435], [-0.273444, 51.477515], [-0.273346, 51.477366], [-0.273134, 51.477053], [-0.273067, 51.476953], [-0.272958, 51.476812], [-0.272869, 51.47671], [-0.272702, 51.476531], [-0.272405, 51.476213], [-0.27221, 51.476003], [-0.271664, 51.475446], [-0.271532, 51.475374], [-0.271407, 51.475343], [-0.271308, 51.475282], [-0.271268, 51.47521], [-0.271175, 51.475128], [-0.271123, 51.475102], [-0.271033, 51.475047], [-0.270879, 51.474903], [-0.270797, 51.474814], [-0.270715, 51.474722], [-0.270666, 51.474663], [-0.270605, 51.474597], [-0.270254, 51.474327], [-0.269833, 51.474023], [-0.269724, 51.473952], [-0.269529, 51.473836], [-0.269463, 51.473797], [-0.269316, 51.473688], [-0.269257, 51.473618], [-0.269336, 51.473567], [-0.26942, 51.473513], [-0.269535, 51.47344], [-0.269657, 51.473363], [-0.269667, 51.473369], [-0.269697, 51.473375], [-0.269716, 51.473364], [-0.269705, 51.473346], [-0.269694, 51.473338], [-0.269922, 51.473194], [-0.270175, 51.473037], [-0.270184, 51.473042], [-0.270216, 51.473049], [-0.270237, 51.473036], [-0.270228, 51.47302], [-0.270213, 51.473012], [-0.270424, 51.472878], [-0.270492, 51.472835], [-0.27057, 51.472787], [-0.270592, 51.472773], [-0.270615, 51.472759], [-0.270674, 51.472734], [-0.270663, 51.472726], [-0.270678, 51.472716], [-0.270686, 51.472721], [-0.270885, 51.472837], [-0.270956, 51.47288], [-0.270948, 51.472886], [-0.270938, 51.472892], [-0.270902, 51.472915], [-0.270897, 51.472918], [-0.270913, 51.472929], [-0.270918, 51.472926], [-0.270954, 51.472902], [-0.270963, 51.472896], [-0.270973, 51.472889], [-0.271172, 51.47301], [-0.271223, 51.473041], [-0.271274, 51.473073], [-0.271328, 51.473109], [-0.271383, 51.473144], [-0.27153, 51.473239], [-0.271539, 51.473245], [-0.27156, 51.473259], [-0.27157, 51.473266], [-0.271593, 51.473283], [-0.271616, 51.473299], [-0.271875, 51.473482], [-0.271932, 51.473525], [-0.271973, 51.473558], [-0.271977, 51.473561], [-0.271981, 51.473563], [-0.271984, 51.473567], [-0.271992, 51.473572], [-0.271996, 51.473574], [-0.272004, 51.473579], [-0.272012, 51.473584], [-0.272046, 51.473601], [-0.272052, 51.473605], [-0.27206, 51.473609], [-0.272068, 51.473613], [-0.272074, 51.473617], [-0.272078, 51.473621], [-0.272082, 51.473623], [-0.272059, 51.473634], [-0.272247, 51.473786], [-0.272272, 51.473775], [-0.272282, 51.473789], [-0.272307, 51.473816], [-0.272311, 51.47382], [-0.272315, 51.473824], [-0.272321, 51.473829], [-0.272328, 51.473835], [-0.272497, 51.473977], [-0.272757, 51.474214], [-0.272988, 51.474436], [-0.273039, 51.474487], [-0.27309, 51.474538], [-0.273137, 51.474588], [-0.273221, 51.474674], [-0.273255, 51.47471], [-0.273281, 51.474741], [-0.273405, 51.474889], [-0.273538, 51.475051], [-0.273537, 51.475071], [-0.273533, 51.475163], [-0.273516, 51.475616], [-0.273469, 51.476854]]]}, "properties": {"FID": 196, "FEATCODE": 25608}}, {"type": "Feature", "id": 198, "geometry": {"type": "Polygon", "coordinates": [[[-0.273371, 51.475523], [-0.273314, 51.475469], [-0.273257, 51.475375], [-0.273228, 51.475275], [-0.273178, 51.475075], [-0.2731, 51.474941], [-0.272967, 51.474796], [-0.272881, 51.4747], [-0.272811, 51.47462], [-0.272652, 51.474477], [-0.272553, 51.474387], [-0.272435, 51.474268], [-0.272358, 51.474196], [-0.272273, 51.474125], [-0.272063, 51.47396], [-0.271933, 51.473848], [-0.271752, 51.473683], [-0.271606, 51.473558], [-0.271487, 51.47346], [-0.271247, 51.473305], [-0.27105, 51.473191], [-0.270898, 51.473096], [-0.270642, 51.472924], [-0.270492, 51.472835], [-0.27057, 51.472787], [-0.270592, 51.472773], [-0.270615, 51.472759], [-0.270674, 51.472734], [-0.270663, 51.472726], [-0.270678, 51.472716], [-0.270686, 51.472721], [-0.270885, 51.472837], [-0.270956, 51.47288], [-0.270948, 51.472886], [-0.270938, 51.472892], [-0.270902, 51.472915], [-0.270897, 51.472918], [-0.270913, 51.472929], [-0.270918, 51.472926], [-0.270954, 51.472902], [-0.270963, 51.472896], [-0.270973, 51.472889], [-0.271172, 51.47301], [-0.271223, 51.473041], [-0.271274, 51.473073], [-0.271328, 51.473109], [-0.271383, 51.473144], [-0.27153, 51.473239], [-0.271539, 51.473245], [-0.27156, 51.473259], [-0.27157, 51.473266], [-0.271593, 51.473283], [-0.271616, 51.473299], [-0.271875, 51.473482], [-0.271932, 51.473525], [-0.271973, 51.473558], [-0.271977, 51.473561], [-0.271981, 51.473563], [-0.271984, 51.473567], [-0.271992, 51.473572], [-0.271996, 51.473574], [-0.272004, 51.473579], [-0.272012, 51.473584], [-0.272046, 51.473601], [-0.272034, 51.473591], [-0.272068, 51.473613], [-0.272074, 51.473617], [-0.272082, 51.473623], [-0.272059, 51.473634], [-0.272247, 51.473786], [-0.272272, 51.473775], [-0.272282, 51.473789], [-0.272307, 51.473816], [-0.272311, 51.47382], [-0.272315, 51.473824], [-0.272321, 51.473829], [-0.272328, 51.473835], [-0.272497, 51.473977], [-0.272757, 51.474214], [-0.272988, 51.474436], [-0.273039, 51.474487], [-0.27309, 51.474538], [-0.273137, 51.474588], [-0.273221, 51.474674], [-0.273255, 51.47471], [-0.273281, 51.474741], [-0.273405, 51.474889], [-0.273538, 51.475051], [-0.273537, 51.475071], [-0.273533, 51.475163], [-0.273516, 51.475616], [-0.273371, 51.475523]]]}, "properties": {"FID": 198, "FEATCODE": 25608}}, {"type": "Feature", "id": 200, "geometry": {"type": "Polygon", "coordinates": [[[-0.273346, 51.477366], [-0.273134, 51.477053], [-0.273067, 51.476953], [-0.272958, 51.476812], [-0.272869, 51.47671], [-0.272702, 51.476531], [-0.272405, 51.476213], [-0.272212, 51.476003], [-0.272065, 51.475843], [-0.271911, 51.475675], [-0.271805, 51.475566], [-0.271668, 51.475445], [-0.271532, 51.475374], [-0.271407, 51.475343], [-0.271308, 51.475282], [-0.271268, 51.47521], [-0.271175, 51.475128], [-0.271123, 51.475102], [-0.271033, 51.475047], [-0.270879, 51.474903], [-0.270797, 51.474814], [-0.270715, 51.474722], [-0.270666, 51.474663], [-0.270605, 51.474597], [-0.270254, 51.474327], [-0.269833, 51.474023], [-0.269724, 51.473952], [-0.269529, 51.473836], [-0.269463, 51.473797], [-0.269316, 51.473688], [-0.269257, 51.473618], [-0.269336, 51.473567], [-0.26942, 51.473513], [-0.269535, 51.47344], [-0.269706, 51.473541], [-0.269787, 51.473586], [-0.270062, 51.473756], [-0.270148, 51.473824], [-0.27027, 51.473913], [-0.270371, 51.473973], [-0.27051, 51.474058], [-0.270669, 51.474198], [-0.270786, 51.474311], [-0.270904, 51.47443], [-0.271081, 51.474599], [-0.27122, 51.47471], [-0.27143, 51.474857], [-0.271621, 51.47496], [-0.271768, 51.47504], [-0.271886, 51.47517], [-0.271965, 51.475285], [-0.272096, 51.475408], [-0.27229, 51.475528], [-0.27243, 51.475623], [-0.272503, 51.475692], [-0.272595, 51.475819], [-0.272672, 51.475934], [-0.272788, 51.476053], [-0.272891, 51.476135], [-0.272947, 51.476194], [-0.273026, 51.476341], [-0.273117, 51.476466], [-0.273245, 51.47659], [-0.273311, 51.476657], [-0.273469, 51.476854], [-0.273448, 51.477435], [-0.273444, 51.477515], [-0.273346, 51.477366]]]}, "properties": {"FID": 200, "FEATCODE": 25608}}, {"type": "Feature", "id": 204, "geometry": {"type": "Polygon", "coordinates": [[[-0.269995, 51.472875], [-0.269986, 51.472871], [-0.269955, 51.472865], [-0.269935, 51.472878], [-0.269947, 51.472894], [-0.269956, 51.4729], [-0.269475, 51.473204], [-0.269466, 51.473198], [-0.269435, 51.473194], [-0.269416, 51.473205], [-0.269424, 51.473221], [-0.269434, 51.473228], [-0.269341, 51.473287], [-0.269203, 51.473375], [-0.269036, 51.473481], [-0.268976, 51.473434], [-0.268975, 51.473432], [-0.268974, 51.473432], [-0.268883, 51.473372], [-0.268754, 51.473292], [-0.268702, 51.47326], [-0.268643, 51.473299], [-0.268573, 51.473231], [-0.268252, 51.473014], [-0.268109, 51.47293], [-0.267932, 51.472837], [-0.267534, 51.472644], [-0.267199, 51.472487], [-0.266904, 51.472354], [-0.266706, 51.472273], [-0.266445, 51.472177], [-0.266255, 51.472112], [-0.265966, 51.472013], [-0.2657, 51.471927], [-0.26551, 51.471872], [-0.265138, 51.471778], [-0.264863, 51.471715], [-0.264633, 51.471665], [-0.264316, 51.471603], [-0.263948, 51.471542], [-0.263627, 51.471497], [-0.263191, 51.471443], [-0.262876, 51.471412], [-0.262544, 51.471384], [-0.262158, 51.471359], [-0.261739, 51.471343], [-0.261456, 51.471338], [-0.261171, 51.47134], [-0.260779, 51.471349], [-0.260543, 51.471359], [-0.260105, 51.471386], [-0.259668, 51.471422], [-0.259275, 51.471464], [-0.258946, 51.471509], [-0.258624, 51.47156], [-0.258298, 51.471618], [-0.25809, 51.47166], [-0.257847, 51.471713], [-0.257495, 51.471796], [-0.25723, 51.471863], [-0.257058, 51.47191], [-0.256843, 51.471974], [-0.256532, 51.472073], [-0.256279, 51.472161], [-0.256023, 51.472259], [-0.255594, 51.472434], [-0.255412, 51.472522], [-0.255242, 51.472649], [-0.255157, 51.472749], [-0.255067, 51.472834], [-0.254819, 51.472946], [-0.254677, 51.472952], [-0.254508, 51.473011], [-0.25439, 51.472943], [-0.254334, 51.472909], [-0.254242, 51.472855], [-0.254127, 51.472787], [-0.254099, 51.472771], [-0.254099, 51.47277], [-0.253942, 51.472677], [-0.253716, 51.472542], [-0.253685, 51.472523], [-0.253674, 51.472517], [-0.253568, 51.472454], [-0.253495, 51.47241], [-0.253473, 51.472398], [-0.253349, 51.472325], [-0.253316, 51.472306], [-0.253473, 51.4722], [-0.253616, 51.472126], [-0.253617, 51.472126], [-0.253619, 51.472125], [-0.253621, 51.472124], [-0.253954, 51.471945], [-0.254032, 51.471906], [-0.25422, 51.471814], [-0.254697, 51.471597], [-0.255118, 51.471413], [-0.255312, 51.471331], [-0.255567, 51.471226], [-0.255804, 51.471134], [-0.255961, 51.47108], [-0.256237, 51.470991], [-0.256404, 51.470941], [-0.256719, 51.47085], [-0.256964, 51.470783], [-0.25723, 51.470718], [-0.257991, 51.470548], [-0.258271, 51.470491], [-0.258465, 51.470454], [-0.258653, 51.470429], [-0.259041, 51.470406], [-0.259125, 51.470402], [-0.25939, 51.470383], [-0.259674, 51.470358], [-0.259992, 51.470332], [-0.260125, 51.470322], [-0.260128, 51.470345], [-0.260129, 51.470354], [-0.260147, 51.470352], [-0.260146, 51.470344], [-0.260145, 51.470321], [-0.260466, 51.470309], [-0.261011, 51.470299], [-0.261216, 51.470285], [-0.261559, 51.470272], [-0.2619, 51.470266], [-0.262321, 51.470259], [-0.262737, 51.470269], [-0.26279, 51.470273], [-0.263212, 51.470299], [-0.26341, 51.470307], [-0.263535, 51.470303], [-0.263934, 51.470253], [-0.264025, 51.470259], [-0.264071, 51.470286], [-0.264124, 51.470342], [-0.264263, 51.470402], [-0.264566, 51.47047], [-0.264836, 51.470527], [-0.265066, 51.470576], [-0.265068, 51.470575], [-0.265117, 51.470584], [-0.265391, 51.470642], [-0.265525, 51.470668], [-0.265608, 51.470684], [-0.265639, 51.470691], [-0.265668, 51.470696], [-0.265685, 51.470701], [-0.265762, 51.470719], [-0.265862, 51.470744], [-0.265957, 51.470764], [-0.26605, 51.470787], [-0.266141, 51.470809], [-0.26626, 51.470837], [-0.266358, 51.470863], [-0.26639, 51.470871], [-0.266495, 51.4709], [-0.266986, 51.47104], [-0.266982, 51.471048], [-0.267193, 51.471096], [-0.267417, 51.471132], [-0.267777, 51.471242], [-0.267782, 51.471247], [-0.267782, 51.471248], [-0.267781, 51.47125], [-0.267781, 51.471253], [-0.26778, 51.471255], [-0.26778, 51.471257], [-0.26778, 51.471259], [-0.26778, 51.471261], [-0.26778, 51.471263], [-0.26778, 51.471266], [-0.26778, 51.471268], [-0.26778, 51.47127], [-0.267781, 51.471272], [-0.267781, 51.471274], [-0.267782, 51.471277], [-0.267782, 51.471279], [-0.267783, 51.471281], [-0.267784, 51.471283], [-0.267785, 51.471285], [-0.267786, 51.471287], [-0.267787, 51.471289], [-0.267789, 51.471291], [-0.26779, 51.471293], [-0.267791, 51.471295], [-0.267793, 51.471297], [-0.267794, 51.471299], [-0.267796, 51.471301], [-0.267798, 51.471303], [-0.2678, 51.471305], [-0.267802, 51.471307], [-0.267804, 51.471309], [-0.267806, 51.47131], [-0.267808, 51.471312], [-0.26781, 51.471314], [-0.267812, 51.471315], [-0.267815, 51.471317], [-0.267817, 51.471319], [-0.26782, 51.47132], [-0.267822, 51.471322], [-0.267922, 51.471377], [-0.267975, 51.471421], [-0.268115, 51.471484], [-0.268288, 51.47158], [-0.26829, 51.471581], [-0.268292, 51.471583], [-0.268295, 51.471584], [-0.268298, 51.471585], [-0.2683, 51.471586], [-0.268303, 51.471587], [-0.268305, 51.471588], [-0.268883, 51.471811], [-0.269061, 51.471886], [-0.269362, 51.472012], [-0.269654, 51.472133], [-0.269666, 51.472136], [-0.269665, 51.472141], [-0.269664, 51.472145], [-0.269664, 51.472149], [-0.269667, 51.472152], [-0.269678, 51.472162], [-0.269685, 51.472165], [-0.269695, 51.47217], [-0.269704, 51.472175], [-0.26982, 51.472223], [-0.269837, 51.472228], [-0.269851, 51.472235], [-0.269876, 51.472246], [-0.269885, 51.472251], [-0.269894, 51.472256], [-0.269992, 51.472307], [-0.270069, 51.472349], [-0.270207, 51.472427], [-0.270196, 51.472435], [-0.270187, 51.472441], [-0.270168, 51.472453], [-0.27016, 51.472458], [-0.270172, 51.472467], [-0.270182, 51.472461], [-0.2702, 51.472449], [-0.270209, 51.472443], [-0.270446, 51.472588], [-0.270394, 51.472623], [-0.270376, 51.472633], [-0.27035, 51.47265], [-0.27026, 51.472707], [-0.269995, 51.472875]]]}, "properties": {"FID": 204, "FEATCODE": 25608}}, {"type": "Feature", "id": 213, "geometry": {"type": "Polygon", "coordinates": [[[0.255704, 51.462158], [0.255622, 51.462235], [0.255569, 51.462356], [0.25553, 51.462415], [0.255434, 51.462482], [0.255335, 51.462513], [0.255127, 51.462536], [0.254989, 51.462532], [0.254806, 51.462506], [0.254631, 51.46246], [0.254466, 51.462402], [0.254187, 51.462279], [0.254077, 51.462248], [0.253945, 51.462246], [0.25355, 51.462347], [0.253326, 51.462425], [0.252961, 51.462566], [0.252777, 51.462639], [0.252554, 51.462727], [0.252386, 51.462794], [0.251864, 51.463], [0.251602, 51.463104], [0.251279, 51.463231], [0.250965, 51.463352], [0.250652, 51.46347], [0.250322, 51.463587], [0.250237, 51.463616], [0.24996, 51.463735], [0.249785, 51.463834], [0.249698, 51.463914], [0.249602, 51.464091], [0.249563, 51.464204], [0.249518, 51.464383], [0.249489, 51.46451], [0.249453, 51.464631], [0.249418, 51.4647], [0.249345, 51.464779], [0.249082, 51.464925], [0.248833, 51.46506], [0.248615, 51.465165], [0.248369, 51.465282], [0.248089, 51.465408], [0.247925, 51.465471], [0.247642, 51.465571], [0.247409, 51.465662], [0.247237, 51.465743], [0.24702, 51.465854], [0.246754, 51.465996], [0.246508, 51.466106], [0.246302, 51.466186], [0.246255, 51.466212], [0.246247, 51.466208], [0.245973, 51.466321], [0.24568, 51.466449], [0.24547, 51.466544], [0.245271, 51.466635], [0.245017, 51.46675], [0.24463, 51.466927], [0.244475, 51.467], [0.243778, 51.467327], [0.243351, 51.46753], [0.242996, 51.467703], [0.242798, 51.467812], [0.242636, 51.467896], [0.242407, 51.467998], [0.242275, 51.468053], [0.242056, 51.468119], [0.241921, 51.468127], [0.241735, 51.468101], [0.24147, 51.468033], [0.241358, 51.468011], [0.241198, 51.467995], [0.241083, 51.467994], [0.240956, 51.468007], [0.240768, 51.46806], [0.240624, 51.46812], [0.240191, 51.468308], [0.240062, 51.468352], [0.239926, 51.468392], [0.239765, 51.468451], [0.239659, 51.468528], [0.239714, 51.468669], [0.239798, 51.468849], [0.239785, 51.468941], [0.239806, 51.469049], [0.239842, 51.469165], [0.239827, 51.469225], [0.23975, 51.469268], [0.239556, 51.469365], [0.239514, 51.469425], [0.239542, 51.469534], [0.239514, 51.46955], [0.239312, 51.469493], [0.239219, 51.469486], [0.239132, 51.469508], [0.239059, 51.46955], [0.238964, 51.469644], [0.238911, 51.469729], [0.238867, 51.469802], [0.238794, 51.469949], [0.238727, 51.470004], [0.238603, 51.470051], [0.23847, 51.47007], [0.23834, 51.470062], [0.238167, 51.470036], [0.237695, 51.470266], [0.237582, 51.470337], [0.237193, 51.470607], [0.236978, 51.470753], [0.236682, 51.470946], [0.236377, 51.471144], [0.236072, 51.471347], [0.235903, 51.47148], [0.235777, 51.471608], [0.235649, 51.471779], [0.235541, 51.471879], [0.235419, 51.471956], [0.235025, 51.472158], [0.234789, 51.472288], [0.234655, 51.472365], [0.234472, 51.472474], [0.234266, 51.472596], [0.234177, 51.472639], [0.233949, 51.472718], [0.233751, 51.472778], [0.233429, 51.472906], [0.233273, 51.472983], [0.233034, 51.473109], [0.232739, 51.473266], [0.232571, 51.473363], [0.232354, 51.473511], [0.232133, 51.473686], [0.232039, 51.473778], [0.231948, 51.47388], [0.231859, 51.473972], [0.231762, 51.474053], [0.231665, 51.474118], [0.231479, 51.474213], [0.231109, 51.474363], [0.230982, 51.474422], [0.230767, 51.474537], [0.230715, 51.47458], [0.23061, 51.474663], [0.230457, 51.474778], [0.230441, 51.474796], [0.230407, 51.474822], [0.230375, 51.474844], [0.230361, 51.474855], [0.230339, 51.474868], [0.230335, 51.47487], [0.230295, 51.474889], [0.230252, 51.474912], [0.230221, 51.474929], [0.230191, 51.474945], [0.23018, 51.474951], [0.230148, 51.474965], [0.230145, 51.474967], [0.230114, 51.474981], [0.230108, 51.474983], [0.230079, 51.474994], [0.230046, 51.475007], [0.230011, 51.475025], [0.230007, 51.475027], [0.229972, 51.475045], [0.22992, 51.475074], [0.229882, 51.475095], [0.229854, 51.475113], [0.229822, 51.475131], [0.229798, 51.475143], [0.229781, 51.475153], [0.22976, 51.475166], [0.229741, 51.47518], [0.229739, 51.47518], [0.229699, 51.475206], [0.229647, 51.475239], [0.229632, 51.475248], [0.229629, 51.475251], [0.229614, 51.475261], [0.229588, 51.475279], [0.229573, 51.475292], [0.229545, 51.47531], [0.229498, 51.475339], [0.229436, 51.475379], [0.22941, 51.475396], [0.229386, 51.475411], [0.229369, 51.475421], [0.229354, 51.475429], [0.229347, 51.475433], [0.229326, 51.47544], [0.229321, 51.475442], [0.2293, 51.475455], [0.229275, 51.475469], [0.229249, 51.475486], [0.229222, 51.475499], [0.229198, 51.475513], [0.229183, 51.475521], [0.22916, 51.475533], [0.229135, 51.47555], [0.229117, 51.47556], [0.229113, 51.475563], [0.229094, 51.475572], [0.229092, 51.475574], [0.229068, 51.475586], [0.229035, 51.475602], [0.229021, 51.47561], [0.229017, 51.475612], [0.229013, 51.475614], [0.228999, 51.475619], [0.228973, 51.475629], [0.228941, 51.475643], [0.228934, 51.475645], [0.228927, 51.475647], [0.22892, 51.475649], [0.228917, 51.47565], [0.228902, 51.475652], [0.228894, 51.475653], [0.228884, 51.475654], [0.228878, 51.475655], [0.228868, 51.475654], [0.228858, 51.475654], [0.228854, 51.475653], [0.228842, 51.475652], [0.228809, 51.475646], [0.228758, 51.475638], [0.228706, 51.47563], [0.228503, 51.475642], [0.2283, 51.475688], [0.228112, 51.475717], [0.227771, 51.475789], [0.227617, 51.475819], [0.227492, 51.475841], [0.227305, 51.475907], [0.227076, 51.476026], [0.226661, 51.476244], [0.226298, 51.476431], [0.226005, 51.47658], [0.225912, 51.476625], [0.22558, 51.47679], [0.225315, 51.476919], [0.225117, 51.477014], [0.224862, 51.477139], [0.224605, 51.477267], [0.224475, 51.477347], [0.22437, 51.47743], [0.224275, 51.477494], [0.224038, 51.47762], [0.223851, 51.477717], [0.223701, 51.477796], [0.223443, 51.477931], [0.223213, 51.478054], [0.223067, 51.478142], [0.223006, 51.478179], [0.222642, 51.478375], [0.22253, 51.478427], [0.222335, 51.478502], [0.222221, 51.47853], [0.222041, 51.478568], [0.221851, 51.47864], [0.221662, 51.478732], [0.221357, 51.478886], [0.220973, 51.47908], [0.220783, 51.479175], [0.220668, 51.479233], [0.220466, 51.479336], [0.220123, 51.479483], [0.219941, 51.479502], [0.219738, 51.479484], [0.219253, 51.479411], [0.219118, 51.479393], [0.218914, 51.479374], [0.218571, 51.47937], [0.218506, 51.479389], [0.218322, 51.479514], [0.218128, 51.479623], [0.217941, 51.479632], [0.217824, 51.479616], [0.21755, 51.479588], [0.217297, 51.479532], [0.21717, 51.479459], [0.217092, 51.479376], [0.217011, 51.47924], [0.216999, 51.479183], [0.217035, 51.479081], [0.217095, 51.47901], [0.217151, 51.47894], [0.217191, 51.478864], [0.217212, 51.478783], [0.217216, 51.478718], [0.2172, 51.478611], [0.217171, 51.478538], [0.217103, 51.478492], [0.217026, 51.478498], [0.216916, 51.478486], [0.216832, 51.478447], [0.216856, 51.47833], [0.216414, 51.478273], [0.216282, 51.478459], [0.216172, 51.478506], [0.216074, 51.478658], [0.216072, 51.478658], [0.216051, 51.478524], [0.216001, 51.478537], [0.215934, 51.478646], [0.215903, 51.478763], [0.215898, 51.47884], [0.215902, 51.478949], [0.2159, 51.479134], [0.215908, 51.479254], [0.215956, 51.479444], [0.216021, 51.479571], [0.216092, 51.479665], [0.216205, 51.479785], [0.216307, 51.479889], [0.216435, 51.480006], [0.21658, 51.480099], [0.216741, 51.480188], [0.216983, 51.48029], [0.217263, 51.480364], [0.217448, 51.480422], [0.217483, 51.480478], [0.217411, 51.48054], [0.217225, 51.48062], [0.216625, 51.480865], [0.216358, 51.480977], [0.216169, 51.481058], [0.215929, 51.481159], [0.215749, 51.481235], [0.215467, 51.48135], [0.215224, 51.481447], [0.215022, 51.481525], [0.214758, 51.481624], [0.214428, 51.481749], [0.214086, 51.481876], [0.213772, 51.481993], [0.213394, 51.482135], [0.213151, 51.482228], [0.213007, 51.482291], [0.212824, 51.482365], [0.212685, 51.482397], [0.212461, 51.482434], [0.212221, 51.482525], [0.212004, 51.482612], [0.211776, 51.482678], [0.21157, 51.482697], [0.211426, 51.482688], [0.210631, 51.482556], [0.210388, 51.482488], [0.210289, 51.482411], [0.210222, 51.482315], [0.210065, 51.482068], [0.209993, 51.481988], [0.209818, 51.481837], [0.209739, 51.481773], [0.209617, 51.481705], [0.20954, 51.481702], [0.209439, 51.481738], [0.2093, 51.481784], [0.209118, 51.48178], [0.209026, 51.48176], [0.20883, 51.48171], [0.208613, 51.481643], [0.208475, 51.481618], [0.208197, 51.481573], [0.208053, 51.481526], [0.207893, 51.481455], [0.207767, 51.481434], [0.207651, 51.481432], [0.207568, 51.481431], [0.207439, 51.481428], [0.207343, 51.48142], [0.207218, 51.481398], [0.207098, 51.481371], [0.206913, 51.481354], [0.20683, 51.481352], [0.206635, 51.481345], [0.206555, 51.481329], [0.206412, 51.481273], [0.206334, 51.481232], [0.206186, 51.481041], [0.206201, 51.480866], [0.206208, 51.480831], [0.206197, 51.480738], [0.206096, 51.480684], [0.205967, 51.480644], [0.20581, 51.480585], [0.205516, 51.480479], [0.205422, 51.480484], [0.205236, 51.480571], [0.205176, 51.480634], [0.205105, 51.480756], [0.205012, 51.480833], [0.204948, 51.48083], [0.204803, 51.480768], [0.204683, 51.480692], [0.204511, 51.480579], [0.204253, 51.480415], [0.204091, 51.480311], [0.203957, 51.480237], [0.203738, 51.480095], [0.203628, 51.480024], [0.203621, 51.480024], [0.20379, 51.480171], [0.203911, 51.480246], [0.20407, 51.480331], [0.204203, 51.480415], [0.204525, 51.480626], [0.204663, 51.480739], [0.204688, 51.480793], [0.204643, 51.480838], [0.204564, 51.480841], [0.204274, 51.480789], [0.204057, 51.480719], [0.203932, 51.480683], [0.203789, 51.480668], [0.203633, 51.480676], [0.203427, 51.480688], [0.203205, 51.480701], [0.203063, 51.480697], [0.202852, 51.48067], [0.202732, 51.480651], [0.202506, 51.480616], [0.202279, 51.480574], [0.202215, 51.480537], [0.202158, 51.480459], [0.202109, 51.480357], [0.202115, 51.480307], [0.202297, 51.480231], [0.202445, 51.480216], [0.202582, 51.480222], [0.202858, 51.480275], [0.203114, 51.480331], [0.203188, 51.480345], [0.203116, 51.480326], [0.202811, 51.480251], [0.202608, 51.480212], [0.202368, 51.4802], [0.202201, 51.480216], [0.202027, 51.480236], [0.20188, 51.480215], [0.201855, 51.480152], [0.201874, 51.480033], [0.201877, 51.479906], [0.201871, 51.479824], [0.201883, 51.479735], [0.20196, 51.479658], [0.202084, 51.479559], [0.202115, 51.479492], [0.202129, 51.479306], [0.202121, 51.479102], [0.202076, 51.479008], [0.201997, 51.478968], [0.201856, 51.478947], [0.201777, 51.478919], [0.201734, 51.478862], [0.201715, 51.478801], [0.201725, 51.478875], [0.201709, 51.478902], [0.201665, 51.478916], [0.201517, 51.478845], [0.201462, 51.47882], [0.201392, 51.478803], [0.201334, 51.4788], [0.201208, 51.478801], [0.20111, 51.478802], [0.201042, 51.478803], [0.200955, 51.478781], [0.200844, 51.478717], [0.20079, 51.478669], [0.200746, 51.478631], [0.200693, 51.478582], [0.200635, 51.478545], [0.200561, 51.478515], [0.200435, 51.478486], [0.200308, 51.478457], [0.200157, 51.478406], [0.200062, 51.478382], [0.200016, 51.478381], [0.199924, 51.478389], [0.199804, 51.478385], [0.19969, 51.478372], [0.199626, 51.478364], [0.199551, 51.478363], [0.199387, 51.478373], [0.199315, 51.478371], [0.199201, 51.478351], [0.199119, 51.478351], [0.199045, 51.478377], [0.198995, 51.47839], [0.198929, 51.47839], [0.198788, 51.478368], [0.198718, 51.478344], [0.198684, 51.478325], [0.198603, 51.478282], [0.198529, 51.478263], [0.198573, 51.478316], [0.198611, 51.478344], [0.198709, 51.478404], [0.198745, 51.478433], [0.198799, 51.478497], [0.198863, 51.478568], [0.19899, 51.478685], [0.199085, 51.478766], [0.199178, 51.478824], [0.199256, 51.478873], [0.199344, 51.478916], [0.199426, 51.478938], [0.199484, 51.478945], [0.199541, 51.478914], [0.199569, 51.478878], [0.199604, 51.478849], [0.199649, 51.478823], [0.199712, 51.478791], [0.199804, 51.478808], [0.199905, 51.47883], [0.199966, 51.478865], [0.200044, 51.47891], [0.200122, 51.478986], [0.20017, 51.479053], [0.200191, 51.479117], [0.200238, 51.479206], [0.200294, 51.479298], [0.200306, 51.479334], [0.200339, 51.479379], [0.200332, 51.479412], [0.2003, 51.479447], [0.200296, 51.479482], [0.200327, 51.47953], [0.20037, 51.479607], [0.200402, 51.479676], [0.200436, 51.479749], [0.200455, 51.479788], [0.200493, 51.479881], [0.200529, 51.47993], [0.200565, 51.479962], [0.200643, 51.480032], [0.200631, 51.480049], [0.200554, 51.480062], [0.200453, 51.480052], [0.200379, 51.480037], [0.200283, 51.480022], [0.200197, 51.480014], [0.200105, 51.480016], [0.200034, 51.48003], [0.199937, 51.480058], [0.19973, 51.480074], [0.199562, 51.480083], [0.199421, 51.48009], [0.199342, 51.480093], [0.199266, 51.48009], [0.199258, 51.479992], [0.199249, 51.479988], [0.19916, 51.479903], [0.199148, 51.47987], [0.199184, 51.479704], [0.199157, 51.479589], [0.199127, 51.479544], [0.199047, 51.479461], [0.198903, 51.479382], [0.198725, 51.479325], [0.19863, 51.47929], [0.198473, 51.479209], [0.198272, 51.479075], [0.198051, 51.478889], [0.197967, 51.478821], [0.197797, 51.478687], [0.197711, 51.47856], [0.197738, 51.4785], [0.19784, 51.478443], [0.197666, 51.47849], [0.197642, 51.478524], [0.197655, 51.478607], [0.197691, 51.478651], [0.197776, 51.478724], [0.197909, 51.478831], [0.197987, 51.4789], [0.198095, 51.479007], [0.198226, 51.479123], [0.19837, 51.47922], [0.198436, 51.479255], [0.198547, 51.479307], [0.198719, 51.479379], [0.198805, 51.479435], [0.198774, 51.479542], [0.19881, 51.479558], [0.198909, 51.47951], [0.198955, 51.479511], [0.199017, 51.479587], [0.198988, 51.479679], [0.198851, 51.479744], [0.198748, 51.479738], [0.198714, 51.479701], [0.198737, 51.479645], [0.198811, 51.479566], [0.198767, 51.479547], [0.198673, 51.479607], [0.198569, 51.479637], [0.198454, 51.479632], [0.19832, 51.479617], [0.198229, 51.479618], [0.198122, 51.479623], [0.197961, 51.479614], [0.197708, 51.479575], [0.197507, 51.479549], [0.197374, 51.479589], [0.197278, 51.479613], [0.197187, 51.479601], [0.197125, 51.479592], [0.19698, 51.479587], [0.196871, 51.479581], [0.196782, 51.479571], [0.196573, 51.479558], [0.196382, 51.479562], [0.196268, 51.479538], [0.196162, 51.4795], [0.196087, 51.479498], [0.195913, 51.479539], [0.195829, 51.479571], [0.195692, 51.479626], [0.195576, 51.479654], [0.195433, 51.479653], [0.195295, 51.479633], [0.195032, 51.479614], [0.194689, 51.479579], [0.194475, 51.479551], [0.194355, 51.479543], [0.193997, 51.479487], [0.193853, 51.479414], [0.193749, 51.479349], [0.193679, 51.479329], [0.193529, 51.479333], [0.193227, 51.479374], [0.193045, 51.479412], [0.192935, 51.479543], [0.192831, 51.479607], [0.19279, 51.479642], [0.192722, 51.479711], [0.192666, 51.47974], [0.1919, 51.479761], [0.191098, 51.479754], [0.19084, 51.479728], [0.190754, 51.479686], [0.190476, 51.479157], [0.190392, 51.479086], [0.190234, 51.479136], [0.190316, 51.479656], [0.190255, 51.479713], [0.189812, 51.479839], [0.1895, 51.479908], [0.189097, 51.479983], [0.188329, 51.48012], [0.187517, 51.480263], [0.187208, 51.480317], [0.186356, 51.480469], [0.186189, 51.480494], [0.184622, 51.480801], [0.183718, 51.481025], [0.18349, 51.481088], [0.183941, 51.482096], [0.184033, 51.482191], [0.184161, 51.482295], [0.184282, 51.482332], [0.184363, 51.482356], [0.18437, 51.482356], [0.184645, 51.482271], [0.184651, 51.482272], [0.184712, 51.482349], [0.185753, 51.482024], [0.18633, 51.481845], [0.186674, 51.481738], [0.186684, 51.48174], [0.186712, 51.481775], [0.186714, 51.481777], [0.186727, 51.481793], [0.186755, 51.481828], [0.186751, 51.481834], [0.184589, 51.482508], [0.184581, 51.482511], [0.184571, 51.482514], [0.184535, 51.482505], [0.18453, 51.482504], [0.184523, 51.482506], [0.184493, 51.482516], [0.184487, 51.48251], [0.184515, 51.4825], [0.184406, 51.482475], [0.184292, 51.482444], [0.184196, 51.482418], [0.184165, 51.482407], [0.184071, 51.482376], [0.183893, 51.482261], [0.183798, 51.482125], [0.183745, 51.482005], [0.183742, 51.482031], [0.183743, 51.482171], [0.183769, 51.482233], [0.183827, 51.482295], [0.183835, 51.482293], [0.18385, 51.482309], [0.183857, 51.482317], [0.183731, 51.482364], [0.183709, 51.482373], [0.183701, 51.482364], [0.183686, 51.482347], [0.183693, 51.482345], [0.183626, 51.482269], [0.183591, 51.482184], [0.183589, 51.482026], [0.183628, 51.481742], [0.183358, 51.481137], [0.183296, 51.481158], [0.181982, 51.481652], [0.181517, 51.481839], [0.181307, 51.481926], [0.180977, 51.482069], [0.180705, 51.482201], [0.180415, 51.482343], [0.180142, 51.482476], [0.179059, 51.483011], [0.178706, 51.483183], [0.178692, 51.483189], [0.178325, 51.483327], [0.178126, 51.483234], [0.177838, 51.483074], [0.177748, 51.483093], [0.177675, 51.483183], [0.177991, 51.483545], [0.177882, 51.483694], [0.177484, 51.484029], [0.176912, 51.484512], [0.176032, 51.485229], [0.175965, 51.485246], [0.175644, 51.48519], [0.175486, 51.485272], [0.175223, 51.485265], [0.175131, 51.485422], [0.175017, 51.485593], [0.174945, 51.485692], [0.174918, 51.485753], [0.174918, 51.48588], [0.174941, 51.485956], [0.175078, 51.486038], [0.175185, 51.486114], [0.174502, 51.486874], [0.174488, 51.486878], [0.174129, 51.486833], [0.174008, 51.486894], [0.173848, 51.487051], [0.173724, 51.487211], [0.173658, 51.487264], [0.173587, 51.48731], [0.17351, 51.487369], [0.173372, 51.487543], [0.173196, 51.487867], [0.173131, 51.487965], [0.17297, 51.488144], [0.172902, 51.488216], [0.172786, 51.488342], [0.172572, 51.488629], [0.172515, 51.488725], [0.172473, 51.488826], [0.172434, 51.488967], [0.172406, 51.489122], [0.172393, 51.489254], [0.172378, 51.48961], [0.172379, 51.489717], [0.172395, 51.490158], [0.172397, 51.490186], [0.172399, 51.490186], [0.172399, 51.490192], [0.172398, 51.490192], [0.172401, 51.490226], [0.172328, 51.490531], [0.172286, 51.490681], [0.172231, 51.490822], [0.172155, 51.491044], [0.172121, 51.491202], [0.172137, 51.491339], [0.172215, 51.491547], [0.172227, 51.491608], [0.172219, 51.491708], [0.172184, 51.491793], [0.172052, 51.49199], [0.171991, 51.492129], [0.171965, 51.492323], [0.171941, 51.493021], [0.171937, 51.493165], [0.171936, 51.493311], [0.171935, 51.49336], [0.171936, 51.49336], [0.171933, 51.493474], [0.171929, 51.493654], [0.171924, 51.493843], [0.17192, 51.49384], [0.171916, 51.493963], [0.171928, 51.494317], [0.171935, 51.494437], [0.171948, 51.494661], [0.171958, 51.494854], [0.171964, 51.495052], [0.17196, 51.495303], [0.171956, 51.495455], [0.171951, 51.495565], [0.171937, 51.495753], [0.171931, 51.495895], [0.171929, 51.495975], [0.171923, 51.496113], [0.171913, 51.49633], [0.171897, 51.496559], [0.171873, 51.496677], [0.171851, 51.496764], [0.171808, 51.496982], [0.171796, 51.497088], [0.172002, 51.497125], [0.17209, 51.49714], [0.172083, 51.497154], [0.171785, 51.4971], [0.171777, 51.49711], [0.172078, 51.497164], [0.172072, 51.497178], [0.171932, 51.497153], [0.171765, 51.497123], [0.171678, 51.49724], [0.17156, 51.497459], [0.171532, 51.497608], [0.171515, 51.497726], [0.171022, 51.498537], [0.170939, 51.498613], [0.170826, 51.498713], [0.170712, 51.498836], [0.170772, 51.498835], [0.171609, 51.49882], [0.180748, 51.49865], [0.18148, 51.498636], [0.181594, 51.498634], [0.182897, 51.49861], [0.182887, 51.498427], [0.182875, 51.498256], [0.182878, 51.498054], [0.182939, 51.497926], [0.183056, 51.497833], [0.183223, 51.497744], [0.183389, 51.497631], [0.183489, 51.497523], [0.183593, 51.497328], [0.183587, 51.497176], [0.183483, 51.497067], [0.183206, 51.496924], [0.182956, 51.496802], [0.182726, 51.496682], [0.182599, 51.496583], [0.182559, 51.496524], [0.182568, 51.496036], [0.182613, 51.495959], [0.18268, 51.495894], [0.182979, 51.495707], [0.18312, 51.495592], [0.183206, 51.495484], [0.183261, 51.495379], [0.183309, 51.495244], [0.183372, 51.495005], [0.18341, 51.494846], [0.183452, 51.494659], [0.183522, 51.49437], [0.183578, 51.494121], [0.183597, 51.494002], [0.183603, 51.493838], [0.183593, 51.493725], [0.183552, 51.493463], [0.183549, 51.493328], [0.183566, 51.493201], [0.183608, 51.493016], [0.183664, 51.492752], [0.183674, 51.492717], [0.18373, 51.492527], [0.183818, 51.49231], [0.183899, 51.492202], [0.184011, 51.492102], [0.18412, 51.491997], [0.184206, 51.491875], [0.18433, 51.491633], [0.184399, 51.4915], [0.184466, 51.491364], [0.184529, 51.49122], [0.184688, 51.490836], [0.184777, 51.490709], [0.184962, 51.490548], [0.184765, 51.490496], [0.184575, 51.490446], [0.184573, 51.490446], [0.183812, 51.490244], [0.183761, 51.490249], [0.183704, 51.490317], [0.183572, 51.490284], [0.183533, 51.490329], [0.183397, 51.490295], [0.183214, 51.490248], [0.183235, 51.490209], [0.183057, 51.49016], [0.183029, 51.4902], [0.182904, 51.490166], [0.18329, 51.48961], [0.183573, 51.4892], [0.18362, 51.489212], [0.183645, 51.489177], [0.183733, 51.4892], [0.183716, 51.489225], [0.18371, 51.489234], [0.183888, 51.489282], [0.184053, 51.489326], [0.184042, 51.489338], [0.183989, 51.489918], [0.184076, 51.489942], [0.183972, 51.490092], [0.183934, 51.490082], [0.183859, 51.490189], [0.184038, 51.49026], [0.184052, 51.490262], [0.184594, 51.490407], [0.184599, 51.490408], [0.184785, 51.490457], [0.185009, 51.490518], [0.185202, 51.490396], [0.185373, 51.49027], [0.185692, 51.490015], [0.185812, 51.489918], [0.185957, 51.489784], [0.186191, 51.489556], [0.186532, 51.489211], [0.186584, 51.489139], [0.186701, 51.488999], [0.186822, 51.488908], [0.186908, 51.488839], [0.187011, 51.488748], [0.18712, 51.488682], [0.187203, 51.488655], [0.187323, 51.488625], [0.187388, 51.488596], [0.187502, 51.488459], [0.18755, 51.488373], [0.187606, 51.488227], [0.187625, 51.488102], [0.187614, 51.48797], [0.187634, 51.487927], [0.187741, 51.487863], [0.187865, 51.487829], [0.188041, 51.487799], [0.18855, 51.487735], [0.188772, 51.487717], [0.188952, 51.487712], [0.189146, 51.487714], [0.189318, 51.48772], [0.189571, 51.487736], [0.189891, 51.487762], [0.190194, 51.487796], [0.190432, 51.487837], [0.190574, 51.487875], [0.190667, 51.487904], [0.190817, 51.487948], [0.190996, 51.487989], [0.191347, 51.488054], [0.191563, 51.488075], [0.191688, 51.488069], [0.191765, 51.488062], [0.191884, 51.488065], [0.192, 51.488076], [0.192151, 51.488074], [0.192411, 51.488029], [0.192613, 51.487993], [0.192737, 51.48799], [0.192859, 51.488008], [0.193018, 51.488042], [0.193103, 51.488053], [0.193386, 51.488055], [0.193619, 51.48805], [0.193905, 51.488056], [0.194239, 51.48808], [0.194462, 51.488105], [0.194622, 51.488129], [0.194811, 51.488144], [0.194968, 51.48812], [0.195081, 51.488088], [0.195158, 51.48807], [0.196236, 51.488183], [0.196308, 51.488227], [0.196399, 51.488281], [0.196494, 51.488319], [0.196834, 51.488373], [0.197142, 51.488408], [0.197442, 51.48845], [0.197763, 51.4885], [0.198032, 51.488551], [0.198131, 51.488577], [0.198372, 51.488661], [0.198521, 51.48872], [0.198727, 51.488791], [0.198772, 51.488802], [0.199164, 51.488854], [0.199396, 51.488883], [0.199648, 51.488917], [0.199912, 51.488955], [0.200162, 51.488995], [0.200354, 51.489027], [0.20047, 51.489045], [0.200684, 51.489076], [0.20084, 51.489104], [0.201072, 51.489147], [0.201337, 51.489178], [0.201904, 51.489231], [0.202192, 51.489248], [0.202397, 51.489246], [0.202645, 51.489236], [0.202968, 51.489235], [0.203147, 51.489245], [0.20346, 51.489289], [0.203803, 51.489341], [0.20401, 51.489373], [0.204632, 51.489463], [0.204744, 51.489478], [0.205142, 51.489518], [0.205405, 51.489537], [0.205772, 51.489556], [0.206029, 51.489546], [0.206177, 51.489526], [0.20637, 51.489496], [0.206473, 51.489485], [0.206622, 51.489471], [0.206766, 51.489462], [0.207064, 51.489482], [0.207188, 51.489518], [0.207275, 51.489556], [0.207425, 51.489615], [0.207616, 51.489656], [0.207919, 51.489677], [0.208322, 51.489695], [0.208432, 51.489741], [0.208553, 51.489854], [0.208619, 51.48992], [0.208735, 51.490021], [0.208911, 51.490152], [0.209111, 51.490268], [0.209099, 51.490234], [0.209001, 51.490138], [0.208876, 51.489999], [0.208877, 51.48992], [0.208953, 51.489882], [0.209072, 51.48986], [0.209198, 51.489848], [0.209363, 51.489827], [0.209443, 51.489808], [0.209591, 51.489785], [0.209739, 51.489812], [0.209911, 51.48989], [0.209977, 51.489942], [0.210042, 51.489995], [0.210097, 51.490023], [0.210256, 51.490076], [0.210381, 51.490163], [0.210447, 51.490202], [0.210635, 51.490214], [0.210741, 51.490132], [0.210877, 51.490081], [0.210959, 51.490052], [0.210992, 51.490011], [0.210984, 51.489964], [0.210993, 51.48992], [0.211086, 51.489886], [0.211222, 51.489871], [0.211305, 51.489859], [0.211408, 51.489828], [0.211525, 51.48977], [0.211606, 51.489748], [0.211722, 51.489752], [0.211814, 51.48979], [0.211842, 51.489826], [0.211832, 51.489992], [0.211844, 51.490071], [0.211861, 51.490072], [0.211928, 51.490025], [0.21207, 51.489915], [0.212227, 51.489866], [0.212338, 51.489833], [0.212483, 51.489767], [0.212806, 51.489739], [0.212901, 51.489746], [0.213072, 51.489719], [0.213317, 51.489694], [0.21341, 51.489687], [0.21355, 51.489676], [0.213655, 51.48967], [0.213828, 51.48967], [0.213991, 51.48967], [0.21429, 51.489657], [0.214428, 51.489638], [0.214583, 51.489611], [0.21467, 51.48959], [0.214767, 51.48956], [0.214863, 51.489535], [0.214991, 51.489522], [0.215121, 51.489539], [0.215228, 51.489572], [0.215362, 51.489602], [0.215472, 51.489598], [0.215752, 51.489512], [0.215921, 51.489456], [0.216087, 51.489394], [0.216233, 51.489301], [0.216277, 51.489228], [0.216307, 51.489125], [0.216353, 51.489091], [0.216517, 51.489104], [0.216641, 51.48912], [0.216742, 51.489017], [0.216831, 51.48887], [0.216926, 51.488805], [0.217093, 51.488769], [0.21723, 51.48877], [0.217484, 51.488787], [0.217661, 51.488781], [0.217886, 51.488746], [0.218068, 51.48869], [0.218143, 51.488652], [0.218263, 51.488562], [0.218432, 51.488408], [0.218603, 51.488273], [0.218928, 51.488125], [0.219164, 51.488037], [0.219836, 51.487837], [0.220233, 51.487712], [0.220356, 51.487654], [0.220577, 51.487526], [0.220691, 51.48747], [0.220806, 51.487436], [0.220996, 51.487412], [0.221239, 51.487385], [0.221919, 51.487246], [0.222116, 51.48718], [0.222194, 51.487134], [0.222519, 51.486939], [0.222645, 51.486882], [0.22282, 51.486813], [0.222899, 51.486778], [0.223083, 51.486685], [0.223188, 51.486637], [0.223494, 51.486515], [0.223822, 51.486384], [0.223909, 51.486351], [0.224093, 51.486289], [0.22417, 51.486272], [0.224303, 51.486247], [0.2244, 51.486217], [0.224559, 51.486134], [0.224831, 51.486032], [0.224956, 51.486003], [0.225065, 51.485979], [0.225184, 51.485932], [0.225287, 51.485869], [0.225508, 51.485771], [0.225733, 51.485696], [0.225851, 51.485646], [0.226034, 51.4856], [0.226156, 51.485628], [0.226257, 51.485801], [0.226264, 51.485871], [0.226289, 51.485912], [0.22634, 51.485932], [0.226455, 51.485888], [0.226501, 51.485895], [0.226572, 51.485933], [0.226585, 51.485931], [0.22662, 51.485855], [0.226667, 51.485766], [0.226847, 51.485594], [0.227022, 51.485497], [0.227118, 51.485499], [0.227237, 51.485545], [0.227291, 51.48561], [0.227335, 51.485719], [0.227436, 51.485842], [0.227513, 51.485867], [0.227551, 51.485887], [0.227595, 51.485993], [0.227668, 51.486053], [0.227887, 51.486075], [0.228055, 51.486082], [0.228382, 51.486329], [0.228473, 51.486329], [0.228516, 51.486299], [0.228434, 51.486166], [0.22826, 51.485997], [0.228173, 51.485913], [0.228201, 51.485793], [0.228257, 51.485546], [0.22831, 51.485287], [0.228281, 51.485195], [0.228152, 51.485114], [0.228246, 51.484735], [0.228407, 51.484681], [0.228516, 51.484471], [0.228573, 51.484261], [0.2286, 51.484172], [0.228666, 51.484021], [0.228767, 51.483912], [0.229049, 51.483678], [0.229321, 51.483453], [0.229509, 51.483296], [0.229737, 51.483103], [0.229955, 51.482918], [0.230192, 51.48272], [0.230351, 51.482588], [0.230425, 51.482528], [0.230697, 51.48234], [0.230823, 51.482262], [0.231157, 51.482068], [0.231279, 51.481997], [0.231517, 51.481861], [0.232068, 51.481539], [0.232317, 51.48139], [0.232601, 51.481227], [0.232765, 51.481133], [0.232899, 51.481059], [0.232704, 51.480925], [0.232658, 51.480894], [0.232612, 51.480863], [0.23245, 51.480752], [0.232483, 51.480733], [0.232657, 51.480851], [0.232692, 51.480875], [0.232773, 51.48093], [0.232923, 51.481031], [0.233277, 51.480826], [0.233471, 51.480713], [0.233794, 51.48053], [0.233946, 51.480444], [0.234254, 51.480262], [0.234505, 51.480115], [0.234872, 51.479895], [0.235167, 51.479723], [0.23566, 51.479429], [0.23583, 51.479325], [0.236029, 51.479208], [0.236246, 51.479085], [0.23644, 51.478978], [0.236578, 51.47887], [0.236663, 51.478786], [0.23677, 51.478717], [0.236882, 51.478677], [0.237082, 51.478618], [0.237079, 51.478616], [0.237072, 51.478607], [0.237041, 51.478569], [0.236989, 51.478504], [0.236921, 51.478419], [0.236916, 51.478413], [0.2369, 51.478392], [0.236883, 51.47837], [0.23685, 51.478331], [0.236836, 51.478312], [0.236822, 51.478296], [0.236809, 51.478278], [0.2368, 51.478267], [0.23679, 51.478252], [0.236783, 51.478239], [0.236775, 51.478226], [0.236771, 51.478217], [0.236768, 51.478207], [0.236761, 51.478189], [0.236756, 51.478177], [0.236755, 51.478168], [0.236752, 51.478162], [0.236751, 51.478149], [0.23675, 51.478141], [0.236744, 51.47806], [0.236642, 51.478049], [0.236678, 51.477921], [0.23664, 51.477944], [0.236631, 51.477939], [0.236462, 51.478041], [0.236494, 51.478062], [0.23639, 51.47812], [0.236286, 51.478052], [0.236389, 51.477993], [0.236454, 51.478036], [0.236624, 51.477933], [0.236564, 51.477895], [0.236686, 51.477823], [0.236681, 51.47782], [0.236879, 51.477702], [0.237164, 51.477534], [0.237461, 51.477355], [0.237387, 51.477306], [0.237339, 51.477335], [0.237306, 51.477334], [0.237242, 51.477292], [0.237244, 51.477271], [0.237344, 51.477212], [0.237439, 51.477274], [0.237399, 51.477299], [0.237474, 51.47735], [0.237662, 51.477236], [0.237528, 51.477146], [0.237511, 51.477156], [0.237509, 51.477157], [0.23748, 51.477175], [0.237448, 51.477155], [0.237479, 51.477136], [0.237501, 51.47715], [0.23752, 51.47714], [0.23776, 51.477002], [0.237768, 51.477007], [0.237799, 51.477026], [0.237902, 51.477094], [0.237912, 51.477102], [0.237931, 51.477113], [0.237936, 51.477113], [0.23794, 51.477115], [0.237944, 51.477115], [0.237956, 51.477111], [0.237961, 51.477108], [0.238009, 51.47708], [0.238116, 51.477016], [0.238224, 51.476953], [0.238364, 51.47687], [0.238521, 51.476777], [0.238551, 51.476797], [0.238456, 51.476852], [0.238326, 51.476927], [0.238169, 51.477021], [0.237973, 51.477136], [0.237778, 51.477249], [0.237603, 51.477352], [0.23747, 51.477432], [0.237305, 51.477529], [0.237156, 51.477617], [0.237054, 51.477677], [0.237014, 51.477713], [0.237029, 51.477705], [0.237046, 51.477717], [0.236983, 51.477753], [0.236976, 51.477748], [0.236906, 51.477811], [0.236874, 51.477907], [0.236838, 51.478012], [0.236834, 51.478025], [0.23683, 51.478038], [0.236829, 51.478041], [0.236827, 51.478055], [0.236825, 51.478068], [0.236825, 51.478081], [0.236826, 51.478103], [0.236829, 51.47812], [0.236829, 51.478125], [0.236834, 51.478153], [0.236842, 51.478181], [0.236845, 51.47819], [0.236854, 51.47821], [0.236864, 51.478231], [0.236867, 51.478239], [0.236878, 51.478255], [0.236889, 51.478272], [0.236901, 51.478285], [0.236944, 51.478338], [0.236961, 51.478359], [0.236967, 51.478366], [0.236985, 51.478387], [0.236989, 51.47839], [0.237012, 51.47842], [0.237027, 51.478437], [0.237041, 51.478453], [0.237061, 51.478476], [0.23707, 51.478486], [0.237082, 51.478497], [0.237094, 51.478507], [0.2371, 51.478511], [0.237113, 51.47852], [0.237126, 51.478529], [0.237141, 51.478537], [0.237156, 51.478545], [0.237163, 51.478548], [0.23718, 51.478556], [0.237199, 51.478563], [0.237206, 51.478566], [0.2373, 51.478508], [0.237364, 51.478454], [0.237474, 51.478339], [0.237569, 51.478278], [0.237773, 51.478209], [0.237966, 51.478152], [0.238199, 51.478052], [0.238437, 51.477909], [0.238942, 51.477585], [0.239145, 51.477454], [0.239397, 51.477293], [0.239496, 51.477229], [0.239835, 51.477013], [0.239982, 51.476919], [0.240318, 51.4767], [0.240527, 51.47655], [0.2408, 51.476373], [0.240897, 51.476317], [0.241017, 51.476214], [0.241058, 51.476164], [0.241126, 51.476069], [0.241186, 51.475963], [0.241262, 51.475847], [0.241544, 51.475675], [0.241569, 51.475661], [0.241585, 51.475653], [0.241715, 51.475596], [0.241909, 51.475505], [0.242565, 51.475183], [0.24279, 51.475072], [0.24299, 51.474974], [0.243327, 51.474814], [0.243578, 51.474696], [0.243582, 51.474683], [0.243801, 51.474602], [0.24393, 51.474545], [0.244319, 51.47435], [0.244441, 51.474291], [0.244826, 51.474092], [0.245018, 51.473996], [0.245801, 51.473567], [0.245819, 51.473557], [0.24645, 51.473208], [0.246703, 51.473062], [0.246795, 51.473008], [0.246873, 51.47295], [0.24704, 51.472837], [0.247205, 51.472769], [0.247377, 51.472734], [0.247368, 51.4727], [0.247388, 51.472699], [0.247368, 51.472641], [0.247359, 51.472583], [0.247357, 51.472554], [0.247353, 51.472523], [0.247351, 51.472493], [0.24735, 51.472465], [0.24735, 51.472462], [0.247351, 51.472429], [0.247356, 51.472395], [0.24736, 51.472363], [0.247368, 51.472334], [0.247377, 51.472304], [0.247386, 51.472276], [0.247392, 51.472254], [0.247397, 51.472233], [0.24741, 51.472188], [0.247419, 51.472167], [0.24743, 51.472145], [0.247446, 51.472115], [0.24746, 51.472091], [0.247481, 51.472056], [0.2475, 51.472027], [0.247539, 51.471972], [0.247601, 51.471888], [0.247176, 51.47206], [0.24706, 51.471947], [0.250315, 51.470616], [0.250331, 51.470631], [0.250331, 51.470632], [0.250369, 51.470668], [0.250438, 51.470734], [0.249903, 51.470953], [0.249393, 51.471162], [0.249279, 51.471213], [0.249093, 51.471315], [0.248879, 51.471404], [0.248601, 51.471529], [0.248397, 51.471604], [0.248229, 51.471673], [0.248016, 51.471776], [0.247839, 51.471875], [0.247653, 51.472003], [0.24764, 51.472018], [0.247617, 51.472047], [0.247604, 51.472061], [0.247585, 51.472092], [0.247568, 51.472123], [0.247551, 51.472154], [0.247543, 51.472171], [0.247533, 51.47219], [0.247523, 51.472218], [0.24752, 51.472227], [0.247517, 51.472237], [0.247507, 51.472266], [0.247495, 51.472295], [0.247487, 51.472324], [0.247477, 51.472362], [0.247473, 51.472386], [0.247471, 51.472401], [0.247467, 51.47244], [0.247466, 51.472479], [0.247467, 51.472517], [0.247471, 51.472556], [0.247478, 51.472591], [0.247486, 51.472627], [0.247488, 51.472632], [0.247497, 51.472662], [0.247504, 51.472685], [0.247519, 51.472683], [0.247534, 51.472721], [0.24771, 51.472697], [0.247823, 51.47267], [0.248023, 51.472636], [0.248041, 51.472633], [0.248041, 51.472632], [0.248295, 51.47259], [0.248389, 51.472586], [0.248407, 51.472583], [0.248406, 51.472581], [0.248424, 51.472574], [0.248746, 51.472522], [0.248746, 51.472522], [0.248757, 51.47252], [0.24896, 51.472471], [0.249445, 51.472328], [0.249602, 51.472229], [0.249877, 51.472076], [0.250065, 51.472], [0.250361, 51.471892], [0.250624, 51.471799], [0.250946, 51.471694], [0.251124, 51.471641], [0.251441, 51.471558], [0.251562, 51.47151], [0.251224, 51.471314], [0.250859, 51.470986], [0.250801, 51.47093], [0.250677, 51.470811], [0.250587, 51.470847], [0.250529, 51.470792], [0.250515, 51.470797], [0.250156, 51.47045], [0.250062, 51.470361], [0.249999, 51.470301], [0.250476, 51.470105], [0.250732, 51.470348], [0.250731, 51.470348], [0.250998, 51.470605], [0.251027, 51.470633], [0.251041, 51.470646], [0.251051, 51.470656], [0.251045, 51.470658], [0.251104, 51.470728], [0.251076, 51.470824], [0.251127, 51.470873], [0.251522, 51.471244], [0.251609, 51.471311], [0.251742, 51.471387], [0.251899, 51.471425], [0.252708, 51.471213], [0.252713, 51.471211], [0.252714, 51.471209], [0.252718, 51.471206], [0.252879, 51.471136], [0.252886, 51.471133], [0.252894, 51.471129], [0.252901, 51.471126], [0.252909, 51.471123], [0.252917, 51.471121], [0.252924, 51.471118], [0.252932, 51.471117], [0.25294, 51.471114], [0.252947, 51.471112], [0.253017, 51.471091], [0.253088, 51.471069], [0.253094, 51.471067], [0.253106, 51.471065], [0.25311, 51.471063], [0.253116, 51.471062], [0.253121, 51.47106], [0.253127, 51.471059], [0.25313, 51.471058], [0.253217, 51.471065], [0.253458, 51.470999], [0.253766, 51.470916], [0.254301, 51.470772], [0.254465, 51.470728], [0.254669, 51.470677], [0.254985, 51.470604], [0.255195, 51.470557], [0.255447, 51.470488], [0.255643, 51.470397], [0.255845, 51.470254], [0.255962, 51.470181], [0.256052, 51.47013], [0.256358, 51.469959], [0.256466, 51.469906], [0.256695, 51.46971], [0.25684, 51.469579], [0.256989, 51.469494], [0.257102, 51.469453], [0.257293, 51.469404], [0.257763, 51.469311], [0.257946, 51.46928], [0.258091, 51.469251], [0.258308, 51.469197], [0.258676, 51.469095], [0.258972, 51.469005], [0.259137, 51.46895], [0.259154, 51.468943], [0.259309, 51.468889], [0.259519, 51.468812], [0.25969, 51.468758], [0.259868, 51.468687], [0.259982, 51.468615], [0.260106, 51.468566], [0.260196, 51.468546], [0.260357, 51.468504], [0.26045, 51.468464], [0.260631, 51.468373], [0.260764, 51.468333], [0.260874, 51.46832], [0.261041, 51.468317], [0.261248, 51.468322], [0.261476, 51.468325], [0.261628, 51.468309], [0.26181, 51.468264], [0.261725, 51.468171], [0.261661, 51.468098], [0.26165, 51.468097], [0.261646, 51.46809], [0.261649, 51.468083], [0.261544, 51.467965], [0.261509, 51.467926], [0.261461, 51.467871], [0.261458, 51.467868], [0.261425, 51.467832], [0.261376, 51.467778], [0.261356, 51.467756], [0.26134, 51.467738], [0.261292, 51.467683], [0.261139, 51.467618], [0.261145, 51.467518], [0.261124, 51.467495], [0.261089, 51.467456], [0.261047, 51.467407], [0.261041, 51.467401], [0.261005, 51.467361], [0.260955, 51.467307], [0.260917, 51.467265], [0.260905, 51.467252], [0.260871, 51.467213], [0.260724, 51.46705], [0.260715, 51.46704], [0.260702, 51.467025], [0.260666, 51.466985], [0.260618, 51.466931], [0.260592, 51.466935], [0.260564, 51.466902], [0.260569, 51.466899], [0.260583, 51.466891], [0.260542, 51.466845], [0.260534, 51.466836], [0.2605, 51.466797], [0.260452, 51.466743], [0.260414, 51.466701], [0.260391, 51.466676], [0.260212, 51.466703], [0.260137, 51.466685], [0.260058, 51.466613], [0.260066, 51.466539], [0.260196, 51.466455], [0.260173, 51.46643], [0.260132, 51.466384], [0.260123, 51.466374], [0.260069, 51.466316], [0.260041, 51.466318], [0.260005, 51.466281], [0.260024, 51.466269], [0.259965, 51.466197], [0.259922, 51.466149], [0.259859, 51.466078], [0.259822, 51.466037], [0.259755, 51.465961], [0.259715, 51.465916], [0.259649, 51.465843], [0.25962, 51.465846], [0.259586, 51.465807], [0.259606, 51.465794], [0.259545, 51.465725], [0.259517, 51.46573], [0.259482, 51.465689], [0.259491, 51.465683], [0.259502, 51.465677], [0.259466, 51.465638], [0.259449, 51.465618], [0.259439, 51.465607], [0.259412, 51.465611], [0.259376, 51.465571], [0.259396, 51.465559], [0.259334, 51.465489], [0.259309, 51.465494], [0.259272, 51.465454], [0.259292, 51.465442], [0.259228, 51.465371], [0.259202, 51.465376], [0.259166, 51.465336], [0.259186, 51.465323], [0.259125, 51.465254], [0.259096, 51.465258], [0.259059, 51.465218], [0.259081, 51.465206], [0.25902, 51.465137], [0.258992, 51.465141], [0.258955, 51.465101], [0.258976, 51.465088], [0.258914, 51.465019], [0.258872, 51.46497], [0.258808, 51.464901], [0.258782, 51.464906], [0.25877, 51.464892], [0.258745, 51.464865], [0.258765, 51.464853], [0.258753, 51.464838], [0.258744, 51.464841], [0.258728, 51.464822], [0.258735, 51.464819], [0.258668, 51.464744], [0.258641, 51.464749], [0.258605, 51.464708], [0.258625, 51.464696], [0.258561, 51.464626], [0.258535, 51.46463], [0.258499, 51.46459], [0.258518, 51.464578], [0.258508, 51.464566], [0.258457, 51.464509], [0.258429, 51.464513], [0.258394, 51.464472], [0.258414, 51.464461], [0.258351, 51.464391], [0.258325, 51.464395], [0.258288, 51.464354], [0.258308, 51.464343], [0.258245, 51.464273], [0.258218, 51.464277], [0.258183, 51.464236], [0.258203, 51.464225], [0.25814, 51.464155], [0.258115, 51.46416], [0.258081, 51.464119], [0.258098, 51.464108], [0.258036, 51.464037], [0.257994, 51.463991], [0.25793, 51.463919], [0.257902, 51.463923], [0.257869, 51.463884], [0.257888, 51.463873], [0.257826, 51.463802], [0.257799, 51.463806], [0.257764, 51.463766], [0.257784, 51.463755], [0.25772, 51.463683], [0.257693, 51.463688], [0.257658, 51.463648], [0.257677, 51.463636], [0.257616, 51.463565], [0.257573, 51.463518], [0.257511, 51.463448], [0.257468, 51.4634], [0.257406, 51.46333], [0.257378, 51.463335], [0.257342, 51.463294], [0.257362, 51.463282], [0.257299, 51.463213], [0.257273, 51.463218], [0.257237, 51.463175], [0.257257, 51.463166], [0.257238, 51.463144], [0.25704, 51.462922], [0.257035, 51.462917], [0.257016, 51.462896], [0.256979, 51.462856], [0.25693, 51.462802], [0.256896, 51.462761], [0.256848, 51.462706], [0.256813, 51.462667], [0.256763, 51.462612], [0.256737, 51.462617], [0.256719, 51.462597], [0.25671, 51.462586], [0.256536, 51.462546], [0.256482, 51.462469], [0.256539, 51.462396], [0.256558, 51.462385], [0.25651, 51.462331], [0.256473, 51.46229], [0.256427, 51.462237], [0.256391, 51.462196], [0.256347, 51.462147], [0.256343, 51.462143], [0.256201, 51.46214], [0.256051, 51.462125], [0.255933, 51.462118], [0.255704, 51.462158]], [[0.248156, 51.465881], [0.24811, 51.465902], [0.2468, 51.466518], [0.245724, 51.467026], [0.245586, 51.466916], [0.245589, 51.466914], [0.246121, 51.466663], [0.246595, 51.466435], [0.246664, 51.466403], [0.246638, 51.466391], [0.246697, 51.466369], [0.246696, 51.466368], [0.246907, 51.466288], [0.247045, 51.466231], [0.248064, 51.465807], [0.248156, 51.465881]], [[0.25527, 51.468371], [0.255351, 51.468446], [0.255363, 51.468458], [0.254689, 51.46874], [0.254863, 51.46894], [0.254788, 51.468968], [0.254609, 51.468757], [0.254264, 51.468901], [0.254176, 51.468823], [0.254164, 51.468813], [0.254315, 51.468733], [0.255093, 51.468411], [0.255258, 51.468361], [0.25527, 51.468371]], [[0.199209, 51.478371], [0.199295, 51.478389], [0.199413, 51.478397], [0.199582, 51.478392], [0.199659, 51.478397], [0.199858, 51.478419], [0.199925, 51.47842], [0.2, 51.478414], [0.200057, 51.478415], [0.20013, 51.478434], [0.200214, 51.478463], [0.200273, 51.47848], [0.200335, 51.478495], [0.200415, 51.478513], [0.200479, 51.478527], [0.200552, 51.478546], [0.200599, 51.478567], [0.200653, 51.478606], [0.200726, 51.478671], [0.200749, 51.478698], [0.200771, 51.47872], [0.200827, 51.478762], [0.200884, 51.478795], [0.200953, 51.478822], [0.201038, 51.478835], [0.201129, 51.47884], [0.201243, 51.478841], [0.201294, 51.478846], [0.201395, 51.47886], [0.201438, 51.478874], [0.201498, 51.478906], [0.201538, 51.478931], [0.201577, 51.478952], [0.201653, 51.47899], [0.201671, 51.478998], [0.201736, 51.479009], [0.201794, 51.479015], [0.20186, 51.479018], [0.201895, 51.479015], [0.201958, 51.479006], [0.202004, 51.479012], [0.202034, 51.479048], [0.20204, 51.479085], [0.202047, 51.47915], [0.202055, 51.479199], [0.202053, 51.479271], [0.202052, 51.479313], [0.202049, 51.479377], [0.202043, 51.479433], [0.202036, 51.479474], [0.202019, 51.479523], [0.202, 51.479545], [0.201951, 51.479567], [0.201891, 51.479582], [0.201858, 51.479596], [0.201823, 51.47961], [0.201793, 51.479612], [0.201759, 51.47962], [0.20173, 51.479645], [0.2017, 51.479679], [0.201677, 51.479702], [0.201668, 51.479736], [0.201661, 51.479772], [0.201659, 51.479799], [0.20167, 51.479822], [0.201704, 51.479888], [0.201728, 51.479932], [0.201742, 51.479971], [0.201763, 51.480012], [0.201772, 51.480054], [0.201758, 51.480072], [0.201724, 51.480084], [0.201643, 51.480087], [0.201546, 51.480091], [0.201491, 51.480095], [0.201472, 51.480117], [0.201468, 51.480151], [0.201442, 51.480161], [0.201422, 51.480157], [0.201386, 51.480131], [0.201345, 51.480153], [0.201319, 51.480167], [0.201272, 51.480169], [0.20122, 51.48017], [0.201124, 51.480167], [0.201048, 51.480147], [0.200978, 51.480113], [0.200917, 51.480088], [0.200875, 51.480068], [0.200843, 51.480033], [0.200773, 51.480006], [0.200716, 51.479988], [0.200669, 51.479953], [0.200645, 51.47992], [0.200615, 51.479859], [0.200607, 51.47983], [0.200612, 51.479803], [0.20064, 51.479758], [0.200657, 51.479725], [0.200669, 51.479676], [0.200683, 51.479646], [0.200737, 51.479593], [0.200771, 51.479574], [0.200856, 51.479564], [0.200899, 51.479574], [0.200939, 51.479578], [0.201024, 51.479558], [0.201057, 51.479542], [0.201088, 51.47952], [0.200933, 51.479565], [0.20082, 51.479552], [0.200714, 51.479586], [0.200651, 51.479645], [0.200616, 51.479713], [0.200502, 51.479738], [0.200364, 51.479474], [0.200402, 51.479353], [0.200297, 51.479231], [0.200211, 51.479101], [0.200174, 51.479027], [0.200102, 51.478908], [0.200053, 51.47889], [0.199985, 51.478858], [0.199958, 51.478841], [0.199912, 51.478821], [0.199831, 51.478805], [0.199739, 51.478772], [0.199698, 51.478742], [0.199646, 51.478693], [0.199595, 51.478685], [0.199506, 51.478676], [0.199385, 51.478642], [0.199311, 51.478625], [0.199205, 51.47861], [0.199096, 51.478598], [0.199052, 51.478597], [0.198978, 51.478587], [0.198937, 51.478585], [0.198905, 51.478575], [0.198861, 51.478541], [0.198832, 51.478511], [0.198755, 51.478417], [0.198726, 51.478386], [0.198776, 51.478386], [0.198856, 51.478397], [0.198943, 51.478409], [0.198999, 51.478409], [0.199041, 51.4784], [0.199101, 51.478375], [0.199154, 51.478363], [0.199209, 51.478371]], [[0.173251, 51.493328], [0.173118, 51.494124], [0.173121, 51.494125], [0.173119, 51.494131], [0.173118, 51.49414], [0.173114, 51.494151], [0.173083, 51.494149], [0.173091, 51.494108], [0.172858, 51.49397], [0.172843, 51.493961], [0.172784, 51.493956], [0.172666, 51.493958], [0.172584, 51.493959], [0.172504, 51.49396], [0.172493, 51.49396], [0.17249, 51.49396], [0.172487, 51.493959], [0.172485, 51.493958], [0.172463, 51.493948], [0.172517, 51.493948], [0.172544, 51.493948], [0.172572, 51.493898], [0.172588, 51.49379], [0.172646, 51.493409], [0.17279, 51.493789], [0.173041, 51.493779], [0.173183, 51.493582], [0.173218, 51.493377], [0.173226, 51.493326], [0.173251, 51.493328]]]}, "properties": {"FID": 213, "FEATCODE": 25608}}, {"type": "Feature", "id": 215, "geometry": {"type": "Polygon", "coordinates": [[[0.277738, 51.453525], [0.277451, 51.453539], [0.276997, 51.45356], [0.276673, 51.453574], [0.276405, 51.453583], [0.276374, 51.453584], [0.276231, 51.453619], [0.276292, 51.453827], [0.276315, 51.453969], [0.276227, 51.454005], [0.275824, 51.454084], [0.275776, 51.454153], [0.275778, 51.454437], [0.27578, 51.45447], [0.275533, 51.454477], [0.275264, 51.454533], [0.275285, 51.454484], [0.275198, 51.454447], [0.275131, 51.454305], [0.275113, 51.454128], [0.275103, 51.454027], [0.27506, 51.45395], [0.274967, 51.453784], [0.274913, 51.453694], [0.274887, 51.453647], [0.27469, 51.453652], [0.274475, 51.45368], [0.274197, 51.453742], [0.273925, 51.453816], [0.27358, 51.45392], [0.273335, 51.454001], [0.2731, 51.454086], [0.272892, 51.454167], [0.272718, 51.454241], [0.272467, 51.454353], [0.272319, 51.454411], [0.272103, 51.454472], [0.271896, 51.454512], [0.271696, 51.454548], [0.271367, 51.454615], [0.271157, 51.454681], [0.270978, 51.454736], [0.270849, 51.454768], [0.270593, 51.45482], [0.270348, 51.454871], [0.269857, 51.454999], [0.269743, 51.455033], [0.26934, 51.455165], [0.269092, 51.455251], [0.268921, 51.455311], [0.268676, 51.455399], [0.268378, 51.455511], [0.267972, 51.455664], [0.267763, 51.455742], [0.267652, 51.455782], [0.267412, 51.455873], [0.267172, 51.455978], [0.267106, 51.456014], [0.26694, 51.45612], [0.266758, 51.456255], [0.266717, 51.456305], [0.266643, 51.456457], [0.266573, 51.45657], [0.266433, 51.45669], [0.266331, 51.45678], [0.266297, 51.456853], [0.26604, 51.456977], [0.265918, 51.456977], [0.265772, 51.457036], [0.265711, 51.457094], [0.265441, 51.457259], [0.265366, 51.457303], [0.265209, 51.45739], [0.26504, 51.457463], [0.264863, 51.457524], [0.264737, 51.457569], [0.264205, 51.457938], [0.264121, 51.458038], [0.263962, 51.458222], [0.263875, 51.458312], [0.263812, 51.458406], [0.263698, 51.458546], [0.263483, 51.458671], [0.263363, 51.458724], [0.263165, 51.458811], [0.262858, 51.458942], [0.262715, 51.459007], [0.262518, 51.459112], [0.262351, 51.459227], [0.262235, 51.459337], [0.262153, 51.45943], [0.262046, 51.459548], [0.261896, 51.459697], [0.261739, 51.459827], [0.261658, 51.459889], [0.261557, 51.459983], [0.261326, 51.460257], [0.261167, 51.46042], [0.261075, 51.460508], [0.260944, 51.46062], [0.260776, 51.460738], [0.260642, 51.460805], [0.260416, 51.460878], [0.260043, 51.460956], [0.259795, 51.460997], [0.259508, 51.461053], [0.259358, 51.461092], [0.25915, 51.461165], [0.259029, 51.461211], [0.258764, 51.461296], [0.258595, 51.461344], [0.25827, 51.461441], [0.258097, 51.461502], [0.257907, 51.461606], [0.257732, 51.461723], [0.257395, 51.46181], [0.25726, 51.46184], [0.257047, 51.461907], [0.256828, 51.461973], [0.256744, 51.461996], [0.256586, 51.462058], [0.256634, 51.462111], [0.25667, 51.462151], [0.256718, 51.462206], [0.256753, 51.462245], [0.256802, 51.4623], [0.256828, 51.462295], [0.256984, 51.462319], [0.257056, 51.462432], [0.257, 51.462487], [0.257021, 51.462509], [0.257026, 51.462515], [0.257007, 51.462528], [0.257055, 51.462581], [0.257081, 51.462578], [0.257108, 51.46261], [0.257091, 51.462622], [0.257139, 51.462676], [0.257174, 51.462715], [0.257225, 51.462771], [0.257259, 51.46281], [0.257283, 51.462837], [0.257482, 51.46306], [0.2575, 51.46308], [0.257525, 51.463076], [0.257562, 51.463116], [0.257543, 51.463128], [0.257607, 51.4632], [0.257646, 51.463246], [0.25771, 51.463317], [0.257736, 51.463312], [0.257772, 51.463352], [0.257752, 51.463364], [0.257815, 51.463434], [0.25784, 51.463429], [0.257878, 51.463469], [0.257858, 51.463481], [0.25792, 51.463551], [0.257948, 51.463547], [0.257983, 51.463587], [0.257963, 51.463599], [0.258026, 51.463668], [0.258053, 51.463664], [0.258087, 51.463704], [0.258068, 51.463717], [0.258131, 51.463786], [0.258156, 51.463783], [0.258193, 51.463823], [0.258173, 51.463834], [0.258236, 51.463904], [0.25826, 51.4639], [0.258297, 51.46394], [0.258279, 51.463952], [0.258341, 51.464022], [0.258369, 51.464018], [0.258405, 51.464058], [0.258384, 51.46407], [0.258447, 51.46414], [0.258473, 51.464136], [0.258509, 51.464176], [0.25849, 51.464188], [0.258552, 51.464257], [0.25858, 51.464253], [0.258616, 51.464294], [0.258595, 51.464306], [0.258658, 51.464376], [0.258685, 51.464372], [0.258722, 51.46441], [0.2587, 51.464423], [0.258749, 51.464478], [0.258762, 51.464492], [0.258789, 51.464488], [0.258826, 51.464529], [0.258805, 51.464541], [0.258868, 51.46461], [0.258894, 51.464607], [0.258933, 51.464647], [0.258912, 51.46466], [0.258982, 51.464738], [0.258989, 51.464736], [0.259005, 51.464755], [0.258999, 51.464756], [0.259009, 51.464768], [0.259036, 51.464765], [0.259073, 51.464805], [0.259053, 51.464816], [0.259114, 51.464886], [0.259141, 51.464882], [0.259177, 51.464922], [0.259157, 51.464934], [0.259219, 51.465003], [0.259246, 51.464999], [0.259281, 51.465039], [0.259262, 51.465051], [0.259324, 51.465121], [0.25935, 51.465117], [0.259388, 51.465157], [0.259368, 51.46517], [0.259425, 51.465233], [0.259429, 51.465239], [0.259457, 51.465235], [0.259491, 51.465276], [0.259472, 51.465287], [0.259534, 51.465357], [0.259561, 51.465352], [0.259597, 51.465394], [0.259576, 51.465405], [0.259582, 51.465411], [0.259639, 51.465474], [0.259667, 51.46547], [0.259702, 51.465511], [0.259682, 51.465523], [0.259691, 51.465532], [0.259699, 51.465529], [0.259717, 51.46555], [0.259709, 51.465552], [0.259745, 51.465592], [0.25977, 51.465588], [0.259808, 51.465628], [0.259788, 51.46564], [0.259821, 51.465677], [0.25985, 51.46571], [0.259875, 51.465706], [0.259912, 51.465746], [0.259892, 51.465758], [0.259953, 51.465828], [0.259982, 51.465824], [0.260019, 51.465864], [0.259997, 51.465876], [0.260059, 51.465947], [0.260101, 51.465994], [0.260103, 51.465997], [0.260162, 51.466064], [0.26019, 51.466059], [0.260226, 51.466101], [0.260206, 51.466113], [0.260228, 51.466138], [0.260267, 51.466181], [0.26031, 51.466229], [0.260371, 51.466298], [0.260414, 51.466347], [0.260435, 51.466371], [0.260618, 51.466345], [0.26068, 51.466358], [0.260768, 51.466431], [0.260761, 51.466507], [0.260633, 51.466591], [0.260655, 51.466616], [0.260694, 51.466658], [0.260749, 51.46671], [0.260781, 51.466748], [0.260781, 51.466748], [0.260781, 51.466748], [0.26083, 51.466804], [0.260835, 51.466803], [0.260854, 51.466799], [0.260858, 51.466804], [0.260884, 51.466834], [0.260868, 51.466841], [0.260865, 51.466843], [0.260914, 51.466899], [0.260949, 51.466938], [0.260956, 51.466946], [0.260972, 51.466963], [0.261118, 51.467125], [0.261168, 51.46718], [0.261202, 51.467219], [0.261253, 51.467275], [0.261287, 51.467312], [0.261336, 51.467368], [0.261355, 51.46739], [0.26137, 51.467407], [0.261392, 51.467432], [0.26149, 51.467445], [0.261572, 51.46754], [0.261538, 51.467597], [0.261584, 51.467647], [0.261587, 51.467651], [0.261621, 51.46769], [0.261668, 51.467746], [0.261703, 51.467788], [0.261752, 51.467841], [0.261789, 51.467881], [0.261831, 51.467927], [0.261996, 51.468116], [0.262008, 51.468117], [0.262013, 51.468123], [0.26201, 51.46813], [0.262137, 51.468273], [0.262248, 51.468303], [0.26236, 51.46829], [0.26248, 51.468253], [0.262677, 51.46818], [0.262769, 51.46814], [0.262594, 51.467907], [0.262098, 51.467253], [0.261922, 51.467024], [0.261909, 51.467006], [0.261887, 51.467011], [0.261644, 51.466703], [0.261616, 51.466667], [0.261587, 51.46663], [0.261559, 51.466593], [0.261554, 51.466586], [0.261546, 51.466577], [0.261534, 51.46656], [0.261517, 51.466536], [0.261458, 51.466405], [0.261291, 51.46619], [0.261283, 51.466185], [0.261276, 51.466188], [0.261259, 51.466173], [0.261237, 51.466153], [0.26132, 51.466118], [0.261341, 51.466137], [0.261411, 51.466108], [0.261594, 51.466028], [0.261577, 51.466014], [0.262477, 51.465626], [0.262774, 51.465498], [0.262788, 51.465512], [0.262876, 51.465474], [0.262902, 51.465497], [0.262882, 51.465507], [0.262919, 51.465542], [0.262848, 51.465571], [0.262858, 51.465581], [0.262766, 51.46562], [0.26209, 51.465911], [0.261858, 51.466029], [0.261819, 51.466052], [0.261787, 51.466075], [0.26175, 51.466103], [0.261727, 51.46613], [0.261708, 51.466151], [0.261703, 51.466158], [0.261685, 51.466188], [0.261666, 51.46622], [0.261645, 51.466283], [0.261641, 51.466347], [0.261655, 51.466413], [0.261665, 51.466437], [0.261673, 51.466453], [0.2617, 51.466496], [0.261764, 51.466579], [0.261828, 51.466661], [0.26182, 51.466601], [0.263057, 51.465998], [0.263075, 51.466001], [0.263108, 51.466026], [0.263117, 51.466034], [0.263168, 51.466073], [0.26318, 51.466084], [0.262521, 51.466404], [0.262355, 51.466485], [0.262297, 51.466513], [0.262253, 51.466535], [0.262208, 51.46656], [0.262177, 51.466584], [0.26215, 51.466606], [0.262129, 51.466626], [0.262097, 51.46666], [0.262082, 51.466682], [0.262078, 51.466687], [0.262064, 51.46671], [0.262049, 51.466744], [0.262036, 51.466784], [0.262031, 51.466821], [0.26203, 51.466859], [0.26204, 51.466913], [0.262049, 51.46694], [0.26206, 51.466962], [0.262073, 51.466985], [0.262097, 51.467021], [0.262142, 51.467078], [0.262197, 51.46715], [0.262226, 51.467186], [0.262412, 51.467427], [0.262599, 51.467669], [0.262792, 51.467917], [0.2629, 51.468056], [0.263081, 51.467996], [0.263201, 51.467963], [0.263456, 51.467905], [0.263705, 51.467841], [0.263984, 51.467756], [0.264121, 51.467699], [0.264239, 51.467635], [0.264392, 51.46757], [0.264615, 51.467487], [0.264871, 51.467377], [0.265087, 51.467261], [0.265208, 51.467179], [0.265316, 51.467094], [0.265466, 51.466976], [0.265572, 51.466906], [0.265769, 51.466776], [0.265848, 51.466719], [0.266089, 51.46654], [0.266219, 51.466469], [0.266338, 51.466426], [0.266787, 51.466338], [0.267059, 51.466281], [0.267241, 51.466227], [0.267409, 51.466178], [0.267607, 51.466139], [0.267844, 51.466098], [0.26808, 51.46606], [0.268138, 51.466033], [0.268315, 51.466008], [0.268438, 51.46598], [0.268741, 51.465908], [0.268869, 51.465867], [0.269021, 51.465803], [0.269168, 51.465752], [0.269282, 51.465733], [0.269506, 51.465726], [0.269707, 51.465718], [0.269896, 51.465699], [0.270042, 51.465679], [0.270169, 51.465659], [0.270326, 51.465636], [0.270416, 51.465617], [0.270541, 51.465585], [0.270797, 51.46554], [0.270899, 51.465503], [0.271024, 51.465436], [0.271173, 51.465365], [0.27133, 51.465342], [0.271439, 51.465335], [0.271506, 51.465316], [0.27156, 51.465266], [0.271585, 51.465122], [0.271586, 51.46505], [0.27161, 51.464898], [0.271671, 51.464788], [0.271736, 51.46473], [0.271906, 51.464656], [0.272259, 51.464604], [0.272417, 51.464592], [0.272531, 51.464578], [0.272657, 51.464541], [0.272796, 51.464479], [0.272956, 51.464432], [0.273085, 51.464428], [0.273205, 51.464438], [0.273324, 51.464445], [0.273525, 51.464441], [0.273666, 51.464441], [0.274004, 51.464455], [0.274238, 51.46444], [0.274539, 51.464388], [0.27489, 51.464267], [0.275059, 51.464192], [0.275238, 51.464109], [0.275581, 51.463994], [0.275686, 51.463943], [0.275784, 51.463892], [0.275874, 51.463847], [0.27597, 51.463799], [0.276078, 51.463741], [0.2762, 51.463676], [0.276376, 51.463565], [0.276542, 51.463466], [0.276853, 51.463319], [0.276929, 51.463297], [0.277127, 51.463259], [0.27737, 51.463208], [0.277517, 51.463177], [0.277712, 51.463156], [0.278551, 51.46316], [0.278675, 51.463125], [0.278855, 51.463035], [0.279008, 51.463], [0.279109, 51.462997], [0.279287, 51.463042], [0.279442, 51.463093], [0.279542, 51.463116], [0.279862, 51.463167], [0.280017, 51.463177], [0.280246, 51.463176], [0.280536, 51.463159], [0.280716, 51.463133], [0.280979, 51.463106], [0.281383, 51.46311], [0.28153, 51.463125], [0.281747, 51.463153], [0.281866, 51.463171], [0.281704, 51.463137], [0.281557, 51.463114], [0.281448, 51.4631], [0.281139, 51.463072], [0.280996, 51.46308], [0.280702, 51.463109], [0.280516, 51.463135], [0.280294, 51.463152], [0.280071, 51.463155], [0.279873, 51.463139], [0.279713, 51.4631], [0.279634, 51.463083], [0.279491, 51.463049], [0.279319, 51.462977], [0.279203, 51.462921], [0.279108, 51.462894], [0.278994, 51.462873], [0.278922, 51.462846], [0.278886, 51.462801], [0.27889, 51.462762], [0.278923, 51.462723], [0.278974, 51.462702], [0.279127, 51.462686], [0.27922, 51.462645], [0.279335, 51.462598], [0.27938, 51.462598], [0.279453, 51.462622], [0.279515, 51.46264], [0.279599, 51.462648], [0.279674, 51.462644], [0.279727, 51.462635], [0.279801, 51.462618], [0.279899, 51.462594], [0.279965, 51.462583], [0.280046, 51.462577], [0.28013, 51.462576], [0.2802, 51.462572], [0.280275, 51.46256], [0.280409, 51.462527], [0.280486, 51.462507], [0.280563, 51.462489], [0.280624, 51.462483], [0.280657, 51.462495], [0.280669, 51.462545], [0.280655, 51.462601], [0.280631, 51.462669], [0.280707, 51.462565], [0.280732, 51.462463], [0.280682, 51.462409], [0.280593, 51.462432], [0.280482, 51.462506], [0.280393, 51.462477], [0.280294, 51.46251], [0.280199, 51.46253], [0.280133, 51.462521], [0.280015, 51.462456], [0.2799, 51.462388], [0.279851, 51.462312], [0.279867, 51.462276], [0.280004, 51.462186], [0.280117, 51.462126], [0.280198, 51.462083], [0.280284, 51.462027], [0.280419, 51.461932], [0.280579, 51.461905], [0.280667, 51.461901], [0.280846, 51.461833], [0.28093, 51.461787], [0.281046, 51.461731], [0.281129, 51.461687], [0.281153, 51.461605], [0.28121, 51.461486], [0.281293, 51.461443], [0.281393, 51.461428], [0.281498, 51.461467], [0.281596, 51.461545], [0.281707, 51.461643], [0.28177, 51.461735], [0.281783, 51.461782], [0.281879, 51.461934], [0.281955, 51.461988], [0.282039, 51.462038], [0.282125, 51.462093], [0.282216, 51.462154], [0.282324, 51.462224], [0.282482, 51.462323], [0.282628, 51.462417], [0.282712, 51.462485], [0.282779, 51.462575], [0.282843, 51.462668], [0.282887, 51.46273], [0.282951, 51.462807], [0.283028, 51.462892], [0.283113, 51.462975], [0.283182, 51.463018], [0.283315, 51.463068], [0.283408, 51.463101], [0.283562, 51.463181], [0.283647, 51.46325], [0.283771, 51.463359], [0.28388, 51.463435], [0.283969, 51.46347], [0.2841, 51.463496], [0.284141, 51.463504], [0.284367, 51.463604], [0.284471, 51.463641], [0.284611, 51.463691], [0.284748, 51.463771], [0.284881, 51.463906], [0.284946, 51.463974], [0.285089, 51.464106], [0.285205, 51.464211], [0.285346, 51.464332], [0.285479, 51.464441], [0.285581, 51.464542], [0.285797, 51.464813], [0.285903, 51.464955], [0.28598, 51.46504], [0.286058, 51.465103], [0.286167, 51.465176], [0.28628, 51.465258], [0.286352, 51.465333], [0.286402, 51.465409], [0.286522, 51.465648], [0.286582, 51.465711], [0.286746, 51.465845], [0.286827, 51.465948], [0.286917, 51.466145], [0.287028, 51.466332], [0.287299, 51.466582], [0.287563, 51.466801], [0.287666, 51.466888], [0.287893, 51.467072], [0.288003, 51.467145], [0.288193, 51.467238], [0.288475, 51.467363], [0.288697, 51.467462], [0.288911, 51.467551], [0.288993, 51.467581], [0.289109, 51.467659], [0.289225, 51.467728], [0.289328, 51.467794], [0.289544, 51.467957], [0.289723, 51.468098], [0.289952, 51.468268], [0.290171, 51.46843], [0.290304, 51.468535], [0.29051, 51.468707], [0.290732, 51.468906], [0.290922, 51.46909], [0.290954, 51.469123], [0.291269, 51.469388], [0.291488, 51.469557], [0.291582, 51.46962], [0.291766, 51.469725], [0.291956, 51.46982], [0.292126, 51.469897], [0.292462, 51.47004], [0.292768, 51.470167], [0.293261, 51.47036], [0.293657, 51.470516], [0.294038, 51.470666], [0.294223, 51.470735], [0.29424, 51.470744], [0.294243, 51.470741], [0.294345, 51.470671], [0.294489, 51.470619], [0.294509, 51.470626], [0.294527, 51.470656], [0.294524, 51.470694], [0.294456, 51.470823], [0.294455, 51.470824], [0.294478, 51.470831], [0.294568, 51.470866], [0.29526, 51.471118], [0.295289, 51.471123], [0.295842, 51.471332], [0.295915, 51.471361], [0.29776, 51.472193], [0.298132, 51.472283], [0.298142, 51.472285], [0.298802, 51.472421], [0.299261, 51.472485], [0.299719, 51.472632], [0.300081, 51.472764], [0.300411, 51.472672], [0.300602, 51.472654], [0.300754, 51.472672], [0.300981, 51.472755], [0.301096, 51.472919], [0.301293, 51.472991], [0.301382, 51.472382], [0.301383, 51.472373], [0.301387, 51.472352], [0.301561, 51.472362], [0.301579, 51.472362], [0.301589, 51.472363], [0.301494, 51.473021], [0.301517, 51.473023], [0.301512, 51.473051], [0.302384, 51.473249], [0.302332, 51.47223], [0.302297, 51.471534], [0.302292, 51.471437], [0.301809, 51.461846], [0.301525, 51.46154], [0.301408, 51.461419], [0.301418, 51.461411], [0.30144, 51.461391], [0.301451, 51.461381], [0.30155, 51.461294], [0.301601, 51.461249], [0.301652, 51.461215], [0.301774, 51.461137], [0.301759, 51.460847], [0.301735, 51.460365], [0.300688, 51.459669], [0.300455, 51.459428], [0.30048, 51.459353], [0.300599, 51.459231], [0.300658, 51.459115], [0.300635, 51.459042], [0.300494, 51.458906], [0.300351, 51.458775], [0.300139, 51.458503], [0.30009, 51.458377], [0.300084, 51.458317], [0.300087, 51.458096], [0.300049, 51.458047], [0.299793, 51.457967], [0.299367, 51.457935], [0.299113, 51.457901], [0.298947, 51.457876], [0.298664, 51.457846], [0.298388, 51.457825], [0.298149, 51.457798], [0.29795, 51.457762], [0.297618, 51.457678], [0.297501, 51.457633], [0.297375, 51.457558], [0.297216, 51.457403], [0.297067, 51.457263], [0.296913, 51.45718], [0.296713, 51.457123], [0.296559, 51.457088], [0.296453, 51.457057], [0.29618, 51.456926], [0.295864, 51.456744], [0.295683, 51.456653], [0.295391, 51.456524], [0.295159, 51.456425], [0.294872, 51.45629], [0.294614, 51.456142], [0.294383, 51.455914], [0.29427, 51.455839], [0.294119, 51.456018], [0.293976, 51.456181], [0.293541, 51.456029], [0.293459, 51.456003], [0.293093, 51.455879], [0.292646, 51.455727], [0.292515, 51.455886], [0.292506, 51.455896], [0.292377, 51.456052], [0.292179, 51.456292], [0.291978, 51.456537], [0.291968, 51.456566], [0.292087, 51.456811], [0.292374, 51.456906], [0.292895, 51.457072], [0.292805, 51.457181], [0.292013, 51.456928], [0.291274, 51.456689], [0.29045, 51.456422], [0.290552, 51.456296], [0.291073, 51.456462], [0.291469, 51.456589], [0.291813, 51.456519], [0.291841, 51.456496], [0.291928, 51.45639], [0.292207, 51.456055], [0.292316, 51.455923], [0.292351, 51.455883], [0.292354, 51.455877], [0.292356, 51.455871], [0.292356, 51.455865], [0.292356, 51.455865], [0.292358, 51.455861], [0.292357, 51.455855], [0.292357, 51.455852], [0.29223, 51.455635], [0.292207, 51.455596], [0.292169, 51.455582], [0.292101, 51.45556], [0.291533, 51.455393], [0.291847, 51.454961], [0.291765, 51.45491], [0.291452, 51.454773], [0.290539, 51.454546], [0.290421, 51.45453], [0.290282, 51.454522], [0.29002, 51.454518], [0.289631, 51.454495], [0.288904, 51.454435], [0.28856, 51.454376], [0.288335, 51.454331], [0.287944, 51.454243], [0.28784, 51.454218], [0.28733, 51.454129], [0.287026, 51.454082], [0.286542, 51.453995], [0.286076, 51.453907], [0.285702, 51.453841], [0.285466, 51.4538], [0.28511, 51.453737], [0.284829, 51.453696], [0.284714, 51.453684], [0.284612, 51.453675], [0.28461, 51.453677], [0.284608, 51.453678], [0.284606, 51.45368], [0.284604, 51.453682], [0.284602, 51.453684], [0.2846, 51.453685], [0.284597, 51.453687], [0.284595, 51.453689], [0.284593, 51.45369], [0.28459, 51.453692], [0.284588, 51.453693], [0.284585, 51.453695], [0.284582, 51.453696], [0.284579, 51.453697], [0.284577, 51.453699], [0.284574, 51.4537], [0.284571, 51.453701], [0.284568, 51.453702], [0.284565, 51.453703], [0.284562, 51.453704], [0.284559, 51.453705], [0.284555, 51.453706], [0.284552, 51.453707], [0.284549, 51.453708], [0.284546, 51.453709], [0.284543, 51.453709], [0.284539, 51.45371], [0.284536, 51.453711], [0.284532, 51.453711], [0.284529, 51.453712], [0.284526, 51.453712], [0.284522, 51.453712], [0.284519, 51.453713], [0.284515, 51.453713], [0.284512, 51.453713], [0.284508, 51.453713], [0.284505, 51.453713], [0.284501, 51.453713], [0.284498, 51.453713], [0.284494, 51.453713], [0.284491, 51.453713], [0.284487, 51.453713], [0.284484, 51.453713], [0.28448, 51.453712], [0.284477, 51.453712], [0.284474, 51.453711], [0.28447, 51.453711], [0.284467, 51.45371], [0.284463, 51.453709], [0.28446, 51.453709], [0.284457, 51.453708], [0.284454, 51.453707], [0.28445, 51.453706], [0.284447, 51.453705], [0.284444, 51.453704], [0.284441, 51.453703], [0.284438, 51.453702], [0.284435, 51.453701], [0.284432, 51.4537], [0.284429, 51.453699], [0.284426, 51.453697], [0.284424, 51.453696], [0.284421, 51.453695], [0.284418, 51.453693], [0.284416, 51.453692], [0.284413, 51.45369], [0.284411, 51.453689], [0.284411, 51.453688], [0.284357, 51.4537], [0.284222, 51.453711], [0.283828, 51.453707], [0.283638, 51.453716], [0.283117, 51.453692], [0.283016, 51.45362], [0.282885, 51.453619], [0.282803, 51.453766], [0.282745, 51.453841], [0.28259, 51.45387], [0.282157, 51.453835], [0.281981, 51.453586], [0.281963, 51.453576], [0.281575, 51.453558], [0.281461, 51.453592], [0.281414, 51.453648], [0.281378, 51.453801], [0.281319, 51.45386], [0.28075, 51.4538], [0.279976, 51.453665], [0.279184, 51.453532], [0.278011, 51.453516], [0.277738, 51.453525]], [[0.290043, 51.466537], [0.289982, 51.466573], [0.290302, 51.466792], [0.290372, 51.466753], [0.290394, 51.466757], [0.290558, 51.46687], [0.290922, 51.467126], [0.291239, 51.467349], [0.29163, 51.467623], [0.291849, 51.467777], [0.292438, 51.468187], [0.292437, 51.468211], [0.292641, 51.46835], [0.292708, 51.468401], [0.292696, 51.468469], [0.29264, 51.468501], [0.292612, 51.468497], [0.292569, 51.468492], [0.292534, 51.468487], [0.292511, 51.46848], [0.292494, 51.468473], [0.29248, 51.468464], [0.292475, 51.468459], [0.292466, 51.468445], [0.292462, 51.468434], [0.292462, 51.46842], [0.292464, 51.46841], [0.292477, 51.468387], [0.292481, 51.468382], [0.292317, 51.468272], [0.292237, 51.468314], [0.291914, 51.46809], [0.291787, 51.468151], [0.291446, 51.46832], [0.291316, 51.468383], [0.291283, 51.468399], [0.291209, 51.468363], [0.291231, 51.468352], [0.291397, 51.468272], [0.291722, 51.468112], [0.291845, 51.468051], [0.291854, 51.468046], [0.291839, 51.468033], [0.291363, 51.467706], [0.291012, 51.467461], [0.290528, 51.467127], [0.29031, 51.466974], [0.290295, 51.466964], [0.289707, 51.467242], [0.289692, 51.467249], [0.28962, 51.467219], [0.289732, 51.467167], [0.29012, 51.466985], [0.290241, 51.466927], [0.290229, 51.466918], [0.290164, 51.466872], [0.29029, 51.466799], [0.28997, 51.466578], [0.289959, 51.466586], [0.289885, 51.466533], [0.289969, 51.466486], [0.290043, 51.466537]]]}, "properties": {"FID": 215, "FEATCODE": 25608}}, {"type": "Feature", "id": 217, "geometry": {"type": "Polygon", "coordinates": [[[0.291793, 51.455154], [0.291849, 51.455172], [0.291758, 51.455301], [0.29179, 51.455367], [0.292373, 51.455542], [0.292564, 51.4556], [0.292586, 51.455573], [0.29258, 51.45557], [0.292645, 51.455517], [0.292495, 51.455421], [0.29221, 51.455239], [0.292101, 51.455189], [0.291933, 51.45511], [0.291891, 51.45502], [0.291793, 51.455154]]]}, "properties": {"FID": 217, "FEATCODE": 25608}}, {"type": "Feature", "id": 219, "geometry": {"type": "Polygon", "coordinates": [[[0.293757, 51.455827], [0.293682, 51.455806], [0.293466, 51.45574], [0.293222, 51.455684], [0.292979, 51.455655], [0.292885, 51.455643], [0.292826, 51.455619], [0.292777, 51.455572], [0.292761, 51.455606], [0.292799, 51.455675], [0.293113, 51.455783], [0.293594, 51.455946], [0.293817, 51.456024], [0.2939, 51.456054], [0.293925, 51.456052], [0.293953, 51.456021], [0.294062, 51.455894], [0.293757, 51.455827]]]}, "properties": {"FID": 219, "FEATCODE": 25608}}, {"type": "Feature", "id": 220, "geometry": {"type": "Polygon", "coordinates": [[[0.301953, 51.461014], [0.301953, 51.461014], [0.301957, 51.461011], [0.301992, 51.460891], [0.302005, 51.460806], [0.30196, 51.460636], [0.301953, 51.460623], [0.301852, 51.460467], [0.301735, 51.460365], [0.301759, 51.460847], [0.301816, 51.460909], [0.301906, 51.461046], [0.301953, 51.461014]]]}, "properties": {"FID": 220, "FEATCODE": 25608}}, {"type": "Feature", "id": 222, "geometry": {"type": "MultiPolygon", "coordinates": [[[[0.349251, 51.445879], [0.34901, 51.445898], [0.348678, 51.445939], [0.348501, 51.446019], [0.348518, 51.446229], [0.348537, 51.446283], [0.345043, 51.446849], [0.344993, 51.446825], [0.344852, 51.446769], [0.344236, 51.446841], [0.344092, 51.446887], [0.344002, 51.446924], [0.34376, 51.446985], [0.343281, 51.447062], [0.342257, 51.447225], [0.341542, 51.447334], [0.341494, 51.44734], [0.341135, 51.447392], [0.338687, 51.447769], [0.338661, 51.447701], [0.338522, 51.447493], [0.338011, 51.44755], [0.337605, 51.447656], [0.337558, 51.447728], [0.337596, 51.447877], [0.337655, 51.447996], [0.337693, 51.448063], [0.337693, 51.448063], [0.337697, 51.448067], [0.337768, 51.448171], [0.337758, 51.448174], [0.337471, 51.448262], [0.337113, 51.448374], [0.336236, 51.448652], [0.334765, 51.449117], [0.333945, 51.449375], [0.333858, 51.44927], [0.333686, 51.449311], [0.333733, 51.449371], [0.333743, 51.449368], [0.333799, 51.449435], [0.333683, 51.449473], [0.333676, 51.449464], [0.333628, 51.449405], [0.333701, 51.449382], [0.333653, 51.44932], [0.333303, 51.449405], [0.332983, 51.449483], [0.332815, 51.449528], [0.33246, 51.449632], [0.332137, 51.449728], [0.331622, 51.449888], [0.33149, 51.449937], [0.331411, 51.449969], [0.331406, 51.449962], [0.331254, 51.449997], [0.330395, 51.45022], [0.330326, 51.450221], [0.330158, 51.450222], [0.329881, 51.450259], [0.329678, 51.450341], [0.329635, 51.450364], [0.328747, 51.450838], [0.328281, 51.451091], [0.32814, 51.451178], [0.327792, 51.451414], [0.327617, 51.451534], [0.327443, 51.451652], [0.327112, 51.451876], [0.326694, 51.452166], [0.326403, 51.452378], [0.326133, 51.452611], [0.325966, 51.452758], [0.325675, 51.453012], [0.325445, 51.453213], [0.325355, 51.453293], [0.325585, 51.453403], [0.325691, 51.453433], [0.325742, 51.453391], [0.325793, 51.453413], [0.325822, 51.453426], [0.325963, 51.453396], [0.326073, 51.453311], [0.326501, 51.452966], [0.326558, 51.452993], [0.326575, 51.453], [0.326597, 51.453011], [0.325777, 51.453777], [0.325743, 51.453865], [0.326241, 51.454065], [0.326223, 51.454083], [0.326212, 51.454094], [0.326362, 51.454154], [0.326114, 51.4544], [0.325963, 51.454337], [0.325954, 51.454346], [0.325944, 51.454355], [0.326096, 51.454418], [0.325851, 51.454662], [0.325694, 51.454598], [0.325675, 51.454617], [0.325833, 51.454679], [0.325726, 51.454785], [0.325651, 51.454754], [0.32557, 51.454722], [0.325567, 51.45472], [0.32542, 51.454863], [0.325409, 51.454873], [0.324985, 51.454702], [0.324969, 51.454714], [0.324854, 51.454668], [0.324533, 51.454539], [0.324092, 51.454361], [0.324089, 51.45436], [0.323709, 51.454678], [0.322971, 51.455307], [0.322845, 51.455429], [0.32286, 51.455436], [0.322827, 51.455463], [0.322639, 51.45563], [0.32238, 51.455836], [0.322167, 51.455949], [0.321915, 51.456181], [0.321547, 51.45657], [0.321241, 51.456893], [0.321151, 51.456997], [0.321085, 51.457083], [0.321001, 51.4572], [0.320816, 51.457463], [0.320754, 51.457528], [0.320664, 51.457587], [0.320565, 51.45764], [0.320344, 51.457984], [0.320208, 51.458204], [0.320192, 51.458223], [0.320171, 51.458225], [0.320204, 51.458343], [0.320228, 51.458337], [0.320244, 51.458384], [0.320182, 51.458523], [0.320105, 51.458579], [0.320009, 51.45865], [0.319923, 51.458764], [0.319825, 51.458998], [0.319819, 51.459023], [0.319744, 51.459202], [0.319603, 51.459507], [0.319574, 51.459593], [0.31949, 51.459745], [0.319407, 51.459836], [0.31929, 51.459938], [0.319238, 51.460009], [0.319209, 51.460117], [0.319188, 51.460233], [0.319116, 51.460365], [0.319029, 51.460525], [0.31893, 51.460702], [0.3188, 51.460932], [0.31873, 51.461068], [0.318696, 51.46113], [0.318634, 51.461217], [0.318391, 51.461468], [0.318322, 51.46153], [0.318251, 51.461589], [0.318165, 51.461666], [0.318112, 51.461751], [0.318129, 51.461817], [0.318153, 51.461904], [0.318103, 51.462003], [0.318038, 51.462087], [0.317931, 51.462246], [0.317888, 51.462323], [0.317832, 51.462391], [0.31773, 51.462445], [0.317629, 51.462476], [0.3176, 51.462499], [0.317591, 51.462569], [0.317581, 51.462648], [0.317527, 51.462787], [0.31749, 51.462834], [0.317368, 51.462926], [0.317304, 51.462979], [0.317297, 51.463031], [0.317352, 51.463071], [0.317453, 51.463118], [0.317452, 51.463145], [0.317314, 51.463207], [0.317285, 51.463237], [0.317276, 51.463301], [0.317242, 51.463454], [0.317191, 51.463546], [0.317145, 51.463602], [0.317018, 51.463712], [0.31685, 51.46384], [0.316801, 51.463921], [0.316749, 51.463988], [0.31667, 51.46407], [0.316558, 51.464161], [0.316427, 51.464215], [0.316269, 51.464249], [0.316014, 51.464393], [0.315866, 51.464502], [0.315732, 51.464603], [0.315476, 51.464786], [0.315311, 51.464885], [0.315088, 51.46502], [0.314937, 51.46512], [0.314743, 51.465242], [0.314535, 51.465372], [0.314261, 51.465547], [0.314117, 51.46563], [0.313902, 51.465734], [0.313506, 51.465903], [0.313258, 51.466002], [0.313004, 51.466097], [0.312642, 51.466212], [0.312248, 51.466326], [0.311427, 51.46656], [0.311265, 51.466593], [0.311144, 51.466594], [0.310949, 51.46652], [0.310699, 51.466353], [0.310477, 51.466202], [0.310182, 51.465996], [0.310048, 51.465867], [0.309977, 51.465747], [0.30981, 51.465361], [0.309784, 51.4653], [0.309715, 51.465124], [0.309645, 51.464808], [0.30972, 51.464702], [0.309885, 51.464624], [0.310114, 51.464548], [0.310264, 51.464493], [0.310396, 51.46443], [0.310579, 51.464306], [0.31072, 51.46415], [0.31073, 51.4641], [0.310759, 51.464054], [0.310834, 51.464031], [0.31092, 51.46402], [0.311012, 51.464005], [0.311215, 51.463916], [0.311224, 51.46384], [0.311168, 51.463724], [0.311105, 51.463606], [0.310987, 51.463465], [0.310911, 51.463431], [0.310729, 51.463397], [0.310494, 51.46344], [0.310387, 51.463476], [0.309971, 51.463646], [0.309807, 51.463707], [0.309577, 51.463774], [0.309306, 51.463838], [0.308828, 51.463947], [0.308289, 51.464089], [0.308181, 51.464176], [0.308184, 51.464248], [0.308214, 51.464357], [0.308171, 51.464402], [0.308044, 51.464461], [0.307965, 51.464536], [0.307886, 51.464679], [0.307772, 51.464769], [0.307634, 51.464783], [0.307363, 51.464676], [0.307228, 51.464602], [0.307153, 51.464552], [0.307087, 51.46449], [0.30695, 51.464335], [0.306887, 51.46428], [0.30685, 51.464229], [0.30684, 51.464131], [0.306813, 51.464051], [0.306763, 51.463982], [0.306672, 51.463878], [0.306607, 51.463816], [0.306511, 51.463714], [0.30647, 51.463648], [0.30648, 51.463587], [0.306626, 51.463513], [0.306698, 51.463474], [0.306693, 51.463449], [0.306517, 51.463403], [0.306361, 51.463397], [0.306156, 51.463364], [0.305964, 51.463286], [0.305851, 51.463233], [0.305706, 51.463141], [0.305619, 51.463012], [0.305637, 51.462925], [0.305662, 51.462862], [0.305656, 51.462828], [0.305592, 51.462796], [0.305486, 51.46279], [0.305367, 51.462778], [0.3053, 51.462735], [0.305287, 51.462642], [0.305306, 51.462589], [0.305348, 51.462512], [0.305352, 51.462461], [0.305197, 51.462458], [0.305085, 51.462458], [0.304913, 51.462435], [0.304806, 51.462387], [0.3047, 51.462324], [0.30465, 51.462289], [0.304563, 51.462218], [0.304486, 51.462161], [0.304468, 51.462117], [0.30448, 51.462039], [0.304467, 51.461962], [0.304404, 51.461916], [0.304282, 51.461898], [0.304169, 51.461888], [0.303999, 51.461832], [0.303882, 51.46177], [0.30383, 51.461694], [0.303817, 51.461604], [0.303756, 51.461478], [0.303698, 51.461399], [0.303588, 51.461176], [0.303554, 51.461157], [0.30337, 51.461138], [0.303226, 51.461139], [0.302926, 51.46114], [0.302746, 51.461185], [0.302625, 51.461241], [0.302412, 51.461219], [0.302259, 51.461246], [0.302016, 51.461333], [0.301887, 51.461379], [0.301788, 51.461415], [0.301797, 51.461607], [0.302109, 51.46194], [0.302212, 51.461968], [0.302689, 51.462461], [0.302542, 51.462514], [0.302521, 51.462521], [0.302477, 51.462536], [0.301809, 51.461846], [0.302292, 51.471437], [0.302297, 51.471534], [0.302332, 51.47223], [0.302384, 51.473249], [0.302775, 51.47333], [0.303098, 51.473383], [0.303343, 51.473417], [0.303614, 51.473456], [0.303856, 51.473508], [0.303997, 51.47355], [0.304162, 51.473604], [0.304471, 51.473679], [0.304922, 51.473751], [0.305014, 51.473736], [0.305135, 51.473694], [0.305406, 51.473667], [0.305555, 51.47359], [0.305787, 51.47363], [0.305782, 51.473775], [0.305785, 51.473902], [0.306034, 51.473988], [0.306443, 51.47407], [0.306661, 51.47411], [0.307178, 51.474195], [0.307399, 51.474225], [0.307538, 51.474245], [0.307597, 51.474254], [0.30774, 51.474276], [0.307783, 51.474282], [0.307827, 51.474288], [0.30787, 51.474295], [0.307922, 51.474304], [0.308025, 51.47432], [0.308179, 51.474345], [0.308304, 51.474367], [0.308328, 51.474372], [0.308352, 51.474376], [0.308357, 51.474377], [0.308406, 51.474384], [0.308427, 51.474387], [0.30845, 51.474389], [0.308473, 51.474392], [0.308495, 51.474393], [0.308511, 51.474395], [0.308533, 51.474396], [0.308554, 51.474396], [0.308575, 51.474397], [0.30859, 51.474397], [0.308689, 51.4744], [0.308761, 51.474401], [0.308783, 51.474402], [0.308805, 51.474402], [0.308827, 51.474402], [0.308841, 51.474402], [0.308869, 51.474402], [0.309061, 51.474396], [0.309351, 51.474386], [0.309538, 51.474381], [0.309641, 51.474376], [0.310004, 51.474366], [0.310032, 51.474368], [0.310038, 51.474247], [0.310048, 51.474069], [0.310099, 51.473985], [0.310482, 51.473947], [0.31139, 51.473946], [0.311576, 51.473943], [0.312307, 51.473934], [0.3126, 51.473965], [0.312621, 51.473978], [0.312715, 51.474167], [0.312774, 51.474236], [0.312814, 51.474233], [0.312845, 51.474135], [0.312897, 51.47397], [0.313223, 51.473934], [0.313328, 51.47396], [0.313426, 51.47414], [0.313502, 51.474234], [0.313901, 51.474231], [0.314196, 51.474216], [0.314196, 51.474207], [0.314255, 51.474204], [0.314276, 51.474204], [0.314491, 51.474109], [0.314633, 51.473938], [0.314902, 51.473963], [0.314983, 51.474006], [0.315161, 51.47402], [0.315505, 51.474048], [0.315627, 51.474043], [0.315993, 51.473962], [0.316005, 51.473959], [0.316015, 51.473956], [0.316026, 51.473954], [0.31604, 51.47395], [0.316053, 51.473947], [0.316067, 51.473942], [0.316076, 51.473939], [0.316086, 51.473936], [0.316096, 51.473932], [0.316108, 51.473928], [0.316132, 51.473916], [0.316155, 51.473904], [0.316211, 51.473836], [0.316452, 51.47376], [0.317062, 51.473638], [0.317638, 51.473552], [0.31779, 51.473528], [0.318157, 51.47349], [0.318214, 51.47354], [0.31843, 51.474118], [0.318943, 51.474074], [0.318881, 51.47386], [0.318685, 51.473521], [0.318664, 51.473383], [0.319027, 51.473256], [0.319944, 51.473044], [0.31996, 51.47304], [0.320843, 51.472836], [0.320854, 51.472834], [0.321688, 51.472643], [0.321785, 51.472618], [0.322023, 51.472556], [0.322236, 51.47251], [0.322352, 51.472509], [0.322405, 51.472526], [0.322483, 51.472622], [0.322517, 51.472717], [0.322695, 51.473224], [0.322849, 51.473219], [0.322771, 51.472752], [0.322776, 51.472618], [0.32281, 51.472559], [0.322875, 51.472388], [0.323054, 51.472288], [0.322991, 51.472105], [0.323, 51.472054], [0.323145, 51.471997], [0.323213, 51.472024], [0.323393, 51.47216], [0.323526, 51.472146], [0.32375, 51.472065], [0.32392, 51.472001], [0.324045, 51.471953], [0.324214, 51.471854], [0.32422, 51.471756], [0.324185, 51.471586], [0.324188, 51.471574], [0.324383, 51.471405], [0.324542, 51.471349], [0.324759, 51.471314], [0.324883, 51.471385], [0.324952, 51.471465], [0.32504, 51.471557], [0.325157, 51.471641], [0.325162, 51.471658], [0.325227, 51.471647], [0.325259, 51.471636], [0.32531, 51.47162], [0.325347, 51.471608], [0.325391, 51.471592], [0.325507, 51.471428], [0.325349, 51.471315], [0.325248, 51.471242], [0.325292, 51.471208], [0.325322, 51.471177], [0.325361, 51.471129], [0.325394, 51.471069], [0.325443, 51.471009], [0.325521, 51.470921], [0.325585, 51.470851], [0.325608, 51.470841], [0.325688, 51.470866], [0.325863, 51.470928], [0.32594, 51.470822], [0.326055, 51.470702], [0.326216, 51.470574], [0.326384, 51.470463], [0.326489, 51.470398], [0.326601, 51.470326], [0.326775, 51.47021], [0.3269, 51.470118], [0.327041, 51.470001], [0.327232, 51.469836], [0.327326, 51.469764], [0.327501, 51.469635], [0.327586, 51.469571], [0.327703, 51.469521], [0.3278, 51.469511], [0.327885, 51.469498], [0.328047, 51.46941], [0.328199, 51.46929], [0.32845, 51.469079], [0.328651, 51.468923], [0.328746, 51.468846], [0.328864, 51.468747], [0.32896, 51.468666], [0.329119, 51.468521], [0.329308, 51.468337], [0.329383, 51.468268], [0.329598, 51.468084], [0.32968, 51.468023], [0.329787, 51.46795], [0.329888, 51.467875], [0.330104, 51.467665], [0.330159, 51.467602], [0.330283, 51.467452], [0.330357, 51.467352], [0.330429, 51.467265], [0.330534, 51.467164], [0.330685, 51.467023], [0.330862, 51.466892], [0.331007, 51.466792], [0.331133, 51.466692], [0.331407, 51.466426], [0.331453, 51.466357], [0.33147, 51.466237], [0.331459, 51.46612], [0.331554, 51.46597], [0.331727, 51.465843], [0.331962, 51.465728], [0.332083, 51.465674], [0.332244, 51.465582], [0.333766, 51.464065], [0.33379, 51.464014], [0.333807, 51.46383], [0.333787, 51.463667], [0.333736, 51.463488], [0.333658, 51.463306], [0.333535, 51.463044], [0.333101, 51.462357], [0.333073, 51.462323], [0.332854, 51.46225], [0.332766, 51.462207], [0.332678, 51.462163], [0.332541, 51.462092], [0.332398, 51.461983], [0.33233, 51.461879], [0.332314, 51.46177], [0.333256, 51.459742], [0.334748, 51.456726], [0.334994, 51.456733], [0.335, 51.456721], [0.335026, 51.456726], [0.33502, 51.456738], [0.335237, 51.456782], [0.335485, 51.456793], [0.335619, 51.45673], [0.335737, 51.456654], [0.335911, 51.456562], [0.336023, 51.456516], [0.33624, 51.456445], [0.336595, 51.456382], [0.336791, 51.456334], [0.336985, 51.456279], [0.337188, 51.456229], [0.337353, 51.456197], [0.337532, 51.456167], [0.337735, 51.456117], [0.337875, 51.456071], [0.338021, 51.456019], [0.338286, 51.455918], [0.338413, 51.455868], [0.338543, 51.455785], [0.338526, 51.455358], [0.338507, 51.455243], [0.338493, 51.455153], [0.33943, 51.454983], [0.339491, 51.454858], [0.339383, 51.454749], [0.339075, 51.454737], [0.338692, 51.454759], [0.338679, 51.454759], [0.338666, 51.454671], [0.33866, 51.454672], [0.338643, 51.454581], [0.338653, 51.454554], [0.338618, 51.454361], [0.338732, 51.454344], [0.338779, 51.454153], [0.338827, 51.453908], [0.338902, 51.453858], [0.338982, 51.453806], [0.33904, 51.453768], [0.339145, 51.453701], [0.339187, 51.453675], [0.339248, 51.453636], [0.339289, 51.453569], [0.33939, 51.453465], [0.339479, 51.453375], [0.339529, 51.453321], [0.339626, 51.453228], [0.339799, 51.453048], [0.339834, 51.453005], [0.339916, 51.452887], [0.340031, 51.452724], [0.340334, 51.452571], [0.34044, 51.452519], [0.340693, 51.452408], [0.340749, 51.452385], [0.34076, 51.45238], [0.34077, 51.452375], [0.340783, 51.452371], [0.340797, 51.452367], [0.340829, 51.452362], [0.340841, 51.452359], [0.340852, 51.452357], [0.340864, 51.452355], [0.340882, 51.452353], [0.340899, 51.452352], [0.340917, 51.452351], [0.340965, 51.452349], [0.341121, 51.452343], [0.34124, 51.452337], [0.341379, 51.452326], [0.341445, 51.45232], [0.341528, 51.452307], [0.341728, 51.452271], [0.341737, 51.452256], [0.341761, 51.452217], [0.341796, 51.452165], [0.341831, 51.452116], [0.341869, 51.452067], [0.341915, 51.452013], [0.341964, 51.45196], [0.342015, 51.451907], [0.342057, 51.451869], [0.342087, 51.451843], [0.342089, 51.451841], [0.3421, 51.451831], [0.342144, 51.451793], [0.342183, 51.451761], [0.342223, 51.451729], [0.342264, 51.451697], [0.342314, 51.451661], [0.342366, 51.451626], [0.342419, 51.451593], [0.342462, 51.451567], [0.342505, 51.451542], [0.342549, 51.451517], [0.342585, 51.451498], [0.342623, 51.451478], [0.342834, 51.451373], [0.342952, 51.451315], [0.343016, 51.451287], [0.343073, 51.451267], [0.343131, 51.451247], [0.343191, 51.451228], [0.343251, 51.45121], [0.343313, 51.451192], [0.343388, 51.451172], [0.343436, 51.451159], [0.343494, 51.451145], [0.343552, 51.451131], [0.343621, 51.451116], [0.343666, 51.451108], [0.343711, 51.4511], [0.343777, 51.45109], [0.343908, 51.451071], [0.343921, 51.451069], [0.343938, 51.451068], [0.344147, 51.451054], [0.344232, 51.451047], [0.344268, 51.451044], [0.344375, 51.451038], [0.344446, 51.451035], [0.34644, 51.450957], [0.34692, 51.450937], [0.346932, 51.451046], [0.345315, 51.45111], [0.344883, 51.451157], [0.344836, 51.451159], [0.344834, 51.451159], [0.344748, 51.451162], [0.3447, 51.451164], [0.344693, 51.451165], [0.344669, 51.451157], [0.344641, 51.451158], [0.34464, 51.451152], [0.344601, 51.451138], [0.344451, 51.451143], [0.344134, 51.451155], [0.343964, 51.451163], [0.34387, 51.451169], [0.343794, 51.451177], [0.343751, 51.451183], [0.343739, 51.451185], [0.343693, 51.451193], [0.343645, 51.451203], [0.343597, 51.451214], [0.343549, 51.451225], [0.343549, 51.451225], [0.343532, 51.451229], [0.343458, 51.451247], [0.343421, 51.451257], [0.343386, 51.451267], [0.343316, 51.451287], [0.343279, 51.451298], [0.343241, 51.451309], [0.343204, 51.45132], [0.343164, 51.451334], [0.343125, 51.451347], [0.343085, 51.451361], [0.343014, 51.451387], [0.342994, 51.451395], [0.342967, 51.451406], [0.34294, 51.451417], [0.342914, 51.45143], [0.342895, 51.451438], [0.342876, 51.451447], [0.342826, 51.451471], [0.342796, 51.451486], [0.342765, 51.451501], [0.342716, 51.451526], [0.342667, 51.45155], [0.342619, 51.451575], [0.342579, 51.451598], [0.342539, 51.451621], [0.3425, 51.451645], [0.342453, 51.451675], [0.342408, 51.451705], [0.342364, 51.451736], [0.342325, 51.451764], [0.342288, 51.451792], [0.342253, 51.45182], [0.342251, 51.451822], [0.342218, 51.451849], [0.342173, 51.45189], [0.342135, 51.451926], [0.342095, 51.451966], [0.342058, 51.452006], [0.342021, 51.452047], [0.341991, 51.452081], [0.341962, 51.452115], [0.341934, 51.45215], [0.341913, 51.452179], [0.341898, 51.452202], [0.341894, 51.452208], [0.341881, 51.452228], [0.341875, 51.452237], [0.341866, 51.452251], [0.342106, 51.452223], [0.342342, 51.452197], [0.342573, 51.452171], [0.342649, 51.452161], [0.342849, 51.45213], [0.342959, 51.452114], [0.343926, 51.451967], [0.344456, 51.451903], [0.34449, 51.451899], [0.34477, 51.451865], [0.34481, 51.451859], [0.345039, 51.451823], [0.345179, 51.451799], [0.34522, 51.451789], [0.345427, 51.451734], [0.345639, 51.451677], [0.34565, 51.451676], [0.345791, 51.451666], [0.346083, 51.451648], [0.346303, 51.451631], [0.346447, 51.451622], [0.346755, 51.451604], [0.346868, 51.4516], [0.347003, 51.451595], [0.347139, 51.451567], [0.347158, 51.451574], [0.347266, 51.451574], [0.347545, 51.451575], [0.347779, 51.451574], [0.34799, 51.451574], [0.348067, 51.451573], [0.348183, 51.451566], [0.348186, 51.451565], [0.348192, 51.451565], [0.348208, 51.451561], [0.348219, 51.451564], [0.348498, 51.451552], [0.348577, 51.451557], [0.348698, 51.451565], [0.348811, 51.45157], [0.348977, 51.451574], [0.348977, 51.451565], [0.348974, 51.45153], [0.349103, 51.451521], [0.349337, 51.451508], [0.349593, 51.451494], [0.349794, 51.451481], [0.35, 51.45147], [0.35, 51.44582], [0.349251, 51.445879]], [[0.331686, 51.462735], [0.331623, 51.462788], [0.331595, 51.462773], [0.331199, 51.463119], [0.331281, 51.463153], [0.331032, 51.463375], [0.331004, 51.463398], [0.330917, 51.46347], [0.330696, 51.463669], [0.330678, 51.463685], [0.32985, 51.464404], [0.330024, 51.464593], [0.330602, 51.464848], [0.330731, 51.464741], [0.33075, 51.464723], [0.330839, 51.464642], [0.330817, 51.464631], [0.330862, 51.464591], [0.330933, 51.46462], [0.330885, 51.464661], [0.330855, 51.464648], [0.330751, 51.464742], [0.330732, 51.464759], [0.330616, 51.464854], [0.330752, 51.464916], [0.33076, 51.464919], [0.330834, 51.464953], [0.330771, 51.465001], [0.330764, 51.464997], [0.330716, 51.464976], [0.329989, 51.46465], [0.329766, 51.464553], [0.329308, 51.46489], [0.329292, 51.464884], [0.329231, 51.46494], [0.329179, 51.464993], [0.32909, 51.464956], [0.329152, 51.4649], [0.32921, 51.464849], [0.329246, 51.464863], [0.329646, 51.464521], [0.329444, 51.46443], [0.330647, 51.463383], [0.330662, 51.463369], [0.33068, 51.463353], [0.331038, 51.463043], [0.331174, 51.463105], [0.331568, 51.462762], [0.331539, 51.462751], [0.331605, 51.462697], [0.331686, 51.462735]]], [[[0.349997, 51.451518], [0.349993, 51.45152], [0.349991, 51.451523], [0.34999, 51.451525], [0.34999, 51.451528], [0.35, 51.451526], [0.35, 51.451517], [0.349997, 51.451518]]]]}, "properties": {"FID": 222, "FEATCODE": 25608}}, {"type": "Feature", "id": 225, "geometry": {"type": "Polygon", "coordinates": [[[0.325454, 51.453758], [0.325563, 51.453666], [0.325696, 51.453555], [0.325668, 51.453541], [0.325583, 51.453501], [0.325274, 51.453353], [0.324989, 51.453576], [0.325454, 51.453758]]]}, "properties": {"FID": 225, "FEATCODE": 25608}}, {"type": "Feature", "id": 227, "geometry": {"type": "Polygon", "coordinates": [[[0.325141, 51.450361], [0.325704, 51.450535], [0.325796, 51.450569], [0.326022, 51.450683], [0.326373, 51.450887], [0.326413, 51.450911], [0.326606, 51.450995], [0.326727, 51.451011], [0.327751, 51.450859], [0.328168, 51.450805], [0.328246, 51.450804], [0.328405, 51.450799], [0.329477, 51.450262], [0.329403, 51.450209], [0.329266, 51.450127], [0.329078, 51.450083], [0.328895, 51.45009], [0.328606, 51.450141], [0.328504, 51.450171], [0.328309, 51.45024], [0.327761, 51.450374], [0.327542, 51.450441], [0.327434, 51.450478], [0.327222, 51.450538], [0.326963, 51.450588], [0.326712, 51.450639], [0.326408, 51.450662], [0.326196, 51.450639], [0.325894, 51.450548], [0.325719, 51.450503], [0.325575, 51.450466], [0.3254, 51.450406], [0.325226, 51.450357], [0.325099, 51.450332], [0.325141, 51.450361]]]}, "properties": {"FID": 227, "FEATCODE": 25608}}, {"type": "Feature", "id": 229, "geometry": {"type": "Polygon", "coordinates": [[[0.329546, 51.45018], [0.329408, 51.450091], [0.329139, 51.44998], [0.328717, 51.449824], [0.328404, 51.449899], [0.328163, 51.449959], [0.327955, 51.449973], [0.327928, 51.449966], [0.327788, 51.449899], [0.327764, 51.449892], [0.327631, 51.449915], [0.327616, 51.449935], [0.327638, 51.450137], [0.327619, 51.450185], [0.327502, 51.450274], [0.327336, 51.450337], [0.327037, 51.450399], [0.326931, 51.450407], [0.326737, 51.4504], [0.326572, 51.450382], [0.326332, 51.450354], [0.325956, 51.450308], [0.325327, 51.450257], [0.325152, 51.450297], [0.325297, 51.450341], [0.325401, 51.450383], [0.325556, 51.450451], [0.325771, 51.450502], [0.32589, 51.450525], [0.326194, 51.450625], [0.326382, 51.450648], [0.326687, 51.450629], [0.326939, 51.450571], [0.327208, 51.450529], [0.327404, 51.450472], [0.327732, 51.450357], [0.32797, 51.450299], [0.328197, 51.450256], [0.328312, 51.450221], [0.328453, 51.45016], [0.328621, 51.45011], [0.328817, 51.450077], [0.329037, 51.450049], [0.329172, 51.450054], [0.32932, 51.450111], [0.329426, 51.450188], [0.329517, 51.450241], [0.329546, 51.45018]]]}, "properties": {"FID": 229, "FEATCODE": 25608}}]}