{"type": "FeatureCollection", "crs": {"type": "name", "properties": {"name": "EPSG:4326"}}, "features": [{"type": "Feature", "id": 1, "geometry": {"type": "MultiPolygon", "coordinates": [[[[-0.007922, 51.519249], [-0.008088, 51.519331], [-0.008233, 51.5194], [-0.008385, 51.519471], [-0.008611, 51.519566], [-0.008836, 51.519662], [-0.008988, 51.519718], [-0.009017, 51.519748], [-0.00904, 51.519786], [-0.009096, 51.519866], [-0.009127, 51.519935], [-0.009164, 51.52002], [-0.009182, 51.520122], [-0.009188, 51.520339], [-0.00918, 51.520653], [-0.009176, 51.520745], [-0.009151, 51.520781], [-0.0091, 51.520871], [-0.009062, 51.520942], [-0.009014, 51.521038], [-0.008963, 51.521164], [-0.008918, 51.521236], [-0.008908, 51.521284], [-0.008907, 51.521324], [-0.008927, 51.521385], [-0.008939, 51.52142], [-0.008917, 51.521427], [-0.008897, 51.521408], [-0.008846, 51.521349], [-0.008826, 51.521344], [-0.00881, 51.521356], [-0.008787, 51.521403], [-0.008752, 51.521464], [-0.008685, 51.521555], [-0.008654, 51.521605], [-0.008649, 51.521639], [-0.008642, 51.521699], [-0.008628, 51.521758], [-0.008595, 51.521813], [-0.008572, 51.521874], [-0.008554, 51.521965], [-0.00852, 51.522131], [-0.008473, 51.522295], [-0.008434, 51.522424], [-0.00843, 51.522424], [-0.00843, 51.522424], [-0.008432, 51.522421], [-0.008175, 51.52242], [-0.008089, 51.522418], [-0.008085, 51.52242], [-0.008082, 51.52242], [-0.008074, 51.522394], [-0.008056, 51.522374], [-0.00802, 51.522357], [-0.007971, 51.522353], [-0.007919, 51.52236], [-0.007848, 51.522409], [-0.007838, 51.522424], [-0.007835, 51.522424], [-0.007805, 51.522462], [-0.007768, 51.522523], [-0.007722, 51.522582], [-0.007714, 51.52261], [-0.007731, 51.52264], [-0.007771, 51.522653], [-0.007813, 51.522662], [-0.00786, 51.522675], [-0.007899, 51.522687], [-0.007921, 51.522692], [-0.007959, 51.522679], [-0.007972, 51.522664], [-0.007973, 51.52264], [-0.007973, 51.522611], [-0.007977, 51.522578], [-0.007993, 51.522546], [-0.00803, 51.5225], [-0.008064, 51.52245], [-0.008083, 51.52242], [-0.008085, 51.52242], [-0.008175, 51.52242], [-0.00843, 51.522424], [-0.00842, 51.522467], [-0.008426, 51.522517], [-0.008425, 51.522539], [-0.008405, 51.522581], [-0.008375, 51.522652], [-0.008346, 51.522736], [-0.008332, 51.522771], [-0.008294, 51.52281], [-0.008275, 51.522848], [-0.008275, 51.522881], [-0.00823, 51.522892], [-0.008189, 51.522878], [-0.008187, 51.522833], [-0.008177, 51.522811], [-0.00816, 51.522789], [-0.008132, 51.522828], [-0.008122, 51.522851], [-0.008109, 51.522921], [-0.008103, 51.52296], [-0.008094, 51.523025], [-0.008068, 51.523027], [-0.008034, 51.523035], [-0.007972, 51.523059], [-0.007911, 51.523089], [-0.007776, 51.523158], [-0.007663, 51.523214], [-0.007585, 51.523259], [-0.007549, 51.523307], [-0.007533, 51.523345], [-0.007523, 51.523386], [-0.007521, 51.523418], [-0.007519, 51.523461], [-0.007527, 51.523525], [-0.007536, 51.523592], [-0.007547, 51.523671], [-0.007557, 51.523766], [-0.007563, 51.523818], [-0.007553, 51.523981], [-0.007553, 51.523981], [-0.007553, 51.52403], [-0.007537, 51.524116], [-0.007515, 51.524272], [-0.007491, 51.524411], [-0.007483, 51.524477], [-0.007468, 51.524558], [-0.007448, 51.524617], [-0.007424, 51.524686], [-0.007401, 51.524744], [-0.007337, 51.524889], [-0.007289, 51.524987], [-0.007236, 51.525096], [-0.007177, 51.525215], [-0.007135, 51.525297], [-0.007086, 51.52539], [-0.007046, 51.525461], [-0.006993, 51.525546], [-0.006969, 51.5256], [-0.006933, 51.525697], [-0.00694, 51.525681], [-0.006932, 51.525699], [-0.0069, 51.525793], [-0.006874, 51.525872], [-0.006858, 51.525976], [-0.006871, 51.52604], [-0.006892, 51.526085], [-0.006949, 51.526155], [-0.007033, 51.526262], [-0.007145, 51.526369], [-0.007287, 51.526486], [-0.007386, 51.526567], [-0.007387, 51.526595], [-0.007486, 51.526681], [-0.007597, 51.526765], [-0.007639, 51.526804], [-0.00768, 51.526869], [-0.00772, 51.526943], [-0.007862, 51.527104], [-0.007975, 51.527236], [-0.007945, 51.527242], [-0.007901, 51.527247], [-0.007688, 51.527258], [-0.007524, 51.527236], [-0.007509, 51.527205], [-0.00748, 51.527089], [-0.007462, 51.52704], [-0.007448, 51.527027], [-0.007416, 51.527023], [-0.007368, 51.527028], [-0.007278, 51.52704], [-0.007221, 51.527054], [-0.007204, 51.527077], [-0.007203, 51.527098], [-0.007131, 51.527108], [-0.007114, 51.527087], [-0.00709, 51.527068], [-0.007054, 51.527049], [-0.00702, 51.526994], [-0.006978, 51.526907], [-0.00693, 51.526798], [-0.006913, 51.526751], [-0.006916, 51.526701], [-0.006879, 51.526603], [-0.006804, 51.52648], [-0.006733, 51.526378], [-0.006683, 51.526326], [-0.006629, 51.526302], [-0.006565, 51.526289], [-0.006452, 51.526269], [-0.006474, 51.526178], [-0.00653, 51.526153], [-0.006562, 51.526094], [-0.006593, 51.526017], [-0.006625, 51.525922], [-0.006619, 51.525891], [-0.00662, 51.525818], [-0.006629, 51.525765], [-0.00663, 51.525765], [-0.006674, 51.525667], [-0.006712, 51.525598], [-0.00675, 51.525539], [-0.006826, 51.525413], [-0.00691, 51.52527], [-0.00703, 51.525046], [-0.007088, 51.524919], [-0.007174, 51.52476], [-0.00726, 51.524628], [-0.00731, 51.524584], [-0.007343, 51.524541], [-0.00736, 51.52449], [-0.007371, 51.524448], [-0.007364, 51.524427], [-0.007348, 51.524397], [-0.007331, 51.524356], [-0.007339, 51.524308], [-0.007353, 51.52425], [-0.007375, 51.524141], [-0.007379, 51.524047], [-0.007379, 51.523979], [-0.007378, 51.523979], [-0.007347, 51.523814], [-0.007332, 51.52353], [-0.007323, 51.523344], [-0.007328, 51.52323], [-0.007338, 51.523187], [-0.00736, 51.523152], [-0.00739, 51.523129], [-0.007446, 51.523062], [-0.007539, 51.522945], [-0.007542, 51.522916], [-0.007563, 51.522872], [-0.007595, 51.52281], [-0.007597, 51.522761], [-0.00757, 51.522721], [-0.007538, 51.522663], [-0.007538, 51.522622], [-0.007569, 51.522564], [-0.007602, 51.522517], [-0.00767, 51.522471], [-0.007703, 51.522425], [-0.007707, 51.522424], [-0.007705, 51.522424], [-0.007719, 51.522403], [-0.007753, 51.522334], [-0.007818, 51.522279], [-0.007911, 51.522247], [-0.008025, 51.52222], [-0.008077, 51.52219], [-0.008097, 51.522134], [-0.008076, 51.522081], [-0.008051, 51.522006], [-0.008096, 51.521941], [-0.008222, 51.521771], [-0.00828, 51.521658], [-0.008328, 51.521594], [-0.008368, 51.521549], [-0.008406, 51.521521], [-0.008502, 51.521472], [-0.008578, 51.521433], [-0.008613, 51.521406], [-0.008652, 51.521357], [-0.008701, 51.52128], [-0.008752, 51.521203], [-0.008801, 51.521128], [-0.00884, 51.521047], [-0.008932, 51.520863], [-0.008944, 51.520806], [-0.00896, 51.520706], [-0.008966, 51.520538], [-0.008941, 51.52041], [-0.008899, 51.520314], [-0.008881, 51.520258], [-0.008887, 51.520198], [-0.008871, 51.520095], [-0.008863, 51.52006], [-0.008816, 51.51999], [-0.008725, 51.519887], [-0.008613, 51.519795], [-0.008541, 51.51974], [-0.00848, 51.519699], [-0.008407, 51.519668], [-0.008323, 51.519628], [-0.008198, 51.519567], [-0.008046, 51.519499], [-0.007921, 51.519436], [-0.007922, 51.519249]]], [[[-0.00537, 51.516425], [-0.005482, 51.516434], [-0.005616, 51.516468], [-0.005705, 51.516509], [-0.005809, 51.516587], [-0.005964, 51.516705], [-0.006077, 51.516847], [-0.006113, 51.516929], [-0.006127, 51.517016], [-0.006137, 51.517159], [-0.006124, 51.517249], [-0.006094, 51.51736], [-0.006054, 51.517475], [-0.006048, 51.517522], [-0.006086, 51.517601], [-0.006165, 51.517776], [-0.006232, 51.517903], [-0.006383, 51.518131], [-0.006554, 51.518337], [-0.006774, 51.518555], [-0.006933, 51.518685], [-0.007046, 51.518766], [-0.007184, 51.518857], [-0.007432, 51.519001], [-0.007718, 51.519152], [-0.00792, 51.519248], [-0.007918, 51.519438], [-0.007873, 51.519419], [-0.007712, 51.519339], [-0.007353, 51.51917], [-0.007201, 51.519097], [-0.006997, 51.51899], [-0.006794, 51.518876], [-0.006739, 51.518837], [-0.006711, 51.518798], [-0.006684, 51.518766], [-0.006653, 51.518711], [-0.006618, 51.518669], [-0.006576, 51.518634], [-0.006527, 51.518608], [-0.006482, 51.518583], [-0.006424, 51.51854], [-0.006387, 51.518494], [-0.006293, 51.518357], [-0.006193, 51.518234], [-0.006069, 51.518077], [-0.005917, 51.517894], [-0.005869, 51.517847], [-0.00582, 51.51781], [-0.005802, 51.51776], [-0.005753, 51.517627], [-0.005735, 51.517556], [-0.005708, 51.51744], [-0.005666, 51.517248], [-0.005617, 51.51706], [-0.005573, 51.51693], [-0.005515, 51.516839], [-0.00548, 51.516797], [-0.005376, 51.516722], [-0.005295, 51.516688], [-0.005207, 51.516661], [-0.005118, 51.516656], [-0.005048, 51.516671], [-0.004963, 51.516695], [-0.004871, 51.516741], [-0.004787, 51.516782], [-0.004653, 51.516866], [-0.004485, 51.517], [-0.004379, 51.517114], [-0.004343, 51.517163], [-0.004291, 51.517242], [-0.004241, 51.51734], [-0.004163, 51.517461], [-0.004091, 51.517588], [-0.004033, 51.51766], [-0.003962, 51.517715], [-0.003863, 51.517779], [-0.003741, 51.517842], [-0.003681, 51.517861], [-0.003517, 51.517891], [-0.003353, 51.517916], [-0.00323, 51.517961], [-0.003054, 51.518015], [-0.002957, 51.518032], [-0.002836, 51.518037], [-0.002762, 51.518043], [-0.002745, 51.518057], [-0.002701, 51.518086], [-0.002633, 51.518107], [-0.002564, 51.518118], [-0.002486, 51.518118], [-0.002398, 51.518103], [-0.002302, 51.518093], [-0.002224, 51.518102], [-0.002188, 51.518128], [-0.002164, 51.518169], [-0.002167, 51.518201], [-0.002225, 51.518242], [-0.002289, 51.518291], [-0.002359, 51.518313], [-0.002434, 51.518318], [-0.002487, 51.518359], [-0.002417, 51.518399], [-0.002125, 51.518209], [-0.00212, 51.518177], [-0.002128, 51.51814], [-0.002131, 51.518087], [-0.002083, 51.518031], [-0.002025, 51.517984], [-0.001969, 51.517973], [-0.001903, 51.517955], [-0.001858, 51.517933], [-0.001789, 51.517902], [-0.00143, 51.517734], [-0.001139, 51.517589], [-0.000823, 51.517434], [-0.000732, 51.517381], [-0.000645, 51.517321], [-0.000513, 51.517242], [-0.000247, 51.517103], [-4.5e-05, 51.517008], [0.000143, 51.516934], [0.000231, 51.516905], [0.000282, 51.516907], [0.000324, 51.516922], [0.000352, 51.516949], [0.000362, 51.516969], [0.000356, 51.516977], [0.000382, 51.517004], [0.000434, 51.516983], [0.000377, 51.516927], [0.000366, 51.516894], [0.000371, 51.516858], [0.000408, 51.516821], [0.000471, 51.516794], [0.000653, 51.516718], [0.00086, 51.516636], [7.3e-05, 51.516634], [-0.000117, 51.516734], [-0.000224, 51.516789], [-0.000439, 51.516901], [-0.000857, 51.517119], [-0.001305, 51.517351], [-0.001596, 51.517496], [-0.001999, 51.5177], [-0.002209, 51.517809], [-0.002335, 51.51787], [-0.002458, 51.517887], [-0.002565, 51.517896], [-0.002709, 51.517903], [-0.002924, 51.5179], [-0.003083, 51.517881], [-0.003293, 51.51782], [-0.003437, 51.517773], [-0.003522, 51.517729], [-0.003567, 51.517689], [-0.003641, 51.517618], [-0.003732, 51.517535], [-0.003819, 51.517415], [-0.003937, 51.517233], [-0.004067, 51.517033], [-0.004168, 51.516914], [-0.004276, 51.516809], [-0.004414, 51.516733], [-0.004566, 51.516656], [-0.004751, 51.516566], [-0.004907, 51.516503], [-0.004983, 51.516481], [-0.005081, 51.516452], [-0.005217, 51.51643], [-0.00537, 51.516425]]], [[[0.009616, 51.506867], [0.008577, 51.507163], [0.008651, 51.507166], [0.008755, 51.507182], [0.00883, 51.507209], [0.008919, 51.507268], [0.00902, 51.507356], [0.009117, 51.507475], [0.009225, 51.507602], [0.0093, 51.50774], [0.00937, 51.507907], [0.009435, 51.508087], [0.009488, 51.508247], [0.009483, 51.508386], [0.009442, 51.508508], [0.009364, 51.508674], [0.009288, 51.508772], [0.009195, 51.508862], [0.009067, 51.508947], [0.008828, 51.509094], [0.008597, 51.50918], [0.00836, 51.509255], [0.008116, 51.509295], [0.007945, 51.509316], [0.007785, 51.509311], [0.007739, 51.509312], [0.007382, 51.50939], [0.007303, 51.509398], [0.007074, 51.509402], [0.006978, 51.509425], [0.006869, 51.509434], [0.006778, 51.509439], [0.006602, 51.509457], [0.006449, 51.509502], [0.006308, 51.50954], [0.006179, 51.509592], [0.005981, 51.509656], [0.005603, 51.509759], [0.005557, 51.509896], [0.005556, 51.509999], [0.005599, 51.510188], [0.005765, 51.510463], [0.005861, 51.510572], [0.005932, 51.510621], [0.005969, 51.510677], [0.006059, 51.510765], [0.006247, 51.510894], [0.006419, 51.511023], [0.006577, 51.511113], [0.006659, 51.511162], [0.006738, 51.511267], [0.00701, 51.511716], [0.007095, 51.511839], [0.007219, 51.512059], [0.007311, 51.51231], [0.007385, 51.512573], [0.007414, 51.512719], [0.00742, 51.512983], [0.007413, 51.51334], [0.007343, 51.513563], [0.007229, 51.513715], [0.006981, 51.513915], [0.006869, 51.513974], [0.006622, 51.514071], [0.006372, 51.514122], [0.006178, 51.514125], [0.006052, 51.51412], [0.005831, 51.514045], [0.005604, 51.513957], [0.005344, 51.513765], [0.005176, 51.513586], [0.005059, 51.513402], [0.005015, 51.513306], [0.004976, 51.513207], [0.004952, 51.513035], [0.004933, 51.512542], [0.00493, 51.512413], [0.004938, 51.512232], [0.004934, 51.512146], [0.004891, 51.512004], [0.004832, 51.511839], [0.00478, 51.511696], [0.004692, 51.511575], [0.004634, 51.511433], [0.004613, 51.511371], [0.004557, 51.511206], [0.004493, 51.51108], [0.004417, 51.510931], [0.004346, 51.510844], [0.004328, 51.510845], [0.004229, 51.510759], [0.004125, 51.510677], [0.004013, 51.510617], [0.003828, 51.510534], [0.003683, 51.510492], [0.003381, 51.510443], [0.003218, 51.510428], [0.002999, 51.510429], [0.002729, 51.510463], [0.002479, 51.51053], [0.002272, 51.510596], [0.002133, 51.510679], [0.002036, 51.510746], [0.001955, 51.510851], [0.001941, 51.511083], [0.001947, 51.511229], [0.001962, 51.511354], [0.001945, 51.511399], [0.001986, 51.511451], [0.002057, 51.511551], [0.002086, 51.511673], [0.00205, 51.511724], [0.00211, 51.511791], [0.002372, 51.512111], [0.002502, 51.51235], [0.002739, 51.512854], [0.002802, 51.51299], [0.002799, 51.513044], [0.002787, 51.513092], [0.002784, 51.513127], [0.002814, 51.513154], [0.00283, 51.513195], [0.002904, 51.513262], [0.003238, 51.513586], [0.003303, 51.513672], [0.003478, 51.513858], [0.003518, 51.513935], [0.003558, 51.513967], [0.003592, 51.513998], [0.003616, 51.514024], [0.003684, 51.514106], [0.003765, 51.514222], [0.003808, 51.514289], [0.003836, 51.514336], [0.003863, 51.514386], [0.003887, 51.514436], [0.003901, 51.514473], [0.003925, 51.514545], [0.003944, 51.514626], [0.003945, 51.514651], [0.003942, 51.514666], [0.003934, 51.514686], [0.003923, 51.514716], [0.003915, 51.51474], [0.003882, 51.514817], [0.003843, 51.514886], [0.003783, 51.514975], [0.003714, 51.515048], [0.003666, 51.515098], [0.003618, 51.515129], [0.003546, 51.515171], [0.003479, 51.515212], [0.00341, 51.515264], [0.003346, 51.515314], [0.00326, 51.515378], [0.003143, 51.515463], [0.003044, 51.515525], [0.002921, 51.515605], [0.002826, 51.515666], [0.00275, 51.515708], [0.002677, 51.515742], [0.002484, 51.515822], [0.002373, 51.515864], [0.002261, 51.515904], [0.002146, 51.515946], [0.001953, 51.516012], [0.001783, 51.516066], [0.001625, 51.516116], [0.001492, 51.516157], [0.001366, 51.516192], [0.001275, 51.51622], [0.001189, 51.516238], [0.001137, 51.516255], [0.001074, 51.516284], [0.001014, 51.51631], [0.000946, 51.516321], [0.000878, 51.516333], [0.0008, 51.516356], [0.000664, 51.516392], [0.000539, 51.516416], [0.000475, 51.516433], [0.000445, 51.516452], [0.000393, 51.516472], [0.000332, 51.516493], [0.000262, 51.516522], [0.000214, 51.51656], [0.000141, 51.516601], [8e-05, 51.516633], [0.000868, 51.516633], [0.000928, 51.516615], [0.000962, 51.5166], [0.001012, 51.516575], [0.001067, 51.516553], [0.001107, 51.516534], [0.001153, 51.516511], [0.001218, 51.51648], [0.001289, 51.51645], [0.001596, 51.516334], [0.001687, 51.5163], [0.001891, 51.516226], [0.002189, 51.516123], [0.002273, 51.516095], [0.00245, 51.516031], [0.002739, 51.51592], [0.002826, 51.515883], [0.002879, 51.515859], [0.00299, 51.515804], [0.003119, 51.515743], [0.003269, 51.515664], [0.003395, 51.515598], [0.003451, 51.515563], [0.003608, 51.515471], [0.003667, 51.515435], [0.003762, 51.515367], [0.003829, 51.515314], [0.003872, 51.515276], [0.003905, 51.51525], [0.003944, 51.515217], [0.003987, 51.515182], [0.004023, 51.51515], [0.004119, 51.515061], [0.004155, 51.515028], [0.004205, 51.514984], [0.004248, 51.51494], [0.004271, 51.514908], [0.004286, 51.514877], [0.004308, 51.514826], [0.004328, 51.514763], [0.004333, 51.514702], [0.00433, 51.51464], [0.004323, 51.514602], [0.004321, 51.514585], [0.004312, 51.514546], [0.004301, 51.514508], [0.004294, 51.514486], [0.00427, 51.514443], [0.004245, 51.514403], [0.004225, 51.514364], [0.004183, 51.514321], [0.004127, 51.514271], [0.004067, 51.51421], [0.004026, 51.514154], [0.003985, 51.514069], [0.00392, 51.513937], [0.003917, 51.513931], [0.003907, 51.513914], [0.003893, 51.513886], [0.003838, 51.513781], [0.003829, 51.51376], [0.003825, 51.513727], [0.003833, 51.513713], [0.003833, 51.513672], [0.003807, 51.513605], [0.003779, 51.513543], [0.003767, 51.513517], [0.003749, 51.513469], [0.00374, 51.513428], [0.003722, 51.513387], [0.003681, 51.513338], [0.003652, 51.513305], [0.003627, 51.513256], [0.003599, 51.513188], [0.003579, 51.513137], [0.003532, 51.513076], [0.00347, 51.51302], [0.003327, 51.512874], [0.003276, 51.512812], [0.003188, 51.512679], [0.003034, 51.512456], [0.002877, 51.512215], [0.002721, 51.512002], [0.002669, 51.511906], [0.002621, 51.511811], [0.002571, 51.511712], [0.00252, 51.511599], [0.002441, 51.5115], [0.002387, 51.51143], [0.002351, 51.511336], [0.002311, 51.511204], [0.002281, 51.511086], [0.002262, 51.510971], [0.002261, 51.510896], [0.002277, 51.510843], [0.0023, 51.51079], [0.002348, 51.510742], [0.002474, 51.510691], [0.002619, 51.510662], [0.002837, 51.510639], [0.003057, 51.510631], [0.00326, 51.510632], [0.003426, 51.510652], [0.003641, 51.510704], [0.003739, 51.510743], [0.003871, 51.510793], [0.003971, 51.510849], [0.004088, 51.510955], [0.004181, 51.511108], [0.004305, 51.511382], [0.00437, 51.511596], [0.004409, 51.511736], [0.004435, 51.511905], [0.004437, 51.51208], [0.004418, 51.51228], [0.004404, 51.512366], [0.004354, 51.512489], [0.004343, 51.512579], [0.00438, 51.51266], [0.004427, 51.51275], [0.004537, 51.512908], [0.004587, 51.513007], [0.004584, 51.513007], [0.004688, 51.513148], [0.004722, 51.513279], [0.004756, 51.513396], [0.004782, 51.513592], [0.00493, 51.51385], [0.005098, 51.514019], [0.005345, 51.514175], [0.005356, 51.514171], [0.005625, 51.514295], [0.005915, 51.514383], [0.006178, 51.5144], [0.006293, 51.514402], [0.006357, 51.514554], [0.006373, 51.514536], [0.006333, 51.514401], [0.006429, 51.514371], [0.006772, 51.514233], [0.007434, 51.513947], [0.007504, 51.513842], [0.007567, 51.513716], [0.007708, 51.513546], [0.00782, 51.513351], [0.007864, 51.513197], [0.007858, 51.512926], [0.007839, 51.512623], [0.007796, 51.512434], [0.007722, 51.512164], [0.007633, 51.51198], [0.007366, 51.51161], [0.007255, 51.511441], [0.007161, 51.511242], [0.007014, 51.511034], [0.006889, 51.510908], [0.006677, 51.510772], [0.006417, 51.510584], [0.006302, 51.510447], [0.006205, 51.510324], [0.006108, 51.51019], [0.006079, 51.510051], [0.006097, 51.50994], [0.006207, 51.509852], [0.00633, 51.50979], [0.006664, 51.509709], [0.00743, 51.509564], [0.007901, 51.509484], [0.00835, 51.509427], [0.008838, 51.509329], [0.009075, 51.509254], [0.009395, 51.50912], [0.009719, 51.508943], [0.009834, 51.508823], [0.009875, 51.508726], [0.009886, 51.508576], [0.009885, 51.50843], [0.00983, 51.508081], [0.00989, 51.508015], [0.009942, 51.507907], [0.00992, 51.507794], [0.009836, 51.50757], [0.00973, 51.507365], [0.009636, 51.507195], [0.009597, 51.507085], [0.009603, 51.506953], [0.009622, 51.506867], [0.009616, 51.506867]]], [[[0.003476, 51.513398], [0.003497, 51.513418], [0.003551, 51.513493], [0.003605, 51.513579], [0.003681, 51.513759], [0.003682, 51.513757], [0.003683, 51.513759], [0.003708, 51.513808], [0.00369, 51.513811], [0.003696, 51.513809], [0.003688, 51.513811], [0.003634, 51.51373], [0.003578, 51.513652], [0.003522, 51.513567], [0.003479, 51.513474], [0.003451, 51.513417], [0.003455, 51.5134], [0.003476, 51.513398]]], [[[0.004604, 51.51234], [0.004614, 51.512365], [0.004649, 51.512463], [0.004666, 51.512569], [0.004686, 51.512757], [0.004697, 51.512877], [0.004707, 51.513014], [0.004702, 51.513014], [0.004661, 51.512952], [0.004564, 51.512824], [0.004501, 51.512711], [0.00447, 51.512637], [0.004465, 51.512584], [0.004481, 51.512527], [0.004552, 51.512419], [0.004604, 51.51234]]]]}, "properties": {"OBJECTID": 6, "Name": "Bow Creek", "Type": "Tidal River", "FirstSeries": 1, "FirstRevision": 1}}, {"type": "Feature", "id": 2, "geometry": {"type": "Polygon", "coordinates": [[[-0.007286, 51.527419], [-0.007316, 51.527452], [-0.007347, 51.527478], [-0.007407, 51.527516], [-0.007477, 51.527554], [-0.007539, 51.527584], [-0.007574, 51.527587], [-0.007616, 51.527581], [-0.007667, 51.527553], [-0.007727, 51.527519], [-0.007753, 51.527503], [-0.007747, 51.527487], [-0.0079, 51.52748], [-0.007901, 51.527961], [-0.007885, 51.527959], [-0.007845, 51.527956], [-0.007816, 51.52796], [-0.007767, 51.527959], [-0.007747, 51.527968], [-0.007725, 51.528], [-0.0077, 51.528049], [-0.007671, 51.528112], [-0.007644, 51.528185], [-0.007567, 51.528328], [-0.007534, 51.528392], [-0.007444, 51.52858], [-0.007388, 51.528713], [-0.007371, 51.528775], [-0.007353, 51.528841], [-0.007326, 51.528927], [-0.007294, 51.529033], [-0.007282, 51.529089], [-0.007282, 51.529158], [-0.007289, 51.529214], [-0.007296, 51.529305], [-0.007293, 51.529358], [-0.007279, 51.529443], [-0.007274, 51.529505], [-0.007271, 51.529571], [-0.007275, 51.529677], [-0.007272, 51.52978], [-0.007282, 51.529823], [-0.007329, 51.53], [-0.007354, 51.53008], [-0.007371, 51.530109], [-0.007398, 51.530108], [-0.007405, 51.530115], [-0.007421, 51.530115], [-0.007427, 51.530139], [-0.007409, 51.530139], [-0.007409, 51.530146], [-0.007385, 51.530152], [-0.00738, 51.53017], [-0.007392, 51.53023], [-0.007418, 51.530293], [-0.007435, 51.530303], [-0.007446, 51.53033], [-0.007498, 51.53043], [-0.007524, 51.530481], [-0.007541, 51.530478], [-0.00755, 51.530502], [-0.007558, 51.530539], [-0.007555, 51.530567], [-0.007539, 51.530577], [-0.007536, 51.530593], [-0.007553, 51.530627], [-0.007599, 51.530716], [-0.007667, 51.53084], [-0.007675, 51.530878], [-0.007678, 51.530926], [-0.007721, 51.530981], [-0.007788, 51.531067], [-0.007868, 51.531216], [-0.007919, 51.531267], [-0.007934, 51.531292], [-0.007958, 51.531357], [-0.008003, 51.531502], [-0.008023, 51.531574], [-0.008054, 51.531684], [-0.008087, 51.5318], [-0.008094, 51.531841], [-0.008079, 51.531863], [-0.008046, 51.531898], [-0.00806, 51.531944], [-0.008088, 51.532013], [-0.008126, 51.532072], [-0.008213, 51.532183], [-0.008237, 51.532237], [-0.008255, 51.532281], [-0.008207, 51.532287], [-0.008232, 51.532366], [-0.008264, 51.532364], [-0.008268, 51.532396], [-0.008272, 51.53251], [-0.008277, 51.532572], [-0.008298, 51.53261], [-0.008325, 51.532637], [-0.008387, 51.532696], [-0.008657, 51.532853], [-0.008593, 51.5329], [-0.008325, 51.532727], [-0.008242, 51.53265], [-0.008181, 51.532594], [-0.008144, 51.532592], [-0.00812, 51.532623], [-0.008022, 51.532757], [-0.007953, 51.532864], [-0.00793, 51.532926], [-0.007917, 51.532963], [-0.00791, 51.533025], [-0.007908, 51.533077], [-0.007923, 51.533176], [-0.007824, 51.533267], [-0.007773, 51.533202], [-0.007787, 51.533074], [-0.007806, 51.53297], [-0.007876, 51.532859], [-0.007962, 51.532718], [-0.008064, 51.53257], [-0.008095, 51.532477], [-0.008095, 51.532377], [-0.008055, 51.532341], [-0.007994, 51.532245], [-0.007955, 51.532175], [-0.007904, 51.532131], [-0.007864, 51.532095], [-0.007824, 51.532042], [-0.007823, 51.531987], [-0.00785, 51.531788], [-0.00787, 51.531588], [-0.007858, 51.531522], [-0.007834, 51.531469], [-0.007795, 51.531406], [-0.007777, 51.531375], [-0.00775, 51.53137], [-0.007699, 51.531326], [-0.007636, 51.531275], [-0.007593, 51.531217], [-0.007559, 51.531119], [-0.007499, 51.531021], [-0.007441, 51.530931], [-0.007388, 51.530854], [-0.007293, 51.530758], [-0.007239, 51.530685], [-0.007204, 51.530604], [-0.007178, 51.530575], [-0.00718, 51.530542], [-0.007156, 51.530486], [-0.007119, 51.530367], [-0.007101, 51.53025], [-0.007117, 51.530229], [-0.007115, 51.530193], [-0.007098, 51.530145], [-0.007066, 51.530088], [-0.007049, 51.530044], [-0.007041, 51.529978], [-0.007059, 51.5299], [-0.007071, 51.529809], [-0.00709, 51.529714], [-0.007081, 51.529574], [-0.007064, 51.529445], [-0.007006, 51.529292], [-0.006998, 51.529213], [-0.007015, 51.529078], [-0.007019, 51.528983], [-0.007053, 51.528917], [-0.007068, 51.528836], [-0.007122, 51.528723], [-0.007128, 51.528663], [-0.007165, 51.528616], [-0.007187, 51.52855], [-0.007211, 51.528422], [-0.007247, 51.528316], [-0.007288, 51.528233], [-0.007334, 51.528143], [-0.007366, 51.528118], [-0.007378, 51.528016], [-0.007364, 51.527908], [-0.007336, 51.527832], [-0.007291, 51.527726], [-0.007232, 51.527595], [-0.007216, 51.52753], [-0.007194, 51.527427], [-0.007286, 51.527419]]]}, "properties": {"OBJECTID": 9, "Name": "Three Mill Wall River", "Type": "Back River", "FirstSeries": 1, "FirstRevision": 1}}, {"type": "Feature", "id": 3, "geometry": {"type": "Polygon", "coordinates": [[[-0.0079, 51.52748], [-0.007923, 51.527478], [-0.007983, 51.527515], [-0.007986, 51.52756], [-0.007991, 51.52762], [-0.007996, 51.527709], [-0.007999, 51.527732], [-0.008031, 51.52776], [-0.008031, 51.52777], [-0.008105, 51.527816], [-0.008175, 51.527855], [-0.008298, 51.527921], [-0.008361, 51.527954], [-0.008444, 51.527986], [-0.008572, 51.528041], [-0.008612, 51.528064], [-0.008653, 51.528098], [-0.008694, 51.528125], [-0.008741, 51.528138], [-0.008783, 51.528141], [-0.008837, 51.528128], [-0.008893, 51.528113], [-0.008899, 51.528104], [-0.008958, 51.528082], [-0.009021, 51.528064], [-0.009034, 51.528071], [-0.009062, 51.528075], [-0.009079, 51.528074], [-0.0091, 51.528058], [-0.009164, 51.52801], [-0.009181, 51.528034], [-0.009223, 51.52808], [-0.009287, 51.52816], [-0.009251, 51.528169], [-0.009192, 51.528176], [-0.009157, 51.52818], [-0.00915, 51.52819], [-0.00915, 51.528223], [-0.009161, 51.528228], [-0.009166, 51.528238], [-0.009155, 51.528243], [-0.009133, 51.528247], [-0.009097, 51.528258], [-0.00907, 51.528278], [-0.009055, 51.528304], [-0.00905, 51.528337], [-0.009061, 51.528377], [-0.009114, 51.528467], [-0.009215, 51.528595], [-0.009266, 51.528663], [-0.009334, 51.528776], [-0.009395, 51.528873], [-0.009501, 51.529006], [-0.009597, 51.52911], [-0.009669, 51.529206], [-0.009742, 51.529302], [-0.009811, 51.5294], [-0.009927, 51.529558], [-0.010017, 51.529671], [-0.010076, 51.529735], [-0.010147, 51.529806], [-0.010236, 51.529896], [-0.010344, 51.529999], [-0.010411, 51.530085], [-0.010439, 51.530127], [-0.010457, 51.530191], [-0.010461, 51.530234], [-0.010459, 51.530288], [-0.010454, 51.53034], [-0.010448, 51.530398], [-0.010435, 51.530456], [-0.010419, 51.530513], [-0.010402, 51.530579], [-0.010389, 51.530668], [-0.010381, 51.530725], [-0.010368, 51.53082], [-0.010345, 51.530899], [-0.010312, 51.530979], [-0.010286, 51.531047], [-0.010259, 51.531114], [-0.010217, 51.531173], [-0.010171, 51.531241], [-0.010118, 51.53131], [-0.010069, 51.53137], [-0.010022, 51.531425], [-0.009969, 51.531481], [-0.009929, 51.531529], [-0.009917, 51.531558], [-0.0099, 51.531602], [-0.009901, 51.531637], [-0.009899, 51.531694], [-0.009905, 51.531734], [-0.009917, 51.531764], [-0.009941, 51.53179], [-0.009979, 51.531826], [-0.010134, 51.53193], [-0.009977, 51.532019], [-0.009848, 51.531912], [-0.009829, 51.531873], [-0.009779, 51.531757], [-0.009771, 51.531739], [-0.00977, 51.531715], [-0.009777, 51.531647], [-0.009782, 51.531591], [-0.009808, 51.531557], [-0.00984, 51.531514], [-0.009894, 51.531429], [-0.009918, 51.531406], [-0.009963, 51.531362], [-0.010033, 51.531294], [-0.010091, 51.531224], [-0.010123, 51.531169], [-0.010149, 51.531108], [-0.010183, 51.530993], [-0.010214, 51.530865], [-0.010237, 51.530768], [-0.010259, 51.530684], [-0.010281, 51.53058], [-0.010305, 51.530512], [-0.010331, 51.53043], [-0.010339, 51.530366], [-0.010332, 51.530311], [-0.0103, 51.530257], [-0.010264, 51.530186], [-0.010226, 51.530127], [-0.010209, 51.530087], [-0.010183, 51.530045], [-0.010139, 51.530003], [-0.010047, 51.529927], [-0.009956, 51.529848], [-0.009911, 51.529792], [-0.009887, 51.529763], [-0.009812, 51.529637], [-0.009728, 51.529525], [-0.009633, 51.529386], [-0.009548, 51.5293], [-0.009457, 51.52918], [-0.00935, 51.52906], [-0.009283, 51.528972], [-0.009181, 51.528839], [-0.009077, 51.528698], [-0.008988, 51.528587], [-0.008939, 51.528518], [-0.008895, 51.528475], [-0.008826, 51.528414], [-0.008753, 51.52836], [-0.008679, 51.528319], [-0.008626, 51.528297], [-0.00857, 51.52826], [-0.008517, 51.528223], [-0.008485, 51.528209], [-0.008422, 51.52819], [-0.008386, 51.528176], [-0.008358, 51.528137], [-0.008324, 51.528116], [-0.008273, 51.528091], [-0.00817, 51.528045], [-0.008102, 51.528012], [-0.007982, 51.52799], [-0.007934, 51.527984], [-0.007901, 51.527961], [-0.0079, 51.52748]]]}, "properties": {"OBJECTID": 10, "Name": "Three Mills Back River", "Type": "Back River", "FirstSeries": 1, "FirstRevision": 1}}, {"type": "Feature", "id": 4, "geometry": {"type": "Polygon", "coordinates": [[[-0.009582, 51.532486], [-0.009514, 51.532501], [-0.009488, 51.532519], [-0.009438, 51.532554], [-0.009407, 51.532575], [-0.009359, 51.532606], [-0.009343, 51.532618], [-0.009343, 51.532631], [-0.009332, 51.532719], [-0.009306, 51.532967], [-0.009306, 51.53299], [-0.009282, 51.533001], [-0.009266, 51.533006], [-0.009196, 51.533013], [-0.009042, 51.532999], [-0.00892, 51.532987], [-0.008895, 51.532988], [-0.008861, 51.532994], [-0.008846, 51.533007], [-0.008796, 51.533051], [-0.008751, 51.533088], [-0.008672, 51.533159], [-0.008588, 51.533226], [-0.008515, 51.533294], [-0.008483, 51.533323], [-0.00849, 51.533342], [-0.008499, 51.533363], [-0.008462, 51.533386], [-0.008392, 51.533432], [-0.008329, 51.53347], [-0.008308, 51.533482], [-0.008268, 51.533489], [-0.008249, 51.533495], [-0.008236, 51.533608], [-0.008224, 51.533692], [-0.008178, 51.533743], [-0.008154, 51.533775], [-0.00813, 51.533795], [-0.008146, 51.533807], [-0.008135, 51.533819], [-0.008116, 51.533812], [-0.008022, 51.533897], [-0.007993, 51.533927], [-0.007938, 51.533987], [-0.007892, 51.534036], [-0.007832, 51.534099], [-0.007808, 51.534123], [-0.007772, 51.534162], [-0.007747, 51.534184], [-0.007702, 51.534219], [-0.007635, 51.534265], [-0.007498, 51.534354], [-0.007466, 51.534379], [-0.007416, 51.534419], [-0.007388, 51.534447], [-0.007336, 51.534481], [-0.007267, 51.534521], [-0.007228, 51.534549], [-0.007183, 51.534574], [-0.007159, 51.534594], [-0.007113, 51.53463], [-0.007078, 51.534656], [-0.007049, 51.534669], [-0.007012, 51.534695], [-0.006967, 51.534726], [-0.006946, 51.534752], [-0.006928, 51.534777], [-0.006909, 51.53481], [-0.006892, 51.534844], [-0.006887, 51.53486], [-0.006888, 51.534885], [-0.006891, 51.534926], [-0.006899, 51.534949], [-0.006919, 51.53499], [-0.006952, 51.535037], [-0.00699, 51.535083], [-0.007052, 51.535163], [-0.0071, 51.535223], [-0.007078, 51.535236], [-0.007058, 51.535253], [-0.007029, 51.535279], [-0.006989, 51.535294], [-0.006894, 51.535321], [-0.006841, 51.535331], [-0.006825, 51.535339], [-0.006826, 51.535349], [-0.006869, 51.53542], [-0.006777, 51.535434], [-0.006741, 51.535345], [-0.00673, 51.535348], [-0.006726, 51.535343], [-0.006716, 51.535337], [-0.006705, 51.535339], [-0.006697, 51.535344], [-0.006699, 51.535355], [-0.006692, 51.535359], [-0.00671, 51.535401], [-0.006633, 51.535415], [-0.006604, 51.535336], [-0.006595, 51.535328], [-0.006564, 51.535311], [-0.006522, 51.535283], [-0.006479, 51.535259], [-0.00646, 51.535253], [-0.006434, 51.535244], [-0.006413, 51.535248], [-0.006377, 51.535256], [-0.006354, 51.535266], [-0.006334, 51.535275], [-0.006319, 51.535287], [-0.006279, 51.535322], [-0.006224, 51.535381], [-0.00616, 51.535437], [-0.006108, 51.53542], [-0.006017, 51.535374], [-0.00621, 51.535231], [-0.006394, 51.535096], [-0.006505, 51.535005], [-0.006574, 51.534942], [-0.006606, 51.534907], [-0.006633, 51.534859], [-0.006673, 51.534795], [-0.006687, 51.534764], [-0.006708, 51.534722], [-0.006738, 51.534697], [-0.006795, 51.534655], [-0.00685, 51.534616], [-0.006919, 51.53457], [-0.007007, 51.534501], [-0.007068, 51.534455], [-0.007175, 51.534394], [-0.007187, 51.534394], [-0.007263, 51.534356], [-0.007346, 51.534311], [-0.00749, 51.534225], [-0.007564, 51.534165], [-0.007672, 51.534084], [-0.007739, 51.534025], [-0.007768, 51.533977], [-0.007826, 51.533876], [-0.007843, 51.533845], [-0.00789, 51.533803], [-0.007927, 51.533776], [-0.008008, 51.533719], [-0.008082, 51.533594], [-0.008089, 51.533577], [-0.008072, 51.533471], [-0.007976, 51.53337], [-0.007824, 51.533267], [-0.007923, 51.533176], [-0.008086, 51.533292], [-0.008105, 51.533301], [-0.008214, 51.533354], [-0.008249, 51.533372], [-0.008291, 51.533338], [-0.008393, 51.533258], [-0.008462, 51.533202], [-0.008513, 51.533161], [-0.008641, 51.533057], [-0.008731, 51.532983], [-0.008732, 51.532971], [-0.008686, 51.532944], [-0.008662, 51.532931], [-0.008655, 51.532933], [-0.008649, 51.532931], [-0.008593, 51.5329], [-0.008657, 51.532853], [-0.008677, 51.532854], [-0.008706, 51.532851], [-0.008751, 51.532824], [-0.008825, 51.532781], [-0.008919, 51.532725], [-0.009035, 51.532658], [-0.009231, 51.532532], [-0.009327, 51.532483], [-0.009415, 51.532463], [-0.009482, 51.532458], [-0.009549, 51.532445], [-0.009582, 51.532486]]]}, "properties": {"OBJECTID": 11, "Name": "Waterworks River", "Type": "Back River", "FirstSeries": 1, "FirstRevision": 1}}, {"type": "Feature", "id": 5, "geometry": {"type": "Polygon", "coordinates": [[[-0.006782, 51.535443], [-0.006776, 51.535437], [-0.00687, 51.535428], [-0.006889, 51.535469], [-0.006904, 51.535475], [-0.006958, 51.53547], [-0.007022, 51.535475], [-0.007068, 51.535481], [-0.007094, 51.535491], [-0.007093, 51.535523], [-0.00711, 51.535567], [-0.007143, 51.535646], [-0.007197, 51.535725], [-0.007237, 51.535794], [-0.007255, 51.535828], [-0.007286, 51.535859], [-0.007347, 51.535911], [-0.007406, 51.535952], [-0.007514, 51.536012], [-0.007624, 51.536075], [-0.007754, 51.536146], [-0.007875, 51.536215], [-0.008075, 51.536318], [-0.008256, 51.536413], [-0.008457, 51.536517], [-0.008648, 51.536611], [-0.008735, 51.536657], [-0.008869, 51.536736], [-0.00901, 51.536828], [-0.00918, 51.53695], [-0.009225, 51.536982], [-0.009226, 51.536994], [-0.009475, 51.537139], [-0.009566, 51.5372], [-0.00965, 51.537255], [-0.009693, 51.537275], [-0.009772, 51.537305], [-0.009905, 51.537358], [-0.010017, 51.53741], [-0.010099, 51.537458], [-0.010141, 51.5375], [-0.010193, 51.537564], [-0.010222, 51.537595], [-0.010246, 51.53763], [-0.010278, 51.537688], [-0.010303, 51.537753], [-0.010335, 51.537825], [-0.010365, 51.537904], [-0.010402, 51.537985], [-0.01042, 51.538045], [-0.010524, 51.538216], [-0.010598, 51.538341], [-0.010646, 51.538429], [-0.010711, 51.538545], [-0.010788, 51.538675], [-0.010839, 51.538766], [-0.01091, 51.538884], [-0.010996, 51.539024], [-0.011043, 51.539118], [-0.01112, 51.539226], [-0.011156, 51.53928], [-0.011209, 51.539341], [-0.011253, 51.539413], [-0.011308, 51.53947], [-0.01138, 51.539536], [-0.011444, 51.539589], [-0.011516, 51.539649], [-0.01159, 51.539702], [-0.011638, 51.539735], [-0.011688, 51.539774], [-0.011835, 51.539908], [-0.012005, 51.54008], [-0.012136, 51.540211], [-0.012216, 51.540302], [-0.012311, 51.540406], [-0.012356, 51.540461], [-0.01243, 51.54052], [-0.012534, 51.540594], [-0.012587, 51.540635], [-0.012619, 51.540652], [-0.012748, 51.540702], [-0.012866, 51.540751], [-0.012978, 51.540805], [-0.013141, 51.540886], [-0.013307, 51.540961], [-0.013496, 51.54105], [-0.013623, 51.541109], [-0.013728, 51.541167], [-0.013879, 51.541248], [-0.014003, 51.541321], [-0.014106, 51.541382], [-0.014355, 51.541534], [-0.014577, 51.541674], [-0.014695, 51.541734], [-0.014813, 51.541783], [-0.014992, 51.541877], [-0.015254, 51.542006], [-0.015358, 51.542069], [-0.015404, 51.542106], [-0.015435, 51.542141], [-0.015455, 51.542161], [-0.015596, 51.542207], [-0.015739, 51.54225], [-0.015904, 51.54231], [-0.015998, 51.542359], [-0.01605, 51.542383], [-0.016086, 51.542387], [-0.016086, 51.542472], [-0.016067, 51.54248], [-0.016062, 51.542496], [-0.016066, 51.542534], [-0.01607, 51.542634], [-0.016082, 51.542785], [-0.016101, 51.542932], [-0.016111, 51.543089], [-0.016123, 51.543242], [-0.015994, 51.543215], [-0.015943, 51.542695], [-0.015916, 51.54253], [-0.015835, 51.542446], [-0.015697, 51.542366], [-0.015499, 51.542277], [-0.015364, 51.542218], [-0.015204, 51.542117], [-0.015038, 51.54203], [-0.014975, 51.541999], [-0.014956, 51.541974], [-0.014879, 51.541944], [-0.014729, 51.541882], [-0.014483, 51.541742], [-0.014021, 51.541474], [-0.0139, 51.541404], [-0.013495, 51.541191], [-0.013153, 51.541011], [-0.012937, 51.540911], [-0.012728, 51.540814], [-0.012526, 51.540725], [-0.01237, 51.540634], [-0.012244, 51.540543], [-0.0122, 51.54049], [-0.012148, 51.54043], [-0.012134, 51.540435], [-0.012006, 51.540311], [-0.011835, 51.540155], [-0.011835, 51.540141], [-0.011859, 51.54013], [-0.011804, 51.540069], [-0.011628, 51.539901], [-0.011512, 51.539784], [-0.011413, 51.539689], [-0.011245, 51.539559], [-0.011084, 51.539415], [-0.011002, 51.539302], [-0.010931, 51.539188], [-0.010952, 51.539182], [-0.010937, 51.539161], [-0.010914, 51.539162], [-0.010816, 51.539006], [-0.010773, 51.53898], [-0.010722, 51.538897], [-0.010601, 51.538687], [-0.01049, 51.538495], [-0.010392, 51.538325], [-0.010418, 51.538318], [-0.010298, 51.538128], [-0.010285, 51.538092], [-0.010246, 51.53799], [-0.010172, 51.537817], [-0.010083, 51.537652], [-0.010048, 51.53761], [-0.010022, 51.537568], [-0.009967, 51.537517], [-0.009896, 51.537467], [-0.009795, 51.537421], [-0.009703, 51.537387], [-0.009574, 51.537336], [-0.009438, 51.537262], [-0.009378, 51.537229], [-0.009118, 51.537086], [-0.009092, 51.537057], [-0.009057, 51.537029], [-0.009009, 51.536981], [-0.008933, 51.536934], [-0.008837, 51.536868], [-0.008672, 51.536771], [-0.008545, 51.5367], [-0.008444, 51.536649], [-0.008285, 51.536565], [-0.008222, 51.536541], [-0.008103, 51.536479], [-0.007938, 51.536396], [-0.007754, 51.53631], [-0.007534, 51.536192], [-0.007309, 51.536053], [-0.007105, 51.535915], [-0.006936, 51.535799], [-0.006862, 51.535715], [-0.006772, 51.53561], [-0.006707, 51.53554], [-0.006705, 51.535524], [-0.006732, 51.535495], [-0.006766, 51.535491], [-0.006784, 51.535496], [-0.006796, 51.53549], [-0.00679, 51.535471], [-0.006782, 51.535443]]]}, "properties": {"OBJECTID": 12, "Name": "Waterworks River", "Type": "Back River", "FirstSeries": 1, "FirstRevision": 1}}, {"type": "Feature", "id": 6, "geometry": {"type": "MultiPolygon", "coordinates": [[[[-0.016223, 51.544705], [-0.016222, 51.544703], [-0.016226, 51.544711], [-0.016223, 51.544705]]], [[[-0.015994, 51.543215], [-0.016123, 51.543242], [-0.016109, 51.543329], [-0.016108, 51.543434], [-0.016101, 51.543541], [-0.016101, 51.543586], [-0.016115, 51.543622], [-0.016112, 51.543697], [-0.016116, 51.543811], [-0.016121, 51.543887], [-0.016131, 51.543964], [-0.016139, 51.543996], [-0.016155, 51.544025], [-0.016161, 51.544054], [-0.016146, 51.544092], [-0.016146, 51.544129], [-0.016143, 51.544167], [-0.016164, 51.544203], [-0.016186, 51.544236], [-0.016196, 51.544292], [-0.016201, 51.54436], [-0.016184, 51.544447], [-0.016185, 51.544518], [-0.016189, 51.544599], [-0.016193, 51.544633], [-0.016223, 51.544705], [-0.016262, 51.544807], [-0.016298, 51.544888], [-0.016325, 51.544939], [-0.016366, 51.545039], [-0.016464, 51.54508], [-0.016509, 51.545083], [-0.016564, 51.545087], [-0.01661, 51.545099], [-0.016646, 51.545099], [-0.016734, 51.5451], [-0.016758, 51.545109], [-0.016794, 51.545111], [-0.016811, 51.545218], [-0.016786, 51.545221], [-0.016746, 51.545218], [-0.016702, 51.545214], [-0.01662, 51.54521], [-0.016565, 51.545208], [-0.016488, 51.545233], [-0.016456, 51.545263], [-0.016435, 51.545299], [-0.016429, 51.545341], [-0.016413, 51.545366], [-0.016408, 51.545396], [-0.016406, 51.545436], [-0.016417, 51.545461], [-0.016414, 51.545473], [-0.016409, 51.545499], [-0.016402, 51.545538], [-0.016403, 51.545592], [-0.016396, 51.545666], [-0.016386, 51.545759], [-0.016375, 51.545806], [-0.016356, 51.545839], [-0.016344, 51.545894], [-0.016337, 51.545936], [-0.016316, 51.545986], [-0.016294, 51.546041], [-0.016258, 51.546086], [-0.016249, 51.546152], [-0.016234, 51.546197], [-0.0162, 51.546277], [-0.016166, 51.546393], [-0.016149, 51.546447], [-0.016129, 51.5465], [-0.016122, 51.546525], [-0.016125, 51.546544], [-0.016117, 51.546562], [-0.016106, 51.546592], [-0.016118, 51.546615], [-0.016096, 51.546639], [-0.016088, 51.546657], [-0.016094, 51.546698], [-0.016061, 51.546757], [-0.016071, 51.546789], [-0.016048, 51.546822], [-0.016043, 51.54686], [-0.016036, 51.546917], [-0.016034, 51.546968], [-0.016022, 51.546983], [-0.016015, 51.547013], [-0.016012, 51.547036], [-0.015999, 51.547077], [-0.016006, 51.547095], [-0.016003, 51.547112], [-0.016014, 51.547122], [-0.016015, 51.547158], [-0.016014, 51.547181], [-0.01603, 51.547202], [-0.016019, 51.547225], [-0.016024, 51.547254], [-0.016028, 51.54728], [-0.016018, 51.547293], [-0.016018, 51.547331], [-0.016032, 51.547367], [-0.016065, 51.547412], [-0.016076, 51.547448], [-0.016068, 51.547474], [-0.01609, 51.547519], [-0.016103, 51.547539], [-0.016088, 51.547569], [-0.016098, 51.547602], [-0.016096, 51.547621], [-0.016103, 51.547663], [-0.016102, 51.547697], [-0.016108, 51.547728], [-0.016116, 51.547801], [-0.016123, 51.547824], [-0.016129, 51.547853], [-0.016128, 51.547924], [-0.016142, 51.547959], [-0.016145, 51.54801], [-0.016149, 51.548049], [-0.016163, 51.548095], [-0.016186, 51.548133], [-0.016194, 51.548155], [-0.016195, 51.548195], [-0.016226, 51.548216], [-0.016243, 51.548266], [-0.016253, 51.548341], [-0.016266, 51.548362], [-0.016255, 51.548384], [-0.01627, 51.5484], [-0.016297, 51.548472], [-0.016327, 51.548524], [-0.016339, 51.548562], [-0.016357, 51.548594], [-0.016361, 51.548626], [-0.016389, 51.548683], [-0.016416, 51.548713], [-0.016429, 51.548737], [-0.01642, 51.548762], [-0.016431, 51.548775], [-0.016464, 51.548808], [-0.01647, 51.548839], [-0.016486, 51.548855], [-0.016511, 51.548939], [-0.016528, 51.548999], [-0.01653, 51.549049], [-0.016525, 51.549066], [-0.016529, 51.549102], [-0.016525, 51.549148], [-0.016536, 51.549207], [-0.016555, 51.5493], [-0.016579, 51.549413], [-0.016625, 51.54953], [-0.016652, 51.549578], [-0.016729, 51.54964], [-0.016804, 51.549707], [-0.016923, 51.54983], [-0.017014, 51.549921], [-0.017105, 51.550028], [-0.01715, 51.550052], [-0.017141, 51.550092], [-0.017164, 51.550122], [-0.017181, 51.550182], [-0.017208, 51.550255], [-0.017211, 51.550313], [-0.017221, 51.5504], [-0.017216, 51.550458], [-0.017208, 51.550521], [-0.017203, 51.550599], [-0.017217, 51.55065], [-0.01725, 51.550696], [-0.017304, 51.550776], [-0.017333, 51.550842], [-0.017354, 51.550924], [-0.017394, 51.550985], [-0.017457, 51.551063], [-0.017552, 51.551162], [-0.01763, 51.551292], [-0.017603, 51.551301], [-0.017528, 51.551198], [-0.017444, 51.551108], [-0.017415, 51.55107], [-0.01738, 51.551033], [-0.017303, 51.550961], [-0.017275, 51.550951], [-0.017312, 51.551276], [-0.017297, 51.551273], [-0.0173, 51.55129], [-0.017254, 51.551351], [-0.017236, 51.551355], [-0.017238, 51.551443], [-0.017162, 51.55144], [-0.01715, 51.551401], [-0.017105, 51.551398], [-0.017079, 51.551385], [-0.017049, 51.551357], [-0.01701, 51.551296], [-0.016961, 51.551186], [-0.016949, 51.551151], [-0.017022, 51.550971], [-0.017042, 51.550963], [-0.017093, 51.550963], [-0.017116, 51.550909], [-0.0171, 51.550795], [-0.017054, 51.550713], [-0.016991, 51.550595], [-0.016976, 51.550541], [-0.017045, 51.550488], [-0.01706, 51.550487], [-0.017058, 51.550412], [-0.017061, 51.550294], [-0.017042, 51.550212], [-0.01701, 51.550078], [-0.016951, 51.550028], [-0.016837, 51.549915], [-0.016751, 51.549802], [-0.016643, 51.549723], [-0.01659, 51.549672], [-0.016561, 51.549605], [-0.016494, 51.549562], [-0.016449, 51.549453], [-0.016409, 51.549329], [-0.016391, 51.549246], [-0.016373, 51.549138], [-0.016369, 51.549084], [-0.016347, 51.548991], [-0.016275, 51.548807], [-0.016191, 51.548631], [-0.01611, 51.548443], [-0.016058, 51.548316], [-0.016018, 51.54819], [-0.015985, 51.548051], [-0.015954, 51.547932], [-0.015928, 51.54778], [-0.015916, 51.547691], [-0.015892, 51.547561], [-0.015847, 51.547432], [-0.015809, 51.547276], [-0.015825, 51.547252], [-0.015821, 51.547189], [-0.015804, 51.547141], [-0.015826, 51.547108], [-0.015823, 51.547073], [-0.015825, 51.547026], [-0.015849, 51.546962], [-0.015872, 51.546873], [-0.015895, 51.546765], [-0.015912, 51.546717], [-0.015938, 51.546608], [-0.015935, 51.546538], [-0.015945, 51.546517], [-0.015961, 51.546475], [-0.015962, 51.546438], [-0.015978, 51.546374], [-0.016018, 51.5463], [-0.016031, 51.546246], [-0.01605, 51.546132], [-0.016064, 51.546119], [-0.016073, 51.5461], [-0.016121, 51.545897], [-0.016163, 51.545799], [-0.016214, 51.545751], [-0.016238, 51.545665], [-0.016248, 51.545568], [-0.016251, 51.545508], [-0.016242, 51.545464], [-0.016241, 51.545451], [-0.016255, 51.545417], [-0.016256, 51.545366], [-0.016255, 51.545225], [-0.016244, 51.545135], [-0.016236, 51.545107], [-0.016216, 51.54508], [-0.016202, 51.545055], [-0.016134, 51.544927], [-0.016086, 51.544812], [-0.016042, 51.544714], [-0.016028, 51.544663], [-0.016022, 51.544619], [-0.016017, 51.544559], [-0.016019, 51.544448], [-0.01603, 51.544384], [-0.016034, 51.544317], [-0.016026, 51.544251], [-0.016021, 51.544163], [-0.016003, 51.544145], [-0.015999, 51.544125], [-0.015979, 51.544051], [-0.015977, 51.543935], [-0.015972, 51.543873], [-0.01595, 51.543753], [-0.015949, 51.543689], [-0.015952, 51.54363], [-0.015935, 51.543484], [-0.015952, 51.543456], [-0.015964, 51.543339], [-0.015994, 51.543215]]]]}, "properties": {"OBJECTID": 13, "Name": "Waterworks River", "Type": "Back River", "FirstSeries": 1, "FirstRevision": 1}}, {"type": "Feature", "id": 7, "geometry": {"type": "Polygon", "coordinates": [[[-0.023827, 51.557327], [-0.023701, 51.557549], [-0.023603, 51.557436], [-0.023537, 51.557364], [-0.023455, 51.557312], [-0.023401, 51.557287], [-0.023204, 51.55724], [-0.023013, 51.557191], [-0.022848, 51.55715], [-0.022739, 51.557124], [-0.022588, 51.557074], [-0.022417, 51.557002], [-0.022277, 51.556955], [-0.022147, 51.556896], [-0.022066, 51.556866], [-0.021739, 51.556745], [-0.021423, 51.556631], [-0.02109, 51.556498], [-0.020761, 51.55637], [-0.020595, 51.556284], [-0.02042, 51.556211], [-0.020195, 51.556113], [-0.019876, 51.555978], [-0.019793, 51.555944], [-0.019749, 51.555933], [-0.019691, 51.555912], [-0.019567, 51.555804], [-0.019481, 51.555682], [-0.019422, 51.555563], [-0.019372, 51.555503], [-0.019304, 51.555442], [-0.019194, 51.555385], [-0.01905, 51.555333], [-0.018896, 51.555292], [-0.018805, 51.555266], [-0.018703, 51.555242], [-0.018658, 51.555238], [-0.018575, 51.555245], [-0.018491, 51.555227], [-0.018366, 51.555157], [-0.018245, 51.555035], [-0.018187, 51.554936], [-0.01819, 51.554879], [-0.018179, 51.554824], [-0.018134, 51.554697], [-0.01801, 51.554439], [-0.017906, 51.554256], [-0.01785, 51.554171], [-0.017748, 51.553979], [-0.017672, 51.553827], [-0.017645, 51.553772], [-0.017527, 51.553524], [-0.01748, 51.553404], [-0.017435, 51.553287], [-0.017406, 51.553161], [-0.017378, 51.553016], [-0.017348, 51.552863], [-0.017306, 51.552663], [-0.017293, 51.552602], [-0.017256, 51.552399], [-0.017217, 51.552189], [-0.017194, 51.552087], [-0.017171, 51.551974], [-0.017171, 51.551877], [-0.017157, 51.551776], [-0.017161, 51.551641], [-0.017164, 51.55146], [-0.017242, 51.551459], [-0.017251, 51.551561], [-0.017267, 51.551624], [-0.017317, 51.551776], [-0.017323, 51.551906], [-0.017349, 51.552142], [-0.017437, 51.552545], [-0.017479, 51.552733], [-0.017487, 51.552814], [-0.017518, 51.552907], [-0.017545, 51.553113], [-0.017608, 51.553367], [-0.017628, 51.553427], [-0.017751, 51.553644], [-0.017897, 51.553935], [-0.018028, 51.554181], [-0.018096, 51.554303], [-0.018165, 51.554409], [-0.018176, 51.554456], [-0.01822, 51.554555], [-0.018261, 51.554603], [-0.018297, 51.554729], [-0.018314, 51.554807], [-0.018334, 51.554878], [-0.018377, 51.554956], [-0.018427, 51.555014], [-0.018472, 51.555076], [-0.018522, 51.555137], [-0.018567, 51.555159], [-0.018637, 51.555175], [-0.01876, 51.555193], [-0.018965, 51.555232], [-0.019139, 51.555282], [-0.019344, 51.555351], [-0.019423, 51.555388], [-0.019469, 51.555436], [-0.019501, 51.555482], [-0.019522, 51.555534], [-0.019544, 51.555603], [-0.01958, 51.55568], [-0.019623, 51.55574], [-0.01973, 51.555803], [-0.019853, 51.555869], [-0.020046, 51.555954], [-0.020368, 51.556079], [-0.020715, 51.556225], [-0.020913, 51.556307], [-0.021097, 51.556391], [-0.021236, 51.556452], [-0.021755, 51.556638], [-0.022041, 51.556745], [-0.022392, 51.556887], [-0.022634, 51.556971], [-0.022939, 51.557066], [-0.023192, 51.557133], [-0.023333, 51.557154], [-0.02342, 51.557165], [-0.023506, 51.557187], [-0.023567, 51.557214], [-0.023638, 51.557256], [-0.023692, 51.55729], [-0.023763, 51.557321], [-0.023802, 51.557335], [-0.023827, 51.557327]]]}, "properties": {"OBJECTID": 15, "Name": "Waterworks River", "Type": "Back River", "FirstSeries": 1, "FirstRevision": 1}}, {"type": "Feature", "id": 8, "geometry": {"type": "Polygon", "coordinates": [[[-0.016617, 51.541251], [-0.016375, 51.541295], [-0.016343, 51.541247], [-0.016276, 51.5412], [-0.016056, 51.541082], [-0.015736, 51.540901], [-0.015595, 51.540792], [-0.015359, 51.540609], [-0.015152, 51.54046], [-0.014993, 51.540334], [-0.014772, 51.540161], [-0.014502, 51.539955], [-0.014202, 51.539754], [-0.013962, 51.539562], [-0.0138, 51.539431], [-0.013683, 51.539327], [-0.01361, 51.539242], [-0.013594, 51.539166], [-0.013605, 51.539102], [-0.01363, 51.539052], [-0.013724, 51.538992], [-0.01389, 51.538859], [-0.014003, 51.538709], [-0.014044, 51.538643], [-0.014125, 51.538463], [-0.014198, 51.538277], [-0.014271, 51.538002], [-0.014318, 51.537796], [-0.014373, 51.537587], [-0.014392, 51.537485], [-0.014388, 51.537411], [-0.014342, 51.537327], [-0.014256, 51.537212], [-0.014171, 51.537129], [-0.013983, 51.536898], [-0.013791, 51.536657], [-0.013641, 51.536509], [-0.013464, 51.536375], [-0.013101, 51.536117], [-0.01276, 51.535899], [-0.012499, 51.535754], [-0.012294, 51.535656], [-0.011956, 51.535533], [-0.011641, 51.535388], [-0.011514, 51.53534], [-0.011373, 51.535252], [-0.011281, 51.535172], [-0.011123, 51.535034], [-0.010986, 51.534858], [-0.01079, 51.534695], [-0.010591, 51.534551], [-0.010301, 51.534363], [-0.009994, 51.534142], [-0.009833, 51.533989], [-0.009645, 51.533765], [-0.00942, 51.533487], [-0.009375, 51.533394], [-0.009355, 51.533322], [-0.009309, 51.533228], [-0.009409, 51.533213], [-0.009495, 51.533353], [-0.009577, 51.533297], [-0.00963, 51.533229], [-0.009723, 51.533181], [-0.009859, 51.533133], [-0.009937, 51.533084], [-0.009984, 51.532983], [-0.009977, 51.532868], [-0.009966, 51.532771], [-0.009984, 51.532721], [-0.009977, 51.532619], [-0.009967, 51.532497], [-0.00995, 51.532447], [-0.009895, 51.532403], [-0.009845, 51.5324], [-0.009683, 51.532457], [-0.009597, 51.532488], [-0.009589, 51.532487], [-0.009582, 51.532486], [-0.009549, 51.532445], [-0.009553, 51.532442], [-0.009621, 51.532402], [-0.009635, 51.532394], [-0.009721, 51.532344], [-0.009803, 51.532297], [-0.009849, 51.532267], [-0.009872, 51.532247], [-0.009926, 51.532192], [-0.009955, 51.532161], [-0.009959, 51.532154], [-0.009972, 51.53213], [-0.00998, 51.532115], [-0.009985, 51.532089], [-0.009979, 51.53203], [-0.009977, 51.532019], [-0.010134, 51.53193], [-0.010151, 51.531942], [-0.01016, 51.531944], [-0.010172, 51.531944], [-0.010235, 51.532034], [-0.010191, 51.532062], [-0.010142, 51.532107], [-0.010094, 51.532177], [-0.010081, 51.532216], [-0.010085, 51.532274], [-0.01012, 51.532577], [-0.010125, 51.532616], [-0.01013, 51.532661], [-0.010135, 51.532681], [-0.010145, 51.532683], [-0.010168, 51.532681], [-0.01018, 51.532675], [-0.010216, 51.532706], [-0.010269, 51.53274], [-0.010329, 51.532767], [-0.010428, 51.532805], [-0.010532, 51.532831], [-0.010645, 51.532858], [-0.010801, 51.532893], [-0.010904, 51.532917], [-0.010884, 51.532961], [-0.010851, 51.532952], [-0.010519, 51.532889], [-0.010449, 51.532878], [-0.010296, 51.532834], [-0.010156, 51.532786], [-0.010137, 51.532795], [-0.010141, 51.532939], [-0.010136, 51.533023], [-0.010098, 51.533083], [-0.01006, 51.533122], [-0.010008, 51.533153], [-0.009936, 51.533189], [-0.009818, 51.533242], [-0.009702, 51.533284], [-0.009673, 51.533302], [-0.009632, 51.533352], [-0.00961, 51.533395], [-0.009612, 51.533458], [-0.009628, 51.533498], [-0.009693, 51.533593], [-0.009729, 51.533644], [-0.009836, 51.533778], [-0.009881, 51.533834], [-0.009901, 51.533829], [-0.010087, 51.534013], [-0.01013, 51.534056], [-0.010209, 51.534132], [-0.010322, 51.534214], [-0.010481, 51.534322], [-0.010735, 51.534494], [-0.01086, 51.534582], [-0.011084, 51.534774], [-0.011076, 51.534782], [-0.011202, 51.534883], [-0.01128, 51.534944], [-0.011407, 51.535092], [-0.011491, 51.535175], [-0.01156, 51.535217], [-0.011788, 51.535328], [-0.012071, 51.535469], [-0.012282, 51.535555], [-0.012468, 51.535632], [-0.012595, 51.535694], [-0.012719, 51.535759], [-0.012891, 51.53586], [-0.013, 51.535924], [-0.013327, 51.536135], [-0.013457, 51.536226], [-0.013581, 51.536316], [-0.013671, 51.53639], [-0.013782, 51.536479], [-0.01383, 51.536519], [-0.014008, 51.536736], [-0.014093, 51.536854], [-0.014234, 51.537041], [-0.014293, 51.537101], [-0.014278, 51.53711], [-0.014371, 51.537203], [-0.014403, 51.537192], [-0.014481, 51.537287], [-0.014508, 51.537331], [-0.014525, 51.537393], [-0.014502, 51.537556], [-0.0145, 51.537584], [-0.014492, 51.537586], [-0.014485, 51.537621], [-0.014442, 51.537854], [-0.0144, 51.53801], [-0.014326, 51.538267], [-0.014273, 51.538455], [-0.014203, 51.538655], [-0.014143, 51.538764], [-0.014081, 51.538847], [-0.013994, 51.538949], [-0.013889, 51.539043], [-0.013813, 51.539111], [-0.013792, 51.539135], [-0.013786, 51.539178], [-0.013806, 51.539228], [-0.013826, 51.539254], [-0.01389, 51.539324], [-0.014026, 51.539456], [-0.014148, 51.539558], [-0.014373, 51.539744], [-0.014547, 51.539866], [-0.014826, 51.540072], [-0.015051, 51.540244], [-0.015288, 51.540425], [-0.015551, 51.540626], [-0.015634, 51.540686], [-0.015835, 51.540815], [-0.016028, 51.540932], [-0.016144, 51.540999], [-0.016261, 51.541063], [-0.016448, 51.541162], [-0.016554, 51.541216], [-0.016554, 51.541228], [-0.016566, 51.541239], [-0.01658, 51.541246], [-0.016601, 51.541249], [-0.016617, 51.541251]]]}, "properties": {"OBJECTID": 16, "Name": "City Mill River", "Type": "Back River", "FirstSeries": 1, "FirstRevision": 1}}, {"type": "Feature", "id": 9, "geometry": {"type": "Polygon", "coordinates": [[[-0.018672, 51.539286], [-0.018669, 51.539227], [-0.018656, 51.539159], [-0.018641, 51.539102], [-0.018615, 51.539076], [-0.018589, 51.539029], [-0.018562, 51.538918], [-0.018541, 51.538809], [-0.018528, 51.538619], [-0.018505, 51.538525], [-0.018456, 51.538428], [-0.018384, 51.538337], [-0.018263, 51.538225], [-0.018102, 51.538084], [-0.017747, 51.537765], [-0.017655, 51.537683], [-0.017483, 51.537528], [-0.017352, 51.537405], [-0.017206, 51.53727], [-0.017135, 51.537217], [-0.016992, 51.537104], [-0.016885, 51.537012], [-0.016757, 51.53688], [-0.016609, 51.536719], [-0.016564, 51.53667], [-0.016505, 51.536599], [-0.016426, 51.536525], [-0.016333, 51.53645], [-0.016233, 51.536377], [-0.016135, 51.536323], [-0.016016, 51.536266], [-0.015859, 51.536193], [-0.015818, 51.536175], [-0.015721, 51.536124], [-0.01566, 51.536083], [-0.015619, 51.536052], [-0.015563, 51.536009], [-0.015459, 51.535914], [-0.015319, 51.535793], [-0.015158, 51.535644], [-0.015128, 51.535601], [-0.015101, 51.535575], [-0.01503, 51.535516], [-0.014964, 51.535465], [-0.014908, 51.53542], [-0.014883, 51.535399], [-0.014866, 51.535376], [-0.014841, 51.535349], [-0.014816, 51.535322], [-0.014757, 51.535285], [-0.014707, 51.535254], [-0.01463, 51.53522], [-0.014454, 51.535145], [-0.014388, 51.535117], [-0.014207, 51.535039], [-0.014099, 51.535005], [-0.013953, 51.53496], [-0.013862, 51.534927], [-0.01371, 51.534861], [-0.013596, 51.534806], [-0.013481, 51.534715], [-0.013288, 51.534538], [-0.01324, 51.534449], [-0.013179, 51.534357], [-0.013091, 51.534225], [-0.013054, 51.534178], [-0.013009, 51.534127], [-0.012919, 51.534031], [-0.012858, 51.533969], [-0.012763, 51.533898], [-0.012651, 51.533824], [-0.012471, 51.533723], [-0.012392, 51.533673], [-0.012306, 51.53359], [-0.01221, 51.533492], [-0.011974, 51.533256], [-0.011761, 51.533014], [-0.011708, 51.532951], [-0.011615, 51.532829], [-0.011705, 51.532797], [-0.011719, 51.53281], [-0.011784, 51.532891], [-0.011847, 51.53298], [-0.011916, 51.533067], [-0.011941, 51.533097], [-0.011996, 51.533158], [-0.012108, 51.533279], [-0.012193, 51.533362], [-0.012283, 51.533446], [-0.012362, 51.533512], [-0.012423, 51.533557], [-0.012535, 51.533631], [-0.012632, 51.533695], [-0.012746, 51.533771], [-0.012924, 51.5339], [-0.013037, 51.533985], [-0.013189, 51.534165], [-0.013298, 51.534323], [-0.013324, 51.534356], [-0.013351, 51.534361], [-0.013362, 51.534368], [-0.013386, 51.534477], [-0.013584, 51.534658], [-0.013599, 51.534677], [-0.013672, 51.534729], [-0.013766, 51.534789], [-0.013834, 51.534828], [-0.013944, 51.534876], [-0.014121, 51.534942], [-0.014247, 51.534993], [-0.0144, 51.535051], [-0.014542, 51.535108], [-0.014646, 51.535159], [-0.014776, 51.535233], [-0.014868, 51.535292], [-0.015042, 51.535407], [-0.015235, 51.535547], [-0.015359, 51.535648], [-0.015544, 51.535827], [-0.01567, 51.535953], [-0.01575, 51.536029], [-0.015816, 51.536072], [-0.015907, 51.536118], [-0.016071, 51.536198], [-0.016228, 51.536276], [-0.016385, 51.536363], [-0.01644, 51.536404], [-0.016527, 51.536465], [-0.016599, 51.536538], [-0.016635, 51.536577], [-0.01671, 51.536678], [-0.016801, 51.536772], [-0.016873, 51.536844], [-0.016926, 51.536912], [-0.017029, 51.536994], [-0.017207, 51.537134], [-0.0173, 51.53721], [-0.017446, 51.537329], [-0.017566, 51.537435], [-0.017722, 51.537579], [-0.017853, 51.537717], [-0.01799, 51.537844], [-0.01811, 51.537951], [-0.018221, 51.538053], [-0.018388, 51.53819], [-0.018499, 51.538283], [-0.018543, 51.538318], [-0.018604, 51.538396], [-0.018631, 51.538456], [-0.01864, 51.538481], [-0.018672, 51.538537], [-0.018687, 51.538578], [-0.018695, 51.538621], [-0.0187, 51.538689], [-0.018707, 51.53875], [-0.018715, 51.5388], [-0.018723, 51.538853], [-0.018732, 51.538903], [-0.018753, 51.538991], [-0.018787, 51.539121], [-0.018812, 51.539211], [-0.018828, 51.539232], [-0.018672, 51.539286]]]}, "properties": {"OBJECTID": 17, "Name": "Pudding Mill River", "Type": "Back River", "FirstSeries": 1, "FirstRevision": 1}}, {"type": "Feature", "id": 10, "geometry": {"type": "Polygon", "coordinates": [[[-0.011374, 51.532601], [-0.011088, 51.532256], [-0.010997, 51.532145], [-0.010856, 51.531976], [-0.010823, 51.531935], [-0.010617, 51.531951], [-0.010351, 51.532001], [-0.010235, 51.532034], [-0.010172, 51.531944], [-0.010315, 51.531916], [-0.010454, 51.53189], [-0.010604, 51.531864], [-0.010764, 51.53183], [-0.010933, 51.531792], [-0.010946, 51.531787], [-0.011046, 51.531756], [-0.011097, 51.531804], [-0.010993, 51.531859], [-0.010991, 51.531937], [-0.010996, 51.532027], [-0.011015, 51.532055], [-0.011051, 51.532104], [-0.011092, 51.532147], [-0.011138, 51.532196], [-0.011253, 51.532297], [-0.011356, 51.532381], [-0.011387, 51.532405], [-0.011481, 51.532528], [-0.011448, 51.532542], [-0.011469, 51.532565], [-0.011374, 51.532601]]]}, "properties": {"OBJECTID": 18, "Name": "Pudding Mill River", "Type": "Back River", "FirstSeries": 1, "FirstRevision": 1}}, {"type": "Feature", "id": 11, "geometry": {"type": "Polygon", "coordinates": [[[-0.016976, 51.550541], [-0.016945, 51.550511], [-0.016838, 51.550422], [-0.016768, 51.550373], [-0.016748, 51.550341], [-0.016707, 51.550318], [-0.01668, 51.550288], [-0.016645, 51.550262], [-0.016613, 51.550239], [-0.01659, 51.5502], [-0.016551, 51.550182], [-0.016519, 51.550157], [-0.016498, 51.550124], [-0.016487, 51.550109], [-0.016437, 51.550082], [-0.016371, 51.550056], [-0.016335, 51.550045], [-0.016284, 51.55004], [-0.01625, 51.550045], [-0.016186, 51.550048], [-0.016135, 51.550052], [-0.016045, 51.550051], [-0.015973, 51.550049], [-0.015903, 51.550038], [-0.015836, 51.550023], [-0.015791, 51.550015], [-0.015772, 51.550013], [-0.015772, 51.550023], [-0.015814, 51.550053], [-0.015857, 51.550087], [-0.015897, 51.550122], [-0.015943, 51.550167], [-0.015991, 51.550201], [-0.016017, 51.550218], [-0.016053, 51.550267], [-0.016084, 51.550304], [-0.016139, 51.550348], [-0.016186, 51.5504], [-0.016261, 51.550451], [-0.016312, 51.550494], [-0.016351, 51.550527], [-0.016382, 51.550552], [-0.01641, 51.550563], [-0.016438, 51.550577], [-0.01649, 51.550615], [-0.016559, 51.550687], [-0.016596, 51.550733], [-0.016623, 51.550797], [-0.016672, 51.550871], [-0.016687, 51.550951], [-0.016704, 51.551038], [-0.016727, 51.551086], [-0.016755, 51.551147], [-0.016773, 51.55125], [-0.016823, 51.551518], [-0.01675, 51.551523], [-0.016732, 51.551455], [-0.016697, 51.551348], [-0.016668, 51.551184], [-0.016637, 51.551042], [-0.01659, 51.550915], [-0.016559, 51.550908], [-0.016469, 51.550922], [-0.016275, 51.551038], [-0.015876, 51.551261], [-0.015573, 51.55143], [-0.015517, 51.551448], [-0.015502, 51.551473], [-0.015505, 51.551502], [-0.015562, 51.55164], [-0.016022, 51.551581], [-0.016251, 51.551557], [-0.016273, 51.551573], [-0.015269, 51.5517], [-0.015229, 51.551701], [-0.015216, 51.551693], [-0.015213, 51.551679], [-0.015524, 51.551638], [-0.015476, 51.551556], [-0.015441, 51.551478], [-0.015452, 51.551444], [-0.015511, 51.55141], [-0.0158, 51.55125], [-0.01595, 51.551179], [-0.016108, 51.551097], [-0.016296, 51.550995], [-0.016429, 51.55092], [-0.016528, 51.550885], [-0.016578, 51.550868], [-0.016572, 51.550825], [-0.016524, 51.550756], [-0.016433, 51.550644], [-0.016397, 51.550604], [-0.016291, 51.550546], [-0.016243, 51.550511], [-0.016205, 51.550494], [-0.016184, 51.550464], [-0.01615, 51.550446], [-0.016113, 51.550419], [-0.01607, 51.550367], [-0.016026, 51.550351], [-0.015975, 51.550339], [-0.015934, 51.550321], [-0.015898, 51.55032], [-0.015921, 51.550252], [-0.015888, 51.550205], [-0.015811, 51.550133], [-0.015716, 51.550085], [-0.015644, 51.550041], [-0.015589, 51.549975], [-0.015516, 51.549935], [-0.015425, 51.549933], [-0.015398, 51.549894], [-0.015408, 51.549658], [-0.015405, 51.54948], [-0.01537, 51.549354], [-0.015314, 51.5492], [-0.015379, 51.549151], [-0.015453, 51.549149], [-0.015635, 51.54918], [-0.0158, 51.549197], [-0.016042, 51.549177], [-0.01622, 51.549162], [-0.016272, 51.549155], [-0.016318, 51.549152], [-0.016347, 51.549145], [-0.016373, 51.549136], [-0.016392, 51.549245], [-0.016376, 51.549237], [-0.016341, 51.549234], [-0.016208, 51.54924], [-0.016058, 51.54925], [-0.015891, 51.549259], [-0.015739, 51.549258], [-0.015594, 51.549241], [-0.015541, 51.549242], [-0.015517, 51.549266], [-0.015527, 51.54939], [-0.015536, 51.549435], [-0.015538, 51.549487], [-0.015547, 51.549537], [-0.015557, 51.549564], [-0.015549, 51.549587], [-0.015498, 51.549613], [-0.015506, 51.549687], [-0.015507, 51.549763], [-0.015521, 51.549787], [-0.01558, 51.54984], [-0.015581, 51.549902], [-0.015667, 51.549944], [-0.01575, 51.549964], [-0.015875, 51.549983], [-0.016001, 51.549992], [-0.016111, 51.549992], [-0.016238, 51.549982], [-0.016322, 51.549979], [-0.016387, 51.54998], [-0.01645, 51.550005], [-0.016528, 51.550051], [-0.01661, 51.550103], [-0.016651, 51.550134], [-0.01668, 51.550175], [-0.016767, 51.550262], [-0.016844, 51.550335], [-0.016907, 51.550381], [-0.016943, 51.550427], [-0.016976, 51.550456], [-0.017006, 51.550476], [-0.017045, 51.550488], [-0.016976, 51.550541]]]}, "properties": {"OBJECTID": 19, "Name": "Channelsea River", "Type": "Back River", "FirstSeries": 1, "FirstRevision": 1}}, {"type": "Feature", "id": 12, "geometry": {"type": "Polygon", "coordinates": [[[-0.015847, 51.547432], [-0.015749, 51.547389], [-0.015708, 51.54737], [-0.015686, 51.547314], [-0.015676, 51.547262], [-0.015663, 51.547209], [-0.015658, 51.547171], [-0.015603, 51.547101], [-0.015536, 51.547041], [-0.015483, 51.546991], [-0.015431, 51.546916], [-0.015404, 51.546845], [-0.015381, 51.546799], [-0.015379, 51.546774], [-0.015354, 51.546735], [-0.015341, 51.546686], [-0.015337, 51.546623], [-0.015318, 51.546571], [-0.015259, 51.54646], [-0.015221, 51.546404], [-0.015103, 51.5464], [-0.015103, 51.546383], [-0.015192, 51.546381], [-0.015185, 51.54634], [-0.015163, 51.54627], [-0.01516, 51.546207], [-0.015232, 51.546088], [-0.015285, 51.54599], [-0.015309, 51.545876], [-0.015349, 51.545799], [-0.015393, 51.545695], [-0.015432, 51.545564], [-0.01547, 51.545392], [-0.015503, 51.545272], [-0.015524, 51.545212], [-0.015533, 51.545149], [-0.015547, 51.545094], [-0.01554, 51.545054], [-0.015445, 51.544982], [-0.015341, 51.544917], [-0.015294, 51.544879], [-0.015248, 51.544807], [-0.015123, 51.544739], [-0.01498, 51.544664], [-0.014866, 51.544612], [-0.01475, 51.544546], [-0.014595, 51.544457], [-0.014484, 51.544404], [-0.014374, 51.544334], [-0.01428, 51.544268], [-0.014164, 51.544191], [-0.014055, 51.544092], [-0.013933, 51.543967], [-0.013816, 51.543849], [-0.013757, 51.543781], [-0.013833, 51.543731], [-0.0139, 51.543802], [-0.01406, 51.543974], [-0.014186, 51.544093], [-0.014254, 51.544155], [-0.014343, 51.544211], [-0.014513, 51.544313], [-0.014602, 51.544359], [-0.014611, 51.54438], [-0.014688, 51.544413], [-0.014748, 51.544443], [-0.01485, 51.544498], [-0.01493, 51.544551], [-0.015046, 51.544612], [-0.015103, 51.544649], [-0.015171, 51.544684], [-0.015237, 51.544725], [-0.015323, 51.544774], [-0.015359, 51.54479], [-0.015385, 51.544832], [-0.015449, 51.544894], [-0.015499, 51.544933], [-0.01555, 51.544961], [-0.015582, 51.544988], [-0.015641, 51.54505], [-0.015661, 51.545081], [-0.015662, 51.54513], [-0.015668, 51.545184], [-0.015645, 51.545223], [-0.015617, 51.545312], [-0.015576, 51.545403], [-0.015538, 51.545518], [-0.015545, 51.54557], [-0.01551, 51.545661], [-0.015488, 51.545748], [-0.015433, 51.545884], [-0.015395, 51.545988], [-0.01534, 51.546073], [-0.015291, 51.546146], [-0.015282, 51.546211], [-0.015268, 51.546258], [-0.015327, 51.546373], [-0.015408, 51.546542], [-0.015414, 51.546599], [-0.01541, 51.546632], [-0.015424, 51.54667], [-0.015459, 51.546707], [-0.015472, 51.546749], [-0.015534, 51.54687], [-0.015579, 51.546949], [-0.015619, 51.54701], [-0.015713, 51.547097], [-0.015775, 51.547159], [-0.015791, 51.5472], [-0.015792, 51.547251], [-0.015809, 51.547276], [-0.015847, 51.547432]]]}, "properties": {"OBJECTID": 20, "Name": "Channelsea River", "Type": "Back River", "FirstSeries": 1, "FirstRevision": 1}}, {"type": "Feature", "id": 13, "geometry": {"type": "Polygon", "coordinates": [[[-0.013833, 51.543731], [-0.013757, 51.543781], [-0.013731, 51.543756], [-0.013611, 51.543641], [-0.013588, 51.543605], [-0.013439, 51.543456], [-0.013161, 51.543167], [-0.013018, 51.543024], [-0.012821, 51.542865], [-0.01266, 51.542759], [-0.012514, 51.542688], [-0.012442, 51.542664], [-0.012368, 51.542667], [-0.012309, 51.542687], [-0.012237, 51.542725], [-0.012135, 51.542756], [-0.012037, 51.542762], [-0.01183, 51.542758], [-0.011625, 51.542763], [-0.011435, 51.542778], [-0.011218, 51.542792], [-0.011035, 51.542793], [-0.010819, 51.542781], [-0.010733, 51.542782], [-0.010449, 51.54279], [-0.010024, 51.542793], [-0.009808, 51.542783], [-0.009354, 51.54277], [-0.009324, 51.542765], [-0.00829, 51.542445], [-0.007958, 51.542365], [-0.007843, 51.54235], [-0.007767, 51.542343], [-0.007718, 51.542352], [-0.007472, 51.542311], [-0.007421, 51.542292], [-0.007221, 51.542258], [-0.007057, 51.54224], [-0.006929, 51.542243], [-0.00684, 51.542253], [-0.006743, 51.542225], [-0.006667, 51.542216], [-0.006522, 51.542198], [-0.006245, 51.542176], [-0.006009, 51.542132], [-0.005833, 51.542093], [-0.005356, 51.541975], [-0.005154, 51.541914], [-0.004841, 51.54181], [-0.004455, 51.541701], [-0.00401, 51.54156], [-0.003916, 51.541541], [-0.003686, 51.541429], [-0.003435, 51.541162], [-0.003429, 51.540954], [-0.003444, 51.540886], [-0.003651, 51.540413], [-0.003653, 51.540368], [-0.003658, 51.540261], [-0.003633, 51.540192], [-0.003578, 51.540121], [-0.00349, 51.540043], [-0.003395, 51.539994], [-0.003256, 51.539946], [-0.00312, 51.539929], [-0.002732, 51.539924], [-0.002614, 51.539909], [-0.002538, 51.539888], [-0.002333, 51.539833], [-0.002215, 51.539685], [-0.002113, 51.539426], [-0.002004, 51.539135], [-0.00196, 51.538951], [-0.001958, 51.538854], [-0.00192, 51.538612], [-0.001893, 51.538602], [-0.002007, 51.538444], [-0.002127, 51.538334], [-0.002277, 51.538188], [-0.002292, 51.538057], [-0.002219, 51.537917], [-0.002161, 51.537836], [-0.00224, 51.53778], [-0.002281, 51.537815], [-0.002341, 51.537846], [-0.002428, 51.538017], [-0.002405, 51.538055], [-0.00243, 51.538105], [-0.002373, 51.538229], [-0.002267, 51.53834], [-0.002185, 51.538405], [-0.002096, 51.538487], [-0.002056, 51.538563], [-0.00204, 51.538644], [-0.002056, 51.538706], [-0.002081, 51.538894], [-0.002128, 51.539154], [-0.002193, 51.539338], [-0.002335, 51.539653], [-0.002372, 51.539716], [-0.002426, 51.539749], [-0.002607, 51.539798], [-0.0027, 51.539817], [-0.002828, 51.539825], [-0.003002, 51.539828], [-0.0032, 51.53984], [-0.003336, 51.539871], [-0.003468, 51.539915], [-0.003567, 51.539965], [-0.003653, 51.540027], [-0.003732, 51.540106], [-0.003795, 51.540195], [-0.00382, 51.540308], [-0.003804, 51.540416], [-0.003771, 51.540524], [-0.003758, 51.540556], [-0.003582, 51.540941], [-0.00358, 51.540995], [-0.003548, 51.541093], [-0.003564, 51.541147], [-0.003619, 51.541214], [-0.003683, 51.541292], [-0.003753, 51.541357], [-0.003788, 51.541396], [-0.003896, 51.541436], [-0.004092, 51.541489], [-0.004532, 51.541635], [-0.004677, 51.541666], [-0.004761, 51.541704], [-0.004908, 51.541754], [-0.005073, 51.54181], [-0.005297, 51.541873], [-0.005508, 51.541932], [-0.005779, 51.542009], [-0.006027, 51.542058], [-0.006197, 51.542088], [-0.006385, 51.542116], [-0.006585, 51.542144], [-0.006822, 51.542173], [-0.00699, 51.542178], [-0.007151, 51.54218], [-0.007352, 51.542199], [-0.007543, 51.542237], [-0.007664, 51.54225], [-0.007974, 51.542276], [-0.008113, 51.542307], [-0.008279, 51.542352], [-0.008451, 51.542404], [-0.008659, 51.542474], [-0.008884, 51.542545], [-0.009104, 51.542615], [-0.009303, 51.542668], [-0.009437, 51.542686], [-0.009552, 51.542697], [-0.009717, 51.542694], [-0.009906, 51.542705], [-0.010077, 51.542712], [-0.010202, 51.542718], [-0.010342, 51.54271], [-0.010541, 51.542699], [-0.010639, 51.5427], [-0.010828, 51.542703], [-0.01109, 51.54271], [-0.011279, 51.542713], [-0.011537, 51.542698], [-0.011751, 51.542687], [-0.012041, 51.542688], [-0.012123, 51.542685], [-0.01225, 51.542644], [-0.012392, 51.5426], [-0.012441, 51.542599], [-0.01255, 51.542622], [-0.012682, 51.542685], [-0.012854, 51.542787], [-0.012991, 51.542881], [-0.013129, 51.543005], [-0.013246, 51.543114], [-0.013416, 51.543269], [-0.013591, 51.543458], [-0.013627, 51.543482], [-0.01367, 51.54354], [-0.013722, 51.543605], [-0.013833, 51.543731]]]}, "properties": {"OBJECTID": 21, "Name": "Channelsea River", "Type": "Back River", "FirstSeries": 1, "FirstRevision": 1}}, {"type": "Feature", "id": 14, "geometry": {"type": "Polygon", "coordinates": [[[-0.002161, 51.537836], [-0.001995, 51.537742], [-0.001915, 51.537758], [-0.001863, 51.537604], [-0.001828, 51.537502], [-0.001744, 51.537264], [-0.001697, 51.537121], [-0.00169, 51.537094], [-0.001715, 51.537075], [-0.001775, 51.537074], [-0.001762, 51.536902], [-0.001744, 51.536892], [-0.001735, 51.53678], [-0.001722, 51.536662], [-0.001752, 51.536661], [-0.001706, 51.536353], [-0.00168, 51.536161], [-0.00162, 51.535853], [-0.001625, 51.535838], [-0.001537, 51.535569], [-0.001451, 51.535375], [-0.001384, 51.535193], [-0.001316, 51.535001], [-0.001282, 51.534897], [-0.001216, 51.534634], [-0.001173, 51.534471], [-0.001145, 51.534419], [-0.001052, 51.534309], [-0.000951, 51.534194], [-0.000895, 51.534165], [-0.000873, 51.53415], [-0.000783, 51.534056], [-0.000785, 51.534015], [-0.000719, 51.533946], [-0.000617, 51.533833], [-0.000435, 51.533596], [-0.000338, 51.533469], [-0.000284, 51.533395], [-0.000206, 51.533277], [-9.7e-05, 51.533098], [-2.5e-05, 51.532971], [-9e-06, 51.532913], [1.2e-05, 51.53283], [2.6e-05, 51.53272], [5.1e-05, 51.532526], [7.8e-05, 51.532402], [9.3e-05, 51.532325], [0.000129, 51.532264], [0.000222, 51.53219], [0.000369, 51.532098], [0.000489, 51.532021], [0.00077, 51.531939], [0.000838, 51.531878], [0.000904, 51.531823], [0.000978, 51.531727], [0.001061, 51.531593], [0.001111, 51.531478], [0.001135, 51.531345], [0.001143, 51.531278], [0.001182, 51.531167], [0.001135, 51.531182], [0.001097, 51.531163], [0.001074, 51.531252], [0.001064, 51.531291], [0.000992, 51.531426], [0.000932, 51.531464], [0.000855, 51.531431], [0.000936, 51.531308], [0.000815, 51.531298], [0.000705, 51.531405], [0.000384, 51.531919], [0.000323, 51.531991], [0.000179, 51.532087], [4.1e-05, 51.532182], [1e-05, 51.532209], [-4e-05, 51.532274], [-0.0001, 51.532418], [-0.000121, 51.53255], [-0.000124, 51.532641], [-0.000157, 51.532736], [-0.000177, 51.532842], [-0.00022, 51.532968], [-0.000261, 51.533063], [-0.000325, 51.53318], [-0.000481, 51.533427], [-0.000732, 51.533741], [-0.001136, 51.53423], [-0.001259, 51.534418], [-0.001337, 51.534642], [-0.001543, 51.535222], [-0.001727, 51.535679], [-0.00181, 51.535921], [-0.001863, 51.536352], [-0.001879, 51.536519], [-0.00191, 51.536956], [-0.001939, 51.53712], [-0.002118, 51.537657], [-0.00224, 51.53778], [-0.002161, 51.537836]]]}, "properties": {"OBJECTID": 22, "Name": "Channelsea River", "Type": "Back River", "FirstSeries": 1, "FirstRevision": 1}}, {"type": "Feature", "id": 15, "geometry": {"type": "Polygon", "coordinates": [[[0.001203, 51.531126], [0.00124, 51.530918], [0.001262, 51.530815], [0.001281, 51.530815], [0.001286, 51.530678], [0.001297, 51.530519], [0.001299, 51.530494], [0.001325, 51.530458], [0.001398, 51.530402], [0.001438, 51.530353], [0.001444, 51.530319], [0.001431, 51.53027], [0.001423, 51.530229], [0.001439, 51.53015], [0.001473, 51.530069], [0.001521, 51.52998], [0.001545, 51.529919], [0.001537, 51.529855], [0.00151, 51.529809], [0.001442, 51.529752], [0.001333, 51.529694], [0.001158, 51.529614], [0.000952, 51.52952], [0.0008, 51.52945], [0.00072, 51.529407], [0.000702, 51.529386], [0.000682, 51.529338], [0.000686, 51.529289], [0.000706, 51.529234], [0.000718, 51.529149], [0.000705, 51.529082], [0.000661, 51.528982], [0.000606, 51.52886], [0.000582, 51.528796], [0.00059, 51.528716], [0.000622, 51.528521], [0.000626, 51.528398], [0.000622, 51.528354], [0.000605, 51.528314], [0.000568, 51.528259], [0.000521, 51.528223], [0.000474, 51.528197], [0.000433, 51.528184], [0.00038, 51.528177], [0.000282, 51.528177], [0.000233, 51.528178], [0.000168, 51.528172], [0.000124, 51.528166], [7.1e-05, 51.528141], [1.8e-05, 51.528099], [-4.8e-05, 51.528043], [-0.000142, 51.527981], [-0.000266, 51.527926], [-0.000406, 51.527868], [-0.000559, 51.527785], [-0.000721, 51.527701], [-0.000895, 51.527634], [-0.001017, 51.527606], [-0.001151, 51.527583], [-0.001324, 51.527557], [-0.001449, 51.527523], [-0.001547, 51.527475], [-0.001677, 51.527372], [-0.00184, 51.527237], [-0.001997, 51.52713], [-0.002112, 51.527064], [-0.002258, 51.527005], [-0.00238, 51.526964], [-0.002625, 51.526905], [-0.002771, 51.526878], [-0.002959, 51.526837], [-0.003237, 51.526781], [-0.00344, 51.526751], [-0.00366, 51.526727], [-0.003845, 51.526686], [-0.003971, 51.526655], [-0.004151, 51.526592], [-0.004312, 51.526527], [-0.004449, 51.52648], [-0.004627, 51.526431], [-0.004903, 51.52636], [-0.005186, 51.526287], [-0.005398, 51.526238], [-0.00556, 51.5262], [-0.005799, 51.526155], [-0.005929, 51.526141], [-0.006051, 51.526134], [-0.006277, 51.526161], [-0.006421, 51.526176], [-0.006474, 51.526178], [-0.006452, 51.526269], [-0.006396, 51.526261], [-0.006314, 51.526248], [-0.006243, 51.526245], [-0.006195, 51.526239], [-0.006123, 51.526223], [-0.006027, 51.526209], [-0.005936, 51.526201], [-0.005842, 51.526203], [-0.005776, 51.526218], [-0.005747, 51.526234], [-0.005627, 51.52626], [-0.005479, 51.526292], [-0.005309, 51.526329], [-0.005198, 51.526356], [-0.00491, 51.526433], [-0.004765, 51.526476], [-0.004701, 51.526492], [-0.004495, 51.526565], [-0.004361, 51.526624], [-0.004248, 51.526672], [-0.004126, 51.526708], [-0.004057, 51.526728], [-0.003969, 51.526738], [-0.003764, 51.526782], [-0.003617, 51.526818], [-0.003493, 51.526827], [-0.00333, 51.526835], [-0.003158, 51.526864], [-0.002905, 51.526917], [-0.002722, 51.526957], [-0.002543, 51.527], [-0.002429, 51.527036], [-0.002304, 51.527091], [-0.002183, 51.527165], [-0.002071, 51.527259], [-0.001991, 51.527326], [-0.001857, 51.527437], [-0.001776, 51.527522], [-0.001692, 51.527619], [-0.001616, 51.52769], [-0.001559, 51.527737], [-0.001489, 51.527804], [-0.001432, 51.527841], [-0.001353, 51.527872], [-0.001265, 51.527893], [-0.001168, 51.527907], [-0.001071, 51.52793], [-0.000976, 51.527965], [-0.000879, 51.528025], [-0.000778, 51.528117], [-0.000692, 51.528226], [-0.000563, 51.528408], [-0.00038, 51.528681], [-0.000161, 51.529018], [-7.9e-05, 51.529141], [7.1e-05, 51.529372], [0.000167, 51.529496], [0.000272, 51.529618], [0.000331, 51.529677], [0.000428, 51.529809], [0.000546, 51.529987], [0.000585, 51.530053], [0.000594, 51.53009], [0.00059, 51.53014], [0.000555, 51.5302], [0.000542, 51.530251], [0.00053, 51.530313], [0.00055, 51.530376], [0.000606, 51.53048], [0.000668, 51.530596], [0.000714, 51.530678], [0.000831, 51.530772], [0.000842, 51.530782], [0.000866, 51.530865], [0.000847, 51.53087], [0.000863, 51.530915], [0.000882, 51.530945], [0.0009, 51.530998], [0.000911, 51.531041], [0.0009, 51.531086], [0.000944, 51.531089], [0.000956, 51.530992], [0.000979, 51.530853], [0.000991, 51.530736], [0.000981, 51.530618], [0.000952, 51.530544], [0.000916, 51.530457], [0.000824, 51.530286], [0.000771, 51.530185], [0.000668, 51.530014], [0.000556, 51.529851], [0.000373, 51.529606], [0.000248, 51.529478], [0.000206, 51.529422], [0.00014, 51.529318], [1.9e-05, 51.529127], [-7.9e-05, 51.528981], [-0.000162, 51.528846], [-0.000205, 51.528782], [-0.000375, 51.528518], [-0.000519, 51.528297], [-0.000588, 51.528197], [-0.000612, 51.528153], [-0.000637, 51.528119], [-0.000645, 51.528079], [-0.000648, 51.528041], [-0.000671, 51.527998], [-0.000702, 51.527959], [-0.000752, 51.527923], [-0.000824, 51.527887], [-0.000932, 51.527849], [-0.001052, 51.527808], [-0.001089, 51.527796], [-0.001166, 51.527767], [-0.001245, 51.527744], [-0.001333, 51.52772], [-0.001369, 51.527702], [-0.001376, 51.527678], [-0.001356, 51.527648], [-0.001322, 51.527636], [-0.001267, 51.52763], [-0.001194, 51.52763], [-0.001083, 51.527642], [-0.00102, 51.527654], [-0.000918, 51.527687], [-0.000772, 51.527756], [-0.000639, 51.527827], [-0.000461, 51.52792], [-0.000324, 51.52799], [-0.000224, 51.528042], [-0.00012, 51.528115], [-3e-05, 51.528184], [4.2e-05, 51.528214], [0.000107, 51.528234], [0.000176, 51.528243], [0.000294, 51.528259], [0.000373, 51.528278], [0.000421, 51.528296], [0.000468, 51.528329], [0.000497, 51.528369], [0.000511, 51.528413], [0.000501, 51.528491], [0.000481, 51.528617], [0.000479, 51.528748], [0.000493, 51.528841], [0.000509, 51.528911], [0.000555, 51.529033], [0.000584, 51.529128], [0.000589, 51.529167], [0.000588, 51.529255], [0.000584, 51.529313], [0.000593, 51.529378], [0.000605, 51.529405], [0.00062, 51.529426], [0.000657, 51.52945], [0.000701, 51.529478], [0.000775, 51.52952], [0.000836, 51.529553], [0.000994, 51.529617], [0.001144, 51.529682], [0.001248, 51.529731], [0.00133, 51.52978], [0.001368, 51.529819], [0.001389, 51.529856], [0.001397, 51.529899], [0.001394, 51.529935], [0.001383, 51.529984], [0.001368, 51.53002], [0.00133, 51.530097], [0.001273, 51.530163], [0.001202, 51.530255], [0.00115, 51.530351], [0.001125, 51.530409], [0.001107, 51.530475], [0.001101, 51.530545], [0.001108, 51.530601], [0.001113, 51.53072], [0.0011, 51.530983], [0.001097, 51.531011], [0.001097, 51.531092], [0.00109, 51.531102], [0.001101, 51.53111], [0.001123, 51.531115], [0.001203, 51.531126]]]}, "properties": {"OBJECTID": 23, "Name": "Channelsea River and Abbey Creek", "Type": "Back River", "FirstSeries": 1, "FirstRevision": 1}}, {"type": "Feature", "id": 16, "geometry": {"type": "Polygon", "coordinates": [[[-0.01683, 51.544186], [-0.016853, 51.544265], [-0.016854, 51.544287], [-0.016843, 51.544317], [-0.016849, 51.544332], [-0.016879, 51.544376], [-0.016885, 51.544393], [-0.016878, 51.544423], [-0.016926, 51.544479], [-0.016993, 51.544559], [-0.017034, 51.544653], [-0.017063, 51.544732], [-0.017059, 51.544749], [-0.017076, 51.544756], [-0.017078, 51.544765], [-0.017074, 51.544782], [-0.017108, 51.544814], [-0.017113, 51.544833], [-0.017116, 51.544894], [-0.017116, 51.544914], [-0.017136, 51.544938], [-0.017148, 51.544968], [-0.017125, 51.544984], [-0.017122, 51.544996], [-0.017127, 51.545013], [-0.01716, 51.545134], [-0.017174, 51.545181], [-0.017152, 51.545191], [-0.017155, 51.54521], [-0.017179, 51.545226], [-0.017184, 51.545308], [-0.017174, 51.545325], [-0.017175, 51.545331], [-0.0172, 51.545353], [-0.017203, 51.545373], [-0.017227, 51.545448], [-0.017227, 51.54549], [-0.017244, 51.54551], [-0.017261, 51.545543], [-0.017265, 51.545567], [-0.016936, 51.545568], [-0.016921, 51.545523], [-0.016905, 51.545463], [-0.016899, 51.54543], [-0.016892, 51.545405], [-0.016875, 51.545376], [-0.016881, 51.545332], [-0.016878, 51.54532], [-0.016854, 51.545249], [-0.016835, 51.545227], [-0.016811, 51.545218], [-0.016794, 51.545111], [-0.01681, 51.545101], [-0.016828, 51.54507], [-0.016828, 51.545015], [-0.016815, 51.544941], [-0.016783, 51.544886], [-0.016763, 51.544776], [-0.016725, 51.544651], [-0.016683, 51.544562], [-0.016585, 51.544435], [-0.016564, 51.544403], [-0.016559, 51.544358], [-0.016541, 51.544342], [-0.016513, 51.544312], [-0.016503, 51.544265], [-0.016512, 51.544231], [-0.016489, 51.544216], [-0.016483, 51.544157], [-0.016451, 51.544095], [-0.016434, 51.544061], [-0.016491, 51.543873], [-0.016478, 51.543843], [-0.016497, 51.543788], [-0.016482, 51.543759], [-0.016499, 51.543681], [-0.016508, 51.543527], [-0.016474, 51.543401], [-0.016441, 51.543381], [-0.016428, 51.543303], [-0.016226, 51.542964], [-0.016134, 51.54276], [-0.016128, 51.542738], [-0.016117, 51.542522], [-0.016107, 51.542478], [-0.016086, 51.542472], [-0.016086, 51.542387], [-0.016288, 51.541805], [-0.016317, 51.541702], [-0.016337, 51.541572], [-0.016364, 51.541388], [-0.016375, 51.541295], [-0.016609, 51.54125], [-0.016641, 51.541244], [-0.016681, 51.541221], [-0.016767, 51.541195], [-0.017039, 51.541136], [-0.017166, 51.541109], [-0.017407, 51.541059], [-0.017493, 51.541023], [-0.017598, 51.540948], [-0.01765, 51.540893], [-0.017676, 51.540841], [-0.017673, 51.540766], [-0.017658, 51.540736], [-0.017624, 51.540671], [-0.017621, 51.54054], [-0.017621, 51.540504], [-0.017645, 51.540339], [-0.017683, 51.54024], [-0.017759, 51.540131], [-0.017841, 51.540045], [-0.017953, 51.539958], [-0.018163, 51.539823], [-0.018224, 51.539785], [-0.018455, 51.539615], [-0.018558, 51.539527], [-0.018599, 51.539462], [-0.018641, 51.539364], [-0.018672, 51.539286], [-0.018828, 51.539232], [-0.018841, 51.53923], [-0.018859, 51.539225], [-0.018885, 51.539197], [-0.01891, 51.539142], [-0.018957, 51.538964], [-0.019165, 51.538536], [-0.01943, 51.538226], [-0.019597, 51.538083], [-0.019825, 51.537955], [-0.019952, 51.537928], [-0.019994, 51.53789], [-0.020052, 51.537873], [-0.020098, 51.537874], [-0.020169, 51.537807], [-0.020403, 51.537707], [-0.02046, 51.537705], [-0.020565, 51.537652], [-0.020675, 51.537763], [-0.02055, 51.537821], [-0.020441, 51.537866], [-0.020353, 51.537903], [-0.020093, 51.53801], [-0.019944, 51.538076], [-0.019845, 51.538138], [-0.019822, 51.538174], [-0.019821, 51.538248], [-0.019839, 51.538389], [-0.01968, 51.538389], [-0.019679, 51.53835], [-0.019663, 51.538323], [-0.019622, 51.538315], [-0.019591, 51.538325], [-0.019571, 51.538345], [-0.019538, 51.538395], [-0.019489, 51.538462], [-0.019417, 51.538582], [-0.01936, 51.5387], [-0.019336, 51.538758], [-0.019287, 51.538873], [-0.019286, 51.538939], [-0.019261, 51.538971], [-0.019239, 51.539014], [-0.019231, 51.539045], [-0.019252, 51.539047], [-0.01913, 51.539322], [-0.019073, 51.539431], [-0.018975, 51.539563], [-0.018879, 51.539643], [-0.018731, 51.539725], [-0.018608, 51.539781], [-0.018392, 51.539895], [-0.018224, 51.540015], [-0.018128, 51.540087], [-0.018061, 51.540169], [-0.018007, 51.540266], [-0.017991, 51.540327], [-0.017965, 51.540453], [-0.01795, 51.540494], [-0.017931, 51.540539], [-0.01794, 51.540552], [-0.017959, 51.540553], [-0.017963, 51.540572], [-0.017938, 51.540581], [-0.017933, 51.540597], [-0.017965, 51.540624], [-0.017953, 51.540665], [-0.017933, 51.540746], [-0.017899, 51.540849], [-0.017852, 51.540962], [-0.01778, 51.541053], [-0.01768, 51.541109], [-0.017537, 51.541172], [-0.017459, 51.541187], [-0.017382, 51.541202], [-0.017283, 51.541229], [-0.017159, 51.541262], [-0.017031, 51.541307], [-0.01688, 51.541363], [-0.016793, 51.541417], [-0.016726, 51.541469], [-0.016709, 51.541518], [-0.016735, 51.541538], [-0.016779, 51.541542], [-0.016788, 51.541554], [-0.016852, 51.541561], [-0.016801, 51.541903], [-0.016744, 51.541901], [-0.016723, 51.541909], [-0.01665, 51.541905], [-0.016572, 51.541913], [-0.016526, 51.541952], [-0.016479, 51.542027], [-0.016433, 51.542173], [-0.016395, 51.542343], [-0.016382, 51.542491], [-0.016382, 51.542579], [-0.016407, 51.542664], [-0.016457, 51.542802], [-0.016573, 51.543117], [-0.016627, 51.54323], [-0.016655, 51.543241], [-0.016664, 51.543264], [-0.016646, 51.543274], [-0.016662, 51.543311], [-0.016727, 51.543426], [-0.016731, 51.543472], [-0.016752, 51.543508], [-0.016783, 51.54358], [-0.016794, 51.54365], [-0.016782, 51.543744], [-0.016782, 51.543837], [-0.016784, 51.543929], [-0.016771, 51.543944], [-0.016786, 51.543962], [-0.016788, 51.543991], [-0.016806, 51.544022], [-0.016792, 51.544042], [-0.016783, 51.544082], [-0.016802, 51.544109], [-0.01683, 51.544186]]]}, "properties": {"OBJECTID": 24, "Name": "River Lea", "Type": "River", "FirstSeries": 1, "FirstRevision": 1}}, {"type": "Feature", "id": 17, "geometry": {"type": "Polygon", "coordinates": [[[-0.016936, 51.545568], [-0.017265, 51.545567], [-0.01727, 51.545588], [-0.017277, 51.545667], [-0.017268, 51.545726], [-0.017312, 51.545784], [-0.017303, 51.545812], [-0.01731, 51.545922], [-0.017309, 51.546013], [-0.017297, 51.546061], [-0.017322, 51.546106], [-0.017331, 51.546207], [-0.017338, 51.546292], [-0.017324, 51.546312], [-0.017325, 51.546329], [-0.017348, 51.546343], [-0.017357, 51.546356], [-0.017357, 51.546398], [-0.017393, 51.546504], [-0.017418, 51.546559], [-0.017413, 51.546587], [-0.017462, 51.546644], [-0.017467, 51.546677], [-0.017503, 51.546714], [-0.017517, 51.546744], [-0.017549, 51.546823], [-0.017632, 51.546975], [-0.017657, 51.547011], [-0.017666, 51.547074], [-0.017673, 51.547189], [-0.01769, 51.547226], [-0.01772, 51.54735], [-0.017722, 51.547439], [-0.017738, 51.547493], [-0.0178, 51.547674], [-0.017837, 51.547743], [-0.017892, 51.547839], [-0.017909, 51.547872], [-0.017936, 51.547918], [-0.017992, 51.548002], [-0.018135, 51.548236], [-0.018222, 51.548362], [-0.018231, 51.548416], [-0.018273, 51.548503], [-0.018377, 51.548664], [-0.018422, 51.548745], [-0.018486, 51.548901], [-0.018587, 51.549211], [-0.018631, 51.54935], [-0.018714, 51.549487], [-0.018777, 51.549605], [-0.018839, 51.549756], [-0.018976, 51.549989], [-0.019075, 51.550143], [-0.019144, 51.550239], [-0.019208, 51.550406], [-0.019288, 51.55064], [-0.01932, 51.550755], [-0.019329, 51.550828], [-0.019315, 51.550933], [-0.019341, 51.550972], [-0.019326, 51.551024], [-0.019299, 51.551053], [-0.019243, 51.551153], [-0.019179, 51.551312], [-0.019181, 51.551349], [-0.019189, 51.551411], [-0.019185, 51.551438], [-0.019178, 51.551445], [-0.019211, 51.551477], [-0.019236, 51.551533], [-0.019329, 51.551629], [-0.019496, 51.551756], [-0.019625, 51.55184], [-0.019828, 51.551907], [-0.020086, 51.551983], [-0.020111, 51.551979], [-0.020167, 51.551985], [-0.020262, 51.552003], [-0.02026, 51.552017], [-0.020384, 51.552054], [-0.020461, 51.552074], [-0.020138, 51.552185], [-0.019746, 51.552082], [-0.019498, 51.552022], [-0.019323, 51.55197], [-0.019326, 51.551956], [-0.019177, 51.551906], [-0.019003, 51.551836], [-0.018938, 51.551743], [-0.018911, 51.551684], [-0.018813, 51.551525], [-0.018784, 51.551451], [-0.018823, 51.551295], [-0.01882, 51.55123], [-0.018822, 51.551219], [-0.018907, 51.551067], [-0.018935, 51.550931], [-0.018961, 51.550858], [-0.018958, 51.550816], [-0.018965, 51.550781], [-0.018945, 51.550717], [-0.018961, 51.550698], [-0.018969, 51.550649], [-0.018949, 51.550619], [-0.018959, 51.550609], [-0.018957, 51.550573], [-0.01897, 51.550523], [-0.018954, 51.55047], [-0.018953, 51.550428], [-0.01894, 51.550395], [-0.018954, 51.550375], [-0.018913, 51.550359], [-0.01891, 51.550337], [-0.018892, 51.550299], [-0.018888, 51.550269], [-0.018868, 51.55025], [-0.018849, 51.550206], [-0.018764, 51.550123], [-0.018757, 51.550085], [-0.018685, 51.549968], [-0.018652, 51.54994], [-0.01864, 51.549902], [-0.018604, 51.549863], [-0.01858, 51.549797], [-0.018547, 51.549777], [-0.018545, 51.549762], [-0.018531, 51.549731], [-0.018489, 51.549703], [-0.018484, 51.549682], [-0.018458, 51.549668], [-0.018451, 51.549614], [-0.018424, 51.549603], [-0.018419, 51.549585], [-0.018324, 51.549419], [-0.018297, 51.549338], [-0.01829, 51.549319], [-0.01826, 51.549299], [-0.018255, 51.549252], [-0.018227, 51.549185], [-0.018179, 51.549136], [-0.018145, 51.549052], [-0.018145, 51.548969], [-0.018119, 51.548947], [-0.018136, 51.548919], [-0.018128, 51.548833], [-0.018077, 51.548599], [-0.018011, 51.548527], [-0.017873, 51.548284], [-0.017617, 51.547951], [-0.017477, 51.54774], [-0.017454, 51.547656], [-0.017384, 51.547338], [-0.017339, 51.547131], [-0.017261, 51.546906], [-0.017245, 51.546841], [-0.017222, 51.54676], [-0.017068, 51.546431], [-0.017071, 51.546367], [-0.017013, 51.546299], [-0.016985, 51.54623], [-0.016985, 51.546159], [-0.016953, 51.546094], [-0.016954, 51.545989], [-0.016958, 51.545801], [-0.016975, 51.545778], [-0.016976, 51.545749], [-0.016974, 51.545711], [-0.016949, 51.545673], [-0.016955, 51.545604], [-0.016936, 51.545568]]]}, "properties": {"OBJECTID": 25, "Name": "River Lea", "Type": "River", "FirstSeries": 1, "FirstRevision": 1}}, {"type": "Feature", "id": 18, "geometry": {"type": "Polygon", "coordinates": [[[-0.011402, 51.531613], [-0.011567, 51.531542], [-0.01171, 51.531553], [-0.011935, 51.531778], [-0.012, 51.531813], [-0.012055, 51.531822], [-0.01212, 51.531806], [-0.012284, 51.531674], [-0.012449, 51.531543], [-0.012611, 51.531388], [-0.012751, 51.531263], [-0.012704, 51.531207], [-0.012877, 51.53089], [-0.013097, 51.530751], [-0.013297, 51.530632], [-0.01343, 51.530532], [-0.013623, 51.530371], [-0.013683, 51.530323], [-0.013896, 51.530201], [-0.014068, 51.530305], [-0.01421, 51.530418], [-0.014318, 51.530456], [-0.014387, 51.53048], [-0.014277, 51.530552], [-0.014206, 51.530511], [-0.014135, 51.530443], [-0.014109, 51.530427], [-0.014087, 51.530431], [-0.014022, 51.53038], [-0.013971, 51.530374], [-0.013855, 51.530429], [-0.013741, 51.53052], [-0.013629, 51.530648], [-0.013631, 51.530661], [-0.013744, 51.530667], [-0.014061, 51.530687], [-0.014064, 51.530741], [-0.013798, 51.530751], [-0.013437, 51.530779], [-0.013255, 51.530887], [-0.013087, 51.53104], [-0.013037, 51.531131], [-0.012938, 51.531312], [-0.012857, 51.531413], [-0.012638, 51.531607], [-0.012289, 51.531908], [-0.012156, 51.532027], [-0.011855, 51.531918], [-0.011777, 51.531838], [-0.011724, 51.531788], [-0.011686, 51.531751], [-0.011615, 51.531683], [-0.011586, 51.531662], [-0.011504, 51.531639], [-0.011461, 51.531655], [-0.011454, 51.531625], [-0.011402, 51.531613]]]}, "properties": {"OBJECTID": 26, "Name": "Bow Back River", "Type": "Canal", "FirstSeries": 1, "FirstRevision": 1}}, {"type": "Feature", "id": 19, "geometry": {"type": "Polygon", "coordinates": [[[-0.021106, 51.537883], [-0.021093, 51.537908], [-0.02109, 51.537927], [-0.021056, 51.537943], [-0.02102, 51.537919], [-0.021028, 51.537884], [-0.021007, 51.537842], [-0.020975, 51.537874], [-0.020966, 51.537917], [-0.020921, 51.537937], [-0.020888, 51.537914], [-0.020893, 51.537862], [-0.020855, 51.537833], [-0.020766, 51.537771], [-0.020736, 51.537756], [-0.020692, 51.537755], [-0.020684, 51.537758], [-0.020675, 51.537763], [-0.020565, 51.537652], [-0.020575, 51.537634], [-0.020601, 51.537612], [-0.02065, 51.537563], [-0.020643, 51.53756], [-0.020718, 51.537501], [-0.020848, 51.537393], [-0.020975, 51.537287], [-0.021086, 51.537157], [-0.021124, 51.537102], [-0.021148, 51.537041], [-0.021163, 51.536962], [-0.021162, 51.536884], [-0.021146, 51.536799], [-0.021137, 51.536764], [-0.021073, 51.536653], [-0.021006, 51.536549], [-0.020961, 51.536501], [-0.020911, 51.536446], [-0.02085, 51.536388], [-0.020781, 51.536334], [-0.020657, 51.536267], [-0.020446, 51.536175], [-0.020249, 51.536098], [-0.020145, 51.536057], [-0.020098, 51.536034], [-0.020011, 51.535972], [-0.019868, 51.535855], [-0.019688, 51.535699], [-0.019525, 51.535559], [-0.019477, 51.535514], [-0.0194, 51.535433], [-0.019221, 51.535137], [-0.019102, 51.534964], [-0.019033, 51.534866], [-0.018989, 51.534783], [-0.018978, 51.534615], [-0.019046, 51.534495], [-0.019184, 51.534344], [-0.019216, 51.53423], [-0.019142, 51.534129], [-0.019087, 51.534073], [-0.019032, 51.534017], [-0.018722, 51.533912], [-0.018424, 51.53382], [-0.018227, 51.533706], [-0.018152, 51.533654], [-0.018061, 51.53359], [-0.01801, 51.533539], [-0.017949, 51.533468], [-0.017888, 51.533363], [-0.017828, 51.533201], [-0.017815, 51.533136], [-0.017813, 51.533083], [-0.017826, 51.533038], [-0.017912, 51.532898], [-0.017996, 51.532758], [-0.018053, 51.532665], [-0.01808, 51.53262], [-0.018093, 51.532574], [-0.018105, 51.53252], [-0.018097, 51.532439], [-0.018062, 51.532357], [-0.018047, 51.532336], [-0.017839, 51.532163], [-0.017775, 51.532115], [-0.017691, 51.532032], [-0.017646, 51.531963], [-0.017608, 51.531838], [-0.017587, 51.531736], [-0.017562, 51.531691], [-0.017507, 51.531631], [-0.017441, 51.531578], [-0.017343, 51.531504], [-0.017214, 51.531431], [-0.017001, 51.531319], [-0.016849, 51.531238], [-0.016701, 51.531164], [-0.01651, 51.531088], [-0.016282, 51.531017], [-0.016097, 51.53095], [-0.016012, 51.530917], [-0.015809, 51.530838], [-0.015679, 51.530786], [-0.015543, 51.530736], [-0.015417, 51.530693], [-0.015165, 51.530643], [-0.014959, 51.530601], [-0.014796, 51.530567], [-0.014617, 51.530515], [-0.014447, 51.530468], [-0.014276, 51.5304], [-0.014173, 51.530349], [-0.014075, 51.530282], [-0.013971, 51.530216], [-0.013913, 51.530175], [-0.013926, 51.530148], [-0.01389, 51.530015], [-0.01382, 51.529988], [-0.013959, 51.529913], [-0.014139, 51.529829], [-0.014183, 51.529871], [-0.014209, 51.529886], [-0.014197, 51.529904], [-0.014189, 51.529931], [-0.014235, 51.529981], [-0.014384, 51.530124], [-0.014527, 51.530212], [-0.014599, 51.530241], [-0.014881, 51.530341], [-0.015208, 51.530452], [-0.015479, 51.530541], [-0.015796, 51.530661], [-0.016017, 51.53074], [-0.016107, 51.53077], [-0.016208, 51.530812], [-0.016326, 51.530857], [-0.016614, 51.530959], [-0.016686, 51.530991], [-0.01679, 51.531027], [-0.017037, 51.531136], [-0.017211, 51.531227], [-0.017437, 51.53135], [-0.01756, 51.531423], [-0.017616, 51.531451], [-0.017656, 51.531477], [-0.017753, 51.531612], [-0.017798, 51.531675], [-0.017939, 51.531869], [-0.017992, 51.531953], [-0.017999, 51.53201], [-0.018011, 51.532054], [-0.018017, 51.532076], [-0.018243, 51.532235], [-0.018285, 51.532225], [-0.018338, 51.53222], [-0.018393, 51.532326], [-0.018429, 51.532441], [-0.018425, 51.532528], [-0.018413, 51.532591], [-0.018375, 51.53268], [-0.018301, 51.532813], [-0.018221, 51.532952], [-0.01817, 51.533085], [-0.018152, 51.53313], [-0.018163, 51.533145], [-0.018253, 51.533333], [-0.018311, 51.533416], [-0.018425, 51.533528], [-0.018658, 51.533668], [-0.018973, 51.533805], [-0.01926, 51.533921], [-0.01945, 51.53402], [-0.019528, 51.534075], [-0.019548, 51.53414], [-0.019546, 51.53419], [-0.019509, 51.53425], [-0.019477, 51.534328], [-0.019381, 51.53442], [-0.019242, 51.534548], [-0.01923, 51.534698], [-0.019269, 51.534764], [-0.019408, 51.534979], [-0.019469, 51.535064], [-0.019486, 51.535077], [-0.019503, 51.535108], [-0.019579, 51.535205], [-0.019605, 51.535201], [-0.019635, 51.535231], [-0.019621, 51.535245], [-0.01987, 51.535523], [-0.019876, 51.535548], [-0.019926, 51.535602], [-0.020292, 51.535923], [-0.020406, 51.535942], [-0.020612, 51.535999], [-0.020892, 51.53608], [-0.021206, 51.536223], [-0.021231, 51.536284], [-0.021257, 51.536361], [-0.021298, 51.536434], [-0.02203, 51.536588], [-0.022001, 51.536636], [-0.021522, 51.536544], [-0.021465, 51.536538], [-0.021446, 51.536545], [-0.021378, 51.53654], [-0.021311, 51.536606], [-0.021301, 51.536633], [-0.021315, 51.536674], [-0.021363, 51.536772], [-0.021365, 51.536789], [-0.021385, 51.53679], [-0.021468, 51.536832], [-0.021501, 51.536867], [-0.021502, 51.536896], [-0.021499, 51.53706], [-0.021491, 51.537101], [-0.021432, 51.53718], [-0.02128, 51.537363], [-0.02121, 51.537813], [-0.021202, 51.53784], [-0.021152, 51.537844], [-0.021127, 51.53784], [-0.021106, 51.537883]]]}, "properties": {"OBJECTID": 27, "Name": "River Lea", "Type": "Canal", "FirstSeries": 1, "FirstRevision": 0}}, {"type": "Feature", "id": 20, "geometry": {"type": "Polygon", "coordinates": [[[-0.014139, 51.529829], [-0.013959, 51.529913], [-0.01382, 51.529988], [-0.013659, 51.529905], [-0.013312, 51.529821], [-0.013067, 51.529754], [-0.012928, 51.529717], [-0.012691, 51.5297], [-0.01215, 51.529655], [-0.011627, 51.5296], [-0.011494, 51.529581], [-0.011191, 51.529534], [-0.010854, 51.529486], [-0.010733, 51.529465], [-0.010681, 51.529472], [-0.010634, 51.529505], [-0.010648, 51.529591], [-0.010719, 51.529722], [-0.010855, 51.529823], [-0.011018, 51.529932], [-0.011119, 51.529991], [-0.011293, 51.530061], [-0.011341, 51.530081], [-0.011393, 51.530074], [-0.01145, 51.530031], [-0.011485, 51.530009], [-0.01154, 51.530002], [-0.011622, 51.529996], [-0.011652, 51.530021], [-0.011684, 51.530052], [-0.011748, 51.530061], [-0.011808, 51.530089], [-0.011855, 51.530122], [-0.011894, 51.530136], [-0.011911, 51.530163], [-0.011926, 51.530182], [-0.01201, 51.530204], [-0.011929, 51.530243], [-0.011899, 51.530221], [-0.011544, 51.530396], [-0.011523, 51.530398], [-0.011437, 51.530337], [-0.011214, 51.530198], [-0.011065, 51.530103], [-0.010798, 51.529929], [-0.0107, 51.529866], [-0.010649, 51.529844], [-0.010575, 51.529736], [-0.010489, 51.529598], [-0.010469, 51.529504], [-0.010451, 51.529489], [-0.01047, 51.529474], [-0.010457, 51.52942], [-0.010441, 51.529304], [-0.010393, 51.529143], [-0.010359, 51.529013], [-0.010314, 51.528931], [-0.010293, 51.528791], [-0.010271, 51.528717], [-0.010202, 51.528632], [-0.010115, 51.528529], [-0.00997, 51.528419], [-0.009795, 51.528309], [-0.009629, 51.528201], [-0.009542, 51.528156], [-0.00949, 51.528153], [-0.009449, 51.528132], [-0.009372, 51.528148], [-0.009329, 51.528153], [-0.009287, 51.52816], [-0.009164, 51.52801], [-0.009172, 51.528001], [-0.009186, 51.527988], [-0.009187, 51.527979], [-0.009151, 51.527958], [-0.00906, 51.527907], [-0.008877, 51.527806], [-0.008699, 51.527704], [-0.008584, 51.527631], [-0.00852, 51.527587], [-0.008492, 51.527554], [-0.008451, 51.527491], [-0.008413, 51.527411], [-0.008391, 51.527327], [-0.008366, 51.527222], [-0.008375, 51.527209], [-0.008351, 51.527163], [-0.008319, 51.527083], [-0.008258, 51.526979], [-0.008203, 51.526906], [-0.008123, 51.526821], [-0.008021, 51.526724], [-0.007943, 51.526709], [-0.007878, 51.526668], [-0.007706, 51.526531], [-0.007587, 51.526443], [-0.007512, 51.526381], [-0.007465, 51.526338], [-0.007422, 51.526279], [-0.00737, 51.526186], [-0.007328, 51.526095], [-0.007303, 51.526025], [-0.007299, 51.525946], [-0.007297, 51.525865], [-0.007332, 51.525747], [-0.00737, 51.525643], [-0.007412, 51.525575], [-0.007485, 51.525467], [-0.00759, 51.525333], [-0.00767, 51.525207], [-0.00769, 51.525169], [-0.007732, 51.525052], [-0.007772, 51.524875], [-0.007784, 51.524731], [-0.007803, 51.524517], [-0.007804, 51.524476], [-0.007824, 51.524078], [-0.007819, 51.523498], [-0.007773, 51.523335], [-0.007818, 51.523343], [-0.007857, 51.523325], [-0.007882, 51.52337], [-0.007905, 51.523372], [-0.007884, 51.523287], [-0.007943, 51.523288], [-0.007978, 51.523269], [-0.008005, 51.523317], [-0.008029, 51.523321], [-0.008038, 51.523297], [-0.008008, 51.52323], [-0.008054, 51.523232], [-0.008093, 51.523221], [-0.008112, 51.523269], [-0.008144, 51.523271], [-0.008168, 51.52324], [-0.008164, 51.52316], [-0.008211, 51.523175], [-0.008251, 51.523158], [-0.008256, 51.523221], [-0.008609, 51.523318], [-0.00836, 51.523839], [-0.008322, 51.524021], [-0.008303, 51.524106], [-0.008303, 51.524373], [-0.00833, 51.524592], [-0.008287, 51.524597], [-0.008281, 51.524824], [-0.008244, 51.524954], [-0.008166, 51.525134], [-0.008041, 51.525351], [-0.007919, 51.52548], [-0.007847, 51.525526], [-0.007867, 51.525557], [-0.00812, 51.525498], [-0.008145, 51.525554], [-0.007821, 51.52564], [-0.007753, 51.525656], [-0.007683, 51.525719], [-0.007619, 51.525926], [-0.0076, 51.526009], [-0.007649, 51.526159], [-0.007795, 51.526306], [-0.008112, 51.526513], [-0.008303, 51.526693], [-0.008468, 51.526903], [-0.008539, 51.527143], [-0.008558, 51.5272], [-0.008597, 51.527286], [-0.008829, 51.5275], [-0.008968, 51.527593], [-0.009228, 51.527739], [-0.009539, 51.527869], [-0.009865, 51.528031], [-0.010305, 51.528282], [-0.01038, 51.528327], [-0.010367, 51.528348], [-0.010529, 51.528484], [-0.010588, 51.528586], [-0.01063, 51.528613], [-0.01074, 51.528885], [-0.010794, 51.529039], [-0.010792, 51.529082], [-0.010853, 51.529165], [-0.010935, 51.52925], [-0.01103, 51.529298], [-0.01122, 51.52936], [-0.011383, 51.529389], [-0.01176, 51.529434], [-0.01237, 51.529501], [-0.012808, 51.529547], [-0.013062, 51.529581], [-0.013268, 51.529627], [-0.013654, 51.529723], [-0.013875, 51.52978], [-0.014139, 51.529829]]]}, "properties": {"OBJECTID": 28, "Name": "River Lea", "Type": "Canal", "FirstSeries": 1, "FirstRevision": 1}}, {"type": "Feature", "id": 21, "geometry": {"type": "Polygon", "coordinates": [[[-0.020137, 51.552186], [-0.020461, 51.552074], [-0.020643, 51.552109], [-0.020659, 51.552119], [-0.020757, 51.552195], [-0.020841, 51.552268], [-0.020853, 51.552303], [-0.020846, 51.552354], [-0.02082, 51.552381], [-0.0208, 51.552405], [-0.020749, 51.55244], [-0.02068, 51.552485], [-0.0206, 51.552537], [-0.020513, 51.552582], [-0.020346, 51.552661], [-0.020282, 51.552693], [-0.020144, 51.552774], [-0.020076, 51.552831], [-0.02006, 51.552853], [-0.020059, 51.552874], [-0.02005, 51.552925], [-0.020046, 51.55298], [-0.020065, 51.553035], [-0.020111, 51.553066], [-0.020153, 51.553103], [-0.02021, 51.553125], [-0.020259, 51.553142], [-0.020344, 51.553159], [-0.02043, 51.553175], [-0.020537, 51.553188], [-0.020653, 51.553205], [-0.020763, 51.553217], [-0.020816, 51.553215], [-0.020922, 51.553201], [-0.02097, 51.553192], [-0.021053, 51.553153], [-0.021127, 51.553126], [-0.021209, 51.553102], [-0.021305, 51.553065], [-0.021375, 51.553013], [-0.021418, 51.552959], [-0.021499, 51.552894], [-0.021602, 51.552837], [-0.021708, 51.552798], [-0.021793, 51.552778], [-0.021874, 51.552773], [-0.021954, 51.552776], [-0.022076, 51.552784], [-0.022182, 51.5528], [-0.022288, 51.552828], [-0.022386, 51.552861], [-0.022482, 51.552904], [-0.02256, 51.552927], [-0.02264, 51.55296], [-0.022772, 51.553014], [-0.022856, 51.553064], [-0.022937, 51.553109], [-0.023027, 51.553175], [-0.023148, 51.553276], [-0.023208, 51.553336], [-0.023234, 51.553365], [-0.023236, 51.553387], [-0.023216, 51.553424], [-0.02327, 51.553458], [-0.023278, 51.553487], [-0.023295, 51.553512], [-0.023327, 51.553546], [-0.023335, 51.553576], [-0.023344, 51.553625], [-0.023334, 51.553674], [-0.023308, 51.553706], [-0.023237, 51.553769], [-0.023134, 51.55385], [-0.022991, 51.553927], [-0.022868, 51.553991], [-0.022858, 51.554008], [-0.022836, 51.554164], [-0.022833, 51.554279], [-0.022849, 51.554301], [-0.022878, 51.55433], [-0.022922, 51.554371], [-0.02295, 51.554402], [-0.02302, 51.554424], [-0.023176, 51.554454], [-0.023248, 51.554465], [-0.023299, 51.554466], [-0.023365, 51.554466], [-0.023421, 51.554468], [-0.023437, 51.554464], [-0.023521, 51.554426], [-0.023563, 51.554414], [-0.023586, 51.554407], [-0.023662, 51.55437], [-0.023682, 51.554373], [-0.023743, 51.554368], [-0.023771, 51.554353], [-0.023821, 51.554338], [-0.023893, 51.55433], [-0.024033, 51.554241], [-0.024174, 51.554188], [-0.024223, 51.554177], [-0.024359, 51.554142], [-0.024586, 51.554084], [-0.024757, 51.554046], [-0.024875, 51.554045], [-0.025005, 51.554068], [-0.02515, 51.554113], [-0.025252, 51.55416], [-0.025365, 51.554232], [-0.025502, 51.554339], [-0.025602, 51.554433], [-0.025799, 51.554626], [-0.025896, 51.554761], [-0.025905, 51.554791], [-0.025902, 51.554828], [-0.025909, 51.554845], [-0.025672, 51.554881], [-0.025669, 51.554859], [-0.025648, 51.554808], [-0.025598, 51.554754], [-0.025562, 51.554713], [-0.025528, 51.554662], [-0.025462, 51.554579], [-0.025439, 51.554519], [-0.025401, 51.554477], [-0.025357, 51.55443], [-0.025338, 51.554411], [-0.025314, 51.554406], [-0.025323, 51.554418], [-0.025352, 51.554451], [-0.025345, 51.554463], [-0.02533, 51.554456], [-0.025294, 51.554414], [-0.025286, 51.554383], [-0.02527, 51.554362], [-0.025219, 51.554341], [-0.025167, 51.554319], [-0.025121, 51.554295], [-0.025079, 51.554269], [-0.024995, 51.554244], [-0.024919, 51.554218], [-0.024801, 51.554191], [-0.024736, 51.554188], [-0.024708, 51.55419], [-0.024597, 51.554217], [-0.024469, 51.554257], [-0.024391, 51.554294], [-0.02427, 51.554339], [-0.024191, 51.554366], [-0.024019, 51.554424], [-0.023834, 51.554491], [-0.023655, 51.554578], [-0.023553, 51.554603], [-0.023512, 51.554607], [-0.023458, 51.554606], [-0.023334, 51.554594], [-0.023241, 51.554588], [-0.023125, 51.554584], [-0.023066, 51.554574], [-0.022975, 51.554561], [-0.022925, 51.554542], [-0.02289, 51.554504], [-0.022811, 51.554463], [-0.022755, 51.554442], [-0.022686, 51.554418], [-0.022639, 51.554379], [-0.022605, 51.554323], [-0.022624, 51.554296], [-0.022633, 51.554245], [-0.02264, 51.554173], [-0.022634, 51.554149], [-0.022655, 51.554123], [-0.022665, 51.554093], [-0.022682, 51.553977], [-0.02271, 51.553948], [-0.022839, 51.553862], [-0.022981, 51.553808], [-0.023019, 51.553778], [-0.023031, 51.553748], [-0.023071, 51.553683], [-0.023116, 51.553617], [-0.023122, 51.553559], [-0.023086, 51.553503], [-0.022957, 51.553339], [-0.022879, 51.553285], [-0.022761, 51.553222], [-0.022561, 51.553121], [-0.022315, 51.553023], [-0.022199, 51.55298], [-0.022035, 51.55293], [-0.021933, 51.552908], [-0.021888, 51.552896], [-0.021839, 51.552902], [-0.02178, 51.55292], [-0.021638, 51.552995], [-0.021613, 51.553014], [-0.02151, 51.553105], [-0.021378, 51.553225], [-0.021307, 51.553267], [-0.021214, 51.553297], [-0.020809, 51.553347], [-0.020512, 51.553309], [-0.020357, 51.553287], [-0.020301, 51.553298], [-0.020137, 51.553279], [-0.020082, 51.55324], [-0.019994, 51.553194], [-0.019901, 51.55312], [-0.019838, 51.55301], [-0.019821, 51.552944], [-0.019846, 51.552876], [-0.019859, 51.55284], [-0.019901, 51.552784], [-0.020027, 51.552665], [-0.020124, 51.552604], [-0.020177, 51.552576], [-0.020187, 51.552548], [-0.020242, 51.552512], [-0.020264, 51.55251], [-0.02034, 51.552478], [-0.020419, 51.552424], [-0.020475, 51.552352], [-0.020488, 51.552314], [-0.020441, 51.55229], [-0.020333, 51.552226], [-0.020137, 51.552186]]]}, "properties": {"OBJECTID": 29, "Name": "River Lea", "Type": "River", "FirstSeries": 1, "FirstRevision": 1}}, {"type": "Feature", "id": 22, "geometry": {"type": "Polygon", "coordinates": [[[-0.025909, 51.554845], [-0.025892, 51.554889], [-0.025922, 51.554996], [-0.025935, 51.555042], [-0.025929, 51.555101], [-0.025877, 51.555157], [-0.025844, 51.555204], [-0.025798, 51.555318], [-0.025732, 51.555426], [-0.0257, 51.555454], [-0.025655, 51.555532], [-0.025618, 51.555579], [-0.025551, 51.555625], [-0.025431, 51.555664], [-0.025396, 51.555677], [-0.025242, 51.555803], [-0.02512, 51.555901], [-0.025091, 51.555955], [-0.025094, 51.556041], [-0.025121, 51.556122], [-0.02509, 51.556146], [-0.025103, 51.556201], [-0.025164, 51.556287], [-0.025208, 51.556331], [-0.025315, 51.55649], [-0.025399, 51.556593], [-0.025385, 51.55665], [-0.025408, 51.556724], [-0.025389, 51.556807], [-0.025345, 51.556861], [-0.025289, 51.556929], [-0.02511, 51.556998], [-0.02499, 51.557039], [-0.024875, 51.557046], [-0.024811, 51.557033], [-0.024631, 51.556956], [-0.024568, 51.556915], [-0.024504, 51.556888], [-0.024403, 51.55685], [-0.024346, 51.556847], [-0.024261, 51.556872], [-0.024179, 51.556915], [-0.024138, 51.556972], [-0.024105, 51.557024], [-0.024084, 51.557157], [-0.024061, 51.557344], [-0.024052, 51.55747], [-0.024076, 51.557606], [-0.024065, 51.55768], [-0.024089, 51.557756], [-0.024119, 51.557854], [-0.024195, 51.558046], [-0.024238, 51.558177], [-0.024253, 51.558278], [-0.024298, 51.558393], [-0.024349, 51.558524], [-0.024472, 51.5587], [-0.024565, 51.558837], [-0.024704, 51.558978], [-0.024884, 51.559138], [-0.025078, 51.559324], [-0.025236, 51.559462], [-0.025466, 51.559628], [-0.025544, 51.559684], [-0.025703, 51.559801], [-0.025824, 51.559905], [-0.025984, 51.559998], [-0.026092, 51.560067], [-0.026201, 51.560109], [-0.026288, 51.560125], [-0.026505, 51.560145], [-0.026672, 51.560162], [-0.026823, 51.560196], [-0.026989, 51.560239], [-0.027124, 51.560305], [-0.027205, 51.560376], [-0.02732, 51.560449], [-0.027427, 51.56052], [-0.027606, 51.560628], [-0.027762, 51.560723], [-0.027882, 51.560775], [-0.028025, 51.56083], [-0.028175, 51.56088], [-0.028315, 51.560911], [-0.028436, 51.560937], [-0.028613, 51.560992], [-0.028865, 51.561094], [-0.029127, 51.561196], [-0.02934, 51.561304], [-0.029618, 51.561425], [-0.029958, 51.561578], [-0.030228, 51.56169], [-0.030357, 51.561718], [-0.030548, 51.561726], [-0.0308, 51.561726], [-0.031125, 51.561712], [-0.031438, 51.561708], [-0.03175, 51.561716], [-0.031906, 51.561735], [-0.032177, 51.561749], [-0.032394, 51.56175], [-0.0326, 51.561751], [-0.032712, 51.561727], [-0.032794, 51.561685], [-0.032873, 51.561618], [-0.032861, 51.561556], [-0.032753, 51.561494], [-0.032638, 51.561407], [-0.032543, 51.561386], [-0.032448, 51.561387], [-0.032365, 51.561371], [-0.032269, 51.561374], [-0.032052, 51.561359], [-0.031832, 51.561341], [-0.031662, 51.561298], [-0.031595, 51.561254], [-0.031568, 51.561158], [-0.031537, 51.561081], [-0.031553, 51.560979], [-0.031599, 51.56089], [-0.031709, 51.560815], [-0.03202, 51.560692], [-0.032085, 51.560677], [-0.032319, 51.560659], [-0.032499, 51.560638], [-0.032749, 51.560607], [-0.033045, 51.560564], [-0.033186, 51.56055], [-0.033339, 51.56056], [-0.033521, 51.560577], [-0.033625, 51.560572], [-0.033678, 51.56058], [-0.033753, 51.560605], [-0.033905, 51.560629], [-0.03406, 51.56066], [-0.034245, 51.56071], [-0.034409, 51.560789], [-0.034609, 51.56085], [-0.034736, 51.560919], [-0.035013, 51.561033], [-0.035317, 51.56115], [-0.035576, 51.561263], [-0.035674, 51.561284], [-0.03594, 51.561317], [-0.036324, 51.561361], [-0.036651, 51.561374], [-0.036926, 51.561379], [-0.037264, 51.561339], [-0.037392, 51.561296], [-0.037527, 51.561265], [-0.037707, 51.561242], [-0.037831, 51.561199], [-0.03796, 51.56112], [-0.038126, 51.561082], [-0.03838, 51.561048], [-0.03867, 51.561037], [-0.038842, 51.561047], [-0.03897, 51.56107], [-0.039103, 51.561099], [-0.03918, 51.561157], [-0.039037, 51.56129], [-0.038996, 51.561273], [-0.038939, 51.561272], [-0.038886, 51.561254], [-0.038841, 51.561246], [-0.038795, 51.561246], [-0.038759, 51.561271], [-0.038576, 51.561266], [-0.038356, 51.56125], [-0.038233, 51.561253], [-0.038053, 51.561276], [-0.037903, 51.561309], [-0.037674, 51.561398], [-0.037445, 51.561466], [-0.037183, 51.561528], [-0.036972, 51.561546], [-0.036701, 51.561565], [-0.036464, 51.561561], [-0.036058, 51.5615], [-0.035691, 51.561437], [-0.035415, 51.561361], [-0.03527, 51.561277], [-0.035112, 51.561229], [-0.034734, 51.561123], [-0.034366, 51.560996], [-0.034022, 51.560833], [-0.033621, 51.560745], [-0.033306, 51.560699], [-0.033035, 51.560704], [-0.0328, 51.560741], [-0.032593, 51.560776], [-0.032392, 51.56082], [-0.032003, 51.560897], [-0.031845, 51.560951], [-0.031758, 51.561004], [-0.03173, 51.561044], [-0.031752, 51.561066], [-0.031784, 51.561112], [-0.031832, 51.561158], [-0.031922, 51.561195], [-0.03207, 51.561221], [-0.032332, 51.561247], [-0.03252, 51.561231], [-0.032641, 51.561247], [-0.032834, 51.561277], [-0.032951, 51.561312], [-0.033056, 51.561359], [-0.033163, 51.561456], [-0.033213, 51.561524], [-0.033192, 51.561661], [-0.033099, 51.561771], [-0.032946, 51.561871], [-0.032842, 51.561908], [-0.03272, 51.561896], [-0.032296, 51.561891], [-0.032205, 51.561875], [-0.032124, 51.5619], [-0.031819, 51.561898], [-0.031723, 51.56191], [-0.0316, 51.56192], [-0.03138, 51.561907], [-0.031054, 51.561928], [-0.030702, 51.561955], [-0.030515, 51.561942], [-0.030282, 51.561869], [-0.029796, 51.561709], [-0.029463, 51.561561], [-0.029311, 51.561449], [-0.029221, 51.561411], [-0.029052, 51.561356], [-0.028781, 51.561254], [-0.028386, 51.561129], [-0.028001, 51.561029], [-0.02779, 51.560959], [-0.027614, 51.560878], [-0.027366, 51.560707], [-0.027185, 51.560573], [-0.027048, 51.560478], [-0.026786, 51.560352], [-0.026575, 51.560294], [-0.026415, 51.560272], [-0.026089, 51.560233], [-0.025881, 51.560175], [-0.025716, 51.560101], [-0.025661, 51.56005], [-0.025607, 51.559985], [-0.02551, 51.559926], [-0.02537, 51.559814], [-0.025203, 51.559702], [-0.024881, 51.559461], [-0.024627, 51.559243], [-0.024342, 51.558967], [-0.024159, 51.558771], [-0.024048, 51.558524], [-0.023966, 51.558299], [-0.023838, 51.557983], [-0.023776, 51.557756], [-0.023744, 51.557605], [-0.023701, 51.557549], [-0.023827, 51.557327], [-0.023852, 51.557249], [-0.023847, 51.557159], [-0.02385, 51.557082], [-0.023909, 51.557035], [-0.023915, 51.556917], [-0.023946, 51.556852], [-0.024172, 51.556701], [-0.024411, 51.556693], [-0.024683, 51.556793], [-0.024881, 51.55685], [-0.02511, 51.556847], [-0.02518, 51.556777], [-0.025215, 51.556641], [-0.025036, 51.55637], [-0.024899, 51.556231], [-0.024763, 51.556056], [-0.024747, 51.555985], [-0.024778, 51.555926], [-0.024859, 51.555826], [-0.025122, 51.555706], [-0.025515, 51.555433], [-0.025628, 51.555262], [-0.025695, 51.555025], [-0.025672, 51.554881], [-0.025909, 51.554845]]]}, "properties": {"OBJECTID": 30, "Name": "River Lea", "Type": "River", "FirstSeries": 1, "FirstRevision": 1}}, {"type": "Feature", "id": 23, "geometry": {"type": "Polygon", "coordinates": [[[-0.011461, 51.531655], [-0.011226, 51.531769], [-0.011097, 51.531804], [-0.011046, 51.531756], [-0.011402, 51.531613], [-0.011454, 51.531625], [-0.011461, 51.531655]]]}, "properties": {"OBJECTID": 31, "Name": null, "Type": null, "FirstSeries": 1, "FirstRevision": 1}}, {"type": "Feature", "id": 24, "geometry": {"type": "MultiPolygon", "coordinates": [[[[-0.19264, 51.460471], [-0.19264, 51.46047], [-0.19264, 51.46047], [-0.19264, 51.460471]]], [[[-0.19264, 51.46047], [-0.192648, 51.460406], [-0.192638, 51.460228], [-0.192625, 51.460105], [-0.192607, 51.459967], [-0.192562, 51.459799], [-0.192534, 51.459625], [-0.192505, 51.459483], [-0.192481, 51.459356], [-0.192446, 51.459199], [-0.192433, 51.459094], [-0.192401, 51.459028], [-0.19234, 51.458951], [-0.192265, 51.458924], [-0.192204, 51.458858], [-0.192143, 51.458788], [-0.192179, 51.458618], [-0.192212, 51.458517], [-0.192268, 51.458413], [-0.192332, 51.458273], [-0.192356, 51.45824], [-0.192364, 51.458204], [-0.192394, 51.458176], [-0.192431, 51.458126], [-0.192426, 51.458104], [-0.192463, 51.458043], [-0.192539, 51.457881], [-0.192641, 51.457654], [-0.192777, 51.457587], [-0.192892, 51.457458], [-0.192927, 51.457462], [-0.192955, 51.457488], [-0.192924, 51.457528], [-0.192863, 51.457614], [-0.192861, 51.457654], [-0.1928, 51.457732], [-0.19273, 51.457902], [-0.192606, 51.458085], [-0.192467, 51.458376], [-0.192391, 51.458535], [-0.192347, 51.458636], [-0.192349, 51.45873], [-0.192375, 51.458803], [-0.192396, 51.458861], [-0.192405, 51.458912], [-0.192433, 51.458945], [-0.192478, 51.458989], [-0.192517, 51.459012], [-0.192715, 51.459], [-0.192884, 51.458992], [-0.192994, 51.458997], [-0.193191, 51.459011], [-0.193312, 51.459028], [-0.193405, 51.459033], [-0.193444, 51.459069], [-0.193471, 51.459113], [-0.193453, 51.459135], [-0.193343, 51.45913], [-0.193163, 51.459116], [-0.193094, 51.459118], [-0.193017, 51.459143], [-0.192946, 51.459171], [-0.192876, 51.459195], [-0.192862, 51.459253], [-0.192851, 51.459379], [-0.192871, 51.459612], [-0.192909, 51.459823], [-0.192991, 51.459813], [-0.193032, 51.459799], [-0.193116, 51.45959], [-0.193173, 51.459468], [-0.193204, 51.459418], [-0.193235, 51.45936], [-0.193265, 51.459339], [-0.193333, 51.45938], [-0.193342, 51.459441], [-0.193299, 51.45951], [-0.193267, 51.459582], [-0.193246, 51.459665], [-0.193214, 51.459759], [-0.193187, 51.459842], [-0.193142, 51.459942], [-0.193129, 51.459993], [-0.193115, 51.460058], [-0.19308, 51.460054], [-0.193027, 51.460064], [-0.192984, 51.460132], [-0.192951, 51.460226], [-0.192942, 51.460313], [-0.192945, 51.460396], [-0.192948, 51.460465], [-0.192987, 51.460638], [-0.193005, 51.460787], [-0.193032, 51.46098], [-0.193054, 51.461151], [-0.193073, 51.46126], [-0.193093, 51.461336], [-0.19312, 51.46138], [-0.193112, 51.461456], [-0.19319, 51.461541], [-0.193275, 51.461582], [-0.193364, 51.461689], [-0.193408, 51.461744], [-0.193482, 51.461785], [-0.193485, 51.461839], [-0.193558, 51.461924], [-0.193614, 51.461964], [-0.193676, 51.462016], [-0.193837, 51.462204], [-0.193909, 51.462277], [-0.193919, 51.462339], [-0.193951, 51.462405], [-0.193904, 51.462404], [-0.193874, 51.462429], [-0.193836, 51.46237], [-0.193798, 51.462315], [-0.193752, 51.462297], [-0.193673, 51.46223], [-0.193423, 51.461954], [-0.193103, 51.461525], [-0.192928, 51.461403], [-0.192843, 51.461343], [-0.192783, 51.461263], [-0.192796, 51.46123], [-0.192792, 51.461179], [-0.192741, 51.461139], [-0.192716, 51.460903], [-0.192665, 51.460575], [-0.19264, 51.46047]]]]}, "properties": {"OBJECTID": 6, "Type": "Canal", "First_map": "1st London", "Last_map": null, "First_Year": null, "Last_Year": null, "London1stSeries": 1, "London1srRevision": 1}}, {"type": "Feature", "id": 25, "geometry": {"type": "Polygon", "coordinates": [[[-0.191791, 51.453003], [-0.191791, 51.453002], [-0.191829, 51.453106], [-0.191816, 51.453151], [-0.191892, 51.453201], [-0.19205, 51.453316], [-0.19225, 51.453444], [-0.192557, 51.45361], [-0.192757, 51.453711], [-0.19281, 51.453761], [-0.192931, 51.453891], [-0.19297, 51.453978], [-0.193074, 51.454092], [-0.193254, 51.454268], [-0.19348, 51.45449], [-0.193823, 51.454808], [-0.193985, 51.454976], [-0.193954, 51.454994], [-0.193983, 51.455025], [-0.193916, 51.455054], [-0.193838, 51.455045], [-0.193772, 51.455037], [-0.193668, 51.455065], [-0.193558, 51.455105], [-0.193556, 51.455154], [-0.193691, 51.455243], [-0.193731, 51.455292], [-0.19361, 51.455313], [-0.19336, 51.455237], [-0.193359, 51.455271], [-0.193407, 51.455408], [-0.193486, 51.455567], [-0.193407, 51.455581], [-0.193319, 51.4555], [-0.193244, 51.45542], [-0.193177, 51.455147], [-0.193091, 51.454871], [-0.193027, 51.454659], [-0.192975, 51.454455], [-0.192908, 51.454323], [-0.19282, 51.454257], [-0.19278, 51.454204], [-0.192731, 51.454079], [-0.192746, 51.454008], [-0.192774, 51.45391], [-0.192688, 51.453792], [-0.192629, 51.453761], [-0.192439, 51.45369], [-0.19241, 51.453671], [-0.192391, 51.453682], [-0.192278, 51.453643], [-0.192059, 51.453553], [-0.191912, 51.453468], [-0.191765, 51.453371], [-0.191708, 51.453284], [-0.191652, 51.453174], [-0.191607, 51.453098], [-0.191602, 51.453056], [-0.191581, 51.453], [-0.191791, 51.453003]]]}, "properties": {"OBJECTID": 7, "Type": "River", "First_map": "London 1st Series", "Last_map": null, "First_Year": null, "Last_Year": null, "London1stSeries": 1, "London1srRevision": 1}}, {"type": "Feature", "id": 26, "geometry": {"type": "Polygon", "coordinates": [[[-0.193597, 51.45579], [-0.19365, 51.455834], [-0.193695, 51.455903], [-0.193748, 51.455941], [-0.193803, 51.455923], [-0.193854, 51.455853], [-0.193863, 51.45577], [-0.193819, 51.455679], [-0.193756, 51.45558], [-0.193872, 51.455552], [-0.193947, 51.455639], [-0.194009, 51.45575], [-0.194023, 51.45584], [-0.193996, 51.455907], [-0.193927, 51.455974], [-0.193866, 51.456011], [-0.193846, 51.456048], [-0.193827, 51.456078], [-0.193868, 51.456116], [-0.193885, 51.456297], [-0.19391, 51.456426], [-0.193924, 51.456524], [-0.193947, 51.456539], [-0.194041, 51.456462], [-0.194152, 51.456399], [-0.194249, 51.456363], [-0.194334, 51.456361], [-0.194337, 51.456282], [-0.194323, 51.45618], [-0.194289, 51.456123], [-0.194332, 51.456116], [-0.194366, 51.456165], [-0.194375, 51.45623], [-0.194385, 51.456294], [-0.194413, 51.456332], [-0.194505, 51.456311], [-0.194639, 51.456267], [-0.194767, 51.456217], [-0.194897, 51.456132], [-0.195034, 51.456036], [-0.195158, 51.455929], [-0.195307, 51.45583], [-0.195437, 51.455741], [-0.195579, 51.455642], [-0.19569, 51.455591], [-0.195811, 51.455563], [-0.195861, 51.455533], [-0.196087, 51.455454], [-0.196211, 51.455362], [-0.196355, 51.455225], [-0.196605, 51.454988], [-0.196761, 51.454862], [-0.19679, 51.454881], [-0.196777, 51.454911], [-0.196621, 51.455052], [-0.196289, 51.455359], [-0.196065, 51.455548], [-0.195943, 51.455599], [-0.195797, 51.455634], [-0.19565, 51.455677], [-0.195533, 51.455747], [-0.195415, 51.455835], [-0.195217, 51.455968], [-0.195043, 51.456108], [-0.194881, 51.456234], [-0.194734, 51.456299], [-0.194495, 51.456393], [-0.194363, 51.456391], [-0.194235, 51.456423], [-0.194124, 51.456485], [-0.194066, 51.456575], [-0.194039, 51.456665], [-0.194052, 51.456774], [-0.194054, 51.456898], [-0.194039, 51.456962], [-0.193953, 51.457145], [-0.193908, 51.457224], [-0.193899, 51.45731], [-0.193914, 51.457389], [-0.19394, 51.457491], [-0.193989, 51.457628], [-0.19402, 51.45776], [-0.194064, 51.457858], [-0.194055, 51.457926], [-0.194082, 51.458021], [-0.194108, 51.458119], [-0.194134, 51.458221], [-0.194175, 51.458406], [-0.19409, 51.458416], [-0.193977, 51.458072], [-0.193935, 51.457909], [-0.193857, 51.457611], [-0.193825, 51.457493], [-0.193795, 51.457342], [-0.193776, 51.457212], [-0.193787, 51.457099], [-0.193834, 51.456972], [-0.193685, 51.456921], [-0.193724, 51.456865], [-0.193856, 51.456878], [-0.19382, 51.456716], [-0.193794, 51.456595], [-0.193728, 51.456436], [-0.193657, 51.456273], [-0.193619, 51.456148], [-0.193494, 51.455803], [-0.193597, 51.45579]]]}, "properties": {"OBJECTID": 8, "Type": "River", "First_map": "1st London", "Last_map": null, "First_Year": null, "Last_Year": null, "London1stSeries": 1, "London1srRevision": 1}}, {"type": "Feature", "id": 27, "geometry": {"type": "Polygon", "coordinates": [[[-0.194242, 51.45885], [-0.194175, 51.458873], [-0.194088, 51.458917], [-0.193916, 51.459005], [-0.193823, 51.459083], [-0.193752, 51.459198], [-0.193688, 51.459299], [-0.193636, 51.459396], [-0.193557, 51.459545], [-0.193474, 51.45968], [-0.193408, 51.459833], [-0.193422, 51.459916], [-0.193497, 51.460015], [-0.193611, 51.460179], [-0.193702, 51.460323], [-0.193792, 51.460482], [-0.193859, 51.460611], [-0.193898, 51.460684], [-0.193937, 51.460775], [-0.194025, 51.460975], [-0.194114, 51.461165], [-0.194047, 51.461187], [-0.193995, 51.461125], [-0.193938, 51.461046], [-0.193753, 51.461156], [-0.193712, 51.461117], [-0.193645, 51.460987], [-0.193583, 51.460873], [-0.193534, 51.460752], [-0.193487, 51.460713], [-0.193479, 51.460623], [-0.193457, 51.460574], [-0.193373, 51.460403], [-0.193305, 51.460285], [-0.193279, 51.460194], [-0.193286, 51.460164], [-0.193352, 51.460169], [-0.193401, 51.460162], [-0.193354, 51.460128], [-0.193331, 51.460086], [-0.193333, 51.460041], [-0.19331, 51.460007], [-0.193251, 51.459991], [-0.193241, 51.459927], [-0.193238, 51.459855], [-0.193265, 51.459784], [-0.193311, 51.459672], [-0.193363, 51.459593], [-0.193427, 51.459482], [-0.193493, 51.459355], [-0.193532, 51.459269], [-0.193523, 51.459197], [-0.193501, 51.459148], [-0.19355, 51.459118], [-0.193564, 51.45907], [-0.193561, 51.459009], [-0.193564, 51.458927], [-0.193597, 51.45884], [-0.1936, 51.458769], [-0.193614, 51.458732], [-0.193646, 51.458687], [-0.19369, 51.458624], [-0.193754, 51.458546], [-0.193792, 51.458497], [-0.193812, 51.45843], [-0.193827, 51.458373], [-0.193823, 51.458302], [-0.193808, 51.458226], [-0.193818, 51.458147], [-0.193891, 51.458111], [-0.193965, 51.458086], [-0.193975, 51.458127], [-0.19395, 51.458146], [-0.19396, 51.458191], [-0.193982, 51.458263], [-0.193991, 51.458338], [-0.193954, 51.458364], [-0.193922, 51.45839], [-0.193902, 51.458446], [-0.193887, 51.458521], [-0.19383, 51.458607], [-0.193772, 51.458681], [-0.193703, 51.458759], [-0.193694, 51.458831], [-0.193698, 51.458876], [-0.193783, 51.458862], [-0.193839, 51.458837], [-0.193876, 51.458803], [-0.193913, 51.45877], [-0.193994, 51.458719], [-0.194019, 51.458693], [-0.194058, 51.458625], [-0.194108, 51.458577], [-0.194168, 51.458586], [-0.194188, 51.458691], [-0.194195, 51.458808], [-0.194262, 51.458798], [-0.194278, 51.45884], [-0.194242, 51.45885]]]}, "properties": {"OBJECTID": 9, "Type": "River", "First_map": "1st London", "Last_map": null, "First_Year": null, "Last_Year": null, "London1stSeries": 1, "London1srRevision": 1}}, {"type": "Feature", "id": 28, "geometry": {"type": "Polygon", "coordinates": [[[-0.194116, 51.461284], [-0.194388, 51.461239], [-0.194532, 51.461279], [-0.194553, 51.461343], [-0.194525, 51.461452], [-0.194528, 51.461516], [-0.194557, 51.461554], [-0.194623, 51.461559], [-0.194723, 51.461628], [-0.194786, 51.461693], [-0.194834, 51.461705], [-0.194885, 51.461638], [-0.194828, 51.461558], [-0.19477, 51.46149], [-0.194755, 51.461426], [-0.194711, 51.461316], [-0.194681, 51.461165], [-0.194671, 51.461104], [-0.194692, 51.461033], [-0.194741, 51.460857], [-0.194779, 51.460662], [-0.19477, 51.460579], [-0.194797, 51.460496], [-0.194829, 51.460448], [-0.194862, 51.4604], [-0.19487, 51.460332], [-0.194831, 51.46026], [-0.194755, 51.460191], [-0.194644, 51.46011], [-0.194502, 51.46004], [-0.19439, 51.459974], [-0.194306, 51.459981], [-0.194197, 51.45999], [-0.194118, 51.460008], [-0.193955, 51.460005], [-0.193805, 51.459999], [-0.193738, 51.46001], [-0.193659, 51.460016], [-0.193631, 51.459963], [-0.19361, 51.459887], [-0.193595, 51.459815], [-0.193518, 51.459792], [-0.193569, 51.459721], [-0.193843, 51.459797], [-0.194301, 51.459796], [-0.194361, 51.45965], [-0.194445, 51.459655], [-0.194398, 51.459779], [-0.194588, 51.459857], [-0.194663, 51.459768], [-0.194667, 51.459666], [-0.194722, 51.459656], [-0.194761, 51.459743], [-0.194731, 51.459886], [-0.194873, 51.459967], [-0.19504, 51.459841], [-0.195259, 51.459803], [-0.195638, 51.459802], [-0.195827, 51.459447], [-0.195864, 51.459436], [-0.195983, 51.459476], [-0.195857, 51.459745], [-0.195835, 51.459854], [-0.196226, 51.459886], [-0.19646, 51.459905], [-0.196604, 51.459918], [-0.196567, 51.460087], [-0.196489, 51.460082], [-0.19647, 51.460247], [-0.196541, 51.46029], [-0.196498, 51.460316], [-0.196178, 51.460171], [-0.195908, 51.460148], [-0.195924, 51.460036], [-0.196159, 51.460039], [-0.196202, 51.460021], [-0.196186, 51.459979], [-0.196072, 51.459959], [-0.195886, 51.459937], [-0.195597, 51.459937], [-0.195398, 51.459945], [-0.195166, 51.460005], [-0.195132, 51.460272], [-0.195096, 51.460422], [-0.195125, 51.460434], [-0.195111, 51.460482], [-0.195056, 51.4605], [-0.19506, 51.460568], [-0.195108, 51.460576], [-0.195129, 51.460652], [-0.195055, 51.460681], [-0.194966, 51.460947], [-0.194954, 51.461109], [-0.194984, 51.46126], [-0.195034, 51.461362], [-0.195086, 51.461423], [-0.195138, 51.46148], [-0.195222, 51.461489], [-0.195292, 51.461554], [-0.195224, 51.461598], [-0.19521, 51.461643], [-0.195232, 51.461696], [-0.19518, 51.46179], [-0.195111, 51.461868], [-0.194939, 51.461944], [-0.194847, 51.461984], [-0.194804, 51.462013], [-0.194749, 51.462031], [-0.194723, 51.462069], [-0.194871, 51.462289], [-0.194952, 51.462381], [-0.195072, 51.462405], [-0.195163, 51.462523], [-0.195269, 51.462597], [-0.195279, 51.462657], [-0.195275, 51.462756], [-0.195306, 51.462873], [-0.195395, 51.462928], [-0.194818, 51.462873], [-0.194804, 51.462764], [-0.194729, 51.462688], [-0.194708, 51.462616], [-0.194662, 51.462547], [-0.194622, 51.462494], [-0.194613, 51.462426], [-0.194528, 51.462274], [-0.194417, 51.462047], [-0.194336, 51.461805], [-0.19419, 51.461678], [-0.194061, 51.461586], [-0.193921, 51.461489], [-0.193845, 51.461421], [-0.193966, 51.461419], [-0.194057, 51.461382], [-0.19415, 51.461339], [-0.194116, 51.461284]]]}, "properties": {"OBJECTID": 10, "Type": null, "First_map": null, "Last_map": null, "First_Year": null, "Last_Year": null, "London1stSeries": 1, "London1srRevision": 1}}, {"type": "Feature", "id": 29, "geometry": {"type": "Polygon", "coordinates": [[[-0.194382, 51.461263], [-0.194469, 51.461344], [-0.194469, 51.461479], [-0.194524, 51.461623], [-0.194616, 51.461745], [-0.194672, 51.461832], [-0.194705, 51.461923], [-0.194713, 51.462017], [-0.194673, 51.462115], [-0.194676, 51.46219], [-0.194738, 51.4623], [-0.194854, 51.462419], [-0.194994, 51.462549], [-0.195145, 51.46269], [-0.195201, 51.4628], [-0.195238, 51.462925], [-0.195094, 51.462912], [-0.195033, 51.462768], [-0.194949, 51.462608], [-0.194827, 51.46249], [-0.194717, 51.462375], [-0.194625, 51.462268], [-0.194575, 51.462155], [-0.194562, 51.462023], [-0.194537, 51.461905], [-0.194458, 51.461761], [-0.194307, 51.46162], [-0.194194, 51.461576], [-0.194044, 51.461578], [-0.193856, 51.46144], [-0.193869, 51.461425], [-0.19403, 51.461465], [-0.194057, 51.461405], [-0.194088, 51.461379], [-0.194143, 51.461342], [-0.194128, 51.461286], [-0.194261, 51.461261], [-0.194352, 51.461248], [-0.194376, 51.461267], [-0.194375, 51.461267], [-0.194381, 51.461271], [-0.194376, 51.461267], [-0.194382, 51.461263]]]}, "properties": {"OBJECTID": 11, "Type": "River", "First_map": "1st London", "Last_map": null, "First_Year": null, "Last_Year": null, "London1stSeries": 1, "London1srRevision": 1}}, {"type": "Feature", "id": 30, "geometry": {"type": "Polygon", "coordinates": [[[-0.186526, 51.479843], [-0.186407, 51.479915], [-0.186238, 51.479803], [-0.186189, 51.479769], [-0.186048, 51.479557], [-0.185979, 51.479457], [-0.185799, 51.479215], [-0.185807, 51.479198], [-0.185624, 51.478948], [-0.185595, 51.47894], [-0.18558, 51.478924], [-0.185536, 51.478932], [-0.185221, 51.478693], [-0.185221, 51.478685], [-0.185064, 51.47855], [-0.184548, 51.478132], [-0.184158, 51.477812], [-0.183946, 51.477636], [-0.183815, 51.477542], [-0.183581, 51.477444], [-0.183436, 51.477409], [-0.183364, 51.477374], [-0.183342, 51.477358], [-0.182841, 51.477413], [-0.182802, 51.477365], [-0.182713, 51.477367], [-0.182399, 51.477382], [-0.182195, 51.477397], [-0.182124, 51.477405], [-0.181593, 51.477652], [-0.181207, 51.47781], [-0.180955, 51.477891], [-0.180683, 51.477946], [-0.180444, 51.477965], [-0.180039, 51.477962], [-0.179541, 51.477969], [-0.179312, 51.477982], [-0.179433, 51.477629], [-0.179519, 51.477654], [-0.179792, 51.477688], [-0.180011, 51.477713], [-0.180193, 51.477726], [-0.180392, 51.477711], [-0.180615, 51.47768], [-0.180946, 51.477588], [-0.181298, 51.477469], [-0.181727, 51.477326], [-0.182037, 51.477226], [-0.182317, 51.477141], [-0.182418, 51.477125], [-0.182576, 51.477116], [-0.182667, 51.477126], [-0.182858, 51.477165], [-0.182974, 51.47719], [-0.183042, 51.477241], [-0.183419, 51.477211], [-0.183998, 51.477175], [-0.184045, 51.477218], [-0.184141, 51.477203], [-0.184174, 51.477247], [-0.184077, 51.477271], [-0.184096, 51.477303], [-0.184046, 51.477353], [-0.184041, 51.477423], [-0.184151, 51.477536], [-0.184405, 51.477756], [-0.185106, 51.478352], [-0.185298, 51.478482], [-0.185869, 51.479053], [-0.185915, 51.479117], [-0.186148, 51.479474], [-0.186281, 51.479639], [-0.186416, 51.479748], [-0.186489, 51.479809], [-0.186526, 51.479843]]]}, "properties": {"OBJECTID": 12, "Type": "Creek", "First_map": "1stRevision", "Last_map": null, "First_Year": null, "Last_Year": null, "London1stSeries": 1, "London1srRevision": 1}}, {"type": "Feature", "id": 31, "geometry": {"type": "Polygon", "coordinates": [[[-0.308639, 51.481708], [-0.308549, 51.48177], [-0.308182, 51.481922], [-0.307943, 51.481988], [-0.307736, 51.48202], [-0.307556, 51.482039], [-0.307507, 51.482017], [-0.307424, 51.482014], [-0.307286, 51.482031], [-0.307243, 51.482044], [-0.307296, 51.482071], [-0.307522, 51.482148], [-0.30761, 51.48213], [-0.307845, 51.48207], [-0.308025, 51.482029], [-0.308129, 51.481998], [-0.308175, 51.481996], [-0.308276, 51.482157], [-0.308059, 51.482244], [-0.307982, 51.482257], [-0.307757, 51.482285], [-0.307695, 51.482298], [-0.307599, 51.482318], [-0.307551, 51.482277], [-0.30724, 51.482149], [-0.306984, 51.482048], [-0.306761, 51.482016], [-0.306497, 51.482022], [-0.30611, 51.48208], [-0.306066, 51.482058], [-0.306024, 51.482053], [-0.305958, 51.48208], [-0.305849, 51.482138], [-0.305801, 51.4822], [-0.30582, 51.482319], [-0.305837, 51.482376], [-0.305729, 51.482394], [-0.305677, 51.482369], [-0.305646, 51.482273], [-0.305597, 51.482166], [-0.305371, 51.482186], [-0.30531, 51.482195], [-0.305265, 51.482258], [-0.305209, 51.482331], [-0.305189, 51.482364], [-0.305116, 51.482489], [-0.305087, 51.482539], [-0.305082, 51.482589], [-0.305042, 51.482643], [-0.304935, 51.482737], [-0.304836, 51.482835], [-0.304767, 51.48287], [-0.304637, 51.482875], [-0.304483, 51.482909], [-0.304398, 51.482955], [-0.304365, 51.483002], [-0.304402, 51.483053], [-0.304385, 51.483081], [-0.304349, 51.483121], [-0.304299, 51.483153], [-0.304215, 51.483159], [-0.304116, 51.483139], [-0.304016, 51.483083], [-0.303898, 51.483069], [-0.303773, 51.483055], [-0.303736, 51.483019], [-0.303748, 51.482988], [-0.303677, 51.482952], [-0.303686, 51.482921], [-0.303663, 51.482837], [-0.30363, 51.482692], [-0.303565, 51.482593], [-0.303431, 51.482501], [-0.303231, 51.482455], [-0.303147, 51.482461], [-0.302947, 51.482508], [-0.302766, 51.482558], [-0.302646, 51.482606], [-0.302599, 51.482636], [-0.302519, 51.482645], [-0.302378, 51.482652], [-0.302117, 51.482694], [-0.302025, 51.482721], [-0.301603, 51.482796], [-0.301295, 51.482874], [-0.301175, 51.482911], [-0.300983, 51.48297], [-0.300855, 51.483023], [-0.300644, 51.483062], [-0.300465, 51.483067], [-0.300311, 51.483086], [-0.300207, 51.483116], [-0.300154, 51.483122], [-0.300034, 51.483068], [-0.299985, 51.483065], [-0.299843, 51.483082], [-0.299782, 51.483093], [-0.299698, 51.483077], [-0.299629, 51.483098], [-0.299559, 51.48303], [-0.299655, 51.483017], [-0.299727, 51.483028], [-0.299868, 51.483034], [-0.300082, 51.483009], [-0.30025, 51.482992], [-0.300358, 51.482963], [-0.300622, 51.482931], [-0.30073, 51.482902], [-0.300933, 51.482864], [-0.301098, 51.48285], [-0.301201, 51.482828], [-0.301536, 51.482752], [-0.301824, 51.482692], [-0.302169, 51.482616], [-0.302355, 51.482554], [-0.302437, 51.482501], [-0.303347, 51.482293], [-0.303437, 51.482339], [-0.303528, 51.482359], [-0.303695, 51.482381], [-0.303867, 51.482364], [-0.304013, 51.48234], [-0.304128, 51.482318], [-0.304186, 51.4823], [-0.304202, 51.482262], [-0.304363, 51.482236], [-0.304377, 51.482267], [-0.304466, 51.482252], [-0.304492, 51.482269], [-0.304491, 51.482295], [-0.304368, 51.482317], [-0.304275, 51.482363], [-0.304244, 51.482379], [-0.304107, 51.48237], [-0.303976, 51.482397], [-0.303845, 51.482428], [-0.303706, 51.482481], [-0.303666, 51.482549], [-0.303684, 51.482664], [-0.303719, 51.482767], [-0.303769, 51.482853], [-0.303838, 51.482935], [-0.30392, 51.482981], [-0.303995, 51.483011], [-0.304094, 51.483024], [-0.304166, 51.483037], [-0.304227, 51.483045], [-0.304239, 51.483029], [-0.304251, 51.482988], [-0.30433, 51.482937], [-0.304412, 51.482884], [-0.304467, 51.482827], [-0.304485, 51.482752], [-0.304529, 51.482697], [-0.304602, 51.482691], [-0.304618, 51.482673], [-0.30476, 51.482644], [-0.304794, 51.482649], [-0.30485, 51.482664], [-0.304871, 51.482629], [-0.304881, 51.482565], [-0.304863, 51.482521], [-0.304865, 51.482469], [-0.304901, 51.482441], [-0.305004, 51.482433], [-0.305005, 51.482393], [-0.305019, 51.482341], [-0.304915, 51.482356], [-0.304885, 51.482341], [-0.304917, 51.482296], [-0.304955, 51.482216], [-0.304847, 51.482231], [-0.304856, 51.482203], [-0.30483, 51.482186], [-0.304918, 51.48217], [-0.305174, 51.482043], [-0.305743, 51.481927], [-0.306195, 51.481846], [-0.30673, 51.481818], [-0.307342, 51.481841], [-0.307369, 51.481851], [-0.307503, 51.481834], [-0.307644, 51.481838], [-0.307908, 51.481802], [-0.308059, 51.481742], [-0.308244, 51.481678], [-0.308639, 51.481708]]]}, "properties": {"OBJECTID": 13, "Type": null, "First_map": null, "Last_map": null, "First_Year": null, "Last_Year": null, "London1stSeries": 1, "London1srRevision": 1}}, {"type": "Feature", "id": 32, "geometry": {"type": "Polygon", "coordinates": [[[-0.305837, 51.482376], [-0.305871, 51.482481], [-0.305901, 51.482591], [-0.305918, 51.482639], [-0.305806, 51.482699], [-0.305724, 51.482731], [-0.305625, 51.482725], [-0.305524, 51.482683], [-0.305449, 51.482658], [-0.305358, 51.482648], [-0.305293, 51.482656], [-0.305162, 51.482595], [-0.30511, 51.482551], [-0.305087, 51.482539], [-0.305116, 51.482489], [-0.305179, 51.482538], [-0.305247, 51.48256], [-0.305367, 51.482605], [-0.30551, 51.482657], [-0.30566, 51.482709], [-0.305748, 51.482696], [-0.305765, 51.482653], [-0.305789, 51.482535], [-0.305762, 51.482437], [-0.305729, 51.482394], [-0.305837, 51.482376]]]}, "properties": {"OBJECTID": 14, "Type": null, "First_map": null, "Last_map": null, "First_Year": null, "Last_Year": null, "London1stSeries": 1, "London1srRevision": 1}}, {"type": "Feature", "id": 33, "geometry": {"type": "Polygon", "coordinates": [[[0.028264, 51.455892], [0.028564, 51.45596], [0.028645, 51.455959], [0.028753, 51.455929], [0.028842, 51.455954], [0.028874, 51.455948], [0.028764, 51.455914], [0.028901, 51.455776], [0.028957, 51.455704], [0.028985, 51.455688], [0.029062, 51.455671], [0.029086, 51.455649], [0.029121, 51.455637], [0.029261, 51.455619], [0.029266, 51.455595], [0.029051, 51.455611], [0.028971, 51.455643], [0.028928, 51.455678], [0.028863, 51.455761], [0.028774, 51.455852], [0.028672, 51.455899], [0.028633, 51.455902], [0.028559, 51.455892], [0.028382, 51.455841], [0.028235, 51.45583], [0.028264, 51.455892]]]}, "properties": {"OBJECTID": 15, "Type": null, "First_map": null, "Last_map": null, "First_Year": null, "Last_Year": null, "London1stSeries": 1, "London1srRevision": 1}}, {"type": "Feature", "id": 34, "geometry": {"type": "Polygon", "coordinates": [[[0.028383, 51.456027], [0.028406, 51.45607], [0.028525, 51.456119], [0.028574, 51.456132], [0.02868, 51.45614], [0.02871, 51.456136], [0.028761, 51.456113], [0.028793, 51.45607], [0.028786, 51.456044], [0.02876, 51.456024], [0.028676, 51.456005], [0.028605, 51.456018], [0.028619, 51.456048], [0.028487, 51.456073], [0.028452, 51.456001], [0.028406, 51.456007], [0.028383, 51.456027]]]}, "properties": {"OBJECTID": 16, "Type": null, "First_map": null, "Last_map": null, "First_Year": null, "Last_Year": null, "London1stSeries": 1, "London1srRevision": 1}}, {"type": "Feature", "id": 35, "geometry": {"type": "Polygon", "coordinates": [[[0.028879, 51.455967], [0.028998, 51.456009], [0.028943, 51.456023], [0.028868, 51.45607], [0.028829, 51.45615], [0.028832, 51.456197], [0.028846, 51.456212], [0.028883, 51.456206], [0.028893, 51.456158], [0.028944, 51.456109], [0.028983, 51.456087], [0.029032, 51.456081], [0.029206, 51.456093], [0.029278, 51.456125], [0.029371, 51.456196], [0.029514, 51.456276], [0.029682, 51.456387], [0.029766, 51.456415], [0.029844, 51.456419], [0.029874, 51.456428], [0.029925, 51.456465], [0.029936, 51.456502], [0.029973, 51.456513], [0.030043, 51.456556], [0.030067, 51.456558], [0.03016, 51.456594], [0.030205, 51.456599], [0.030221, 51.456595], [0.030231, 51.456578], [0.03036, 51.4566], [0.030415, 51.4566], [0.030452, 51.45659], [0.030497, 51.456553], [0.030533, 51.456498], [0.030535, 51.456457], [0.030471, 51.456362], [0.030439, 51.456174], [0.030447, 51.456119], [0.030486, 51.456034], [0.030482, 51.456038], [0.030499, 51.455905], [0.030471, 51.45585], [0.030394, 51.455804], [0.030288, 51.455783], [0.030145, 51.455793], [0.030097, 51.455813], [0.030053, 51.455848], [0.030009, 51.455893], [0.029963, 51.455969], [0.029822, 51.455935], [0.029737, 51.455932], [0.029667, 51.455941], [0.029541, 51.455984], [0.029382, 51.456074], [0.029221, 51.456027], [0.029165, 51.456021], [0.029121, 51.456002], [0.029016, 51.456], [0.028909, 51.455961], [0.028879, 51.455967]]]}, "properties": {"OBJECTID": 17, "Type": null, "First_map": null, "Last_map": null, "First_Year": null, "Last_Year": null, "London1stSeries": 1, "London1srRevision": 1}}, {"type": "Feature", "id": 36, "geometry": {"type": "Polygon", "coordinates": [[[0.029969, 51.45539], [0.029936, 51.455379], [0.029915, 51.45544], [0.029886, 51.455461], [0.029791, 51.455483], [0.029676, 51.455474], [0.029617, 51.455481], [0.029579, 51.455504], [0.029547, 51.455543], [0.029522, 51.455557], [0.029474, 51.455572], [0.029301, 51.455593], [0.029296, 51.455616], [0.029374, 51.455612], [0.029457, 51.45562], [0.029524, 51.455611], [0.029583, 51.455582], [0.029598, 51.455533], [0.029614, 51.455522], [0.029784, 51.455508], [0.029896, 51.455487], [0.029948, 51.455456], [0.029969, 51.45539]]]}, "properties": {"OBJECTID": 18, "Type": null, "First_map": null, "Last_map": null, "First_Year": null, "Last_Year": null, "London1stSeries": 1, "London1srRevision": 1}}, {"type": "Feature", "id": 37, "geometry": {"type": "Polygon", "coordinates": [[[0.031697, 51.453689], [0.031537, 51.453675], [0.031507, 51.453651], [0.03145, 51.453649], [0.031424, 51.453663], [0.031307, 51.453766], [0.031266, 51.45379], [0.03118, 51.453818], [0.031135, 51.45384], [0.031122, 51.453872], [0.031137, 51.45394], [0.03112, 51.454], [0.031075, 51.454032], [0.030981, 51.454065], [0.030952, 51.454091], [0.03094, 51.454121], [0.03097, 51.454218], [0.030996, 51.454442], [0.030994, 51.454467], [0.030976, 51.45449], [0.030926, 51.454503], [0.030887, 51.454495], [0.030855, 51.454443], [0.030778, 51.454369], [0.030736, 51.454347], [0.030697, 51.454344], [0.030655, 51.454369], [0.030607, 51.454432], [0.030491, 51.454512], [0.030424, 51.454574], [0.030212, 51.454558], [0.030109, 51.454609], [0.030061, 51.454621], [0.030038, 51.454639], [0.030013, 51.454665], [0.03002, 51.454692], [0.030095, 51.454771], [0.030108, 51.454815], [0.029984, 51.454953], [0.029957, 51.455018], [0.029991, 51.455035], [0.030103, 51.455053], [0.030126, 51.455065], [0.030138, 51.455083], [0.030127, 51.455099], [0.030035, 51.455165], [0.029991, 51.455214], [0.029946, 51.455359], [0.029977, 51.455369], [0.029996, 51.455315], [0.030029, 51.455287], [0.030065, 51.455228], [0.030231, 51.455117], [0.030244, 51.455098], [0.030241, 51.455069], [0.030218, 51.455036], [0.030112, 51.454986], [0.030112, 51.454957], [0.030205, 51.454882], [0.030235, 51.45483], [0.030199, 51.454763], [0.030094, 51.454685], [0.030093, 51.454654], [0.030122, 51.45463], [0.030232, 51.454587], [0.030281, 51.454589], [0.030374, 51.454611], [0.03044, 51.454611], [0.030472, 51.454601], [0.030505, 51.454566], [0.030509, 51.454529], [0.03064, 51.454447], [0.030683, 51.454398], [0.030707, 51.454385], [0.030772, 51.454407], [0.030871, 51.454513], [0.030929, 51.45452], [0.031008, 51.454502], [0.031036, 51.454453], [0.031, 51.45418], [0.031008, 51.454142], [0.031019, 51.454114], [0.031058, 51.454083], [0.031072, 51.454059], [0.031188, 51.454005], [0.031193, 51.453962], [0.031171, 51.453931], [0.031195, 51.453868], [0.031232, 51.453835], [0.031327, 51.453783], [0.031425, 51.453715], [0.031498, 51.45371], [0.031531, 51.453693], [0.031692, 51.453707], [0.031697, 51.453689]]]}, "properties": {"OBJECTID": 19, "Type": null, "First_map": null, "Last_map": null, "First_Year": null, "Last_Year": null, "London1stSeries": 1, "London1srRevision": 1}}, {"type": "Feature", "id": 38, "geometry": {"type": "Polygon", "coordinates": [[[0.031702, 51.45656], [0.031623, 51.456563], [0.031586, 51.456594], [0.03157, 51.456624], [0.031645, 51.456767], [0.031638, 51.45683], [0.031599, 51.45688], [0.031625, 51.456893], [0.031681, 51.45688], [0.031741, 51.456843], [0.031774, 51.456816], [0.031795, 51.456779], [0.031785, 51.456716], [0.031727, 51.456614], [0.031721, 51.456571], [0.031702, 51.45656]]]}, "properties": {"OBJECTID": 20, "Type": null, "First_map": null, "Last_map": null, "First_Year": null, "Last_Year": null, "London1stSeries": 1, "London1srRevision": 1}}, {"type": "Feature", "id": 39, "geometry": {"type": "Polygon", "coordinates": [[[0.031791, 51.456442], [0.031823, 51.456439], [0.031825, 51.456433], [0.03176, 51.456424], [0.031784, 51.456323], [0.031891, 51.456091], [0.031891, 51.455857], [0.031877, 51.455848], [0.031862, 51.455862], [0.031856, 51.455902], [0.031866, 51.45605], [0.031858, 51.456109], [0.031767, 51.456285], [0.031728, 51.456425], [0.031738, 51.456433], [0.031791, 51.456442]]]}, "properties": {"OBJECTID": 21, "Type": null, "First_map": null, "Last_map": null, "First_Year": null, "Last_Year": null, "London1stSeries": 1, "London1srRevision": 1}}, {"type": "Feature", "id": 40, "geometry": {"type": "Polygon", "coordinates": [[[0.031939, 51.455668], [0.031974, 51.455566], [0.032015, 51.45557], [0.032016, 51.455562], [0.031977, 51.455559], [0.032024, 51.455483], [0.032041, 51.45543], [0.032045, 51.45536], [0.032033, 51.4553], [0.032071, 51.455303], [0.032072, 51.455295], [0.032031, 51.455292], [0.032036, 51.455212], [0.032061, 51.455098], [0.032129, 51.455099], [0.032131, 51.455089], [0.032065, 51.45508], [0.032087, 51.454986], [0.032127, 51.454889], [0.032179, 51.454894], [0.032182, 51.454888], [0.032131, 51.454881], [0.032193, 51.454765], [0.032194, 51.454637], [0.032235, 51.454633], [0.032237, 51.454627], [0.032194, 51.454629], [0.032188, 51.454622], [0.032205, 51.454509], [0.032176, 51.454507], [0.032166, 51.454554], [0.032169, 51.454748], [0.032154, 51.454794], [0.032062, 51.454967], [0.032043, 51.454967], [0.032044, 51.45498], [0.032059, 51.454986], [0.032003, 51.455267], [0.032018, 51.455355], [0.032015, 51.455414], [0.031996, 51.455481], [0.031949, 51.455557], [0.03192, 51.455632], [0.031914, 51.455665], [0.031939, 51.455668]]]}, "properties": {"OBJECTID": 22, "Type": null, "First_map": null, "Last_map": null, "First_Year": null, "Last_Year": null, "London1stSeries": 1, "London1srRevision": 1}}, {"type": "Feature", "id": 41, "geometry": {"type": "Polygon", "coordinates": [[[0.03289, 51.44619], [0.032853, 51.446199], [0.033203, 51.446725], [0.03354, 51.447664], [0.033558, 51.447976], [0.03362, 51.448578], [0.033663, 51.448576], [0.033601, 51.448003], [0.033577, 51.447652], [0.033241, 51.44672], [0.03289, 51.44619]]]}, "properties": {"OBJECTID": 23, "Type": null, "First_map": null, "Last_map": null, "First_Year": null, "Last_Year": null, "London1stSeries": 1, "London1srRevision": 1}}, {"type": "Feature", "id": 42, "geometry": {"type": "Polygon", "coordinates": [[[0.03333, 51.451203], [0.033366, 51.451217], [0.033848, 51.450768], [0.033861, 51.450707], [0.033815, 51.450707], [0.033812, 51.450743], [0.033793, 51.450771], [0.03333, 51.451203]]]}, "properties": {"OBJECTID": 24, "Type": null, "First_map": null, "Last_map": null, "First_Year": null, "Last_Year": null, "London1stSeries": 1, "London1srRevision": 1}}, {"type": "Feature", "id": 43, "geometry": {"type": "Polygon", "coordinates": [[[0.033721, 51.449508], [0.033762, 51.449503], [0.033665, 51.448603], [0.033624, 51.448604], [0.033721, 51.449508]]]}, "properties": {"OBJECTID": 25, "Type": null, "First_map": null, "Last_map": null, "First_Year": null, "Last_Year": null, "London1stSeries": 1, "London1srRevision": 1}}, {"type": "Feature", "id": 44, "geometry": {"type": "Polygon", "coordinates": [[[0.033777, 51.449614], [0.033733, 51.449617], [0.033768, 51.449962], [0.033815, 51.450681], [0.033862, 51.45068], [0.033818, 51.449957], [0.033777, 51.449614]]]}, "properties": {"OBJECTID": 26, "Type": null, "First_map": null, "Last_map": null, "First_Year": null, "Last_Year": null, "London1stSeries": 1, "London1srRevision": 1}}, {"type": "Feature", "id": 45, "geometry": {"type": "Polygon", "coordinates": [[[0.027051, 51.428921], [0.027076, 51.428904], [0.026994, 51.428849], [0.026924, 51.428745], [0.026903, 51.42868], [0.026901, 51.428609], [0.026942, 51.428533], [0.027045, 51.428445], [0.027077, 51.428402], [0.027162, 51.42814], [0.027097, 51.428187], [0.027032, 51.428412], [0.02689, 51.428545], [0.02686, 51.428615], [0.026872, 51.428711], [0.02694, 51.428844], [0.027051, 51.428921]]]}, "properties": {"OBJECTID": 27, "Type": null, "First_map": null, "Last_map": null, "First_Year": null, "Last_Year": null, "London1stSeries": 1, "London1srRevision": 1}}, {"type": "Feature", "id": 46, "geometry": {"type": "Polygon", "coordinates": [[[0.027277, 51.428847], [0.027325, 51.428815], [0.027193, 51.428764], [0.027118, 51.428705], [0.027077, 51.428637], [0.027057, 51.428632], [0.02703, 51.428639], [0.027008, 51.428663], [0.027009, 51.428689], [0.027029, 51.428732], [0.027072, 51.428779], [0.027159, 51.428848], [0.027213, 51.428811], [0.027277, 51.428847]]]}, "properties": {"OBJECTID": 28, "Type": null, "First_map": null, "Last_map": null, "First_Year": null, "Last_Year": null, "London1stSeries": 1, "London1srRevision": 1}}, {"type": "Feature", "id": 47, "geometry": {"type": "Polygon", "coordinates": [[[0.027195, 51.429613], [0.027236, 51.429587], [0.027193, 51.429508], [0.027197, 51.429452], [0.027395, 51.429273], [0.02742, 51.429225], [0.027428, 51.429163], [0.027409, 51.42911], [0.02737, 51.429068], [0.027245, 51.428982], [0.027156, 51.428955], [0.027104, 51.428923], [0.027076, 51.428942], [0.027153, 51.428986], [0.027298, 51.429046], [0.027372, 51.42911], [0.027392, 51.429164], [0.027387, 51.429213], [0.02735, 51.429279], [0.02728, 51.429351], [0.027175, 51.429438], [0.027159, 51.429462], [0.027163, 51.42951], [0.027195, 51.429613]]]}, "properties": {"OBJECTID": 29, "Type": null, "First_map": null, "Last_map": null, "First_Year": null, "Last_Year": null, "London1stSeries": 1, "London1srRevision": 1}}, {"type": "Feature", "id": 48, "geometry": {"type": "Polygon", "coordinates": [[[0.0275, 51.430159], [0.027466, 51.430221], [0.027455, 51.43027], [0.027461, 51.430307], [0.027493, 51.430369], [0.027512, 51.430459], [0.027406, 51.43053], [0.02726, 51.430701], [0.027216, 51.430733], [0.027197, 51.430723], [0.027204, 51.43069], [0.027183, 51.430688], [0.027108, 51.43097], [0.027099, 51.431039], [0.027105, 51.431424], [0.027118, 51.431557], [0.027165, 51.431557], [0.027144, 51.431048], [0.027204, 51.430788], [0.027275, 51.430734], [0.027439, 51.430542], [0.027511, 51.430495], [0.027541, 51.430461], [0.027545, 51.430413], [0.027503, 51.430318], [0.027496, 51.430258], [0.027538, 51.430169], [0.027604, 51.430108], [0.027654, 51.430032], [0.027692, 51.429929], [0.027688, 51.429887], [0.027649, 51.429837], [0.02738, 51.429661], [0.02731, 51.429625], [0.027259, 51.429611], [0.027221, 51.429635], [0.027311, 51.429653], [0.027494, 51.429771], [0.027632, 51.429862], [0.027658, 51.429918], [0.027573, 51.430082], [0.0275, 51.430159]]]}, "properties": {"OBJECTID": 30, "Type": null, "First_map": null, "Last_map": null, "First_Year": null, "Last_Year": null, "London1stSeries": 1, "London1srRevision": 1}}, {"type": "Feature", "id": 49, "geometry": {"type": "Polygon", "coordinates": [[[0.027635, 51.430361], [0.027696, 51.430367], [0.027717, 51.430342], [0.027737, 51.430348], [0.027748, 51.430342], [0.027723, 51.430288], [0.027741, 51.43025], [0.027729, 51.430234], [0.027786, 51.430127], [0.027774, 51.430108], [0.027749, 51.430104], [0.027743, 51.43009], [0.027687, 51.430099], [0.027663, 51.430123], [0.027666, 51.430224], [0.027651, 51.430242], [0.027655, 51.430268], [0.027629, 51.430342], [0.027635, 51.430361]]]}, "properties": {"OBJECTID": 31, "Type": null, "First_map": null, "Last_map": null, "First_Year": null, "Last_Year": null, "London1stSeries": 1, "London1srRevision": 1}}, {"type": "Feature", "id": 50, "geometry": {"type": "Polygon", "coordinates": [[[0.027886, 51.43361], [0.027927, 51.433593], [0.02746, 51.432717], [0.027219, 51.43208], [0.027162, 51.431666], [0.027113, 51.431667], [0.027168, 51.432092], [0.02742, 51.432748], [0.027886, 51.43361]]]}, "properties": {"OBJECTID": 32, "Type": null, "First_map": null, "Last_map": null, "First_Year": null, "Last_Year": null, "London1stSeries": 1, "London1srRevision": 1}}, {"type": "Feature", "id": 51, "geometry": {"type": "Polygon", "coordinates": [[[0.029082, 51.434363], [0.028955, 51.434181], [0.02805, 51.433736], [0.028031, 51.433717], [0.027997, 51.433729], [0.028025, 51.433755], [0.028917, 51.434195], [0.029034, 51.434357], [0.029092, 51.434652], [0.028976, 51.435527], [0.028932, 51.435706], [0.028973, 51.43571], [0.029011, 51.435556], [0.029158, 51.434537], [0.029125, 51.434359], [0.029082, 51.434363]]]}, "properties": {"OBJECTID": 33, "Type": null, "First_map": null, "Last_map": null, "First_Year": null, "Last_Year": null, "London1stSeries": 1, "London1srRevision": 1}}, {"type": "Feature", "id": 52, "geometry": {"type": "Polygon", "coordinates": [[[0.028959, 51.435773], [0.028916, 51.435769], [0.028866, 51.435955], [0.028701, 51.436364], [0.028742, 51.436371], [0.028745, 51.436363], [0.028885, 51.436019], [0.028959, 51.435773]]]}, "properties": {"OBJECTID": 34, "Type": null, "First_map": null, "Last_map": null, "First_Year": null, "Last_Year": null, "London1stSeries": 1, "London1srRevision": 1}}, {"type": "Feature", "id": 53, "geometry": {"type": "Polygon", "coordinates": [[[0.028789, 51.437607], [0.028773, 51.437674], [0.028682, 51.43781], [0.028645, 51.437957], [0.028644, 51.438023], [0.028661, 51.438122], [0.028709, 51.43821], [0.02875, 51.438349], [0.028736, 51.438479], [0.028759, 51.438639], [0.028806, 51.438761], [0.028839, 51.438901], [0.028826, 51.439035], [0.028883, 51.439336], [0.028874, 51.439395], [0.028795, 51.439614], [0.028621, 51.440038], [0.028596, 51.440132], [0.028578, 51.440268], [0.028586, 51.440407], [0.028596, 51.440448], [0.028736, 51.440749], [0.028894, 51.441066], [0.028897, 51.441115], [0.028943, 51.441181], [0.028968, 51.441244], [0.029084, 51.441376], [0.029094, 51.44142], [0.02911, 51.441439], [0.029333, 51.441584], [0.029358, 51.441645], [0.029413, 51.441644], [0.029306, 51.441526], [0.029154, 51.441423], [0.029094, 51.441326], [0.029045, 51.441291], [0.029004, 51.441245], [0.028995, 51.44119], [0.028942, 51.44113], [0.029019, 51.441057], [0.029015, 51.441051], [0.028937, 51.441121], [0.028928, 51.441089], [0.028942, 51.441076], [0.028604, 51.440388], [0.028615, 51.440235], [0.028661, 51.440047], [0.028717, 51.439916], [0.028821, 51.439614], [0.028845, 51.439604], [0.028823, 51.439606], [0.02884, 51.439569], [0.028923, 51.439384], [0.028925, 51.439343], [0.028922, 51.439268], [0.028881, 51.439126], [0.028873, 51.439], [0.028859, 51.439], [0.028862, 51.43891], [0.02884, 51.438769], [0.028809, 51.438666], [0.028772, 51.438476], [0.028793, 51.43835], [0.028752, 51.438227], [0.0287, 51.438136], [0.028678, 51.438019], [0.028679, 51.437982], [0.028736, 51.437777], [0.0288, 51.437681], [0.028818, 51.437632], [0.028831, 51.437446], [0.028821, 51.437322], [0.028796, 51.437216], [0.02867, 51.436827], [0.028672, 51.436735], [0.028723, 51.436415], [0.028685, 51.43641], [0.028633, 51.436779], [0.028636, 51.436836], [0.028778, 51.437268], [0.028798, 51.437393], [0.028789, 51.437607]]]}, "properties": {"OBJECTID": 35, "Type": null, "First_map": null, "Last_map": null, "First_Year": null, "Last_Year": null, "London1stSeries": 1, "London1srRevision": 1}}, {"type": "Feature", "id": 54, "geometry": {"type": "Polygon", "coordinates": [[[0.02903, 51.441048], [0.029075, 51.441021], [0.029116, 51.441032], [0.029167, 51.441018], [0.029178, 51.440981], [0.029146, 51.440943], [0.028993, 51.440831], [0.028958, 51.44076], [0.028927, 51.440626], [0.028908, 51.440621], [0.028895, 51.440633], [0.028941, 51.440849], [0.029062, 51.441012], [0.029025, 51.441041], [0.02903, 51.441048]]]}, "properties": {"OBJECTID": 36, "Type": null, "First_map": null, "Last_map": null, "First_Year": null, "Last_Year": null, "London1stSeries": 1, "London1srRevision": 1}}, {"type": "Feature", "id": 55, "geometry": {"type": "Polygon", "coordinates": [[[0.036987, 51.441982], [0.037111, 51.441947], [0.037137, 51.441918], [0.037172, 51.441917], [0.037611, 51.441816], [0.037825, 51.441718], [0.037915, 51.441685], [0.038302, 51.441489], [0.038496, 51.441436], [0.038802, 51.441373], [0.038952, 51.441331], [0.038993, 51.441327], [0.039372, 51.44118], [0.039433, 51.441165], [0.039423, 51.44115], [0.03938, 51.441159], [0.038988, 51.441314], [0.038681, 51.441387], [0.038467, 51.441426], [0.038328, 51.441466], [0.038243, 51.441501], [0.037972, 51.441646], [0.037591, 51.441807], [0.037528, 51.441828], [0.037405, 51.441846], [0.037151, 51.441905], [0.037094, 51.441941], [0.036975, 51.441967], [0.036987, 51.441982]]]}, "properties": {"OBJECTID": 37, "Type": null, "First_map": null, "Last_map": null, "First_Year": null, "Last_Year": null, "London1stSeries": 1, "London1srRevision": 1}}, {"type": "Feature", "id": 56, "geometry": {"type": "Polygon", "coordinates": [[[0.029734, 51.442844], [0.029774, 51.442839], [0.029567, 51.442232], [0.029492, 51.441803], [0.029431, 51.441817], [0.029463, 51.441906], [0.029541, 51.442259], [0.029734, 51.442844]]]}, "properties": {"OBJECTID": 38, "Type": null, "First_map": null, "Last_map": null, "First_Year": null, "Last_Year": null, "London1stSeries": 1, "London1srRevision": 1}}, {"type": "Feature", "id": 57, "geometry": {"type": "Polygon", "coordinates": [[[0.036929, 51.441991], [0.036899, 51.441971], [0.03688, 51.441989], [0.036767, 51.442041], [0.036706, 51.44205], [0.036588, 51.442126], [0.036445, 51.442198], [0.036304, 51.44226], [0.036178, 51.442301], [0.036014, 51.442373], [0.035945, 51.442376], [0.035911, 51.442392], [0.03586, 51.442394], [0.035721, 51.442424], [0.03556, 51.442445], [0.035456, 51.442493], [0.035307, 51.442592], [0.035217, 51.442636], [0.035154, 51.442654], [0.035161, 51.442662], [0.035176, 51.442671], [0.035274, 51.442627], [0.035419, 51.442546], [0.035467, 51.442502], [0.035585, 51.442455], [0.035726, 51.442437], [0.035872, 51.442402], [0.035934, 51.442405], [0.035968, 51.442387], [0.03603, 51.442387], [0.036073, 51.442375], [0.036092, 51.44235], [0.036243, 51.442291], [0.036325, 51.442271], [0.03652, 51.442181], [0.03672, 51.442065], [0.036813, 51.44205], [0.036821, 51.442032], [0.036929, 51.441991]]]}, "properties": {"OBJECTID": 39, "Type": null, "First_map": null, "Last_map": null, "First_Year": null, "Last_Year": null, "London1stSeries": 1, "London1srRevision": 1}}, {"type": "Feature", "id": 58, "geometry": {"type": "Polygon", "coordinates": [[[0.030528, 51.444379], [0.030539, 51.444383], [0.030577, 51.444358], [0.030631, 51.444343], [0.030756, 51.444264], [0.030802, 51.444249], [0.031171, 51.444197], [0.031251, 51.444195], [0.031346, 51.444183], [0.031395, 51.444151], [0.031701, 51.444012], [0.031742, 51.444005], [0.031796, 51.444006], [0.031861, 51.444023], [0.031908, 51.444048], [0.031938, 51.444078], [0.031948, 51.444113], [0.031942, 51.444248], [0.031957, 51.444311], [0.032006, 51.44428], [0.031981, 51.444177], [0.031994, 51.444043], [0.032098, 51.443955], [0.032168, 51.443928], [0.03236, 51.443886], [0.032495, 51.443841], [0.032717, 51.443801], [0.03307, 51.443665], [0.033113, 51.44366], [0.033168, 51.443682], [0.033197, 51.443681], [0.033425, 51.443604], [0.033487, 51.443598], [0.033615, 51.443547], [0.033646, 51.443511], [0.033717, 51.443488], [0.033756, 51.443489], [0.033865, 51.443437], [0.033912, 51.443391], [0.034044, 51.443227], [0.03412, 51.443166], [0.034154, 51.443154], [0.03418, 51.443131], [0.034265, 51.443117], [0.034398, 51.443059], [0.034452, 51.443025], [0.034544, 51.442992], [0.034604, 51.44296], [0.034712, 51.442862], [0.03488, 51.442784], [0.035054, 51.442724], [0.035145, 51.442682], [0.035125, 51.442661], [0.035039, 51.442713], [0.03491, 51.442759], [0.034695, 51.442854], [0.034646, 51.442889], [0.034607, 51.442935], [0.034536, 51.442982], [0.034449, 51.443008], [0.034353, 51.443062], [0.034261, 51.443101], [0.034164, 51.44312], [0.033958, 51.443257], [0.033884, 51.443377], [0.033813, 51.443446], [0.033768, 51.443466], [0.03364, 51.443493], [0.033588, 51.443531], [0.03346, 51.443584], [0.033411, 51.443591], [0.033203, 51.443663], [0.033173, 51.443662], [0.033121, 51.443643], [0.033081, 51.443643], [0.032966, 51.443695], [0.032641, 51.443802], [0.032476, 51.44383], [0.032434, 51.44385], [0.03231, 51.443883], [0.032099, 51.443927], [0.031957, 51.444025], [0.031905, 51.444004], [0.031832, 51.443985], [0.031762, 51.44398], [0.03171, 51.443986], [0.031656, 51.444003], [0.031288, 51.444169], [0.03114, 51.444174], [0.031038, 51.444196], [0.030798, 51.444225], [0.030731, 51.444251], [0.030646, 51.444302], [0.030608, 51.444313], [0.030584, 51.44431], [0.030514, 51.444257], [0.030372, 51.444044], [0.030346, 51.443924], [0.030365, 51.443881], [0.03036, 51.443852], [0.030228, 51.443537], [0.030202, 51.443387], [0.03023, 51.443338], [0.030229, 51.44331], [0.030214, 51.443285], [0.03019, 51.443271], [0.03012, 51.443257], [0.030107, 51.443267], [0.030134, 51.443291], [0.030161, 51.443354], [0.030132, 51.443471], [0.030165, 51.443543], [0.030217, 51.443597], [0.030315, 51.443881], [0.030326, 51.443995], [0.030346, 51.444051], [0.03048, 51.444298], [0.030511, 51.444329], [0.030556, 51.44435], [0.030528, 51.444379]]]}, "properties": {"OBJECTID": 40, "Type": null, "First_map": null, "Last_map": null, "First_Year": null, "Last_Year": null, "London1stSeries": 1, "London1srRevision": 1}}, {"type": "Feature", "id": 59, "geometry": {"type": "Polygon", "coordinates": [[[0.032102, 51.444532], [0.032055, 51.444561], [0.032156, 51.444984], [0.032201, 51.444981], [0.032102, 51.444532]]]}, "properties": {"OBJECTID": 41, "Type": null, "First_map": null, "Last_map": null, "First_Year": null, "Last_Year": null, "London1stSeries": 1, "London1srRevision": 1}}, {"type": "Feature", "id": 60, "geometry": {"type": "Polygon", "coordinates": [[[0.032321, 51.445508], [0.032357, 51.445493], [0.032302, 51.445437], [0.032208, 51.445013], [0.032163, 51.445017], [0.032256, 51.445442], [0.032321, 51.445508]]]}, "properties": {"OBJECTID": 42, "Type": null, "First_map": null, "Last_map": null, "First_Year": null, "Last_Year": null, "London1stSeries": 1, "London1srRevision": 1}}, {"type": "Feature", "id": 61, "geometry": {"type": "Polygon", "coordinates": [[[0.032533, 51.445668], [0.032499, 51.445681], [0.032533, 51.445713], [0.032839, 51.446174], [0.032875, 51.446165], [0.032575, 51.445707], [0.032533, 51.445668]]]}, "properties": {"OBJECTID": 43, "Type": null, "First_map": null, "Last_map": null, "First_Year": null, "Last_Year": null, "London1stSeries": 1, "London1srRevision": 1}}, {"type": "Feature", "id": 62, "geometry": {"type": "Polygon", "coordinates": [[[0.023153, 51.389611], [0.023165, 51.389614], [0.023191, 51.389595], [0.023321, 51.389559], [0.023435, 51.389491], [0.023602, 51.389347], [0.02361, 51.389319], [0.023599, 51.389283], [0.023558, 51.389242], [0.023178, 51.38895], [0.022806, 51.388704], [0.022677, 51.388583], [0.022583, 51.38845], [0.022571, 51.388454], [0.022669, 51.388596], [0.022783, 51.3887], [0.02317, 51.388958], [0.023561, 51.389258], [0.023585, 51.389286], [0.023595, 51.389322], [0.023581, 51.389351], [0.023413, 51.389495], [0.02331, 51.389555], [0.023188, 51.389588], [0.023153, 51.389611]]]}, "properties": {"OBJECTID": 44, "Type": null, "First_map": null, "Last_map": null, "First_Year": null, "Last_Year": null, "London1stSeries": 1, "London1srRevision": 1}}, {"type": "Feature", "id": 63, "geometry": {"type": "Polygon", "coordinates": [[[0.025237, 51.38909], [0.0252, 51.38909], [0.025086, 51.389135], [0.02504, 51.389161], [0.024981, 51.389222], [0.024895, 51.389253], [0.024712, 51.389358], [0.024631, 51.389392], [0.024508, 51.389427], [0.024399, 51.389477], [0.024357, 51.389508], [0.024351, 51.389559], [0.024314, 51.389607], [0.024064, 51.389638], [0.023975, 51.38967], [0.023885, 51.389753], [0.023836, 51.389781], [0.023808, 51.389809], [0.023827, 51.389816], [0.023855, 51.389789], [0.023911, 51.389757], [0.023984, 51.389684], [0.024015, 51.389667], [0.024067, 51.38965], [0.024212, 51.389637], [0.024333, 51.389611], [0.024375, 51.389567], [0.024375, 51.389511], [0.024434, 51.389474], [0.024513, 51.38944], [0.024657, 51.389398], [0.024757, 51.389352], [0.024947, 51.389242], [0.024996, 51.389229], [0.025066, 51.389158], [0.025219, 51.389105], [0.025237, 51.38909]]]}, "properties": {"OBJECTID": 45, "Type": null, "First_map": null, "Last_map": null, "First_Year": null, "Last_Year": null, "London1stSeries": 1, "London1srRevision": 1}}, {"type": "Feature", "id": 64, "geometry": {"type": "Polygon", "coordinates": [[[0.021012, 51.391881], [0.021016, 51.391904], [0.020984, 51.391969], [0.020877, 51.392071], [0.020825, 51.392102], [0.020708, 51.392152], [0.020385, 51.392345], [0.020174, 51.392428], [0.020148, 51.392446], [0.020047, 51.392488], [0.01989, 51.392597], [0.019861, 51.392632], [0.019819, 51.392655], [0.019711, 51.392743], [0.019683, 51.392779], [0.01957, 51.392872], [0.019587, 51.392882], [0.019857, 51.392652], [0.020025, 51.392535], [0.020141, 51.39247], [0.020395, 51.392362], [0.02071, 51.392172], [0.020838, 51.392117], [0.02089, 51.392086], [0.020983, 51.392008], [0.021018, 51.391966], [0.021029, 51.391924], [0.021072, 51.391896], [0.021137, 51.391889], [0.021175, 51.391876], [0.021274, 51.391811], [0.021384, 51.391761], [0.021433, 51.391747], [0.021524, 51.391744], [0.021549, 51.391737], [0.021682, 51.391643], [0.021711, 51.391547], [0.021917, 51.391345], [0.021974, 51.391274], [0.022104, 51.3912], [0.022208, 51.391122], [0.022317, 51.391091], [0.022594, 51.391034], [0.023312, 51.39086], [0.023458, 51.390838], [0.023501, 51.390826], [0.023555, 51.390799], [0.023607, 51.390742], [0.023825, 51.39059], [0.023741, 51.389913], [0.023763, 51.389888], [0.023785, 51.389886], [0.023783, 51.389875], [0.0238, 51.389858], [0.023775, 51.38985], [0.023743, 51.389882], [0.023707, 51.38989], [0.023147, 51.389672], [0.023138, 51.389645], [0.02313, 51.389643], [0.023124, 51.389656], [0.023155, 51.389683], [0.023718, 51.389902], [0.023763, 51.390211], [0.023806, 51.390574], [0.0238, 51.390594], [0.0236, 51.390719], [0.023534, 51.390789], [0.023453, 51.390826], [0.023309, 51.390848], [0.022728, 51.390989], [0.022264, 51.391089], [0.022202, 51.39111], [0.022078, 51.391203], [0.022001, 51.391232], [0.021965, 51.391258], [0.021877, 51.391353], [0.021719, 51.391495], [0.021684, 51.39154], [0.021655, 51.391627], [0.021578, 51.391689], [0.021525, 51.391713], [0.021406, 51.391734], [0.021312, 51.391768], [0.021254, 51.391798], [0.021191, 51.391845], [0.021143, 51.391867], [0.021063, 51.39188], [0.021029, 51.391894], [0.021012, 51.391881]]]}, "properties": {"OBJECTID": 46, "Type": null, "First_map": null, "Last_map": null, "First_Year": null, "Last_Year": null, "London1stSeries": 1, "London1srRevision": 1}}, {"type": "Feature", "id": 65, "geometry": {"type": "Polygon", "coordinates": [[[0.016621, 51.395834], [0.016623, 51.395874], [0.016383, 51.396143], [0.016352, 51.396188], [0.016225, 51.396667], [0.016269, 51.396671], [0.016373, 51.396252], [0.016395, 51.396198], [0.016693, 51.395849], [0.016802, 51.3956], [0.016895, 51.395261], [0.016876, 51.395155], [0.016992, 51.394748], [0.017039, 51.394703], [0.017041, 51.39461], [0.017103, 51.394325], [0.017134, 51.394271], [0.017212, 51.39421], [0.017158, 51.39419], [0.017106, 51.394241], [0.017059, 51.394311], [0.017003, 51.394562], [0.016997, 51.394687], [0.016941, 51.394763], [0.016831, 51.395144], [0.016845, 51.395282], [0.016758, 51.395592], [0.016649, 51.395828], [0.016621, 51.395834]]]}, "properties": {"OBJECTID": 47, "Type": null, "First_map": null, "Last_map": null, "First_Year": null, "Last_Year": null, "London1stSeries": 1, "London1srRevision": 1}}, {"type": "Feature", "id": 66, "geometry": {"type": "Polygon", "coordinates": [[[0.016246, 51.396761], [0.016203, 51.396757], [0.0161, 51.397163], [0.016055, 51.397363], [0.016059, 51.397495], [0.016044, 51.397575], [0.015806, 51.398054], [0.015759, 51.398115], [0.015688, 51.398173], [0.015732, 51.398191], [0.015815, 51.398117], [0.01588, 51.398011], [0.016101, 51.397552], [0.016102, 51.397348], [0.016246, 51.396761]]]}, "properties": {"OBJECTID": 48, "Type": null, "First_map": null, "Last_map": null, "First_Year": null, "Last_Year": null, "London1stSeries": 1, "London1srRevision": 1}}, {"type": "Feature", "id": 67, "geometry": {"type": "Polygon", "coordinates": [[[0.009916, 51.4033], [0.009964, 51.403318], [0.01007, 51.403273], [0.010289, 51.403084], [0.010721, 51.402744], [0.011114, 51.402491], [0.011075, 51.402468], [0.01122, 51.402374], [0.011079, 51.40224], [0.011062, 51.402239], [0.010309, 51.402525], [0.009918, 51.403211], [0.009916, 51.4033]]]}, "properties": {"OBJECTID": 49, "Type": null, "First_map": null, "Last_map": null, "First_Year": null, "Last_Year": null, "London1stSeries": 1, "London1srRevision": 1}}, {"type": "Feature", "id": 68, "geometry": {"type": "Polygon", "coordinates": [[[0.009174, 51.403902], [0.009133, 51.403872], [0.008555, 51.404179], [0.007845, 51.404697], [0.007507, 51.404874], [0.007375, 51.404932], [0.007259, 51.404971], [0.006421, 51.405221], [0.006448, 51.405256], [0.007411, 51.404964], [0.007667, 51.404847], [0.007827, 51.404762], [0.00789, 51.404724], [0.008604, 51.4042], [0.009174, 51.403902]]]}, "properties": {"OBJECTID": 50, "Type": null, "First_map": null, "Last_map": null, "First_Year": null, "Last_Year": null, "London1stSeries": 1, "London1srRevision": 1}}, {"type": "Feature", "id": 69, "geometry": {"type": "Polygon", "coordinates": [[[-0.003513, 51.412004], [-0.003461, 51.412003], [-0.003419, 51.411659], [-0.003379, 51.411552], [-0.003369, 51.411473], [-0.003296, 51.411325], [-0.003224, 51.411241], [-0.003028, 51.41105], [0.001244, 51.407935], [0.001193, 51.40791], [-0.003103, 51.411068], [-0.003421, 51.411468], [-0.003513, 51.412004]]]}, "properties": {"OBJECTID": 51, "Type": null, "First_map": null, "Last_map": null, "First_Year": null, "Last_Year": null, "London1stSeries": 1, "London1srRevision": 1}}, {"type": "Feature", "id": 70, "geometry": {"type": "Polygon", "coordinates": [[[-0.003461, 51.412003], [-0.003513, 51.412004], [-0.003515, 51.412071], [-0.003585, 51.412213], [-0.003451, 51.412206], [-0.003461, 51.412155], [-0.003461, 51.412003]]]}, "properties": {"OBJECTID": 52, "Type": null, "First_map": null, "Last_map": null, "First_Year": null, "Last_Year": null, "London1stSeries": 1, "London1srRevision": 1}}, {"type": "Feature", "id": 71, "geometry": {"type": "Polygon", "coordinates": [[[-0.005557, 51.41541], [-0.00559, 51.415497], [-0.005609, 51.415666], [-0.00564, 51.41577], [-0.006027, 51.415997], [-0.006049, 51.416031], [-0.00605, 51.41608], [-0.006045, 51.416107], [-0.005948, 51.416275], [-0.005915, 51.416387], [-0.005859, 51.416497], [-0.005729, 51.416694], [-0.005711, 51.41674], [-0.005703, 51.416846], [-0.005592, 51.416965], [-0.005527, 51.417079], [-0.005512, 51.417139], [-0.005546, 51.417229], [-0.005543, 51.417285], [-0.005523, 51.417313], [-0.005441, 51.417383], [-0.005407, 51.417435], [-0.005396, 51.417504], [-0.005404, 51.417585], [-0.005433, 51.417635], [-0.00549, 51.417679], [-0.005656, 51.417857], [-0.005701, 51.417957], [-0.00575, 51.418018], [-0.005777, 51.41811], [-0.005837, 51.418207], [-0.005843, 51.418269], [-0.005858, 51.418298], [-0.005865, 51.418429], [-0.005919, 51.41866], [-0.005863, 51.41888], [-0.005873, 51.418944], [-0.005945, 51.419013], [-0.006119, 51.419071], [-0.00618, 51.419113], [-0.006286, 51.419203], [-0.006347, 51.419287], [-0.00639, 51.419428], [-0.006351, 51.419455], [-0.006239, 51.419484], [-0.006202, 51.419507], [-0.006206, 51.419606], [-0.006221, 51.419672], [-0.006264, 51.419689], [-0.00641, 51.419699], [-0.006481, 51.419725], [-0.006495, 51.419749], [-0.006489, 51.419798], [-0.006447, 51.419874], [-0.006453, 51.419898], [-0.006474, 51.41992], [-0.006606, 51.419983], [-0.006666, 51.419999], [-0.006715, 51.419995], [-0.006786, 51.419955], [-0.006824, 51.419946], [-0.006876, 51.419951], [-0.006912, 51.419968], [-0.007041, 51.420074], [-0.007079, 51.420179], [-0.007112, 51.420234], [-0.007121, 51.420277], [-0.007107, 51.420309], [-0.007055, 51.420349], [-0.006972, 51.420384], [-0.006897, 51.420458], [-0.006851, 51.420535], [-0.006804, 51.420646], [-0.006757, 51.420718], [-0.006747, 51.420752], [-0.00676, 51.420795], [-0.006793, 51.420828], [-0.006959, 51.420882], [-0.007015, 51.420923], [-0.007039, 51.420963], [-0.007033, 51.421019], [-0.006953, 51.421139], [-0.006922, 51.421215], [-0.006913, 51.421267], [-0.006933, 51.421326], [-0.006991, 51.421427], [-0.006985, 51.421499], [-0.006951, 51.421586], [-0.006975, 51.421742], [-0.007025, 51.421792], [-0.00717, 51.421868], [-0.007219, 51.421939], [-0.007305, 51.422033], [-0.00738, 51.422065], [-0.007505, 51.422063], [-0.007663, 51.422077], [-0.007738, 51.422093], [-0.007807, 51.422126], [-0.007826, 51.422167], [-0.0079, 51.422234], [-0.007909, 51.422265], [-0.008109, 51.422323], [-0.008152, 51.422343], [-0.008167, 51.422381], [-0.008153, 51.422495], [-0.008112, 51.422548], [-0.007745, 51.422821], [-0.007706, 51.422868], [-0.007705, 51.422962], [-0.007616, 51.422957], [-0.007658, 51.422823], [-0.007681, 51.422791], [-0.007757, 51.422735], [-0.008052, 51.422528], [-0.008094, 51.422422], [-0.008044, 51.42238], [-0.00799, 51.42235], [-0.007869, 51.422294], [-0.007791, 51.422192], [-0.007668, 51.422111], [-0.007388, 51.42211], [-0.007346, 51.422105], [-0.007253, 51.422074], [-0.007149, 51.421956], [-0.007137, 51.421887], [-0.006979, 51.421802], [-0.006938, 51.421768], [-0.006924, 51.421745], [-0.006903, 51.421576], [-0.006933, 51.421515], [-0.006947, 51.42144], [-0.006928, 51.421385], [-0.006864, 51.421301], [-0.00691, 51.421139], [-0.006958, 51.421056], [-0.006978, 51.42097], [-0.006946, 51.420925], [-0.006909, 51.420902], [-0.006811, 51.420877], [-0.006761, 51.420853], [-0.006694, 51.420788], [-0.00669, 51.420774], [-0.006782, 51.420539], [-0.006841, 51.420452], [-0.006891, 51.420395], [-0.007015, 51.420325], [-0.007055, 51.420281], [-0.007059, 51.420231], [-0.007031, 51.420189], [-0.007024, 51.420133], [-0.006996, 51.420097], [-0.006911, 51.420021], [-0.006873, 51.419999], [-0.006821, 51.419995], [-0.00675, 51.420021], [-0.006715, 51.420042], [-0.006656, 51.420054], [-0.006448, 51.41996], [-0.006391, 51.41992], [-0.006379, 51.419902], [-0.006381, 51.419882], [-0.006429, 51.41981], [-0.006424, 51.419761], [-0.006374, 51.419737], [-0.006314, 51.419734], [-0.006224, 51.419745], [-0.00616, 51.419708], [-0.006136, 51.419649], [-0.006117, 51.419547], [-0.006073, 51.419514], [-0.006068, 51.419479], [-0.006078, 51.419476], [-0.006092, 51.419484], [-0.006256, 51.419441], [-0.0063, 51.41942], [-0.006317, 51.419384], [-0.006297, 51.41933], [-0.006263, 51.419277], [-0.006168, 51.419181], [-0.00606, 51.419104], [-0.00587, 51.41901], [-0.005809, 51.418951], [-0.005801, 51.418929], [-0.005807, 51.418869], [-0.005859, 51.418669], [-0.005816, 51.41847], [-0.0058, 51.418283], [-0.005699, 51.41804], [-0.005612, 51.417894], [-0.005485, 51.417739], [-0.005371, 51.417636], [-0.005341, 51.417575], [-0.005336, 51.417491], [-0.005359, 51.417416], [-0.005499, 51.41725], [-0.005498, 51.417221], [-0.005457, 51.417172], [-0.005459, 51.417121], [-0.005489, 51.417026], [-0.005558, 51.416904], [-0.005651, 51.416838], [-0.005664, 51.416802], [-0.005654, 51.416719], [-0.005719, 51.416628], [-0.005801, 51.416481], [-0.005867, 51.416285], [-0.005951, 51.41613], [-0.005971, 51.416043], [-0.00594, 51.416013], [-0.005598, 51.415831], [-0.005536, 51.415773], [-0.005521, 51.415729], [-0.005493, 51.415503], [-0.005474, 51.415452], [-0.00531, 51.41512], [-0.005145, 51.414902], [-0.005106, 51.414766], [-0.00502, 51.414704], [-0.004992, 51.414671], [-0.004905, 51.414369], [-0.004434, 51.413789], [-0.004404, 51.413688], [-0.004265, 51.413564], [-0.004097, 51.413363], [-0.003989, 51.413284], [-0.003906, 51.413199], [-0.00387, 51.413136], [-0.003812, 51.412964], [-0.003688, 51.412738], [-0.003585, 51.412438], [-0.003527, 51.412387], [-0.003512, 51.412355], [-0.003596, 51.412357], [-0.003741, 51.412741], [-0.00381, 51.412862], [-0.003928, 51.413153], [-0.004062, 51.413265], [-0.0043, 51.413542], [-0.004462, 51.41368], [-0.004453, 51.413683], [-0.004488, 51.413732], [-0.004974, 51.414336], [-0.005009, 51.414404], [-0.005046, 51.41458], [-0.005088, 51.414668], [-0.005112, 51.414702], [-0.005212, 51.41478], [-0.005261, 51.414938], [-0.005387, 51.415088], [-0.005524, 51.41534], [-0.005557, 51.41541]]]}, "properties": {"OBJECTID": 53, "Type": null, "First_map": null, "Last_map": null, "First_Year": null, "Last_Year": null, "London1stSeries": 1, "London1srRevision": 1}}, {"type": "Feature", "id": 72, "geometry": {"type": "Polygon", "coordinates": [[[0.00929, 51.421534], [0.009817, 51.421322], [0.009804, 51.421313], [0.00957, 51.421403], [0.009675, 51.421264], [0.009729, 51.421219], [0.009843, 51.421082], [0.00994, 51.421005], [0.00999, 51.420931], [0.010023, 51.420907], [0.010118, 51.420895], [0.010338, 51.420912], [0.010517, 51.420905], [0.010625, 51.420917], [0.010745, 51.420913], [0.010887, 51.420894], [0.011162, 51.420787], [0.011151, 51.420775], [0.01087, 51.420887], [0.010742, 51.420904], [0.010626, 51.420908], [0.010522, 51.420896], [0.010338, 51.420903], [0.010119, 51.420886], [0.010015, 51.4209], [0.009983, 51.420921], [0.009927, 51.421001], [0.009832, 51.421076], [0.009716, 51.421214], [0.009663, 51.421259], [0.009543, 51.421417], [0.00928, 51.421523], [0.00929, 51.421534]]]}, "properties": {"OBJECTID": 54, "Type": null, "First_map": null, "Last_map": null, "First_Year": null, "Last_Year": null, "London1stSeries": 1, "London1srRevision": 1}}, {"type": "Feature", "id": 73, "geometry": {"type": "Polygon", "coordinates": [[[0.00997, 51.421095], [0.009989, 51.421108], [0.010015, 51.421114], [0.01012, 51.421101], [0.010299, 51.421029], [0.010365, 51.420991], [0.010369, 51.420968], [0.010335, 51.420953], [0.010181, 51.420944], [0.010093, 51.420954], [0.010042, 51.420977], [0.010008, 51.421008], [0.009967, 51.421063], [0.00997, 51.421095]]]}, "properties": {"OBJECTID": 55, "Type": null, "First_map": null, "Last_map": null, "First_Year": null, "Last_Year": null, "London1stSeries": 1, "London1srRevision": 1}}, {"type": "Feature", "id": 74, "geometry": {"type": "Polygon", "coordinates": [[[0.008239, 51.421954], [0.009252, 51.421548], [0.009243, 51.421538], [0.008233, 51.421941], [0.008239, 51.421954]]]}, "properties": {"OBJECTID": 56, "Type": null, "First_map": null, "Last_map": null, "First_Year": null, "Last_Year": null, "London1stSeries": 1, "London1srRevision": 1}}, {"type": "Feature", "id": 75, "geometry": {"type": "Polygon", "coordinates": [[[0.007557, 51.422098], [0.007434, 51.422091], [0.007046, 51.422038], [0.006983, 51.422037], [0.006571, 51.422147], [0.006225, 51.422198], [0.006066, 51.422245], [0.00589, 51.422313], [0.00574, 51.422375], [0.005654, 51.422434], [0.005348, 51.422558], [0.005254, 51.422587], [0.005055, 51.422613], [0.004522, 51.422659], [0.00407, 51.422757], [0.00391, 51.42284], [0.003856, 51.422859], [0.003809, 51.422859], [0.003704, 51.422815], [0.003677, 51.422816], [0.003591, 51.422837], [0.003469, 51.422876], [0.003401, 51.422913], [0.003346, 51.42296], [0.003322, 51.423001], [0.003275, 51.423027], [0.003283, 51.423044], [0.003306, 51.423047], [0.003524, 51.422996], [0.00391, 51.42289], [0.003993, 51.422861], [0.004113, 51.422785], [0.004244, 51.422761], [0.004495, 51.422698], [0.004574, 51.422687], [0.004893, 51.422666], [0.005264, 51.422624], [0.005466, 51.422544], [0.005508, 51.422538], [0.005526, 51.422521], [0.005943, 51.422333], [0.006263, 51.422215], [0.006539, 51.422178], [0.006713, 51.422129], [0.00699, 51.42207], [0.00735, 51.422106], [0.00749, 51.422129], [0.007557, 51.422118], [0.007557, 51.422098]]]}, "properties": {"OBJECTID": 57, "Type": null, "First_map": null, "Last_map": null, "First_Year": null, "Last_Year": null, "London1stSeries": 1, "London1srRevision": 1}}, {"type": "Feature", "id": 76, "geometry": {"type": "Polygon", "coordinates": [[[0.003039, 51.423089], [0.00283, 51.42314], [0.00271, 51.423193], [0.002384, 51.423448], [0.002289, 51.423503], [0.002149, 51.423541], [0.001989, 51.423574], [0.001637, 51.423593], [0.001454, 51.423659], [0.001337, 51.423713], [0.001345, 51.423723], [0.001464, 51.423668], [0.001642, 51.423603], [0.001993, 51.423584], [0.002155, 51.423551], [0.002299, 51.423512], [0.002397, 51.423456], [0.002722, 51.423201], [0.002825, 51.423158], [0.003043, 51.423107], [0.003039, 51.423089]]]}, "properties": {"OBJECTID": 58, "Type": null, "First_map": null, "Last_map": null, "First_Year": null, "Last_Year": null, "London1stSeries": 1, "London1srRevision": 1}}, {"type": "Feature", "id": 77, "geometry": {"type": "Polygon", "coordinates": [[[-0.001749, 51.424316], [-0.001412, 51.424268], [-0.00118, 51.424245], [-0.000811, 51.424141], [5e-06, 51.424091], [0.00025, 51.424008], [0.000399, 51.423977], [0.000582, 51.423953], [0.000781, 51.423907], [0.001111, 51.423806], [0.001323, 51.423731], [0.001315, 51.423721], [0.001103, 51.423796], [0.000774, 51.423897], [0.000577, 51.423942], [0.000395, 51.423966], [0.000244, 51.423998], [0.0, 51.424081], [-0.000815, 51.424131], [-0.001153, 51.424229], [-0.001757, 51.424298], [-0.001749, 51.424316]]]}, "properties": {"OBJECTID": 59, "Type": null, "First_map": null, "Last_map": null, "First_Year": null, "Last_Year": null, "London1stSeries": 1, "London1srRevision": 1}}, {"type": "Feature", "id": 78, "geometry": {"type": "Polygon", "coordinates": [[[-0.003049, 51.424186], [-0.003044, 51.424203], [-0.00281, 51.424169], [-0.002512, 51.424211], [-0.002314, 51.424278], [-0.002034, 51.424327], [-0.001775, 51.42432], [-0.001783, 51.424301], [-0.001936, 51.424311], [-0.002045, 51.424309], [-0.00231, 51.424261], [-0.002517, 51.424194], [-0.002816, 51.424154], [-0.003049, 51.424186]]]}, "properties": {"OBJECTID": 60, "Type": null, "First_map": null, "Last_map": null, "First_Year": null, "Last_Year": null, "London1stSeries": 1, "London1srRevision": 1}}, {"type": "Feature", "id": 79, "geometry": {"type": "Polygon", "coordinates": [[[-0.024312, 51.45092], [-0.024663, 51.450611], [-0.024775, 51.450483], [-0.024862, 51.450414], [-0.025044, 51.450314], [-0.025322, 51.45018], [-0.025402, 51.450133], [-0.02554, 51.450026], [-0.025684, 51.449948], [-0.02576, 51.449917], [-0.025797, 51.449972], [-0.025643, 51.450042], [-0.025504, 51.450151], [-0.025375, 51.450235], [-0.025268, 51.450299], [-0.025105, 51.450375], [-0.024763, 51.450629], [-0.024325, 51.451007], [-0.023845, 51.45145], [-0.023744, 51.451534], [-0.023616, 51.451616], [-0.023406, 51.451716], [-0.023253, 51.451821], [-0.023229, 51.451815], [-0.023195, 51.451856], [-0.023282, 51.451873], [-0.023371, 51.451854], [-0.023385, 51.451869], [-0.023382, 51.45188], [-0.023148, 51.451907], [-0.023097, 51.451931], [-0.023102, 51.451945], [-0.023084, 51.451955], [-0.023021, 51.451972], [-0.022999, 51.451969], [-0.02242, 51.452045], [-0.02224, 51.452055], [-0.022036, 51.452048], [-0.022081, 51.451976], [-0.022325, 51.451985], [-0.022483, 51.451974], [-0.022944, 51.451912], [-0.023022, 51.451895], [-0.023076, 51.451872], [-0.023133, 51.451834], [-0.023279, 51.451709], [-0.023351, 51.451666], [-0.023574, 51.451557], [-0.02373, 51.451454], [-0.024312, 51.45092]]]}, "properties": {"OBJECTID": 61, "Type": null, "First_map": null, "Last_map": null, "First_Year": null, "Last_Year": null, "London1stSeries": 1, "London1srRevision": 1}}, {"type": "Feature", "id": 80, "geometry": {"type": "Polygon", "coordinates": [[[-0.021959, 51.451971], [-0.021913, 51.452042], [-0.021677, 51.452027], [-0.021571, 51.452029], [-0.021454, 51.452046], [-0.021393, 51.452064], [-0.021194, 51.452142], [-0.021139, 51.452174], [-0.02103, 51.452205], [-0.020446, 51.45245], [-0.020303, 51.452558], [-0.02019, 51.452718], [-0.020109, 51.452787], [-0.020015, 51.452851], [-0.019908, 51.452956], [-0.019856, 51.453052], [-0.019851, 51.453149], [-0.019838, 51.453197], [-0.019796, 51.453255], [-0.019718, 51.453325], [-0.019645, 51.453375], [-0.019551, 51.453421], [-0.019373, 51.453492], [-0.019252, 51.453531], [-0.019011, 51.453581], [-0.018878, 51.453632], [-0.018663, 51.453755], [-0.018546, 51.453846], [-0.018502, 51.453892], [-0.018444, 51.453971], [-0.018392, 51.454066], [-0.018371, 51.454151], [-0.018384, 51.454237], [-0.018475, 51.454478], [-0.01848, 51.45457], [-0.018463, 51.454632], [-0.018414, 51.454711], [-0.018223, 51.454939], [-0.017974, 51.455175], [-0.017823, 51.455344], [-0.017696, 51.455591], [-0.017622, 51.455891], [-0.017607, 51.456036], [-0.017623, 51.456098], [-0.017654, 51.456151], [-0.017696, 51.456196], [-0.017757, 51.456238], [-0.017831, 51.456269], [-0.01792, 51.456291], [-0.017957, 51.456311], [-0.018003, 51.456347], [-0.018055, 51.456416], [-0.01807, 51.456481], [-0.017953, 51.456489], [-0.017929, 51.45647], [-0.017809, 51.456419], [-0.017714, 51.456367], [-0.01761, 51.45629], [-0.017555, 51.456232], [-0.017513, 51.456163], [-0.017495, 51.456095], [-0.017509, 51.455884], [-0.01759, 51.455562], [-0.017637, 51.45546], [-0.017702, 51.455356], [-0.017808, 51.455223], [-0.018053, 51.455002], [-0.018373, 51.454632], [-0.018387, 51.454565], [-0.018382, 51.454481], [-0.018277, 51.454257], [-0.018263, 51.454166], [-0.018322, 51.453987], [-0.018407, 51.453855], [-0.018464, 51.453799], [-0.018561, 51.453724], [-0.018767, 51.45361], [-0.018969, 51.453522], [-0.019243, 51.453462], [-0.01937, 51.453422], [-0.019535, 51.453355], [-0.019642, 51.453291], [-0.019703, 51.453236], [-0.019749, 51.453177], [-0.019765, 51.453122], [-0.019769, 51.452996], [-0.019837, 51.45289], [-0.019922, 51.452807], [-0.020092, 51.452685], [-0.020186, 51.452557], [-0.02025, 51.452492], [-0.020398, 51.45239], [-0.020938, 51.45217], [-0.021079, 51.452103], [-0.021126, 51.452096], [-0.021412, 51.451982], [-0.021561, 51.45196], [-0.021959, 51.451971]]]}, "properties": {"OBJECTID": 62, "Type": null, "First_map": null, "Last_map": null, "First_Year": null, "Last_Year": null, "London1stSeries": 1, "London1srRevision": 1}}, {"type": "Feature", "id": 81, "geometry": {"type": "Polygon", "coordinates": [[[-0.018158, 51.456676], [-0.018156, 51.456684], [-0.018128, 51.456687], [-0.018123, 51.456694], [-0.018131, 51.456751], [-0.01826, 51.456995], [-0.01828, 51.456992], [-0.018283, 51.457], [-0.018272, 51.457003], [-0.018323, 51.45711], [-0.017901, 51.457639], [-0.017776, 51.457697], [-0.017595, 51.457752], [-0.017518, 51.457791], [-0.017448, 51.457847], [-0.017311, 51.45801], [-0.017198, 51.458076], [-0.017114, 51.458104], [-0.016584, 51.4582], [-0.016454, 51.458215], [-0.016437, 51.458158], [-0.017047, 51.458066], [-0.017169, 51.458027], [-0.017255, 51.457971], [-0.017396, 51.457805], [-0.017468, 51.457752], [-0.017576, 51.457698], [-0.017767, 51.457645], [-0.017835, 51.457609], [-0.018225, 51.457121], [-0.018228, 51.457057], [-0.018165, 51.45693], [-0.018073, 51.456775], [-0.018036, 51.456682], [-0.018158, 51.456676]]]}, "properties": {"OBJECTID": 63, "Type": null, "First_map": null, "Last_map": null, "First_Year": null, "Last_Year": null, "London1stSeries": 1, "London1srRevision": 1}}, {"type": "Feature", "id": 82, "geometry": {"type": "Polygon", "coordinates": [[[-0.001549, 51.454823], [-0.00151, 51.45483], [-0.001358, 51.454822], [-0.001263, 51.454803], [-0.001147, 51.454755], [-0.000615, 51.454363], [-0.000442, 51.454256], [-7.5e-05, 51.454054], [0.000414, 51.453829], [0.000359, 51.453791], [-0.000137, 51.45402], [-0.000279, 51.454094], [-0.000608, 51.454289], [-0.001079, 51.454623], [-0.001168, 51.4547], [-0.001261, 51.454748], [-0.001368, 51.454772], [-0.001531, 51.454774], [-0.001602, 51.454763], [-0.001823, 51.454704], [-0.001944, 51.454699], [-0.002088, 51.454745], [-0.00227, 51.454852], [-0.002483, 51.454874], [-0.00267, 51.454945], [-0.002766, 51.455009], [-0.002909, 51.455129], [-0.003022, 51.455205], [-0.003219, 51.455384], [-0.003375, 51.455626], [-0.003364, 51.455653], [-0.003276, 51.455749], [-0.003231, 51.455816], [-0.003274, 51.455863], [-0.003396, 51.455942], [-0.003305, 51.4562], [-0.003275, 51.456375], [-0.003285, 51.456558], [-0.003259, 51.456662], [-0.003259, 51.456725], [-0.003303, 51.456824], [-0.003326, 51.456918], [-0.003295, 51.456972], [-0.003267, 51.457078], [-0.003172, 51.457191], [-0.002998, 51.457475], [-0.003019, 51.457511], [-0.003078, 51.457559], [-0.003105, 51.457567], [-0.003162, 51.457566], [-0.00332, 51.457598], [-0.003375, 51.45767], [-0.003419, 51.457666], [-0.003432, 51.457788], [-0.003407, 51.45785], [-0.003377, 51.457877], [-0.00335, 51.457918], [-0.003337, 51.457986], [-0.00338, 51.458304], [-0.003504, 51.4585], [-0.003559, 51.45854], [-0.003667, 51.458565], [-0.003784, 51.458735], [-0.003724, 51.458765], [-0.003695, 51.458691], [-0.003628, 51.458598], [-0.003506, 51.458586], [-0.003444, 51.458553], [-0.003399, 51.458475], [-0.003364, 51.458435], [-0.003355, 51.458437], [-0.003301, 51.458319], [-0.003285, 51.458257], [-0.003252, 51.457909], [-0.003331, 51.45775], [-0.003325, 51.457704], [-0.003243, 51.457629], [-0.003081, 51.457617], [-0.003048, 51.457607], [-0.002936, 51.457519], [-0.002914, 51.457476], [-0.002922, 51.457432], [-0.00317, 51.457062], [-0.003241, 51.456913], [-0.003216, 51.456804], [-0.003212, 51.456766], [-0.003207, 51.456725], [-0.003232, 51.456508], [-0.003231, 51.456322], [-0.003333, 51.455971], [-0.003152, 51.455852], [-0.003162, 51.455796], [-0.003275, 51.455649], [-0.003276, 51.455606], [-0.003262, 51.455557], [-0.003184, 51.455422], [-0.002998, 51.455238], [-0.002684, 51.45499], [-0.002651, 51.454974], [-0.002466, 51.45491], [-0.002347, 51.454891], [-0.002308, 51.4549], [-0.002275, 51.454898], [-0.002065, 51.45478], [-0.001952, 51.454748], [-0.001859, 51.454747], [-0.001645, 51.454808], [-0.001549, 51.454823]]]}, "properties": {"OBJECTID": 64, "Type": null, "First_map": null, "Last_map": null, "First_Year": null, "Last_Year": null, "London1stSeries": 1, "London1srRevision": 1}}, {"type": "Feature", "id": 83, "geometry": {"type": "Polygon", "coordinates": [[[0.000552, 51.453716], [0.000601, 51.45375], [0.001359, 51.453428], [0.001409, 51.453412], [0.001462, 51.453405], [0.001584, 51.453407], [0.001706, 51.453431], [0.00179, 51.453455], [0.002115, 51.453573], [0.002193, 51.453547], [0.001718, 51.453386], [0.001574, 51.453359], [0.001454, 51.453358], [0.001317, 51.45339], [0.000552, 51.453716]]]}, "properties": {"OBJECTID": 65, "Type": null, "First_map": null, "Last_map": null, "First_Year": null, "Last_Year": null, "London1stSeries": 1, "London1srRevision": 1}}, {"type": "Feature", "id": 84, "geometry": {"type": "Polygon", "coordinates": [[[0.002334, 51.45366], [0.002601, 51.453764], [0.004194, 51.454298], [0.004218, 51.45425], [0.003831, 51.454132], [0.00241, 51.453639], [0.002334, 51.45366]]]}, "properties": {"OBJECTID": 66, "Type": null, "First_map": null, "Last_map": null, "First_Year": null, "Last_Year": null, "London1stSeries": 1, "London1srRevision": 1}}, {"type": "Feature", "id": 85, "geometry": {"type": "Polygon", "coordinates": [[[0.005402, 51.456047], [0.00547, 51.456014], [0.005549, 51.45596], [0.005609, 51.455881], [0.005618, 51.455826], [0.005609, 51.455749], [0.005563, 51.455682], [0.005477, 51.455618], [0.005435, 51.4556], [0.005369, 51.455556], [0.005332, 51.455501], [0.005166, 51.455402], [0.005129, 51.455369], [0.004867, 51.45525], [0.004802, 51.45523], [0.004709, 51.455213], [0.004578, 51.455224], [0.004529, 51.455242], [0.004474, 51.455289], [0.004437, 51.455344], [0.004423, 51.455404], [0.004447, 51.455438], [0.004506, 51.455481], [0.004783, 51.455599], [0.004886, 51.455683], [0.004977, 51.455803], [0.005038, 51.45595], [0.005073, 51.455997], [0.00515, 51.456042], [0.00524, 51.456065], [0.00534, 51.456059], [0.005402, 51.456047]]]}, "properties": {"OBJECTID": 67, "Type": null, "First_map": null, "Last_map": null, "First_Year": null, "Last_Year": null, "London1stSeries": 1, "London1srRevision": 1}}, {"type": "Feature", "id": 86, "geometry": {"type": "Polygon", "coordinates": [[[0.004795, 51.454789], [0.00451, 51.454394], [0.004487, 51.454374], [0.004403, 51.454339], [0.00439, 51.454374], [0.004421, 51.45438], [0.004476, 51.454429], [0.004718, 51.454757], [0.004754, 51.454797], [0.004795, 51.454789]]]}, "properties": {"OBJECTID": 68, "Type": null, "First_map": null, "Last_map": null, "First_Year": null, "Last_Year": null, "London1stSeries": 1, "London1srRevision": 1}}, {"type": "Feature", "id": 87, "geometry": {"type": "Polygon", "coordinates": [[[0.00589, 51.455546], [0.005913, 51.455517], [0.005586, 51.455425], [0.005141, 51.455182], [0.005053, 51.455098], [0.004804, 51.454815], [0.004767, 51.454823], [0.004809, 51.4549], [0.004869, 51.454971], [0.005113, 51.455219], [0.005402, 51.455372], [0.005543, 51.455437], [0.00589, 51.455546]]]}, "properties": {"OBJECTID": 69, "Type": null, "First_map": null, "Last_map": null, "First_Year": null, "Last_Year": null, "London1stSeries": 1, "London1srRevision": 1}}, {"type": "Feature", "id": 88, "geometry": {"type": "Polygon", "coordinates": [[[0.005949, 51.455535], [0.005921, 51.455567], [0.005989, 51.455599], [0.006116, 51.45564], [0.006166, 51.45567], [0.006392, 51.455929], [0.006448, 51.455901], [0.006338, 51.455802], [0.00621, 51.455642], [0.006153, 51.455607], [0.005988, 51.455555], [0.005949, 51.455535]]]}, "properties": {"OBJECTID": 70, "Type": null, "First_map": null, "Last_map": null, "First_Year": null, "Last_Year": null, "London1stSeries": 1, "London1srRevision": 1}}, {"type": "Feature", "id": 89, "geometry": {"type": "Polygon", "coordinates": [[[0.009585, 51.456623], [0.009172, 51.456608], [0.009073, 51.456612], [0.008604, 51.456508], [0.008314, 51.456456], [0.008249, 51.456433], [0.007993, 51.456406], [0.007834, 51.45638], [0.007447, 51.456294], [0.007362, 51.456298], [0.007234, 51.456284], [0.007141, 51.45626], [0.006749, 51.456083], [0.006625, 51.456036], [0.00658, 51.456014], [0.006559, 51.455986], [0.006494, 51.456017], [0.006575, 51.456075], [0.006748, 51.456131], [0.006935, 51.456219], [0.007131, 51.456292], [0.007289, 51.456322], [0.007437, 51.456325], [0.0076, 51.456351], [0.007813, 51.45641], [0.008388, 51.456506], [0.008466, 51.456526], [0.008647, 51.456549], [0.009091, 51.456647], [0.009281, 51.456661], [0.009459, 51.456658], [0.009508, 51.456674], [0.009585, 51.456623]]]}, "properties": {"OBJECTID": 71, "Type": null, "First_map": null, "Last_map": null, "First_Year": null, "Last_Year": null, "London1stSeries": 1, "London1srRevision": 1}}, {"type": "Feature", "id": 90, "geometry": {"type": "Polygon", "coordinates": [[[0.011084, 51.457257], [0.011121, 51.457198], [0.010897, 51.457134], [0.010791, 51.457089], [0.010493, 51.456914], [0.010338, 51.456859], [0.010086, 51.456783], [0.009845, 51.456677], [0.009769, 51.45671], [0.010411, 51.456928], [0.010619, 51.457055], [0.010927, 51.457182], [0.011054, 51.45725], [0.011084, 51.457257]]]}, "properties": {"OBJECTID": 72, "Type": null, "First_map": null, "Last_map": null, "First_Year": null, "Last_Year": null, "London1stSeries": 1, "London1srRevision": 1}}, {"type": "Feature", "id": 91, "geometry": {"type": "Polygon", "coordinates": [[[0.012461, 51.458048], [0.012503, 51.457999], [0.01185, 51.457798], [0.011647, 51.457706], [0.011543, 51.457642], [0.011415, 51.457545], [0.011359, 51.457487], [0.011282, 51.457371], [0.011255, 51.457347], [0.011201, 51.457426], [0.011225, 51.457466], [0.011278, 51.457546], [0.011322, 51.457588], [0.011485, 51.457697], [0.011662, 51.457797], [0.011697, 51.457805], [0.011692, 51.457812], [0.011771, 51.457848], [0.012461, 51.458048]]]}, "properties": {"OBJECTID": 73, "Type": null, "First_map": null, "Last_map": null, "First_Year": null, "Last_Year": null, "London1stSeries": 1, "London1srRevision": 1}}, {"type": "Feature", "id": 92, "geometry": {"type": "Polygon", "coordinates": [[[0.013754, 51.458373], [0.01378, 51.458366], [0.014027, 51.458359], [0.014687, 51.458236], [0.015043, 51.458181], [0.015188, 51.458147], [0.016528, 51.457907], [0.016777, 51.457839], [0.017552, 51.457688], [0.017818, 51.457683], [0.017876, 51.457656], [0.017944, 51.457611], [0.018044, 51.457582], [0.018272, 51.457583], [0.01826, 51.45754], [0.018028, 51.457548], [0.017931, 51.457578], [0.017837, 51.457629], [0.017774, 51.457646], [0.017656, 51.457656], [0.017528, 51.457638], [0.017441, 51.457653], [0.016894, 51.457755], [0.015707, 51.457995], [0.014089, 51.458276], [0.013796, 51.458295], [0.01375, 51.458283], [0.013754, 51.458373]]]}, "properties": {"OBJECTID": 74, "Type": null, "First_map": null, "Last_map": null, "First_Year": null, "Last_Year": null, "London1stSeries": 1, "London1srRevision": 1}}, {"type": "Feature", "id": 93, "geometry": {"type": "Polygon", "coordinates": [[[0.026383, 51.456707], [0.02637, 51.456669], [0.026341, 51.456667], [0.026062, 51.456759], [0.025987, 51.456804], [0.025971, 51.456817], [0.025763, 51.45723], [0.025736, 51.45726], [0.025685, 51.457286], [0.025112, 51.457328], [0.024829, 51.457355], [0.024717, 51.457383], [0.024604, 51.457437], [0.024539, 51.457458], [0.02449, 51.457462], [0.024029, 51.457583], [0.023798, 51.457632], [0.023706, 51.457636], [0.023522, 51.457683], [0.02328, 51.457658], [0.023093, 51.457627], [0.022973, 51.457642], [0.022827, 51.457642], [0.022679, 51.457696], [0.022565, 51.457699], [0.02237, 51.457677], [0.022286, 51.457636], [0.022154, 51.457592], [0.02194, 51.457568], [0.021738, 51.457558], [0.021689, 51.457567], [0.021638, 51.457596], [0.02151, 51.457609], [0.021352, 51.457573], [0.021139, 51.457571], [0.020994, 51.45758], [0.020853, 51.457566], [0.020734, 51.457576], [0.020348, 51.457565], [0.02025, 51.457569], [0.020088, 51.457561], [0.019174, 51.457566], [0.01899, 51.457546], [0.018729, 51.457548], [0.01852, 51.457536], [0.018466, 51.457526], [0.018471, 51.457542], [0.018485, 51.457587], [0.01899, 51.457568], [0.019174, 51.457589], [0.01937, 51.457583], [0.020088, 51.457584], [0.020238, 51.457596], [0.020392, 51.457589], [0.020847, 51.457601], [0.021349, 51.457598], [0.021533, 51.457629], [0.021631, 51.457619], [0.021759, 51.457579], [0.02216, 51.45762], [0.022374, 51.457697], [0.022607, 51.457732], [0.022689, 51.457726], [0.022813, 51.457674], [0.022982, 51.457667], [0.023117, 51.457653], [0.023377, 51.45769], [0.023429, 51.457691], [0.023527, 51.457714], [0.023728, 51.457664], [0.023811, 51.457658], [0.024134, 51.457593], [0.024235, 51.457559], [0.024514, 51.457493], [0.02463, 51.457493], [0.024673, 51.457537], [0.024707, 51.457657], [0.024704, 51.457687], [0.024746, 51.457725], [0.024761, 51.457772], [0.024738, 51.457815], [0.024769, 51.457966], [0.024854, 51.458026], [0.02491, 51.458032], [0.025005, 51.458027], [0.025413, 51.458066], [0.025659, 51.458076], [0.026149, 51.458154], [0.026172, 51.458176], [0.026227, 51.458159], [0.026303, 51.458167], [0.026307, 51.458154], [0.026281, 51.458149], [0.026211, 51.458145], [0.025719, 51.458066], [0.025581, 51.45805], [0.025439, 51.458044], [0.024988, 51.458004], [0.024834, 51.458005], [0.0248, 51.457984], [0.024787, 51.45795], [0.024771, 51.457815], [0.02478, 51.457751], [0.024768, 51.457717], [0.024729, 51.457679], [0.024731, 51.457633], [0.024685, 51.457482], [0.02471, 51.457456], [0.02475, 51.457437], [0.024963, 51.457393], [0.025506, 51.457342], [0.025665, 51.457334], [0.025758, 51.457315], [0.025792, 51.45729], [0.025839, 51.45723], [0.025985, 51.45688], [0.026013, 51.456839], [0.026043, 51.456816], [0.026126, 51.456783], [0.026383, 51.456707]]]}, "properties": {"OBJECTID": 75, "Type": null, "First_map": null, "Last_map": null, "First_Year": null, "Last_Year": null, "London1stSeries": 1, "London1srRevision": 1}}, {"type": "Feature", "id": 94, "geometry": {"type": "Polygon", "coordinates": [[[0.027527, 51.455931], [0.027553, 51.455944], [0.027591, 51.455951], [0.027641, 51.455944], [0.027667, 51.455898], [0.02771, 51.455861], [0.027812, 51.455841], [0.027898, 51.455804], [0.027913, 51.455742], [0.027888, 51.455704], [0.027792, 51.455705], [0.027754, 51.455733], [0.027652, 51.455757], [0.027589, 51.455782], [0.027527, 51.455874], [0.027527, 51.455931]]]}, "properties": {"OBJECTID": 76, "Type": null, "First_map": null, "Last_map": null, "First_Year": null, "Last_Year": null, "London1stSeries": 1, "London1srRevision": 1}}, {"type": "Feature", "id": 95, "geometry": {"type": "Polygon", "coordinates": [[[0.028204, 51.455832], [0.028184, 51.45584], [0.028177, 51.455854], [0.028153, 51.455973], [0.02807, 51.456044], [0.027967, 51.456093], [0.027941, 51.456097], [0.02789, 51.456097], [0.027747, 51.456069], [0.027667, 51.456082], [0.0276, 51.45612], [0.027584, 51.456141], [0.027587, 51.45616], [0.027557, 51.45619], [0.027576, 51.456201], [0.027619, 51.456179], [0.027677, 51.456166], [0.0277, 51.45614], [0.027702, 51.456111], [0.027729, 51.456098], [0.027852, 51.456124], [0.027972, 51.456134], [0.028025, 51.456121], [0.028072, 51.456096], [0.028173, 51.456007], [0.028203, 51.455964], [0.028209, 51.455899], [0.028232, 51.455893], [0.028204, 51.455832]]]}, "properties": {"OBJECTID": 77, "Type": null, "First_map": null, "Last_map": null, "First_Year": null, "Last_Year": null, "London1stSeries": 1, "London1srRevision": 1}}, {"type": "Feature", "id": 96, "geometry": {"type": "Polygon", "coordinates": [[[0.02882, 51.456227], [0.028787, 51.4562], [0.028741, 51.456191], [0.028566, 51.456221], [0.028484, 51.456219], [0.02842, 51.456205], [0.028292, 51.456153], [0.028208, 51.456138], [0.028143, 51.456163], [0.028104, 51.45615], [0.028045, 51.456152], [0.027978, 51.456178], [0.027956, 51.456199], [0.027994, 51.456236], [0.028017, 51.456246], [0.028185, 51.456255], [0.028467, 51.456314], [0.028615, 51.456311], [0.028704, 51.456292], [0.028798, 51.456256], [0.02882, 51.456227]]]}, "properties": {"OBJECTID": 78, "Type": null, "First_map": null, "Last_map": null, "First_Year": null, "Last_Year": null, "London1stSeries": 1, "London1srRevision": 1}}, {"type": "Feature", "id": 97, "geometry": {"type": "Polygon", "coordinates": [[[0.028462, 51.458152], [0.028499, 51.458153], [0.028508, 51.458127], [0.028599, 51.458079], [0.028636, 51.458043], [0.028651, 51.45799], [0.028622, 51.457873], [0.028636, 51.457794], [0.02867, 51.457736], [0.028749, 51.45764], [0.028795, 51.457559], [0.028825, 51.457532], [0.028881, 51.457521], [0.028879, 51.45751], [0.028845, 51.457506], [0.028847, 51.457481], [0.028826, 51.457475], [0.028849, 51.457441], [0.02886, 51.457372], [0.028913, 51.457234], [0.028993, 51.457125], [0.028973, 51.457072], [0.028916, 51.457048], [0.02885, 51.457051], [0.028757, 51.457091], [0.028736, 51.457093], [0.028707, 51.457085], [0.028698, 51.457095], [0.028728, 51.45711], [0.028742, 51.457133], [0.028736, 51.457297], [0.028707, 51.4574], [0.028679, 51.457435], [0.028491, 51.457478], [0.028185, 51.457534], [0.028075, 51.457589], [0.028037, 51.457594], [0.028038, 51.457604], [0.028072, 51.457604], [0.028069, 51.457665], [0.028091, 51.457736], [0.028125, 51.457776], [0.028207, 51.457843], [0.028245, 51.457903], [0.02826, 51.457949], [0.028255, 51.458031], [0.028284, 51.458092], [0.028362, 51.458127], [0.02846, 51.458135], [0.028462, 51.458152]]]}, "properties": {"OBJECTID": 79, "Type": null, "First_map": null, "Last_map": null, "First_Year": null, "Last_Year": null, "London1stSeries": 1, "London1srRevision": 1}}, {"type": "Feature", "id": 98, "geometry": {"type": "Polygon", "coordinates": [[[-0.039772, 51.407796], [-0.039716, 51.407792], [-0.039713, 51.407773], [-0.03986, 51.406969], [-0.039919, 51.406983], [-0.039772, 51.407796]]]}, "properties": {"OBJECTID": 80, "Type": null, "First_map": null, "Last_map": null, "First_Year": null, "Last_Year": null, "London1stSeries": 1, "London1srRevision": 1}}, {"type": "Feature", "id": 99, "geometry": {"type": "Polygon", "coordinates": [[[-0.026766, 51.408143], [-0.026847, 51.408145], [-0.027042, 51.408208], [-0.027323, 51.408352], [-0.027612, 51.40852], [-0.027624, 51.408526], [-0.027708, 51.408574], [-0.027818, 51.408655], [-0.027909, 51.408715], [-0.028007, 51.408757], [-0.028099, 51.408808], [-0.028218, 51.408844], [-0.028253, 51.408874], [-0.028285, 51.408937], [-0.028322, 51.408962], [-0.028455, 51.408992], [-0.02854, 51.408992], [-0.028586, 51.409003], [-0.028599, 51.409009], [-0.028589, 51.409033], [-0.028269, 51.408967], [-0.028221, 51.408891], [-0.028189, 51.408859], [-0.028079, 51.408824], [-0.027859, 51.40871], [-0.027678, 51.408585], [-0.027586, 51.40854], [-0.027128, 51.408273], [-0.027027, 51.408226], [-0.026906, 51.408185], [-0.02685, 51.408171], [-0.026767, 51.408173], [-0.026766, 51.408143]]]}, "properties": {"OBJECTID": 81, "Type": null, "First_map": null, "Last_map": null, "First_Year": null, "Last_Year": null, "London1stSeries": 1, "London1srRevision": 1}}, {"type": "Feature", "id": 100, "geometry": {"type": "Polygon", "coordinates": [[[-0.028785, 51.409057], [-0.028994, 51.409117], [-0.029304, 51.409249], [-0.029597, 51.409338], [-0.030096, 51.409507], [-0.030336, 51.409575], [-0.030608, 51.409628], [-0.030593, 51.409657], [-0.030084, 51.409531], [-0.02961, 51.409367], [-0.029215, 51.409243], [-0.028964, 51.409129], [-0.028769, 51.40909], [-0.028785, 51.409057]]]}, "properties": {"OBJECTID": 82, "Type": null, "First_map": null, "Last_map": null, "First_Year": null, "Last_Year": null, "London1stSeries": 1, "London1srRevision": 1}}, {"type": "Feature", "id": 101, "geometry": {"type": "Polygon", "coordinates": [[[-0.030863, 51.409677], [-0.03095, 51.409687], [-0.031262, 51.409773], [-0.031516, 51.409873], [-0.031809, 51.410008], [-0.031883, 51.41003], [-0.031983, 51.410096], [-0.032146, 51.410166], [-0.032228, 51.410244], [-0.032347, 51.410297], [-0.032905, 51.410619], [-0.03288, 51.410636], [-0.032685, 51.410511], [-0.032468, 51.410403], [-0.032344, 51.41032], [-0.032235, 51.410266], [-0.032132, 51.410177], [-0.031969, 51.41011], [-0.03187, 51.410046], [-0.031807, 51.41003], [-0.031758, 51.409996], [-0.031646, 51.409958], [-0.031377, 51.409846], [-0.031076, 51.409752], [-0.030944, 51.409727], [-0.030919, 51.409714], [-0.030854, 51.4097], [-0.030863, 51.409677]]]}, "properties": {"OBJECTID": 83, "Type": null, "First_map": null, "Last_map": null, "First_Year": null, "Last_Year": null, "London1stSeries": 1, "London1srRevision": 1}}, {"type": "Feature", "id": 102, "geometry": {"type": "Polygon", "coordinates": [[[-0.035188, 51.412016], [-0.035179, 51.411996], [-0.035141, 51.411969], [-0.03449, 51.41159], [-0.034529, 51.411573], [-0.035204, 51.411971], [-0.035188, 51.412016]]]}, "properties": {"OBJECTID": 84, "Type": null, "First_map": null, "Last_map": null, "First_Year": null, "Last_Year": null, "London1stSeries": 1, "London1srRevision": 1}}, {"type": "Feature", "id": 103, "geometry": {"type": "Polygon", "coordinates": [[[-0.035313, 51.412029], [-0.035373, 51.412081], [-0.036047, 51.412485], [-0.036024, 51.412498], [-0.036015, 51.412494], [-0.035371, 51.412107], [-0.0353, 51.412077], [-0.035313, 51.412029]]]}, "properties": {"OBJECTID": 85, "Type": null, "First_map": null, "Last_map": null, "First_Year": null, "Last_Year": null, "London1stSeries": 1, "London1srRevision": 1}}, {"type": "Feature", "id": 104, "geometry": {"type": "Polygon", "coordinates": [[[-0.040202, 51.412623], [-0.040012, 51.413273], [-0.039571, 51.414592], [-0.039454, 51.415331], [-0.039492, 51.415349], [-0.03946, 51.415383], [-0.039432, 51.415438], [-0.039342, 51.416216], [-0.039314, 51.416346], [-0.039242, 51.416337], [-0.039274, 51.416161], [-0.039359, 51.415458], [-0.039474, 51.414753], [-0.039459, 51.414656], [-0.039375, 51.414512], [-0.039203, 51.414357], [-0.038417, 51.413856], [-0.03834, 51.413831], [-0.038372, 51.413809], [-0.039186, 51.414321], [-0.0394, 51.414503], [-0.039496, 51.41463], [-0.039503, 51.414584], [-0.03994, 51.413262], [-0.04013, 51.412622], [-0.040202, 51.412623]]]}, "properties": {"OBJECTID": 86, "Type": null, "First_map": null, "Last_map": null, "First_Year": null, "Last_Year": null, "London1stSeries": 1, "London1srRevision": 1}}, {"type": "Feature", "id": 105, "geometry": {"type": "Polygon", "coordinates": [[[-0.036138, 51.412555], [-0.036188, 51.412556], [-0.036719, 51.412878], [-0.036762, 51.412894], [-0.036744, 51.412929], [-0.036138, 51.412555]]]}, "properties": {"OBJECTID": 87, "Type": null, "First_map": null, "Last_map": null, "First_Year": null, "Last_Year": null, "London1stSeries": 1, "London1srRevision": 1}}, {"type": "Feature", "id": 106, "geometry": {"type": "Polygon", "coordinates": [[[-0.036951, 51.413001], [-0.038198, 51.413726], [-0.038163, 51.413749], [-0.036936, 51.413034], [-0.036951, 51.413001]]]}, "properties": {"OBJECTID": 88, "Type": null, "First_map": null, "Last_map": null, "First_Year": null, "Last_Year": null, "London1stSeries": 1, "London1srRevision": 1}}, {"type": "Feature", "id": 107, "geometry": {"type": "Polygon", "coordinates": [[[-0.034188, 51.421578], [-0.034531, 51.421419], [-0.034762, 51.421303], [-0.037116, 51.420223], [-0.037355, 51.420094], [-0.037737, 51.419904], [-0.037908, 51.419821], [-0.038037, 51.419774], [-0.038126, 51.419742], [-0.038258, 51.419667], [-0.038388, 51.419607], [-0.039152, 51.419321], [-0.03919, 51.419313], [-0.039359, 51.419223], [-0.039428, 51.419158], [-0.039536, 51.418984], [-0.039609, 51.41884], [-0.039607, 51.418763], [-0.039605, 51.418634], [-0.039629, 51.418537], [-0.039686, 51.418391], [-0.039715, 51.418233], [-0.039729, 51.417989], [-0.039677, 51.417792], [-0.039596, 51.417602], [-0.039536, 51.417477], [-0.039221, 51.416911], [-0.039231, 51.416504], [-0.039307, 51.416511], [-0.039295, 51.416896], [-0.039676, 51.417602], [-0.03978, 51.417872], [-0.039799, 51.417963], [-0.039809, 51.418074], [-0.039797, 51.418158], [-0.039767, 51.418323], [-0.039712, 51.41844], [-0.039687, 51.418527], [-0.039667, 51.418655], [-0.039664, 51.418828], [-0.039614, 51.418938], [-0.039599, 51.418943], [-0.039589, 51.418988], [-0.03947, 51.419169], [-0.039373, 51.419256], [-0.039234, 51.419328], [-0.038694, 51.419534], [-0.038623, 51.419549], [-0.03845, 51.419621], [-0.038345, 51.419669], [-0.038154, 51.419781], [-0.038088, 51.419806], [-0.037988, 51.419832], [-0.037712, 51.419975], [-0.037403, 51.42012], [-0.037179, 51.420241], [-0.036496, 51.420547], [-0.035908, 51.420827], [-0.035584, 51.420968], [-0.035472, 51.421044], [-0.035329, 51.421117], [-0.035065, 51.421231], [-0.035084, 51.421243], [-0.035072, 51.421249], [-0.035047, 51.421241], [-0.034922, 51.4213], [-0.034913, 51.421296], [-0.034661, 51.421428], [-0.034429, 51.421521], [-0.034157, 51.421658], [-0.034178, 51.421674], [-0.034166, 51.421679], [-0.034134, 51.42167], [-0.034057, 51.421703], [-0.034066, 51.421633], [-0.034188, 51.421578]]]}, "properties": {"OBJECTID": 89, "Type": null, "First_map": null, "Last_map": null, "First_Year": null, "Last_Year": null, "London1stSeries": 1, "London1srRevision": 1}}, {"type": "Feature", "id": 108, "geometry": {"type": "Polygon", "coordinates": [[[-0.03189, 51.42257], [-0.032065, 51.422562], [-0.032165, 51.422544], [-0.032208, 51.42253], [-0.032421, 51.422428], [-0.033889, 51.421721], [-0.033891, 51.421709], [-0.033934, 51.421691], [-0.033919, 51.421766], [-0.032347, 51.422514], [-0.032257, 51.42255], [-0.032137, 51.422584], [-0.031791, 51.422615], [-0.031652, 51.422664], [-0.031572, 51.422704], [-0.031515, 51.422756], [-0.031462, 51.422831], [-0.03143, 51.422925], [-0.031414, 51.423062], [-0.031346, 51.423169], [-0.031027, 51.42357], [-0.030923, 51.423677], [-0.030866, 51.423718], [-0.030802, 51.423694], [-0.030816, 51.423679], [-0.030842, 51.423675], [-0.030877, 51.423655], [-0.031086, 51.423431], [-0.031206, 51.42328], [-0.031298, 51.423134], [-0.031334, 51.423058], [-0.031368, 51.422886], [-0.031459, 51.422741], [-0.031522, 51.422683], [-0.031667, 51.422607], [-0.031791, 51.422573], [-0.03189, 51.42257]]]}, "properties": {"OBJECTID": 90, "Type": null, "First_map": null, "Last_map": null, "First_Year": null, "Last_Year": null, "London1stSeries": 1, "London1srRevision": 1}}, {"type": "Feature", "id": 109, "geometry": {"type": "Polygon", "coordinates": [[[-0.007636, 51.423412], [-0.007553, 51.423405], [-0.007622, 51.422993], [-0.007687, 51.422996], [-0.007636, 51.423412]]]}, "properties": {"OBJECTID": 91, "Type": null, "First_map": null, "Last_map": null, "First_Year": null, "Last_Year": null, "London1stSeries": 1, "London1srRevision": 1}}, {"type": "Feature", "id": 110, "geometry": {"type": "Polygon", "coordinates": [[[-0.030181, 51.425549], [-0.0301, 51.425535], [-0.030094, 51.425417], [-0.030212, 51.425011], [-0.030363, 51.424311], [-0.030422, 51.4242], [-0.030492, 51.424125], [-0.030567, 51.424064], [-0.030617, 51.423992], [-0.030658, 51.423885], [-0.030732, 51.423771], [-0.03079, 51.423793], [-0.030642, 51.424044], [-0.030531, 51.424162], [-0.030438, 51.424304], [-0.030401, 51.424388], [-0.030164, 51.425396], [-0.030162, 51.425524], [-0.030181, 51.425549]]]}, "properties": {"OBJECTID": 92, "Type": null, "First_map": null, "Last_map": null, "First_Year": null, "Last_Year": null, "London1stSeries": 1, "London1srRevision": 1}}, {"type": "Feature", "id": 111, "geometry": {"type": "Polygon", "coordinates": [[[-0.007605, 51.423522], [-0.007613, 51.423556], [-0.007585, 51.423676], [-0.007548, 51.423763], [-0.007433, 51.423919], [-0.007099, 51.424265], [-0.007073, 51.424321], [-0.00704, 51.424539], [-0.007026, 51.424777], [-0.007047, 51.424875], [-0.007104, 51.425023], [-0.007037, 51.425043], [-0.006961, 51.424876], [-0.006896, 51.424765], [-0.006842, 51.424696], [-0.006909, 51.424656], [-0.006947, 51.424383], [-0.007006, 51.424261], [-0.007056, 51.424187], [-0.007361, 51.42388], [-0.007444, 51.423762], [-0.007495, 51.423673], [-0.007529, 51.423516], [-0.007605, 51.423522]]]}, "properties": {"OBJECTID": 93, "Type": null, "First_map": null, "Last_map": null, "First_Year": null, "Last_Year": null, "London1stSeries": 1, "London1srRevision": 1}}, {"type": "Feature", "id": 112, "geometry": {"type": "Polygon", "coordinates": [[[-0.030134, 51.424515], [-0.030151, 51.424532], [-0.030144, 51.424555], [-0.030077, 51.424587], [-0.030062, 51.424604], [-0.030052, 51.42465], [-0.030028, 51.424659], [-0.030002, 51.424656], [-0.029977, 51.424627], [-0.029981, 51.424592], [-0.030002, 51.424557], [-0.030076, 51.424514], [-0.030134, 51.424515]]]}, "properties": {"OBJECTID": 94, "Type": null, "First_map": null, "Last_map": null, "First_Year": null, "Last_Year": null, "London1stSeries": 1, "London1srRevision": 1}}, {"type": "Feature", "id": 113, "geometry": {"type": "Polygon", "coordinates": [[[-0.00765, 51.425519], [-0.007636, 51.425505], [-0.007183, 51.425273], [-0.007112, 51.425199], [-0.007087, 51.42515], [-0.007164, 51.425127], [-0.007202, 51.425188], [-0.00725, 51.425227], [-0.00767, 51.425451], [-0.007698, 51.425474], [-0.00765, 51.425519]]]}, "properties": {"OBJECTID": 95, "Type": null, "First_map": null, "Last_map": null, "First_Year": null, "Last_Year": null, "London1stSeries": 1, "London1srRevision": 1}}, {"type": "Feature", "id": 114, "geometry": {"type": "Polygon", "coordinates": [[[-0.008816, 51.425964], [-0.008779, 51.42596], [-0.008474, 51.425873], [-0.008146, 51.425772], [-0.007784, 51.425594], [-0.007833, 51.425548], [-0.00813, 51.425696], [-0.008237, 51.425741], [-0.00883, 51.42591], [-0.008816, 51.425964]]]}, "properties": {"OBJECTID": 96, "Type": null, "First_map": null, "Last_map": null, "First_Year": null, "Last_Year": null, "London1stSeries": 1, "London1srRevision": 1}}, {"type": "Feature", "id": 115, "geometry": {"type": "Polygon", "coordinates": [[[-0.011289, 51.426904], [-0.010972, 51.426819], [-0.010429, 51.426764], [-0.010301, 51.426738], [-0.010188, 51.426698], [-0.010103, 51.426654], [-0.009697, 51.426357], [-0.009551, 51.426165], [-0.009428, 51.426112], [-0.008983, 51.426001], [-0.008995, 51.425949], [-0.009341, 51.426026], [-0.009549, 51.426093], [-0.009662, 51.426174], [-0.009769, 51.426312], [-0.009847, 51.42638], [-0.010216, 51.426628], [-0.010313, 51.42668], [-0.010435, 51.42671], [-0.010928, 51.426757], [-0.01103, 51.426774], [-0.011324, 51.426856], [-0.011289, 51.426904]]]}, "properties": {"OBJECTID": 97, "Type": null, "First_map": null, "Last_map": null, "First_Year": null, "Last_Year": null, "London1stSeries": 1, "London1srRevision": 1}}, {"type": "Feature", "id": 116, "geometry": {"type": "Polygon", "coordinates": [[[-0.031245, 51.427315], [-0.03131, 51.427305], [-0.031567, 51.427712], [-0.03147, 51.427687], [-0.031245, 51.427315]]]}, "properties": {"OBJECTID": 98, "Type": null, "First_map": null, "Last_map": null, "First_Year": null, "Last_Year": null, "London1stSeries": 1, "London1srRevision": 1}}, {"type": "Feature", "id": 117, "geometry": {"type": "Polygon", "coordinates": [[[-0.012076, 51.427864], [-0.011578, 51.427577], [-0.011366, 51.42744], [-0.011368, 51.427371], [-0.011338, 51.427344], [-0.011293, 51.427322], [-0.011219, 51.427306], [-0.011201, 51.427248], [-0.011223, 51.427178], [-0.011244, 51.427156], [-0.011382, 51.427074], [-0.011448, 51.427063], [-0.011486, 51.427065], [-0.011741, 51.427104], [-0.011786, 51.427136], [-0.011796, 51.427132], [-0.011836, 51.427183], [-0.011811, 51.427206], [-0.011818, 51.427225], [-0.01185, 51.427238], [-0.011875, 51.427233], [-0.012077, 51.427489], [-0.012152, 51.4277], [-0.012189, 51.427768], [-0.012208, 51.42778], [-0.012108, 51.427851], [-0.012101, 51.427848], [-0.012076, 51.427864]]]}, "properties": {"OBJECTID": 99, "Type": null, "First_map": null, "Last_map": null, "First_Year": null, "Last_Year": null, "London1stSeries": 1, "London1srRevision": 1}}, {"type": "Feature", "id": 118, "geometry": {"type": "Polygon", "coordinates": [[[-0.0316, 51.427934], [-0.031742, 51.427965], [-0.031966, 51.428316], [-0.032057, 51.428386], [-0.03213, 51.428414], [-0.032228, 51.428437], [-0.032204, 51.428486], [-0.032038, 51.428449], [-0.03193, 51.428391], [-0.031848, 51.428327], [-0.0316, 51.427934]]]}, "properties": {"OBJECTID": 100, "Type": null, "First_map": null, "Last_map": null, "First_Year": null, "Last_Year": null, "London1stSeries": 1, "London1srRevision": 1}}, {"type": "Feature", "id": 119, "geometry": {"type": "Polygon", "coordinates": [[[-0.032336, 51.428456], [-0.032556, 51.428505], [-0.032612, 51.428532], [-0.032656, 51.428571], [-0.032601, 51.428593], [-0.032558, 51.428559], [-0.032315, 51.428501], [-0.032336, 51.428456]]]}, "properties": {"OBJECTID": 101, "Type": null, "First_map": null, "Last_map": null, "First_Year": null, "Last_Year": null, "London1stSeries": 1, "London1srRevision": 1}}, {"type": "Feature", "id": 120, "geometry": {"type": "Polygon", "coordinates": [[[-0.031308, 51.430681], [-0.031233, 51.430659], [-0.031385, 51.430505], [-0.031567, 51.430342], [-0.031624, 51.430254], [-0.031678, 51.430054], [-0.031881, 51.429876], [-0.031989, 51.429761], [-0.032029, 51.429672], [-0.032066, 51.429486], [-0.032122, 51.429368], [-0.032236, 51.429221], [-0.032455, 51.429033], [-0.0325, 51.428978], [-0.032554, 51.428883], [-0.03262, 51.428683], [-0.032619, 51.428621], [-0.032672, 51.428599], [-0.032683, 51.428641], [-0.032678, 51.42869], [-0.032599, 51.428924], [-0.032542, 51.429018], [-0.032449, 51.429125], [-0.032468, 51.429134], [-0.032457, 51.429144], [-0.03243, 51.429143], [-0.032346, 51.429213], [-0.032274, 51.429289], [-0.032203, 51.429386], [-0.032141, 51.429524], [-0.0321, 51.429724], [-0.032075, 51.42977], [-0.031965, 51.429895], [-0.031792, 51.43004], [-0.031754, 51.430082], [-0.031717, 51.430246], [-0.031635, 51.430376], [-0.03148, 51.430515], [-0.031499, 51.430524], [-0.031486, 51.430535], [-0.031456, 51.430535], [-0.031308, 51.430681]]]}, "properties": {"OBJECTID": 102, "Type": null, "First_map": null, "Last_map": null, "First_Year": null, "Last_Year": null, "London1stSeries": 1, "London1srRevision": 1}}, {"type": "Feature", "id": 121, "geometry": {"type": "Polygon", "coordinates": [[[-0.01703, 51.431113], [-0.016496, 51.430802], [-0.016378, 51.430758], [-0.016199, 51.430722], [-0.016074, 51.430668], [-0.015884, 51.43054], [-0.015748, 51.430423], [-0.015556, 51.430219], [-0.015482, 51.430117], [-0.015039, 51.429355], [-0.014901, 51.429189], [-0.014681, 51.428981], [-0.014741, 51.428955], [-0.014985, 51.429188], [-0.015112, 51.429343], [-0.015517, 51.430052], [-0.01565, 51.430235], [-0.015842, 51.430433], [-0.015987, 51.430551], [-0.016148, 51.430653], [-0.01621, 51.430684], [-0.016361, 51.430711], [-0.016514, 51.430759], [-0.017041, 51.43106], [-0.017062, 51.431065], [-0.01703, 51.431113]]]}, "properties": {"OBJECTID": 103, "Type": null, "First_map": null, "Last_map": null, "First_Year": null, "Last_Year": null, "London1stSeries": 1, "London1srRevision": 1}}, {"type": "Feature", "id": 122, "geometry": {"type": "Polygon", "coordinates": [[[-0.026349, 51.440303], [-0.026381, 51.440417], [-0.026493, 51.440698], [-0.026841, 51.441399], [-0.026982, 51.441729], [-0.026965, 51.441819], [-0.026877, 51.44197], [-0.026864, 51.442013], [-0.026869, 51.442063], [-0.026905, 51.44216], [-0.026916, 51.442221], [-0.026911, 51.442292], [-0.026885, 51.44237], [-0.026829, 51.442505], [-0.026798, 51.442554], [-0.026715, 51.44263], [-0.026611, 51.442689], [-0.026604, 51.442629], [-0.026653, 51.442593], [-0.02672, 51.442502], [-0.026819, 51.442269], [-0.026819, 51.442202], [-0.026776, 51.44208], [-0.026768, 51.442004], [-0.026784, 51.441939], [-0.026868, 51.441765], [-0.026862, 51.441712], [-0.026357, 51.440727], [-0.026249, 51.440475], [-0.026164, 51.44018], [-0.026174, 51.439867], [-0.026166, 51.439802], [-0.026112, 51.439745], [-0.026023, 51.439702], [-0.025842, 51.439684], [-0.025849, 51.439631], [-0.025958, 51.439637], [-0.02606, 51.439658], [-0.026186, 51.439712], [-0.026207, 51.439709], [-0.026276, 51.439551], [-0.026258, 51.439518], [-0.026268, 51.4395], [-0.026294, 51.439509], [-0.027236, 51.437849], [-0.027324, 51.437653], [-0.027358, 51.437462], [-0.027337, 51.437244], [-0.027305, 51.437087], [-0.027045, 51.436284], [-0.027047, 51.43619], [-0.027081, 51.43607], [-0.02713, 51.435956], [-0.027246, 51.435735], [-0.028181, 51.434204], [-0.028282, 51.434063], [-0.028276, 51.434004], [-0.028329, 51.433969], [-0.028344, 51.434013], [-0.028921, 51.433523], [-0.02909, 51.433392], [-0.029177, 51.433306], [-0.02922, 51.43322], [-0.029231, 51.433148], [-0.029222, 51.43293], [-0.029232, 51.432804], [-0.029269, 51.432806], [-0.029287, 51.432681], [-0.029328, 51.432597], [-0.029411, 51.432513], [-0.029664, 51.432301], [-0.029851, 51.432069], [-0.030064, 51.431898], [-0.030141, 51.431741], [-0.030177, 51.431696], [-0.030263, 51.431636], [-0.030399, 51.431579], [-0.030475, 51.431522], [-0.03055, 51.431422], [-0.030624, 51.431263], [-0.03067, 51.431195], [-0.030883, 51.431037], [-0.03099, 51.430945], [-0.031075, 51.430855], [-0.031195, 51.430701], [-0.031274, 51.430722], [-0.031138, 51.430895], [-0.031043, 51.430991], [-0.03078, 51.43119], [-0.030718, 51.431281], [-0.030639, 51.431452], [-0.030576, 51.431537], [-0.030493, 51.431614], [-0.030323, 51.431691], [-0.030253, 51.431738], [-0.030154, 51.431928], [-0.029958, 51.432083], [-0.029946, 51.432094], [-0.029965, 51.432103], [-0.029955, 51.432112], [-0.029928, 51.432112], [-0.029741, 51.432341], [-0.029485, 51.432564], [-0.029445, 51.43265], [-0.029427, 51.432813], [-0.029464, 51.432814], [-0.029462, 51.432894], [-0.02937, 51.43322], [-0.029315, 51.433326], [-0.02879, 51.433769], [-0.028809, 51.433777], [-0.028795, 51.433789], [-0.028764, 51.433791], [-0.028693, 51.433861], [-0.028429, 51.434051], [-0.028375, 51.4341], [-0.027398, 51.435746], [-0.027388, 51.435777], [-0.027353, 51.435818], [-0.027229, 51.436058], [-0.027183, 51.436166], [-0.027173, 51.436248], [-0.027448, 51.437142], [-0.027472, 51.43732], [-0.027466, 51.437577], [-0.027431, 51.437704], [-0.027393, 51.437788], [-0.026506, 51.439372], [-0.02636, 51.439668], [-0.026322, 51.439806], [-0.026291, 51.440081], [-0.026349, 51.440303]]]}, "properties": {"OBJECTID": 104, "Type": null, "First_map": null, "Last_map": null, "First_Year": null, "Last_Year": null, "London1stSeries": 1, "London1srRevision": 1}}, {"type": "Feature", "id": 123, "geometry": {"type": "Polygon", "coordinates": [[[-0.0179, 51.432041], [-0.017897, 51.432036], [-0.01792, 51.432026], [-0.01773, 51.431717], [-0.017649, 51.43165], [-0.01739, 51.431507], [-0.017337, 51.43145], [-0.017235, 51.431261], [-0.017191, 51.431225], [-0.017214, 51.431187], [-0.017312, 51.431259], [-0.017441, 51.431474], [-0.017738, 51.431639], [-0.017806, 51.4317], [-0.017988, 51.432007], [-0.0179, 51.432041]]]}, "properties": {"OBJECTID": 105, "Type": null, "First_map": null, "Last_map": null, "First_Year": null, "Last_Year": null, "London1stSeries": 1, "London1srRevision": 1}}, {"type": "Feature", "id": 124, "geometry": {"type": "Polygon", "coordinates": [[[-0.018795, 51.432766], [-0.018718, 51.432789], [-0.018711, 51.432739], [-0.018533, 51.432433], [-0.018514, 51.432414], [-0.018066, 51.432262], [-0.017956, 51.432099], [-0.018025, 51.432072], [-0.018124, 51.43223], [-0.018573, 51.432388], [-0.018795, 51.432766]]]}, "properties": {"OBJECTID": 106, "Type": null, "First_map": null, "Last_map": null, "First_Year": null, "Last_Year": null, "London1stSeries": 1, "London1srRevision": 1}}, {"type": "Feature", "id": 125, "geometry": {"type": "Polygon", "coordinates": [[[-0.023683, 51.439231], [-0.023608, 51.439194], [-0.023556, 51.439182], [-0.02293, 51.439097], [-0.022732, 51.439091], [-0.02265, 51.439075], [-0.022584, 51.439059], [-0.022491, 51.439023], [-0.022414, 51.438977], [-0.022361, 51.43892], [-0.022322, 51.438828], [-0.022307, 51.43857], [-0.022335, 51.438237], [-0.022339, 51.437813], [-0.022375, 51.437729], [-0.022469, 51.437619], [-0.022478, 51.437581], [-0.02246, 51.437527], [-0.022366, 51.43735], [-0.022311, 51.437271], [-0.02195, 51.436832], [-0.021802, 51.436691], [-0.021683, 51.436478], [-0.02163, 51.436408], [-0.02143, 51.43628], [-0.02118, 51.436035], [-0.020892, 51.4358], [-0.020092, 51.435343], [-0.019683, 51.435084], [-0.019362, 51.434794], [-0.019102, 51.434506], [-0.018891, 51.434265], [-0.018815, 51.434144], [-0.018787, 51.434075], [-0.018701, 51.433741], [-0.018683, 51.433592], [-0.018685, 51.433525], [-0.018736, 51.433231], [-0.018821, 51.433224], [-0.018766, 51.433483], [-0.018816, 51.433487], [-0.01881, 51.433515], [-0.018756, 51.433545], [-0.018755, 51.433661], [-0.018778, 51.433788], [-0.01885, 51.434053], [-0.018887, 51.434144], [-0.018937, 51.434228], [-0.019397, 51.434756], [-0.01979, 51.435091], [-0.020144, 51.435315], [-0.020889, 51.435739], [-0.021002, 51.435811], [-0.021308, 51.436066], [-0.021478, 51.436244], [-0.021698, 51.436394], [-0.02174, 51.436444], [-0.021872, 51.436676], [-0.022011, 51.436809], [-0.022421, 51.437318], [-0.022531, 51.437516], [-0.022546, 51.437588], [-0.022522, 51.437648], [-0.022445, 51.437726], [-0.022413, 51.437828], [-0.022402, 51.438291], [-0.022376, 51.438574], [-0.02238, 51.438696], [-0.022392, 51.438834], [-0.022452, 51.438931], [-0.022483, 51.438961], [-0.022573, 51.439007], [-0.022713, 51.439044], [-0.022951, 51.439057], [-0.023615, 51.43915], [-0.023719, 51.439186], [-0.023683, 51.439231]]]}, "properties": {"OBJECTID": 107, "Type": null, "First_map": null, "Last_map": null, "First_Year": null, "Last_Year": null, "London1stSeries": 1, "London1srRevision": 1}}, {"type": "Feature", "id": 126, "geometry": {"type": "Polygon", "coordinates": [[[-0.024829, 51.439626], [-0.024415, 51.439623], [-0.024152, 51.439546], [-0.024089, 51.439516], [-0.023921, 51.439367], [-0.023847, 51.439333], [-0.023889, 51.439278], [-0.023928, 51.439301], [-0.024091, 51.439433], [-0.024126, 51.439419], [-0.024149, 51.439437], [-0.024152, 51.439477], [-0.024247, 51.439531], [-0.024424, 51.439581], [-0.024474, 51.439588], [-0.024802, 51.439581], [-0.024829, 51.439626]]]}, "properties": {"OBJECTID": 108, "Type": null, "First_map": null, "Last_map": null, "First_Year": null, "Last_Year": null, "London1stSeries": 1, "London1srRevision": 1}}, {"type": "Feature", "id": 127, "geometry": {"type": "Polygon", "coordinates": [[[-0.02573, 51.439676], [-0.025653, 51.439678], [-0.025517, 51.439648], [-0.025423, 51.439639], [-0.025235, 51.439654], [-0.025144, 51.439651], [-0.025111, 51.439602], [-0.025194, 51.439612], [-0.025374, 51.439594], [-0.025498, 51.439599], [-0.025648, 51.439628], [-0.02574, 51.439628], [-0.02573, 51.439676]]]}, "properties": {"OBJECTID": 109, "Type": null, "First_map": null, "Last_map": null, "First_Year": null, "Last_Year": null, "London1stSeries": 1, "London1srRevision": 1}}, {"type": "Feature", "id": 128, "geometry": {"type": "Polygon", "coordinates": [[[-0.025388, 51.445537], [-0.025357, 51.445396], [-0.025252, 51.445094], [-0.0252, 51.44483], [-0.025195, 51.444603], [-0.025216, 51.444454], [-0.025311, 51.444425], [-0.025324, 51.444491], [-0.025309, 51.444776], [-0.025333, 51.444962], [-0.025374, 51.445114], [-0.025473, 51.445389], [-0.025502, 51.445515], [-0.025388, 51.445537]]]}, "properties": {"OBJECTID": 110, "Type": null, "First_map": null, "Last_map": null, "First_Year": null, "Last_Year": null, "London1stSeries": 1, "London1srRevision": 1}}, {"type": "Feature", "id": 129, "geometry": {"type": "Polygon", "coordinates": [[[-0.025599, 51.445888], [-0.025542, 51.445866], [-0.025525, 51.445848], [-0.025492, 51.445716], [-0.025478, 51.445717], [-0.025442, 51.445645], [-0.025576, 51.445618], [-0.025604, 51.445804], [-0.025627, 51.445809], [-0.025599, 51.445888]]]}, "properties": {"OBJECTID": 111, "Type": null, "First_map": null, "Last_map": null, "First_Year": null, "Last_Year": null, "London1stSeries": 1, "London1srRevision": 1}}, {"type": "Feature", "id": 130, "geometry": {"type": "Polygon", "coordinates": [[[-0.025968, 51.448558], [-0.025992, 51.448385], [-0.025973, 51.448365], [-0.025935, 51.448359], [-0.025899, 51.448329], [-0.025846, 51.44825], [-0.025866, 51.448235], [-0.025901, 51.44824], [-0.025917, 51.448259], [-0.025914, 51.448299], [-0.025938, 51.448322], [-0.025971, 51.44834], [-0.026011, 51.448328], [-0.026029, 51.448295], [-0.026001, 51.44827], [-0.026042, 51.448122], [-0.026374, 51.447318], [-0.026402, 51.447189], [-0.026367, 51.447064], [-0.02629, 51.446886], [-0.026195, 51.44673], [-0.026037, 51.446525], [-0.026009, 51.446476], [-0.025972, 51.44637], [-0.025961, 51.446287], [-0.025916, 51.44618], [-0.025769, 51.445936], [-0.025744, 51.445913], [-0.025718, 51.445905], [-0.025742, 51.445841], [-0.025761, 51.445831], [-0.02582, 51.44585], [-0.025859, 51.445879], [-0.025852, 51.445906], [-0.026019, 51.446177], [-0.026066, 51.446294], [-0.026077, 51.446357], [-0.026098, 51.446379], [-0.026124, 51.446457], [-0.026273, 51.446652], [-0.026383, 51.446846], [-0.026476, 51.447051], [-0.026491, 51.447151], [-0.02647, 51.447289], [-0.026281, 51.447812], [-0.026193, 51.448003], [-0.026102, 51.44824], [-0.026078, 51.448697], [-0.026046, 51.448987], [-0.026032, 51.44934], [-0.026113, 51.449557], [-0.026116, 51.449664], [-0.026092, 51.449741], [-0.026031, 51.449862], [-0.025994, 51.449898], [-0.025911, 51.449941], [-0.025869, 51.44988], [-0.025937, 51.449847], [-0.026019, 51.449638], [-0.026009, 51.449555], [-0.025977, 51.449473], [-0.025938, 51.449388], [-0.025932, 51.449343], [-0.025968, 51.448558]]]}, "properties": {"OBJECTID": 112, "Type": null, "First_map": null, "Last_map": null, "First_Year": null, "Last_Year": null, "London1stSeries": 1, "London1srRevision": 1}}, {"type": "Feature", "id": 131, "geometry": {"type": "Polygon", "coordinates": [[[-0.047032, 51.403197], [-0.047184, 51.403118], [-0.047422, 51.402965], [-0.047477, 51.402955], [-0.047512, 51.402981], [-0.047467, 51.402983], [-0.04741, 51.403002], [-0.047265, 51.403102], [-0.047083, 51.403202], [-0.047056, 51.403213], [-0.047032, 51.403197]]]}, "properties": {"OBJECTID": 113, "Type": null, "First_map": null, "Last_map": null, "First_Year": null, "Last_Year": null, "London1stSeries": 1, "London1srRevision": 1}}, {"type": "Feature", "id": 132, "geometry": {"type": "Polygon", "coordinates": [[[-0.047314, 51.399211], [-0.047336, 51.399167], [-0.047367, 51.39918], [-0.047335, 51.399253], [-0.047255, 51.399384], [-0.047191, 51.399466], [-0.047045, 51.3996], [-0.04691, 51.399697], [-0.046882, 51.399677], [-0.047013, 51.399584], [-0.047146, 51.399465], [-0.047235, 51.399349], [-0.047219, 51.39932], [-0.047279, 51.399206], [-0.047314, 51.399211]]]}, "properties": {"OBJECTID": 114, "Type": null, "First_map": null, "Last_map": null, "First_Year": null, "Last_Year": null, "London1stSeries": 1, "London1srRevision": 1}}, {"type": "Feature", "id": 133, "geometry": {"type": "Polygon", "coordinates": [[[-0.04658, 51.403545], [-0.046552, 51.403529], [-0.046647, 51.403442], [-0.046784, 51.403355], [-0.046824, 51.403317], [-0.046924, 51.403249], [-0.047, 51.40321], [-0.047026, 51.403226], [-0.046973, 51.403252], [-0.046845, 51.403345], [-0.046697, 51.403437], [-0.04658, 51.403545]]]}, "properties": {"OBJECTID": 115, "Type": null, "First_map": null, "Last_map": null, "First_Year": null, "Last_Year": null, "London1stSeries": 1, "London1srRevision": 1}}, {"type": "Feature", "id": 134, "geometry": {"type": "Polygon", "coordinates": [[[-0.045889, 51.400231], [-0.046092, 51.400027], [-0.046184, 51.399963], [-0.046306, 51.399911], [-0.046594, 51.399824], [-0.046855, 51.399695], [-0.046883, 51.399714], [-0.046713, 51.399806], [-0.046595, 51.399856], [-0.046342, 51.399932], [-0.046216, 51.399983], [-0.046098, 51.40007], [-0.045926, 51.400246], [-0.045889, 51.400231]]]}, "properties": {"OBJECTID": 116, "Type": null, "First_map": null, "Last_map": null, "First_Year": null, "Last_Year": null, "London1stSeries": 1, "London1srRevision": 1}}, {"type": "Feature", "id": 135, "geometry": {"type": "Polygon", "coordinates": [[[-0.045895, 51.404057], [-0.045859, 51.404037], [-0.045957, 51.403987], [-0.046189, 51.40389], [-0.046285, 51.403827], [-0.046391, 51.403734], [-0.046516, 51.403558], [-0.04653, 51.403552], [-0.046557, 51.403567], [-0.046414, 51.403757], [-0.046317, 51.403855], [-0.046224, 51.403912], [-0.045937, 51.40403], [-0.045893, 51.404051], [-0.045895, 51.404057]]]}, "properties": {"OBJECTID": 117, "Type": null, "First_map": null, "Last_map": null, "First_Year": null, "Last_Year": null, "London1stSeries": 1, "London1srRevision": 1}}, {"type": "Feature", "id": 136, "geometry": {"type": "Polygon", "coordinates": [[[-0.04579, 51.404086], [-0.045711, 51.40411], [-0.045608, 51.404157], [-0.045306, 51.404263], [-0.045217, 51.404281], [-0.045131, 51.404288], [-0.044974, 51.40427], [-0.044996, 51.404247], [-0.045134, 51.404261], [-0.04522, 51.404257], [-0.045395, 51.404202], [-0.045616, 51.404122], [-0.045693, 51.404086], [-0.045699, 51.404069], [-0.045753, 51.404064], [-0.04579, 51.404086]]]}, "properties": {"OBJECTID": 118, "Type": null, "First_map": null, "Last_map": null, "First_Year": null, "Last_Year": null, "London1stSeries": 1, "London1srRevision": 1}}, {"type": "Feature", "id": 137, "geometry": {"type": "Polygon", "coordinates": [[[-0.04267, 51.403694], [-0.045007, 51.401147], [-0.045019, 51.401117], [-0.044993, 51.40109], [-0.044719, 51.400987], [-0.044732, 51.400975], [-0.044786, 51.40099], [-0.044996, 51.401069], [-0.04504, 51.401098], [-0.045047, 51.401115], [-0.045789, 51.400342], [-0.04582, 51.400355], [-0.045074, 51.401134], [-0.043889, 51.402435], [-0.043001, 51.403391], [-0.043054, 51.403379], [-0.043115, 51.403384], [-0.043508, 51.403521], [-0.043494, 51.403534], [-0.043114, 51.403402], [-0.043023, 51.403401], [-0.042978, 51.403428], [-0.042718, 51.403711], [-0.04267, 51.403694]]]}, "properties": {"OBJECTID": 119, "Type": null, "First_map": null, "Last_map": null, "First_Year": null, "Last_Year": null, "London1stSeries": 1, "London1srRevision": 1}}, {"type": "Feature", "id": 138, "geometry": {"type": "Polygon", "coordinates": [[[-0.044338, 51.403942], [-0.044367, 51.403958], [-0.044428, 51.403975], [-0.044545, 51.404045], [-0.044972, 51.404239], [-0.04495, 51.404262], [-0.044599, 51.404106], [-0.044365, 51.403988], [-0.04436, 51.403973], [-0.044327, 51.403956], [-0.044338, 51.403942]]]}, "properties": {"OBJECTID": 120, "Type": null, "First_map": null, "Last_map": null, "First_Year": null, "Last_Year": null, "London1stSeries": 1, "London1srRevision": 1}}, {"type": "Feature", "id": 139, "geometry": {"type": "Polygon", "coordinates": [[[-0.044467, 51.400889], [-0.043966, 51.400686], [-0.043664, 51.400373], [-0.043691, 51.400365], [-0.043954, 51.400648], [-0.043994, 51.400679], [-0.04448, 51.400875], [-0.044467, 51.400889]]]}, "properties": {"OBJECTID": 121, "Type": null, "First_map": null, "Last_map": null, "First_Year": null, "Last_Year": null, "London1stSeries": 1, "London1srRevision": 1}}, {"type": "Feature", "id": 140, "geometry": {"type": "Polygon", "coordinates": [[[-0.041811, 51.404729], [-0.041762, 51.404712], [-0.042254, 51.404166], [-0.0423, 51.404181], [-0.042275, 51.404213], [-0.041811, 51.404729]]]}, "properties": {"OBJECTID": 122, "Type": null, "First_map": null, "Last_map": null, "First_Year": null, "Last_Year": null, "London1stSeries": 1, "London1srRevision": 1}}, {"type": "Feature", "id": 141, "geometry": {"type": "Polygon", "coordinates": [[[-0.041647, 51.404813], [-0.041696, 51.404831], [-0.041243, 51.405353], [-0.041003, 51.405606], [-0.040958, 51.405591], [-0.041175, 51.405361], [-0.041621, 51.404854], [-0.041647, 51.404813]]]}, "properties": {"OBJECTID": 123, "Type": null, "First_map": null, "Last_map": null, "First_Year": null, "Last_Year": null, "London1stSeries": 1, "London1srRevision": 1}}, {"type": "Feature", "id": 142, "geometry": {"type": "Polygon", "coordinates": [[[-0.04091, 51.405721], [-0.040528, 51.406166], [-0.039972, 51.406845], [-0.039922, 51.406832], [-0.040189, 51.406499], [-0.040855, 51.405704], [-0.04091, 51.405721]]]}, "properties": {"OBJECTID": 124, "Type": null, "First_map": null, "Last_map": null, "First_Year": null, "Last_Year": null, "London1stSeries": 1, "London1srRevision": 1}}, {"type": "Feature", "id": 143, "geometry": {"type": "Polygon", "coordinates": [[[-0.024213, 51.404479], [-0.024244, 51.404472], [-0.02426, 51.404494], [-0.024394, 51.404682], [-0.02442, 51.404724], [-0.024419, 51.40475], [-0.024438, 51.404764], [-0.024479, 51.40484], [-0.024499, 51.404997], [-0.024471, 51.405097], [-0.024475, 51.405149], [-0.024499, 51.405193], [-0.024542, 51.405217], [-0.024538, 51.40525], [-0.02446, 51.405289], [-0.024428, 51.405343], [-0.024425, 51.405383], [-0.024447, 51.405433], [-0.024444, 51.405471], [-0.024475, 51.405513], [-0.024476, 51.405556], [-0.024433, 51.405675], [-0.024388, 51.405666], [-0.024388, 51.405558], [-0.024425, 51.405481], [-0.024396, 51.405439], [-0.024412, 51.405398], [-0.024376, 51.405365], [-0.024382, 51.40526], [-0.024391, 51.405248], [-0.024465, 51.405241], [-0.024484, 51.405222], [-0.024408, 51.405163], [-0.024394, 51.405132], [-0.024433, 51.405097], [-0.024457, 51.405054], [-0.024469, 51.404959], [-0.024459, 51.404914], [-0.024417, 51.404845], [-0.024405, 51.404786], [-0.024364, 51.404706], [-0.024291, 51.404596], [-0.024245, 51.404552], [-0.024213, 51.404479]]]}, "properties": {"OBJECTID": 125, "Type": null, "First_map": null, "Last_map": null, "First_Year": null, "Last_Year": null, "London1stSeries": 1, "London1srRevision": 1}}, {"type": "Feature", "id": 144, "geometry": {"type": "Polygon", "coordinates": [[[-0.024443, 51.405715], [-0.024454, 51.406092], [-0.02444, 51.406092], [-0.0244, 51.406092], [-0.024399, 51.40607], [-0.024392, 51.405704], [-0.024443, 51.405715]]]}, "properties": {"OBJECTID": 126, "Type": null, "First_map": null, "Last_map": null, "First_Year": null, "Last_Year": null, "London1stSeries": 1, "London1srRevision": 1}}, {"type": "Feature", "id": 145, "geometry": {"type": "Polygon", "coordinates": [[[-0.025481, 51.381028], [-0.025507, 51.381035], [-0.0255, 51.381065], [-0.02545, 51.381099], [-0.025439, 51.381141], [-0.025399, 51.381173], [-0.025392, 51.381233], [-0.025334, 51.381303], [-0.025304, 51.381359], [-0.025208, 51.381429], [-0.025158, 51.381481], [-0.02516, 51.381561], [-0.025098, 51.381647], [-0.025106, 51.38171], [-0.025037, 51.381769], [-0.025044, 51.38185], [-0.025028, 51.381874], [-0.024996, 51.381895], [-0.025006, 51.381915], [-0.024943, 51.381973], [-0.024938, 51.381989], [-0.024966, 51.382026], [-0.024974, 51.382061], [-0.024937, 51.382089], [-0.024937, 51.382153], [-0.024991, 51.382247], [-0.024967, 51.382353], [-0.024956, 51.382372], [-0.024926, 51.38239], [-0.024927, 51.382446], [-0.024884, 51.382494], [-0.02487, 51.382548], [-0.024698, 51.382775], [-0.024658, 51.382849], [-0.02458, 51.382924], [-0.024555, 51.382987], [-0.024509, 51.383029], [-0.024448, 51.383128], [-0.024421, 51.383219], [-0.024393, 51.383255], [-0.024377, 51.383394], [-0.024346, 51.383449], [-0.024341, 51.383526], [-0.024324, 51.383558], [-0.02431, 51.383837], [-0.024294, 51.383836], [-0.024307, 51.383554], [-0.024325, 51.38353], [-0.024333, 51.383446], [-0.02436, 51.38339], [-0.02438, 51.383236], [-0.024402, 51.383213], [-0.024431, 51.383119], [-0.024475, 51.383051], [-0.024537, 51.382981], [-0.02457, 51.382911], [-0.024632, 51.382859], [-0.024685, 51.382763], [-0.024845, 51.38255], [-0.02487, 51.382481], [-0.024901, 51.382454], [-0.024905, 51.382386], [-0.024945, 51.382337], [-0.024966, 51.382248], [-0.024913, 51.382138], [-0.024933, 51.382023], [-0.024931, 51.381997], [-0.024915, 51.381977], [-0.024963, 51.381933], [-0.024963, 51.38188], [-0.025021, 51.381826], [-0.025008, 51.381768], [-0.025041, 51.381742], [-0.025084, 51.381689], [-0.025087, 51.381636], [-0.025136, 51.381554], [-0.025141, 51.381468], [-0.025286, 51.381345], [-0.025311, 51.381297], [-0.025368, 51.381227], [-0.025376, 51.381167], [-0.025413, 51.381133], [-0.025427, 51.381092], [-0.025476, 51.381053], [-0.025481, 51.381028]]]}, "properties": {"OBJECTID": 127, "Type": null, "First_map": null, "Last_map": null, "First_Year": null, "Last_Year": null, "London1stSeries": 1, "London1srRevision": 1}}, {"type": "Feature", "id": 146, "geometry": {"type": "Polygon", "coordinates": [[[-0.02164, 51.39976], [-0.021632, 51.399745], [-0.021612, 51.399716], [-0.021574, 51.399694], [-0.02148, 51.399583], [-0.0215, 51.399502], [-0.021485, 51.399459], [-0.021456, 51.399421], [-0.021478, 51.399345], [-0.021465, 51.399295], [-0.021477, 51.39922], [-0.021569, 51.399142], [-0.021712, 51.398951], [-0.021705, 51.398925], [-0.021666, 51.398897], [-0.021732, 51.398866], [-0.021782, 51.398803], [-0.021928, 51.39876], [-0.022059, 51.398731], [-0.022098, 51.398762], [-0.022058, 51.398786], [-0.021962, 51.398813], [-0.021921, 51.398833], [-0.02185, 51.398884], [-0.021816, 51.398949], [-0.02173, 51.398967], [-0.021679, 51.399037], [-0.021688, 51.399108], [-0.021641, 51.399263], [-0.021693, 51.399405], [-0.02174, 51.399452], [-0.021745, 51.399501], [-0.021813, 51.39958], [-0.021822, 51.399604], [-0.021811, 51.399649], [-0.021768, 51.399702], [-0.021761, 51.399741], [-0.021756, 51.399768], [-0.021768, 51.399783], [-0.021816, 51.399806], [-0.021907, 51.399831], [-0.021958, 51.399869], [-0.021987, 51.399919], [-0.022088, 51.400043], [-0.02215, 51.400201], [-0.022196, 51.400367], [-0.022219, 51.400641], [-0.022212, 51.40076], [-0.022144, 51.400964], [-0.022173, 51.401091], [-0.022155, 51.401171], [-0.022156, 51.401226], [-0.022332, 51.401716], [-0.022448, 51.401947], [-0.022557, 51.4021], [-0.022628, 51.402221], [-0.022731, 51.402443], [-0.022743, 51.402491], [-0.022769, 51.40251], [-0.022864, 51.402545], [-0.022945, 51.402594], [-0.022979, 51.402644], [-0.022862, 51.402681], [-0.022867, 51.402798], [-0.022891, 51.402838], [-0.022858, 51.402947], [-0.022874, 51.403019], [-0.022903, 51.403055], [-0.022928, 51.40305], [-0.022937, 51.403022], [-0.022959, 51.403024], [-0.023401, 51.403348], [-0.023425, 51.403353], [-0.023464, 51.403388], [-0.023479, 51.403392], [-0.023493, 51.403416], [-0.023529, 51.403429], [-0.023604, 51.403497], [-0.02373, 51.403573], [-0.023756, 51.403599], [-0.023756, 51.403638], [-0.02371, 51.40368], [-0.023714, 51.403692], [-0.023827, 51.403785], [-0.023884, 51.403818], [-0.02395, 51.403888], [-0.024057, 51.403968], [-0.024099, 51.404044], [-0.024154, 51.404192], [-0.024136, 51.404258], [-0.024212, 51.404437], [-0.024186, 51.404443], [-0.024118, 51.404326], [-0.024078, 51.404308], [-0.024102, 51.404297], [-0.024061, 51.404243], [-0.024035, 51.404223], [-0.024025, 51.404229], [-0.023993, 51.404223], [-0.023989, 51.4042], [-0.023959, 51.404176], [-0.023963, 51.404136], [-0.02392, 51.404013], [-0.023868, 51.403959], [-0.023773, 51.403897], [-0.023649, 51.403882], [-0.023578, 51.403849], [-0.023502, 51.403828], [-0.023341, 51.403735], [-0.02306, 51.40355], [-0.022808, 51.403363], [-0.022697, 51.403272], [-0.022541, 51.403111], [-0.022518, 51.403043], [-0.022547, 51.402902], [-0.022528, 51.402866], [-0.022579, 51.402841], [-0.022627, 51.402835], [-0.022777, 51.402834], [-0.022787, 51.402822], [-0.022809, 51.402779], [-0.02279, 51.402722], [-0.022806, 51.402697], [-0.022763, 51.402666], [-0.022675, 51.402662], [-0.022472, 51.402626], [-0.022348, 51.402628], [-0.022228, 51.402659], [-0.022044, 51.40272], [-0.021737, 51.402659], [-0.021662, 51.40261], [-0.021551, 51.402473], [-0.021535, 51.402414], [-0.021492, 51.402325], [-0.021487, 51.402227], [-0.021442, 51.402118], [-0.02144, 51.402066], [-0.021411, 51.402037], [-0.021393, 51.401981], [-0.021388, 51.401884], [-0.021401, 51.401816], [-0.021422, 51.401785], [-0.02142, 51.401609], [-0.021431, 51.401583], [-0.021411, 51.401555], [-0.021404, 51.401491], [-0.021385, 51.401469], [-0.021388, 51.401445], [-0.021368, 51.401401], [-0.021363, 51.401268], [-0.021349, 51.401226], [-0.021349, 51.401176], [-0.021365, 51.401142], [-0.021427, 51.401125], [-0.02144, 51.401111], [-0.021436, 51.401096], [-0.021392, 51.401064], [-0.021419, 51.40099], [-0.021445, 51.400955], [-0.021465, 51.400887], [-0.021526, 51.400806], [-0.021561, 51.400693], [-0.021573, 51.400531], [-0.021565, 51.400417], [-0.021533, 51.400285], [-0.021508, 51.399983], [-0.021526, 51.399861], [-0.021567, 51.39982], [-0.021643, 51.39978], [-0.02164, 51.39976]]]}, "properties": {"OBJECTID": 128, "Type": null, "First_map": null, "Last_map": null, "First_Year": null, "Last_Year": null, "London1stSeries": 1, "London1srRevision": 1}}, {"type": "Feature", "id": 147, "geometry": {"type": "Polygon", "coordinates": [[[-0.023795, 51.384848], [-0.023784, 51.384813], [-0.023807, 51.384695], [-0.023823, 51.384685], [-0.023965, 51.384648], [-0.024039, 51.384595], [-0.024078, 51.384495], [-0.02406, 51.384459], [-0.024023, 51.384421], [-0.024042, 51.384352], [-0.024078, 51.38434], [-0.024265, 51.384347], [-0.024318, 51.384337], [-0.024374, 51.38434], [-0.024353, 51.38427], [-0.024348, 51.384207], [-0.024299, 51.384132], [-0.024266, 51.384115], [-0.024288, 51.383938], [-0.024309, 51.383939], [-0.02429, 51.384095], [-0.02436, 51.384184], [-0.024377, 51.384282], [-0.024416, 51.384342], [-0.024415, 51.384371], [-0.024391, 51.38438], [-0.024356, 51.384365], [-0.02427, 51.384371], [-0.024163, 51.384367], [-0.024102, 51.384371], [-0.024077, 51.384383], [-0.024106, 51.384489], [-0.024062, 51.384603], [-0.023978, 51.384662], [-0.023827, 51.384707], [-0.02381, 51.38482], [-0.023839, 51.384878], [-0.023809, 51.38496], [-0.023819, 51.385011], [-0.023798, 51.385043], [-0.023783, 51.3851], [-0.02383, 51.385207], [-0.023808, 51.385262], [-0.023775, 51.385307], [-0.023636, 51.385362], [-0.023486, 51.385512], [-0.023455, 51.385565], [-0.02344, 51.385659], [-0.023375, 51.38577], [-0.023353, 51.385764], [-0.023407, 51.385677], [-0.023425, 51.385602], [-0.023431, 51.385562], [-0.023453, 51.38552], [-0.023506, 51.385459], [-0.02358, 51.385395], [-0.023592, 51.385366], [-0.023705, 51.385311], [-0.02376, 51.385295], [-0.023797, 51.385245], [-0.023807, 51.385201], [-0.023764, 51.385105], [-0.023797, 51.385008], [-0.023793, 51.384958], [-0.023816, 51.384886], [-0.023795, 51.384848]]]}, "properties": {"OBJECTID": 129, "Type": null, "First_map": null, "Last_map": null, "First_Year": null, "Last_Year": null, "London1stSeries": 1, "London1srRevision": 1}}, {"type": "Feature", "id": 148, "geometry": {"type": "Polygon", "coordinates": [[[-0.022976, 51.386764], [-0.022979, 51.386836], [-0.022947, 51.386807], [-0.02296, 51.386752], [-0.022962, 51.386691], [-0.02289, 51.386553], [-0.022872, 51.386264], [-0.022878, 51.386228], [-0.022931, 51.38612], [-0.023166, 51.385922], [-0.02319, 51.38594], [-0.023046, 51.386042], [-0.022939, 51.386134], [-0.022892, 51.386255], [-0.022902, 51.386301], [-0.022905, 51.386558], [-0.022975, 51.386664], [-0.022976, 51.386764]]]}, "properties": {"OBJECTID": 130, "Type": null, "First_map": null, "Last_map": null, "First_Year": null, "Last_Year": null, "London1stSeries": 1, "London1srRevision": 1}}, {"type": "Feature", "id": 149, "geometry": {"type": "Polygon", "coordinates": [[[-0.022373, 51.397617], [-0.022431, 51.397792], [-0.022423, 51.397934], [-0.022442, 51.398018], [-0.022431, 51.398052], [-0.022396, 51.398082], [-0.022383, 51.398118], [-0.022339, 51.398124], [-0.022407, 51.398031], [-0.022401, 51.397921], [-0.022416, 51.397838], [-0.022407, 51.397769], [-0.022349, 51.397625], [-0.022358, 51.397568], [-0.022313, 51.39744], [-0.022188, 51.397327], [-0.02219, 51.3973], [-0.02217, 51.397252], [-0.022176, 51.397214], [-0.022244, 51.397074], [-0.022243, 51.397003], [-0.022225, 51.396984], [-0.022174, 51.396977], [-0.022085, 51.396943], [-0.022046, 51.396892], [-0.02202, 51.396878], [-0.021953, 51.396809], [-0.021925, 51.396719], [-0.021972, 51.396723], [-0.022002, 51.3968], [-0.022072, 51.396867], [-0.022107, 51.396883], [-0.022135, 51.396927], [-0.022152, 51.396927], [-0.022193, 51.396909], [-0.022261, 51.396972], [-0.022281, 51.397024], [-0.022278, 51.397056], [-0.022212, 51.397254], [-0.022248, 51.397339], [-0.022304, 51.397391], [-0.02238, 51.397495], [-0.022373, 51.397617]]]}, "properties": {"OBJECTID": 131, "Type": null, "First_map": null, "Last_map": null, "First_Year": null, "Last_Year": null, "London1stSeries": 1, "London1srRevision": 1}}, {"type": "Feature", "id": 150, "geometry": {"type": "Polygon", "coordinates": [[[-0.02231, 51.389107], [-0.022377, 51.389052], [-0.022492, 51.388989], [-0.022549, 51.388944], [-0.0226, 51.388916], [-0.022616, 51.38889], [-0.022649, 51.388864], [-0.022625, 51.388804], [-0.022682, 51.388766], [-0.022728, 51.388716], [-0.022727, 51.388632], [-0.022761, 51.388557], [-0.022726, 51.38849], [-0.02271, 51.388396], [-0.022757, 51.388396], [-0.022758, 51.388453], [-0.022783, 51.388545], [-0.022748, 51.388631], [-0.022748, 51.388724], [-0.022685, 51.38878], [-0.022644, 51.388803], [-0.02267, 51.388862], [-0.022614, 51.388927], [-0.022393, 51.389058], [-0.022287, 51.389156], [-0.022237, 51.389291], [-0.022245, 51.389378], [-0.022231, 51.3894], [-0.022203, 51.389397], [-0.022221, 51.38937], [-0.022216, 51.389287], [-0.022238, 51.389209], [-0.02227, 51.38915], [-0.02231, 51.389107]]]}, "properties": {"OBJECTID": 132, "Type": null, "First_map": null, "Last_map": null, "First_Year": null, "Last_Year": null, "London1stSeries": 1, "London1srRevision": 1}}, {"type": "Feature", "id": 151, "geometry": {"type": "Polygon", "coordinates": [[[-0.022356, 51.398292], [-0.022356, 51.398368], [-0.0222, 51.398546], [-0.022192, 51.39858], [-0.022202, 51.398642], [-0.022184, 51.398701], [-0.022166, 51.398725], [-0.022127, 51.398743], [-0.02209, 51.398715], [-0.022129, 51.398694], [-0.022156, 51.398667], [-0.022168, 51.398616], [-0.022153, 51.398578], [-0.022174, 51.398532], [-0.022309, 51.398386], [-0.02232, 51.398348], [-0.022313, 51.398298], [-0.022356, 51.398292]]]}, "properties": {"OBJECTID": 133, "Type": null, "First_map": null, "Last_map": null, "First_Year": null, "Last_Year": null, "London1stSeries": 1, "London1srRevision": 1}}, {"type": "Feature", "id": 152, "geometry": {"type": "Polygon", "coordinates": [[[-0.022754, 51.387138], [-0.02276, 51.387125], [-0.022781, 51.387083], [-0.022813, 51.387109], [-0.022777, 51.38714], [-0.022775, 51.387179], [-0.022683, 51.38725], [-0.022664, 51.387286], [-0.022596, 51.387324], [-0.022616, 51.387344], [-0.022615, 51.387358], [-0.022548, 51.387447], [-0.022561, 51.387485], [-0.022574, 51.387637], [-0.022617, 51.387705], [-0.022622, 51.387733], [-0.022609, 51.387821], [-0.022536, 51.38785], [-0.022521, 51.387866], [-0.022512, 51.387999], [-0.022556, 51.38807], [-0.022616, 51.388114], [-0.022663, 51.388174], [-0.022721, 51.38831], [-0.022673, 51.38831], [-0.02262, 51.388159], [-0.022589, 51.38812], [-0.02256, 51.388104], [-0.022499, 51.388024], [-0.022486, 51.387927], [-0.022502, 51.38785], [-0.022585, 51.387811], [-0.022599, 51.38775], [-0.022593, 51.387705], [-0.022556, 51.387649], [-0.022542, 51.387497], [-0.022524, 51.387442], [-0.022585, 51.387356], [-0.022576, 51.387318], [-0.022637, 51.387284], [-0.022655, 51.387247], [-0.022753, 51.387183], [-0.022754, 51.387138]]]}, "properties": {"OBJECTID": 134, "Type": null, "First_map": null, "Last_map": null, "First_Year": null, "Last_Year": null, "London1stSeries": 1, "London1srRevision": 1}}, {"type": "Feature", "id": 153, "geometry": {"type": "Polygon", "coordinates": [[[-0.022046, 51.395555], [-0.022041, 51.395502], [-0.022071, 51.395402], [-0.022139, 51.39533], [-0.022184, 51.395297], [-0.022181, 51.39528], [-0.022128, 51.395217], [-0.02212, 51.395191], [-0.022142, 51.395098], [-0.022114, 51.395033], [-0.02215, 51.395024], [-0.02216, 51.395042], [-0.022164, 51.395118], [-0.022156, 51.395173], [-0.022182, 51.395234], [-0.022235, 51.395292], [-0.022159, 51.395339], [-0.022099, 51.395399], [-0.022086, 51.395431], [-0.022092, 51.395518], [-0.022046, 51.395555]]]}, "properties": {"OBJECTID": 135, "Type": null, "First_map": null, "Last_map": null, "First_Year": null, "Last_Year": null, "London1stSeries": 1, "London1srRevision": 1}}, {"type": "Feature", "id": 154, "geometry": {"type": "Polygon", "coordinates": [[[-0.022088, 51.395717], [-0.022068, 51.395691], [-0.022107, 51.395658], [-0.022119, 51.39569], [-0.022136, 51.395733], [-0.022186, 51.395779], [-0.02221, 51.395841], [-0.022183, 51.395878], [-0.022161, 51.395969], [-0.022128, 51.396049], [-0.022073, 51.396142], [-0.022021, 51.3963], [-0.021966, 51.396377], [-0.021937, 51.396448], [-0.021921, 51.396532], [-0.021946, 51.39659], [-0.021968, 51.396689], [-0.021923, 51.396685], [-0.021889, 51.396589], [-0.021896, 51.396554], [-0.021882, 51.396514], [-0.021895, 51.396444], [-0.021972, 51.396346], [-0.021995, 51.396233], [-0.022026, 51.396195], [-0.02203, 51.396159], [-0.022133, 51.395966], [-0.022168, 51.395861], [-0.022171, 51.395835], [-0.022159, 51.395814], [-0.022088, 51.395717]]]}, "properties": {"OBJECTID": 136, "Type": null, "First_map": null, "Last_map": null, "First_Year": null, "Last_Year": null, "London1stSeries": 1, "London1srRevision": 1}}, {"type": "Feature", "id": 155, "geometry": {"type": "Polygon", "coordinates": [[[-0.021846, 51.391978], [-0.021816, 51.391978], [-0.021809, 51.391927], [-0.021782, 51.391891], [-0.021732, 51.391851], [-0.021694, 51.391795], [-0.021633, 51.391567], [-0.021522, 51.391323], [-0.021474, 51.391247], [-0.021392, 51.391165], [-0.021296, 51.391102], [-0.021165, 51.391032], [-0.020989, 51.390955], [-0.020706, 51.390871], [-0.020515, 51.390836], [-0.020417, 51.390828], [-0.020418, 51.390813], [-0.020659, 51.390845], [-0.020912, 51.390912], [-0.021133, 51.390997], [-0.021363, 51.391121], [-0.021473, 51.391214], [-0.021544, 51.391315], [-0.021656, 51.391562], [-0.021719, 51.391781], [-0.021746, 51.391822], [-0.021767, 51.391836], [-0.021887, 51.391711], [-0.021936, 51.39164], [-0.021956, 51.391571], [-0.021993, 51.391545], [-0.022007, 51.391502], [-0.021979, 51.391444], [-0.021984, 51.391427], [-0.022019, 51.391394], [-0.022016, 51.391372], [-0.02199, 51.391339], [-0.021999, 51.391272], [-0.022023, 51.39123], [-0.022016, 51.391158], [-0.02211, 51.391044], [-0.02216, 51.391], [-0.022181, 51.390908], [-0.022227, 51.390829], [-0.022248, 51.390764], [-0.022197, 51.3907], [-0.022186, 51.390654], [-0.022197, 51.390598], [-0.022189, 51.390574], [-0.022126, 51.3905], [-0.022123, 51.390458], [-0.022106, 51.390429], [-0.022036, 51.390398], [-0.022011, 51.390377], [-0.021935, 51.390186], [-0.021933, 51.390153], [-0.021952, 51.38998], [-0.022079, 51.389804], [-0.022163, 51.389518], [-0.022161, 51.389446], [-0.022207, 51.389448], [-0.022096, 51.389827], [-0.021971, 51.389986], [-0.02196, 51.39016], [-0.022028, 51.390366], [-0.022043, 51.390382], [-0.022118, 51.390414], [-0.022156, 51.390515], [-0.022218, 51.390594], [-0.022212, 51.390682], [-0.022258, 51.39074], [-0.022267, 51.390771], [-0.022255, 51.390786], [-0.022259, 51.390819], [-0.022249, 51.39085], [-0.022194, 51.39092], [-0.022178, 51.391016], [-0.02212, 51.391064], [-0.022095, 51.391107], [-0.022061, 51.391132], [-0.022036, 51.391172], [-0.022042, 51.391242], [-0.022014, 51.391314], [-0.022015, 51.391338], [-0.022042, 51.39139], [-0.022003, 51.391448], [-0.022043, 51.39148], [-0.022047, 51.391493], [-0.022017, 51.391551], [-0.021976, 51.391592], [-0.021971, 51.391625], [-0.021917, 51.391725], [-0.021809, 51.391837], [-0.021807, 51.391875], [-0.021838, 51.391932], [-0.021846, 51.391978]]]}, "properties": {"OBJECTID": 137, "Type": null, "First_map": null, "Last_map": null, "First_Year": null, "Last_Year": null, "London1stSeries": 1, "London1srRevision": 1}}, {"type": "Feature", "id": 156, "geometry": {"type": "Polygon", "coordinates": [[[-0.021818, 51.392524], [-0.021759, 51.39252], [-0.021743, 51.392512], [-0.02175, 51.392488], [-0.021796, 51.392464], [-0.0218, 51.392455], [-0.021754, 51.392432], [-0.021743, 51.392411], [-0.021764, 51.392188], [-0.021807, 51.392007], [-0.021839, 51.392007], [-0.021812, 51.392092], [-0.021804, 51.392215], [-0.02177, 51.392398], [-0.021776, 51.392416], [-0.021809, 51.392435], [-0.021819, 51.392451], [-0.021813, 51.392465], [-0.02178, 51.392484], [-0.021777, 51.3925], [-0.021818, 51.392524]]]}, "properties": {"OBJECTID": 138, "Type": null, "First_map": null, "Last_map": null, "First_Year": null, "Last_Year": null, "London1stSeries": 1, "London1srRevision": 1}}, {"type": "Feature", "id": 157, "geometry": {"type": "Polygon", "coordinates": [[[-0.020906, 51.391481], [-0.020861, 51.391519], [-0.020765, 51.39157], [-0.020742, 51.391564], [-0.020427, 51.391731], [-0.020413, 51.391752], [-0.020303, 51.391811], [-0.020189, 51.391803], [-0.019808, 51.391524], [-0.019831, 51.391514], [-0.019794, 51.391488], [-0.019748, 51.39147], [-0.019686, 51.39146], [-0.019472, 51.391472], [-0.019445, 51.391464], [-0.019415, 51.391448], [-0.019392, 51.391422], [-0.019393, 51.39135], [-0.019434, 51.391303], [-0.019759, 51.391222], [-0.019859, 51.391189], [-0.02013, 51.391154], [-0.020337, 51.391164], [-0.020558, 51.391202], [-0.020761, 51.391304], [-0.020809, 51.391335], [-0.020858, 51.391384], [-0.020906, 51.391481]]]}, "properties": {"OBJECTID": 139, "Type": null, "First_map": null, "Last_map": null, "First_Year": null, "Last_Year": null, "London1stSeries": 1, "London1srRevision": 1}}, {"type": "Feature", "id": 158, "geometry": {"type": "Polygon", "coordinates": [[[-0.020135, 51.390815], [-0.019862, 51.390814], [-0.019632, 51.390842], [-0.019425, 51.390895], [-0.019134, 51.391001], [-0.019007, 51.391025], [-0.018765, 51.391036], [-0.018512, 51.391019], [-0.018136, 51.390955], [-0.017916, 51.390885], [-0.017851, 51.390848], [-0.017799, 51.390804], [-0.017718, 51.390663], [-0.017651, 51.390594], [-0.017555, 51.390548], [-0.017449, 51.390522], [-0.017338, 51.390512], [-0.017342, 51.390499], [-0.017502, 51.39052], [-0.017598, 51.390549], [-0.01765, 51.390575], [-0.017729, 51.390649], [-0.017817, 51.390798], [-0.017854, 51.390831], [-0.017925, 51.390874], [-0.018027, 51.390911], [-0.018138, 51.390942], [-0.018519, 51.391007], [-0.018766, 51.391024], [-0.019012, 51.391012], [-0.019168, 51.390977], [-0.019508, 51.390853], [-0.019656, 51.390822], [-0.019857, 51.390798], [-0.020138, 51.390799], [-0.020135, 51.390815]]]}, "properties": {"OBJECTID": 140, "Type": null, "First_map": null, "Last_map": null, "First_Year": null, "Last_Year": null, "London1stSeries": 1, "London1srRevision": 1}}, {"type": "Feature", "id": 159, "geometry": {"type": "Polygon", "coordinates": [[[-0.014352, 51.391126], [-0.014331, 51.391073], [-0.014284, 51.391037], [-0.014259, 51.391017], [-0.014254, 51.390998], [-0.01427, 51.39099], [-0.014292, 51.390993], [-0.014812, 51.390715], [-0.014827, 51.390723], [-0.014305, 51.391006], [-0.014304, 51.39102], [-0.014308, 51.391023], [-0.014342, 51.39105], [-0.014377, 51.391114], [-0.014386, 51.391125], [-0.01441, 51.391148], [-0.014436, 51.391158], [-0.014524, 51.391161], [-0.014643, 51.391121], [-0.014719, 51.391063], [-0.014888, 51.39086], [-0.015004, 51.390777], [-0.015074, 51.390739], [-0.015186, 51.390703], [-0.015616, 51.390603], [-0.015816, 51.390542], [-0.016138, 51.390419], [-0.016195, 51.390389], [-0.016328, 51.390381], [-0.016691, 51.390415], [-0.016686, 51.390435], [-0.0163, 51.390399], [-0.016223, 51.390404], [-0.015892, 51.390535], [-0.015628, 51.390618], [-0.015162, 51.390727], [-0.015059, 51.390767], [-0.014941, 51.390843], [-0.014875, 51.390904], [-0.014742, 51.391071], [-0.01466, 51.391133], [-0.01449, 51.391192], [-0.014471, 51.391178], [-0.014401, 51.391162], [-0.014359, 51.391137], [-0.014352, 51.391126]]]}, "properties": {"OBJECTID": 141, "Type": null, "First_map": null, "Last_map": null, "First_Year": null, "Last_Year": null, "London1stSeries": 1, "London1srRevision": 1}}, {"type": "Feature", "id": 160, "geometry": {"type": "Polygon", "coordinates": [[[-0.014846, 51.390712], [-0.014835, 51.3907], [-0.015175, 51.390493], [-0.015227, 51.390441], [-0.015438, 51.390311], [-0.015576, 51.390236], [-0.015703, 51.390182], [-0.015711, 51.390195], [-0.015456, 51.390318], [-0.015227, 51.390465], [-0.015197, 51.390498], [-0.014846, 51.390712]]]}, "properties": {"OBJECTID": 142, "Type": null, "First_map": null, "Last_map": null, "First_Year": null, "Last_Year": null, "London1stSeries": 1, "London1srRevision": 1}}, {"type": "Feature", "id": 161, "geometry": {"type": "Polygon", "coordinates": [[[-0.013518, 51.388457], [-0.013573, 51.388453], [-0.013567, 51.388469], [-0.013581, 51.388485], [-0.013583, 51.388533], [-0.01363, 51.388642], [-0.013694, 51.388908], [-0.013789, 51.389226], [-0.013799, 51.389306], [-0.01391, 51.389532], [-0.013912, 51.389641], [-0.013939, 51.38968], [-0.013968, 51.389809], [-0.014014, 51.389926], [-0.014029, 51.390022], [-0.014115, 51.390366], [-0.01414, 51.39044], [-0.014168, 51.390481], [-0.014187, 51.390599], [-0.014243, 51.390749], [-0.014289, 51.390836], [-0.014289, 51.390881], [-0.014219, 51.390921], [-0.014215, 51.390929], [-0.014229, 51.390941], [-0.014218, 51.390949], [-0.014198, 51.390933], [-0.0142, 51.390918], [-0.01421, 51.390904], [-0.014254, 51.390891], [-0.014278, 51.390875], [-0.01427, 51.390823], [-0.014172, 51.390603], [-0.014155, 51.390494], [-0.014096, 51.390367], [-0.014076, 51.390243], [-0.014012, 51.390037], [-0.01399, 51.38992], [-0.013952, 51.389818], [-0.013925, 51.389699], [-0.013892, 51.389641], [-0.013891, 51.389538], [-0.013786, 51.389303], [-0.013771, 51.389217], [-0.013697, 51.388975], [-0.013623, 51.388671], [-0.013551, 51.388474], [-0.013518, 51.388457]]]}, "properties": {"OBJECTID": 143, "Type": null, "First_map": null, "Last_map": null, "First_Year": null, "Last_Year": null, "London1stSeries": 1, "London1srRevision": 1}}, {"type": "Feature", "id": 162, "geometry": {"type": "Polygon", "coordinates": [[[-0.016928, 51.469127], [-0.016993, 51.469094], [-0.017166, 51.469194], [-0.01743, 51.469283], [-0.017549, 51.469304], [-0.017672, 51.469299], [-0.017775, 51.469284], [-0.017934, 51.469242], [-0.018035, 51.469187], [-0.018148, 51.469166], [-0.018238, 51.469164], [-0.018377, 51.469203], [-0.018678, 51.469363], [-0.018865, 51.469427], [-0.018978, 51.469441], [-0.019246, 51.469451], [-0.019337, 51.469478], [-0.019437, 51.469527], [-0.019464, 51.469551], [-0.019584, 51.469752], [-0.019648, 51.470013], [-0.019708, 51.470165], [-0.020013, 51.470462], [-0.020121, 51.470539], [-0.020263, 51.470621], [-0.020459, 51.470714], [-0.020618, 51.470806], [-0.020822, 51.470973], [-0.02084, 51.470967], [-0.020848, 51.470979], [-0.02083, 51.470983], [-0.020916, 51.471052], [-0.02094, 51.471101], [-0.021194, 51.471276], [-0.02168, 51.471646], [-0.021779, 51.471755], [-0.021921, 51.472027], [-0.02179, 51.472052], [-0.021666, 51.471812], [-0.021609, 51.471739], [-0.021224, 51.471439], [-0.020865, 51.471179], [-0.020052, 51.470678], [-0.019685, 51.470322], [-0.019585, 51.470261], [-0.019607, 51.470256], [-0.019527, 51.470149], [-0.019494, 51.470061], [-0.019394, 51.469667], [-0.019358, 51.469608], [-0.019319, 51.469575], [-0.019252, 51.469548], [-0.019172, 51.46953], [-0.018842, 51.469535], [-0.018751, 51.46953], [-0.0186, 51.469468], [-0.018409, 51.469336], [-0.018296, 51.469288], [-0.018235, 51.469277], [-0.018138, 51.469279], [-0.018033, 51.469303], [-0.017945, 51.469335], [-0.017811, 51.469402], [-0.017662, 51.469403], [-0.017514, 51.469387], [-0.017333, 51.469341], [-0.016928, 51.469127]]]}, "properties": {"OBJECTID": 144, "Type": null, "First_map": null, "Last_map": null, "First_Year": null, "Last_Year": null, "London1stSeries": 1, "London1srRevision": 1}}, {"type": "Feature", "id": 163, "geometry": {"type": "Polygon", "coordinates": [[[-0.020399, 51.47012], [-0.020621, 51.470293], [-0.020727, 51.470402], [-0.020723, 51.47042], [-0.020687, 51.470453], [-0.02054, 51.470517], [-0.020484, 51.47052], [-0.020451, 51.470509], [-0.020336, 51.470428], [-0.020227, 51.470371], [-0.020247, 51.470295], [-0.020237, 51.470291], [-0.020277, 51.470193], [-0.020262, 51.47016], [-0.020212, 51.470167], [-0.020196, 51.470185], [-0.020107, 51.470152], [-0.02006, 51.470101], [-0.020125, 51.47008], [-0.020235, 51.470068], [-0.020316, 51.470073], [-0.020367, 51.470094], [-0.020399, 51.47012]]]}, "properties": {"OBJECTID": 145, "Type": null, "First_map": null, "Last_map": null, "First_Year": null, "Last_Year": null, "London1stSeries": 1, "London1srRevision": 1}}, {"type": "Feature", "id": 164, "geometry": {"type": "Polygon", "coordinates": [[[-0.016847, 51.469022], [-0.016801, 51.468968], [-0.016759, 51.468888], [-0.016698, 51.468806], [-0.016445, 51.468588], [-0.016325, 51.468456], [-0.016379, 51.468436], [-0.016516, 51.468583], [-0.016748, 51.468777], [-0.01678, 51.468814], [-0.016892, 51.469], [-0.016847, 51.469022]]]}, "properties": {"OBJECTID": 146, "Type": null, "First_map": null, "Last_map": null, "First_Year": null, "Last_Year": null, "London1stSeries": 1, "London1srRevision": 1}}, {"type": "Feature", "id": 165, "geometry": {"type": "Polygon", "coordinates": [[[-0.014262, 51.466558], [-0.01435, 51.466597], [-0.014461, 51.466666], [-0.01543, 51.467309], [-0.015658, 51.467472], [-0.015709, 51.467527], [-0.01606, 51.468056], [-0.016204, 51.468219], [-0.016349, 51.468402], [-0.016294, 51.468422], [-0.016191, 51.468304], [-0.016139, 51.468325], [-0.015948, 51.46809], [-0.015891, 51.468004], [-0.015854, 51.46798], [-0.015592, 51.46759], [-0.015493, 51.467485], [-0.01446, 51.4668], [-0.014335, 51.466679], [-0.014262, 51.466558]]]}, "properties": {"OBJECTID": 147, "Type": null, "First_map": null, "Last_map": null, "First_Year": null, "Last_Year": null, "London1stSeries": 1, "London1srRevision": 1}}, {"type": "Feature", "id": 166, "geometry": {"type": "Polygon", "coordinates": [[[-0.014212, 51.458987], [-0.01457, 51.458935], [-0.014691, 51.458889], [-0.015192, 51.458619], [-0.01523, 51.45859], [-0.015514, 51.458512], [-0.015677, 51.458489], [-0.016023, 51.458388], [-0.016071, 51.458354], [-0.016093, 51.458281], [-0.016119, 51.458252], [-0.01621, 51.458206], [-0.016319, 51.458181], [-0.016333, 51.458229], [-0.016252, 51.458245], [-0.016199, 51.458276], [-0.016165, 51.458322], [-0.01615, 51.458387], [-0.016119, 51.458414], [-0.015249, 51.45869], [-0.015143, 51.458738], [-0.014719, 51.458967], [-0.014551, 51.459013], [-0.014331, 51.459043], [-0.014322, 51.459029], [-0.014283, 51.459038], [-0.014212, 51.458987]]]}, "properties": {"OBJECTID": 148, "Type": null, "First_map": null, "Last_map": null, "First_Year": null, "Last_Year": null, "London1stSeries": 1, "London1srRevision": 1}}, {"type": "Feature", "id": 167, "geometry": {"type": "Polygon", "coordinates": [[[-0.014731, 51.461195], [-0.014886, 51.461298], [-0.014908, 51.461298], [-0.015204, 51.461495], [-0.0153, 51.461575], [-0.015373, 51.461667], [-0.015417, 51.461745], [-0.015432, 51.461831], [-0.015448, 51.461844], [-0.015441, 51.461904], [-0.015427, 51.461914], [-0.015394, 51.462011], [-0.01534, 51.462084], [-0.01521, 51.462076], [-0.01528, 51.461996], [-0.015313, 51.46191], [-0.015319, 51.461826], [-0.015307, 51.461772], [-0.015244, 51.461655], [-0.015156, 51.461569], [-0.014679, 51.461246], [-0.014731, 51.461195]]]}, "properties": {"OBJECTID": 149, "Type": null, "First_map": null, "Last_map": null, "First_Year": null, "Last_Year": null, "London1stSeries": 1, "London1srRevision": 1}}, {"type": "Feature", "id": 168, "geometry": {"type": "Polygon", "coordinates": [[[-0.015256, 51.462155], [-0.015101, 51.462256], [-0.014499, 51.462613], [-0.013947, 51.463028], [-0.013855, 51.462981], [-0.014231, 51.462691], [-0.015104, 51.462152], [-0.015256, 51.462155]]]}, "properties": {"OBJECTID": 150, "Type": null, "First_map": null, "Last_map": null, "First_Year": null, "Last_Year": null, "London1stSeries": 1, "London1srRevision": 1}}, {"type": "Feature", "id": 169, "geometry": {"type": "Polygon", "coordinates": [[[-0.014371, 51.461048], [-0.014287, 51.46096], [-0.014242, 51.460846], [-0.014216, 51.460825], [-0.013651, 51.459524], [-0.013645, 51.459404], [-0.013677, 51.459298], [-0.013762, 51.459191], [-0.01388, 51.459098], [-0.013933, 51.459153], [-0.013904, 51.459175], [-0.013918, 51.459182], [-0.013821, 51.459272], [-0.013791, 51.459316], [-0.013765, 51.459391], [-0.013762, 51.459478], [-0.013801, 51.459607], [-0.014324, 51.460802], [-0.014321, 51.460842], [-0.014352, 51.46091], [-0.014399, 51.460961], [-0.014371, 51.461048]]]}, "properties": {"OBJECTID": 151, "Type": null, "First_map": null, "Last_map": null, "First_Year": null, "Last_Year": null, "London1stSeries": 1, "London1srRevision": 1}}, {"type": "Feature", "id": 170, "geometry": {"type": "Polygon", "coordinates": [[[-0.01394, 51.466447], [-0.01401, 51.466469], [-0.014104, 51.46661], [-0.013866, 51.466524], [-0.01394, 51.466447]]]}, "properties": {"OBJECTID": 152, "Type": null, "First_map": null, "Last_map": null, "First_Year": null, "Last_Year": null, "London1stSeries": 1, "London1srRevision": 1}}, {"type": "Feature", "id": 171, "geometry": {"type": "Polygon", "coordinates": [[[-0.012627, 51.465589], [-0.012767, 51.465615], [-0.012741, 51.465663], [-0.012664, 51.465752], [-0.01265, 51.465789], [-0.012651, 51.46585], [-0.01268, 51.465906], [-0.01287, 51.46603], [-0.013002, 51.466102], [-0.013801, 51.466386], [-0.013728, 51.466465], [-0.013079, 51.466234], [-0.012918, 51.46617], [-0.012573, 51.465953], [-0.012514, 51.465908], [-0.012491, 51.465827], [-0.012503, 51.465761], [-0.01255, 51.465682], [-0.012627, 51.465589]]]}, "properties": {"OBJECTID": 153, "Type": null, "First_map": null, "Last_map": null, "First_Year": null, "Last_Year": null, "London1stSeries": 1, "London1srRevision": 1}}, {"type": "Feature", "id": 172, "geometry": {"type": "Polygon", "coordinates": [[[-0.013057, 51.46391], [-0.013047, 51.463817], [-0.013158, 51.463743], [-0.013194, 51.463707], [-0.01322, 51.463654], [-0.013275, 51.463464], [-0.013313, 51.463402], [-0.013344, 51.463371], [-0.01382, 51.463008], [-0.013913, 51.463056], [-0.013441, 51.463425], [-0.013385, 51.463499], [-0.01333, 51.46354], [-0.013366, 51.463555], [-0.013325, 51.463692], [-0.013292, 51.463741], [-0.013217, 51.463808], [-0.013057, 51.46391]]]}, "properties": {"OBJECTID": 154, "Type": null, "First_map": null, "Last_map": null, "First_Year": null, "Last_Year": null, "London1stSeries": 1, "London1srRevision": 1}}, {"type": "Feature", "id": 173, "geometry": {"type": "Polygon", "coordinates": [[[-0.012405, 51.464245], [-0.012499, 51.46417], [-0.012932, 51.46389], [-0.012946, 51.463983], [-0.012623, 51.464191], [-0.012651, 51.464209], [-0.0126, 51.464248], [-0.012524, 51.464258], [-0.012501, 51.464282], [-0.012405, 51.464245]]]}, "properties": {"OBJECTID": 155, "Type": null, "First_map": null, "Last_map": null, "First_Year": null, "Last_Year": null, "London1stSeries": 1, "London1srRevision": 1}}, {"type": "Feature", "id": 174, "geometry": {"type": "Polygon", "coordinates": [[[-0.012813, 51.465453], [-0.012672, 51.46543], [-0.012644, 51.465362], [-0.012614, 51.46532], [-0.012562, 51.465273], [-0.012488, 51.465226], [-0.012183, 51.465187], [-0.012103, 51.465166], [-0.011908, 51.465095], [-0.011958, 51.465044], [-0.012098, 51.465106], [-0.012327, 51.465162], [-0.012496, 51.465186], [-0.012478, 51.465152], [-0.012587, 51.46515], [-0.012757, 51.465332], [-0.012813, 51.465453]]]}, "properties": {"OBJECTID": 156, "Type": null, "First_map": null, "Last_map": null, "First_Year": null, "Last_Year": null, "London1stSeries": 1, "London1srRevision": 1}}, {"type": "Feature", "id": 175, "geometry": {"type": "Polygon", "coordinates": [[[-0.009108, 51.462234], [-0.00901, 51.462108], [-0.008949, 51.462065], [-0.008822, 51.462016], [-0.008894, 51.461995], [-0.008974, 51.462024], [-0.009087, 51.462088], [-0.009146, 51.462178], [-0.009108, 51.462234]]]}, "properties": {"OBJECTID": 157, "Type": null, "First_map": null, "Last_map": null, "First_Year": null, "Last_Year": null, "London1stSeries": 1, "London1srRevision": 1}}, {"type": "Feature", "id": 176, "geometry": {"type": "Polygon", "coordinates": [[[-0.008479, 51.461931], [-0.008769, 51.461961], [-0.008746, 51.462003], [-0.0085, 51.461995], [-0.008479, 51.461931]]]}, "properties": {"OBJECTID": 158, "Type": null, "First_map": null, "Last_map": null, "First_Year": null, "Last_Year": null, "London1stSeries": 1, "London1srRevision": 1}}, {"type": "Feature", "id": 177, "geometry": {"type": "Polygon", "coordinates": [[[-0.007266, 51.461509], [-0.007319, 51.461476], [-0.007371, 51.461531], [-0.007395, 51.461679], [-0.007517, 51.461746], [-0.007689, 51.4618], [-0.00798, 51.461876], [-0.00811, 51.4619], [-0.008114, 51.461891], [-0.008262, 51.461914], [-0.008282, 51.461971], [-0.0082, 51.461965], [-0.007899, 51.461921], [-0.007487, 51.461791], [-0.007405, 51.461742], [-0.007347, 51.461651], [-0.007324, 51.461553], [-0.007266, 51.461509]]]}, "properties": {"OBJECTID": 159, "Type": null, "First_map": null, "Last_map": null, "First_Year": null, "Last_Year": null, "London1stSeries": 1, "London1srRevision": 1}}, {"type": "Feature", "id": 178, "geometry": {"type": "Polygon", "coordinates": [[[-0.004259, 51.459323], [-0.004351, 51.45934], [-0.004465, 51.459392], [-0.004516, 51.459463], [-0.004598, 51.459508], [-0.004624, 51.459539], [-0.004641, 51.459593], [-0.004651, 51.459708], [-0.004693, 51.459765], [-0.004735, 51.459784], [-0.004782, 51.459785], [-0.004905, 51.459735], [-0.004955, 51.459727], [-0.005003, 51.459731], [-0.005117, 51.459776], [-0.005212, 51.459856], [-0.005249, 51.459877], [-0.005441, 51.459886], [-0.005482, 51.459905], [-0.005638, 51.460071], [-0.005645, 51.460067], [-0.005739, 51.460161], [-0.005731, 51.460176], [-0.005738, 51.4602], [-0.005797, 51.460271], [-0.006079, 51.460431], [-0.006129, 51.460482], [-0.006166, 51.460563], [-0.006213, 51.460616], [-0.00637, 51.460697], [-0.006545, 51.460869], [-0.006741, 51.461025], [-0.006779, 51.461037], [-0.007148, 51.461331], [-0.007084, 51.461372], [-0.006876, 51.461209], [-0.006355, 51.460762], [-0.006275, 51.460684], [-0.006127, 51.460612], [-0.006023, 51.460451], [-0.005948, 51.460394], [-0.005754, 51.46029], [-0.005446, 51.459955], [-0.005374, 51.459925], [-0.005233, 51.45992], [-0.005133, 51.459867], [-0.005048, 51.459796], [-0.005011, 51.459779], [-0.004916, 51.459778], [-0.004828, 51.459815], [-0.004777, 51.459827], [-0.004727, 51.459826], [-0.004665, 51.459803], [-0.004609, 51.459769], [-0.00459, 51.45974], [-0.004572, 51.459688], [-0.004573, 51.459601], [-0.004544, 51.459547], [-0.004421, 51.459483], [-0.004404, 51.459402], [-0.004351, 51.459373], [-0.004248, 51.459351], [-0.004259, 51.459323]]]}, "properties": {"OBJECTID": 160, "Type": null, "First_map": null, "Last_map": null, "First_Year": null, "Last_Year": null, "London1stSeries": 1, "London1srRevision": 1}}, {"type": "Feature", "id": 179, "geometry": {"type": "Polygon", "coordinates": [[[-0.00402, 51.459223], [-0.003844, 51.458981], [-0.003858, 51.458976], [-0.003795, 51.458899], [-0.003768, 51.458882], [-0.003833, 51.45885], [-0.004066, 51.459209], [-0.00402, 51.459223]]]}, "properties": {"OBJECTID": 161, "Type": null, "First_map": null, "Last_map": null, "First_Year": null, "Last_Year": null, "London1stSeries": 1, "London1srRevision": 1}}, {"type": "Feature", "id": 180, "geometry": {"type": "Polygon", "coordinates": [[[0.013754, 51.458373], [0.01375, 51.458283], [0.012666, 51.458041], [0.012614, 51.458091], [0.013754, 51.458373]]]}, "properties": {"OBJECTID": 162, "Type": null, "First_map": null, "Last_map": null, "First_Year": null, "Last_Year": null, "London1stSeries": 1, "London1srRevision": 1}}, {"type": "Feature", "id": 181, "geometry": {"type": "Polygon", "coordinates": [[[-0.059413, 51.399219], [-0.059514, 51.399144], [-0.059525, 51.399115], [-0.05949, 51.399037], [-0.059349, 51.398886], [-0.059337, 51.398845], [-0.059335, 51.39877], [-0.059406, 51.398693], [-0.059399, 51.398601], [-0.059407, 51.398573], [-0.059453, 51.398518], [-0.059545, 51.398508], [-0.059597, 51.398473], [-0.059641, 51.398466], [-0.059658, 51.39848], [-0.059696, 51.398468], [-0.059745, 51.398408], [-0.059783, 51.398383], [-0.059784, 51.398373], [-0.059795, 51.398372], [-0.059793, 51.398386], [-0.059741, 51.398426], [-0.059704, 51.398474], [-0.059663, 51.398487], [-0.059602, 51.39849], [-0.059558, 51.398516], [-0.059461, 51.398529], [-0.059436, 51.398565], [-0.059424, 51.398606], [-0.059424, 51.398686], [-0.059367, 51.398761], [-0.059371, 51.398815], [-0.059414, 51.398891], [-0.059539, 51.399027], [-0.059581, 51.399131], [-0.059556, 51.39916], [-0.059446, 51.399219], [-0.059413, 51.399219]]]}, "properties": {"OBJECTID": 163, "Type": null, "First_map": null, "Last_map": null, "First_Year": null, "Last_Year": null, "London1stSeries": 1, "London1srRevision": 1}}, {"type": "Feature", "id": 182, "geometry": {"type": "Polygon", "coordinates": [[[-0.054217, 51.401119], [-0.054001, 51.401159], [-0.053548, 51.401222], [-0.053281, 51.401276], [-0.053115, 51.401339], [-0.053017, 51.40135], [-0.052964, 51.401345], [-0.052929, 51.401331], [-0.052724, 51.401142], [-0.052744, 51.401132], [-0.05295, 51.401318], [-0.052976, 51.401331], [-0.053018, 51.401334], [-0.053098, 51.401324], [-0.05323, 51.401276], [-0.053292, 51.401254], [-0.05354, 51.401206], [-0.053985, 51.401142], [-0.054978, 51.400982], [-0.055535, 51.400874], [-0.055734, 51.400814], [-0.056012, 51.4007], [-0.056079, 51.400681], [-0.056457, 51.400579], [-0.056783, 51.400516], [-0.057725, 51.400128], [-0.058151, 51.39993], [-0.058362, 51.399825], [-0.058879, 51.399539], [-0.059173, 51.399367], [-0.059386, 51.399231], [-0.059425, 51.39923], [-0.058877, 51.399563], [-0.058393, 51.399831], [-0.057726, 51.400149], [-0.056789, 51.400535], [-0.056463, 51.400595], [-0.056007, 51.40072], [-0.055731, 51.400835], [-0.055541, 51.400892], [-0.055, 51.400998], [-0.054217, 51.401119]]]}, "properties": {"OBJECTID": 164, "Type": null, "First_map": null, "Last_map": null, "First_Year": null, "Last_Year": null, "London1stSeries": 1, "London1srRevision": 1}}, {"type": "Feature", "id": 183, "geometry": {"type": "Polygon", "coordinates": [[[-0.054223, 51.395568], [-0.05423, 51.395553], [-0.054215, 51.395547], [-0.054222, 51.395539], [-0.055882, 51.396149], [-0.055875, 51.396157], [-0.054253, 51.395562], [-0.054223, 51.395568]]]}, "properties": {"OBJECTID": 165, "Type": null, "First_map": null, "Last_map": null, "First_Year": null, "Last_Year": null, "London1stSeries": 1, "London1srRevision": 1}}, {"type": "Feature", "id": 184, "geometry": {"type": "Polygon", "coordinates": [[[-0.051741, 51.401352], [-0.051673, 51.401478], [-0.05153, 51.401619], [-0.051115, 51.401874], [-0.050725, 51.402016], [-0.050573, 51.402057], [-0.050374, 51.402152], [-0.050281, 51.402187], [-0.049989, 51.40226], [-0.049976, 51.402239], [-0.050234, 51.402177], [-0.050373, 51.402124], [-0.050547, 51.402038], [-0.050686, 51.402005], [-0.051008, 51.401893], [-0.051049, 51.401869], [-0.051097, 51.401854], [-0.051508, 51.401605], [-0.051649, 51.401455], [-0.051709, 51.401344], [-0.051741, 51.401352]]]}, "properties": {"OBJECTID": 166, "Type": null, "First_map": null, "Last_map": null, "First_Year": null, "Last_Year": null, "London1stSeries": 1, "London1srRevision": 1}}, {"type": "Feature", "id": 185, "geometry": {"type": "Polygon", "coordinates": [[[-0.049363, 51.402481], [-0.049484, 51.402424], [-0.049622, 51.402325], [-0.049799, 51.402276], [-0.049946, 51.402245], [-0.04996, 51.402266], [-0.049831, 51.402294], [-0.049628, 51.402355], [-0.049535, 51.402426], [-0.049392, 51.402499], [-0.049363, 51.402481]]]}, "properties": {"OBJECTID": 167, "Type": null, "First_map": null, "Last_map": null, "First_Year": null, "Last_Year": null, "London1stSeries": 1, "London1srRevision": 1}}, {"type": "Feature", "id": 186, "geometry": {"type": "Polygon", "coordinates": [[[-0.047547, 51.402946], [-0.047902, 51.402942], [-0.048079, 51.40295], [-0.048138, 51.40294], [-0.048283, 51.40289], [-0.048307, 51.402905], [-0.048167, 51.402953], [-0.048069, 51.402971], [-0.047759, 51.402962], [-0.047644, 51.402963], [-0.047576, 51.402971], [-0.047547, 51.402946]]]}, "properties": {"OBJECTID": 168, "Type": null, "First_map": null, "Last_map": null, "First_Year": null, "Last_Year": null, "London1stSeries": 1, "London1srRevision": 1}}, {"type": "Feature", "id": 187, "geometry": {"type": "Polygon", "coordinates": [[[0.033572, 51.381655], [0.033596, 51.381642], [0.033623, 51.381586], [0.033644, 51.381578], [0.033644, 51.381559], [0.033608, 51.381432], [0.033562, 51.38141], [0.033536, 51.381409], [0.033492, 51.381415], [0.033465, 51.381427], [0.033456, 51.381451], [0.033461, 51.381503], [0.033395, 51.381577], [0.033418, 51.381598], [0.033482, 51.381617], [0.033491, 51.38164], [0.033534, 51.381655], [0.033572, 51.381655]]]}, "properties": {"OBJECTID": 169, "Type": null, "First_map": null, "Last_map": null, "First_Year": null, "Last_Year": null, "London1stSeries": 1, "London1srRevision": 1}}, {"type": "Feature", "id": 188, "geometry": {"type": "Polygon", "coordinates": [[[0.033682, 51.381469], [0.033753, 51.381725], [0.033767, 51.381815], [0.033754, 51.381921], [0.033787, 51.382014], [0.033762, 51.382111], [0.033721, 51.382175], [0.033644, 51.382244], [0.033583, 51.38232], [0.033536, 51.382471], [0.033464, 51.382603], [0.03344, 51.382747], [0.033212, 51.383032], [0.033096, 51.383157], [0.032949, 51.383314], [0.032777, 51.383593], [0.032785, 51.383596], [0.032793, 51.383598], [0.032965, 51.383318], [0.033222, 51.383038], [0.033461, 51.382743], [0.033471, 51.382708], [0.034741, 51.382791], [0.034713, 51.382806], [0.034743, 51.382808], [0.034859, 51.382775], [0.035036, 51.382775], [0.035364, 51.382781], [0.03571, 51.382798], [0.036312, 51.382877], [0.036536, 51.382932], [0.03664, 51.382992], [0.03662, 51.382968], [0.03655, 51.382925], [0.036331, 51.382868], [0.036003, 51.382824], [0.035751, 51.382782], [0.035198, 51.382754], [0.034933, 51.382751], [0.034857, 51.382759], [0.034759, 51.382782], [0.033473, 51.3827], [0.033477, 51.382605], [0.033556, 51.38247], [0.033605, 51.382318], [0.033663, 51.382249], [0.033746, 51.382177], [0.033812, 51.382042], [0.033804, 51.381995], [0.033775, 51.381927], [0.033788, 51.381809], [0.03377, 51.381723], [0.033682, 51.381469]]]}, "properties": {"OBJECTID": 170, "Type": null, "First_map": null, "Last_map": null, "First_Year": null, "Last_Year": null, "London1stSeries": 1, "London1srRevision": 1}}, {"type": "Feature", "id": 189, "geometry": {"type": "Polygon", "coordinates": [[[0.036886, 51.383162], [0.036885, 51.383173], [0.037161, 51.383208], [0.037741, 51.383354], [0.037951, 51.383388], [0.038, 51.383411], [0.038039, 51.383466], [0.038044, 51.383528], [0.038015, 51.383762], [0.037942, 51.383933], [0.037889, 51.384017], [0.037918, 51.384024], [0.037997, 51.383864], [0.038034, 51.383745], [0.038061, 51.383487], [0.038046, 51.383444], [0.038007, 51.383398], [0.037965, 51.383382], [0.037754, 51.383347], [0.037153, 51.383195], [0.036886, 51.383162]]]}, "properties": {"OBJECTID": 171, "Type": null, "First_map": null, "Last_map": null, "First_Year": null, "Last_Year": null, "London1stSeries": 1, "London1srRevision": 1}}, {"type": "Feature", "id": 190, "geometry": {"type": "Polygon", "coordinates": [[[0.032684, 51.383773], [0.032691, 51.383796], [0.032702, 51.383796], [0.032721, 51.38391], [0.032744, 51.383903], [0.03278, 51.383905], [0.032871, 51.383992], [0.032913, 51.384074], [0.032904, 51.384105], [0.032779, 51.384175], [0.032685, 51.384194], [0.032652, 51.384182], [0.032579, 51.38418], [0.032556, 51.384148], [0.032488, 51.384096], [0.032472, 51.384001], [0.032484, 51.383973], [0.032573, 51.383923], [0.0327, 51.383913], [0.03268, 51.383775], [0.032643, 51.383786], [0.032536, 51.38375], [0.032487, 51.383753], [0.032349, 51.383816], [0.032171, 51.383877], [0.032119, 51.383916], [0.032109, 51.383969], [0.032149, 51.384033], [0.032147, 51.384087], [0.03217, 51.384146], [0.032221, 51.3842], [0.032304, 51.38424], [0.032322, 51.384277], [0.031838, 51.385016], [0.031659, 51.385253], [0.031514, 51.385519], [0.03144, 51.385733], [0.031441, 51.385857], [0.03146, 51.385939], [0.031498, 51.385956], [0.031545, 51.385963], [0.031578, 51.385925], [0.031635, 51.385901], [0.031682, 51.385914], [0.031709, 51.385945], [0.031729, 51.385993], [0.031767, 51.386023], [0.031775, 51.386014], [0.031759, 51.385993], [0.031769, 51.385975], [0.031789, 51.385968], [0.031851, 51.385968], [0.031858, 51.38587], [0.031837, 51.385705], [0.031857, 51.385684], [0.031863, 51.385661], [0.031845, 51.38563], [0.031868, 51.385564], [0.031921, 51.385459], [0.032206, 51.384974], [0.032314, 51.384832], [0.032512, 51.384645], [0.032746, 51.384454], [0.032827, 51.384402], [0.033093, 51.384278], [0.033122, 51.384298], [0.033171, 51.3843], [0.033213, 51.384272], [0.033218, 51.38424], [0.033207, 51.384233], [0.033249, 51.384175], [0.033258, 51.384119], [0.033237, 51.384077], [0.033203, 51.384045], [0.033222, 51.384008], [0.03322, 51.38399], [0.033143, 51.383904], [0.033059, 51.383875], [0.033024, 51.383853], [0.032947, 51.383754], [0.032907, 51.383735], [0.032856, 51.383727], [0.032819, 51.38373], [0.032738, 51.383752], [0.032719, 51.383747], [0.032706, 51.383732], [0.032684, 51.383773]]]}, "properties": {"OBJECTID": 172, "Type": null, "First_map": null, "Last_map": null, "First_Year": null, "Last_Year": null, "London1stSeries": 1, "London1srRevision": 1}}, {"type": "Feature", "id": 191, "geometry": {"type": "Polygon", "coordinates": [[[0.037863, 51.384051], [0.037863, 51.384066], [0.037365, 51.38476], [0.037401, 51.384781], [0.037436, 51.384786], [0.037483, 51.38475], [0.03755, 51.384654], [0.03755, 51.384636], [0.037483, 51.384619], [0.037892, 51.384056], [0.037863, 51.384051]]]}, "properties": {"OBJECTID": 173, "Type": null, "First_map": null, "Last_map": null, "First_Year": null, "Last_Year": null, "London1stSeries": 1, "London1srRevision": 1}}, {"type": "Feature", "id": 192, "geometry": {"type": "Polygon", "coordinates": [[[0.02783, 51.384758], [0.027887, 51.384779], [0.02796, 51.384818], [0.029151, 51.385505], [0.030799, 51.386438], [0.030898, 51.3865], [0.030817, 51.386675], [0.030728, 51.38683], [0.030705, 51.386918], [0.030607, 51.387029], [0.030444, 51.387164], [0.030405, 51.387225], [0.030151, 51.387471], [0.030041, 51.387595], [0.029976, 51.387652], [0.029825, 51.387754], [0.029779, 51.387775], [0.029737, 51.387784], [0.029607, 51.387782], [0.029447, 51.387797], [0.029427, 51.387794], [0.029364, 51.387812], [0.029387, 51.387843], [0.029473, 51.387817], [0.0296, 51.387806], [0.029758, 51.387806], [0.029823, 51.387787], [0.030038, 51.38763], [0.030333, 51.387317], [0.030448, 51.38721], [0.030492, 51.387152], [0.030607, 51.387061], [0.030728, 51.386948], [0.030743, 51.38692], [0.030759, 51.386824], [0.030866, 51.386631], [0.030948, 51.386424], [0.031005, 51.386318], [0.031012, 51.386265], [0.031056, 51.386142], [0.031119, 51.386062], [0.031201, 51.386001], [0.031166, 51.385986], [0.03104, 51.386117], [0.030998, 51.38621], [0.03098, 51.38631], [0.030943, 51.386395], [0.030916, 51.386421], [0.030909, 51.386469], [0.030899, 51.386476], [0.027892, 51.384763], [0.027884, 51.38475], [0.027898, 51.384737], [0.02783, 51.384758]]]}, "properties": {"OBJECTID": 174, "Type": null, "First_map": null, "Last_map": null, "First_Year": null, "Last_Year": null, "London1stSeries": 1, "London1srRevision": 1}}, {"type": "Feature", "id": 193, "geometry": {"type": "Polygon", "coordinates": [[[0.037242, 51.385444], [0.037524, 51.384916], [0.037532, 51.384876], [0.037525, 51.384824], [0.037476, 51.384784], [0.037467, 51.384797], [0.03749, 51.384808], [0.03751, 51.384837], [0.037509, 51.384913], [0.037307, 51.385272], [0.037225, 51.385439], [0.037242, 51.385444]]]}, "properties": {"OBJECTID": 175, "Type": null, "First_map": null, "Last_map": null, "First_Year": null, "Last_Year": null, "London1stSeries": 1, "London1srRevision": 1}}, {"type": "Feature", "id": 194, "geometry": {"type": "Polygon", "coordinates": [[[0.056358, 51.394513], [0.056433, 51.394499], [0.05644, 51.394508], [0.056466, 51.394502], [0.056459, 51.39449], [0.056486, 51.394478], [0.056686, 51.394342], [0.056782, 51.394273], [0.056812, 51.39424], [0.056837, 51.39418], [0.056834, 51.394147], [0.056805, 51.394116], [0.056736, 51.394085], [0.056447, 51.394044], [0.056452, 51.394031], [0.056433, 51.394028], [0.056432, 51.394041], [0.056316, 51.394077], [0.05612, 51.394223], [0.056101, 51.394249], [0.056105, 51.394293], [0.056207, 51.394449], [0.05627, 51.394489], [0.056324, 51.394509], [0.056358, 51.394513]]]}, "properties": {"OBJECTID": 176, "Type": null, "First_map": null, "Last_map": null, "First_Year": null, "Last_Year": null, "London1stSeries": 1, "London1srRevision": 1}}, {"type": "Feature", "id": 195, "geometry": {"type": "Polygon", "coordinates": [[[-0.025942, 51.379792], [-0.025934, 51.37975], [-0.02588, 51.37972], [-0.025867, 51.37969], [-0.025906, 51.379567], [-0.025909, 51.379465], [-0.025878, 51.379383], [-0.02591, 51.379259], [-0.025909, 51.379177], [-0.025885, 51.379098], [-0.025915, 51.379072], [-0.025865, 51.378947], [-0.025883, 51.378865], [-0.025844, 51.378851], [-0.025833, 51.37884], [-0.025844, 51.37882], [-0.025919, 51.378786], [-0.025922, 51.378766], [-0.025904, 51.37873], [-0.025925, 51.37869], [-0.025835, 51.378542], [-0.025845, 51.378374], [-0.025819, 51.378279], [-0.025771, 51.378178], [-0.025726, 51.377986], [-0.02571, 51.377847], [-0.025719, 51.377734], [-0.025734, 51.377736], [-0.025725, 51.377782], [-0.025745, 51.377963], [-0.025865, 51.378375], [-0.02585, 51.378518], [-0.025944, 51.378698], [-0.025926, 51.378732], [-0.025942, 51.378768], [-0.025936, 51.378791], [-0.025859, 51.37883], [-0.025905, 51.378864], [-0.025902, 51.378889], [-0.02588, 51.378922], [-0.025915, 51.379024], [-0.025942, 51.379072], [-0.02593, 51.379209], [-0.025943, 51.379266], [-0.025911, 51.379394], [-0.025936, 51.379551], [-0.025927, 51.379624], [-0.025993, 51.379611], [-0.026004, 51.379619], [-0.025914, 51.379659], [-0.025892, 51.379686], [-0.025901, 51.379712], [-0.025956, 51.379743], [-0.025975, 51.379795], [-0.025974, 51.379826], [-0.025953, 51.379851], [-0.025929, 51.379862], [-0.025849, 51.379873], [-0.025829, 51.37989], [-0.025839, 51.379912], [-0.025899, 51.37996], [-0.025914, 51.380011], [-0.025852, 51.380074], [-0.025829, 51.380171], [-0.0258, 51.380219], [-0.025752, 51.380251], [-0.025736, 51.380287], [-0.02575, 51.380358], [-0.025726, 51.380525], [-0.025611, 51.380578], [-0.025621, 51.380588], [-0.025663, 51.380589], [-0.025668, 51.380604], [-0.025646, 51.38065], [-0.025602, 51.380688], [-0.025585, 51.38073], [-0.025593, 51.38081], [-0.025493, 51.380935], [-0.025496, 51.380951], [-0.025533, 51.380964], [-0.025537, 51.380984], [-0.02551, 51.381023], [-0.025483, 51.381017], [-0.025501, 51.380974], [-0.025481, 51.380954], [-0.025476, 51.38093], [-0.025579, 51.380803], [-0.025557, 51.380736], [-0.025583, 51.380684], [-0.025632, 51.380643], [-0.025648, 51.380614], [-0.025644, 51.380599], [-0.025583, 51.380594], [-0.025571, 51.38057], [-0.025617, 51.380521], [-0.025691, 51.380496], [-0.025714, 51.380459], [-0.025725, 51.380362], [-0.025712, 51.380338], [-0.025656, 51.380317], [-0.025644, 51.380298], [-0.025661, 51.380276], [-0.025775, 51.380216], [-0.025798, 51.380191], [-0.025833, 51.380048], [-0.025873, 51.380011], [-0.025865, 51.379989], [-0.025827, 51.379958], [-0.025807, 51.379904], [-0.025813, 51.379874], [-0.025839, 51.379854], [-0.025932, 51.379838], [-0.025942, 51.379792]]]}, "properties": {"OBJECTID": 177, "Type": null, "First_map": null, "Last_map": null, "First_Year": null, "Last_Year": null, "London1stSeries": 1, "London1srRevision": 1}}, {"type": "Feature", "id": 196, "geometry": {"type": "Polygon", "coordinates": [[[-0.025516, 51.376719], [-0.025467, 51.3766], [-0.025517, 51.376599], [-0.025556, 51.376587], [-0.025571, 51.376545], [-0.0255, 51.376485], [-0.025474, 51.376482], [-0.025427, 51.376498], [-0.025365, 51.376354], [-0.025364, 51.376343], [-0.025375, 51.37634], [-0.025462, 51.376339], [-0.025524, 51.376347], [-0.025562, 51.376365], [-0.025627, 51.376378], [-0.025661, 51.376415], [-0.025665, 51.376459], [-0.025704, 51.376495], [-0.025699, 51.376528], [-0.025724, 51.376552], [-0.025742, 51.376614], [-0.025732, 51.376645], [-0.025701, 51.376665], [-0.025609, 51.376683], [-0.025516, 51.376719]]]}, "properties": {"OBJECTID": 178, "Type": null, "First_map": null, "Last_map": null, "First_Year": null, "Last_Year": null, "London1stSeries": 1, "London1srRevision": 1}}, {"type": "Feature", "id": 197, "geometry": {"type": "Polygon", "coordinates": [[[-0.025124, 51.375813], [-0.025043, 51.375644], [-0.025064, 51.375645], [-0.02516, 51.375867], [-0.025202, 51.37593], [-0.025261, 51.376186], [-0.025321, 51.376293], [-0.025509, 51.376778], [-0.025486, 51.376782], [-0.025253, 51.376212], [-0.02519, 51.37595], [-0.025172, 51.375903], [-0.025142, 51.375866], [-0.025124, 51.375813]]]}, "properties": {"OBJECTID": 179, "Type": null, "First_map": null, "Last_map": null, "First_Year": null, "Last_Year": null, "London1stSeries": 1, "London1srRevision": 1}}, {"type": "Feature", "id": 198, "geometry": {"type": "Polygon", "coordinates": [[[-0.024172, 51.373745], [-0.024165, 51.373634], [-0.024147, 51.373608], [-0.024158, 51.373583], [-0.023973, 51.373158], [-0.023957, 51.373144], [-0.023906, 51.373133], [-0.023828, 51.373089], [-0.02382, 51.373054], [-0.02378, 51.373003], [-0.023751, 51.372987], [-0.023658, 51.372863], [-0.023517, 51.372748], [-0.023491, 51.372699], [-0.023483, 51.372644], [-0.023356, 51.372437], [-0.023373, 51.372434], [-0.023377, 51.372439], [-0.023494, 51.372625], [-0.023504, 51.372701], [-0.023527, 51.372741], [-0.023554, 51.372772], [-0.023674, 51.372862], [-0.023761, 51.372976], [-0.023798, 51.373], [-0.023825, 51.373034], [-0.023842, 51.37308], [-0.023915, 51.373128], [-0.023968, 51.37314], [-0.023992, 51.373167], [-0.024166, 51.37356], [-0.02419, 51.373745], [-0.024207, 51.373798], [-0.024261, 51.373861], [-0.024253, 51.373901], [-0.024273, 51.373937], [-0.024283, 51.374053], [-0.0243, 51.374091], [-0.024293, 51.374154], [-0.024319, 51.374284], [-0.024346, 51.374326], [-0.02445, 51.374413], [-0.024456, 51.374434], [-0.024418, 51.374509], [-0.024421, 51.374523], [-0.024473, 51.374536], [-0.024475, 51.374584], [-0.024487, 51.3746], [-0.024591, 51.374618], [-0.024657, 51.374687], [-0.024698, 51.374748], [-0.024682, 51.374753], [-0.024589, 51.374635], [-0.02456, 51.37462], [-0.024484, 51.374609], [-0.024459, 51.374585], [-0.024466, 51.374559], [-0.024459, 51.374546], [-0.024395, 51.374537], [-0.024438, 51.374426], [-0.024425, 51.374407], [-0.024329, 51.374331], [-0.024306, 51.374292], [-0.024272, 51.374137], [-0.024281, 51.37409], [-0.024263, 51.37404], [-0.024259, 51.373938], [-0.024239, 51.373906], [-0.024244, 51.373869], [-0.024229, 51.37384], [-0.024188, 51.373804], [-0.024172, 51.373745]]]}, "properties": {"OBJECTID": 180, "Type": null, "First_map": null, "Last_map": null, "First_Year": null, "Last_Year": null, "London1stSeries": 1, "London1srRevision": 1}}, {"type": "Feature", "id": 199, "geometry": {"type": "Polygon", "coordinates": [[[-0.023344, 51.372414], [-0.023351, 51.37237], [-0.023316, 51.372311], [-0.023323, 51.372297], [-0.023305, 51.372285], [-0.023312, 51.372273], [-0.023286, 51.372137], [-0.023286, 51.372062], [-0.023304, 51.372012], [-0.02329, 51.37198], [-0.023318, 51.3719], [-0.02332, 51.371846], [-0.023373, 51.37165], [-0.023342, 51.371598], [-0.02334, 51.371576], [-0.023357, 51.371557], [-0.023416, 51.371531], [-0.023501, 51.371382], [-0.023636, 51.371237], [-0.023648, 51.37124], [-0.023578, 51.371312], [-0.023452, 51.37149], [-0.023388, 51.371651], [-0.023336, 51.371832], [-0.023336, 51.371885], [-0.023308, 51.371977], [-0.023315, 51.372033], [-0.0233, 51.372053], [-0.023323, 51.372287], [-0.023342, 51.372301], [-0.023336, 51.372314], [-0.023366, 51.372375], [-0.023355, 51.372395], [-0.023361, 51.372411], [-0.023344, 51.372414]]]}, "properties": {"OBJECTID": 181, "Type": null, "First_map": null, "Last_map": null, "First_Year": null, "Last_Year": null, "London1stSeries": 1, "London1srRevision": 1}}, {"type": "Feature", "id": 200, "geometry": {"type": "Polygon", "coordinates": [[[0.034178, 51.379062], [0.034041, 51.379943], [0.03405, 51.379973], [0.034199, 51.379055], [0.034177, 51.379048], [0.034178, 51.379062]]]}, "properties": {"OBJECTID": 182, "Type": null, "First_map": null, "Last_map": null, "First_Year": null, "Last_Year": null, "London1stSeries": 1, "London1srRevision": 1}}, {"type": "Feature", "id": 201, "geometry": {"type": "Polygon", "coordinates": [[[0.035379, 51.376617], [0.035261, 51.377604], [0.034224, 51.379015], [0.034236, 51.379019], [0.035273, 51.377612], [0.035399, 51.376566], [0.035372, 51.376424], [0.035381, 51.376359], [0.035373, 51.376212], [0.035356, 51.375974], [0.035345, 51.375974], [0.035363, 51.376364], [0.035356, 51.376436], [0.035378, 51.376504], [0.035379, 51.376617]]]}, "properties": {"OBJECTID": 183, "Type": null, "First_map": null, "Last_map": null, "First_Year": null, "Last_Year": null, "London1stSeries": 1, "London1srRevision": 1}}, {"type": "Feature", "id": 202, "geometry": {"type": "Polygon", "coordinates": [[[0.034705, 51.372406], [0.0346, 51.372311], [0.034523, 51.372216], [0.03446, 51.372158], [0.034357, 51.372015], [0.034301, 51.371965], [0.034217, 51.371865], [0.034193, 51.371816], [0.034187, 51.371804], [0.034144, 51.371755], [0.034106, 51.371763], [0.034163, 51.371812], [0.034168, 51.371818], [0.034213, 51.371883], [0.034347, 51.372027], [0.034445, 51.372162], [0.034508, 51.372221], [0.034581, 51.372313], [0.034689, 51.372412], [0.034758, 51.372513], [0.034779, 51.372591], [0.034824, 51.372667], [0.034857, 51.372752], [0.034858, 51.372756], [0.03487, 51.37275], [0.034868, 51.372744], [0.034854, 51.372689], [0.034796, 51.372594], [0.03477, 51.372511], [0.034705, 51.372406]]]}, "properties": {"OBJECTID": 184, "Type": null, "First_map": null, "Last_map": null, "First_Year": null, "Last_Year": null, "London1stSeries": 1, "London1srRevision": 1}}, {"type": "Feature", "id": 203, "geometry": {"type": "Polygon", "coordinates": [[[0.035175, 51.373209], [0.035157, 51.373053], [0.03517, 51.372997], [0.03517, 51.372897], [0.035222, 51.372652], [0.035221, 51.372371], [0.035206, 51.372374], [0.035206, 51.372652], [0.035159, 51.37288], [0.035155, 51.373002], [0.035141, 51.373063], [0.035169, 51.373286], [0.035125, 51.373352], [0.035072, 51.373384], [0.035064, 51.373335], [0.035038, 51.3733], [0.035031, 51.373244], [0.035005, 51.373191], [0.034963, 51.373007], [0.034929, 51.372931], [0.034916, 51.372862], [0.034877, 51.372764], [0.034864, 51.37277], [0.034903, 51.372868], [0.034916, 51.372935], [0.034943, 51.372989], [0.035016, 51.373289], [0.035049, 51.373351], [0.035061, 51.373444], [0.035085, 51.37348], [0.035083, 51.373526], [0.035136, 51.373695], [0.035144, 51.373784], [0.035165, 51.373833], [0.035168, 51.373879], [0.035204, 51.37394], [0.035206, 51.374009], [0.035346, 51.374571], [0.035349, 51.374684], [0.035372, 51.374794], [0.035377, 51.375196], [0.035395, 51.375264], [0.035403, 51.375365], [0.035374, 51.375595], [0.035376, 51.375709], [0.035339, 51.375805], [0.035344, 51.375946], [0.03536, 51.375947], [0.03535, 51.375817], [0.035388, 51.375695], [0.035388, 51.375569], [0.035416, 51.37535], [0.035407, 51.375263], [0.03539, 51.375195], [0.035388, 51.374797], [0.035366, 51.374677], [0.035366, 51.37458], [0.03531, 51.374382], [0.035275, 51.374174], [0.035223, 51.374009], [0.035221, 51.373929], [0.035182, 51.373868], [0.035158, 51.373705], [0.035099, 51.37353], [0.035102, 51.373476], [0.035076, 51.373426], [0.035074, 51.3734], [0.035136, 51.373361], [0.035176, 51.373311], [0.035185, 51.373261], [0.035175, 51.373209]]]}, "properties": {"OBJECTID": 185, "Type": null, "First_map": null, "Last_map": null, "First_Year": null, "Last_Year": null, "London1stSeries": 1, "London1srRevision": 1}}, {"type": "Feature", "id": 204, "geometry": {"type": "Polygon", "coordinates": [[[-0.192115, 51.448802], [-0.192115, 51.448739], [-0.19215, 51.448605], [-0.192259, 51.448427], [-0.192464, 51.448215], [-0.192901, 51.447834], [-0.19312, 51.447581], [-0.193169, 51.447498], [-0.193243, 51.447305], [-0.193275, 51.447174], [-0.193301, 51.446992], [-0.19331, 51.446559], [-0.193294, 51.446277], [-0.192943, 51.444287], [-0.192793, 51.443941], [-0.192685, 51.443742], [-0.192383, 51.443302], [-0.192173, 51.443065], [-0.192287, 51.44302], [-0.192416, 51.44314], [-0.192529, 51.443283], [-0.192782, 51.443653], [-0.192837, 51.443745], [-0.193032, 51.444154], [-0.193077, 51.444278], [-0.193143, 51.444525], [-0.193439, 51.446319], [-0.193458, 51.446994], [-0.193438, 51.447182], [-0.193401, 51.44732], [-0.193331, 51.447497], [-0.193238, 51.44765], [-0.193168, 51.44774], [-0.193038, 51.447879], [-0.192501, 51.448335], [-0.192397, 51.448434], [-0.192333, 51.448524], [-0.192289, 51.44862], [-0.192277, 51.448679], [-0.192281, 51.448786], [-0.192115, 51.448802]]]}, "properties": {"OBJECTID": 186, "Type": null, "First_map": null, "Last_map": null, "First_Year": null, "Last_Year": null, "London1stSeries": 1, "London1srRevision": 1}}, {"type": "Feature", "id": 205, "geometry": {"type": "Polygon", "coordinates": [[[-0.189498, 51.403795], [-0.189292, 51.403727], [-0.189235, 51.403598], [-0.189137, 51.403219], [-0.18926, 51.403205], [-0.189367, 51.403599], [-0.189385, 51.403634], [-0.189404, 51.403644], [-0.189464, 51.403646], [-0.189685, 51.403632], [-0.190774, 51.4036], [-0.191074, 51.403598], [-0.191096, 51.403584], [-0.1911, 51.403569], [-0.190994, 51.403442], [-0.19083, 51.403195], [-0.190778, 51.403102], [-0.190806, 51.403093], [-0.191202, 51.403683], [-0.191303, 51.403715], [-0.191291, 51.403743], [-0.191214, 51.403751], [-0.189842, 51.403777], [-0.189663, 51.403794], [-0.189498, 51.403795]]]}, "properties": {"OBJECTID": 187, "Type": null, "First_map": null, "Last_map": null, "First_Year": null, "Last_Year": null, "London1stSeries": 1, "London1srRevision": 1}}, {"type": "Feature", "id": 206, "geometry": {"type": "Polygon", "coordinates": [[[-0.184642, 51.398601], [-0.184697, 51.39861], [-0.184737, 51.398617], [-0.186746, 51.399106], [-0.186984, 51.399165], [-0.187039, 51.399212], [-0.186988, 51.399264], [-0.186838, 51.399369], [-0.18664, 51.399486], [-0.186279, 51.399624], [-0.186219, 51.399676], [-0.186208, 51.399713], [-0.18626, 51.399767], [-0.186455, 51.39985], [-0.186498, 51.39991], [-0.186506, 51.399967], [-0.186504, 51.400036], [-0.186499, 51.400164], [-0.18649, 51.400261], [-0.186455, 51.400325], [-0.186409, 51.400362], [-0.186157, 51.400501], [-0.186134, 51.400533], [-0.186151, 51.400567], [-0.186184, 51.4006], [-0.186366, 51.400736], [-0.18659, 51.400919], [-0.186783, 51.401149], [-0.186809, 51.4012], [-0.186873, 51.401429], [-0.186901, 51.401476], [-0.186988, 51.401574], [-0.187341, 51.401845], [-0.187372, 51.401839], [-0.187456, 51.401826], [-0.188009, 51.401665], [-0.188032, 51.401696], [-0.187485, 51.401856], [-0.18743, 51.401906], [-0.187604, 51.402082], [-0.187667, 51.402079], [-0.187719, 51.4021], [-0.187765, 51.4021], [-0.188371, 51.401937], [-0.188485, 51.401943], [-0.18854, 51.401967], [-0.188584, 51.401998], [-0.188568, 51.402004], [-0.188461, 51.401969], [-0.188375, 51.401968], [-0.187906, 51.402101], [-0.187672, 51.402152], [-0.187741, 51.402222], [-0.187932, 51.402461], [-0.18797, 51.40249], [-0.187886, 51.402512], [-0.187887, 51.4025], [-0.187792, 51.402383], [-0.187763, 51.402377], [-0.187415, 51.40204], [-0.187187, 51.402117], [-0.186589, 51.402289], [-0.186522, 51.40232], [-0.186496, 51.402305], [-0.186584, 51.402265], [-0.187088, 51.402119], [-0.187244, 51.402062], [-0.187354, 51.40198], [-0.187261, 51.401906], [-0.187162, 51.401876], [-0.187108, 51.401875], [-0.186847, 51.401906], [-0.186776, 51.401896], [-0.186719, 51.401873], [-0.186678, 51.401822], [-0.186684, 51.401763], [-0.186663, 51.401716], [-0.186488, 51.401554], [-0.186349, 51.401448], [-0.186266, 51.401378], [-0.186166, 51.401272], [-0.186129, 51.401246], [-0.186045, 51.401206], [-0.185622, 51.401084], [-0.185535, 51.401052], [-0.185464, 51.400992], [-0.185413, 51.400915], [-0.185415, 51.400616], [-0.185399, 51.400567], [-0.185322, 51.400451], [-0.185253, 51.400376], [-0.185113, 51.400267], [-0.184971, 51.400205], [-0.184771, 51.400103], [-0.184653, 51.400038], [-0.184517, 51.399947], [-0.18449, 51.399937], [-0.18447, 51.399824], [-0.18447, 51.399735], [-0.184484, 51.399615], [-0.184489, 51.3994], [-0.184404, 51.399203], [-0.184328, 51.399101], [-0.184313, 51.399014], [-0.184229, 51.39894], [-0.184175, 51.398907], [-0.184125, 51.398875], [-0.184175, 51.39883], [-0.184226, 51.398854], [-0.184272, 51.398854], [-0.184373, 51.398734], [-0.18436, 51.398703], [-0.184476, 51.398644], [-0.184475, 51.398662], [-0.18453, 51.398621], [-0.184594, 51.398603], [-0.184642, 51.398601]], [[-0.18457, 51.398644], [-0.184603, 51.39874], [-0.184532, 51.398839], [-0.184489, 51.398939], [-0.184478, 51.39899], [-0.18451, 51.399096], [-0.184565, 51.399206], [-0.184602, 51.399334], [-0.184653, 51.399564], [-0.18465, 51.399616], [-0.184675, 51.399661], [-0.184679, 51.399707], [-0.184919, 51.39995], [-0.185023, 51.400028], [-0.185147, 51.400091], [-0.185241, 51.400152], [-0.185401, 51.400268], [-0.185699, 51.400529], [-0.185747, 51.400553], [-0.185793, 51.400556], [-0.185836, 51.400548], [-0.185921, 51.400508], [-0.186305, 51.400309], [-0.186374, 51.400243], [-0.186402, 51.400168], [-0.186407, 51.399994], [-0.1864, 51.399945], [-0.186379, 51.399906], [-0.186343, 51.399883], [-0.186289, 51.399869], [-0.186047, 51.399848], [-0.186037, 51.399833], [-0.186054, 51.399792], [-0.186083, 51.399777], [-0.186137, 51.399666], [-0.186185, 51.399611], [-0.186341, 51.399533], [-0.186522, 51.399473], [-0.186601, 51.399437], [-0.186771, 51.399332], [-0.186891, 51.399243], [-0.186894, 51.399216], [-0.186826, 51.399181], [-0.186547, 51.39911], [-0.186412, 51.399075], [-0.184984, 51.398726], [-0.1847, 51.398663], [-0.18457, 51.398644]], [[-0.185489, 51.400495], [-0.185471, 51.400494], [-0.185463, 51.400507], [-0.185514, 51.400639], [-0.1855, 51.400833], [-0.185541, 51.400974], [-0.1856, 51.401004], [-0.186128, 51.40116], [-0.186226, 51.401232], [-0.186392, 51.401395], [-0.186454, 51.401429], [-0.186488, 51.401427], [-0.186494, 51.401416], [-0.186449, 51.401366], [-0.186192, 51.401157], [-0.186056, 51.401014], [-0.185833, 51.400803], [-0.185803, 51.400751], [-0.185757, 51.400727], [-0.185695, 51.400645], [-0.185623, 51.40061], [-0.185512, 51.400506], [-0.185489, 51.400495]], [[-0.186015, 51.400598], [-0.185921, 51.400617], [-0.185852, 51.400665], [-0.185835, 51.400689], [-0.185837, 51.400707], [-0.186032, 51.40088], [-0.186079, 51.400948], [-0.18617, 51.40103], [-0.18621, 51.401083], [-0.186611, 51.401358], [-0.186668, 51.401382], [-0.186718, 51.401379], [-0.186745, 51.401357], [-0.186756, 51.401312], [-0.186736, 51.40123], [-0.186458, 51.400923], [-0.186059, 51.400615], [-0.186015, 51.400598]]]}, "properties": {"OBJECTID": 188, "Type": null, "First_map": null, "Last_map": null, "First_Year": null, "Last_Year": null, "London1stSeries": 1, "London1srRevision": 1}}, {"type": "Feature", "id": 207, "geometry": {"type": "Polygon", "coordinates": [[[-0.188108, 51.406352], [-0.188037, 51.406402], [-0.187063, 51.405926], [-0.187065, 51.405901], [-0.187104, 51.405888], [-0.187148, 51.405888], [-0.188108, 51.406352]]]}, "properties": {"OBJECTID": 189, "Type": null, "First_map": null, "Last_map": null, "First_Year": null, "Last_Year": null, "London1stSeries": 1, "London1srRevision": 1}}, {"type": "Feature", "id": 208, "geometry": {"type": "Polygon", "coordinates": [[[-0.185478, 51.408632], [-0.185515, 51.408607], [-0.18554, 51.408616], [-0.185625, 51.408562], [-0.185928, 51.408317], [-0.186287, 51.407983], [-0.186919, 51.40742], [-0.187143, 51.407205], [-0.187171, 51.407152], [-0.187206, 51.407114], [-0.187626, 51.406746], [-0.187758, 51.406647], [-0.187781, 51.406663], [-0.187731, 51.406686], [-0.187621, 51.406769], [-0.18725, 51.407098], [-0.18719, 51.407157], [-0.187161, 51.407216], [-0.18686, 51.407502], [-0.186419, 51.40789], [-0.186375, 51.407941], [-0.186311, 51.407985], [-0.185955, 51.408317], [-0.185691, 51.408539], [-0.185589, 51.408611], [-0.185546, 51.408634], [-0.185478, 51.408632]]]}, "properties": {"OBJECTID": 190, "Type": null, "First_map": null, "Last_map": null, "First_Year": null, "Last_Year": null, "London1stSeries": 1, "London1srRevision": 1}}, {"type": "Feature", "id": 209, "geometry": {"type": "Polygon", "coordinates": [[[-0.186804, 51.405929], [-0.186911, 51.405982], [-0.186817, 51.406087], [-0.185065, 51.407729], [-0.184533, 51.408206], [-0.184333, 51.408404], [-0.184279, 51.408609], [-0.184134, 51.408676], [-0.184169, 51.408513], [-0.184257, 51.408264], [-0.184421, 51.407867], [-0.184537, 51.407478], [-0.184511, 51.40743], [-0.184541, 51.407422], [-0.184556, 51.40743], [-0.18463, 51.407218], [-0.184733, 51.407036], [-0.184759, 51.406999], [-0.184787, 51.406984], [-0.185471, 51.406591], [-0.186392, 51.405826], [-0.18644, 51.405751], [-0.18656, 51.40581], [-0.186375, 51.405984], [-0.185588, 51.406632], [-0.185518, 51.406684], [-0.185201, 51.40686], [-0.184817, 51.407075], [-0.184799, 51.407096], [-0.184732, 51.407228], [-0.184646, 51.407461], [-0.184471, 51.408025], [-0.184396, 51.408176], [-0.184412, 51.408186], [-0.185081, 51.407584], [-0.185329, 51.407349], [-0.186634, 51.406111], [-0.186804, 51.405929]]]}, "properties": {"OBJECTID": 191, "Type": null, "First_map": null, "Last_map": null, "First_Year": null, "Last_Year": null, "London1stSeries": 1, "London1srRevision": 1}}, {"type": "Feature", "id": 210, "geometry": {"type": "Polygon", "coordinates": [[[-0.186596, 51.40554], [-0.18654, 51.405511], [-0.186542, 51.405421], [-0.186507, 51.405149], [-0.186592, 51.404918], [-0.186597, 51.404863], [-0.186584, 51.404735], [-0.186591, 51.404709], [-0.18664, 51.40468], [-0.186895, 51.404672], [-0.186908, 51.404634], [-0.186888, 51.404557], [-0.186891, 51.404437], [-0.186874, 51.404299], [-0.186835, 51.404183], [-0.186584, 51.403692], [-0.186509, 51.4036], [-0.186484, 51.403541], [-0.18653, 51.403537], [-0.186553, 51.403606], [-0.186673, 51.403813], [-0.186804, 51.404084], [-0.186857, 51.404169], [-0.186935, 51.404479], [-0.186932, 51.404572], [-0.186945, 51.404659], [-0.186937, 51.40468], [-0.186903, 51.404703], [-0.186845, 51.404716], [-0.186679, 51.404718], [-0.186647, 51.404727], [-0.186632, 51.40474], [-0.186646, 51.404824], [-0.186643, 51.404896], [-0.186573, 51.40509], [-0.186559, 51.405177], [-0.186596, 51.40554]]]}, "properties": {"OBJECTID": 192, "Type": null, "First_map": null, "Last_map": null, "First_Year": null, "Last_Year": null, "London1stSeries": 1, "London1srRevision": 1}}, {"type": "Feature", "id": 211, "geometry": {"type": "Polygon", "coordinates": [[[-0.186479, 51.403513], [-0.186429, 51.403418], [-0.186321, 51.403259], [-0.186306, 51.403135], [-0.186227, 51.403044], [-0.186184, 51.402962], [-0.186192, 51.40292], [-0.186241, 51.402882], [-0.186426, 51.402855], [-0.18648, 51.402835], [-0.186523, 51.402789], [-0.18656, 51.402727], [-0.186582, 51.402652], [-0.186582, 51.402589], [-0.18656, 51.402536], [-0.186474, 51.402448], [-0.18645, 51.402398], [-0.186485, 51.402317], [-0.186508, 51.402329], [-0.186487, 51.402399], [-0.18651, 51.402438], [-0.186607, 51.402548], [-0.18662, 51.402647], [-0.186603, 51.402707], [-0.186555, 51.402795], [-0.186507, 51.402848], [-0.18643, 51.402875], [-0.186269, 51.402902], [-0.186225, 51.402924], [-0.186219, 51.402938], [-0.186225, 51.402983], [-0.186253, 51.403036], [-0.186342, 51.403129], [-0.186347, 51.40323], [-0.186367, 51.403282], [-0.186458, 51.4034], [-0.186518, 51.403509], [-0.186479, 51.403513]]]}, "properties": {"OBJECTID": 193, "Type": null, "First_map": null, "Last_map": null, "First_Year": null, "Last_Year": null, "London1stSeries": 1, "London1srRevision": 1}}, {"type": "Feature", "id": 212, "geometry": {"type": "Polygon", "coordinates": [[[-0.184025, 51.409569], [-0.184168, 51.409343], [-0.184201, 51.409258], [-0.18418, 51.409101], [-0.184131, 51.408875], [-0.18413, 51.40873], [-0.184259, 51.408668], [-0.184302, 51.408924], [-0.184392, 51.409214], [-0.184349, 51.409327], [-0.184132, 51.409691], [-0.184081, 51.409921], [-0.184101, 51.409978], [-0.184147, 51.41005], [-0.184271, 51.410172], [-0.184313, 51.410247], [-0.184314, 51.410391], [-0.184293, 51.410619], [-0.184276, 51.410714], [-0.184234, 51.410834], [-0.184235, 51.410949], [-0.184045, 51.410949], [-0.184183, 51.410347], [-0.184158, 51.410232], [-0.184107, 51.410166], [-0.184003, 51.410068], [-0.183936, 51.409988], [-0.183925, 51.409887], [-0.183959, 51.409744], [-0.183991, 51.409635], [-0.184025, 51.409569]]]}, "properties": {"OBJECTID": 194, "Type": null, "First_map": null, "Last_map": null, "First_Year": null, "Last_Year": null, "London1stSeries": 1, "London1srRevision": 1}}, {"type": "Feature", "id": 213, "geometry": {"type": "Polygon", "coordinates": [[[-0.183877, 51.413639], [-0.183761, 51.413642], [-0.183789, 51.413389], [-0.183843, 51.413391], [-0.183845, 51.413359], [-0.183797, 51.413358], [-0.183786, 51.413344], [-0.183794, 51.41312], [-0.183813, 51.412951], [-0.183916, 51.412352], [-0.183957, 51.412179], [-0.184003, 51.412067], [-0.183954, 51.412055], [-0.183837, 51.412047], [-0.183343, 51.412174], [-0.18311, 51.412267], [-0.183027, 51.41231], [-0.182835, 51.412382], [-0.182599, 51.412493], [-0.182369, 51.412583], [-0.182357, 51.412568], [-0.182575, 51.412482], [-0.182577, 51.412472], [-0.182697, 51.412407], [-0.182899, 51.412311], [-0.182921, 51.41232], [-0.183239, 51.412185], [-0.183312, 51.412163], [-0.183379, 51.412126], [-0.183829, 51.412016], [-0.184031, 51.411985], [-0.184039, 51.411944], [-0.184025, 51.411758], [-0.184022, 51.41131], [-0.184032, 51.41129], [-0.184024, 51.411269], [-0.184023, 51.411063], [-0.184238, 51.411063], [-0.184238, 51.411094], [-0.184228, 51.411525], [-0.184213, 51.411599], [-0.184199, 51.411826], [-0.184166, 51.411969], [-0.184167, 51.412051], [-0.18407, 51.412457], [-0.184062, 51.412485], [-0.184004, 51.412651], [-0.184007, 51.412705], [-0.183951, 51.413223], [-0.183967, 51.413235], [-0.183961, 51.413327], [-0.183955, 51.413426], [-0.183944, 51.413525], [-0.183897, 51.413587], [-0.183877, 51.413639]]]}, "properties": {"OBJECTID": 195, "Type": null, "First_map": null, "Last_map": null, "First_Year": null, "Last_Year": null, "London1stSeries": 1, "London1srRevision": 1}}, {"type": "Feature", "id": 214, "geometry": {"type": "Polygon", "coordinates": [[[-0.183869, 51.413673], [-0.183849, 51.413802], [-0.183579, 51.413826], [-0.183576, 51.413815], [-0.183719, 51.413805], [-0.183751, 51.413676], [-0.183869, 51.413673]]]}, "properties": {"OBJECTID": 196, "Type": null, "First_map": null, "Last_map": null, "First_Year": null, "Last_Year": null, "London1stSeries": 1, "London1srRevision": 1}}, {"type": "Feature", "id": 215, "geometry": {"type": "Polygon", "coordinates": [[[-0.183825, 51.4098], [-0.183842, 51.40981], [-0.183805, 51.409888], [-0.183794, 51.409952], [-0.183704, 51.410225], [-0.183645, 51.410357], [-0.183602, 51.41036], [-0.183748, 51.409964], [-0.183825, 51.4098]]]}, "properties": {"OBJECTID": 197, "Type": null, "First_map": null, "Last_map": null, "First_Year": null, "Last_Year": null, "London1stSeries": 1, "London1srRevision": 1}}, {"type": "Feature", "id": 216, "geometry": {"type": "Polygon", "coordinates": [[[-0.18381, 51.410448], [-0.183755, 51.410505], [-0.183451, 51.410695], [-0.183324, 51.410787], [-0.183291, 51.41077], [-0.1835, 51.410629], [-0.183498, 51.410604], [-0.183459, 51.410575], [-0.183482, 51.410556], [-0.183524, 51.410587], [-0.183549, 51.410593], [-0.183631, 51.410553], [-0.183776, 51.410441], [-0.18381, 51.410448]]]}, "properties": {"OBJECTID": 198, "Type": null, "First_map": null, "Last_map": null, "First_Year": null, "Last_Year": null, "London1stSeries": 1, "London1srRevision": 1}}, {"type": "Feature", "id": 217, "geometry": {"type": "Polygon", "coordinates": [[[-0.175136, 51.394947], [-0.175325, 51.394953], [-0.175684, 51.395005], [-0.175758, 51.395022], [-0.175974, 51.395101], [-0.176097, 51.395182], [-0.176557, 51.395446], [-0.176842, 51.395638], [-0.176946, 51.395697], [-0.177179, 51.395808], [-0.177472, 51.395879], [-0.177781, 51.395934], [-0.17784, 51.395952], [-0.177834, 51.395964], [-0.177907, 51.395978], [-0.178049, 51.396027], [-0.178076, 51.395972], [-0.1781, 51.395978], [-0.178074, 51.396035], [-0.178573, 51.396161], [-0.17872, 51.396205], [-0.178933, 51.396263], [-0.179155, 51.396309], [-0.17948, 51.396392], [-0.180071, 51.396584], [-0.181248, 51.396888], [-0.181307, 51.396913], [-0.181579, 51.396996], [-0.181755, 51.397086], [-0.181768, 51.39711], [-0.181948, 51.397206], [-0.182734, 51.397568], [-0.182986, 51.397693], [-0.183138, 51.397805], [-0.18349, 51.39801], [-0.183508, 51.398004], [-0.184106, 51.398284], [-0.184216, 51.398355], [-0.184231, 51.398462], [-0.184254, 51.39848], [-0.184194, 51.398514], [-0.184148, 51.398482], [-0.183967, 51.398396], [-0.183668, 51.398258], [-0.183635, 51.398251], [-0.183738, 51.398547], [-0.183753, 51.398564], [-0.18406, 51.398763], [-0.184014, 51.398805], [-0.183876, 51.398704], [-0.18377, 51.398639], [-0.183553, 51.398525], [-0.183119, 51.398408], [-0.182841, 51.39831], [-0.182811, 51.398272], [-0.182798, 51.398226], [-0.182853, 51.398037], [-0.182849, 51.397991], [-0.182832, 51.397964], [-0.182808, 51.397944], [-0.182711, 51.397895], [-0.18237, 51.397779], [-0.18233, 51.397759], [-0.182345, 51.397742], [-0.182667, 51.397843], [-0.182867, 51.397934], [-0.182894, 51.397972], [-0.182908, 51.398019], [-0.182861, 51.398136], [-0.182854, 51.398242], [-0.182863, 51.398269], [-0.182901, 51.398296], [-0.183082, 51.398349], [-0.183512, 51.398462], [-0.183586, 51.39848], [-0.183608, 51.398471], [-0.183538, 51.398258], [-0.183524, 51.398212], [-0.183488, 51.398179], [-0.183311, 51.398057], [-0.182725, 51.397738], [-0.182591, 51.397675], [-0.182226, 51.397539], [-0.181806, 51.397328], [-0.181738, 51.397312], [-0.181482, 51.397199], [-0.181343, 51.397136], [-0.181076, 51.397048], [-0.180427, 51.396896], [-0.180097, 51.396771], [-0.179877, 51.396716], [-0.179232, 51.396517], [-0.178953, 51.39644], [-0.178457, 51.396329], [-0.178092, 51.396232], [-0.177925, 51.396322], [-0.177865, 51.396344], [-0.177779, 51.396358], [-0.1777, 51.396358], [-0.177511, 51.396406], [-0.177407, 51.396522], [-0.177168, 51.396724], [-0.177144, 51.396766], [-0.17715, 51.396812], [-0.177247, 51.396958], [-0.177422, 51.397191], [-0.177478, 51.397219], [-0.177629, 51.397267], [-0.177691, 51.397299], [-0.177814, 51.397415], [-0.177855, 51.397479], [-0.177866, 51.397542], [-0.177765, 51.39772], [-0.177737, 51.397806], [-0.177699, 51.398152], [-0.177664, 51.398356], [-0.177701, 51.398427], [-0.17773, 51.398439], [-0.177763, 51.39844], [-0.177963, 51.398384], [-0.178152, 51.39835], [-0.178174, 51.398348], [-0.178577, 51.39833], [-0.178606, 51.398323], [-0.178638, 51.398322], [-0.178668, 51.39833], [-0.179371, 51.398257], [-0.179502, 51.398255], [-0.17976, 51.398276], [-0.17976, 51.398312], [-0.179516, 51.398293], [-0.179388, 51.398292], [-0.178664, 51.398365], [-0.178647, 51.398374], [-0.178585, 51.398369], [-0.178361, 51.398372], [-0.178095, 51.398391], [-0.177776, 51.398474], [-0.17771, 51.398469], [-0.177651, 51.398437], [-0.177621, 51.398394], [-0.177606, 51.398314], [-0.177657, 51.398091], [-0.177677, 51.397836], [-0.177736, 51.397656], [-0.177811, 51.397561], [-0.177819, 51.39752], [-0.177787, 51.397451], [-0.177654, 51.397312], [-0.177622, 51.397297], [-0.177471, 51.397256], [-0.177421, 51.397235], [-0.177383, 51.397209], [-0.177307, 51.397119], [-0.17711, 51.396848], [-0.177093, 51.396799], [-0.177098, 51.39675], [-0.177117, 51.396715], [-0.177259, 51.396583], [-0.177235, 51.396523], [-0.177175, 51.396444], [-0.17711, 51.396395], [-0.176794, 51.396188], [-0.176679, 51.396129], [-0.176495, 51.396075], [-0.176229, 51.396051], [-0.176129, 51.396033], [-0.176071, 51.396016], [-0.175988, 51.395974], [-0.175947, 51.395935], [-0.175922, 51.395873], [-0.175965, 51.395749], [-0.175951, 51.395696], [-0.17591, 51.395643], [-0.17578, 51.395543], [-0.175747, 51.395497], [-0.175752, 51.39545], [-0.175803, 51.395363], [-0.1758, 51.395335], [-0.175779, 51.395308], [-0.175613, 51.395206], [-0.175367, 51.395089], [-0.175318, 51.395081], [-0.175205, 51.395085], [-0.174682, 51.395199], [-0.174276, 51.395343], [-0.174254, 51.395384], [-0.174219, 51.395377], [-0.174227, 51.395362], [-0.17412, 51.395391], [-0.174035, 51.395442], [-0.173966, 51.395469], [-0.17389, 51.395488], [-0.173856, 51.395484], [-0.173802, 51.395453], [-0.173726, 51.395426], [-0.173702, 51.395427], [-0.173682, 51.395438], [-0.173487, 51.395428], [-0.173507, 51.395317], [-0.173551, 51.395321], [-0.173557, 51.395324], [-0.173577, 51.395332], [-0.1736, 51.395329], [-0.173718, 51.395343], [-0.173776, 51.395358], [-0.173928, 51.395356], [-0.174011, 51.395315], [-0.174083, 51.395261], [-0.174289, 51.395177], [-0.174703, 51.395045], [-0.174826, 51.394996], [-0.174984, 51.394962], [-0.175059, 51.394962], [-0.175136, 51.394947]], [[-0.175528, 51.395085], [-0.175497, 51.39509], [-0.175717, 51.395204], [-0.175744, 51.395221], [-0.175862, 51.395308], [-0.176033, 51.3954], [-0.176122, 51.395466], [-0.17619, 51.395548], [-0.176297, 51.395762], [-0.176336, 51.395802], [-0.176448, 51.395862], [-0.176688, 51.395919], [-0.176773, 51.395954], [-0.176861, 51.396018], [-0.176931, 51.396116], [-0.176935, 51.396129], [-0.176919, 51.396139], [-0.176921, 51.396149], [-0.176949, 51.396214], [-0.177212, 51.396401], [-0.177317, 51.396533], [-0.177374, 51.396482], [-0.177474, 51.396372], [-0.177552, 51.396354], [-0.177583, 51.396346], [-0.177709, 51.396317], [-0.177802, 51.396317], [-0.177852, 51.396306], [-0.177924, 51.396273], [-0.177977, 51.39623], [-0.177978, 51.396215], [-0.177839, 51.396133], [-0.177586, 51.396077], [-0.17733, 51.395994], [-0.177012, 51.395873], [-0.176806, 51.395784], [-0.176618, 51.395695], [-0.176504, 51.395628], [-0.176363, 51.395532], [-0.176131, 51.395353], [-0.175867, 51.395182], [-0.175764, 51.395134], [-0.17571, 51.395118], [-0.175602, 51.395093], [-0.175528, 51.395085]]]}, "properties": {"OBJECTID": 199, "Type": null, "First_map": null, "Last_map": null, "First_Year": null, "Last_Year": null, "London1stSeries": 1, "London1srRevision": 1}}, {"type": "Feature", "id": 218, "geometry": {"type": "Polygon", "coordinates": [[[-0.179019, 51.414104], [-0.178949, 51.413836], [-0.178925, 51.413651], [-0.178994, 51.41363], [-0.179009, 51.413784], [-0.179067, 51.414009], [-0.179513, 51.413898], [-0.180186, 51.413534], [-0.180908, 51.413163], [-0.181651, 51.412829], [-0.181716, 51.412815], [-0.182206, 51.412617], [-0.182223, 51.412639], [-0.181496, 51.412934], [-0.180987, 51.413165], [-0.180672, 51.413321], [-0.180281, 51.413527], [-0.180228, 51.413547], [-0.179576, 51.4139], [-0.179503, 51.413927], [-0.179314, 51.413967], [-0.179156, 51.414019], [-0.179119, 51.414043], [-0.179097, 51.414096], [-0.179019, 51.414104]]]}, "properties": {"OBJECTID": 200, "Type": null, "First_map": null, "Last_map": null, "First_Year": null, "Last_Year": null, "London1stSeries": 1, "London1srRevision": 1}}, {"type": "Feature", "id": 219, "geometry": {"type": "Polygon", "coordinates": [[[-0.179914, 51.398293], [-0.179916, 51.39827], [-0.179982, 51.398243], [-0.180468, 51.397791], [-0.180551, 51.397725], [-0.180613, 51.397701], [-0.180673, 51.397695], [-0.180733, 51.397704], [-0.180976, 51.397789], [-0.181075, 51.397813], [-0.181184, 51.39782], [-0.181278, 51.397812], [-0.181342, 51.397796], [-0.18141, 51.397761], [-0.181476, 51.397692], [-0.181593, 51.397534], [-0.181643, 51.397508], [-0.181707, 51.397499], [-0.1818, 51.397516], [-0.182007, 51.397621], [-0.182311, 51.397723], [-0.182291, 51.397746], [-0.181975, 51.397639], [-0.181777, 51.397541], [-0.181701, 51.397529], [-0.181664, 51.397536], [-0.181613, 51.397563], [-0.181489, 51.39774], [-0.181442, 51.397783], [-0.181387, 51.397813], [-0.181289, 51.397838], [-0.181202, 51.397847], [-0.181111, 51.397845], [-0.181019, 51.397831], [-0.180951, 51.397815], [-0.180702, 51.39772], [-0.180651, 51.397719], [-0.180587, 51.397739], [-0.180542, 51.39777], [-0.180041, 51.398239], [-0.180005, 51.398263], [-0.179992, 51.398291], [-0.179977, 51.398291], [-0.179976, 51.398281], [-0.179914, 51.398293]]]}, "properties": {"OBJECTID": 201, "Type": null, "First_map": null, "Last_map": null, "First_Year": null, "Last_Year": null, "London1stSeries": 1, "London1srRevision": 1}}, {"type": "Feature", "id": 220, "geometry": {"type": "Polygon", "coordinates": [[[-0.1798, 51.397702], [-0.179775, 51.397696], [-0.179845, 51.397582], [-0.179805, 51.39756], [-0.17981, 51.397545], [-0.179799, 51.397541], [-0.180094, 51.397142], [-0.180088, 51.397129], [-0.180011, 51.397097], [-0.180027, 51.397081], [-0.180116, 51.397114], [-0.180131, 51.39714], [-0.179828, 51.39754], [-0.179832, 51.397549], [-0.179871, 51.397567], [-0.179876, 51.397582], [-0.1798, 51.397702]]]}, "properties": {"OBJECTID": 202, "Type": null, "First_map": null, "Last_map": null, "First_Year": null, "Last_Year": null, "London1stSeries": 1, "London1srRevision": 1}}, {"type": "Feature", "id": 221, "geometry": {"type": "Polygon", "coordinates": [[[-0.179824, 51.397008], [-0.18, 51.397072], [-0.179987, 51.397087], [-0.179613, 51.39696], [-0.179585, 51.396961], [-0.179542, 51.396977], [-0.179481, 51.396977], [-0.178615, 51.396861], [-0.178622, 51.396845], [-0.179496, 51.396957], [-0.179547, 51.396958], [-0.17958, 51.396938], [-0.179612, 51.396933], [-0.179824, 51.397008]]]}, "properties": {"OBJECTID": 203, "Type": null, "First_map": null, "Last_map": null, "First_Year": null, "Last_Year": null, "London1stSeries": 1, "London1srRevision": 1}}, {"type": "Feature", "id": 222, "geometry": {"type": "Polygon", "coordinates": [[[-0.163545, 51.386849], [-0.163554, 51.386915], [-0.163586, 51.38696], [-0.163816, 51.387112], [-0.163902, 51.387149], [-0.16465, 51.387719], [-0.164722, 51.387761], [-0.164812, 51.387801], [-0.165301, 51.387954], [-0.165384, 51.388001], [-0.165618, 51.38834], [-0.165982, 51.38877], [-0.166026, 51.388845], [-0.16611, 51.389039], [-0.166273, 51.389481], [-0.16632, 51.389546], [-0.16641, 51.389624], [-0.166553, 51.389696], [-0.167188, 51.38983], [-0.167313, 51.38987], [-0.167407, 51.389913], [-0.167489, 51.389957], [-0.167638, 51.390059], [-0.168166, 51.390579], [-0.168232, 51.390621], [-0.168353, 51.390686], [-0.168686, 51.390841], [-0.16939, 51.3911], [-0.16979, 51.391277], [-0.169911, 51.391361], [-0.169973, 51.391451], [-0.170001, 51.391757], [-0.169977, 51.391854], [-0.169941, 51.391912], [-0.169835, 51.391985], [-0.169657, 51.392087], [-0.16926, 51.392273], [-0.169148, 51.392314], [-0.169075, 51.392314], [-0.168904, 51.392335], [-0.168801, 51.392357], [-0.168791, 51.392371], [-0.168807, 51.3924], [-0.168901, 51.392506], [-0.168999, 51.392486], [-0.169104, 51.392492], [-0.169212, 51.392451], [-0.16955, 51.39268], [-0.169918, 51.392909], [-0.170535, 51.393311], [-0.170552, 51.393332], [-0.170549, 51.393346], [-0.170377, 51.393474], [-0.170317, 51.393472], [-0.170324, 51.393488], [-0.171745, 51.394433], [-0.171831, 51.394504], [-0.171891, 51.394596], [-0.171796, 51.39473], [-0.171765, 51.39472], [-0.171828, 51.394647], [-0.171836, 51.394617], [-0.171771, 51.394527], [-0.170386, 51.393612], [-0.169977, 51.393364], [-0.168912, 51.392623], [-0.168719, 51.392436], [-0.16868, 51.392428], [-0.168646, 51.392446], [-0.168606, 51.392472], [-0.168483, 51.392508], [-0.168451, 51.392534], [-0.168439, 51.392559], [-0.168431, 51.392657], [-0.168446, 51.392734], [-0.16847, 51.392761], [-0.168653, 51.392884], [-0.168827, 51.393062], [-0.169231, 51.393303], [-0.169352, 51.393396], [-0.169556, 51.393521], [-0.169916, 51.393803], [-0.170027, 51.393902], [-0.17011, 51.393952], [-0.170168, 51.39403], [-0.170241, 51.394089], [-0.170256, 51.394135], [-0.170364, 51.39422], [-0.170666, 51.394329], [-0.170733, 51.394366], [-0.170836, 51.394442], [-0.171098, 51.394595], [-0.171204, 51.394616], [-0.171307, 51.394668], [-0.171491, 51.394781], [-0.171678, 51.394811], [-0.171695, 51.394805], [-0.171753, 51.394741], [-0.171783, 51.394751], [-0.171743, 51.39481], [-0.171757, 51.394828], [-0.172214, 51.394909], [-0.1723, 51.394934], [-0.172599, 51.395116], [-0.172656, 51.395141], [-0.173095, 51.395222], [-0.173298, 51.395267], [-0.173321, 51.395307], [-0.173303, 51.395411], [-0.173236, 51.395447], [-0.173108, 51.39543], [-0.173014, 51.395429], [-0.172796, 51.395451], [-0.172593, 51.395459], [-0.172393, 51.395454], [-0.172396, 51.395449], [-0.172157, 51.395415], [-0.172157, 51.395357], [-0.172357, 51.395305], [-0.172555, 51.395268], [-0.172582, 51.395254], [-0.172587, 51.395216], [-0.172478, 51.395112], [-0.172229, 51.394958], [-0.171662, 51.394851], [-0.171452, 51.394831], [-0.171305, 51.394826], [-0.170688, 51.394834], [-0.170537, 51.394853], [-0.170041, 51.394871], [-0.169896, 51.394851], [-0.169746, 51.39481], [-0.169656, 51.394776], [-0.169552, 51.394729], [-0.169454, 51.394662], [-0.169371, 51.394543], [-0.169321, 51.394379], [-0.169265, 51.394127], [-0.169235, 51.394076], [-0.169131, 51.394007], [-0.168487, 51.393702], [-0.16843, 51.393649], [-0.168395, 51.393598], [-0.168386, 51.393497], [-0.168417, 51.393404], [-0.168485, 51.393275], [-0.168502, 51.39317], [-0.168463, 51.393101], [-0.168411, 51.393037], [-0.168175, 51.392808], [-0.168119, 51.392716], [-0.168114, 51.392639], [-0.168156, 51.392508], [-0.168174, 51.392486], [-0.16829, 51.392373], [-0.168384, 51.392321], [-0.168572, 51.392262], [-0.168776, 51.392223], [-0.168844, 51.392226], [-0.169041, 51.392187], [-0.169665, 51.391904], [-0.169776, 51.391831], [-0.169815, 51.391786], [-0.16982, 51.391746], [-0.169804, 51.39154], [-0.169785, 51.39146], [-0.169748, 51.391425], [-0.1697, 51.391396], [-0.169344, 51.391281], [-0.168754, 51.391044], [-0.16854, 51.390978], [-0.168349, 51.390939], [-0.168325, 51.390961], [-0.168286, 51.390954], [-0.168293, 51.390918], [-0.168282, 51.390871], [-0.16824, 51.390863], [-0.168165, 51.390795], [-0.168052, 51.390664], [-0.167893, 51.390449], [-0.167808, 51.390355], [-0.167604, 51.390152], [-0.167463, 51.390041], [-0.167282, 51.389941], [-0.167197, 51.389907], [-0.16705, 51.389867], [-0.166519, 51.389756], [-0.166422, 51.389719], [-0.16632, 51.389652], [-0.166237, 51.389571], [-0.166194, 51.389505], [-0.165972, 51.38892], [-0.165933, 51.388842], [-0.165856, 51.388738], [-0.165568, 51.388409], [-0.165354, 51.388088], [-0.165295, 51.388031], [-0.165173, 51.387994], [-0.165119, 51.387986], [-0.165051, 51.38799], [-0.164267, 51.388097], [-0.164073, 51.388096], [-0.163696, 51.388052], [-0.16332, 51.388037], [-0.16301, 51.388043], [-0.162892, 51.388059], [-0.162841, 51.38808], [-0.162777, 51.388089], [-0.162481, 51.3881], [-0.162469, 51.388106], [-0.162441, 51.388101], [-0.16169, 51.388105], [-0.161692, 51.388054], [-0.162573, 51.388049], [-0.162788, 51.388015], [-0.163027, 51.387993], [-0.163465, 51.387988], [-0.16387, 51.388026], [-0.164263, 51.388052], [-0.164376, 51.388053], [-0.165112, 51.387954], [-0.164914, 51.387892], [-0.164869, 51.387898], [-0.164843, 51.387922], [-0.164819, 51.387927], [-0.16478, 51.387915], [-0.164773, 51.3879], [-0.16479, 51.387875], [-0.164779, 51.387856], [-0.164653, 51.387793], [-0.163857, 51.387191], [-0.16377, 51.387135], [-0.163449, 51.386972], [-0.163415, 51.386939], [-0.163384, 51.386889], [-0.163545, 51.386849]], [[-0.168688, 51.392362], [-0.168576, 51.392378], [-0.168472, 51.392407], [-0.168385, 51.392468], [-0.168335, 51.392542], [-0.168316, 51.392607], [-0.168344, 51.392736], [-0.168372, 51.392794], [-0.168629, 51.393025], [-0.168697, 51.393154], [-0.16868, 51.393265], [-0.168586, 51.393555], [-0.168588, 51.393593], [-0.168632, 51.393652], [-0.168668, 51.393674], [-0.169217, 51.393888], [-0.16928, 51.393928], [-0.169363, 51.394002], [-0.169407, 51.39408], [-0.169452, 51.39421], [-0.169461, 51.39428], [-0.169539, 51.394528], [-0.169577, 51.394574], [-0.169722, 51.394675], [-0.169795, 51.39471], [-0.16989, 51.394739], [-0.170148, 51.394781], [-0.170375, 51.394788], [-0.170764, 51.394767], [-0.171359, 51.394763], [-0.171361, 51.394758], [-0.171209, 51.394656], [-0.171144, 51.394629], [-0.170618, 51.394695], [-0.170568, 51.394686], [-0.170434, 51.39464], [-0.170377, 51.394636], [-0.17032, 51.394647], [-0.170209, 51.394688], [-0.170141, 51.394697], [-0.169755, 51.394584], [-0.169701, 51.394558], [-0.169669, 51.394469], [-0.169598, 51.394337], [-0.169555, 51.394214], [-0.169524, 51.394163], [-0.169459, 51.393965], [-0.169415, 51.393911], [-0.169311, 51.393846], [-0.168891, 51.393686], [-0.168662, 51.393573], [-0.16874, 51.393306], [-0.168773, 51.393134], [-0.168811, 51.39306], [-0.168641, 51.392889], [-0.168446, 51.392752], [-0.168432, 51.392733], [-0.168418, 51.392659], [-0.168427, 51.392562], [-0.168441, 51.392524], [-0.168474, 51.392498], [-0.168503, 51.392495], [-0.168667, 51.39241], [-0.168661, 51.392405], [-0.168717, 51.392375], [-0.168715, 51.392366], [-0.168688, 51.392362]], [[-0.16882, 51.39307], [-0.168784, 51.393142], [-0.168754, 51.393305], [-0.168694, 51.393488], [-0.168677, 51.393572], [-0.168885, 51.393673], [-0.169311, 51.393834], [-0.169434, 51.393908], [-0.169469, 51.393952], [-0.16954, 51.394161], [-0.169572, 51.394216], [-0.169602, 51.394307], [-0.169681, 51.394464], [-0.169709, 51.394544], [-0.169724, 51.394558], [-0.169802, 51.394588], [-0.170138, 51.394688], [-0.170202, 51.39468], [-0.170314, 51.39464], [-0.170385, 51.394629], [-0.170454, 51.394636], [-0.170615, 51.394687], [-0.170987, 51.394637], [-0.171065, 51.394609], [-0.170992, 51.394552], [-0.170899, 51.394518], [-0.170849, 51.394475], [-0.170744, 51.394418], [-0.170652, 51.394371], [-0.170353, 51.394249], [-0.170267, 51.394193], [-0.170047, 51.393929], [-0.169589, 51.393559], [-0.169367, 51.39342], [-0.169182, 51.393286], [-0.16882, 51.39307]]]}, "properties": {"OBJECTID": 204, "Type": null, "First_map": null, "Last_map": null, "First_Year": null, "Last_Year": null, "London1stSeries": 1, "London1srRevision": 1}}, {"type": "Feature", "id": 223, "geometry": {"type": "Polygon", "coordinates": [[[-0.168335, 51.39218], [-0.168358, 51.392193], [-0.168337, 51.392214], [-0.167998, 51.392415], [-0.168108, 51.392537], [-0.168048, 51.392662], [-0.168098, 51.392773], [-0.16809, 51.392808], [-0.16841, 51.393095], [-0.168437, 51.39314], [-0.168436, 51.393187], [-0.168379, 51.393322], [-0.168292, 51.393458], [-0.168306, 51.393632], [-0.16837, 51.393685], [-0.168367, 51.393724], [-0.168333, 51.393744], [-0.168321, 51.393693], [-0.168265, 51.393655], [-0.168241, 51.393607], [-0.168229, 51.393555], [-0.168228, 51.393468], [-0.168231, 51.393439], [-0.168306, 51.39332], [-0.168353, 51.393219], [-0.168373, 51.393139], [-0.16835, 51.393107], [-0.168069, 51.392842], [-0.168021, 51.392815], [-0.168024, 51.392782], [-0.168046, 51.392771], [-0.168052, 51.392756], [-0.168004, 51.392666], [-0.168066, 51.392533], [-0.167983, 51.392416], [-0.168013, 51.392381], [-0.168335, 51.39218]]]}, "properties": {"OBJECTID": 205, "Type": null, "First_map": null, "Last_map": null, "First_Year": null, "Last_Year": null, "London1stSeries": 1, "London1srRevision": 1}}, {"type": "Feature", "id": 224, "geometry": {"type": "Polygon", "coordinates": [[[-0.164049, 51.387966], [-0.163923, 51.387867], [-0.163995, 51.38775], [-0.163719, 51.387537], [-0.163971, 51.387409], [-0.164438, 51.387765], [-0.164049, 51.387966]]]}, "properties": {"OBJECTID": 206, "Type": null, "First_map": null, "Last_map": null, "First_Year": null, "Last_Year": null, "London1stSeries": 1, "London1srRevision": 1}}, {"type": "Feature", "id": 225, "geometry": {"type": "Polygon", "coordinates": [[[-0.164036, 51.380941], [-0.163981, 51.381293], [-0.163991, 51.381392], [-0.164036, 51.381463], [-0.164098, 51.381532], [-0.164315, 51.381751], [-0.164342, 51.381749], [-0.164331, 51.381765], [-0.164491, 51.381931], [-0.164568, 51.38205], [-0.164609, 51.38215], [-0.16463, 51.382255], [-0.164638, 51.382761], [-0.164615, 51.382914], [-0.164562, 51.383105], [-0.164499, 51.383235], [-0.164409, 51.383348], [-0.164333, 51.383413], [-0.164253, 51.383464], [-0.163903, 51.383601], [-0.163715, 51.383702], [-0.163555, 51.383838], [-0.163489, 51.383919], [-0.163432, 51.384019], [-0.163418, 51.384099], [-0.163415, 51.384222], [-0.163445, 51.384423], [-0.163449, 51.384532], [-0.163435, 51.384532], [-0.163452, 51.384593], [-0.163456, 51.384966], [-0.163599, 51.385449], [-0.163626, 51.385512], [-0.163661, 51.385534], [-0.16364, 51.385631], [-0.163601, 51.385701], [-0.1636, 51.385795], [-0.163562, 51.385796], [-0.163561, 51.385722], [-0.163535, 51.385649], [-0.16344, 51.385395], [-0.163386, 51.385316], [-0.163323, 51.385034], [-0.163263, 51.384373], [-0.163253, 51.384108], [-0.16334, 51.383911], [-0.16341, 51.383808], [-0.163504, 51.383705], [-0.163588, 51.383653], [-0.163809, 51.383545], [-0.164112, 51.383434], [-0.164179, 51.3834], [-0.164308, 51.383299], [-0.164403, 51.383176], [-0.164469, 51.382953], [-0.164496, 51.382733], [-0.164482, 51.382274], [-0.164454, 51.382099], [-0.164411, 51.38209], [-0.164411, 51.382079], [-0.164443, 51.38207], [-0.164444, 51.382061], [-0.164257, 51.381846], [-0.164171, 51.381786], [-0.164061, 51.381685], [-0.164044, 51.381674], [-0.164033, 51.381676], [-0.164015, 51.381631], [-0.163943, 51.381535], [-0.163748, 51.381344], [-0.163467, 51.381169], [-0.163179, 51.381009], [-0.163003, 51.380919], [-0.162956, 51.38094], [-0.162947, 51.380936], [-0.162965, 51.380899], [-0.162863, 51.380866], [-0.162706, 51.380828], [-0.162475, 51.380793], [-0.162381, 51.380785], [-0.162349, 51.380794], [-0.162336, 51.380781], [-0.162068, 51.380762], [-0.162023, 51.380753], [-0.161998, 51.380766], [-0.161987, 51.380762], [-0.161989, 51.380738], [-0.161971, 51.380725], [-0.16196, 51.380719], [-0.161906, 51.380717], [-0.161908, 51.380699], [-0.161647, 51.380569], [-0.161521, 51.380491], [-0.161437, 51.38039], [-0.161406, 51.380382], [-0.161412, 51.380373], [-0.161427, 51.380372], [-0.161259, 51.38012], [-0.161226, 51.380104], [-0.161232, 51.380096], [-0.161243, 51.380098], [-0.16114, 51.379945], [-0.161126, 51.379889], [-0.161184, 51.379863], [-0.161215, 51.379879], [-0.161277, 51.379937], [-0.161416, 51.38017], [-0.1616, 51.380428], [-0.161655, 51.380478], [-0.161841, 51.380578], [-0.161978, 51.380638], [-0.162106, 51.380674], [-0.162715, 51.380755], [-0.162809, 51.380771], [-0.162929, 51.380807], [-0.163044, 51.380849], [-0.163146, 51.380898], [-0.163716, 51.381216], [-0.163891, 51.381283], [-0.163922, 51.381288], [-0.163976, 51.380973], [-0.163995, 51.380745], [-0.164008, 51.380705], [-0.164046, 51.38067], [-0.164466, 51.380379], [-0.164529, 51.380311], [-0.164559, 51.380236], [-0.164558, 51.38018], [-0.164522, 51.38007], [-0.164174, 51.379097], [-0.164233, 51.379091], [-0.164257, 51.379122], [-0.164274, 51.379144], [-0.164279, 51.379139], [-0.164299, 51.379143], [-0.164272, 51.379208], [-0.164597, 51.380107], [-0.164618, 51.38018], [-0.164618, 51.380243], [-0.164588, 51.38031], [-0.164512, 51.380396], [-0.164066, 51.380717], [-0.164049, 51.380769], [-0.164036, 51.380941]]]}, "properties": {"OBJECTID": 207, "Type": null, "First_map": null, "Last_map": null, "First_Year": null, "Last_Year": null, "London1stSeries": 1, "London1srRevision": 1}}, {"type": "Feature", "id": 226, "geometry": {"type": "Polygon", "coordinates": [[[-0.164284, 51.383662], [-0.164307, 51.383662], [-0.164255, 51.38388], [-0.164248, 51.383984], [-0.164256, 51.38416], [-0.164281, 51.384323], [-0.164346, 51.384585], [-0.164352, 51.384778], [-0.164399, 51.38505], [-0.164397, 51.385231], [-0.164371, 51.38523], [-0.164375, 51.385074], [-0.164323, 51.384775], [-0.164323, 51.384615], [-0.164252, 51.384303], [-0.164227, 51.384102], [-0.164229, 51.383883], [-0.164281, 51.383672], [-0.164284, 51.383662]]]}, "properties": {"OBJECTID": 208, "Type": null, "First_map": null, "Last_map": null, "First_Year": null, "Last_Year": null, "London1stSeries": 1, "London1srRevision": 1}}, {"type": "Feature", "id": 227, "geometry": {"type": "Polygon", "coordinates": [[[-0.163814, 51.38469], [-0.163823, 51.384707], [-0.163761, 51.385033], [-0.163863, 51.385529], [-0.163888, 51.385573], [-0.163974, 51.38565], [-0.16409, 51.385732], [-0.164289, 51.385836], [-0.164337, 51.385892], [-0.164347, 51.385983], [-0.164337, 51.386016], [-0.164231, 51.386175], [-0.164173, 51.386241], [-0.164116, 51.386188], [-0.164228, 51.386066], [-0.164267, 51.385996], [-0.16428, 51.385927], [-0.164262, 51.385894], [-0.164227, 51.385868], [-0.164177, 51.385839], [-0.164041, 51.385787], [-0.163956, 51.385737], [-0.163859, 51.385648], [-0.163737, 51.385042], [-0.163797, 51.384709], [-0.163814, 51.38469]]]}, "properties": {"OBJECTID": 209, "Type": null, "First_map": null, "Last_map": null, "First_Year": null, "Last_Year": null, "London1stSeries": 1, "London1srRevision": 1}}, {"type": "Feature", "id": 228, "geometry": {"type": "Polygon", "coordinates": [[[-0.163609, 51.385905], [-0.163658, 51.38609], [-0.163673, 51.386201], [-0.163698, 51.386276], [-0.163677, 51.386332], [-0.163663, 51.386463], [-0.16362, 51.386582], [-0.16366, 51.386587], [-0.163691, 51.386575], [-0.163794, 51.386509], [-0.164084, 51.386221], [-0.164149, 51.386283], [-0.163953, 51.386476], [-0.163766, 51.386605], [-0.163623, 51.386671], [-0.163633, 51.386676], [-0.163622, 51.386686], [-0.163602, 51.386688], [-0.163558, 51.386724], [-0.163396, 51.386764], [-0.163401, 51.386588], [-0.163501, 51.386204], [-0.163502, 51.386083], [-0.163518, 51.386075], [-0.163569, 51.386], [-0.163567, 51.385906], [-0.163609, 51.385905]]]}, "properties": {"OBJECTID": 210, "Type": null, "First_map": null, "Last_map": null, "First_Year": null, "Last_Year": null, "London1stSeries": 1, "London1srRevision": 1}}, {"type": "Feature", "id": 229, "geometry": {"type": "Polygon", "coordinates": [[[-0.161207, 51.379495], [-0.16116, 51.379707], [-0.161112, 51.379783], [-0.161115, 51.379796], [-0.161053, 51.379825], [-0.161025, 51.379798], [-0.161029, 51.379779], [-0.161122, 51.379361], [-0.16117, 51.379058], [-0.161152, 51.378895], [-0.161071, 51.378536], [-0.161062, 51.37843], [-0.161069, 51.378133], [-0.161053, 51.378061], [-0.161019, 51.377984], [-0.16068, 51.377533], [-0.160546, 51.377428], [-0.16037, 51.377319], [-0.16038, 51.377306], [-0.160274, 51.377195], [-0.160133, 51.377088], [-0.160229, 51.376961], [-0.160287, 51.37694], [-0.160325, 51.376983], [-0.160445, 51.377065], [-0.160515, 51.377075], [-0.160588, 51.377101], [-0.161269, 51.377372], [-0.161384, 51.377404], [-0.161511, 51.377425], [-0.162046, 51.377416], [-0.162555, 51.377357], [-0.16291, 51.377304], [-0.162982, 51.377306], [-0.163047, 51.377325], [-0.163102, 51.377368], [-0.163152, 51.377441], [-0.163292, 51.377703], [-0.163863, 51.37848], [-0.164113, 51.378852], [-0.164066, 51.378861], [-0.163892, 51.378719], [-0.163869, 51.378721], [-0.163779, 51.378549], [-0.163759, 51.378554], [-0.163752, 51.378546], [-0.163771, 51.378535], [-0.163339, 51.378041], [-0.163062, 51.377477], [-0.163008, 51.377422], [-0.162949, 51.377383], [-0.162897, 51.377376], [-0.162442, 51.377447], [-0.162109, 51.377482], [-0.161732, 51.377502], [-0.1615, 51.3775], [-0.161381, 51.377484], [-0.161306, 51.377465], [-0.160792, 51.377269], [-0.160756, 51.377265], [-0.160733, 51.377287], [-0.160748, 51.377345], [-0.161009, 51.377575], [-0.161004, 51.3776], [-0.16102, 51.37767], [-0.16107, 51.377811], [-0.161065, 51.377844], [-0.161169, 51.378155], [-0.161174, 51.378239], [-0.16116, 51.378373], [-0.161259, 51.378866], [-0.161284, 51.379096], [-0.161261, 51.379254], [-0.161207, 51.379495]]]}, "properties": {"OBJECTID": 211, "Type": null, "First_map": null, "Last_map": null, "First_Year": null, "Last_Year": null, "London1stSeries": 1, "London1srRevision": 1}}, {"type": "Feature", "id": 230, "geometry": {"type": "Polygon", "coordinates": [[[-0.163205, 51.385333], [-0.163204, 51.385346], [-0.163159, 51.385367], [-0.162631, 51.385556], [-0.162298, 51.385666], [-0.161696, 51.385901], [-0.161689, 51.385896], [-0.161661, 51.385908], [-0.161648, 51.385894], [-0.161772, 51.385834], [-0.162378, 51.385606], [-0.162578, 51.385552], [-0.162874, 51.385442], [-0.163205, 51.385333]]]}, "properties": {"OBJECTID": 212, "Type": null, "First_map": null, "Last_map": null, "First_Year": null, "Last_Year": null, "London1stSeries": 1, "London1srRevision": 1}}, {"type": "Feature", "id": 231, "geometry": {"type": "Polygon", "coordinates": [[[-0.160674, 51.388016], [-0.160519, 51.387953], [-0.160335, 51.38785], [-0.15887, 51.386842], [-0.1584, 51.386574], [-0.15834, 51.386549], [-0.158251, 51.386536], [-0.158259, 51.386508], [-0.158327, 51.386516], [-0.158348, 51.386502], [-0.158327, 51.386478], [-0.158267, 51.386465], [-0.158273, 51.386441], [-0.158345, 51.386458], [-0.158892, 51.386781], [-0.160382, 51.387808], [-0.160517, 51.387886], [-0.16063, 51.387931], [-0.160665, 51.387914], [-0.160694, 51.387865], [-0.160701, 51.387831], [-0.160604, 51.387566], [-0.160601, 51.387503], [-0.160619, 51.387438], [-0.160685, 51.387315], [-0.160734, 51.387177], [-0.16076, 51.387058], [-0.160677, 51.3867], [-0.160591, 51.386503], [-0.16064, 51.386495], [-0.160662, 51.386499], [-0.160692, 51.38655], [-0.160723, 51.386651], [-0.16082, 51.387065], [-0.160776, 51.387255], [-0.160707, 51.38739], [-0.160677, 51.387476], [-0.160685, 51.387583], [-0.160771, 51.387785], [-0.160778, 51.387825], [-0.160751, 51.387896], [-0.160701, 51.387956], [-0.160708, 51.387966], [-0.160674, 51.388016]]]}, "properties": {"OBJECTID": 213, "Type": null, "First_map": null, "Last_map": null, "First_Year": null, "Last_Year": null, "London1stSeries": 1, "London1srRevision": 1}}, {"type": "Feature", "id": 232, "geometry": {"type": "Polygon", "coordinates": [[[-0.15791, 51.375428], [-0.157942, 51.375414], [-0.158118, 51.375438], [-0.158155, 51.375543], [-0.158163, 51.375598], [-0.158186, 51.375635], [-0.158327, 51.376012], [-0.158449, 51.376178], [-0.158551, 51.376294], [-0.158723, 51.376455], [-0.159011, 51.376583], [-0.159051, 51.37661], [-0.159448, 51.376754], [-0.159935, 51.376888], [-0.160066, 51.376913], [-0.159981, 51.377027], [-0.159464, 51.376856], [-0.159078, 51.376718], [-0.159056, 51.376731], [-0.159042, 51.376726], [-0.159047, 51.376707], [-0.158841, 51.376629], [-0.158628, 51.376519], [-0.158453, 51.376367], [-0.158319, 51.376212], [-0.158207, 51.376061], [-0.158095, 51.375846], [-0.158108, 51.375773], [-0.15791, 51.375428]]]}, "properties": {"OBJECTID": 214, "Type": null, "First_map": null, "Last_map": null, "First_Year": null, "Last_Year": null, "London1stSeries": 1, "London1srRevision": 1}}, {"type": "Feature", "id": 233, "geometry": {"type": "Polygon", "coordinates": [[[-0.157385, 51.385708], [-0.157433, 51.385702], [-0.157445, 51.385822], [-0.157693, 51.38632], [-0.157712, 51.386348], [-0.157741, 51.386356], [-0.15774, 51.386367], [-0.157723, 51.386368], [-0.157723, 51.386376], [-0.15777, 51.38641], [-0.157826, 51.386426], [-0.157829, 51.386455], [-0.157782, 51.386444], [-0.157767, 51.38645], [-0.15778, 51.386462], [-0.157821, 51.386473], [-0.157811, 51.386506], [-0.157756, 51.386493], [-0.157712, 51.386466], [-0.157472, 51.385981], [-0.157417, 51.385946], [-0.157424, 51.385935], [-0.157456, 51.385947], [-0.157414, 51.385864], [-0.157397, 51.385859], [-0.157387, 51.385832], [-0.157394, 51.38582], [-0.157385, 51.385708]]]}, "properties": {"OBJECTID": 215, "Type": null, "First_map": null, "Last_map": null, "First_Year": null, "Last_Year": null, "London1stSeries": 1, "London1srRevision": 1}}, {"type": "Feature", "id": 234, "geometry": {"type": "Polygon", "coordinates": [[[-0.157218, 51.383231], [-0.15729, 51.383258], [-0.15739, 51.38512], [-0.157405, 51.38518], [-0.157427, 51.385632], [-0.157379, 51.385637], [-0.157335, 51.385585], [-0.157277, 51.385569], [-0.157105, 51.385567], [-0.157007, 51.385577], [-0.156938, 51.385593], [-0.15642, 51.385642], [-0.156143, 51.385654], [-0.155473, 51.385782], [-0.155459, 51.385758], [-0.156153, 51.385623], [-0.156256, 51.385618], [-0.156426, 51.385588], [-0.156928, 51.385542], [-0.156951, 51.385547], [-0.157121, 51.385532], [-0.157178, 51.385516], [-0.157279, 51.385513], [-0.157377, 51.385534], [-0.157359, 51.385194], [-0.157367, 51.385132], [-0.157276, 51.383365], [-0.157259, 51.383276], [-0.157219, 51.38325], [-0.157162, 51.383244], [-0.15565, 51.383517], [-0.155643, 51.383497], [-0.157146, 51.383227], [-0.157218, 51.383231]]]}, "properties": {"OBJECTID": 216, "Type": null, "First_map": null, "Last_map": null, "First_Year": null, "Last_Year": null, "London1stSeries": 1, "London1srRevision": 1}}, {"type": "Feature", "id": 235, "geometry": {"type": "Polygon", "coordinates": [[[-0.155604, 51.383526], [-0.154406, 51.383742], [-0.154117, 51.383755], [-0.154144, 51.383734], [-0.15438, 51.383723], [-0.155593, 51.383503], [-0.155604, 51.383526]]]}, "properties": {"OBJECTID": 217, "Type": null, "First_map": null, "Last_map": null, "First_Year": null, "Last_Year": null, "London1stSeries": 1, "London1srRevision": 1}}, {"type": "Feature", "id": 236, "geometry": {"type": "Polygon", "coordinates": [[[-0.155101, 51.385812], [-0.154128, 51.383822], [-0.154151, 51.383819], [-0.154535, 51.3846], [-0.15512, 51.385799], [-0.155101, 51.385812]]]}, "properties": {"OBJECTID": 218, "Type": null, "First_map": null, "Last_map": null, "First_Year": null, "Last_Year": null, "London1stSeries": 1, "London1srRevision": 1}}, {"type": "Feature", "id": 237, "geometry": {"type": "Polygon", "coordinates": [[[-0.18876, 51.401487], [-0.188064, 51.401684], [-0.188043, 51.401656], [-0.188739, 51.401459], [-0.18876, 51.401487]]]}, "properties": {"OBJECTID": 219, "Type": null, "First_map": null, "Last_map": null, "First_Year": null, "Last_Year": null, "London1stSeries": 1, "London1srRevision": 1}}, {"type": "Feature", "id": 238, "geometry": {"type": "Polygon", "coordinates": [[[-0.189837, 51.401684], [-0.18994, 51.401719], [-0.190159, 51.401972], [-0.190267, 51.402171], [-0.190583, 51.402686], [-0.190593, 51.402743], [-0.190575, 51.402745], [-0.190522, 51.402681], [-0.190381, 51.402479], [-0.190137, 51.40203], [-0.189676, 51.402157], [-0.189078, 51.402307], [-0.189037, 51.402327], [-0.189032, 51.402357], [-0.189253, 51.403177], [-0.189129, 51.40319], [-0.188908, 51.402448], [-0.188887, 51.402348], [-0.188901, 51.402301], [-0.188929, 51.402278], [-0.188967, 51.402265], [-0.190113, 51.401991], [-0.190095, 51.401958], [-0.190024, 51.401924], [-0.189974, 51.40194], [-0.189962, 51.401954], [-0.189893, 51.401971], [-0.189907, 51.401997], [-0.18978, 51.402029], [-0.189775, 51.40202], [-0.189836, 51.402005], [-0.189875, 51.401984], [-0.189854, 51.401943], [-0.189917, 51.401928], [-0.189968, 51.401931], [-0.19002, 51.401918], [-0.189959, 51.401845], [-0.189898, 51.401791], [-0.189838, 51.40178], [-0.188711, 51.402102], [-0.18867, 51.402094], [-0.18862, 51.402041], [-0.189258, 51.401852], [-0.18953, 51.40178], [-0.189837, 51.401684]]]}, "properties": {"OBJECTID": 220, "Type": null, "First_map": null, "Last_map": null, "First_Year": null, "Last_Year": null, "London1stSeries": 1, "London1srRevision": 1}}, {"type": "Feature", "id": 239, "geometry": {"type": "Polygon", "coordinates": [[[-0.187998, 51.402513], [-0.188053, 51.402555], [-0.188113, 51.402655], [-0.188171, 51.403005], [-0.188211, 51.40314], [-0.188279, 51.403296], [-0.188137, 51.403314], [-0.18811, 51.403258], [-0.188072, 51.403089], [-0.18803, 51.402984], [-0.188034, 51.402958], [-0.187908, 51.402633], [-0.187903, 51.402538], [-0.187998, 51.402513]]]}, "properties": {"OBJECTID": 221, "Type": null, "First_map": null, "Last_map": null, "First_Year": null, "Last_Year": null, "London1stSeries": 1, "London1srRevision": 1}}, {"type": "Feature", "id": 240, "geometry": {"type": "Polygon", "coordinates": [[[-0.186534, 51.405653], [-0.18655, 51.40565], [-0.186542, 51.405541], [-0.186589, 51.405565], [-0.186586, 51.405575], [-0.1866, 51.405579], [-0.186636, 51.40556], [-0.186723, 51.405498], [-0.187084, 51.405154], [-0.187169, 51.405039], [-0.187282, 51.404938], [-0.187573, 51.404646], [-0.188184, 51.404016], [-0.188262, 51.403901], [-0.188273, 51.403835], [-0.188255, 51.403715], [-0.188141, 51.403402], [-0.188138, 51.403342], [-0.188289, 51.403326], [-0.188331, 51.403499], [-0.188414, 51.403616], [-0.188776, 51.403727], [-0.188817, 51.403748], [-0.188859, 51.403784], [-0.188884, 51.403825], [-0.188887, 51.403938], [-0.188909, 51.404009], [-0.188903, 51.40402], [-0.188924, 51.404027], [-0.188945, 51.404012], [-0.189052, 51.403899], [-0.189108, 51.403868], [-0.189254, 51.40385], [-0.189313, 51.403836], [-0.189311, 51.403829], [-0.189498, 51.403804], [-0.189666, 51.403802], [-0.189645, 51.403859], [-0.189602, 51.403896], [-0.189424, 51.403975], [-0.189414, 51.403968], [-0.189401, 51.403975], [-0.18941, 51.403981], [-0.189354, 51.403982], [-0.189337, 51.403991], [-0.189194, 51.40408], [-0.189017, 51.404257], [-0.189094, 51.40433], [-0.189239, 51.404425], [-0.189293, 51.40445], [-0.18933, 51.404453], [-0.189354, 51.40448], [-0.189824, 51.404809], [-0.189906, 51.404847], [-0.189999, 51.404842], [-0.190037, 51.404832], [-0.190204, 51.404768], [-0.190273, 51.404753], [-0.190394, 51.404696], [-0.191166, 51.40419], [-0.191305, 51.404054], [-0.191344, 51.403977], [-0.191352, 51.403933], [-0.19133, 51.40375], [-0.191346, 51.403719], [-0.191389, 51.403741], [-0.191408, 51.403764], [-0.19141, 51.403973], [-0.191372, 51.404071], [-0.191339, 51.404108], [-0.191192, 51.404227], [-0.190987, 51.404362], [-0.190829, 51.404455], [-0.190503, 51.404684], [-0.190445, 51.404716], [-0.190339, 51.404768], [-0.190236, 51.404796], [-0.190068, 51.404877], [-0.190018, 51.404887], [-0.189927, 51.404891], [-0.189796, 51.40484], [-0.189372, 51.404551], [-0.189249, 51.4045], [-0.189006, 51.404333], [-0.188932, 51.404301], [-0.188861, 51.404286], [-0.188824, 51.404283], [-0.188778, 51.404296], [-0.188687, 51.404352], [-0.188621, 51.404415], [-0.188568, 51.404499], [-0.1884, 51.404666], [-0.188334, 51.404698], [-0.188169, 51.40485], [-0.187988, 51.404996], [-0.187639, 51.405325], [-0.18748, 51.405489], [-0.187175, 51.405746], [-0.18706, 51.405865], [-0.186952, 51.405946], [-0.186852, 51.405897], [-0.187003, 51.405777], [-0.187323, 51.405498], [-0.187509, 51.405309], [-0.187987, 51.40488], [-0.188315, 51.40455], [-0.188658, 51.404245], [-0.188796, 51.40414], [-0.188821, 51.404084], [-0.188832, 51.404084], [-0.188832, 51.404063], [-0.188819, 51.404063], [-0.1888, 51.403998], [-0.188815, 51.403869], [-0.18876, 51.403803], [-0.188453, 51.403706], [-0.188437, 51.40371], [-0.188413, 51.403824], [-0.188333, 51.403999], [-0.188302, 51.404048], [-0.18818, 51.404169], [-0.188146, 51.404229], [-0.188056, 51.404296], [-0.187915, 51.404441], [-0.187874, 51.404467], [-0.187867, 51.404491], [-0.187575, 51.40478], [-0.187218, 51.405169], [-0.187058, 51.405317], [-0.186741, 51.405644], [-0.186602, 51.405774], [-0.186494, 51.405722], [-0.186554, 51.405675], [-0.186534, 51.405653]]]}, "properties": {"OBJECTID": 222, "Type": null, "First_map": null, "Last_map": null, "First_Year": null, "Last_Year": null, "London1stSeries": 1, "London1srRevision": 1}}, {"type": "Feature", "id": 241, "geometry": {"type": "Polygon", "coordinates": [[[-0.18802, 51.406468], [-0.188055, 51.406439], [-0.188143, 51.406397], [-0.188532, 51.406111], [-0.188633, 51.406099], [-0.18867, 51.406108], [-0.188676, 51.406116], [-0.188666, 51.406122], [-0.188576, 51.406141], [-0.188547, 51.406158], [-0.188228, 51.406382], [-0.188088, 51.406501], [-0.18802, 51.406468]]]}, "properties": {"OBJECTID": 223, "Type": null, "First_map": null, "Last_map": null, "First_Year": null, "Last_Year": null, "London1stSeries": 1, "London1srRevision": 1}}, {"type": "Feature", "id": 242, "geometry": {"type": "Polygon", "coordinates": [[[-0.183335, 51.41493], [-0.183484, 51.414751], [-0.183519, 51.414705], [-0.183556, 51.414628], [-0.183576, 51.414488], [-0.183627, 51.414297], [-0.183642, 51.41416], [-0.183682, 51.414098], [-0.183688, 51.414071], [-0.183796, 51.414074], [-0.183716, 51.414566], [-0.183665, 51.414682], [-0.183604, 51.414775], [-0.183614, 51.414793], [-0.183493, 51.414932], [-0.183335, 51.41493]]]}, "properties": {"OBJECTID": 224, "Type": null, "First_map": null, "Last_map": null, "First_Year": null, "Last_Year": null, "London1stSeries": 1, "London1srRevision": 1}}, {"type": "Feature", "id": 243, "geometry": {"type": "Polygon", "coordinates": [[[-0.179263, 51.414867], [-0.179178, 51.414865], [-0.179164, 51.414758], [-0.179256, 51.414772], [-0.179263, 51.414867]]]}, "properties": {"OBJECTID": 225, "Type": null, "First_map": null, "Last_map": null, "First_Year": null, "Last_Year": null, "London1stSeries": 1, "London1srRevision": 1}}, {"type": "Feature", "id": 244, "geometry": {"type": "Polygon", "coordinates": [[[-0.180306, 51.416195], [-0.1802, 51.416188], [-0.18016, 51.416122], [-0.180091, 51.415945], [-0.180053, 51.415654], [-0.180018, 51.41559], [-0.179937, 51.415538], [-0.179548, 51.415387], [-0.179425, 51.415331], [-0.179335, 51.415282], [-0.179249, 51.415213], [-0.179212, 51.415136], [-0.179178, 51.414865], [-0.179263, 51.414867], [-0.1793, 51.415147], [-0.179315, 51.415177], [-0.179359, 51.415219], [-0.179547, 51.415326], [-0.179981, 51.415492], [-0.18007, 51.415544], [-0.180095, 51.415569], [-0.180137, 51.415646], [-0.180155, 51.415723], [-0.18017, 51.415893], [-0.180196, 51.415986], [-0.180235, 51.41608], [-0.180306, 51.416195]]]}, "properties": {"OBJECTID": 226, "Type": null, "First_map": null, "Last_map": null, "First_Year": null, "Last_Year": null, "London1stSeries": 1, "London1srRevision": 1}}, {"type": "Feature", "id": 245, "geometry": {"type": "Polygon", "coordinates": [[[-0.183335, 51.41493], [-0.183493, 51.414932], [-0.183397, 51.415053], [-0.18337, 51.415215], [-0.183337, 51.415304], [-0.183314, 51.415341], [-0.183157, 51.415509], [-0.183, 51.41565], [-0.182921, 51.415738], [-0.182671, 51.415908], [-0.182517, 51.415985], [-0.182291, 51.416068], [-0.182263, 51.415998], [-0.182504, 51.415908], [-0.182604, 51.415855], [-0.182671, 51.415809], [-0.18271, 51.415777], [-0.182712, 51.41576], [-0.182729, 51.415761], [-0.18309, 51.415412], [-0.183147, 51.415338], [-0.183181, 51.415334], [-0.183272, 51.415035], [-0.183335, 51.41493]]]}, "properties": {"OBJECTID": 227, "Type": null, "First_map": null, "Last_map": null, "First_Year": null, "Last_Year": null, "London1stSeries": 1, "London1srRevision": 1}}, {"type": "Feature", "id": 246, "geometry": {"type": "Polygon", "coordinates": [[[-0.180233, 51.416228], [-0.180364, 51.416237], [-0.180418, 51.416274], [-0.180672, 51.416389], [-0.180866, 51.41635], [-0.180863, 51.416342], [-0.180877, 51.416339], [-0.180888, 51.416355], [-0.181669, 51.416166], [-0.182203, 51.416015], [-0.182231, 51.416084], [-0.18203, 51.416164], [-0.181145, 51.41639], [-0.180595, 51.416523], [-0.180555, 51.416455], [-0.180527, 51.416427], [-0.180297, 51.416281], [-0.180233, 51.416228]]]}, "properties": {"OBJECTID": 228, "Type": null, "First_map": null, "Last_map": null, "First_Year": null, "Last_Year": null, "London1stSeries": 1, "London1srRevision": 1}}, {"type": "Feature", "id": 247, "geometry": {"type": "Polygon", "coordinates": [[[-0.181275, 51.419797], [-0.181194, 51.419802], [-0.181194, 51.419766], [-0.181161, 51.419674], [-0.18108, 51.419221], [-0.180939, 51.41858], [-0.180888, 51.418114], [-0.180763, 51.417474], [-0.180617, 51.416882], [-0.180633, 51.416729], [-0.180624, 51.416663], [-0.180736, 51.416634], [-0.181312, 51.419565], [-0.1813, 51.419579], [-0.18132, 51.419693], [-0.181287, 51.419734], [-0.181275, 51.419797]]]}, "properties": {"OBJECTID": 229, "Type": null, "First_map": null, "Last_map": null, "First_Year": null, "Last_Year": null, "London1stSeries": 1, "London1srRevision": 1}}, {"type": "Feature", "id": 248, "geometry": {"type": "Polygon", "coordinates": [[[-0.180391, 51.41772], [-0.180406, 51.417725], [-0.180358, 51.417826], [-0.180355, 51.417942], [-0.180241, 51.418054], [-0.18028, 51.418182], [-0.180309, 51.418223], [-0.180308, 51.41831], [-0.180265, 51.418345], [-0.180234, 51.4184], [-0.180113, 51.418464], [-0.179994, 51.418509], [-0.179966, 51.418485], [-0.18016, 51.418398], [-0.180251, 51.418327], [-0.180258, 51.418214], [-0.180199, 51.418048], [-0.180312, 51.417938], [-0.180341, 51.417737], [-0.180391, 51.41772]]]}, "properties": {"OBJECTID": 230, "Type": null, "First_map": null, "Last_map": null, "First_Year": null, "Last_Year": null, "London1stSeries": 1, "London1srRevision": 1}}, {"type": "Feature", "id": 249, "geometry": {"type": "Polygon", "coordinates": [[[-0.18067, 51.418683], [-0.180639, 51.418665], [-0.180719, 51.41859], [-0.180737, 51.418506], [-0.180671, 51.418211], [-0.180632, 51.41816], [-0.180505, 51.418103], [-0.180473, 51.418067], [-0.180487, 51.418027], [-0.180542, 51.417983], [-0.180562, 51.417978], [-0.18067, 51.418007], [-0.180729, 51.418056], [-0.180716, 51.418088], [-0.180715, 51.418137], [-0.180739, 51.418303], [-0.18079, 51.418517], [-0.180777, 51.41857], [-0.180749, 51.418619], [-0.180716, 51.418656], [-0.18067, 51.418683]]]}, "properties": {"OBJECTID": 231, "Type": null, "First_map": null, "Last_map": null, "First_Year": null, "Last_Year": null, "London1stSeries": 1, "London1srRevision": 1}}, {"type": "Feature", "id": 250, "geometry": {"type": "Polygon", "coordinates": [[[-0.179938, 51.418493], [-0.179961, 51.418513], [-0.179847, 51.418531], [-0.179807, 51.418552], [-0.179794, 51.418572], [-0.179793, 51.418626], [-0.179765, 51.418676], [-0.179727, 51.41871], [-0.179662, 51.418745], [-0.179612, 51.4188], [-0.179589, 51.418872], [-0.179602, 51.418948], [-0.179623, 51.418962], [-0.179677, 51.418967], [-0.1797, 51.419], [-0.179618, 51.419032], [-0.179583, 51.419117], [-0.179529, 51.419177], [-0.179461, 51.419222], [-0.179316, 51.419265], [-0.179233, 51.419322], [-0.178886, 51.41947], [-0.178862, 51.419506], [-0.179014, 51.419735], [-0.179275, 51.420066], [-0.179316, 51.420087], [-0.1794, 51.420113], [-0.179393, 51.420137], [-0.179331, 51.420122], [-0.179271, 51.420092], [-0.179154, 51.419979], [-0.178824, 51.419539], [-0.17882, 51.41949], [-0.178835, 51.419461], [-0.17887, 51.419436], [-0.179199, 51.419312], [-0.179259, 51.419262], [-0.179335, 51.419228], [-0.179385, 51.419193], [-0.179449, 51.419168], [-0.17953, 51.419113], [-0.179562, 51.419041], [-0.179549, 51.41886], [-0.179606, 51.418716], [-0.179697, 51.418632], [-0.179742, 51.418527], [-0.179774, 51.418515], [-0.179938, 51.418493]]]}, "properties": {"OBJECTID": 232, "Type": null, "First_map": null, "Last_map": null, "First_Year": null, "Last_Year": null, "London1stSeries": 1, "London1srRevision": 1}}, {"type": "Feature", "id": 251, "geometry": {"type": "Polygon", "coordinates": [[[-0.180646, 51.418694], [-0.180404, 51.418774], [-0.180334, 51.418824], [-0.18019, 51.418957], [-0.180072, 51.419011], [-0.18, 51.41902], [-0.179891, 51.419011], [-0.179807, 51.418991], [-0.179759, 51.418966], [-0.179759, 51.418938], [-0.17979, 51.41892], [-0.179845, 51.418905], [-0.179959, 51.418747], [-0.180027, 51.418686], [-0.180061, 51.418667], [-0.180135, 51.41866], [-0.180368, 51.418696], [-0.180518, 51.418682], [-0.18056, 51.418672], [-0.180601, 51.418681], [-0.180617, 51.418677], [-0.180646, 51.418694]]]}, "properties": {"OBJECTID": 233, "Type": null, "First_map": null, "Last_map": null, "First_Year": null, "Last_Year": null, "London1stSeries": 1, "London1srRevision": 1}}, {"type": "Feature", "id": 252, "geometry": {"type": "Polygon", "coordinates": [[[-0.179421, 51.420139], [-0.179427, 51.420117], [-0.179503, 51.420101], [-0.17964, 51.420038], [-0.179695, 51.419999], [-0.17989, 51.419972], [-0.179971, 51.419985], [-0.180047, 51.420041], [-0.180102, 51.420105], [-0.180061, 51.42013], [-0.179973, 51.42002], [-0.179903, 51.420001], [-0.179855, 51.419997], [-0.179734, 51.420013], [-0.179671, 51.420062], [-0.179552, 51.420097], [-0.17949, 51.420133], [-0.179421, 51.420139]]]}, "properties": {"OBJECTID": 234, "Type": null, "First_map": null, "Last_map": null, "First_Year": null, "Last_Year": null, "London1stSeries": 1, "London1srRevision": 1}}, {"type": "Feature", "id": 253, "geometry": {"type": "Polygon", "coordinates": [[[-0.181234, 51.420135], [-0.181297, 51.420131], [-0.181413, 51.420296], [-0.181461, 51.420416], [-0.181484, 51.420576], [-0.18157, 51.420838], [-0.18162, 51.420929], [-0.181736, 51.421036], [-0.18194, 51.42115], [-0.182111, 51.421289], [-0.182227, 51.421411], [-0.182414, 51.421741], [-0.1823, 51.421784], [-0.182242, 51.421689], [-0.182203, 51.421586], [-0.182112, 51.421437], [-0.181846, 51.42119], [-0.181768, 51.421139], [-0.181667, 51.421096], [-0.181571, 51.421031], [-0.181459, 51.420916], [-0.181279, 51.420468], [-0.181253, 51.420418], [-0.18122, 51.420384], [-0.181099, 51.42033], [-0.180922, 51.420302], [-0.180852, 51.420307], [-0.180811, 51.420287], [-0.180874, 51.420273], [-0.180977, 51.420276], [-0.181238, 51.420333], [-0.181219, 51.420195], [-0.181234, 51.420135]]]}, "properties": {"OBJECTID": 235, "Type": null, "First_map": null, "Last_map": null, "First_Year": null, "Last_Year": null, "London1stSeries": 1, "London1srRevision": 1}}, {"type": "Feature", "id": 254, "geometry": {"type": "Polygon", "coordinates": [[[-0.180111, 51.420217], [-0.180145, 51.420188], [-0.180272, 51.420453], [-0.180745, 51.420305], [-0.180784, 51.420324], [-0.18024, 51.420496], [-0.180219, 51.420471], [-0.180232, 51.420466], [-0.180111, 51.420217]]]}, "properties": {"OBJECTID": 236, "Type": null, "First_map": null, "Last_map": null, "First_Year": null, "Last_Year": null, "London1stSeries": 1, "London1srRevision": 1}}, {"type": "Feature", "id": 255, "geometry": {"type": "Polygon", "coordinates": [[[-0.184879, 51.424907], [-0.184647, 51.42488], [-0.18462, 51.424794], [-0.184557, 51.424718], [-0.184363, 51.424676], [-0.18435, 51.42464], [-0.184439, 51.424609], [-0.184407, 51.424543], [-0.184271, 51.424426], [-0.184043, 51.424273], [-0.183946, 51.424075], [-0.183929, 51.423964], [-0.183898, 51.423911], [-0.183751, 51.423756], [-0.183656, 51.423695], [-0.183563, 51.423612], [-0.183505, 51.423536], [-0.183464, 51.423433], [-0.183447, 51.423271], [-0.183432, 51.423235], [-0.183337, 51.423108], [-0.183305, 51.423092], [-0.183117, 51.422956], [-0.183026, 51.422869], [-0.182971, 51.422777], [-0.182882, 51.422518], [-0.182818, 51.422397], [-0.182755, 51.422323], [-0.18257, 51.422175], [-0.182513, 51.42212], [-0.182441, 51.422014], [-0.182358, 51.421879], [-0.182474, 51.421836], [-0.182639, 51.422083], [-0.182723, 51.422163], [-0.182917, 51.422305], [-0.182996, 51.422437], [-0.183092, 51.422671], [-0.1832, 51.422876], [-0.18343, 51.423045], [-0.183573, 51.423196], [-0.183615, 51.423273], [-0.183745, 51.423592], [-0.183811, 51.423662], [-0.184041, 51.423869], [-0.184104, 51.423985], [-0.18415, 51.424121], [-0.184218, 51.424235], [-0.184411, 51.424373], [-0.184661, 51.424618], [-0.184879, 51.424907]]]}, "properties": {"OBJECTID": 237, "Type": null, "First_map": null, "Last_map": null, "First_Year": null, "Last_Year": null, "London1stSeries": 1, "London1srRevision": 1}}, {"type": "Feature", "id": 256, "geometry": {"type": "Polygon", "coordinates": [[[-0.182545, 51.424818], [-0.183595, 51.424947], [-0.184241, 51.425039], [-0.18444, 51.425084], [-0.184539, 51.425094], [-0.184731, 51.425084], [-0.184829, 51.425091], [-0.18483, 51.425081], [-0.184789, 51.425062], [-0.184779, 51.425028], [-0.184737, 51.424968], [-0.184961, 51.424995], [-0.18533, 51.425337], [-0.185709, 51.425657], [-0.185871, 51.425837], [-0.185991, 51.426007], [-0.186321, 51.426537], [-0.186478, 51.426767], [-0.186702, 51.427009], [-0.186989, 51.427291], [-0.187095, 51.427419], [-0.187145, 51.427509], [-0.187249, 51.42804], [-0.187283, 51.428106], [-0.18736, 51.42819], [-0.187717, 51.428499], [-0.187575, 51.428554], [-0.187553, 51.42855], [-0.187132, 51.428172], [-0.187039, 51.427862], [-0.186993, 51.427509], [-0.186957, 51.427426], [-0.186871, 51.427326], [-0.186611, 51.42708], [-0.186329, 51.426774], [-0.18613, 51.426483], [-0.18594, 51.426154], [-0.185874, 51.426054], [-0.185767, 51.425924], [-0.185565, 51.425709], [-0.185063, 51.425267], [-0.185007, 51.425238], [-0.184932, 51.425216], [-0.184701, 51.425189], [-0.184544, 51.425136], [-0.184402, 51.425119], [-0.184184, 51.425071], [-0.183343, 51.424957], [-0.182528, 51.424866], [-0.182545, 51.424818]]]}, "properties": {"OBJECTID": 238, "Type": null, "First_map": null, "Last_map": null, "First_Year": null, "Last_Year": null, "London1stSeries": 1, "London1srRevision": 1}}, {"type": "Feature", "id": 257, "geometry": {"type": "Polygon", "coordinates": [[[-0.189414, 51.430874], [-0.18892, 51.430229], [-0.188891, 51.430154], [-0.18888, 51.430016], [-0.188886, 51.429902], [-0.188923, 51.429771], [-0.18891, 51.429694], [-0.1888, 51.429567], [-0.188684, 51.42952], [-0.188567, 51.429433], [-0.187979, 51.428824], [-0.187827, 51.428696], [-0.18775, 51.428647], [-0.187906, 51.428586], [-0.188094, 51.428739], [-0.188186, 51.428828], [-0.188367, 51.429018], [-0.188591, 51.42923], [-0.188758, 51.429407], [-0.188883, 51.429459], [-0.188955, 51.429501], [-0.189063, 51.429631], [-0.189094, 51.4297], [-0.189099, 51.429783], [-0.18904, 51.429915], [-0.189031, 51.430039], [-0.189148, 51.430331], [-0.189504, 51.430845], [-0.189414, 51.430874]]]}, "properties": {"OBJECTID": 239, "Type": null, "First_map": null, "Last_map": null, "First_Year": null, "Last_Year": null, "London1stSeries": 1, "London1srRevision": 1}}, {"type": "Feature", "id": 258, "geometry": {"type": "Polygon", "coordinates": [[[-0.191644, 51.453234], [-0.191848, 51.45319], [-0.19189, 51.453241], [-0.192114, 51.453395], [-0.192632, 51.453641], [-0.192788, 51.453735], [-0.192865, 51.453797], [-0.19294, 51.453891], [-0.193001, 51.45399], [-0.192855, 51.454009], [-0.192771, 51.453857], [-0.192688, 51.453799], [-0.19256, 51.453731], [-0.192139, 51.453548], [-0.191961, 51.453448], [-0.191712, 51.453288], [-0.191644, 51.453234]]]}, "properties": {"OBJECTID": 240, "Type": null, "First_map": null, "Last_map": null, "First_Year": null, "Last_Year": null, "London1stSeries": 1, "London1srRevision": 1}}, {"type": "Feature", "id": 259, "geometry": {"type": "Polygon", "coordinates": [[[-0.192309, 51.448898], [-0.192416, 51.449184], [-0.19242, 51.449247], [-0.192078, 51.450106], [-0.191761, 51.450437], [-0.191739, 51.450483], [-0.191686, 51.450726], [-0.191537, 51.450718], [-0.191583, 51.450498], [-0.191626, 51.450382], [-0.191668, 51.450329], [-0.19194, 51.45006], [-0.191978, 51.449987], [-0.192278, 51.449255], [-0.192284, 51.44922], [-0.192274, 51.449179], [-0.192169, 51.449019], [-0.192139, 51.448913], [-0.192309, 51.448898]]]}, "properties": {"OBJECTID": 241, "Type": null, "First_map": null, "Last_map": null, "First_Year": null, "Last_Year": null, "London1stSeries": 1, "London1srRevision": 1}}, {"type": "Feature", "id": 260, "geometry": {"type": "Polygon", "coordinates": [[[-0.191948, 51.452382], [-0.191704, 51.45281], [-0.1917, 51.452855], [-0.191712, 51.452918], [-0.191781, 51.45307], [-0.191593, 51.453114], [-0.191454, 51.45262], [-0.191543, 51.452614], [-0.191573, 51.452796], [-0.191584, 51.4528], [-0.191691, 51.452585], [-0.191931, 51.452275], [-0.192016, 51.452211], [-0.192031, 51.452164], [-0.192005, 51.452051], [-0.191908, 51.451903], [-0.191847, 51.451903], [-0.191809, 51.451819], [-0.191566, 51.451679], [-0.191482, 51.451686], [-0.191491, 51.451737], [-0.191476, 51.451841], [-0.191452, 51.451864], [-0.191347, 51.451865], [-0.191391, 51.451583], [-0.191496, 51.451588], [-0.191495, 51.451633], [-0.191552, 51.451629], [-0.191552, 51.451617], [-0.191517, 51.451581], [-0.191558, 51.451562], [-0.191721, 51.451665], [-0.192012, 51.45191], [-0.192069, 51.45202], [-0.192123, 51.452057], [-0.192148, 51.452086], [-0.192178, 51.452177], [-0.192179, 51.452208], [-0.19216, 51.452235], [-0.192107, 51.452273], [-0.191992, 51.452327], [-0.191948, 51.452382]]]}, "properties": {"OBJECTID": 242, "Type": null, "First_map": null, "Last_map": null, "First_Year": null, "Last_Year": null, "London1stSeries": 1, "London1srRevision": 1}}, {"type": "Feature", "id": 261, "geometry": {"type": "Polygon", "coordinates": [[[-0.191337, 51.442693], [-0.191679, 51.442684], [-0.191807, 51.442694], [-0.191876, 51.442713], [-0.191999, 51.442765], [-0.192103, 51.44284], [-0.191966, 51.4429], [-0.191859, 51.442837], [-0.191741, 51.442802], [-0.191564, 51.442791], [-0.191424, 51.442797], [-0.191417, 51.442805], [-0.191397, 51.442805], [-0.191337, 51.442693]]]}, "properties": {"OBJECTID": 243, "Type": null, "First_map": null, "Last_map": null, "First_Year": null, "Last_Year": null, "London1stSeries": 1, "London1srRevision": 1}}, {"type": "Feature", "id": 262, "geometry": {"type": "Polygon", "coordinates": [[[-0.19152, 51.45081], [-0.191669, 51.450828], [-0.191542, 51.451555], [-0.191491, 51.451579], [-0.191393, 51.451572], [-0.19152, 51.45081]]]}, "properties": {"OBJECTID": 244, "Type": null, "First_map": null, "Last_map": null, "First_Year": null, "Last_Year": null, "London1stSeries": 1, "London1srRevision": 1}}, {"type": "Feature", "id": 263, "geometry": {"type": "Polygon", "coordinates": [[[-0.189985, 51.442468], [-0.190138, 51.442408], [-0.190169, 51.442508], [-0.190281, 51.442603], [-0.190429, 51.442665], [-0.190475, 51.442678], [-0.190783, 51.442714], [-0.191156, 51.442707], [-0.191213, 51.442813], [-0.190786, 51.442806], [-0.190408, 51.442763], [-0.19034, 51.442748], [-0.190199, 51.442689], [-0.190083, 51.442604], [-0.189985, 51.442468]]]}, "properties": {"OBJECTID": 245, "Type": null, "First_map": null, "Last_map": null, "First_Year": null, "Last_Year": null, "London1stSeries": 1, "London1srRevision": 1}}, {"type": "Feature", "id": 264, "geometry": {"type": "Polygon", "coordinates": [[[-0.189536, 51.43089], [-0.189667, 51.431088], [-0.189742, 51.431238], [-0.189945, 51.431463], [-0.190399, 51.431897], [-0.190469, 51.431987], [-0.190505, 51.432223], [-0.190772, 51.432618], [-0.191041, 51.432913], [-0.191125, 51.433068], [-0.191151, 51.43313], [-0.191223, 51.4334], [-0.191233, 51.433551], [-0.191197, 51.433638], [-0.19114, 51.433699], [-0.190859, 51.433895], [-0.190749, 51.434012], [-0.190267, 51.434873], [-0.190083, 51.435425], [-0.189808, 51.436194], [-0.189477, 51.437424], [-0.18937, 51.43795], [-0.189313, 51.438386], [-0.189324, 51.438562], [-0.189351, 51.438722], [-0.189394, 51.438834], [-0.189415, 51.438871], [-0.189442, 51.438885], [-0.189386, 51.439123], [-0.189397, 51.439159], [-0.189302, 51.43918], [-0.189275, 51.439148], [-0.189218, 51.439138], [-0.189196, 51.439149], [-0.189182, 51.439168], [-0.189185, 51.439204], [-0.189116, 51.439219], [-0.189076, 51.439163], [-0.189049, 51.439099], [-0.189073, 51.439089], [-0.189055, 51.438852], [-0.189079, 51.438831], [-0.189161, 51.438229], [-0.189307, 51.437504], [-0.189658, 51.436195], [-0.190033, 51.435197], [-0.190228, 51.434725], [-0.190593, 51.43398], [-0.190665, 51.433899], [-0.190948, 51.433717], [-0.190944, 51.433705], [-0.190981, 51.433696], [-0.191082, 51.433552], [-0.191105, 51.433458], [-0.191, 51.433076], [-0.190826, 51.432886], [-0.190524, 51.432475], [-0.190428, 51.432288], [-0.190355, 51.432019], [-0.190324, 51.431979], [-0.189895, 51.431561], [-0.18966, 51.431294], [-0.189442, 51.430922], [-0.189536, 51.43089]]]}, "properties": {"OBJECTID": 246, "Type": null, "First_map": null, "Last_map": null, "First_Year": null, "Last_Year": null, "London1stSeries": 1, "London1srRevision": 1}}, {"type": "Feature", "id": 265, "geometry": {"type": "Polygon", "coordinates": [[[-0.189994, 51.442337], [-0.190059, 51.441893], [-0.189922, 51.441404], [-0.189979, 51.440958], [-0.189984, 51.4408], [-0.189954, 51.44063], [-0.189843, 51.440413], [-0.189958, 51.440302], [-0.190124, 51.440621], [-0.190157, 51.440732], [-0.190151, 51.440881], [-0.190122, 51.441006], [-0.190115, 51.441168], [-0.190085, 51.441394], [-0.190122, 51.441429], [-0.190199, 51.441409], [-0.190439, 51.441371], [-0.190445, 51.441394], [-0.190157, 51.441454], [-0.19013, 51.441465], [-0.19011, 51.441485], [-0.190203, 51.44181], [-0.190204, 51.44195], [-0.19015, 51.442268], [-0.189994, 51.442337]]]}, "properties": {"OBJECTID": 247, "Type": null, "First_map": null, "Last_map": null, "First_Year": null, "Last_Year": null, "London1stSeries": 1, "London1srRevision": 1}}, {"type": "Feature", "id": 266, "geometry": {"type": "Polygon", "coordinates": [[[-0.189755, 51.440241], [-0.189489, 51.439741], [-0.189464, 51.439721], [-0.189439, 51.439716], [-0.189327, 51.439562], [-0.189225, 51.43945], [-0.189231, 51.439446], [-0.189117, 51.439256], [-0.189194, 51.439239], [-0.189326, 51.439466], [-0.18936, 51.439492], [-0.189406, 51.439495], [-0.189447, 51.439476], [-0.189454, 51.439446], [-0.18932, 51.439213], [-0.189415, 51.439195], [-0.189551, 51.439416], [-0.189609, 51.439431], [-0.189582, 51.439481], [-0.189714, 51.439833], [-0.189866, 51.440126], [-0.189755, 51.440241]]]}, "properties": {"OBJECTID": 248, "Type": null, "First_map": null, "Last_map": null, "First_Year": null, "Last_Year": null, "London1stSeries": 1, "London1srRevision": 1}}, {"type": "Feature", "id": 267, "geometry": {"type": "Polygon", "coordinates": [[[-0.193744, 51.457087], [-0.193912, 51.457127], [-0.193913, 51.45718], [-0.193901, 51.45722], [-0.193905, 51.457364], [-0.194048, 51.458031], [-0.194049, 51.458151], [-0.19393, 51.458499], [-0.193796, 51.458755], [-0.193585, 51.458794], [-0.193827, 51.458389], [-0.193892, 51.458182], [-0.19392, 51.458023], [-0.193916, 51.457915], [-0.193882, 51.457793], [-0.193898, 51.45779], [-0.193749, 51.45727], [-0.193744, 51.457087]]]}, "properties": {"OBJECTID": 249, "Type": null, "First_map": null, "Last_map": null, "First_Year": null, "Last_Year": null, "London1stSeries": 1, "London1srRevision": 1}}, {"type": "Feature", "id": 268, "geometry": {"type": "Polygon", "coordinates": [[[-0.153166, 51.379631], [-0.153153, 51.379637], [-0.153009, 51.379332], [-0.152971, 51.379193], [-0.153009, 51.378991], [-0.153027, 51.378979], [-0.153077, 51.378639], [-0.153187, 51.37821], [-0.153287, 51.377867], [-0.15344, 51.377457], [-0.153432, 51.377434], [-0.153413, 51.377432], [-0.153226, 51.377476], [-0.153217, 51.377456], [-0.153446, 51.377398], [-0.152963, 51.376671], [-0.152192, 51.375701], [-0.152204, 51.375696], [-0.152969, 51.376654], [-0.153457, 51.377395], [-0.153475, 51.37744], [-0.153468, 51.377477], [-0.153318, 51.377872], [-0.153201, 51.378279], [-0.153106, 51.378653], [-0.153078, 51.378844], [-0.153093, 51.378857], [-0.153089, 51.378877], [-0.153061, 51.37889], [-0.153044, 51.378979], [-0.153026, 51.37899], [-0.152992, 51.379163], [-0.152989, 51.379219], [-0.153024, 51.379322], [-0.153166, 51.379631]]]}, "properties": {"OBJECTID": 250, "Type": null, "First_map": null, "Last_map": null, "First_Year": null, "Last_Year": null, "London1stSeries": 1, "London1srRevision": 1}}, {"type": "Feature", "id": 269, "geometry": {"type": "Polygon", "coordinates": [[[-0.151703, 51.379584], [-0.15168, 51.379585], [-0.151653, 51.379575], [-0.151638, 51.379563], [-0.151639, 51.379552], [-0.151747, 51.379456], [-0.151849, 51.379334], [-0.152087, 51.378922], [-0.15218, 51.378708], [-0.15221, 51.378608], [-0.152255, 51.378156], [-0.15228, 51.378112], [-0.152193, 51.378002], [-0.152219, 51.377911], [-0.152324, 51.377784], [-0.152327, 51.377754], [-0.152258, 51.377702], [-0.152052, 51.377406], [-0.151981, 51.377435], [-0.151828, 51.37747], [-0.151716, 51.377476], [-0.15139, 51.377539], [-0.150964, 51.377604], [-0.150958, 51.377586], [-0.151361, 51.377525], [-0.151709, 51.377459], [-0.151841, 51.377448], [-0.151995, 51.377411], [-0.15204, 51.37739], [-0.151874, 51.377181], [-0.151849, 51.377123], [-0.15176, 51.377036], [-0.151732, 51.376951], [-0.151689, 51.376875], [-0.151592, 51.376782], [-0.151555, 51.376722], [-0.151263, 51.376837], [-0.150959, 51.376939], [-0.150833, 51.376997], [-0.150693, 51.376959], [-0.150705, 51.376943], [-0.15083, 51.376977], [-0.150942, 51.376924], [-0.151249, 51.376821], [-0.151545, 51.376705], [-0.151463, 51.376549], [-0.151423, 51.37653], [-0.151333, 51.376506], [-0.151202, 51.376504], [-0.150752, 51.376401], [-0.150498, 51.376319], [-0.15026, 51.37623], [-0.150171, 51.376217], [-0.149803, 51.37624], [-0.149663, 51.376257], [-0.148927, 51.376384], [-0.148357, 51.376498], [-0.148318, 51.376543], [-0.148296, 51.376597], [-0.148317, 51.376712], [-0.148289, 51.376715], [-0.148267, 51.376596], [-0.148291, 51.376537], [-0.148337, 51.376484], [-0.148912, 51.376368], [-0.149663, 51.376238], [-0.149807, 51.376222], [-0.150173, 51.376199], [-0.150271, 51.376213], [-0.150512, 51.376303], [-0.150763, 51.376385], [-0.151207, 51.376486], [-0.151346, 51.37649], [-0.151437, 51.376514], [-0.151488, 51.376538], [-0.151618, 51.376774], [-0.151715, 51.376867], [-0.151759, 51.376946], [-0.151787, 51.37703], [-0.151875, 51.377115], [-0.151901, 51.377175], [-0.152153, 51.377498], [-0.152283, 51.377693], [-0.152356, 51.377747], [-0.152352, 51.377789], [-0.152246, 51.377916], [-0.152223, 51.377999], [-0.152311, 51.378111], [-0.152283, 51.378159], [-0.152239, 51.37861], [-0.152208, 51.378711], [-0.152089, 51.379003], [-0.151972, 51.379252], [-0.151922, 51.379394], [-0.151873, 51.379449], [-0.151703, 51.379584]]]}, "properties": {"OBJECTID": 251, "Type": null, "First_map": null, "Last_map": null, "First_Year": null, "Last_Year": null, "London1stSeries": 1, "London1srRevision": 1}}, {"type": "Feature", "id": 270, "geometry": {"type": "Polygon", "coordinates": [[[-0.140673, 51.377415], [-0.140711, 51.37739], [-0.141964, 51.378169], [-0.141925, 51.378193], [-0.140673, 51.377415]]]}, "properties": {"OBJECTID": 252, "Type": null, "First_map": null, "Last_map": null, "First_Year": null, "Last_Year": null, "London1stSeries": 1, "London1srRevision": 1}}, {"type": "Feature", "id": 271, "geometry": {"type": "Polygon", "coordinates": [[[-0.143424, 51.379091], [-0.143393, 51.37911], [-0.142211, 51.37837], [-0.142238, 51.378354], [-0.143424, 51.379091]]]}, "properties": {"OBJECTID": 253, "Type": null, "First_map": null, "Last_map": null, "First_Year": null, "Last_Year": null, "London1stSeries": 1, "London1srRevision": 1}}, {"type": "Feature", "id": 272, "geometry": {"type": "Polygon", "coordinates": [[[-0.144054, 51.379481], [-0.146038, 51.380722], [-0.146009, 51.380742], [-0.144023, 51.379502], [-0.144054, 51.379481]]]}, "properties": {"OBJECTID": 254, "Type": null, "First_map": null, "Last_map": null, "First_Year": null, "Last_Year": null, "London1stSeries": 1, "London1srRevision": 1}}, {"type": "Feature", "id": 273, "geometry": {"type": "Polygon", "coordinates": [[[-0.153183, 51.380404], [-0.153199, 51.380392], [-0.153064, 51.382212], [-0.153034, 51.382224], [-0.153028, 51.382254], [-0.153086, 51.382245], [-0.153092, 51.382258], [-0.153026, 51.382268], [-0.152919, 51.383516], [-0.152942, 51.383527], [-0.152976, 51.383525], [-0.152976, 51.383537], [-0.152916, 51.383532], [-0.152899, 51.383507], [-0.152917, 51.383293], [-0.152999, 51.382335], [-0.153, 51.382318], [-0.152972, 51.38229], [-0.152982, 51.382284], [-0.153003, 51.382299], [-0.153005, 51.382271], [-0.152886, 51.382293], [-0.152866, 51.382296], [-0.152867, 51.382279], [-0.15297, 51.382263], [-0.153007, 51.382256], [-0.15301, 51.38223], [-0.153031, 51.382213], [-0.153034, 51.382154], [-0.153183, 51.380404]]]}, "properties": {"OBJECTID": 255, "Type": null, "First_map": null, "Last_map": null, "First_Year": null, "Last_Year": null, "London1stSeries": 1, "London1srRevision": 1}}, {"type": "Feature", "id": 274, "geometry": {"type": "Polygon", "coordinates": [[[-0.147641, 51.381765], [-0.146295, 51.380922], [-0.146325, 51.380902], [-0.147873, 51.381871], [-0.147983, 51.381905], [-0.14806, 51.381912], [-0.148498, 51.381853], [-0.148507, 51.38188], [-0.148079, 51.38194], [-0.148023, 51.38194], [-0.147923, 51.381924], [-0.14787, 51.381903], [-0.147641, 51.381765]]]}, "properties": {"OBJECTID": 256, "Type": null, "First_map": null, "Last_map": null, "First_Year": null, "Last_Year": null, "London1stSeries": 1, "London1srRevision": 1}}, {"type": "Feature", "id": 275, "geometry": {"type": "Polygon", "coordinates": [[[-0.153179, 51.383493], [-0.153187, 51.383473], [-0.153538, 51.383448], [-0.154413, 51.383469], [-0.154711, 51.383463], [-0.15518, 51.383436], [-0.155178, 51.38345], [-0.155116, 51.383458], [-0.154701, 51.383483], [-0.154405, 51.383488], [-0.153524, 51.383467], [-0.153179, 51.383493]]]}, "properties": {"OBJECTID": 257, "Type": null, "First_map": null, "Last_map": null, "First_Year": null, "Last_Year": null, "London1stSeries": 1, "London1srRevision": 1}}, {"type": "Feature", "id": 276, "geometry": {"type": "Polygon", "coordinates": [[[-0.153158, 51.383848], [-0.153158, 51.383833], [-0.153644, 51.383776], [-0.153182, 51.383796], [-0.153173, 51.383777], [-0.154076, 51.383737], [-0.154047, 51.383774], [-0.153649, 51.38379], [-0.153158, 51.383848]]]}, "properties": {"OBJECTID": 258, "Type": null, "First_map": null, "Last_map": null, "First_Year": null, "Last_Year": null, "London1stSeries": 1, "London1srRevision": 1}}, {"type": "Feature", "id": 277, "geometry": {"type": "Polygon", "coordinates": [[[-0.159699, 51.371288], [-0.159693, 51.37142], [-0.159583, 51.371498], [-0.159552, 51.371321], [-0.159536, 51.371319], [-0.159534, 51.371299], [-0.159699, 51.371288]]]}, "properties": {"OBJECTID": 259, "Type": null, "First_map": null, "Last_map": null, "First_Year": null, "Last_Year": null, "London1stSeries": 1, "London1srRevision": 1}}, {"type": "Feature", "id": 278, "geometry": {"type": "Polygon", "coordinates": [[[-0.159529, 51.371241], [-0.159545, 51.371194], [-0.159541, 51.371051], [-0.159569, 51.37088], [-0.159556, 51.370813], [-0.159558, 51.370743], [-0.159593, 51.370742], [-0.159677, 51.370765], [-0.159674, 51.371185], [-0.159691, 51.371226], [-0.159529, 51.371241]]]}, "properties": {"OBJECTID": 260, "Type": null, "First_map": null, "Last_map": null, "First_Year": null, "Last_Year": null, "London1stSeries": 1, "London1srRevision": 1}}, {"type": "Feature", "id": 279, "geometry": {"type": "Polygon", "coordinates": [[[-0.158772, 51.367644], [-0.15892, 51.367723], [-0.159093, 51.367838], [-0.15918, 51.367927], [-0.159226, 51.368016], [-0.159258, 51.368189], [-0.159256, 51.368252], [-0.159367, 51.368241], [-0.159395, 51.368225], [-0.159526, 51.368222], [-0.159594, 51.368227], [-0.159612, 51.36824], [-0.159636, 51.368296], [-0.159715, 51.368392], [-0.15974, 51.368415], [-0.159799, 51.368428], [-0.159796, 51.368444], [-0.159734, 51.368432], [-0.159716, 51.368422], [-0.159607, 51.368281], [-0.159594, 51.368245], [-0.159577, 51.368237], [-0.15948, 51.368235], [-0.159418, 51.368259], [-0.15939, 51.36826], [-0.15937, 51.368252], [-0.159267, 51.36827], [-0.159243, 51.368289], [-0.159192, 51.368293], [-0.159171, 51.368288], [-0.159119, 51.368019], [-0.159084, 51.367951], [-0.159013, 51.367879], [-0.158943, 51.367827], [-0.158688, 51.367683], [-0.158772, 51.367644]]]}, "properties": {"OBJECTID": 261, "Type": null, "First_map": null, "Last_map": null, "First_Year": null, "Last_Year": null, "London1stSeries": 1, "London1srRevision": 1}}, {"type": "Feature", "id": 280, "geometry": {"type": "Polygon", "coordinates": [[[-0.159472, 51.372519], [-0.159455, 51.372276], [-0.159489, 51.372255], [-0.159545, 51.372256], [-0.159578, 51.372274], [-0.159563, 51.372317], [-0.159562, 51.372344], [-0.159558, 51.372474], [-0.159537, 51.372536], [-0.159494, 51.372665], [-0.159462, 51.372717], [-0.159376, 51.372842], [-0.159319, 51.372886], [-0.159282, 51.372949], [-0.159103, 51.373083], [-0.158852, 51.373311], [-0.158741, 51.373445], [-0.158681, 51.373516], [-0.158682, 51.37354], [-0.158602, 51.373655], [-0.15859, 51.373694], [-0.158613, 51.373767], [-0.158681, 51.373836], [-0.15877, 51.373887], [-0.158975, 51.373971], [-0.159036, 51.374007], [-0.159081, 51.37405], [-0.159096, 51.374084], [-0.159103, 51.374152], [-0.159017, 51.37443], [-0.15887, 51.374624], [-0.158719, 51.374764], [-0.15865, 51.374813], [-0.158523, 51.374885], [-0.158364, 51.374915], [-0.158303, 51.374923], [-0.158297, 51.374915], [-0.158042, 51.374953], [-0.157736, 51.375038], [-0.157736, 51.375023], [-0.157698, 51.375018], [-0.157683, 51.374981], [-0.15763, 51.374921], [-0.157436, 51.374757], [-0.157467, 51.374742], [-0.157396, 51.374682], [-0.157381, 51.374689], [-0.157365, 51.374681], [-0.157322, 51.374645], [-0.157254, 51.374557], [-0.157234, 51.374545], [-0.157226, 51.374509], [-0.157147, 51.374415], [-0.157146, 51.374054], [-0.157181, 51.373848], [-0.157155, 51.373713], [-0.156952, 51.373516], [-0.157063, 51.373425], [-0.157208, 51.373553], [-0.15728, 51.37364], [-0.157318, 51.373707], [-0.157348, 51.373803], [-0.15735, 51.373858], [-0.15732, 51.373962], [-0.157308, 51.373977], [-0.157315, 51.373998], [-0.157301, 51.374012], [-0.157265, 51.374174], [-0.157274, 51.374312], [-0.157316, 51.37442], [-0.157421, 51.374527], [-0.157677, 51.374727], [-0.157791, 51.374858], [-0.157836, 51.374882], [-0.157903, 51.374866], [-0.157949, 51.374847], [-0.157949, 51.374833], [-0.157934, 51.374826], [-0.157872, 51.37483], [-0.157824, 51.374814], [-0.157803, 51.374798], [-0.157765, 51.374746], [-0.157712, 51.374634], [-0.157742, 51.374607], [-0.157812, 51.374587], [-0.157847, 51.374583], [-0.157879, 51.374594], [-0.157902, 51.374617], [-0.157923, 51.374622], [-0.157992, 51.374732], [-0.158022, 51.37479], [-0.15801, 51.374817], [-0.158025, 51.374834], [-0.158137, 51.374817], [-0.15817, 51.374798], [-0.158201, 51.37481], [-0.158248, 51.374813], [-0.158336, 51.374804], [-0.158458, 51.374772], [-0.158516, 51.374729], [-0.158777, 51.374448], [-0.158867, 51.374311], [-0.158886, 51.374254], [-0.158881, 51.3742], [-0.158849, 51.374135], [-0.158823, 51.37411], [-0.158784, 51.374092], [-0.158683, 51.374068], [-0.158569, 51.374075], [-0.158442, 51.374057], [-0.158425, 51.374036], [-0.158435, 51.37402], [-0.158474, 51.374001], [-0.158483, 51.373956], [-0.158354, 51.373855], [-0.158329, 51.373851], [-0.15804, 51.37387], [-0.158008, 51.373861], [-0.157991, 51.37384], [-0.158026, 51.373809], [-0.158437, 51.373782], [-0.158481, 51.373765], [-0.158488, 51.373747], [-0.158474, 51.373693], [-0.158478, 51.373661], [-0.158521, 51.373545], [-0.158602, 51.373467], [-0.158702, 51.373341], [-0.15879, 51.373253], [-0.158985, 51.373094], [-0.159147, 51.372978], [-0.15932, 51.372813], [-0.159403, 51.372703], [-0.159472, 51.372519]]]}, "properties": {"OBJECTID": 262, "Type": null, "First_map": null, "Last_map": null, "First_Year": null, "Last_Year": null, "London1stSeries": 1, "London1srRevision": 1}}, {"type": "Feature", "id": 281, "geometry": {"type": "Polygon", "coordinates": [[[-0.158664, 51.367672], [-0.15848, 51.367563], [-0.158353, 51.367476], [-0.158194, 51.36731], [-0.158089, 51.367132], [-0.158055, 51.366899], [-0.158096, 51.366895], [-0.158094, 51.366955], [-0.158115, 51.367026], [-0.158252, 51.367246], [-0.158363, 51.367379], [-0.158496, 51.367499], [-0.15875, 51.367632], [-0.158664, 51.367672]]]}, "properties": {"OBJECTID": 263, "Type": null, "First_map": null, "Last_map": null, "First_Year": null, "Last_Year": null, "London1stSeries": 1, "London1srRevision": 1}}, {"type": "Feature", "id": 282, "geometry": {"type": "Polygon", "coordinates": [[[-0.152648, 51.370431], [-0.152819, 51.370488], [-0.15289, 51.370526], [-0.152961, 51.37062], [-0.153064, 51.370698], [-0.153357, 51.370892], [-0.153605, 51.370973], [-0.153911, 51.371091], [-0.153938, 51.37107], [-0.153952, 51.371046], [-0.153957, 51.370979], [-0.153947, 51.370944], [-0.153901, 51.370851], [-0.153814, 51.37074], [-0.153764, 51.370703], [-0.153653, 51.370586], [-0.153673, 51.370578], [-0.153737, 51.370636], [-0.153765, 51.370691], [-0.153809, 51.370711], [-0.153846, 51.37074], [-0.153887, 51.370804], [-0.153936, 51.370847], [-0.153974, 51.370928], [-0.153992, 51.371006], [-0.153985, 51.371054], [-0.153944, 51.371106], [-0.154372, 51.371289], [-0.15486, 51.371467], [-0.154984, 51.371528], [-0.155029, 51.371559], [-0.155097, 51.371649], [-0.155083, 51.371694], [-0.154797, 51.372045], [-0.154772, 51.372062], [-0.154713, 51.372264], [-0.154713, 51.372374], [-0.15475, 51.372593], [-0.154772, 51.372638], [-0.154839, 51.372704], [-0.154923, 51.372754], [-0.155004, 51.372781], [-0.155041, 51.37279], [-0.155054, 51.372786], [-0.155273, 51.37281], [-0.155476, 51.372816], [-0.155838, 51.372782], [-0.155978, 51.372783], [-0.156133, 51.372792], [-0.156256, 51.372822], [-0.15633, 51.372861], [-0.156392, 51.372907], [-0.156752, 51.373262], [-0.156834, 51.373308], [-0.156995, 51.373363], [-0.156883, 51.373455], [-0.15682, 51.373391], [-0.156572, 51.373213], [-0.156522, 51.37316], [-0.156505, 51.373125], [-0.156347, 51.372974], [-0.156234, 51.372889], [-0.156165, 51.37285], [-0.156118, 51.372843], [-0.155866, 51.372844], [-0.155381, 51.372862], [-0.15538, 51.372856], [-0.155233, 51.372856], [-0.154977, 51.372833], [-0.154889, 51.372803], [-0.154781, 51.372741], [-0.154718, 51.37269], [-0.154686, 51.37265], [-0.15462, 51.372499], [-0.154608, 51.372443], [-0.154604, 51.37227], [-0.154667, 51.372059], [-0.154976, 51.371692], [-0.15499, 51.371654], [-0.154974, 51.371617], [-0.154895, 51.371574], [-0.154746, 51.371516], [-0.15364, 51.371118], [-0.153396, 51.371011], [-0.153088, 51.370856], [-0.152883, 51.370719], [-0.152658, 51.370543], [-0.152601, 51.370527], [-0.152648, 51.370431]]]}, "properties": {"OBJECTID": 264, "Type": null, "First_map": null, "Last_map": null, "First_Year": null, "Last_Year": null, "London1stSeries": 1, "London1srRevision": 1}}, {"type": "Feature", "id": 283, "geometry": {"type": "Polygon", "coordinates": [[[-0.15289, 51.369723], [-0.152851, 51.369694], [-0.152832, 51.369649], [-0.152847, 51.369595], [-0.152897, 51.369534], [-0.15302, 51.369471], [-0.153091, 51.369383], [-0.153274, 51.369264], [-0.153405, 51.369135], [-0.153473, 51.369103], [-0.15351, 51.369098], [-0.153551, 51.369107], [-0.153575, 51.369124], [-0.153577, 51.369149], [-0.153393, 51.369324], [-0.153179, 51.369495], [-0.152924, 51.369718], [-0.15289, 51.369723]]]}, "properties": {"OBJECTID": 265, "Type": null, "First_map": null, "Last_map": null, "First_Year": null, "Last_Year": null, "London1stSeries": 1, "London1srRevision": 1}}, {"type": "Feature", "id": 284, "geometry": {"type": "Polygon", "coordinates": [[[-0.152599, 51.370012], [-0.152521, 51.370137], [-0.152511, 51.370218], [-0.152487, 51.370219], [-0.152481, 51.370195], [-0.152428, 51.37017], [-0.152324, 51.370161], [-0.152164, 51.370208], [-0.15207, 51.370211], [-0.151978, 51.370195], [-0.151923, 51.370168], [-0.151883, 51.370135], [-0.151849, 51.370097], [-0.151833, 51.370044], [-0.151808, 51.370033], [-0.151817, 51.370021], [-0.151846, 51.370022], [-0.15187, 51.370012], [-0.152079, 51.369891], [-0.152128, 51.36988], [-0.152191, 51.369907], [-0.15221, 51.369931], [-0.152146, 51.370008], [-0.15214, 51.370065], [-0.152293, 51.370131], [-0.152424, 51.370145], [-0.152474, 51.370138], [-0.15249, 51.370127], [-0.152518, 51.370074], [-0.152581, 51.370008], [-0.152599, 51.370012]]]}, "properties": {"OBJECTID": 266, "Type": null, "First_map": null, "Last_map": null, "First_Year": null, "Last_Year": null, "London1stSeries": 1, "London1srRevision": 1}}, {"type": "Feature", "id": 285, "geometry": {"type": "Polygon", "coordinates": [[[-0.152538, 51.370244], [-0.152493, 51.370368], [-0.152375, 51.370362], [-0.152346, 51.370296], [-0.152349, 51.37024], [-0.152517, 51.370234], [-0.152538, 51.370244]]]}, "properties": {"OBJECTID": 267, "Type": null, "First_map": null, "Last_map": null, "First_Year": null, "Last_Year": null, "London1stSeries": 1, "London1srRevision": 1}}, {"type": "Feature", "id": 286, "geometry": {"type": "Polygon", "coordinates": [[[-0.152416, 51.37054], [-0.152405, 51.370602], [-0.15235, 51.370633], [-0.152035, 51.370742], [-0.151788, 51.3709], [-0.151713, 51.370979], [-0.151649, 51.371001], [-0.151552, 51.371006], [-0.151128, 51.371238], [-0.151024, 51.371271], [-0.150998, 51.371326], [-0.150981, 51.37132], [-0.151004, 51.371269], [-0.150942, 51.371268], [-0.150891, 51.371237], [-0.150912, 51.371229], [-0.150943, 51.371248], [-0.150974, 51.371252], [-0.151083, 51.371228], [-0.151504, 51.370994], [-0.151523, 51.37097], [-0.151514, 51.37094], [-0.151397, 51.370897], [-0.151217, 51.371033], [-0.151031, 51.371135], [-0.150877, 51.37119], [-0.150878, 51.371203], [-0.150901, 51.37122], [-0.150882, 51.371229], [-0.150831, 51.371192], [-0.150646, 51.371153], [-0.150533, 51.371139], [-0.150412, 51.371134], [-0.150253, 51.371144], [-0.149615, 51.371231], [-0.149509, 51.371232], [-0.149274, 51.371309], [-0.148986, 51.371418], [-0.148628, 51.371517], [-0.14843, 51.371594], [-0.148194, 51.371668], [-0.148127, 51.371704], [-0.147928, 51.371857], [-0.1479, 51.371902], [-0.14788, 51.371969], [-0.147796, 51.37203], [-0.14738, 51.372531], [-0.147354, 51.372547], [-0.147298, 51.372525], [-0.147665, 51.372079], [-0.147709, 51.372008], [-0.147718, 51.371961], [-0.147702, 51.371949], [-0.147718, 51.371927], [-0.147729, 51.371928], [-0.147763, 51.371877], [-0.147762, 51.371837], [-0.147742, 51.371776], [-0.147582, 51.371591], [-0.147513, 51.371469], [-0.147503, 51.371427], [-0.14751, 51.37137], [-0.147546, 51.371298], [-0.147592, 51.371269], [-0.147639, 51.371253], [-0.147666, 51.371226], [-0.147849, 51.371187], [-0.148118, 51.371148], [-0.148562, 51.3711], [-0.1486, 51.371108], [-0.148632, 51.371106], [-0.148728, 51.371083], [-0.148835, 51.371041], [-0.148915, 51.371025], [-0.149035, 51.370966], [-0.149178, 51.370923], [-0.149407, 51.370869], [-0.149527, 51.370852], [-0.1497, 51.370844], [-0.150025, 51.370852], [-0.15041, 51.37089], [-0.150429, 51.370883], [-0.15046, 51.370895], [-0.150594, 51.370887], [-0.150625, 51.370875], [-0.15087, 51.370826], [-0.151042, 51.370763], [-0.151256, 51.370661], [-0.15133, 51.370699], [-0.151428, 51.37081], [-0.151532, 51.370802], [-0.151538, 51.370828], [-0.151449, 51.370836], [-0.15145, 51.370854], [-0.151564, 51.3709], [-0.151609, 51.370902], [-0.151637, 51.370892], [-0.151597, 51.370887], [-0.151597, 51.370878], [-0.15165, 51.370878], [-0.151688, 51.370869], [-0.151815, 51.370787], [-0.151566, 51.370828], [-0.151559, 51.370802], [-0.151763, 51.370772], [-0.152077, 51.370679], [-0.15233, 51.370592], [-0.152416, 51.37054]], [[-0.148221, 51.371224], [-0.147988, 51.371251], [-0.147726, 51.371294], [-0.147687, 51.37131], [-0.147615, 51.371354], [-0.147592, 51.371436], [-0.147624, 51.371499], [-0.147737, 51.371634], [-0.147798, 51.371689], [-0.147867, 51.371709], [-0.147924, 51.371708], [-0.147994, 51.371667], [-0.148098, 51.371501], [-0.148244, 51.371304], [-0.148269, 51.371234], [-0.148254, 51.371225], [-0.148221, 51.371224]]]}, "properties": {"OBJECTID": 268, "Type": null, "First_map": null, "Last_map": null, "First_Year": null, "Last_Year": null, "London1stSeries": 1, "London1srRevision": 1}}, {"type": "Feature", "id": 287, "geometry": {"type": "Polygon", "coordinates": [[[-0.15094, 51.371412], [-0.15079, 51.371675], [-0.150769, 51.371759], [-0.150759, 51.371761], [-0.150737, 51.371737], [-0.150755, 51.37167], [-0.150902, 51.371406], [-0.15094, 51.371412]]]}, "properties": {"OBJECTID": 269, "Type": null, "First_map": null, "Last_map": null, "First_Year": null, "Last_Year": null, "London1stSeries": 1, "London1srRevision": 1}}, {"type": "Feature", "id": 288, "geometry": {"type": "Polygon", "coordinates": [[[-0.150258, 51.372506], [-0.150294, 51.372384], [-0.150295, 51.372328], [-0.150289, 51.372314], [-0.150231, 51.372317], [-0.150214, 51.372313], [-0.15021, 51.372301], [-0.150243, 51.37229], [-0.150285, 51.372299], [-0.150288, 51.372261], [-0.150315, 51.372205], [-0.15038, 51.372112], [-0.150564, 51.371897], [-0.150582, 51.371914], [-0.150565, 51.371922], [-0.150324, 51.372256], [-0.150315, 51.372289], [-0.150319, 51.372374], [-0.150287, 51.372501], [-0.150258, 51.372506]]]}, "properties": {"OBJECTID": 270, "Type": null, "First_map": null, "Last_map": null, "First_Year": null, "Last_Year": null, "London1stSeries": 1, "London1srRevision": 1}}, {"type": "Feature", "id": 289, "geometry": {"type": "Polygon", "coordinates": [[[-0.149863, 51.372347], [-0.149888, 51.372337], [-0.15028, 51.372689], [-0.150253, 51.372699], [-0.149863, 51.372347]]]}, "properties": {"OBJECTID": 271, "Type": null, "First_map": null, "Last_map": null, "First_Year": null, "Last_Year": null, "London1stSeries": 1, "London1srRevision": 1}}, {"type": "Feature", "id": 290, "geometry": {"type": "Polygon", "coordinates": [[[-0.14936, 51.37188], [-0.149387, 51.371889], [-0.149873, 51.372325], [-0.149849, 51.372335], [-0.1494, 51.371937], [-0.149357, 51.371894], [-0.14936, 51.37188]]]}, "properties": {"OBJECTID": 272, "Type": null, "First_map": null, "Last_map": null, "First_Year": null, "Last_Year": null, "London1stSeries": 1, "London1srRevision": 1}}, {"type": "Feature", "id": 291, "geometry": {"type": "Polygon", "coordinates": [[[-0.144406, 51.372182], [-0.144138, 51.372329], [-0.14337, 51.372807], [-0.143223, 51.37289], [-0.143025, 51.372987], [-0.142827, 51.373069], [-0.142618, 51.373123], [-0.142358, 51.373173], [-0.142147, 51.373205], [-0.142027, 51.373221], [-0.141978, 51.373215], [-0.141957, 51.373187], [-0.142121, 51.373153], [-0.142275, 51.373138], [-0.142285, 51.373125], [-0.142341, 51.373127], [-0.142592, 51.373079], [-0.142802, 51.373022], [-0.143001, 51.372939], [-0.143273, 51.372789], [-0.143605, 51.372594], [-0.144345, 51.372122], [-0.144538, 51.37201], [-0.144705, 51.371939], [-0.144855, 51.371914], [-0.145003, 51.371903], [-0.145024, 51.371896], [-0.145155, 51.37192], [-0.145283, 51.371958], [-0.146928, 51.372542], [-0.147093, 51.372577], [-0.147204, 51.372578], [-0.147272, 51.372557], [-0.147329, 51.372578], [-0.147245, 51.372614], [-0.147126, 51.372631], [-0.147041, 51.372626], [-0.146863, 51.372588], [-0.145351, 51.372046], [-0.145271, 51.372018], [-0.145094, 51.371982], [-0.144929, 51.371974], [-0.144782, 51.371986], [-0.144656, 51.372038], [-0.144406, 51.372182]]]}, "properties": {"OBJECTID": 273, "Type": null, "First_map": null, "Last_map": null, "First_Year": null, "Last_Year": null, "London1stSeries": 1, "London1srRevision": 1}}, {"type": "Feature", "id": 292, "geometry": {"type": "Polygon", "coordinates": [[[-0.141918, 51.373217], [-0.141881, 51.373241], [-0.14119, 51.373323], [-0.140997, 51.373306], [-0.140543, 51.373359], [-0.140098, 51.373433], [-0.140071, 51.373364], [-0.140717, 51.373273], [-0.141826, 51.373181], [-0.141897, 51.373189], [-0.141918, 51.373217]]]}, "properties": {"OBJECTID": 274, "Type": null, "First_map": null, "Last_map": null, "First_Year": null, "Last_Year": null, "London1stSeries": 1, "London1srRevision": 1}}, {"type": "Feature", "id": 293, "geometry": {"type": "Polygon", "coordinates": [[[-0.137132, 51.37268], [-0.1372, 51.372674], [-0.137113, 51.372819], [-0.137008, 51.373419], [-0.137012, 51.373463], [-0.137051, 51.373541], [-0.137153, 51.373629], [-0.137292, 51.373702], [-0.13744, 51.373749], [-0.137518, 51.373764], [-0.137627, 51.373774], [-0.138901, 51.37358], [-0.139462, 51.373479], [-0.139754, 51.373457], [-0.140024, 51.373385], [-0.140039, 51.373424], [-0.139748, 51.373468], [-0.139751, 51.373477], [-0.139689, 51.373515], [-0.139692, 51.373597], [-0.139662, 51.373665], [-0.139601, 51.373736], [-0.139406, 51.373901], [-0.139396, 51.373951], [-0.139409, 51.37402], [-0.139462, 51.374165], [-0.13955, 51.37435], [-0.13964, 51.374507], [-0.139739, 51.374736], [-0.139783, 51.374878], [-0.140124, 51.376517], [-0.140221, 51.377073], [-0.140298, 51.377155], [-0.140437, 51.377233], [-0.140401, 51.377256], [-0.140313, 51.377206], [-0.140246, 51.377155], [-0.140211, 51.377115], [-0.140189, 51.37707], [-0.14009, 51.37652], [-0.139749, 51.374881], [-0.139706, 51.374741], [-0.139579, 51.37445], [-0.139517, 51.374357], [-0.139429, 51.37417], [-0.139369, 51.373986], [-0.139368, 51.373929], [-0.139385, 51.373887], [-0.139499, 51.373697], [-0.139567, 51.37362], [-0.139571, 51.373534], [-0.139486, 51.373539], [-0.139483, 51.373533], [-0.137568, 51.373829], [-0.137418, 51.373832], [-0.137346, 51.37382], [-0.137261, 51.373792], [-0.137186, 51.373796], [-0.137165, 51.373769], [-0.137222, 51.373759], [-0.137098, 51.373709], [-0.137038, 51.37367], [-0.136994, 51.373628], [-0.136955, 51.373549], [-0.136938, 51.373461], [-0.137039, 51.372843], [-0.137061, 51.372791], [-0.137132, 51.37268]]]}, "properties": {"OBJECTID": 275, "Type": null, "First_map": null, "Last_map": null, "First_Year": null, "Last_Year": null, "London1stSeries": 1, "London1srRevision": 1}}, {"type": "Feature", "id": 294, "geometry": {"type": "Polygon", "coordinates": [[[-0.133732, 51.371616], [-0.1345, 51.371711], [-0.135182, 51.371659], [-0.13525, 51.37166], [-0.135315, 51.37167], [-0.135374, 51.371701], [-0.135396, 51.371738], [-0.135398, 51.371795], [-0.135402, 51.371865], [-0.135405, 51.371944], [-0.135412, 51.372153], [-0.135425, 51.372174], [-0.135462, 51.372184], [-0.135677, 51.372182], [-0.136807, 51.372141], [-0.136849, 51.372125], [-0.136827, 51.372098], [-0.136607, 51.372016], [-0.136533, 51.372001], [-0.136401, 51.371991], [-0.136174, 51.372011], [-0.135925, 51.372014], [-0.135808, 51.371995], [-0.135664, 51.371941], [-0.135422, 51.371926], [-0.135421, 51.371889], [-0.13619, 51.371932], [-0.136313, 51.371924], [-0.136318, 51.371954], [-0.136384, 51.37195], [-0.136378, 51.37192], [-0.136492, 51.371927], [-0.136565, 51.371944], [-0.137225, 51.372201], [-0.137274, 51.372231], [-0.137307, 51.372267], [-0.137338, 51.372323], [-0.137347, 51.372373], [-0.137338, 51.372421], [-0.137218, 51.372632], [-0.137149, 51.372637], [-0.137281, 51.372417], [-0.137285, 51.372383], [-0.137234, 51.372271], [-0.13719, 51.372236], [-0.137134, 51.372212], [-0.137045, 51.372193], [-0.13689, 51.37219], [-0.135678, 51.372238], [-0.135398, 51.372243], [-0.135369, 51.372255], [-0.135248, 51.372266], [-0.135178, 51.372249], [-0.13517, 51.372209], [-0.135285, 51.372193], [-0.135318, 51.372176], [-0.135328, 51.372162], [-0.135319, 51.371943], [-0.135287, 51.371924], [-0.135287, 51.371907], [-0.135317, 51.371888], [-0.13531, 51.371753], [-0.135292, 51.371733], [-0.135262, 51.371718], [-0.135206, 51.371713], [-0.134469, 51.371763], [-0.133729, 51.371677], [-0.133732, 51.371616]]]}, "properties": {"OBJECTID": 276, "Type": null, "First_map": null, "Last_map": null, "First_Year": null, "Last_Year": null, "London1stSeries": 1, "London1srRevision": 1}}, {"type": "Feature", "id": 295, "geometry": {"type": "Polygon", "coordinates": [[[-0.133729, 51.371677], [-0.132755, 51.371607], [-0.132048, 51.371378], [-0.13208, 51.371336], [-0.132248, 51.371438], [-0.132794, 51.371579], [-0.13304, 51.371591], [-0.13306, 51.371535], [-0.133732, 51.371616], [-0.133729, 51.371677]]]}, "properties": {"OBJECTID": 277, "Type": null, "First_map": null, "Last_map": null, "First_Year": null, "Last_Year": null, "London1stSeries": 1, "London1srRevision": 1}}, {"type": "Feature", "id": 296, "geometry": {"type": "Polygon", "coordinates": [[[-0.132193, 51.370961], [-0.132263, 51.370999], [-0.132863, 51.371487], [-0.132819, 51.371529], [-0.132216, 51.371046], [-0.132149, 51.371005], [-0.132156, 51.370987], [-0.132193, 51.370961]]]}, "properties": {"OBJECTID": 278, "Type": null, "First_map": null, "Last_map": null, "First_Year": null, "Last_Year": null, "London1stSeries": 1, "London1srRevision": 1}}, {"type": "Feature", "id": 297, "geometry": {"type": "Polygon", "coordinates": [[[-0.130418, 51.370182], [-0.130767, 51.370183], [-0.130763, 51.370157], [-0.130777, 51.370138], [-0.131486, 51.370392], [-0.131633, 51.370467], [-0.131879, 51.370658], [-0.131968, 51.37071], [-0.132037, 51.370829], [-0.132083, 51.370874], [-0.132102, 51.370867], [-0.132109, 51.370872], [-0.132049, 51.37092], [-0.131442, 51.370492], [-0.131144, 51.370343], [-0.130844, 51.370243], [-0.130781, 51.370231], [-0.130419, 51.37022], [-0.130418, 51.370182]]]}, "properties": {"OBJECTID": 279, "Type": null, "First_map": null, "Last_map": null, "First_Year": null, "Last_Year": null, "London1stSeries": 1, "London1srRevision": 1}}, {"type": "Feature", "id": 298, "geometry": {"type": "Polygon", "coordinates": [[[-0.130128, 51.370766], [-0.130418, 51.370768], [-0.130737, 51.370817], [-0.130812, 51.370854], [-0.130964, 51.371009], [-0.13104, 51.371055], [-0.131136, 51.371092], [-0.131652, 51.371226], [-0.131743, 51.371239], [-0.131717, 51.37129], [-0.131604, 51.371248], [-0.1311, 51.371117], [-0.131008, 51.371083], [-0.130956, 51.371053], [-0.130869, 51.370978], [-0.130771, 51.370877], [-0.13073, 51.370853], [-0.130449, 51.370807], [-0.130129, 51.370804], [-0.130128, 51.370766]]]}, "properties": {"OBJECTID": 280, "Type": null, "First_map": null, "Last_map": null, "First_Year": null, "Last_Year": null, "London1stSeries": 1, "London1srRevision": 1}}, {"type": "Feature", "id": 299, "geometry": {"type": "Polygon", "coordinates": [[[-0.127957, 51.3703], [-0.128088, 51.370311], [-0.128167, 51.370306], [-0.128434, 51.370256], [-0.128614, 51.37021], [-0.128745, 51.370206], [-0.128742, 51.370237], [-0.128618, 51.370244], [-0.128526, 51.37028], [-0.128604, 51.370328], [-0.128662, 51.370398], [-0.12876, 51.370445], [-0.128904, 51.370541], [-0.129517, 51.370766], [-0.129563, 51.370771], [-0.129845, 51.370761], [-0.129997, 51.370768], [-0.129999, 51.370801], [-0.129863, 51.37081], [-0.129493, 51.370777], [-0.128885, 51.370558], [-0.12878, 51.370499], [-0.128662, 51.370448], [-0.128554, 51.37035], [-0.128486, 51.370344], [-0.12807, 51.370361], [-0.127954, 51.370345], [-0.127783, 51.370289], [-0.127541, 51.370187], [-0.127229, 51.370011], [-0.127102, 51.369972], [-0.126944, 51.369956], [-0.126742, 51.369961], [-0.126356, 51.370001], [-0.126258, 51.370013], [-0.125977, 51.370066], [-0.125569, 51.370157], [-0.124707, 51.370414], [-0.124402, 51.370488], [-0.124193, 51.370524], [-0.123874, 51.370561], [-0.123584, 51.370626], [-0.123294, 51.370708], [-0.123309, 51.370667], [-0.123432, 51.37062], [-0.123597, 51.370571], [-0.123916, 51.370507], [-0.124182, 51.37048], [-0.124362, 51.370453], [-0.12484, 51.370331], [-0.125516, 51.370128], [-0.125545, 51.37012], [-0.126017, 51.370012], [-0.126268, 51.369968], [-0.126683, 51.369923], [-0.126913, 51.369911], [-0.127001, 51.369914], [-0.12713, 51.369934], [-0.127274, 51.369978], [-0.127363, 51.370021], [-0.127519, 51.37012], [-0.127649, 51.370186], [-0.127826, 51.370258], [-0.127957, 51.3703]]]}, "properties": {"OBJECTID": 281, "Type": null, "First_map": null, "Last_map": null, "First_Year": null, "Last_Year": null, "London1stSeries": 1, "London1srRevision": 1}}, {"type": "Feature", "id": 300, "geometry": {"type": "Polygon", "coordinates": [[[-0.165229, 51.365378], [-0.165208, 51.365389], [-0.165183, 51.365402], [-0.165179, 51.36538], [-0.165175, 51.365361], [-0.165244, 51.365312], [-0.165796, 51.365114], [-0.166004, 51.365055], [-0.166087, 51.365041], [-0.166123, 51.365038], [-0.166195, 51.36505], [-0.166437, 51.365026], [-0.166493, 51.36502], [-0.166507, 51.365033], [-0.16623, 51.365067], [-0.166214, 51.365076], [-0.166009, 51.365122], [-0.165503, 51.365257], [-0.165434, 51.365294], [-0.165329, 51.36533], [-0.165229, 51.365378]]]}, "properties": {"OBJECTID": 282, "Type": null, "First_map": null, "Last_map": null, "First_Year": null, "Last_Year": null, "London1stSeries": 1, "London1srRevision": 1}}, {"type": "Feature", "id": 301, "geometry": {"type": "Polygon", "coordinates": [[[-0.166104, 51.364712], [-0.166114, 51.36474], [-0.166169, 51.364804], [-0.166176, 51.364834], [-0.166159, 51.364891], [-0.166139, 51.364909], [-0.166087, 51.364925], [-0.166054, 51.36495], [-0.16597, 51.36497], [-0.165858, 51.364975], [-0.165822, 51.365005], [-0.16577, 51.365016], [-0.165635, 51.365071], [-0.165585, 51.365078], [-0.165502, 51.365069], [-0.165464, 51.365073], [-0.165447, 51.365053], [-0.16551, 51.364983], [-0.16563, 51.364906], [-0.165759, 51.364856], [-0.165787, 51.364856], [-0.165893, 51.364916], [-0.165959, 51.364944], [-0.165992, 51.364941], [-0.166083, 51.364912], [-0.166076, 51.364883], [-0.165994, 51.364799], [-0.165973, 51.36476], [-0.165939, 51.364734], [-0.165945, 51.364692], [-0.165889, 51.364615], [-0.165867, 51.364611], [-0.165806, 51.36463], [-0.165776, 51.364612], [-0.165757, 51.364601], [-0.165761, 51.364587], [-0.16584, 51.364552], [-0.165873, 51.364553], [-0.165875, 51.364555], [-0.165914, 51.36459], [-0.165994, 51.364606], [-0.165996, 51.364606], [-0.166043, 51.364629], [-0.166043, 51.364629], [-0.166101, 51.364705], [-0.166104, 51.364712]]]}, "properties": {"OBJECTID": 283, "Type": null, "First_map": null, "Last_map": null, "First_Year": null, "Last_Year": null, "London1stSeries": 1, "London1srRevision": 1}}, {"type": "Feature", "id": 302, "geometry": {"type": "Polygon", "coordinates": [[[-0.164622, 51.36567], [-0.164621, 51.365664], [-0.165031, 51.36562], [-0.165032, 51.36562], [-0.165213, 51.3656], [-0.165282, 51.365573], [-0.165298, 51.365579], [-0.165307, 51.365594], [-0.165289, 51.365612], [-0.165194, 51.365642], [-0.165142, 51.365653], [-0.16463, 51.365703], [-0.164622, 51.36567]]]}, "properties": {"OBJECTID": 284, "Type": null, "First_map": null, "Last_map": null, "First_Year": null, "Last_Year": null, "London1stSeries": 1, "London1srRevision": 1}}, {"type": "Feature", "id": 303, "geometry": {"type": "Polygon", "coordinates": [[[-0.164963, 51.365357], [-0.165002, 51.365476], [-0.164345, 51.365541], [-0.164319, 51.365513], [-0.164275, 51.365506], [-0.164229, 51.365523], [-0.16422, 51.365553], [-0.163815, 51.365599], [-0.163666, 51.365324], [-0.163644, 51.365261], [-0.163687, 51.365211], [-0.163736, 51.365193], [-0.164322, 51.365174], [-0.164399, 51.365189], [-0.164541, 51.365248], [-0.164626, 51.365217], [-0.164765, 51.365248], [-0.164813, 51.365246], [-0.164857, 51.36523], [-0.164884, 51.36525], [-0.164838, 51.365267], [-0.164963, 51.365357]]]}, "properties": {"OBJECTID": 285, "Type": null, "First_map": null, "Last_map": null, "First_Year": null, "Last_Year": null, "London1stSeries": 1, "London1srRevision": 1}}, {"type": "Feature", "id": 304, "geometry": {"type": "Polygon", "coordinates": [[[-0.162873, 51.367537], [-0.162571, 51.367786], [-0.162488, 51.36775], [-0.162543, 51.367697], [-0.162528, 51.367669], [-0.162427, 51.367624], [-0.162304, 51.36755], [-0.162235, 51.367496], [-0.16222, 51.367461], [-0.162237, 51.367418], [-0.162591, 51.367162], [-0.162924, 51.366909], [-0.16306, 51.366796], [-0.16309, 51.366756], [-0.163103, 51.366634], [-0.163153, 51.366501], [-0.163146, 51.366466], [-0.163175, 51.366374], [-0.163178, 51.366328], [-0.163127, 51.366133], [-0.163164, 51.365866], [-0.163127, 51.365833], [-0.162971, 51.36586], [-0.162836, 51.365818], [-0.162533, 51.365202], [-0.162562, 51.365178], [-0.162642, 51.365174], [-0.163001, 51.365212], [-0.163351, 51.365201], [-0.16343, 51.365222], [-0.163452, 51.365235], [-0.163484, 51.365276], [-0.163745, 51.365728], [-0.163312, 51.365802], [-0.163327, 51.36584], [-0.163293, 51.366025], [-0.163298, 51.36613], [-0.16341, 51.36663], [-0.163448, 51.366771], [-0.163488, 51.366865], [-0.163494, 51.366979], [-0.163423, 51.366987], [-0.163372, 51.366975], [-0.163348, 51.366861], [-0.163314, 51.366809], [-0.163269, 51.366789], [-0.163198, 51.366801], [-0.163035, 51.366905], [-0.162802, 51.367077], [-0.162687, 51.367182], [-0.162452, 51.367369], [-0.162405, 51.367397], [-0.162367, 51.367437], [-0.16237, 51.367475], [-0.162631, 51.367634], [-0.162653, 51.367628], [-0.162808, 51.367503], [-0.162873, 51.367537]]]}, "properties": {"OBJECTID": 286, "Type": null, "First_map": null, "Last_map": null, "First_Year": null, "Last_Year": null, "London1stSeries": 1, "London1srRevision": 1}}, {"type": "Feature", "id": 305, "geometry": {"type": "Polygon", "coordinates": [[[-0.162825, 51.367483], [-0.163188, 51.367197], [-0.16325, 51.367155], [-0.163269, 51.367165], [-0.163286, 51.367174], [-0.163236, 51.367209], [-0.163271, 51.36723], [-0.162934, 51.367491], [-0.162894, 51.367519], [-0.162825, 51.367483]]]}, "properties": {"OBJECTID": 287, "Type": null, "First_map": null, "Last_map": null, "First_Year": null, "Last_Year": null, "London1stSeries": 1, "London1srRevision": 1}}, {"type": "Feature", "id": 306, "geometry": {"type": "Polygon", "coordinates": [[[-0.162547, 51.367809], [-0.162534, 51.367826], [-0.162272, 51.368001], [-0.16219, 51.368066], [-0.162117, 51.368142], [-0.161942, 51.368275], [-0.161846, 51.368361], [-0.161721, 51.368441], [-0.161568, 51.368585], [-0.161471, 51.36863], [-0.161272, 51.3687], [-0.161122, 51.368794], [-0.161066, 51.368771], [-0.161171, 51.368676], [-0.161211, 51.368655], [-0.161284, 51.368622], [-0.161449, 51.368586], [-0.161569, 51.368518], [-0.161676, 51.368402], [-0.16191, 51.368227], [-0.162052, 51.368101], [-0.162182, 51.368006], [-0.162462, 51.367774], [-0.162547, 51.367809]]]}, "properties": {"OBJECTID": 288, "Type": null, "First_map": null, "Last_map": null, "First_Year": null, "Last_Year": null, "London1stSeries": 1, "London1srRevision": 1}}, {"type": "Feature", "id": 307, "geometry": {"type": "Polygon", "coordinates": [[[-0.162449, 51.365461], [-0.162469, 51.365463], [-0.162488, 51.365479], [-0.162555, 51.365622], [-0.162562, 51.365656], [-0.162543, 51.36567], [-0.162516, 51.365667], [-0.162497, 51.365644], [-0.162427, 51.365488], [-0.162428, 51.365473], [-0.162449, 51.365461]]]}, "properties": {"OBJECTID": 289, "Type": null, "First_map": null, "Last_map": null, "First_Year": null, "Last_Year": null, "London1stSeries": 1, "London1srRevision": 1}}, {"type": "Feature", "id": 308, "geometry": {"type": "Polygon", "coordinates": [[[-0.160389, 51.369504], [-0.160327, 51.369479], [-0.160365, 51.369402], [-0.160559, 51.369222], [-0.160573, 51.369195], [-0.160619, 51.36916], [-0.160613, 51.369141], [-0.160642, 51.369112], [-0.160869, 51.368942], [-0.160904, 51.368889], [-0.160965, 51.368839], [-0.161042, 51.368869], [-0.160859, 51.369041], [-0.160727, 51.369127], [-0.160632, 51.369232], [-0.160443, 51.369406], [-0.160396, 51.36947], [-0.160389, 51.369504]]]}, "properties": {"OBJECTID": 290, "Type": null, "First_map": null, "Last_map": null, "First_Year": null, "Last_Year": null, "London1stSeries": 1, "London1srRevision": 1}}, {"type": "Feature", "id": 309, "geometry": {"type": "Polygon", "coordinates": [[[-0.159712, 51.370709], [-0.159619, 51.370681], [-0.159705, 51.370584], [-0.159714, 51.370586], [-0.159745, 51.370552], [-0.159735, 51.370549], [-0.159805, 51.370468], [-0.159839, 51.370481], [-0.159848, 51.370471], [-0.159812, 51.370457], [-0.159825, 51.370422], [-0.160011, 51.370203], [-0.160056, 51.370137], [-0.16028, 51.369735], [-0.160297, 51.369667], [-0.160279, 51.369649], [-0.160324, 51.369555], [-0.160323, 51.369514], [-0.16038, 51.369538], [-0.160374, 51.369659], [-0.160353, 51.36976], [-0.160165, 51.370143], [-0.159975, 51.370348], [-0.159981, 51.370406], [-0.159863, 51.370488], [-0.159773, 51.370588], [-0.159715, 51.370667], [-0.159712, 51.370709]]]}, "properties": {"OBJECTID": 291, "Type": null, "First_map": null, "Last_map": null, "First_Year": null, "Last_Year": null, "London1stSeries": 1, "London1srRevision": 1}}, {"type": "Feature", "id": 310, "geometry": {"type": "Polygon", "coordinates": [[[-0.159598, 51.371601], [-0.159703, 51.371526], [-0.159713, 51.371818], [-0.159626, 51.37216], [-0.159552, 51.372231], [-0.159501, 51.372231], [-0.159486, 51.372216], [-0.159499, 51.372143], [-0.159493, 51.372112], [-0.15951, 51.372082], [-0.159577, 51.372015], [-0.159627, 51.371827], [-0.159628, 51.371765], [-0.159598, 51.371601]]]}, "properties": {"OBJECTID": 292, "Type": null, "First_map": null, "Last_map": null, "First_Year": null, "Last_Year": null, "London1stSeries": 1, "London1srRevision": 1}}, {"type": "Feature", "id": 311, "geometry": {"type": "Polygon", "coordinates": [[[-0.257658, 51.45867], [-0.257761, 51.45883], [-0.25802, 51.459068], [-0.258107, 51.45916], [-0.258245, 51.459364], [-0.258293, 51.459476], [-0.258308, 51.459803], [-0.258244, 51.460098], [-0.258197, 51.460217], [-0.258125, 51.460354], [-0.257423, 51.461347], [-0.256793, 51.462208], [-0.256357, 51.462747], [-0.25616, 51.462964], [-0.255867, 51.463237], [-0.255433, 51.463601], [-0.255133, 51.463831], [-0.25477, 51.464084], [-0.254591, 51.464224], [-0.254337, 51.464393], [-0.254219, 51.464506], [-0.253916, 51.464712], [-0.253744, 51.46484], [-0.253509, 51.464968], [-0.253347, 51.465067], [-0.253271, 51.465095], [-0.253181, 51.465142], [-0.253029, 51.465141], [-0.253626, 51.464812], [-0.25406, 51.46451], [-0.254224, 51.464374], [-0.254256, 51.464355], [-0.254357, 51.464291], [-0.254445, 51.464214], [-0.254683, 51.464045], [-0.254665, 51.464022], [-0.25468, 51.464013], [-0.254714, 51.464022], [-0.255315, 51.463585], [-0.255412, 51.463489], [-0.255738, 51.463233], [-0.25593, 51.463054], [-0.255933, 51.46304], [-0.255947, 51.46304], [-0.256174, 51.46283], [-0.256262, 51.462737], [-0.256345, 51.462638], [-0.256989, 51.461777], [-0.257928, 51.46046], [-0.257939, 51.460446], [-0.258105, 51.460204], [-0.258144, 51.460127], [-0.258209, 51.459777], [-0.2582, 51.459629], [-0.258205, 51.459445], [-0.258115, 51.459293], [-0.258029, 51.459174], [-0.25766, 51.45885], [-0.257572, 51.458709], [-0.257531, 51.458594], [-0.257547, 51.458507], [-0.257844, 51.458122], [-0.258011, 51.457835], [-0.258129, 51.457669], [-0.258197, 51.457553], [-0.258284, 51.457341], [-0.258404, 51.457134], [-0.258496, 51.456912], [-0.258647, 51.456589], [-0.258769, 51.456357], [-0.258909, 51.456039], [-0.259066, 51.455125], [-0.259054, 51.454974], [-0.259072, 51.454932], [-0.259094, 51.454897], [-0.259227, 51.454502], [-0.259333, 51.454291], [-0.259365, 51.454248], [-0.259396, 51.45417], [-0.259478, 51.454052], [-0.259498, 51.453928], [-0.259477, 51.453766], [-0.259424, 51.453588], [-0.259336, 51.453364], [-0.259285, 51.45326], [-0.259204, 51.453164], [-0.259303, 51.453133], [-0.259322, 51.453164], [-0.259458, 51.453426], [-0.259574, 51.453746], [-0.259593, 51.453937], [-0.259587, 51.454004], [-0.259444, 51.45427], [-0.259448, 51.454302], [-0.259439, 51.45431], [-0.25942, 51.454328], [-0.259361, 51.454446], [-0.259253, 51.45473], [-0.259164, 51.455012], [-0.259185, 51.455106], [-0.259103, 51.455684], [-0.25902, 51.456091], [-0.258734, 51.456687], [-0.258537, 51.457127], [-0.258394, 51.457373], [-0.258281, 51.457629], [-0.258124, 51.457864], [-0.25802, 51.458058], [-0.257936, 51.458187], [-0.257726, 51.458441], [-0.257666, 51.458532], [-0.257644, 51.458588], [-0.257658, 51.45867]]]}, "properties": {"OBJECTID": 293, "Type": null, "First_map": null, "Last_map": null, "First_Year": null, "Last_Year": null, "London1stSeries": 1, "London1srRevision": 1}}, {"type": "Feature", "id": 312, "geometry": {"type": "Polygon", "coordinates": [[[-0.260193, 51.455482], [-0.260174, 51.455473], [-0.260356, 51.455349], [-0.26039, 51.455227], [-0.260386, 51.455211], [-0.260313, 51.455245], [-0.260037, 51.455406], [-0.26002, 51.455398], [-0.260389, 51.455182], [-0.260404, 51.455148], [-0.260419, 51.455044], [-0.260461, 51.454995], [-0.260549, 51.454854], [-0.260534, 51.454835], [-0.259837, 51.454823], [-0.259744, 51.454823], [-0.259702, 51.45483], [-0.259642, 51.454864], [-0.259542, 51.454954], [-0.259503, 51.45504], [-0.259482, 51.455131], [-0.259459, 51.45512], [-0.25946, 51.45511], [-0.259505, 51.454979], [-0.259564, 51.454909], [-0.259641, 51.454846], [-0.259705, 51.454806], [-0.259717, 51.454812], [-0.259893, 51.454815], [-0.260697, 51.454821], [-0.260697, 51.454835], [-0.260593, 51.454835], [-0.260571, 51.454844], [-0.260501, 51.454973], [-0.260439, 51.455047], [-0.260403, 51.455284], [-0.260377, 51.45536], [-0.260193, 51.455482]]]}, "properties": {"OBJECTID": 294, "Type": null, "First_map": null, "Last_map": null, "First_Year": null, "Last_Year": null, "London1stSeries": 1, "London1srRevision": 1}}, {"type": "Feature", "id": 313, "geometry": {"type": "Polygon", "coordinates": [[[-0.25038, 51.467516], [-0.250312, 51.467486], [-0.25039, 51.46738], [-0.250434, 51.467195], [-0.25049, 51.467106], [-0.250847, 51.466886], [-0.250874, 51.466847], [-0.250888, 51.466759], [-0.250906, 51.466723], [-0.250933, 51.46669], [-0.251007, 51.466628], [-0.251718, 51.466187], [-0.25176, 51.466136], [-0.251921, 51.465853], [-0.251996, 51.465759], [-0.252084, 51.465698], [-0.252176, 51.465732], [-0.252088, 51.465812], [-0.252026, 51.46582], [-0.252001, 51.465854], [-0.252002, 51.465889], [-0.251948, 51.465936], [-0.251791, 51.466202], [-0.251753, 51.466233], [-0.251011, 51.466694], [-0.250964, 51.466765], [-0.250937, 51.466869], [-0.250916, 51.466907], [-0.250588, 51.46711], [-0.25055, 51.467142], [-0.25051, 51.46721], [-0.250469, 51.467385], [-0.25038, 51.467516]]]}, "properties": {"OBJECTID": 295, "Type": null, "First_map": null, "Last_map": null, "First_Year": null, "Last_Year": null, "London1stSeries": 1, "London1srRevision": 1}}, {"type": "Feature", "id": 314, "geometry": {"type": "Polygon", "coordinates": [[[-0.248327, 51.469475], [-0.248268, 51.46951], [-0.248206, 51.469617], [-0.248123, 51.46972], [-0.248051, 51.469758], [-0.247632, 51.469716], [-0.247636, 51.469696], [-0.247974, 51.46973], [-0.248054, 51.469722], [-0.248085, 51.469701], [-0.248234, 51.469486], [-0.248289, 51.469451], [-0.248327, 51.469475]]]}, "properties": {"OBJECTID": 296, "Type": null, "First_map": null, "Last_map": null, "First_Year": null, "Last_Year": null, "London1stSeries": 1, "London1srRevision": 1}}, {"type": "Feature", "id": 315, "geometry": {"type": "Polygon", "coordinates": [[[-0.246352, 51.470294], [-0.2463, 51.470261], [-0.246535, 51.470086], [-0.246653, 51.47004], [-0.24717, 51.469666], [-0.247232, 51.469652], [-0.247303, 51.469651], [-0.247536, 51.469682], [-0.247532, 51.469704], [-0.247292, 51.469677], [-0.247225, 51.469681], [-0.247171, 51.4697], [-0.247, 51.469832], [-0.246672, 51.470061], [-0.246564, 51.470148], [-0.246352, 51.470294]]]}, "properties": {"OBJECTID": 297, "Type": null, "First_map": null, "Last_map": null, "First_Year": null, "Last_Year": null, "London1stSeries": 1, "London1srRevision": 1}}, {"type": "Feature", "id": 316, "geometry": {"type": "Polygon", "coordinates": [[[-0.245734, 51.470893], [-0.245668, 51.470858], [-0.245746, 51.470816], [-0.245793, 51.470771], [-0.245878, 51.470652], [-0.245939, 51.470545], [-0.246001, 51.470581], [-0.245987, 51.470606], [-0.245927, 51.470699], [-0.245803, 51.470858], [-0.245734, 51.470893]]]}, "properties": {"OBJECTID": 298, "Type": null, "First_map": null, "Last_map": null, "First_Year": null, "Last_Year": null, "London1stSeries": 1, "London1srRevision": 1}}, {"type": "Feature", "id": 317, "geometry": {"type": "Polygon", "coordinates": [[[-0.241016, 51.472311], [-0.240987, 51.472263], [-0.24138, 51.472188], [-0.241711, 51.472086], [-0.241734, 51.472063], [-0.241767, 51.472116], [-0.241719, 51.472136], [-0.241392, 51.472234], [-0.241016, 51.472311]]]}, "properties": {"OBJECTID": 299, "Type": null, "First_map": null, "Last_map": null, "First_Year": null, "Last_Year": null, "London1stSeries": 1, "London1srRevision": 1}}, {"type": "Feature", "id": 318, "geometry": {"type": "Polygon", "coordinates": [[[-0.240853, 51.472351], [-0.24041, 51.472421], [-0.240347, 51.472425], [-0.240042, 51.47241], [-0.23997, 51.472418], [-0.239942, 51.472365], [-0.240017, 51.472358], [-0.240376, 51.472385], [-0.240655, 51.472336], [-0.240672, 51.472362], [-0.240829, 51.472326], [-0.240826, 51.472305], [-0.240853, 51.472351]]]}, "properties": {"OBJECTID": 300, "Type": null, "First_map": null, "Last_map": null, "First_Year": null, "Last_Year": null, "London1stSeries": 1, "London1srRevision": 1}}, {"type": "Feature", "id": 319, "geometry": {"type": "Polygon", "coordinates": [[[-0.238747, 51.472509], [-0.239176, 51.472514], [-0.239642, 51.472462], [-0.239791, 51.472434], [-0.239822, 51.472487], [-0.239277, 51.472554], [-0.239123, 51.472564], [-0.238821, 51.472564], [-0.238779, 51.472557], [-0.238747, 51.472509]]]}, "properties": {"OBJECTID": 301, "Type": null, "First_map": null, "Last_map": null, "First_Year": null, "Last_Year": null, "London1stSeries": 1, "London1srRevision": 1}}, {"type": "Feature", "id": 320, "geometry": {"type": "Polygon", "coordinates": [[[-0.237501, 51.472585], [-0.237866, 51.472597], [-0.23814, 51.472571], [-0.238322, 51.472582], [-0.238511, 51.47251], [-0.238561, 51.472507], [-0.238592, 51.472554], [-0.238534, 51.472562], [-0.238371, 51.472612], [-0.2383, 51.472623], [-0.238078, 51.472618], [-0.237544, 51.472652], [-0.237501, 51.472585]]]}, "properties": {"OBJECTID": 302, "Type": null, "First_map": null, "Last_map": null, "First_Year": null, "Last_Year": null, "London1stSeries": 1, "London1srRevision": 1}}, {"type": "Feature", "id": 321, "geometry": {"type": "Polygon", "coordinates": [[[-0.266758, 51.450264], [-0.266939, 51.450277], [-0.26694, 51.450288], [-0.266759, 51.450275], [-0.266607, 51.450276], [-0.266239, 51.450323], [-0.264525, 51.450493], [-0.263257, 51.450664], [-0.262727, 51.450725], [-0.262622, 51.450745], [-0.262361, 51.450769], [-0.262276, 51.450787], [-0.2619, 51.45083], [-0.261382, 51.450904], [-0.260868, 51.450965], [-0.260716, 51.450992], [-0.260533, 51.451008], [-0.260453, 51.451026], [-0.259519, 51.451136], [-0.258876, 51.451245], [-0.258485, 51.451368], [-0.258478, 51.45136], [-0.258825, 51.451243], [-0.258997, 51.451209], [-0.259527, 51.451124], [-0.260456, 51.451013], [-0.260553, 51.450994], [-0.260719, 51.450981], [-0.261167, 51.450913], [-0.261262, 51.450907], [-0.261904, 51.450817], [-0.262265, 51.450777], [-0.262332, 51.450761], [-0.262599, 51.450734], [-0.263084, 51.450668], [-0.263332, 51.450642], [-0.264504, 51.450482], [-0.264696, 51.450469], [-0.265084, 51.450422], [-0.266256, 51.450307], [-0.266613, 51.450265], [-0.266758, 51.450264]]]}, "properties": {"OBJECTID": 303, "Type": null, "First_map": null, "Last_map": null, "First_Year": null, "Last_Year": null, "London1stSeries": 1, "London1srRevision": 1}}, {"type": "Feature", "id": 322, "geometry": {"type": "Polygon", "coordinates": [[[-0.259242, 51.453053], [-0.259133, 51.453085], [-0.259109, 51.453034], [-0.258748, 51.452568], [-0.258512, 51.452302], [-0.258389, 51.4522], [-0.258351, 51.452158], [-0.258347, 51.452162], [-0.258256, 51.452087], [-0.258194, 51.452025], [-0.258061, 51.451867], [-0.257938, 51.451686], [-0.257706, 51.451396], [-0.257514, 51.451169], [-0.257405, 51.451059], [-0.257299, 51.450962], [-0.256978, 51.45073], [-0.256378, 51.450327], [-0.255971, 51.450015], [-0.255753, 51.449815], [-0.255689, 51.449772], [-0.255721, 51.449681], [-0.255893, 51.449847], [-0.256343, 51.450217], [-0.256917, 51.450598], [-0.257415, 51.450964], [-0.257668, 51.451221], [-0.257973, 51.451603], [-0.258013, 51.451608], [-0.258056, 51.451597], [-0.258257, 51.451451], [-0.258365, 51.451403], [-0.258374, 51.451411], [-0.258262, 51.451464], [-0.258202, 51.451503], [-0.258097, 51.451588], [-0.258012, 51.45164], [-0.258009, 51.451651], [-0.258115, 51.451809], [-0.258223, 51.451943], [-0.25828, 51.452003], [-0.258621, 51.452311], [-0.258863, 51.452582], [-0.259242, 51.453053]]]}, "properties": {"OBJECTID": 304, "Type": null, "First_map": null, "Last_map": null, "First_Year": null, "Last_Year": null, "London1stSeries": 1, "London1srRevision": 1}}, {"type": "Feature", "id": 323, "geometry": {"type": "Polygon", "coordinates": [[[-0.255579, 51.449678], [-0.255557, 51.449645], [-0.255388, 51.449485], [-0.25529, 51.449367], [-0.255358, 51.449345], [-0.255501, 51.449508], [-0.255557, 51.449557], [-0.255612, 51.449586], [-0.255579, 51.449678]]]}, "properties": {"OBJECTID": 305, "Type": null, "First_map": null, "Last_map": null, "First_Year": null, "Last_Year": null, "London1stSeries": 1, "London1srRevision": 1}}, {"type": "Feature", "id": 324, "geometry": {"type": "Polygon", "coordinates": [[[-0.254677, 51.446853], [-0.254997, 51.448629], [-0.25509, 51.448905], [-0.255147, 51.449026], [-0.255235, 51.449173], [-0.255345, 51.44933], [-0.255278, 51.449352], [-0.255133, 51.449157], [-0.255028, 51.448966], [-0.254939, 51.448714], [-0.254895, 51.448524], [-0.254772, 51.447793], [-0.254448, 51.446134], [-0.25441, 51.44581], [-0.254383, 51.445718], [-0.254369, 51.445546], [-0.254417, 51.445271], [-0.25445, 51.444909], [-0.254433, 51.444815], [-0.254371, 51.444678], [-0.25434, 51.444424], [-0.254304, 51.444358], [-0.254309, 51.444235], [-0.254396, 51.444058], [-0.254684, 51.44374], [-0.254721, 51.443682], [-0.254768, 51.443537], [-0.254766, 51.443349], [-0.254727, 51.443249], [-0.254581, 51.442956], [-0.254553, 51.442837], [-0.254545, 51.442703], [-0.254562, 51.442578], [-0.254641, 51.442373], [-0.25487, 51.441993], [-0.254886, 51.441947], [-0.254993, 51.441971], [-0.254944, 51.442036], [-0.254735, 51.442372], [-0.254662, 51.442567], [-0.254646, 51.442637], [-0.254645, 51.442767], [-0.254655, 51.442859], [-0.254682, 51.442961], [-0.254723, 51.443071], [-0.254828, 51.443265], [-0.254847, 51.443354], [-0.25485, 51.443536], [-0.254814, 51.443673], [-0.254683, 51.443843], [-0.254476, 51.444061], [-0.254418, 51.444165], [-0.254383, 51.444284], [-0.254403, 51.444434], [-0.254458, 51.444666], [-0.254511, 51.444821], [-0.254532, 51.444938], [-0.254513, 51.445151], [-0.254465, 51.445448], [-0.254464, 51.445612], [-0.254487, 51.445901], [-0.254547, 51.446161], [-0.254677, 51.446853]]]}, "properties": {"OBJECTID": 306, "Type": null, "First_map": null, "Last_map": null, "First_Year": null, "Last_Year": null, "London1stSeries": 1, "London1srRevision": 1}}, {"type": "Feature", "id": 325, "geometry": {"type": "Polygon", "coordinates": [[[-0.255081, 51.439202], [-0.255236, 51.440056], [-0.25535, 51.440593], [-0.255361, 51.44099], [-0.255341, 51.441259], [-0.255312, 51.441384], [-0.255261, 51.441501], [-0.255016, 51.441928], [-0.254909, 51.441905], [-0.255142, 51.441546], [-0.255241, 51.441326], [-0.255274, 51.440993], [-0.255263, 51.440648], [-0.254865, 51.438498], [-0.254834, 51.438379], [-0.254793, 51.438289], [-0.25467, 51.438081], [-0.254477, 51.43779], [-0.254303, 51.437586], [-0.254088, 51.43737], [-0.254013, 51.437309], [-0.253885, 51.437173], [-0.253966, 51.437141], [-0.254112, 51.437268], [-0.254152, 51.437309], [-0.25415, 51.437323], [-0.254489, 51.43768], [-0.254648, 51.437905], [-0.254828, 51.438186], [-0.254893, 51.438305], [-0.254935, 51.438421], [-0.254967, 51.438565], [-0.255081, 51.439202]]]}, "properties": {"OBJECTID": 307, "Type": null, "First_map": null, "Last_map": null, "First_Year": null, "Last_Year": null, "London1stSeries": 1, "London1srRevision": 1}}, {"type": "Feature", "id": 326, "geometry": {"type": "Polygon", "coordinates": [[[-0.253487, 51.441602], [-0.254706, 51.441372], [-0.255014, 51.441329], [-0.255016, 51.441336], [-0.254708, 51.441381], [-0.253493, 51.441611], [-0.253487, 51.441602]]]}, "properties": {"OBJECTID": 308, "Type": null, "First_map": null, "Last_map": null, "First_Year": null, "Last_Year": null, "London1stSeries": 1, "London1srRevision": 1}}, {"type": "Feature", "id": 327, "geometry": {"type": "Polygon", "coordinates": [[[-0.253361, 51.435587], [-0.25346, 51.435827], [-0.253483, 51.435929], [-0.253408, 51.435933], [-0.253341, 51.435707], [-0.253257, 51.435527], [-0.253041, 51.43528], [-0.252947, 51.435199], [-0.252789, 51.435103], [-0.252345, 51.434873], [-0.251485, 51.434453], [-0.251413, 51.434408], [-0.251311, 51.434324], [-0.251244, 51.434246], [-0.251135, 51.433994], [-0.251022, 51.433786], [-0.250994, 51.433672], [-0.250961, 51.432976], [-0.250969, 51.432795], [-0.251019, 51.432618], [-0.251074, 51.432482], [-0.251236, 51.432229], [-0.251403, 51.432074], [-0.251722, 51.431814], [-0.251787, 51.431745], [-0.251911, 51.43166], [-0.251935, 51.431613], [-0.252035, 51.431523], [-0.252327, 51.431257], [-0.252467, 51.431162], [-0.252559, 51.431114], [-0.252678, 51.431067], [-0.253021, 51.430957], [-0.253146, 51.430891], [-0.253193, 51.430858], [-0.253514, 51.430551], [-0.253617, 51.430436], [-0.253946, 51.429996], [-0.254034, 51.429877], [-0.254063, 51.429795], [-0.254096, 51.429769], [-0.254172, 51.429578], [-0.254178, 51.429401], [-0.254133, 51.429221], [-0.253713, 51.428414], [-0.253349, 51.427882], [-0.253309, 51.427797], [-0.253194, 51.42748], [-0.253109, 51.42729], [-0.252972, 51.427034], [-0.252882, 51.426922], [-0.252527, 51.426566], [-0.252346, 51.426239], [-0.252218, 51.425728], [-0.252222, 51.425663], [-0.252317, 51.425185], [-0.252392, 51.424972], [-0.252798, 51.424192], [-0.25286, 51.424038], [-0.252868, 51.42399], [-0.252859, 51.42391], [-0.252919, 51.423427], [-0.252903, 51.423286], [-0.252868, 51.423236], [-0.252826, 51.4232], [-0.252763, 51.423159], [-0.25267, 51.423117], [-0.252459, 51.423059], [-0.25203, 51.422991], [-0.251887, 51.42296], [-0.25178, 51.422919], [-0.251643, 51.422834], [-0.251573, 51.422779], [-0.251437, 51.422648], [-0.251207, 51.422493], [-0.251135, 51.422421], [-0.251038, 51.422267], [-0.251012, 51.422173], [-0.250831, 51.421825], [-0.250822, 51.421766], [-0.25082, 51.421752], [-0.25081, 51.421741], [-0.250754, 51.421746], [-0.250713, 51.421758], [-0.25062, 51.421762], [-0.25055, 51.421754], [-0.250281, 51.421704], [-0.250253, 51.421694], [-0.25019, 51.421698], [-0.250193, 51.421689], [-0.250255, 51.421687], [-0.250547, 51.421746], [-0.250635, 51.421756], [-0.250689, 51.421753], [-0.250766, 51.421735], [-0.250806, 51.421733], [-0.250812, 51.421699], [-0.250722, 51.421344], [-0.250669, 51.421219], [-0.250555, 51.421033], [-0.250506, 51.420919], [-0.250479, 51.42069], [-0.250507, 51.420456], [-0.250502, 51.420396], [-0.250487, 51.420314], [-0.250365, 51.419906], [-0.250251, 51.419704], [-0.250127, 51.419516], [-0.249834, 51.419119], [-0.249728, 51.418944], [-0.249655, 51.418795], [-0.249599, 51.418634], [-0.249506, 51.418235], [-0.249496, 51.41812], [-0.249519, 51.417914], [-0.249555, 51.417775], [-0.249686, 51.417409], [-0.249767, 51.417036], [-0.249771, 51.416977], [-0.249742, 51.416613], [-0.249722, 51.416534], [-0.24974, 51.416425], [-0.249646, 51.415939], [-0.24974, 51.41594], [-0.249851, 51.416529], [-0.249855, 51.416829], [-0.249862, 51.41708], [-0.249772, 51.417445], [-0.24963, 51.417853], [-0.249591, 51.418072], [-0.249588, 51.418178], [-0.2496, 51.418262], [-0.249687, 51.418612], [-0.249791, 51.418878], [-0.249972, 51.41917], [-0.250108, 51.419359], [-0.250126, 51.419367], [-0.250117, 51.419372], [-0.250286, 51.419613], [-0.250419, 51.419842], [-0.250471, 51.419981], [-0.250583, 51.420361], [-0.25059, 51.420449], [-0.250554, 51.420713], [-0.25059, 51.42094], [-0.250746, 51.421197], [-0.250794, 51.421323], [-0.250909, 51.421734], [-0.250932, 51.421791], [-0.250923, 51.421837], [-0.250952, 51.421913], [-0.251034, 51.422056], [-0.25113, 51.422276], [-0.251198, 51.422398], [-0.251266, 51.42247], [-0.251467, 51.422595], [-0.251697, 51.422812], [-0.251773, 51.422866], [-0.251999, 51.422946], [-0.252534, 51.42303], [-0.252807, 51.423118], [-0.252845, 51.423138], [-0.252899, 51.423185], [-0.252958, 51.42326], [-0.252987, 51.423408], [-0.252985, 51.423483], [-0.252946, 51.423775], [-0.252925, 51.424052], [-0.252878, 51.424172], [-0.252446, 51.425009], [-0.252368, 51.425269], [-0.252312, 51.425509], [-0.252277, 51.425685], [-0.252281, 51.425747], [-0.252392, 51.426175], [-0.252566, 51.426511], [-0.252603, 51.426564], [-0.252957, 51.426917], [-0.253085, 51.427093], [-0.253265, 51.42746], [-0.253406, 51.427845], [-0.253863, 51.428521], [-0.254209, 51.429216], [-0.254247, 51.429358], [-0.254256, 51.429532], [-0.254231, 51.429639], [-0.254176, 51.429782], [-0.25366, 51.430486], [-0.253313, 51.430845], [-0.253254, 51.430889], [-0.253115, 51.430967], [-0.253006, 51.431016], [-0.252729, 51.431102], [-0.252506, 51.4312], [-0.252361, 51.4313], [-0.251998, 51.431636], [-0.251932, 51.431669], [-0.251833, 51.43179], [-0.251427, 51.432146], [-0.251268, 51.432302], [-0.251146, 51.432489], [-0.251041, 51.432803], [-0.251029, 51.432956], [-0.251062, 51.433653], [-0.251092, 51.43374], [-0.251114, 51.433759], [-0.251132, 51.433845], [-0.251214, 51.433999], [-0.251313, 51.43422], [-0.251348, 51.434268], [-0.25143, 51.434341], [-0.251564, 51.434429], [-0.25199, 51.434618], [-0.252924, 51.435113], [-0.253058, 51.43521], [-0.253273, 51.435449], [-0.253361, 51.435587]]]}, "properties": {"OBJECTID": 309, "Type": null, "First_map": null, "Last_map": null, "First_Year": null, "Last_Year": null, "London1stSeries": 1, "London1srRevision": 1}}, {"type": "Feature", "id": 328, "geometry": {"type": "Polygon", "coordinates": [[[-0.253698, 51.436888], [-0.253831, 51.436998], [-0.253752, 51.437027], [-0.253749, 51.437015], [-0.253665, 51.436948], [-0.253555, 51.43682], [-0.253418, 51.436518], [-0.253397, 51.436226], [-0.253406, 51.435967], [-0.253486, 51.435963], [-0.253491, 51.436045], [-0.253471, 51.436099], [-0.253475, 51.436383], [-0.2535, 51.436523], [-0.253553, 51.436674], [-0.253604, 51.43678], [-0.253698, 51.436888]]]}, "properties": {"OBJECTID": 310, "Type": null, "First_map": null, "Last_map": null, "First_Year": null, "Last_Year": null, "London1stSeries": 1, "London1srRevision": 1}}, {"type": "Feature", "id": 329, "geometry": {"type": "Polygon", "coordinates": [[[-0.24974, 51.41594], [-0.249646, 51.415939], [-0.249513, 51.415349], [-0.249616, 51.415375], [-0.249621, 51.415399], [-0.249654, 51.415533], [-0.24974, 51.41594]]]}, "properties": {"OBJECTID": 311, "Type": null, "First_map": null, "Last_map": null, "First_Year": null, "Last_Year": null, "London1stSeries": 1, "London1srRevision": 1}}, {"type": "Feature", "id": 330, "geometry": {"type": "Polygon", "coordinates": [[[-0.246721, 51.400636], [-0.246681, 51.400637], [-0.246785, 51.400533], [-0.246799, 51.400459], [-0.246774, 51.400349], [-0.246657, 51.400099], [-0.246614, 51.399964], [-0.246568, 51.399479], [-0.246568, 51.399285], [-0.24663, 51.399279], [-0.2466, 51.399416], [-0.246652, 51.399984], [-0.246684, 51.400077], [-0.246817, 51.400366], [-0.246835, 51.400474], [-0.246827, 51.400525], [-0.246803, 51.40056], [-0.246721, 51.400636]]]}, "properties": {"OBJECTID": 312, "Type": null, "First_map": null, "Last_map": null, "First_Year": null, "Last_Year": null, "London1stSeries": 1, "London1srRevision": 1}}, {"type": "Feature", "id": 331, "geometry": {"type": "Polygon", "coordinates": [[[-0.246687, 51.400662], [-0.246158, 51.401044], [-0.245835, 51.401303], [-0.245694, 51.40143], [-0.245401, 51.40162], [-0.245231, 51.401778], [-0.245201, 51.401927], [-0.245084, 51.402334], [-0.244906, 51.402648], [-0.244818, 51.40292], [-0.244705, 51.40332], [-0.244682, 51.403468], [-0.244739, 51.403782], [-0.244744, 51.403949], [-0.244718, 51.404], [-0.244745, 51.404297], [-0.244775, 51.404399], [-0.244883, 51.404526], [-0.244928, 51.404626], [-0.244984, 51.404857], [-0.245065, 51.405315], [-0.245226, 51.40571], [-0.245246, 51.405919], [-0.245164, 51.405936], [-0.24515, 51.405907], [-0.24517, 51.405874], [-0.245163, 51.405718], [-0.245142, 51.405652], [-0.245017, 51.405387], [-0.244984, 51.405252], [-0.244915, 51.404822], [-0.244863, 51.404602], [-0.244814, 51.404524], [-0.244724, 51.404414], [-0.244707, 51.404375], [-0.244675, 51.404213], [-0.244661, 51.404077], [-0.244658, 51.404001], [-0.24468, 51.403886], [-0.244669, 51.403866], [-0.244593, 51.403837], [-0.244484, 51.403822], [-0.243505, 51.403821], [-0.242937, 51.403831], [-0.242272, 51.403889], [-0.24222, 51.403881], [-0.242049, 51.403816], [-0.242079, 51.403789], [-0.242238, 51.403841], [-0.242346, 51.403854], [-0.242606, 51.403826], [-0.24295, 51.4038], [-0.243496, 51.403789], [-0.244482, 51.403785], [-0.24454, 51.403792], [-0.244655, 51.403823], [-0.244674, 51.40382], [-0.24468, 51.403743], [-0.244641, 51.403512], [-0.244658, 51.403322], [-0.244859, 51.402663], [-0.24507, 51.402258], [-0.245117, 51.402049], [-0.245208, 51.401752], [-0.245299, 51.401654], [-0.245359, 51.40162], [-0.245412, 51.401566], [-0.245433, 51.401561], [-0.245702, 51.401386], [-0.245849, 51.401259], [-0.246105, 51.401061], [-0.246213, 51.400959], [-0.246649, 51.400664], [-0.246687, 51.400662]]]}, "properties": {"OBJECTID": 313, "Type": null, "First_map": null, "Last_map": null, "First_Year": null, "Last_Year": null, "London1stSeries": 1, "London1srRevision": 1}}, {"type": "Feature", "id": 332, "geometry": {"type": "Polygon", "coordinates": [[[-0.245565, 51.406551], [-0.245586, 51.406592], [-0.245589, 51.406738], [-0.245492, 51.406916], [-0.245472, 51.407035], [-0.245481, 51.407083], [-0.245525, 51.407177], [-0.245587, 51.40726], [-0.24563, 51.40729], [-0.245582, 51.407312], [-0.245534, 51.407269], [-0.245433, 51.407133], [-0.245407, 51.407009], [-0.245412, 51.406959], [-0.245523, 51.406646], [-0.245466, 51.406568], [-0.245455, 51.406547], [-0.245551, 51.406526], [-0.245565, 51.406551]]]}, "properties": {"OBJECTID": 314, "Type": null, "First_map": null, "Last_map": null, "First_Year": null, "Last_Year": null, "London1stSeries": 1, "London1srRevision": 1}}, {"type": "Feature", "id": 333, "geometry": {"type": "Polygon", "coordinates": [[[-0.24736, 51.407982], [-0.247367, 51.407982], [-0.247371, 51.408193], [-0.24739, 51.40826], [-0.247442, 51.408347], [-0.247567, 51.408488], [-0.247613, 51.408571], [-0.247623, 51.408987], [-0.247599, 51.409075], [-0.247557, 51.40913], [-0.247323, 51.409301], [-0.247275, 51.409351], [-0.247228, 51.409438], [-0.247223, 51.409573], [-0.247241, 51.409659], [-0.247448, 51.410234], [-0.247468, 51.410323], [-0.24749, 51.410521], [-0.247546, 51.410619], [-0.247425, 51.410551], [-0.24741, 51.410328], [-0.24735, 51.410134], [-0.24719, 51.409696], [-0.247172, 51.409608], [-0.247168, 51.409465], [-0.247197, 51.409383], [-0.247233, 51.409323], [-0.247517, 51.409117], [-0.247567, 51.409028], [-0.247554, 51.408758], [-0.247569, 51.408661], [-0.247558, 51.408573], [-0.247513, 51.408492], [-0.247396, 51.408355], [-0.247326, 51.408238], [-0.247311, 51.408185], [-0.247313, 51.408094], [-0.247283, 51.408012], [-0.247178, 51.407938], [-0.247089, 51.407854], [-0.247026, 51.407814], [-0.246871, 51.407775], [-0.246676, 51.407764], [-0.246589, 51.407749], [-0.246526, 51.407734], [-0.246262, 51.407639], [-0.246031, 51.407595], [-0.245886, 51.407548], [-0.245721, 51.40743], [-0.245609, 51.407335], [-0.245661, 51.407308], [-0.245793, 51.407424], [-0.245896, 51.407497], [-0.246035, 51.407555], [-0.246303, 51.407609], [-0.246493, 51.407674], [-0.246663, 51.407722], [-0.246885, 51.40774], [-0.24703, 51.407775], [-0.247118, 51.407828], [-0.247333, 51.408006], [-0.247345, 51.40798], [-0.24736, 51.407982]]]}, "properties": {"OBJECTID": 315, "Type": null, "First_map": null, "Last_map": null, "First_Year": null, "Last_Year": null, "London1stSeries": 1, "London1srRevision": 1}}, {"type": "Feature", "id": 334, "geometry": {"type": "Polygon", "coordinates": [[[-0.247726, 51.411209], [-0.247746, 51.411206], [-0.247847, 51.411277], [-0.248386, 51.412446], [-0.248501, 51.412648], [-0.248825, 51.413344], [-0.249225, 51.414141], [-0.249252, 51.414158], [-0.24929, 51.414164], [-0.249385, 51.414214], [-0.249286, 51.414284], [-0.249214, 51.414297], [-0.248883, 51.41363], [-0.248226, 51.412245], [-0.248186, 51.412178], [-0.247813, 51.411365], [-0.247726, 51.411209]]]}, "properties": {"OBJECTID": 316, "Type": null, "First_map": null, "Last_map": null, "First_Year": null, "Last_Year": null, "London1stSeries": 1, "London1srRevision": 1}}, {"type": "Feature", "id": 335, "geometry": {"type": "Polygon", "coordinates": [[[-0.248713, 51.421315], [-0.248756, 51.421339], [-0.248978, 51.421427], [-0.249075, 51.421505], [-0.249124, 51.421512], [-0.249182, 51.421538], [-0.249324, 51.42156], [-0.2494, 51.421609], [-0.249683, 51.421622], [-0.249758, 51.421649], [-0.249847, 51.421652], [-0.249903, 51.421673], [-0.249961, 51.421674], [-0.250105, 51.421695], [-0.250168, 51.42169], [-0.250166, 51.421699], [-0.250104, 51.421703], [-0.2499, 51.42168], [-0.249846, 51.42166], [-0.249764, 51.42166], [-0.249678, 51.421631], [-0.249411, 51.421624], [-0.249382, 51.421615], [-0.249323, 51.42157], [-0.249163, 51.421545], [-0.249117, 51.421522], [-0.249063, 51.421511], [-0.249035, 51.421488], [-0.249029, 51.421474], [-0.248968, 51.421432], [-0.248748, 51.421347], [-0.248713, 51.421315]]]}, "properties": {"OBJECTID": 317, "Type": null, "First_map": null, "Last_map": null, "First_Year": null, "Last_Year": null, "London1stSeries": 1, "London1srRevision": 1}}, {"type": "Feature", "id": 336, "geometry": {"type": "Polygon", "coordinates": [[[-0.238078, 51.386498], [-0.238122, 51.386495], [-0.238132, 51.386551], [-0.238154, 51.38656], [-0.238289, 51.386548], [-0.238344, 51.386556], [-0.238527, 51.386556], [-0.238763, 51.386499], [-0.238843, 51.386512], [-0.238888, 51.386533], [-0.23901, 51.386802], [-0.238996, 51.38695], [-0.239035, 51.387122], [-0.239105, 51.387249], [-0.239266, 51.387453], [-0.239292, 51.387539], [-0.239299, 51.387613], [-0.239467, 51.387993], [-0.23948, 51.388055], [-0.239487, 51.388293], [-0.239507, 51.388395], [-0.23959, 51.388536], [-0.239614, 51.388661], [-0.239579, 51.388754], [-0.239571, 51.388878], [-0.239592, 51.388923], [-0.239644, 51.389124], [-0.239705, 51.389256], [-0.239744, 51.389386], [-0.239867, 51.389571], [-0.24005, 51.390566], [-0.240096, 51.390725], [-0.240127, 51.390891], [-0.240126, 51.390965], [-0.240108, 51.391071], [-0.240114, 51.391185], [-0.240335, 51.391587], [-0.24048, 51.391807], [-0.240573, 51.391981], [-0.24058, 51.392001], [-0.24056, 51.392052], [-0.240452, 51.391834], [-0.240379, 51.391733], [-0.240274, 51.391544], [-0.240233, 51.391491], [-0.240189, 51.391379], [-0.240078, 51.391202], [-0.240074, 51.391051], [-0.2401, 51.390902], [-0.240056, 51.390703], [-0.240015, 51.390582], [-0.239832, 51.389564], [-0.23971, 51.38939], [-0.239669, 51.389254], [-0.23959, 51.389071], [-0.239585, 51.389025], [-0.239535, 51.388875], [-0.23954, 51.388744], [-0.239576, 51.388662], [-0.239568, 51.388594], [-0.239537, 51.388486], [-0.239467, 51.388389], [-0.239454, 51.388323], [-0.239465, 51.388266], [-0.239455, 51.388203], [-0.239435, 51.388171], [-0.239437, 51.388031], [-0.239398, 51.387908], [-0.239372, 51.387878], [-0.239274, 51.387643], [-0.239228, 51.38745], [-0.239059, 51.387229], [-0.238999, 51.387108], [-0.239001, 51.387052], [-0.23896, 51.386946], [-0.23898, 51.386802], [-0.238853, 51.386545], [-0.238825, 51.386529], [-0.238788, 51.386522], [-0.238759, 51.386524], [-0.238509, 51.386578], [-0.238317, 51.386571], [-0.23815, 51.386585], [-0.238114, 51.386579], [-0.238091, 51.386564], [-0.238078, 51.386498]]]}, "properties": {"OBJECTID": 318, "Type": null, "First_map": null, "Last_map": null, "First_Year": null, "Last_Year": null, "London1stSeries": 1, "London1srRevision": 1}}, {"type": "Feature", "id": 337, "geometry": {"type": "Polygon", "coordinates": [[[-0.243766, 51.380429], [-0.243778, 51.380438], [-0.243751, 51.380457], [-0.24367, 51.380457], [-0.243588, 51.380448], [-0.243501, 51.380481], [-0.24349, 51.38051], [-0.243335, 51.380673], [-0.243159, 51.380833], [-0.24309, 51.380949], [-0.242949, 51.381092], [-0.242836, 51.381222], [-0.24276, 51.38128], [-0.242693, 51.381368], [-0.242612, 51.381446], [-0.242538, 51.381512], [-0.242521, 51.381506], [-0.24267, 51.381365], [-0.242737, 51.381278], [-0.242817, 51.381215], [-0.243068, 51.38095], [-0.243133, 51.380836], [-0.243315, 51.380662], [-0.243441, 51.380529], [-0.243456, 51.380498], [-0.243499, 51.380463], [-0.243603, 51.380432], [-0.243651, 51.380444], [-0.243697, 51.380446], [-0.243766, 51.380429]]]}, "properties": {"OBJECTID": 319, "Type": null, "First_map": null, "Last_map": null, "First_Year": null, "Last_Year": null, "London1stSeries": 1, "London1srRevision": 1}}, {"type": "Feature", "id": 338, "geometry": {"type": "Polygon", "coordinates": [[[-0.242642, 51.382361], [-0.242618, 51.3824], [-0.242537, 51.382451], [-0.24249, 51.38247], [-0.242392, 51.382488], [-0.242339, 51.382505], [-0.242301, 51.382527], [-0.242241, 51.382583], [-0.242273, 51.38253], [-0.242322, 51.382497], [-0.242476, 51.382458], [-0.242599, 51.38239], [-0.242662, 51.382258], [-0.242694, 51.382216], [-0.242937, 51.381982], [-0.242976, 51.381918], [-0.242977, 51.381895], [-0.242964, 51.381872], [-0.242882, 51.381826], [-0.242753, 51.381773], [-0.242675, 51.381753], [-0.242552, 51.381736], [-0.24253, 51.381719], [-0.242498, 51.381679], [-0.242487, 51.38165], [-0.24249, 51.381582], [-0.242514, 51.381517], [-0.242531, 51.381522], [-0.242507, 51.381578], [-0.242506, 51.381662], [-0.242551, 51.381718], [-0.242674, 51.381739], [-0.242795, 51.381773], [-0.242935, 51.381831], [-0.242994, 51.381868], [-0.243006, 51.381889], [-0.243002, 51.381926], [-0.242984, 51.381958], [-0.242796, 51.382139], [-0.242707, 51.382239], [-0.242642, 51.382361]]]}, "properties": {"OBJECTID": 320, "Type": null, "First_map": null, "Last_map": null, "First_Year": null, "Last_Year": null, "London1stSeries": 1, "London1srRevision": 1}}, {"type": "Feature", "id": 339, "geometry": {"type": "Polygon", "coordinates": [[[-0.241914, 51.382883], [-0.241943, 51.382905], [-0.241876, 51.382955], [-0.241658, 51.383247], [-0.241463, 51.383455], [-0.241322, 51.383652], [-0.241299, 51.383646], [-0.241437, 51.383458], [-0.241651, 51.38322], [-0.241862, 51.382941], [-0.241877, 51.382908], [-0.241914, 51.382883]]]}, "properties": {"OBJECTID": 321, "Type": null, "First_map": null, "Last_map": null, "First_Year": null, "Last_Year": null, "London1stSeries": 1, "London1srRevision": 1}}, {"type": "Feature", "id": 340, "geometry": {"type": "Polygon", "coordinates": [[[-0.237971, 51.386212], [-0.237948, 51.386074], [-0.237984, 51.386001], [-0.23843, 51.385608], [-0.238529, 51.385537], [-0.238794, 51.385315], [-0.23893, 51.385237], [-0.238984, 51.385223], [-0.239108, 51.385218], [-0.239508, 51.385054], [-0.239716, 51.384906], [-0.239895, 51.384809], [-0.239992, 51.384721], [-0.240562, 51.3844], [-0.240652, 51.384309], [-0.24089, 51.384161], [-0.241078, 51.384022], [-0.241281, 51.383683], [-0.241306, 51.38369], [-0.24109, 51.384041], [-0.240919, 51.384167], [-0.240664, 51.384324], [-0.240579, 51.38441], [-0.239988, 51.384746], [-0.239919, 51.384815], [-0.239714, 51.384929], [-0.239533, 51.385063], [-0.239113, 51.385228], [-0.238984, 51.385235], [-0.238917, 51.385256], [-0.23887, 51.385278], [-0.238803, 51.385326], [-0.238407, 51.385644], [-0.23827, 51.385789], [-0.238008, 51.386004], [-0.237972, 51.386074], [-0.237982, 51.386158], [-0.238021, 51.386229], [-0.237971, 51.386212]]]}, "properties": {"OBJECTID": 322, "Type": null, "First_map": null, "Last_map": null, "First_Year": null, "Last_Year": null, "London1stSeries": 1, "London1srRevision": 1}}, {"type": "Feature", "id": 341, "geometry": {"type": "Polygon", "coordinates": [[[-0.240861, 51.39213], [-0.240926, 51.392139], [-0.24093, 51.392132], [-0.240944, 51.392197], [-0.240843, 51.392436], [-0.240845, 51.392458], [-0.240964, 51.392755], [-0.241129, 51.393091], [-0.241161, 51.393136], [-0.241316, 51.393291], [-0.241284, 51.393303], [-0.241116, 51.393128], [-0.24102, 51.392955], [-0.240958, 51.392828], [-0.24096, 51.392811], [-0.240896, 51.392712], [-0.240795, 51.392451], [-0.24081, 51.392412], [-0.240744, 51.392397], [-0.240749, 51.392386], [-0.240818, 51.392391], [-0.240909, 51.392178], [-0.2409, 51.392169], [-0.240848, 51.39216], [-0.240861, 51.39213]]]}, "properties": {"OBJECTID": 323, "Type": null, "First_map": null, "Last_map": null, "First_Year": null, "Last_Year": null, "London1stSeries": 1, "London1srRevision": 1}}, {"type": "Feature", "id": 342, "geometry": {"type": "Polygon", "coordinates": [[[-0.241328, 51.393414], [-0.241364, 51.393399], [-0.241496, 51.393539], [-0.241717, 51.393879], [-0.241767, 51.393934], [-0.242302, 51.394173], [-0.242494, 51.394218], [-0.242603, 51.394235], [-0.243488, 51.394313], [-0.243575, 51.394327], [-0.244046, 51.394469], [-0.244179, 51.394488], [-0.244235, 51.394503], [-0.244537, 51.394631], [-0.244715, 51.394731], [-0.244664, 51.394736], [-0.244431, 51.394622], [-0.244185, 51.394519], [-0.244037, 51.394495], [-0.243537, 51.394344], [-0.242837, 51.394287], [-0.242532, 51.394255], [-0.242357, 51.394219], [-0.242294, 51.394199], [-0.241828, 51.393996], [-0.241705, 51.393925], [-0.241454, 51.393545], [-0.241328, 51.393414]]]}, "properties": {"OBJECTID": 324, "Type": null, "First_map": null, "Last_map": null, "First_Year": null, "Last_Year": null, "London1stSeries": 1, "London1srRevision": 1}}, {"type": "Feature", "id": 343, "geometry": {"type": "Polygon", "coordinates": [[[-0.246723, 51.396965], [-0.246627, 51.396876], [-0.246481, 51.396766], [-0.24641, 51.396697], [-0.246226, 51.396474], [-0.24614, 51.396324], [-0.245879, 51.396098], [-0.245685, 51.395845], [-0.245567, 51.395751], [-0.245444, 51.395599], [-0.245001, 51.395241], [-0.244936, 51.395179], [-0.244757, 51.394962], [-0.244693, 51.394845], [-0.244731, 51.394841], [-0.244795, 51.394954], [-0.244888, 51.395072], [-0.245049, 51.395233], [-0.245482, 51.395576], [-0.245607, 51.395735], [-0.245739, 51.395851], [-0.245906, 51.396069], [-0.246183, 51.396313], [-0.246286, 51.396492], [-0.246515, 51.396751], [-0.246604, 51.396819], [-0.246748, 51.396951], [-0.246723, 51.396965]]]}, "properties": {"OBJECTID": 325, "Type": null, "First_map": null, "Last_map": null, "First_Year": null, "Last_Year": null, "London1stSeries": 1, "London1srRevision": 1}}, {"type": "Feature", "id": 344, "geometry": {"type": "Polygon", "coordinates": [[[-0.246636, 51.399141], [-0.246686, 51.398899], [-0.246691, 51.398758], [-0.246681, 51.398708], [-0.246693, 51.398697], [-0.246692, 51.398576], [-0.246924, 51.398124], [-0.246959, 51.398075], [-0.247009, 51.398109], [-0.246927, 51.398224], [-0.246787, 51.398493], [-0.246739, 51.398623], [-0.246764, 51.398875], [-0.246712, 51.399099], [-0.246716, 51.399139], [-0.246636, 51.399141]]]}, "properties": {"OBJECTID": 326, "Type": null, "First_map": null, "Last_map": null, "First_Year": null, "Last_Year": null, "London1stSeries": 1, "London1srRevision": 1}}, {"type": "Feature", "id": 345, "geometry": {"type": "Polygon", "coordinates": [[[-0.249862, 51.467946], [-0.249941, 51.468086], [-0.249959, 51.468154], [-0.249963, 51.468223], [-0.249936, 51.46835], [-0.249937, 51.468408], [-0.249886, 51.468408], [-0.249884, 51.468367], [-0.249853, 51.468409], [-0.249825, 51.468425], [-0.249562, 51.468454], [-0.249514, 51.46848], [-0.249439, 51.468545], [-0.249185, 51.468673], [-0.24908, 51.46874], [-0.248988, 51.468815], [-0.248893, 51.468964], [-0.248747, 51.469113], [-0.248655, 51.469247], [-0.248604, 51.469304], [-0.248516, 51.469371], [-0.24848, 51.469382], [-0.248441, 51.469408], [-0.248397, 51.469381], [-0.248441, 51.469354], [-0.248501, 51.469333], [-0.248574, 51.46927], [-0.248848, 51.468955], [-0.248944, 51.468811], [-0.249003, 51.46875], [-0.24915, 51.468656], [-0.249414, 51.468513], [-0.249496, 51.468446], [-0.249551, 51.468421], [-0.2496, 51.468409], [-0.24979, 51.468392], [-0.249845, 51.468357], [-0.24989, 51.468275], [-0.249895, 51.468178], [-0.249882, 51.468113], [-0.249793, 51.467943], [-0.249862, 51.467946]]]}, "properties": {"OBJECTID": 327, "Type": null, "First_map": null, "Last_map": null, "First_Year": null, "Last_Year": null, "London1stSeries": 1, "London1srRevision": 1}}, {"type": "Feature", "id": 346, "geometry": {"type": "Polygon", "coordinates": [[[-0.249713, 51.468279], [-0.249697, 51.46831], [-0.249658, 51.46833], [-0.249443, 51.46838], [-0.249398, 51.468378], [-0.249337, 51.468357], [-0.249283, 51.468311], [-0.249272, 51.468281], [-0.249284, 51.468253], [-0.249327, 51.468233], [-0.249473, 51.468232], [-0.249549, 51.468224], [-0.24967, 51.46823], [-0.249699, 51.468248], [-0.249713, 51.468279]]]}, "properties": {"OBJECTID": 328, "Type": null, "First_map": null, "Last_map": null, "First_Year": null, "Last_Year": null, "London1stSeries": 1, "London1srRevision": 1}}, {"type": "Feature", "id": 347, "geometry": {"type": "Polygon", "coordinates": [[[-0.242622, 51.471687], [-0.24275, 51.47164], [-0.243094, 51.471574], [-0.243479, 51.471529], [-0.243734, 51.471484], [-0.244422, 51.471355], [-0.244773, 51.471307], [-0.244859, 51.471294], [-0.244952, 51.471269], [-0.245142, 51.471196], [-0.245442, 51.471029], [-0.245572, 51.470932], [-0.245633, 51.470966], [-0.245476, 51.471077], [-0.245181, 51.471232], [-0.244857, 51.471343], [-0.24442, 51.471406], [-0.243518, 51.471572], [-0.243175, 51.471606], [-0.243053, 51.471633], [-0.242806, 51.471667], [-0.242724, 51.471703], [-0.242648, 51.471719], [-0.242375, 51.47187], [-0.24197, 51.471983], [-0.241937, 51.471999], [-0.241906, 51.471949], [-0.242357, 51.471827], [-0.242487, 51.471753], [-0.242622, 51.471687]]]}, "properties": {"OBJECTID": 329, "Type": null, "First_map": null, "Last_map": null, "First_Year": null, "Last_Year": null, "London1stSeries": 1, "London1srRevision": 1}}, {"type": "Feature", "id": 348, "geometry": {"type": "Polygon", "coordinates": [[[-0.224336, 51.470807], [-0.224312, 51.470873], [-0.224271, 51.470883], [-0.224176, 51.470861], [-0.224106, 51.470813], [-0.22393, 51.470791], [-0.22378, 51.470756], [-0.223542, 51.470768], [-0.223426, 51.470812], [-0.223427, 51.470835], [-0.223361, 51.470993], [-0.223359, 51.47105], [-0.223379, 51.471164], [-0.223398, 51.471221], [-0.223427, 51.471264], [-0.223544, 51.471333], [-0.22357, 51.471359], [-0.223559, 51.471384], [-0.22351, 51.471434], [-0.223473, 51.471422], [-0.223516, 51.471367], [-0.223499, 51.471349], [-0.223417, 51.471309], [-0.223367, 51.471237], [-0.223314, 51.471064], [-0.223294, 51.470934], [-0.223299, 51.470901], [-0.223431, 51.470769], [-0.223548, 51.470732], [-0.22378, 51.470719], [-0.223916, 51.470739], [-0.224113, 51.470787], [-0.224274, 51.470792], [-0.224336, 51.470807]]]}, "properties": {"OBJECTID": 330, "Type": null, "First_map": null, "Last_map": null, "First_Year": null, "Last_Year": null, "London1stSeries": 1, "London1srRevision": 1}}, {"type": "Feature", "id": 349, "geometry": {"type": "Polygon", "coordinates": [[[-0.228041, 51.471786], [-0.228127, 51.471827], [-0.228503, 51.471926], [-0.22846, 51.47196], [-0.228049, 51.47185], [-0.227989, 51.471825], [-0.227918, 51.47177], [-0.227452, 51.471585], [-0.226979, 51.471428], [-0.226629, 51.47137], [-0.226306, 51.471267], [-0.226198, 51.47124], [-0.226024, 51.471227], [-0.225947, 51.47123], [-0.22579, 51.471207], [-0.225631, 51.47116], [-0.22558, 51.471126], [-0.225499, 51.471098], [-0.225237, 51.471034], [-0.225222, 51.471041], [-0.225208, 51.471038], [-0.225205, 51.471023], [-0.225092, 51.470998], [-0.224434, 51.47089], [-0.224457, 51.47082], [-0.224839, 51.47089], [-0.225547, 51.471056], [-0.225625, 51.471082], [-0.22574, 51.47115], [-0.225793, 51.471173], [-0.225905, 51.47119], [-0.226243, 51.47122], [-0.226591, 51.471304], [-0.226878, 51.471358], [-0.227318, 51.471503], [-0.228041, 51.471786]]]}, "properties": {"OBJECTID": 331, "Type": null, "First_map": null, "Last_map": null, "First_Year": null, "Last_Year": null, "London1stSeries": 1, "London1srRevision": 1}}, {"type": "Feature", "id": 350, "geometry": {"type": "Polygon", "coordinates": [[[-0.228503, 51.471976], [-0.228546, 51.471941], [-0.228557, 51.471945], [-0.228612, 51.471974], [-0.228707, 51.472053], [-0.228801, 51.472099], [-0.228854, 51.472106], [-0.228926, 51.472103], [-0.229169, 51.472082], [-0.229311, 51.472089], [-0.229444, 51.472102], [-0.229654, 51.472156], [-0.229793, 51.472206], [-0.229839, 51.472244], [-0.229965, 51.472313], [-0.230214, 51.472421], [-0.230281, 51.472432], [-0.230328, 51.47245], [-0.230696, 51.472708], [-0.230997, 51.472782], [-0.231185, 51.472804], [-0.231486, 51.472787], [-0.231828, 51.47279], [-0.231952, 51.472778], [-0.232099, 51.47275], [-0.232293, 51.472686], [-0.23244, 51.472647], [-0.233053, 51.472521], [-0.233375, 51.472424], [-0.2335, 51.472404], [-0.233619, 51.472415], [-0.233924, 51.472413], [-0.234121, 51.472423], [-0.234602, 51.472469], [-0.234914, 51.472525], [-0.235136, 51.47255], [-0.235863, 51.472552], [-0.236171, 51.472568], [-0.236435, 51.47257], [-0.237105, 51.472595], [-0.237237, 51.472616], [-0.237318, 51.472618], [-0.237345, 51.472658], [-0.237287, 51.472657], [-0.237181, 51.472632], [-0.23705, 51.472622], [-0.236845, 51.472626], [-0.236484, 51.47261], [-0.236091, 51.472604], [-0.235982, 51.472594], [-0.234953, 51.472581], [-0.234778, 51.47254], [-0.234566, 51.472502], [-0.234298, 51.472484], [-0.234205, 51.472469], [-0.23386, 51.472449], [-0.23352, 51.472453], [-0.233442, 51.472461], [-0.233312, 51.472485], [-0.232563, 51.472657], [-0.232463, 51.47268], [-0.232093, 51.4728], [-0.231997, 51.472814], [-0.231858, 51.472835], [-0.231852, 51.472845], [-0.231833, 51.472846], [-0.23183, 51.472838], [-0.231619, 51.472821], [-0.23128, 51.472854], [-0.230966, 51.472817], [-0.230669, 51.472749], [-0.230602, 51.472718], [-0.230486, 51.472647], [-0.230416, 51.472587], [-0.230284, 51.472501], [-0.230028, 51.472414], [-0.229937, 51.472375], [-0.229807, 51.472305], [-0.229705, 51.472228], [-0.229655, 51.472204], [-0.229407, 51.472141], [-0.229211, 51.472122], [-0.228871, 51.472153], [-0.228786, 51.472147], [-0.228703, 51.472115], [-0.228585, 51.47202], [-0.228503, 51.471976]]]}, "properties": {"OBJECTID": 332, "Type": null, "First_map": null, "Last_map": null, "First_Year": null, "Last_Year": null, "London1stSeries": 1, "London1srRevision": 1}}, {"type": "Feature", "id": 351, "geometry": {"type": "Polygon", "coordinates": [[[-0.350299, 51.510803], [-0.350306, 51.510807], [-0.350222, 51.510848], [-0.350113, 51.510892], [-0.35007, 51.510953], [-0.349938, 51.511037], [-0.349872, 51.511113], [-0.349842, 51.511183], [-0.349772, 51.511286], [-0.34987, 51.51131], [-0.349915, 51.511312], [-0.35002, 51.511306], [-0.350151, 51.511309], [-0.350324, 51.511286], [-0.350482, 51.511281], [-0.350607, 51.511295], [-0.350871, 51.511368], [-0.351042, 51.511439], [-0.351161, 51.511531], [-0.351199, 51.511573], [-0.351283, 51.511724], [-0.351416, 51.511934], [-0.351531, 51.512041], [-0.351676, 51.512156], [-0.351774, 51.512259], [-0.351801, 51.512371], [-0.351791, 51.512401], [-0.351725, 51.512486], [-0.35167, 51.51251], [-0.351587, 51.51252], [-0.35124, 51.512495], [-0.351171, 51.5125], [-0.351131, 51.51251], [-0.35111, 51.512527], [-0.351073, 51.512597], [-0.350927, 51.512644], [-0.35082, 51.512651], [-0.350699, 51.512634], [-0.350442, 51.512544], [-0.350314, 51.51253], [-0.350233, 51.512532], [-0.350134, 51.512558], [-0.350028, 51.512634], [-0.349843, 51.512896], [-0.34981, 51.513055], [-0.349836, 51.513144], [-0.349915, 51.513213], [-0.350059, 51.513269], [-0.350313, 51.513323], [-0.350569, 51.513337], [-0.350697, 51.513385], [-0.350768, 51.513428], [-0.350854, 51.513506], [-0.35094, 51.513602], [-0.350967, 51.513646], [-0.350977, 51.513684], [-0.350969, 51.51371], [-0.350872, 51.513771], [-0.350805, 51.513865], [-0.350793, 51.513935], [-0.350825, 51.514045], [-0.350828, 51.514148], [-0.350808, 51.51421], [-0.350763, 51.514247], [-0.350789, 51.514272], [-0.350785, 51.514281], [-0.350775, 51.514279], [-0.350752, 51.514259], [-0.350707, 51.514299], [-0.350608, 51.514351], [-0.350351, 51.514406], [-0.350271, 51.514384], [-0.350195, 51.514375], [-0.350074, 51.514331], [-0.349964, 51.514317], [-0.34935, 51.514342], [-0.349233, 51.514352], [-0.349199, 51.514362], [-0.34915, 51.514398], [-0.349175, 51.514609], [-0.349139, 51.514681], [-0.349105, 51.514806], [-0.349063, 51.514886], [-0.348806, 51.515239], [-0.348739, 51.515321], [-0.348335, 51.515685], [-0.348317, 51.515715], [-0.348315, 51.515747], [-0.348342, 51.515789], [-0.348425, 51.515858], [-0.348531, 51.51593], [-0.348675, 51.516011], [-0.348926, 51.516109], [-0.34897, 51.516104], [-0.349007, 51.516114], [-0.349069, 51.516149], [-0.349178, 51.516186], [-0.3492, 51.516205], [-0.349288, 51.516358], [-0.349347, 51.5167], [-0.349276, 51.516943], [-0.349179, 51.517062], [-0.349176, 51.517067], [-0.349155, 51.517091], [-0.349103, 51.51715], [-0.348932, 51.517293], [-0.348874, 51.517328], [-0.348742, 51.517387], [-0.348663, 51.517442], [-0.348644, 51.517464], [-0.348588, 51.517509], [-0.34835, 51.517764], [-0.348328, 51.517817], [-0.348347, 51.517929], [-0.348494, 51.518072], [-0.348514, 51.518112], [-0.348512, 51.518148], [-0.348446, 51.518283], [-0.348431, 51.518348], [-0.348438, 51.518463], [-0.348474, 51.518568], [-0.348501, 51.518782], [-0.348525, 51.51887], [-0.348574, 51.51894], [-0.348827, 51.519206], [-0.349051, 51.519388], [-0.349262, 51.519512], [-0.349309, 51.519573], [-0.349601, 51.519855], [-0.349835, 51.520104], [-0.349879, 51.520112], [-0.350014, 51.520077], [-0.350124, 51.520066], [-0.350299, 51.520073], [-0.350424, 51.520095], [-0.350506, 51.520127], [-0.350627, 51.520197], [-0.350756, 51.520324], [-0.350855, 51.520402], [-0.350885, 51.520466], [-0.350892, 51.520538], [-0.350834, 51.520673], [-0.3508, 51.520705], [-0.350575, 51.520797], [-0.350548, 51.520816], [-0.350557, 51.520907], [-0.350611, 51.521007], [-0.350667, 51.521059], [-0.350718, 51.521078], [-0.350808, 51.521081], [-0.350807, 51.521095], [-0.350742, 51.521093], [-0.350715, 51.521102], [-0.350906, 51.521249], [-0.35118, 51.521481], [-0.351222, 51.52157], [-0.351241, 51.521642], [-0.351227, 51.521731], [-0.35112, 51.522071], [-0.351015, 51.52227], [-0.350994, 51.522336], [-0.351021, 51.522351], [-0.350997, 51.522378], [-0.350947, 51.522365], [-0.349812, 51.52349], [-0.349797, 51.523488], [-0.34976, 51.523527], [-0.349776, 51.523534], [-0.349626, 51.52369], [-0.349082, 51.524111], [-0.349031, 51.524161], [-0.348985, 51.524223], [-0.348981, 51.524331], [-0.349069, 51.524543], [-0.349094, 51.524575], [-0.34921, 51.52465], [-0.349257, 51.524694], [-0.349318, 51.52486], [-0.349326, 51.524975], [-0.349315, 51.525096], [-0.349297, 51.525118], [-0.349595, 51.526406], [-0.349598, 51.526549], [-0.349633, 51.526571], [-0.349631, 51.526586], [-0.349592, 51.526604], [-0.34958, 51.526676], [-0.349522, 51.526784], [-0.349509, 51.526781], [-0.349435, 51.526882], [-0.349305, 51.527007], [-0.349137, 51.52711], [-0.349103, 51.527131], [-0.348909, 51.527097], [-0.349116, 51.526958], [-0.349265, 51.526819], [-0.349367, 51.526699], [-0.349388, 51.526595], [-0.349332, 51.52614], [-0.349288, 51.525897], [-0.349015, 51.5249], [-0.348988, 51.52493], [-0.348978, 51.524927], [-0.349008, 51.524882], [-0.348886, 51.524636], [-0.348789, 51.524395], [-0.348778, 51.524313], [-0.348802, 51.524216], [-0.348867, 51.524124], [-0.349439, 51.523592], [-0.349593, 51.523437], [-0.350964, 51.522001], [-0.351008, 51.521926], [-0.351035, 51.521856], [-0.351061, 51.521721], [-0.351033, 51.52165], [-0.350914, 51.521478], [-0.350514, 51.521131], [-0.350429, 51.521041], [-0.350374, 51.520949], [-0.350307, 51.52077], [-0.349792, 51.520286], [-0.349428, 51.519867], [-0.349243, 51.519697], [-0.349112, 51.519595], [-0.348809, 51.519382], [-0.348655, 51.519241], [-0.348524, 51.519098], [-0.348386, 51.518915], [-0.348315, 51.518573], [-0.348298, 51.51839], [-0.34835, 51.518303], [-0.348365, 51.518188], [-0.348343, 51.51813], [-0.348224, 51.517945], [-0.348203, 51.517893], [-0.348206, 51.51786], [-0.348252, 51.517748], [-0.348327, 51.517656], [-0.348355, 51.517585], [-0.348464, 51.517447], [-0.34857, 51.517365], [-0.34869, 51.517296], [-0.348837, 51.517226], [-0.348963, 51.517142], [-0.349085, 51.517007], [-0.349119, 51.516934], [-0.349178, 51.516862], [-0.349229, 51.516742], [-0.349213, 51.516564], [-0.349161, 51.516357], [-0.349161, 51.516323], [-0.349104, 51.516269], [-0.349052, 51.516238], [-0.348857, 51.51618], [-0.348661, 51.5161], [-0.3485, 51.516023], [-0.34837, 51.515946], [-0.348155, 51.515777], [-0.348128, 51.515714], [-0.348148, 51.515681], [-0.34825, 51.515612], [-0.348354, 51.515504], [-0.348474, 51.515414], [-0.348647, 51.515235], [-0.348732, 51.515115], [-0.348886, 51.514937], [-0.348989, 51.514727], [-0.348939, 51.514733], [-0.348619, 51.514818], [-0.348613, 51.514809], [-0.348938, 51.51472], [-0.348994, 51.514713], [-0.349014, 51.514554], [-0.348994, 51.514338], [-0.349006, 51.514311], [-0.349057, 51.514282], [-0.349212, 51.514259], [-0.34992, 51.514225], [-0.350022, 51.514234], [-0.350182, 51.514295], [-0.350281, 51.514317], [-0.350329, 51.51432], [-0.350439, 51.514305], [-0.350506, 51.514285], [-0.350644, 51.514215], [-0.350682, 51.514182], [-0.350699, 51.514147], [-0.350705, 51.514099], [-0.350683, 51.513953], [-0.350654, 51.513899], [-0.350656, 51.513847], [-0.350701, 51.513758], [-0.350831, 51.513706], [-0.35084, 51.513693], [-0.350832, 51.51367], [-0.350667, 51.513502], [-0.350593, 51.513456], [-0.350482, 51.513432], [-0.350371, 51.513433], [-0.350125, 51.5134], [-0.349852, 51.513286], [-0.349801, 51.513247], [-0.349776, 51.513198], [-0.349734, 51.513155], [-0.349697, 51.513032], [-0.34965, 51.512948], [-0.349699, 51.512921], [-0.349805, 51.512732], [-0.349896, 51.512614], [-0.349989, 51.512537], [-0.350084, 51.512484], [-0.350224, 51.51246], [-0.350397, 51.51246], [-0.350507, 51.51248], [-0.350694, 51.512544], [-0.350828, 51.51256], [-0.350939, 51.512542], [-0.351008, 51.512461], [-0.351057, 51.512434], [-0.35112, 51.512415], [-0.351245, 51.512406], [-0.351519, 51.512431], [-0.35161, 51.512412], [-0.351658, 51.512378], [-0.351683, 51.512321], [-0.351667, 51.51227], [-0.351595, 51.512203], [-0.351429, 51.512132], [-0.351392, 51.512096], [-0.351351, 51.512031], [-0.351249, 51.511956], [-0.351202, 51.511894], [-0.351182, 51.511766], [-0.351099, 51.511666], [-0.351003, 51.511541], [-0.350953, 51.511501], [-0.350913, 51.511494], [-0.350884, 51.511464], [-0.350783, 51.511444], [-0.350557, 51.511375], [-0.350526, 51.511376], [-0.350471, 51.511365], [-0.350334, 51.511367], [-0.350143, 51.511399], [-0.350006, 51.51139], [-0.349922, 51.5114], [-0.349697, 51.511367], [-0.349556, 51.51132], [-0.349436, 51.511298], [-0.349191, 51.511291], [-0.349123, 51.511301], [-0.348991, 51.511345], [-0.348827, 51.511358], [-0.348608, 51.511338], [-0.348263, 51.51137], [-0.347984, 51.511396], [-0.347871, 51.511389], [-0.34749, 51.511399], [-0.347154, 51.511468], [-0.346994, 51.511543], [-0.34686, 51.511587], [-0.346725, 51.511595], [-0.346666, 51.511617], [-0.346566, 51.511632], [-0.346227, 51.511621], [-0.346115, 51.51163], [-0.34574, 51.511597], [-0.345575, 51.511568], [-0.345461, 51.511535], [-0.345156, 51.511414], [-0.345022, 51.511344], [-0.344855, 51.511186], [-0.344793, 51.511148], [-0.344713, 51.51112], [-0.344551, 51.511105], [-0.344065, 51.51116], [-0.343895, 51.511158], [-0.343816, 51.511136], [-0.343773, 51.511102], [-0.343762, 51.511074], [-0.343889, 51.511056], [-0.343901, 51.511074], [-0.343927, 51.511087], [-0.344011, 51.511094], [-0.344611, 51.511039], [-0.344747, 51.511041], [-0.344823, 51.511066], [-0.344926, 51.511119], [-0.345143, 51.5113], [-0.345229, 51.511352], [-0.345339, 51.511397], [-0.345646, 51.511497], [-0.345737, 51.511518], [-0.345849, 51.511533], [-0.346361, 51.511562], [-0.346519, 51.511555], [-0.346576, 51.51156], [-0.346831, 51.511486], [-0.347028, 51.511446], [-0.347205, 51.511376], [-0.347281, 51.511356], [-0.347479, 51.51133], [-0.347763, 51.511326], [-0.34792, 51.511311], [-0.348114, 51.511309], [-0.348431, 51.511279], [-0.348516, 51.511265], [-0.348557, 51.511271], [-0.348686, 51.511268], [-0.348815, 51.511288], [-0.348975, 51.511289], [-0.349178, 51.511219], [-0.349321, 51.511205], [-0.34955, 51.511232], [-0.349672, 51.511254], [-0.349756, 51.511281], [-0.349829, 51.511178], [-0.34988, 51.511077], [-0.349947, 51.511007], [-0.350062, 51.510937], [-0.350092, 51.510884], [-0.350299, 51.510803]], [[-0.350131, 51.520128], [-0.350041, 51.520135], [-0.349939, 51.520163], [-0.349919, 51.520178], [-0.349915, 51.520194], [-0.350128, 51.520418], [-0.350476, 51.520734], [-0.350494, 51.520734], [-0.350584, 51.520699], [-0.350708, 51.520608], [-0.350765, 51.520535], [-0.350773, 51.520456], [-0.350731, 51.520392], [-0.350556, 51.520279], [-0.350453, 51.520195], [-0.35039, 51.520164], [-0.350277, 51.520138], [-0.350131, 51.520128]]]}, "properties": {"OBJECTID": 333, "Type": null, "First_map": null, "Last_map": null, "First_Year": null, "Last_Year": null, "London1stSeries": 1, "London1srRevision": 1}}, {"type": "Feature", "id": 352, "geometry": {"type": "Polygon", "coordinates": [[[-0.338501, 51.528305], [-0.338409, 51.528291], [-0.338376, 51.528271], [-0.338235, 51.528248], [-0.338201, 51.528246], [-0.338136, 51.528262], [-0.338106, 51.528256], [-0.338061, 51.528233], [-0.338002, 51.528214], [-0.337919, 51.528146], [-0.337864, 51.528116], [-0.337721, 51.528053], [-0.337599, 51.528014], [-0.337328, 51.52797], [-0.337049, 51.527953], [-0.336801, 51.527958], [-0.336292, 51.527993], [-0.336051, 51.528019], [-0.33587, 51.528046], [-0.335547, 51.528108], [-0.33449, 51.528349], [-0.334279, 51.528381], [-0.334207, 51.528404], [-0.334187, 51.528406], [-0.334137, 51.528301], [-0.334274, 51.528287], [-0.334464, 51.528257], [-0.334932, 51.528154], [-0.335013, 51.528123], [-0.335074, 51.52809], [-0.335127, 51.528041], [-0.335162, 51.527974], [-0.335218, 51.52796], [-0.335321, 51.528013], [-0.33537, 51.528025], [-0.335428, 51.528028], [-0.335855, 51.527955], [-0.336192, 51.527913], [-0.336534, 51.527884], [-0.336992, 51.527862], [-0.337301, 51.527865], [-0.337533, 51.527893], [-0.337822, 51.527986], [-0.337912, 51.528003], [-0.337991, 51.528098], [-0.338015, 51.52811], [-0.338161, 51.528152], [-0.338271, 51.528173], [-0.338362, 51.528176], [-0.338614, 51.528232], [-0.338701, 51.528225], [-0.338908, 51.528156], [-0.338957, 51.528127], [-0.33909, 51.528077], [-0.339201, 51.528046], [-0.339255, 51.528002], [-0.3393, 51.527985], [-0.339368, 51.527931], [-0.339379, 51.52791], [-0.339372, 51.527879], [-0.339342, 51.527878], [-0.339682, 51.527821], [-0.339885, 51.527826], [-0.339983, 51.527847], [-0.340054, 51.527882], [-0.340087, 51.527917], [-0.340112, 51.528051], [-0.340178, 51.528095], [-0.340261, 51.528107], [-0.340346, 51.528095], [-0.340491, 51.528006], [-0.340557, 51.527949], [-0.340721, 51.527876], [-0.340915, 51.527774], [-0.341156, 51.527685], [-0.341554, 51.527565], [-0.341681, 51.527534], [-0.342009, 51.527478], [-0.342334, 51.527466], [-0.342448, 51.527471], [-0.342564, 51.527486], [-0.342793, 51.527546], [-0.342916, 51.527537], [-0.343132, 51.527469], [-0.343351, 51.527414], [-0.343552, 51.5274], [-0.343671, 51.527405], [-0.343977, 51.527375], [-0.344358, 51.527305], [-0.344437, 51.527326], [-0.345128, 51.527318], [-0.345317, 51.527351], [-0.345559, 51.527431], [-0.345639, 51.527449], [-0.345935, 51.527453], [-0.346802, 51.527534], [-0.347191, 51.527593], [-0.347344, 51.5276], [-0.34742, 51.527596], [-0.347554, 51.527581], [-0.347812, 51.527526], [-0.348103, 51.527438], [-0.348374, 51.527342], [-0.348753, 51.527186], [-0.348946, 51.52722], [-0.348755, 51.527324], [-0.348586, 51.527402], [-0.348262, 51.527527], [-0.348033, 51.527598], [-0.347726, 51.527679], [-0.347532, 51.527711], [-0.347252, 51.527706], [-0.346852, 51.527664], [-0.346803, 51.527679], [-0.346767, 51.527676], [-0.346772, 51.527644], [-0.346701, 51.527634], [-0.345799, 51.527598], [-0.345429, 51.527598], [-0.345388, 51.527606], [-0.34473, 51.528098], [-0.344712, 51.528122], [-0.344718, 51.528172], [-0.344809, 51.528315], [-0.344972, 51.528819], [-0.344911, 51.528816], [-0.344847, 51.528578], [-0.344769, 51.528351], [-0.344669, 51.528166], [-0.344661, 51.528132], [-0.344681, 51.528096], [-0.345336, 51.527522], [-0.34534, 51.52748], [-0.345184, 51.527432], [-0.345111, 51.52742], [-0.34444, 51.52743], [-0.344384, 51.527435], [-0.344349, 51.527452], [-0.344281, 51.527441], [-0.343648, 51.527483], [-0.343522, 51.527479], [-0.343409, 51.527485], [-0.343334, 51.527499], [-0.343143, 51.527615], [-0.343072, 51.527645], [-0.34298, 51.527656], [-0.342818, 51.527657], [-0.342673, 51.527639], [-0.342591, 51.527625], [-0.342386, 51.527554], [-0.34228, 51.527538], [-0.342206, 51.527537], [-0.341539, 51.527672], [-0.341, 51.527845], [-0.340937, 51.527879], [-0.340786, 51.527931], [-0.340426, 51.528165], [-0.340295, 51.528212], [-0.340236, 51.52821], [-0.340167, 51.528184], [-0.34009, 51.528171], [-0.340064, 51.52816], [-0.34001, 51.528091], [-0.340009, 51.52799], [-0.339985, 51.52794], [-0.339949, 51.52791], [-0.339843, 51.527895], [-0.339723, 51.527905], [-0.339622, 51.527926], [-0.339175, 51.528186], [-0.338946, 51.528243], [-0.338766, 51.528304], [-0.338645, 51.528307], [-0.338547, 51.528292], [-0.338501, 51.528305]]]}, "properties": {"OBJECTID": 334, "Type": null, "First_map": null, "Last_map": null, "First_Year": null, "Last_Year": null, "London1stSeries": 1, "London1srRevision": 1}}, {"type": "Feature", "id": 353, "geometry": {"type": "Polygon", "coordinates": [[[-0.34844, 51.514791], [-0.348419, 51.514816], [-0.34836, 51.514821], [-0.348299, 51.514817], [-0.348243, 51.514797], [-0.348184, 51.514736], [-0.348121, 51.514598], [-0.348082, 51.514568], [-0.348025, 51.514552], [-0.347884, 51.514572], [-0.347336, 51.514612], [-0.347143, 51.514645], [-0.347051, 51.514675], [-0.346895, 51.514783], [-0.346822, 51.514811], [-0.346801, 51.514841], [-0.346831, 51.514871], [-0.346902, 51.514871], [-0.346945, 51.514857], [-0.347133, 51.514742], [-0.347201, 51.514731], [-0.34726, 51.514737], [-0.347364, 51.514779], [-0.347448, 51.514851], [-0.347449, 51.514887], [-0.347398, 51.514941], [-0.347361, 51.514946], [-0.347329, 51.514937], [-0.347309, 51.514921], [-0.347284, 51.514864], [-0.347255, 51.514847], [-0.34722, 51.514838], [-0.347166, 51.514852], [-0.347016, 51.514946], [-0.34694, 51.514973], [-0.346878, 51.514975], [-0.34678, 51.51496], [-0.346706, 51.514943], [-0.346628, 51.514906], [-0.346224, 51.515019], [-0.346056, 51.515045], [-0.345939, 51.515074], [-0.345793, 51.515124], [-0.345625, 51.515229], [-0.345623, 51.515224], [-0.34574, 51.515141], [-0.345856, 51.515088], [-0.346009, 51.515045], [-0.346269, 51.514994], [-0.346632, 51.514894], [-0.346622, 51.514855], [-0.346642, 51.514821], [-0.34672, 51.514759], [-0.346845, 51.514697], [-0.346938, 51.514635], [-0.347055, 51.514586], [-0.347156, 51.514556], [-0.347347, 51.514529], [-0.347673, 51.51451], [-0.347855, 51.514468], [-0.348044, 51.514463], [-0.348128, 51.514477], [-0.34822, 51.514544], [-0.348258, 51.514576], [-0.348299, 51.514653], [-0.348337, 51.514699], [-0.34844, 51.514767], [-0.34844, 51.514791]]]}, "properties": {"OBJECTID": 335, "Type": null, "First_map": null, "Last_map": null, "First_Year": null, "Last_Year": null, "London1stSeries": 1, "London1srRevision": 1}}, {"type": "Feature", "id": 354, "geometry": {"type": "Polygon", "coordinates": [[[-0.345136, 51.515129], [-0.345141, 51.515122], [-0.34517, 51.515137], [-0.345309, 51.515095], [-0.345408, 51.515085], [-0.345477, 51.51505], [-0.345578, 51.514966], [-0.345605, 51.514954], [-0.345646, 51.514951], [-0.345757, 51.514973], [-0.345846, 51.514963], [-0.345864, 51.514995], [-0.345624, 51.515058], [-0.345547, 51.515166], [-0.345557, 51.515196], [-0.345532, 51.515196], [-0.345488, 51.515218], [-0.345428, 51.51527], [-0.345268, 51.51532], [-0.345245, 51.515338], [-0.345228, 51.515315], [-0.345183, 51.51532], [-0.345157, 51.515337], [-0.345152, 51.515358], [-0.345165, 51.515364], [-0.345203, 51.515362], [-0.345214, 51.515371], [-0.345178, 51.515399], [-0.34514, 51.51541], [-0.345075, 51.515394], [-0.344996, 51.51541], [-0.344991, 51.515402], [-0.34506, 51.515363], [-0.345116, 51.515214], [-0.345166, 51.515146], [-0.345136, 51.515129]]]}, "properties": {"OBJECTID": 336, "Type": null, "First_map": null, "Last_map": null, "First_Year": null, "Last_Year": null, "London1stSeries": 1, "London1srRevision": 1}}, {"type": "Feature", "id": 355, "geometry": {"type": "Polygon", "coordinates": [[[-0.345092, 51.531238], [-0.345035, 51.53116], [-0.344903, 51.530928], [-0.344741, 51.53073], [-0.344724, 51.53065], [-0.344767, 51.530485], [-0.344746, 51.530355], [-0.344669, 51.530203], [-0.34461, 51.530134], [-0.344489, 51.530029], [-0.344451, 51.529975], [-0.344382, 51.529815], [-0.344365, 51.529721], [-0.344374, 51.529664], [-0.344396, 51.529617], [-0.344495, 51.529511], [-0.344515, 51.52947], [-0.344524, 51.529419], [-0.344518, 51.529292], [-0.344565, 51.529155], [-0.344827, 51.528929], [-0.344907, 51.528843], [-0.344971, 51.528846], [-0.34487, 51.528967], [-0.344678, 51.529146], [-0.344631, 51.529211], [-0.344607, 51.529301], [-0.344637, 51.529393], [-0.344635, 51.529443], [-0.344612, 51.529485], [-0.344487, 51.52964], [-0.344465, 51.529683], [-0.344458, 51.529744], [-0.344487, 51.529893], [-0.344514, 51.529956], [-0.344565, 51.530017], [-0.344641, 51.53007], [-0.344706, 51.530135], [-0.344789, 51.530271], [-0.344868, 51.530482], [-0.344858, 51.530525], [-0.344796, 51.530634], [-0.344795, 51.530662], [-0.34486, 51.530775], [-0.345022, 51.53094], [-0.345109, 51.531065], [-0.345182, 51.531218], [-0.345092, 51.531238]]]}, "properties": {"OBJECTID": 337, "Type": null, "First_map": null, "Last_map": null, "First_Year": null, "Last_Year": null, "London1stSeries": 1, "London1srRevision": 1}}, {"type": "Feature", "id": 356, "geometry": {"type": "Polygon", "coordinates": [[[-0.33357, 51.528354], [-0.333753, 51.528324], [-0.333935, 51.528313], [-0.334007, 51.528315], [-0.334053, 51.52841], [-0.334007, 51.528402], [-0.33387, 51.528399], [-0.333607, 51.528434], [-0.33357, 51.528354]]]}, "properties": {"OBJECTID": 338, "Type": null, "First_map": null, "Last_map": null, "First_Year": null, "Last_Year": null, "London1stSeries": 1, "London1srRevision": 1}}, {"type": "Feature", "id": 357, "geometry": {"type": "Polygon", "coordinates": [[[-0.330413, 51.531864], [-0.330397, 51.531856], [-0.330429, 51.531834], [-0.330481, 51.531775], [-0.330613, 51.531753], [-0.330668, 51.531726], [-0.330707, 51.531686], [-0.330762, 51.531595], [-0.330939, 51.531494], [-0.330962, 51.531467], [-0.330847, 51.531451], [-0.330348, 51.531326], [-0.33021, 51.531264], [-0.329853, 51.531084], [-0.32968, 51.531023], [-0.329566, 51.531009], [-0.329449, 51.531041], [-0.329338, 51.530915], [-0.329432, 51.530908], [-0.329622, 51.530933], [-0.329745, 51.530959], [-0.329798, 51.530975], [-0.329845, 51.531005], [-0.330172, 51.531132], [-0.330196, 51.531135], [-0.330277, 51.531173], [-0.330324, 51.531212], [-0.330383, 51.531237], [-0.33056, 51.531287], [-0.331022, 51.531383], [-0.331351, 51.531382], [-0.331426, 51.531376], [-0.331998, 51.531221], [-0.332046, 51.531201], [-0.332122, 51.531123], [-0.332214, 51.531004], [-0.33232, 51.530906], [-0.332361, 51.530829], [-0.332392, 51.530728], [-0.332384, 51.530572], [-0.332357, 51.530386], [-0.332382, 51.53031], [-0.332381, 51.530223], [-0.332354, 51.530127], [-0.33228, 51.529997], [-0.332276, 51.529856], [-0.332355, 51.529523], [-0.332439, 51.529291], [-0.332418, 51.529281], [-0.332446, 51.52926], [-0.332484, 51.529162], [-0.332528, 51.528974], [-0.332594, 51.528869], [-0.332672, 51.528769], [-0.332822, 51.528607], [-0.332914, 51.528537], [-0.333012, 51.528487], [-0.33324, 51.528412], [-0.333235, 51.528405], [-0.333509, 51.528364], [-0.333522, 51.52837], [-0.333561, 51.528448], [-0.33345, 51.528453], [-0.333179, 51.528524], [-0.33308, 51.528581], [-0.333002, 51.528641], [-0.33294, 51.528677], [-0.332842, 51.528792], [-0.332748, 51.528874], [-0.332639, 51.52906], [-0.332615, 51.529244], [-0.33249, 51.529548], [-0.332457, 51.5297], [-0.332429, 51.529776], [-0.332417, 51.529928], [-0.332425, 51.529989], [-0.332535, 51.53021], [-0.332548, 51.53026], [-0.332513, 51.530433], [-0.33252, 51.530619], [-0.332624, 51.530613], [-0.333308, 51.530505], [-0.333309, 51.530514], [-0.332614, 51.530622], [-0.332521, 51.530631], [-0.332525, 51.530774], [-0.332495, 51.53086], [-0.332442, 51.530936], [-0.332308, 51.531052], [-0.332383, 51.53111], [-0.332417, 51.53115], [-0.332453, 51.531234], [-0.33245, 51.531315], [-0.332514, 51.531371], [-0.332578, 51.531491], [-0.332612, 51.531576], [-0.332613, 51.531621], [-0.33267, 51.531718], [-0.332693, 51.531844], [-0.332745, 51.531998], [-0.332731, 51.531999], [-0.332695, 51.531896], [-0.332657, 51.531723], [-0.332597, 51.531622], [-0.332589, 51.531551], [-0.332515, 51.531396], [-0.332433, 51.531312], [-0.332436, 51.53124], [-0.332415, 51.531176], [-0.332376, 51.531123], [-0.332299, 51.531064], [-0.33227, 51.531107], [-0.33226, 51.531143], [-0.332197, 51.531196], [-0.332104, 51.53125], [-0.331836, 51.531368], [-0.331596, 51.53143], [-0.331408, 51.531457], [-0.330975, 51.531469], [-0.330943, 51.531502], [-0.330777, 51.531597], [-0.330719, 51.531694], [-0.330678, 51.531734], [-0.330614, 51.531763], [-0.330509, 51.531776], [-0.330413, 51.531864]]]}, "properties": {"OBJECTID": 339, "Type": null, "First_map": null, "Last_map": null, "First_Year": null, "Last_Year": null, "London1stSeries": 1, "London1srRevision": 1}}, {"type": "Feature", "id": 358, "geometry": {"type": "Polygon", "coordinates": [[[-0.330291, 51.532901], [-0.330273, 51.532705], [-0.33028, 51.532495], [-0.330262, 51.532439], [-0.330204, 51.532365], [-0.330176, 51.532167], [-0.330185, 51.532052], [-0.330195, 51.532038], [-0.330208, 51.532041], [-0.330195, 51.532181], [-0.330219, 51.532355], [-0.330227, 51.532376], [-0.33028, 51.532434], [-0.330294, 51.532469], [-0.330294, 51.532782], [-0.330315, 51.532898], [-0.330291, 51.532901]]]}, "properties": {"OBJECTID": 340, "Type": null, "First_map": null, "Last_map": null, "First_Year": null, "Last_Year": null, "London1stSeries": 1, "London1srRevision": 1}}, {"type": "Feature", "id": 359, "geometry": {"type": "Polygon", "coordinates": [[[-0.329269, 51.531059], [-0.329104, 51.531043], [-0.328909, 51.531036], [-0.328793, 51.531042], [-0.328362, 51.531031], [-0.328204, 51.531041], [-0.328086, 51.531069], [-0.327974, 51.531084], [-0.327898, 51.53107], [-0.327846, 51.531041], [-0.327882, 51.530966], [-0.327972, 51.530979], [-0.328221, 51.530963], [-0.328937, 51.53096], [-0.329156, 51.530931], [-0.329269, 51.531059]]]}, "properties": {"OBJECTID": 341, "Type": null, "First_map": null, "Last_map": null, "First_Year": null, "Last_Year": null, "London1stSeries": 1, "London1srRevision": 1}}, {"type": "Feature", "id": 360, "geometry": {"type": "Polygon", "coordinates": [[[-0.319814, 51.529726], [-0.31993, 51.529793], [-0.320016, 51.529867], [-0.320094, 51.529965], [-0.320128, 51.530039], [-0.32013, 51.530171], [-0.32001, 51.530378], [-0.319998, 51.530553], [-0.320024, 51.530668], [-0.320015, 51.530795], [-0.320031, 51.530833], [-0.320151, 51.530917], [-0.320252, 51.53096], [-0.320593, 51.531047], [-0.320722, 51.531094], [-0.320788, 51.531136], [-0.320882, 51.531249], [-0.320999, 51.531336], [-0.321115, 51.531393], [-0.321449, 51.531503], [-0.32161, 51.531528], [-0.321636, 51.531518], [-0.321698, 51.531531], [-0.32214, 51.531544], [-0.322266, 51.531521], [-0.322348, 51.531515], [-0.322431, 51.531494], [-0.322683, 51.531393], [-0.322943, 51.531207], [-0.323276, 51.531042], [-0.323538, 51.530895], [-0.323578, 51.53084], [-0.323571, 51.53077], [-0.323534, 51.530685], [-0.323452, 51.530575], [-0.32344, 51.530519], [-0.323356, 51.530405], [-0.323342, 51.530342], [-0.323346, 51.530216], [-0.32347, 51.530087], [-0.323552, 51.530041], [-0.323594, 51.530025], [-0.323796, 51.529985], [-0.323899, 51.529955], [-0.324167, 51.52994], [-0.32428, 51.529922], [-0.324348, 51.529901], [-0.324401, 51.529862], [-0.324421, 51.529836], [-0.32444, 51.529777], [-0.324421, 51.529532], [-0.324442, 51.529458], [-0.324525, 51.529321], [-0.324791, 51.529125], [-0.324898, 51.529076], [-0.325183, 51.528995], [-0.325274, 51.528982], [-0.325274, 51.528971], [-0.325318, 51.528962], [-0.325324, 51.528972], [-0.325577, 51.528929], [-0.325758, 51.528912], [-0.325953, 51.528907], [-0.326026, 51.528914], [-0.326381, 51.529049], [-0.326398, 51.52904], [-0.326423, 51.529051], [-0.326424, 51.529072], [-0.326552, 51.529136], [-0.326761, 51.529275], [-0.326944, 51.529474], [-0.327032, 51.529619], [-0.327124, 51.529686], [-0.327184, 51.529717], [-0.327283, 51.529768], [-0.327475, 51.529818], [-0.327613, 51.529892], [-0.327697, 51.529977], [-0.327735, 51.530004], [-0.327865, 51.530155], [-0.327992, 51.530274], [-0.327984, 51.53031], [-0.328019, 51.530401], [-0.328013, 51.530422], [-0.327983, 51.530444], [-0.327835, 51.530508], [-0.3277, 51.530595], [-0.327664, 51.530626], [-0.327632, 51.530674], [-0.327626, 51.530754], [-0.327648, 51.530823], [-0.32771, 51.530905], [-0.327755, 51.53094], [-0.327772, 51.530942], [-0.327737, 51.531026], [-0.327706, 51.531027], [-0.327629, 51.530989], [-0.327543, 51.530915], [-0.327479, 51.530821], [-0.327467, 51.530726], [-0.32751, 51.530624], [-0.327542, 51.530589], [-0.327586, 51.53056], [-0.327719, 51.530502], [-0.327836, 51.530412], [-0.327864, 51.530379], [-0.327876, 51.530321], [-0.327817, 51.530226], [-0.327643, 51.530037], [-0.327522, 51.529934], [-0.327382, 51.529865], [-0.327176, 51.529803], [-0.327025, 51.529727], [-0.326947, 51.529652], [-0.326882, 51.529545], [-0.326824, 51.529472], [-0.326675, 51.529341], [-0.326541, 51.52925], [-0.32626, 51.529084], [-0.326068, 51.529009], [-0.325875, 51.528973], [-0.325803, 51.528983], [-0.325742, 51.528978], [-0.325617, 51.528987], [-0.325548, 51.529004], [-0.325441, 51.529014], [-0.325369, 51.529034], [-0.325271, 51.529043], [-0.325052, 51.529102], [-0.324879, 51.529171], [-0.324827, 51.5292], [-0.324672, 51.529326], [-0.324594, 51.529427], [-0.324589, 51.529465], [-0.324547, 51.529544], [-0.324548, 51.529578], [-0.324584, 51.529651], [-0.324574, 51.529747], [-0.324514, 51.529906], [-0.324458, 51.529965], [-0.324422, 51.529984], [-0.324365, 51.529996], [-0.324048, 51.530018], [-0.323922, 51.53004], [-0.32375, 51.53005], [-0.323667, 51.530086], [-0.323568, 51.530116], [-0.323502, 51.530172], [-0.323464, 51.530226], [-0.323455, 51.530271], [-0.32349, 51.530379], [-0.32367, 51.530659], [-0.323666, 51.530727], [-0.323694, 51.530831], [-0.323659, 51.530924], [-0.323536, 51.531032], [-0.323435, 51.53107], [-0.323251, 51.531156], [-0.323107, 51.531245], [-0.322991, 51.531338], [-0.322894, 51.531375], [-0.322835, 51.531415], [-0.322739, 51.531447], [-0.322619, 51.531505], [-0.322392, 51.531573], [-0.322091, 51.531614], [-0.321931, 51.531615], [-0.321897, 51.531603], [-0.321867, 51.531607], [-0.321661, 51.531597], [-0.321531, 51.531582], [-0.321231, 51.531532], [-0.320855, 51.531372], [-0.320803, 51.531329], [-0.320767, 51.531312], [-0.320718, 51.531218], [-0.320639, 51.531156], [-0.320422, 51.531087], [-0.320325, 51.53107], [-0.320218, 51.531063], [-0.320109, 51.531024], [-0.319993, 51.530951], [-0.319947, 51.530902], [-0.319942, 51.530857], [-0.319892, 51.530773], [-0.319874, 51.530714], [-0.319869, 51.530667], [-0.319889, 51.530626], [-0.319862, 51.530488], [-0.319864, 51.530434], [-0.319904, 51.530326], [-0.319979, 51.530214], [-0.320014, 51.530134], [-0.32, 51.530041], [-0.319945, 51.529948], [-0.319893, 51.529902], [-0.319778, 51.529828], [-0.319402, 51.529671], [-0.319265, 51.529596], [-0.319146, 51.529514], [-0.319003, 51.52936], [-0.318966, 51.529303], [-0.318888, 51.529163], [-0.318832, 51.528953], [-0.31881, 51.52892], [-0.318768, 51.528892], [-0.318674, 51.528884], [-0.318502, 51.528896], [-0.318358, 51.528926], [-0.318279, 51.528957], [-0.318201, 51.528964], [-0.318134, 51.528989], [-0.318059, 51.528999], [-0.317751, 51.529007], [-0.317637, 51.529017], [-0.317483, 51.529063], [-0.317385, 51.529072], [-0.317212, 51.529109], [-0.317021, 51.529124], [-0.316822, 51.529159], [-0.316791, 51.529173], [-0.316731, 51.529229], [-0.316677, 51.529243], [-0.31642, 51.52931], [-0.316291, 51.529299], [-0.315961, 51.529244], [-0.315876, 51.529246], [-0.31582, 51.52927], [-0.315756, 51.529331], [-0.315776, 51.529637], [-0.315765, 51.529675], [-0.315703, 51.529778], [-0.315709, 51.529842], [-0.315732, 51.529867], [-0.315781, 51.529963], [-0.315757, 51.530016], [-0.315751, 51.530075], [-0.315714, 51.530144], [-0.315583, 51.530264], [-0.315589, 51.530324], [-0.315546, 51.530407], [-0.315428, 51.530543], [-0.315375, 51.530571], [-0.31492, 51.5307], [-0.314718, 51.530804], [-0.314506, 51.530892], [-0.314457, 51.530923], [-0.314377, 51.531008], [-0.314356, 51.531072], [-0.314326, 51.531104], [-0.314115, 51.53118], [-0.313899, 51.531239], [-0.313829, 51.531248], [-0.3137, 51.531242], [-0.313687, 51.531232], [-0.313703, 51.531219], [-0.31356, 51.531177], [-0.313513, 51.531144], [-0.31348, 51.531136], [-0.313405, 51.531138], [-0.313331, 51.531149], [-0.313308, 51.531158], [-0.313228, 51.531224], [-0.313164, 51.531246], [-0.3131, 51.531258], [-0.312987, 51.531253], [-0.312857, 51.531233], [-0.312818, 51.531218], [-0.31279, 51.531196], [-0.312654, 51.531013], [-0.312622, 51.53095], [-0.312623, 51.530899], [-0.312644, 51.530864], [-0.312718, 51.530797], [-0.312818, 51.530627], [-0.312873, 51.530568], [-0.31296, 51.530523], [-0.313184, 51.530435], [-0.313277, 51.530251], [-0.313284, 51.530198], [-0.313256, 51.53017], [-0.313199, 51.53014], [-0.31305, 51.530098], [-0.312907, 51.530069], [-0.31276, 51.53001], [-0.312748, 51.529988], [-0.312688, 51.529988], [-0.312547, 51.530014], [-0.31249, 51.530074], [-0.312446, 51.530346], [-0.312417, 51.53041], [-0.312443, 51.530433], [-0.312445, 51.530486], [-0.31242, 51.530524], [-0.312329, 51.530544], [-0.312199, 51.530537], [-0.312011, 51.530512], [-0.311864, 51.530474], [-0.311751, 51.53046], [-0.311616, 51.530465], [-0.311489, 51.530496], [-0.311449, 51.530498], [-0.311256, 51.530471], [-0.311164, 51.530417], [-0.311132, 51.530362], [-0.311137, 51.530297], [-0.311198, 51.530212], [-0.311241, 51.53013], [-0.311245, 51.530116], [-0.31123, 51.530092], [-0.311272, 51.530037], [-0.311327, 51.529885], [-0.311319, 51.529827], [-0.311278, 51.529797], [-0.311094, 51.529785], [-0.310981, 51.529762], [-0.31091, 51.529734], [-0.310645, 51.529692], [-0.31036, 51.529675], [-0.310073, 51.529684], [-0.309778, 51.529748], [-0.309615, 51.529765], [-0.309542, 51.52976], [-0.309456, 51.529766], [-0.309365, 51.529785], [-0.309199, 51.529847], [-0.309125, 51.529894], [-0.308923, 51.5301], [-0.308869, 51.530231], [-0.308858, 51.530296], [-0.308868, 51.530562], [-0.308911, 51.530789], [-0.308909, 51.530803], [-0.308891, 51.530817], [-0.308903, 51.53099], [-0.308882, 51.531102], [-0.30882, 51.531221], [-0.308754, 51.531301], [-0.30867, 51.531378], [-0.30855, 51.531452], [-0.30846, 51.531496], [-0.308282, 51.531556], [-0.308083, 51.531521], [-0.308141, 51.531507], [-0.308307, 51.531457], [-0.308485, 51.531379], [-0.308584, 51.53131], [-0.308669, 51.531229], [-0.308729, 51.531136], [-0.308765, 51.531053], [-0.308771, 51.530941], [-0.308761, 51.530846], [-0.308722, 51.530618], [-0.308703, 51.530272], [-0.308741, 51.530162], [-0.308882, 51.529985], [-0.309077, 51.529798], [-0.309198, 51.529734], [-0.309372, 51.529682], [-0.309809, 51.529651], [-0.309921, 51.529651], [-0.310137, 51.529605], [-0.310318, 51.529613], [-0.310446, 51.529573], [-0.310536, 51.529583], [-0.310573, 51.529594], [-0.310601, 51.529587], [-0.310926, 51.529665], [-0.311187, 51.529691], [-0.311312, 51.529714], [-0.311366, 51.529733], [-0.31141, 51.52976], [-0.31143, 51.529788], [-0.311459, 51.529861], [-0.311462, 51.529911], [-0.311448, 51.530012], [-0.311411, 51.530033], [-0.3114, 51.530053], [-0.311313, 51.530305], [-0.311347, 51.530355], [-0.311395, 51.530392], [-0.311455, 51.53041], [-0.311514, 51.530409], [-0.311802, 51.530368], [-0.312199, 51.53047], [-0.312223, 51.530466], [-0.312251, 51.530443], [-0.312262, 51.5304], [-0.312302, 51.530358], [-0.312342, 51.530275], [-0.312363, 51.53006], [-0.312395, 51.529993], [-0.312415, 51.529969], [-0.312453, 51.52995], [-0.312642, 51.529896], [-0.312725, 51.529897], [-0.312854, 51.529967], [-0.313039, 51.53001], [-0.313128, 51.529992], [-0.313215, 51.530019], [-0.313278, 51.530055], [-0.313271, 51.530064], [-0.31336, 51.530131], [-0.3134, 51.530172], [-0.313409, 51.530205], [-0.313394, 51.530282], [-0.313377, 51.53031], [-0.31334, 51.530443], [-0.313308, 51.530485], [-0.313268, 51.530509], [-0.313062, 51.530558], [-0.312992, 51.530591], [-0.312914, 51.530652], [-0.312878, 51.530725], [-0.312848, 51.530835], [-0.312774, 51.530904], [-0.312744, 51.530959], [-0.312744, 51.530989], [-0.312759, 51.531023], [-0.312804, 51.531085], [-0.312833, 51.531108], [-0.312989, 51.531187], [-0.313058, 51.53119], [-0.313107, 51.531177], [-0.313203, 51.531119], [-0.313278, 51.53109], [-0.313377, 51.531036], [-0.313402, 51.531034], [-0.313555, 51.53108], [-0.313747, 51.53115], [-0.313855, 51.531162], [-0.313928, 51.531153], [-0.314126, 51.531097], [-0.314236, 51.531044], [-0.314275, 51.530989], [-0.314278, 51.530945], [-0.314304, 51.530915], [-0.314312, 51.530881], [-0.314348, 51.53086], [-0.314508, 51.530804], [-0.314784, 51.53067], [-0.31496, 51.53061], [-0.315062, 51.530596], [-0.315152, 51.530564], [-0.315293, 51.530477], [-0.315329, 51.530439], [-0.315427, 51.530376], [-0.315453, 51.530281], [-0.315507, 51.530204], [-0.315627, 51.530066], [-0.315664, 51.529954], [-0.315621, 51.529768], [-0.31564, 51.529724], [-0.31563, 51.52965], [-0.31564, 51.529589], [-0.315606, 51.529451], [-0.31561, 51.529404], [-0.315651, 51.529354], [-0.315669, 51.529291], [-0.315693, 51.529267], [-0.31589, 51.529157], [-0.315958, 51.529135], [-0.316007, 51.529133], [-0.316111, 51.529148], [-0.316273, 51.529213], [-0.316343, 51.529229], [-0.316398, 51.529226], [-0.316621, 51.529167], [-0.316702, 51.529115], [-0.316949, 51.529017], [-0.317075, 51.529033], [-0.317199, 51.529039], [-0.317361, 51.52899], [-0.317592, 51.528943], [-0.317814, 51.528923], [-0.318031, 51.528921], [-0.318311, 51.528867], [-0.318374, 51.528841], [-0.318438, 51.528835], [-0.318513, 51.528815], [-0.318589, 51.528784], [-0.318739, 51.528791], [-0.318865, 51.528827], [-0.318919, 51.528866], [-0.318965, 51.52892], [-0.318996, 51.52898], [-0.319056, 51.529162], [-0.319111, 51.529254], [-0.319377, 51.529503], [-0.319584, 51.529634], [-0.319814, 51.529726]]]}, "properties": {"OBJECTID": 342, "Type": null, "First_map": null, "Last_map": null, "First_Year": null, "Last_Year": null, "London1stSeries": 1, "London1srRevision": 1}}, {"type": "Feature", "id": 361, "geometry": {"type": "Polygon", "coordinates": [[[-0.321386, 51.530181], [-0.32121, 51.530192], [-0.321274, 51.530137], [-0.321251, 51.530078], [-0.321207, 51.530006], [-0.32114, 51.529945], [-0.321065, 51.529893], [-0.320975, 51.529885], [-0.320856, 51.529936], [-0.320778, 51.529931], [-0.320894, 51.529811], [-0.320965, 51.529792], [-0.321034, 51.529799], [-0.321184, 51.529878], [-0.321302, 51.529955], [-0.32134, 51.530008], [-0.321348, 51.53004], [-0.321387, 51.530104], [-0.321386, 51.530181]]]}, "properties": {"OBJECTID": 343, "Type": null, "First_map": null, "Last_map": null, "First_Year": null, "Last_Year": null, "London1stSeries": 1, "London1srRevision": 1}}, {"type": "Feature", "id": 362, "geometry": {"type": "Polygon", "coordinates": [[[-0.32042, 51.529598], [-0.320524, 51.529618], [-0.320601, 51.529664], [-0.320599, 51.52969], [-0.320555, 51.529732], [-0.320405, 51.5297], [-0.320346, 51.529668], [-0.320343, 51.529656], [-0.32042, 51.529598]]]}, "properties": {"OBJECTID": 344, "Type": null, "First_map": null, "Last_map": null, "First_Year": null, "Last_Year": null, "London1stSeries": 1, "London1srRevision": 1}}, {"type": "Feature", "id": 363, "geometry": {"type": "Polygon", "coordinates": [[[-0.307703, 51.531715], [-0.307475, 51.531777], [-0.307368, 51.531791], [-0.307272, 51.531793], [-0.305923, 51.531719], [-0.303545, 51.531517], [-0.303418, 51.531524], [-0.303286, 51.531552], [-0.303195, 51.531589], [-0.303086, 51.531671], [-0.302936, 51.531646], [-0.303108, 51.53152], [-0.303209, 51.531478], [-0.303394, 51.531435], [-0.303586, 51.531427], [-0.305942, 51.53162], [-0.306341, 51.531641], [-0.306355, 51.531614], [-0.306557, 51.531657], [-0.306982, 51.531681], [-0.306991, 51.531693], [-0.307359, 51.531712], [-0.307416, 51.531704], [-0.307491, 51.531678], [-0.307703, 51.531715]]]}, "properties": {"OBJECTID": 345, "Type": null, "First_map": null, "Last_map": null, "First_Year": null, "Last_Year": null, "London1stSeries": 1, "London1srRevision": 1}}, {"type": "Feature", "id": 364, "geometry": {"type": "Polygon", "coordinates": [[[-0.296988, 51.535142], [-0.296903, 51.53507], [-0.297072, 51.534987], [-0.297213, 51.534875], [-0.297268, 51.53481], [-0.297254, 51.534781], [-0.297296, 51.534722], [-0.297484, 51.53452], [-0.297987, 51.534127], [-0.298779, 51.53361], [-0.298883, 51.53355], [-0.299132, 51.533417], [-0.300571, 51.53269], [-0.300861, 51.532555], [-0.30122, 51.532415], [-0.301743, 51.532254], [-0.301746, 51.532242], [-0.30177, 51.532246], [-0.302033, 51.532174], [-0.302281, 51.532103], [-0.302399, 51.532062], [-0.302491, 51.532015], [-0.302572, 51.531957], [-0.30272, 51.531831], [-0.302873, 51.531857], [-0.302674, 51.532026], [-0.302558, 51.532094], [-0.30244, 51.532146], [-0.302303, 51.532192], [-0.301706, 51.532355], [-0.301404, 51.532448], [-0.301143, 51.532542], [-0.30074, 51.532712], [-0.299465, 51.533354], [-0.299151, 51.533523], [-0.299011, 51.533604], [-0.299005, 51.533645], [-0.298956, 51.533674], [-0.298924, 51.533652], [-0.298757, 51.533757], [-0.298052, 51.534227], [-0.297843, 51.534379], [-0.297831, 51.534373], [-0.297749, 51.534433], [-0.297582, 51.534565], [-0.2975, 51.534643], [-0.297448, 51.534719], [-0.29746, 51.534721], [-0.297413, 51.53481], [-0.297264, 51.53498], [-0.297148, 51.535066], [-0.296988, 51.535142]]]}, "properties": {"OBJECTID": 346, "Type": null, "First_map": null, "Last_map": null, "First_Year": null, "Last_Year": null, "London1stSeries": 1, "London1srRevision": 1}}, {"type": "Feature", "id": 365, "geometry": {"type": "Polygon", "coordinates": [[[-0.296658, 51.535237], [-0.296383, 51.535312], [-0.296245, 51.535333], [-0.296079, 51.535346], [-0.295941, 51.535344], [-0.29576, 51.53532], [-0.295644, 51.535276], [-0.295555, 51.535216], [-0.295277, 51.534939], [-0.295227, 51.534913], [-0.295148, 51.534898], [-0.295024, 51.534901], [-0.294838, 51.534924], [-0.294667, 51.53496], [-0.294437, 51.535022], [-0.294259, 51.535038], [-0.293642, 51.534966], [-0.293638, 51.534981], [-0.293582, 51.534982], [-0.29349, 51.534995], [-0.293287, 51.535062], [-0.293258, 51.535029], [-0.293407, 51.534978], [-0.293564, 51.534943], [-0.293523, 51.53494], [-0.293446, 51.534946], [-0.293242, 51.53501], [-0.293191, 51.53495], [-0.293394, 51.534886], [-0.293515, 51.534874], [-0.293609, 51.534879], [-0.294198, 51.534956], [-0.294296, 51.53496], [-0.294439, 51.534943], [-0.294683, 51.534865], [-0.294919, 51.534827], [-0.295161, 51.53482], [-0.295289, 51.534847], [-0.295395, 51.534901], [-0.295694, 51.535199], [-0.295736, 51.535226], [-0.295797, 51.535246], [-0.296053, 51.535283], [-0.296141, 51.535282], [-0.296405, 51.535241], [-0.296601, 51.535187], [-0.296658, 51.535237]]]}, "properties": {"OBJECTID": 347, "Type": null, "First_map": null, "Last_map": null, "First_Year": null, "Last_Year": null, "London1stSeries": 1, "London1srRevision": 1}}, {"type": "Feature", "id": 366, "geometry": {"type": "Polygon", "coordinates": [[[-0.293082, 51.534986], [-0.293132, 51.535044], [-0.292982, 51.535097], [-0.293063, 51.535091], [-0.29315, 51.535066], [-0.293181, 51.535101], [-0.293143, 51.535112], [-0.29287, 51.535149], [-0.29257, 51.535223], [-0.2924, 51.5353], [-0.29237, 51.535275], [-0.2919, 51.535389], [-0.291297, 51.535562], [-0.290015, 51.535857], [-0.289261, 51.536011], [-0.288655, 51.536178], [-0.286682, 51.536839], [-0.286362, 51.53695], [-0.285911, 51.53712], [-0.285749, 51.537167], [-0.285375, 51.537317], [-0.284907, 51.537545], [-0.284218, 51.537859], [-0.284261, 51.537895], [-0.284237, 51.537905], [-0.284207, 51.537877], [-0.284177, 51.537893], [-0.284102, 51.537827], [-0.28424, 51.537751], [-0.284811, 51.537496], [-0.285371, 51.537231], [-0.285784, 51.537065], [-0.285826, 51.537041], [-0.286172, 51.536906], [-0.28653, 51.536778], [-0.288561, 51.536091], [-0.288908, 51.535989], [-0.289194, 51.535917], [-0.29014, 51.535722], [-0.291052, 51.53551], [-0.291403, 51.535421], [-0.291817, 51.535301], [-0.292787, 51.535063], [-0.293082, 51.534986]]]}, "properties": {"OBJECTID": 348, "Type": null, "First_map": null, "Last_map": null, "First_Year": null, "Last_Year": null, "London1stSeries": 1, "London1srRevision": 1}}, {"type": "Feature", "id": 367, "geometry": {"type": "Polygon", "coordinates": [[[-0.330982, 51.495227], [-0.331275, 51.495316], [-0.331295, 51.495406], [-0.331421, 51.49559], [-0.331537, 51.495706], [-0.33174, 51.495894], [-0.331981, 51.496088], [-0.332451, 51.496398], [-0.332536, 51.496492], [-0.332528, 51.496543], [-0.332521, 51.496588], [-0.332533, 51.49662], [-0.332541, 51.496634], [-0.33255, 51.496647], [-0.332769, 51.496939], [-0.332921, 51.497045], [-0.333114, 51.497208], [-0.333239, 51.497294], [-0.333347, 51.49735], [-0.333534, 51.497431], [-0.333648, 51.497467], [-0.333761, 51.497493], [-0.334033, 51.497535], [-0.334272, 51.497564], [-0.334494, 51.497575], [-0.334634, 51.497567], [-0.33522, 51.49749], [-0.335466, 51.497479], [-0.335801, 51.497498], [-0.3363, 51.497574], [-0.336807, 51.497677], [-0.337231, 51.497802], [-0.337484, 51.497895], [-0.33769, 51.497999], [-0.337954, 51.498157], [-0.338133, 51.498315], [-0.33826, 51.498461], [-0.33828, 51.498496], [-0.338311, 51.498618], [-0.338307, 51.498782], [-0.33827, 51.498897], [-0.33817, 51.499059], [-0.338067, 51.499177], [-0.337748, 51.499497], [-0.337696, 51.499582], [-0.337676, 51.499648], [-0.337686, 51.499781], [-0.337729, 51.499869], [-0.338013, 51.500193], [-0.33833, 51.500588], [-0.338108, 51.500663], [-0.337827, 51.500334], [-0.337542, 51.500035], [-0.337459, 51.49991], [-0.337431, 51.499828], [-0.337435, 51.499658], [-0.337473, 51.49951], [-0.337554, 51.499399], [-0.337772, 51.499175], [-0.337956, 51.498951], [-0.338011, 51.49886], [-0.338049, 51.49874], [-0.33804, 51.498625], [-0.337978, 51.49848], [-0.337928, 51.498412], [-0.337842, 51.498325], [-0.337683, 51.498207], [-0.33733, 51.498015], [-0.337124, 51.49793], [-0.336954, 51.497875], [-0.335833, 51.497677], [-0.3356, 51.497643], [-0.335514, 51.497638], [-0.33527, 51.497644], [-0.334925, 51.497688], [-0.334916, 51.497699], [-0.334839, 51.497699], [-0.334645, 51.497718], [-0.334486, 51.497721], [-0.333791, 51.497677], [-0.333552, 51.497717], [-0.333396, 51.497745], [-0.333317, 51.497751], [-0.333208, 51.497751], [-0.333094, 51.497736], [-0.332351, 51.497559], [-0.332328, 51.497565], [-0.33199, 51.497482], [-0.331556, 51.497391], [-0.331277, 51.497297], [-0.33105, 51.497203], [-0.330902, 51.497127], [-0.330803, 51.497062], [-0.330687, 51.496948], [-0.330677, 51.496944], [-0.330675, 51.496955], [-0.330647, 51.496953], [-0.330651, 51.49693], [-0.330642, 51.49692], [-0.330405, 51.496703], [-0.330328, 51.496598], [-0.33031, 51.496548], [-0.330306, 51.49644], [-0.330333, 51.496386], [-0.330346, 51.496325], [-0.330394, 51.495903], [-0.330381, 51.495858], [-0.330344, 51.495805], [-0.330343, 51.495771], [-0.330359, 51.495745], [-0.330513, 51.495601], [-0.330934, 51.495416], [-0.330987, 51.495378], [-0.331019, 51.495371], [-0.330982, 51.495227]], [[-0.331113, 51.495588], [-0.331066, 51.495596], [-0.330847, 51.495689], [-0.330801, 51.495722], [-0.330761, 51.495767], [-0.330733, 51.495813], [-0.330662, 51.495998], [-0.330628, 51.49618], [-0.330624, 51.496305], [-0.330655, 51.49646], [-0.33069, 51.49654], [-0.330743, 51.49662], [-0.330834, 51.496723], [-0.330921, 51.496803], [-0.331091, 51.496935], [-0.331177, 51.496982], [-0.331522, 51.497123], [-0.331618, 51.497155], [-0.332184, 51.497291], [-0.332456, 51.497373], [-0.33246, 51.49738], [-0.333174, 51.49755], [-0.333218, 51.497549], [-0.333244, 51.49753], [-0.333234, 51.4975], [-0.3331, 51.497432], [-0.332933, 51.497322], [-0.332792, 51.497189], [-0.332742, 51.497084], [-0.332712, 51.496964], [-0.332441, 51.496611], [-0.332044, 51.496371], [-0.331682, 51.49611], [-0.331359, 51.495801], [-0.33117, 51.495602], [-0.331113, 51.495588]]]}, "properties": {"OBJECTID": 349, "Type": null, "First_map": null, "Last_map": null, "First_Year": null, "Last_Year": null, "London1stSeries": 1, "London1srRevision": 1}}, {"type": "Feature", "id": 368, "geometry": {"type": "Polygon", "coordinates": [[[-0.343245, 51.507224], [-0.343273, 51.507186], [-0.343392, 51.507093], [-0.343559, 51.506938], [-0.343563, 51.506851], [-0.343541, 51.506699], [-0.343433, 51.506218], [-0.343434, 51.506084], [-0.343466, 51.505971], [-0.343524, 51.50589], [-0.343646, 51.505757], [-0.343761, 51.505668], [-0.343854, 51.505604], [-0.34398, 51.505548], [-0.344657, 51.505377], [-0.344778, 51.505332], [-0.344913, 51.505269], [-0.345065, 51.505173], [-0.345137, 51.505107], [-0.345191, 51.505008], [-0.345212, 51.504909], [-0.345201, 51.504844], [-0.345167, 51.504785], [-0.344945, 51.50455], [-0.344767, 51.504389], [-0.344568, 51.504243], [-0.34416, 51.503978], [-0.343907, 51.503753], [-0.343829, 51.503615], [-0.343815, 51.503497], [-0.342582, 51.503199], [-0.341423, 51.502963], [-0.341368, 51.502958], [-0.3408, 51.502965], [-0.340659, 51.502951], [-0.340408, 51.502896], [-0.340242, 51.502837], [-0.340102, 51.502776], [-0.339689, 51.502533], [-0.339531, 51.502401], [-0.339393, 51.502266], [-0.338961, 51.501757], [-0.33818, 51.500749], [-0.33841, 51.500671], [-0.338777, 51.501173], [-0.339235, 51.501712], [-0.339265, 51.501772], [-0.339443, 51.501989], [-0.339655, 51.502205], [-0.339901, 51.502408], [-0.340071, 51.502532], [-0.340242, 51.502638], [-0.340405, 51.502705], [-0.340543, 51.502744], [-0.340669, 51.502771], [-0.340887, 51.502797], [-0.341087, 51.502792], [-0.341275, 51.502787], [-0.341624, 51.502848], [-0.342155, 51.502948], [-0.3438, 51.503265], [-0.344145, 51.503422], [-0.344435, 51.503684], [-0.344847, 51.503911], [-0.34503, 51.503929], [-0.345153, 51.504024], [-0.345372, 51.504167], [-0.34562, 51.504379], [-0.345989, 51.504603], [-0.346143, 51.504633], [-0.346484, 51.504816], [-0.346675, 51.504997], [-0.347175, 51.505179], [-0.3473, 51.50517], [-0.347947, 51.505348], [-0.348069, 51.50542], [-0.348593, 51.505453], [-0.348652, 51.505451], [-0.348704, 51.505434], [-0.3487, 51.505419], [-0.348725, 51.505345], [-0.349785, 51.505441], [-0.349891, 51.505435], [-0.350334, 51.505407], [-0.350646, 51.505325], [-0.351995, 51.50519], [-0.352242, 51.505184], [-0.352748, 51.505063], [-0.353098, 51.504933], [-0.354871, 51.504478], [-0.35502, 51.504465], [-0.355202, 51.504433], [-0.355349, 51.504389], [-0.355379, 51.504439], [-0.355245, 51.50448], [-0.355146, 51.504534], [-0.354959, 51.504601], [-0.353185, 51.505062], [-0.352868, 51.505091], [-0.352711, 51.505119], [-0.352328, 51.505213], [-0.351969, 51.505333], [-0.351834, 51.50535], [-0.351731, 51.505383], [-0.351681, 51.505392], [-0.350915, 51.505445], [-0.350776, 51.505445], [-0.350518, 51.505462], [-0.350354, 51.505449], [-0.350222, 51.505455], [-0.348978, 51.505551], [-0.348841, 51.505551], [-0.348655, 51.505502], [-0.348142, 51.505468], [-0.347971, 51.505474], [-0.347703, 51.505506], [-0.34727, 51.505337], [-0.347284, 51.505325], [-0.347139, 51.505212], [-0.34662, 51.505025], [-0.346306, 51.504971], [-0.346103, 51.504828], [-0.345942, 51.504638], [-0.34557, 51.504412], [-0.345223, 51.504279], [-0.344919, 51.504086], [-0.344783, 51.503933], [-0.344341, 51.50369], [-0.344064, 51.503588], [-0.344016, 51.50363], [-0.344037, 51.503676], [-0.344384, 51.503965], [-0.344718, 51.504132], [-0.34514, 51.504435], [-0.345287, 51.504615], [-0.345331, 51.504708], [-0.345413, 51.504757], [-0.345435, 51.504784], [-0.345446, 51.504837], [-0.345439, 51.504984], [-0.345413, 51.505084], [-0.345354, 51.505183], [-0.345238, 51.505307], [-0.345107, 51.505403], [-0.34498, 51.505451], [-0.344409, 51.505578], [-0.344084, 51.505672], [-0.343954, 51.505731], [-0.343876, 51.505785], [-0.343725, 51.505945], [-0.343689, 51.506], [-0.343667, 51.506079], [-0.343659, 51.506262], [-0.343711, 51.506546], [-0.343737, 51.506557], [-0.34374, 51.506582], [-0.343713, 51.50657], [-0.343747, 51.506862], [-0.343727, 51.506981], [-0.343631, 51.507159], [-0.34362, 51.507229], [-0.343245, 51.507224]]]}, "properties": {"OBJECTID": 350, "Type": null, "First_map": null, "Last_map": null, "First_Year": null, "Last_Year": null, "London1stSeries": 1, "London1srRevision": 1}}, {"type": "Feature", "id": 369, "geometry": {"type": "Polygon", "coordinates": [[[-0.344561, 51.503677], [-0.344613, 51.503628], [-0.344668, 51.503601], [-0.344975, 51.503773], [-0.344874, 51.503844], [-0.344703, 51.503765], [-0.344698, 51.503747], [-0.34467, 51.503747], [-0.344561, 51.503677]]]}, "properties": {"OBJECTID": 351, "Type": null, "First_map": null, "Last_map": null, "First_Year": null, "Last_Year": null, "London1stSeries": 1, "London1srRevision": 1}}, {"type": "Feature", "id": 370, "geometry": {"type": "Polygon", "coordinates": [[[-0.345695, 51.504343], [-0.345823, 51.50426], [-0.346105, 51.504447], [-0.345995, 51.50452], [-0.345842, 51.504429], [-0.345841, 51.504413], [-0.34581, 51.504412], [-0.345695, 51.504343]]]}, "properties": {"OBJECTID": 352, "Type": null, "First_map": null, "Last_map": null, "First_Year": null, "Last_Year": null, "London1stSeries": 1, "London1srRevision": 1}}, {"type": "Feature", "id": 371, "geometry": {"type": "Polygon", "coordinates": [[[-0.347146, 51.505095], [-0.346775, 51.504956], [-0.346889, 51.504841], [-0.346965, 51.504855], [-0.347098, 51.504903], [-0.34712, 51.504922], [-0.347263, 51.504977], [-0.347146, 51.505095]]]}, "properties": {"OBJECTID": 353, "Type": null, "First_map": null, "Last_map": null, "First_Year": null, "Last_Year": null, "London1stSeries": 1, "London1srRevision": 1}}, {"type": "Feature", "id": 372, "geometry": {"type": "Polygon", "coordinates": [[[-0.350221, 51.505365], [-0.349836, 51.505384], [-0.349812, 51.505238], [-0.350257, 51.505221], [-0.350279, 51.505328], [-0.350218, 51.505332], [-0.350221, 51.505365]]]}, "properties": {"OBJECTID": 354, "Type": null, "First_map": null, "Last_map": null, "First_Year": null, "Last_Year": null, "London1stSeries": 1, "London1srRevision": 1}}, {"type": "Feature", "id": 373, "geometry": {"type": "Polygon", "coordinates": [[[-0.348151, 51.505247], [-0.348295, 51.505236], [-0.348429, 51.505247], [-0.348612, 51.505249], [-0.348598, 51.505393], [-0.348377, 51.505387], [-0.348346, 51.505377], [-0.34816, 51.505374], [-0.34814, 51.505312], [-0.348151, 51.505247]]]}, "properties": {"OBJECTID": 355, "Type": null, "First_map": null, "Last_map": null, "First_Year": null, "Last_Year": null, "London1stSeries": 1, "London1srRevision": 1}}, {"type": "Feature", "id": 374, "geometry": {"type": "Polygon", "coordinates": [[[-0.34362, 51.507229], [-0.343628, 51.507248], [-0.343639, 51.50734], [-0.343621, 51.507579], [-0.3436, 51.507686], [-0.343558, 51.507769], [-0.34352, 51.507818], [-0.343452, 51.507866], [-0.343473, 51.50787], [-0.34346, 51.507878], [-0.343439, 51.507876], [-0.343202, 51.508042], [-0.343054, 51.508135], [-0.343017, 51.508183], [-0.343003, 51.508214], [-0.342757, 51.508205], [-0.342775, 51.50814], [-0.34268, 51.508141], [-0.342815, 51.508074], [-0.343245, 51.507224], [-0.34362, 51.507229]], [[-0.343439, 51.507312], [-0.343395, 51.507341], [-0.343191, 51.50764], [-0.343041, 51.507951], [-0.343034, 51.508008], [-0.343048, 51.508029], [-0.343065, 51.508035], [-0.343084, 51.508035], [-0.343137, 51.508002], [-0.343342, 51.507853], [-0.343432, 51.507777], [-0.343487, 51.507698], [-0.343523, 51.507601], [-0.34353, 51.50741], [-0.343514, 51.507359], [-0.343468, 51.507313], [-0.343439, 51.507312]]]}, "properties": {"OBJECTID": 356, "Type": null, "First_map": null, "Last_map": null, "First_Year": null, "Last_Year": null, "London1stSeries": 1, "London1srRevision": 1}}, {"type": "Feature", "id": 375, "geometry": {"type": "Polygon", "coordinates": [[[-0.343818, 51.510911], [-0.343712, 51.510926], [-0.343605, 51.510703], [-0.343429, 51.510411], [-0.34316, 51.510068], [-0.343124, 51.510003], [-0.343105, 51.510024], [-0.343085, 51.510017], [-0.343113, 51.509981], [-0.342806, 51.509494], [-0.342733, 51.50918], [-0.342729, 51.508789], [-0.342717, 51.508749], [-0.342719, 51.508387], [-0.342734, 51.508334], [-0.342971, 51.508357], [-0.342914, 51.508697], [-0.342984, 51.509219], [-0.343076, 51.509589], [-0.343132, 51.509718], [-0.343289, 51.510003], [-0.34356, 51.51041], [-0.343626, 51.510481], [-0.343724, 51.510656], [-0.343774, 51.510763], [-0.343801, 51.510884], [-0.343818, 51.510911]]]}, "properties": {"OBJECTID": 357, "Type": null, "First_map": null, "Last_map": null, "First_Year": null, "Last_Year": null, "London1stSeries": 1, "London1srRevision": 1}}, {"type": "Feature", "id": 376, "geometry": {"type": "Polygon", "coordinates": [[[-0.331112, 51.494811], [-0.331139, 51.494896], [-0.331119, 51.494899], [-0.330864, 51.494815], [-0.330746, 51.494397], [-0.330675, 51.494213], [-0.330197, 51.493241], [-0.330069, 51.492928], [-0.330001, 51.492819], [-0.329917, 51.492727], [-0.330177, 51.492602], [-0.330274, 51.492727], [-0.33035, 51.492854], [-0.330429, 51.49303], [-0.330463, 51.493181], [-0.330499, 51.493344], [-0.330907, 51.494187], [-0.331112, 51.494811]]]}, "properties": {"OBJECTID": 358, "Type": null, "First_map": null, "Last_map": null, "First_Year": null, "Last_Year": null, "London1stSeries": 1, "London1srRevision": 1}}, {"type": "Feature", "id": 377, "geometry": {"type": "Polygon", "coordinates": [[[-0.317503, 51.486789], [-0.318423, 51.486941], [-0.318794, 51.486982], [-0.319296, 51.487005], [-0.319912, 51.486988], [-0.319998, 51.486991], [-0.320161, 51.487023], [-0.320516, 51.487124], [-0.320522, 51.48712], [-0.320563, 51.487138], [-0.320558, 51.487144], [-0.320666, 51.487194], [-0.320769, 51.487258], [-0.320944, 51.487387], [-0.321376, 51.487762], [-0.321445, 51.487856], [-0.321558, 51.488079], [-0.321647, 51.488346], [-0.321676, 51.488561], [-0.321638, 51.488672], [-0.321534, 51.488831], [-0.321487, 51.489127], [-0.321482, 51.489164], [-0.321521, 51.489409], [-0.321472, 51.489863], [-0.321477, 51.490011], [-0.321542, 51.490268], [-0.321598, 51.490414], [-0.321651, 51.490511], [-0.321709, 51.490591], [-0.321912, 51.490793], [-0.322046, 51.490892], [-0.322205, 51.490984], [-0.322884, 51.491294], [-0.323258, 51.491437], [-0.32348, 51.491513], [-0.323689, 51.491574], [-0.324017, 51.49164], [-0.324196, 51.491674], [-0.324413, 51.491703], [-0.32464, 51.491719], [-0.324872, 51.491725], [-0.32527, 51.491707], [-0.326133, 51.491622], [-0.32686, 51.491597], [-0.327186, 51.49163], [-0.327419, 51.491641], [-0.327744, 51.491701], [-0.327806, 51.491721], [-0.327921, 51.491793], [-0.327993, 51.491828], [-0.328116, 51.491874], [-0.328238, 51.491906], [-0.328378, 51.491911], [-0.329272, 51.492186], [-0.329852, 51.492379], [-0.329903, 51.492402], [-0.330083, 51.492525], [-0.330092, 51.492535], [-0.329834, 51.492661], [-0.329658, 51.492561], [-0.329405, 51.492456], [-0.328574, 51.4922], [-0.328102, 51.492019], [-0.327626, 51.491883], [-0.327437, 51.491847], [-0.327207, 51.491815], [-0.326653, 51.491776], [-0.326373, 51.491775], [-0.326145, 51.491784], [-0.325565, 51.49186], [-0.324899, 51.491917], [-0.324486, 51.491922], [-0.324022, 51.491915], [-0.323823, 51.491925], [-0.323734, 51.491934], [-0.323639, 51.491952], [-0.323603, 51.491964], [-0.323581, 51.49197], [-0.32355, 51.491993], [-0.323446, 51.491951], [-0.32335, 51.491864], [-0.323299, 51.491841], [-0.323163, 51.491799], [-0.323055, 51.491792], [-0.322741, 51.491665], [-0.322861, 51.491665], [-0.323031, 51.491664], [-0.323135, 51.491619], [-0.322764, 51.491457], [-0.321997, 51.491088], [-0.321844, 51.490997], [-0.321751, 51.49093], [-0.3216, 51.490788], [-0.3214, 51.49056], [-0.321252, 51.490307], [-0.321249, 51.490285], [-0.321232, 51.490285], [-0.32122, 51.490243], [-0.321159, 51.490022], [-0.321102, 51.490006], [-0.320842, 51.490009], [-0.320787, 51.490018], [-0.32075, 51.490035], [-0.320672, 51.490115], [-0.320638, 51.490175], [-0.320619, 51.490278], [-0.320586, 51.490378], [-0.320554, 51.490423], [-0.320552, 51.490483], [-0.32051, 51.490556], [-0.320471, 51.490696], [-0.320468, 51.490701], [-0.320445, 51.49074], [-0.3203, 51.490682], [-0.320313, 51.490639], [-0.32035, 51.490515], [-0.320433, 51.490326], [-0.320487, 51.490111], [-0.320554, 51.489942], [-0.320594, 51.489881], [-0.320614, 51.489708], [-0.320589, 51.489658], [-0.32051, 51.489563], [-0.320414, 51.489512], [-0.320277, 51.489394], [-0.320247, 51.489292], [-0.320172, 51.489195], [-0.32019, 51.489122], [-0.320268, 51.489009], [-0.320437, 51.488845], [-0.320807, 51.488633], [-0.321096, 51.488508], [-0.321179, 51.488462], [-0.32122, 51.488428], [-0.321276, 51.488367], [-0.321293, 51.488327], [-0.321302, 51.488234], [-0.32128, 51.488113], [-0.321242, 51.488025], [-0.321166, 51.487908], [-0.320756, 51.487512], [-0.320587, 51.487379], [-0.320512, 51.487334], [-0.320369, 51.487265], [-0.320237, 51.487215], [-0.320097, 51.487178], [-0.319919, 51.487156], [-0.319754, 51.487146], [-0.319275, 51.487189], [-0.319109, 51.487199], [-0.319103, 51.487204], [-0.317787, 51.487068], [-0.317572, 51.487028], [-0.31719, 51.486917], [-0.317503, 51.486789]], [[-0.321411, 51.488743], [-0.321253, 51.488777], [-0.321093, 51.488791], [-0.321005, 51.488806], [-0.320912, 51.488833], [-0.320687, 51.48893], [-0.320587, 51.488995], [-0.320498, 51.489065], [-0.320433, 51.489127], [-0.32041, 51.489168], [-0.3204, 51.48922], [-0.320427, 51.489272], [-0.320497, 51.489316], [-0.320549, 51.489374], [-0.320736, 51.489535], [-0.320785, 51.489596], [-0.320803, 51.489694], [-0.320794, 51.489847], [-0.320813, 51.489867], [-0.321116, 51.489866], [-0.321188, 51.489845], [-0.321258, 51.489588], [-0.321266, 51.489588], [-0.321324, 51.489274], [-0.321412, 51.489164], [-0.321452, 51.488909], [-0.321444, 51.488902], [-0.321455, 51.488886], [-0.321458, 51.488772], [-0.321446, 51.488756], [-0.321411, 51.488743]]]}, "properties": {"OBJECTID": 359, "Type": null, "First_map": null, "Last_map": null, "First_Year": null, "Last_Year": null, "London1stSeries": 1, "London1srRevision": 1}}, {"type": "Feature", "id": 378, "geometry": {"type": "Polygon", "coordinates": [[[-0.322399, 51.491764], [-0.322415, 51.491765], [-0.322486, 51.491752], [-0.322762, 51.491862], [-0.322696, 51.491883], [-0.322689, 51.491886], [-0.322582, 51.491896], [-0.322516, 51.491872], [-0.322483, 51.491842], [-0.322252, 51.491821], [-0.321712, 51.491745], [-0.32158, 51.491713], [-0.321503, 51.491684], [-0.321474, 51.49166], [-0.32143, 51.491663], [-0.321389, 51.491644], [-0.321053, 51.491574], [-0.320855, 51.49152], [-0.320676, 51.491461], [-0.320635, 51.491439], [-0.320602, 51.491434], [-0.320336, 51.491259], [-0.320256, 51.491193], [-0.320219, 51.491145], [-0.320206, 51.49111], [-0.320206, 51.491067], [-0.320245, 51.490897], [-0.320256, 51.490851], [-0.320387, 51.490904], [-0.320371, 51.490948], [-0.320367, 51.490961], [-0.320372, 51.491049], [-0.320408, 51.491112], [-0.320496, 51.491194], [-0.320499, 51.491218], [-0.320483, 51.491257], [-0.320489, 51.491274], [-0.320508, 51.491291], [-0.32057, 51.491311], [-0.320666, 51.491374], [-0.320937, 51.491448], [-0.321522, 51.491584], [-0.321577, 51.491606], [-0.321655, 51.49166], [-0.32173, 51.491663], [-0.321998, 51.491709], [-0.322296, 51.491743], [-0.322325, 51.49176], [-0.322399, 51.491764]]]}, "properties": {"OBJECTID": 360, "Type": null, "First_map": null, "Last_map": null, "First_Year": null, "Last_Year": null, "London1stSeries": 1, "London1srRevision": 1}}, {"type": "Feature", "id": 379, "geometry": {"type": "Polygon", "coordinates": [[[-0.317067, 51.486655], [-0.316885, 51.486732], [-0.316868, 51.486721], [-0.316835, 51.486721], [-0.316846, 51.486748], [-0.316773, 51.486778], [-0.316737, 51.486748], [-0.316697, 51.486731], [-0.316614, 51.486716], [-0.316556, 51.486714], [-0.316285, 51.486734], [-0.315547, 51.486811], [-0.315199, 51.486733], [-0.314897, 51.486624], [-0.314641, 51.486457], [-0.314596, 51.486417], [-0.31452, 51.486335], [-0.314439, 51.486224], [-0.314373, 51.486072], [-0.314483, 51.486034], [-0.314543, 51.486097], [-0.314777, 51.486246], [-0.314813, 51.486259], [-0.315059, 51.4864], [-0.31528, 51.486491], [-0.315426, 51.486534], [-0.31558, 51.486555], [-0.315701, 51.486556], [-0.315818, 51.486546], [-0.316359, 51.486474], [-0.316502, 51.486492], [-0.316641, 51.486522], [-0.317067, 51.486655]]]}, "properties": {"OBJECTID": 361, "Type": null, "First_map": null, "Last_map": null, "First_Year": null, "Last_Year": null, "London1stSeries": 1, "London1srRevision": 1}}, {"type": "Feature", "id": 380, "geometry": {"type": "Polygon", "coordinates": [[[-0.314412, 51.485884], [-0.314408, 51.485957], [-0.314424, 51.485974], [-0.314203, 51.486048], [-0.314065, 51.485902], [-0.313964, 51.485759], [-0.313848, 51.485632], [-0.313544, 51.485472], [-0.312382, 51.485183], [-0.311284, 51.484932], [-0.310786, 51.484772], [-0.310684, 51.484728], [-0.31065, 51.484707], [-0.310646, 51.484691], [-0.310613, 51.484665], [-0.310475, 51.484582], [-0.310286, 51.484428], [-0.309985, 51.484106], [-0.310039, 51.484091], [-0.310042, 51.484079], [-0.309976, 51.484008], [-0.309908, 51.484033], [-0.309866, 51.483988], [-0.309702, 51.483764], [-0.309772, 51.483535], [-0.309982, 51.483354], [-0.310118, 51.483447], [-0.310067, 51.483503], [-0.310039, 51.483583], [-0.310041, 51.483644], [-0.310071, 51.483699], [-0.310107, 51.4839], [-0.310054, 51.483982], [-0.31015, 51.484085], [-0.310197, 51.484084], [-0.310427, 51.484259], [-0.310449, 51.484247], [-0.310487, 51.484172], [-0.310476, 51.484169], [-0.310603, 51.483959], [-0.310697, 51.483981], [-0.310508, 51.484274], [-0.310518, 51.484334], [-0.310573, 51.484378], [-0.310766, 51.48449], [-0.310794, 51.484477], [-0.311161, 51.484738], [-0.311197, 51.484716], [-0.311253, 51.484753], [-0.31134, 51.484777], [-0.311899, 51.484899], [-0.31199, 51.484929], [-0.31295, 51.485154], [-0.31305, 51.485165], [-0.313074, 51.485146], [-0.313057, 51.485128], [-0.310702, 51.483355], [-0.310842, 51.483351], [-0.311031, 51.483491], [-0.311108, 51.483509], [-0.311229, 51.483309], [-0.311413, 51.483216], [-0.311547, 51.482998], [-0.311615, 51.483014], [-0.311484, 51.483233], [-0.311484, 51.483267], [-0.311512, 51.48328], [-0.311536, 51.483278], [-0.311561, 51.483265], [-0.311578, 51.483238], [-0.31157, 51.483235], [-0.311597, 51.483208], [-0.311701, 51.483035], [-0.311775, 51.483052], [-0.311669, 51.483223], [-0.311677, 51.483228], [-0.311614, 51.483313], [-0.311603, 51.483441], [-0.311651, 51.483425], [-0.311669, 51.483409], [-0.311673, 51.483372], [-0.311687, 51.48336], [-0.312213, 51.48315], [-0.31225, 51.483154], [-0.312253, 51.483176], [-0.312196, 51.483256], [-0.31162, 51.483488], [-0.311654, 51.483542], [-0.311711, 51.483599], [-0.313757, 51.485135], [-0.313688, 51.485171], [-0.314167, 51.485535], [-0.314103, 51.485565], [-0.314083, 51.485556], [-0.314054, 51.485568], [-0.314412, 51.485884]]]}, "properties": {"OBJECTID": 362, "Type": null, "First_map": null, "Last_map": null, "First_Year": null, "Last_Year": null, "London1stSeries": 1, "London1srRevision": 1}}, {"type": "Feature", "id": 381, "geometry": {"type": "Polygon", "coordinates": [[[-0.310093, 51.483295], [-0.310187, 51.483257], [-0.310681, 51.483103], [-0.310676, 51.483098], [-0.310767, 51.483069], [-0.311115, 51.482917], [-0.311169, 51.482874], [-0.311631, 51.482654], [-0.311727, 51.48261], [-0.31174, 51.482617], [-0.311825, 51.482586], [-0.311975, 51.482505], [-0.311995, 51.482485], [-0.312001, 51.482459], [-0.312281, 51.482458], [-0.311918, 51.482903], [-0.311869, 51.482918], [-0.311851, 51.482933], [-0.311814, 51.483007], [-0.311806, 51.483004], [-0.311782, 51.48304], [-0.311709, 51.483023], [-0.31173, 51.482988], [-0.311721, 51.482986], [-0.311773, 51.482915], [-0.31177, 51.482899], [-0.311749, 51.482886], [-0.311714, 51.48289], [-0.311689, 51.482903], [-0.311624, 51.483002], [-0.311555, 51.482986], [-0.311613, 51.482889], [-0.311609, 51.482865], [-0.311593, 51.482855], [-0.310761, 51.483228], [-0.310739, 51.483248], [-0.310738, 51.483265], [-0.310791, 51.483313], [-0.310651, 51.483316], [-0.310599, 51.483294], [-0.310562, 51.483292], [-0.310396, 51.483344], [-0.310275, 51.483364], [-0.310221, 51.483383], [-0.310093, 51.483295]]]}, "properties": {"OBJECTID": 363, "Type": null, "First_map": null, "Last_map": null, "First_Year": null, "Last_Year": null, "London1stSeries": 1, "London1srRevision": 1}}, {"type": "Feature", "id": 382, "geometry": {"type": "Polygon", "coordinates": [[[-0.308326, 51.481594], [-0.3084, 51.4815], [-0.308384, 51.481436], [-0.308401, 51.4814], [-0.308614, 51.481134], [-0.308721, 51.481044], [-0.308873, 51.480965], [-0.309226, 51.480847], [-0.30938, 51.480811], [-0.310025, 51.480723], [-0.310541, 51.480721], [-0.310742, 51.480735], [-0.311026, 51.480766], [-0.311149, 51.480782], [-0.311247, 51.480807], [-0.311774, 51.481007], [-0.312443, 51.481287], [-0.312528, 51.481583], [-0.312539, 51.481653], [-0.312519, 51.481745], [-0.312371, 51.48209], [-0.312387, 51.482093], [-0.312365, 51.482107], [-0.312291, 51.482254], [-0.312285, 51.482328], [-0.312033, 51.482328], [-0.312096, 51.482227], [-0.312244, 51.481699], [-0.312231, 51.481499], [-0.312203, 51.481427], [-0.31206, 51.481318], [-0.311935, 51.481275], [-0.311928, 51.481284], [-0.311874, 51.481265], [-0.311881, 51.481257], [-0.311107, 51.480987], [-0.310543, 51.480919], [-0.310067, 51.480921], [-0.309646, 51.480976], [-0.309593, 51.481051], [-0.30973, 51.481079], [-0.30971, 51.48112], [-0.309549, 51.481087], [-0.309506, 51.48109], [-0.309094, 51.481237], [-0.309081, 51.481223], [-0.308938, 51.481271], [-0.308674, 51.481598], [-0.308691, 51.481602], [-0.308679, 51.481616], [-0.308326, 51.481594]]]}, "properties": {"OBJECTID": 364, "Type": null, "First_map": null, "Last_map": null, "First_Year": null, "Last_Year": null, "London1stSeries": 1, "London1srRevision": 1}}, {"type": "Feature", "id": 383, "geometry": {"type": "Polygon", "coordinates": [[[-0.341175, 51.546073], [-0.341011, 51.546099], [-0.340898, 51.546106], [-0.340615, 51.546149], [-0.340125, 51.546241], [-0.3396, 51.546359], [-0.339323, 51.546391], [-0.339207, 51.546395], [-0.338963, 51.546372], [-0.338721, 51.546322], [-0.338373, 51.546175], [-0.337921, 51.545954], [-0.337794, 51.545886], [-0.337669, 51.545799], [-0.337576, 51.545706], [-0.337504, 51.545614], [-0.336495, 51.54369], [-0.336333, 51.543441], [-0.336158, 51.543237], [-0.336053, 51.543143], [-0.335869, 51.543014], [-0.335846, 51.543021], [-0.335812, 51.543018], [-0.335679, 51.542932], [-0.335331, 51.542784], [-0.335097, 51.542694], [-0.334841, 51.542611], [-0.334689, 51.542583], [-0.334593, 51.54255], [-0.334494, 51.542537], [-0.334283, 51.542492], [-0.333963, 51.542458], [-0.333803, 51.542417], [-0.333648, 51.542403], [-0.333503, 51.542397], [-0.333211, 51.542401], [-0.333047, 51.542382], [-0.332929, 51.542394], [-0.332318, 51.542375], [-0.332159, 51.542366], [-0.331791, 51.542317], [-0.331702, 51.542278], [-0.331617, 51.542254], [-0.331609, 51.542239], [-0.331467, 51.5422], [-0.331418, 51.542199], [-0.331301, 51.542165], [-0.331111, 51.542098], [-0.330984, 51.542043], [-0.330704, 51.54195], [-0.330613, 51.541941], [-0.330502, 51.541912], [-0.330394, 51.54186], [-0.33014, 51.541796], [-0.32984, 51.541747], [-0.329668, 51.54173], [-0.329557, 51.541731], [-0.329397, 51.541748], [-0.328991, 51.541827], [-0.328723, 51.541922], [-0.328379, 51.542078], [-0.328211, 51.54214], [-0.327918, 51.542215], [-0.32751, 51.542293], [-0.327277, 51.542318], [-0.326796, 51.542346], [-0.325911, 51.542358], [-0.325555, 51.542317], [-0.325535, 51.542268], [-0.325859, 51.542227], [-0.327217, 51.542163], [-0.327491, 51.542138], [-0.327683, 51.542111], [-0.327822, 51.542082], [-0.328004, 51.542025], [-0.328697, 51.541742], [-0.329002, 51.541645], [-0.329354, 51.541579], [-0.329642, 51.541568], [-0.329934, 51.541591], [-0.330256, 51.541644], [-0.330682, 51.541775], [-0.33142, 51.542024], [-0.331996, 51.542172], [-0.332293, 51.542202], [-0.333069, 51.542226], [-0.333754, 51.542261], [-0.334204, 51.542313], [-0.334613, 51.542394], [-0.335, 51.542497], [-0.335252, 51.542573], [-0.33551, 51.542672], [-0.335742, 51.542781], [-0.335946, 51.542904], [-0.336195, 51.543117], [-0.336407, 51.54325], [-0.336577, 51.54345], [-0.336653, 51.543564], [-0.337732, 51.545552], [-0.337874, 51.545711], [-0.337919, 51.545747], [-0.338046, 51.545823], [-0.338298, 51.545951], [-0.338713, 51.546136], [-0.338879, 51.546181], [-0.339037, 51.546209], [-0.339175, 51.546213], [-0.339458, 51.546193], [-0.340677, 51.545965], [-0.340802, 51.545945], [-0.341064, 51.545918], [-0.341245, 51.545923], [-0.341175, 51.546073]]]}, "properties": {"OBJECTID": 365, "Type": null, "First_map": null, "Last_map": null, "First_Year": null, "Last_Year": null, "London1stSeries": 1, "London1srRevision": 1}}, {"type": "Feature", "id": 384, "geometry": {"type": "Polygon", "coordinates": [[[-0.323296, 51.541943], [-0.323027, 51.541902], [-0.322823, 51.541883], [-0.32259, 51.541877], [-0.322416, 51.541883], [-0.322088, 51.541917], [-0.321802, 51.541966], [-0.321519, 51.542048], [-0.32133, 51.542127], [-0.32117, 51.542213], [-0.320646, 51.542596], [-0.320332, 51.542836], [-0.320062, 51.543005], [-0.319897, 51.543088], [-0.319696, 51.543172], [-0.319429, 51.543263], [-0.319179, 51.543331], [-0.317086, 51.54376], [-0.316098, 51.54397], [-0.315762, 51.54403], [-0.315686, 51.544054], [-0.315518, 51.544088], [-0.315465, 51.544123], [-0.315371, 51.544208], [-0.315309, 51.544232], [-0.315255, 51.544223], [-0.315205, 51.544177], [-0.315145, 51.544179], [-0.315016, 51.544211], [-0.314896, 51.544228], [-0.313819, 51.544452], [-0.31327, 51.544575], [-0.312318, 51.54475], [-0.312071, 51.544772], [-0.311631, 51.544779], [-0.311265, 51.544769], [-0.311026, 51.544751], [-0.310895, 51.544733], [-0.310731, 51.544701], [-0.310383, 51.544605], [-0.31011, 51.544508], [-0.309959, 51.544439], [-0.309712, 51.544298], [-0.309538, 51.544172], [-0.309449, 51.544089], [-0.309182, 51.543802], [-0.309036, 51.543653], [-0.30888, 51.54353], [-0.308718, 51.543384], [-0.308358, 51.543037], [-0.308341, 51.543045], [-0.307548, 51.542301], [-0.306398, 51.541182], [-0.306342, 51.54111], [-0.305128, 51.540201], [-0.304741, 51.539925], [-0.304743, 51.53988], [-0.304814, 51.539853], [-0.304944, 51.539915], [-0.305231, 51.539987], [-0.305741, 51.54033], [-0.305809, 51.540481], [-0.306045, 51.540643], [-0.306457, 51.540961], [-0.306738, 51.541247], [-0.307052, 51.541518], [-0.307537, 51.541985], [-0.309816, 51.544111], [-0.310001, 51.544232], [-0.310168, 51.544324], [-0.310289, 51.544379], [-0.310551, 51.544479], [-0.310795, 51.544539], [-0.31115, 51.544591], [-0.311423, 51.544613], [-0.311844, 51.544615], [-0.312153, 51.544595], [-0.312479, 51.544546], [-0.31286, 51.544473], [-0.315783, 51.543861], [-0.319106, 51.543177], [-0.319332, 51.543106], [-0.319579, 51.543012], [-0.319898, 51.542862], [-0.320117, 51.542727], [-0.320954, 51.542121], [-0.32112, 51.542026], [-0.32133, 51.541935], [-0.321489, 51.541885], [-0.321666, 51.541842], [-0.321961, 51.541786], [-0.322244, 51.541748], [-0.32265, 51.541726], [-0.322934, 51.541737], [-0.323277, 51.541777], [-0.323586, 51.541841], [-0.324469, 51.542139], [-0.324719, 51.542189], [-0.325245, 51.542254], [-0.325461, 51.542271], [-0.325476, 51.542312], [-0.325401, 51.542328], [-0.325396, 51.542329], [-0.325331, 51.54235], [-0.325291, 51.542373], [-0.325179, 51.542382], [-0.324819, 51.542367], [-0.324626, 51.542344], [-0.324378, 51.542292], [-0.323628, 51.542035], [-0.323296, 51.541943]]]}, "properties": {"OBJECTID": 366, "Type": null, "First_map": null, "Last_map": null, "First_Year": null, "Last_Year": null, "London1stSeries": 1, "London1srRevision": 1}}, {"type": "Feature", "id": 385, "geometry": {"type": "Polygon", "coordinates": [[[-0.281397, 51.539198], [-0.280059, 51.539974], [-0.280072, 51.54], [-0.280059, 51.540004], [-0.280047, 51.539981], [-0.279868, 51.540071], [-0.279705, 51.540127], [-0.279591, 51.540195], [-0.279571, 51.540223], [-0.279259, 51.54041], [-0.2792, 51.540437], [-0.279141, 51.540483], [-0.279129, 51.540512], [-0.278643, 51.54082], [-0.278607, 51.540868], [-0.278562, 51.540985], [-0.278515, 51.54106], [-0.278374, 51.541197], [-0.278192, 51.541322], [-0.277768, 51.541577], [-0.277646, 51.541479], [-0.277807, 51.541431], [-0.277894, 51.54139], [-0.278223, 51.541183], [-0.278359, 51.541052], [-0.278523, 51.540794], [-0.278613, 51.540721], [-0.279112, 51.540407], [-0.281223, 51.539159], [-0.281418, 51.539052], [-0.281721, 51.538909], [-0.282019, 51.5388], [-0.282044, 51.53881], [-0.282082, 51.538835], [-0.282098, 51.538861], [-0.281969, 51.538914], [-0.281974, 51.53892], [-0.281512, 51.53913], [-0.281397, 51.539198]]]}, "properties": {"OBJECTID": 367, "Type": null, "First_map": null, "Last_map": null, "First_Year": null, "Last_Year": null, "London1stSeries": 1, "London1srRevision": 1}}, {"type": "Feature", "id": 386, "geometry": {"type": "Polygon", "coordinates": [[[-0.365864, 51.539995], [-0.365864, 51.540064], [-0.365783, 51.540412], [-0.365686, 51.540657], [-0.365623, 51.540774], [-0.365536, 51.540902], [-0.365403, 51.541065], [-0.365279, 51.541196], [-0.365176, 51.541293], [-0.365037, 51.541403], [-0.364608, 51.541692], [-0.363943, 51.542048], [-0.363106, 51.542587], [-0.362879, 51.54275], [-0.362693, 51.542914], [-0.362622, 51.54299], [-0.362382, 51.543286], [-0.362209, 51.543528], [-0.361788, 51.544028], [-0.361636, 51.544168], [-0.361519, 51.544255], [-0.361398, 51.544328], [-0.361259, 51.544398], [-0.361042, 51.544489], [-0.360759, 51.544586], [-0.360485, 51.544653], [-0.360158, 51.544722], [-0.359909, 51.544764], [-0.359685, 51.544781], [-0.359481, 51.54481], [-0.35943, 51.544838], [-0.35934, 51.544852], [-0.35713, 51.545159], [-0.356805, 51.545173], [-0.35648, 51.545087], [-0.359191, 51.544697], [-0.35983, 51.544601], [-0.36007, 51.544559], [-0.360413, 51.54448], [-0.360708, 51.5444], [-0.361073, 51.544274], [-0.361238, 51.544198], [-0.361456, 51.544059], [-0.361624, 51.543913], [-0.362391, 51.542973], [-0.362578, 51.542773], [-0.362719, 51.54265], [-0.362937, 51.542498], [-0.363584, 51.542105], [-0.363772, 51.542002], [-0.364055, 51.541877], [-0.364328, 51.541668], [-0.364795, 51.541349], [-0.365005, 51.541183], [-0.365099, 51.541096], [-0.365258, 51.540922], [-0.365429, 51.540673], [-0.365486, 51.54054], [-0.36555, 51.540341], [-0.365624, 51.539965], [-0.365864, 51.539995]]]}, "properties": {"OBJECTID": 368, "Type": null, "First_map": null, "Last_map": null, "First_Year": null, "Last_Year": null, "London1stSeries": 1, "London1srRevision": 1}}, {"type": "Feature", "id": 387, "geometry": {"type": "Polygon", "coordinates": [[[-0.354399, 51.545787], [-0.354301, 51.545709], [-0.354289, 51.545713], [-0.35423, 51.545654], [-0.354123, 51.545594], [-0.353659, 51.545664], [-0.353661, 51.545687], [-0.353634, 51.54569], [-0.353604, 51.54567], [-0.353479, 51.545686], [-0.353408, 51.545684], [-0.353353, 51.545704], [-0.353303, 51.5457], [-0.353175, 51.545734], [-0.352843, 51.54578], [-0.352755, 51.545778], [-0.352708, 51.545802], [-0.352649, 51.545813], [-0.352593, 51.545811], [-0.352073, 51.545894], [-0.352001, 51.545887], [-0.351932, 51.545915], [-0.351802, 51.545948], [-0.351708, 51.545955], [-0.351665, 51.545951], [-0.351639, 51.545963], [-0.351585, 51.54597], [-0.351528, 51.545963], [-0.351503, 51.545983], [-0.351375, 51.545991], [-0.351372, 51.546031], [-0.351341, 51.546036], [-0.351307, 51.546003], [-0.351134, 51.546035], [-0.35092, 51.546049], [-0.350824, 51.546082], [-0.350804, 51.546068], [-0.350768, 51.546081], [-0.350147, 51.546169], [-0.350067, 51.546165], [-0.34915, 51.546297], [-0.349145, 51.54631], [-0.349119, 51.546326], [-0.348996, 51.546329], [-0.348899, 51.546189], [-0.348991, 51.546154], [-0.349173, 51.546126], [-0.350292, 51.545966], [-0.350921, 51.545888], [-0.353719, 51.545489], [-0.355987, 51.545157], [-0.356354, 51.54525], [-0.356159, 51.545279], [-0.356153, 51.545291], [-0.355844, 51.545332], [-0.355124, 51.545446], [-0.355088, 51.545458], [-0.355039, 51.545498], [-0.355006, 51.545512], [-0.354842, 51.545492], [-0.35421, 51.545576], [-0.354251, 51.545643], [-0.354372, 51.545748], [-0.354399, 51.545787]]]}, "properties": {"OBJECTID": 369, "Type": null, "First_map": null, "Last_map": null, "First_Year": null, "Last_Year": null, "London1stSeries": 1, "London1srRevision": 1}}, {"type": "Feature", "id": 388, "geometry": {"type": "Polygon", "coordinates": [[[-0.344349, 51.547942], [-0.344356, 51.547898], [-0.344487, 51.547888], [-0.345042, 51.547752], [-0.345159, 51.547717], [-0.345256, 51.54767], [-0.345342, 51.547611], [-0.345444, 51.547523], [-0.345816, 51.547166], [-0.346118, 51.546926], [-0.346403, 51.546751], [-0.346735, 51.546598], [-0.347054, 51.546485], [-0.347401, 51.546393], [-0.347806, 51.546321], [-0.348616, 51.546207], [-0.348741, 51.546214], [-0.348814, 51.546318], [-0.348634, 51.546367], [-0.348073, 51.546445], [-0.348058, 51.546455], [-0.347994, 51.546464], [-0.347978, 51.546459], [-0.347642, 51.54651], [-0.34737, 51.546562], [-0.347207, 51.546609], [-0.347039, 51.546668], [-0.346583, 51.546866], [-0.346326, 51.54702], [-0.346053, 51.547226], [-0.345877, 51.547375], [-0.34554, 51.547722], [-0.345472, 51.54778], [-0.345346, 51.547871], [-0.345109, 51.548016], [-0.344494, 51.547941], [-0.344349, 51.547942]]]}, "properties": {"OBJECTID": 370, "Type": null, "First_map": null, "Last_map": null, "First_Year": null, "Last_Year": null, "London1stSeries": 1, "London1srRevision": 1}}, {"type": "Feature", "id": 389, "geometry": {"type": "Polygon", "coordinates": [[[-0.341507, 51.545947], [-0.341647, 51.545967], [-0.341853, 51.546023], [-0.342178, 51.546145], [-0.3423, 51.546207], [-0.342457, 51.546302], [-0.342599, 51.546398], [-0.342699, 51.546488], [-0.342845, 51.546657], [-0.342919, 51.546766], [-0.342952, 51.546834], [-0.343031, 51.54704], [-0.343121, 51.547482], [-0.343196, 51.547637], [-0.343235, 51.54769], [-0.343262, 51.547711], [-0.343375, 51.54778], [-0.343518, 51.547828], [-0.343631, 51.547843], [-0.344177, 51.547889], [-0.344165, 51.547966], [-0.344002, 51.548004], [-0.343619, 51.548006], [-0.343445, 51.547994], [-0.343275, 51.547967], [-0.343213, 51.547948], [-0.343083, 51.547887], [-0.342977, 51.547821], [-0.34292, 51.547773], [-0.342842, 51.547628], [-0.342773, 51.547074], [-0.342708, 51.546886], [-0.342621, 51.546743], [-0.342537, 51.546644], [-0.342416, 51.546528], [-0.342326, 51.546454], [-0.342219, 51.546386], [-0.342043, 51.546298], [-0.341864, 51.546224], [-0.341579, 51.546147], [-0.341442, 51.546092], [-0.341507, 51.545947]]]}, "properties": {"OBJECTID": 371, "Type": null, "First_map": null, "Last_map": null, "First_Year": null, "Last_Year": null, "London1stSeries": 1, "London1srRevision": 1}}, {"type": "Feature", "id": 390, "geometry": {"type": "Polygon", "coordinates": [[[-0.30048, 51.539236], [-0.300866, 51.539215], [-0.302064, 51.539219], [-0.302066, 51.539202], [-0.302957, 51.539204], [-0.303627, 51.539303], [-0.303928, 51.539385], [-0.304311, 51.539522], [-0.304379, 51.539552], [-0.304542, 51.539644], [-0.304551, 51.539678], [-0.304704, 51.539785], [-0.304638, 51.53981], [-0.304604, 51.539796], [-0.304475, 51.53971], [-0.304323, 51.53972], [-0.303782, 51.539521], [-0.303341, 51.539434], [-0.302957, 51.539423], [-0.302916, 51.539435], [-0.302861, 51.539433], [-0.302822, 51.539421], [-0.30225, 51.539408], [-0.302227, 51.539393], [-0.30111, 51.539372], [-0.300715, 51.539354], [-0.300542, 51.539327], [-0.30048, 51.539236]]]}, "properties": {"OBJECTID": 372, "Type": null, "First_map": null, "Last_map": null, "First_Year": null, "Last_Year": null, "London1stSeries": 1, "London1srRevision": 1}}, {"type": "Feature", "id": 391, "geometry": {"type": "Polygon", "coordinates": [[[-0.300158, 51.539325], [-0.300104, 51.539351], [-0.298638, 51.539312], [-0.297936, 51.539274], [-0.297249, 51.539205], [-0.296897, 51.539137], [-0.29672, 51.538952], [-0.297696, 51.53911], [-0.298262, 51.539164], [-0.298472, 51.539179], [-0.300092, 51.539223], [-0.300158, 51.539325]]]}, "properties": {"OBJECTID": 373, "Type": null, "First_map": null, "Last_map": null, "First_Year": null, "Last_Year": null, "London1stSeries": 1, "London1srRevision": 1}}, {"type": "Feature", "id": 392, "geometry": {"type": "Polygon", "coordinates": [[[-0.366247, 51.501029], [-0.366319, 51.501004], [-0.367222, 51.503842], [-0.367362, 51.504047], [-0.367587, 51.504199], [-0.367927, 51.504302], [-0.370041, 51.504601], [-0.370023, 51.504647], [-0.369275, 51.50454], [-0.369165, 51.504568], [-0.369179, 51.504529], [-0.368321, 51.504408], [-0.368305, 51.504448], [-0.36741, 51.50432], [-0.367272, 51.504234], [-0.366692, 51.502399], [-0.366676, 51.502392], [-0.366584, 51.502404], [-0.366413, 51.501865], [-0.36652, 51.501852], [-0.366247, 51.501029]]]}, "properties": {"OBJECTID": 374, "Type": null, "First_map": null, "Last_map": null, "First_Year": null, "Last_Year": null, "London1stSeries": 1, "London1srRevision": 1}}, {"type": "Feature", "id": 393, "geometry": {"type": "Polygon", "coordinates": [[[-0.392676, 51.507912], [-0.392749, 51.507743], [-0.392847, 51.507577], [-0.393017, 51.507334], [-0.39315, 51.507197], [-0.39335, 51.507024], [-0.393555, 51.506874], [-0.393754, 51.506761], [-0.393965, 51.506666], [-0.394848, 51.506303], [-0.395317, 51.506122], [-0.395343, 51.506104], [-0.395481, 51.506062], [-0.395712, 51.50591], [-0.39581, 51.50587], [-0.396232, 51.505789], [-0.396445, 51.505685], [-0.397041, 51.505458], [-0.398835, 51.504751], [-0.398847, 51.504756], [-0.398882, 51.504743], [-0.398879, 51.504735], [-0.398981, 51.504694], [-0.400184, 51.504224], [-0.400489, 51.504128], [-0.401461, 51.503906], [-0.401778, 51.503826], [-0.401797, 51.503798], [-0.401913, 51.503773], [-0.40195, 51.503782], [-0.402111, 51.503748], [-0.402555, 51.503614], [-0.402781, 51.503534], [-0.40302, 51.503413], [-0.403192, 51.503317], [-0.403569, 51.503077], [-0.403782, 51.503064], [-0.403786, 51.503085], [-0.403645, 51.503231], [-0.403446, 51.503366], [-0.403235, 51.503491], [-0.403015, 51.503596], [-0.4028, 51.503687], [-0.402538, 51.503782], [-0.402246, 51.503869], [-0.401724, 51.503996], [-0.400627, 51.504247], [-0.400296, 51.504355], [-0.399882, 51.504508], [-0.394545, 51.5066], [-0.394509, 51.506616], [-0.394517, 51.506653], [-0.394468, 51.50671], [-0.394568, 51.506814], [-0.394545, 51.506823], [-0.394433, 51.506715], [-0.394369, 51.506709], [-0.394326, 51.506694], [-0.39392, 51.506862], [-0.393641, 51.507026], [-0.393324, 51.507294], [-0.393221, 51.507413], [-0.393079, 51.507624], [-0.392936, 51.507916], [-0.392676, 51.507912]]]}, "properties": {"OBJECTID": 375, "Type": null, "First_map": null, "Last_map": null, "First_Year": null, "Last_Year": null, "London1stSeries": 1, "London1srRevision": 1}}, {"type": "Feature", "id": 394, "geometry": {"type": "Polygon", "coordinates": [[[-0.392936, 51.507916], [-0.390728, 51.512888], [-0.390523, 51.513119], [-0.3904, 51.513104], [-0.392676, 51.507912], [-0.392936, 51.507916]]]}, "properties": {"OBJECTID": 376, "Type": null, "First_map": null, "Last_map": null, "First_Year": null, "Last_Year": null, "London1stSeries": 1, "London1srRevision": 1}}, {"type": "Feature", "id": 395, "geometry": {"type": "Polygon", "coordinates": [[[-0.383521, 51.517461], [-0.38347, 51.517494], [-0.383461, 51.517514], [-0.383294, 51.517712], [-0.382248, 51.518559], [-0.382072, 51.518712], [-0.381335, 51.519579], [-0.380503, 51.520425], [-0.380483, 51.52047], [-0.380401, 51.520555], [-0.379931, 51.521042], [-0.379956, 51.52109], [-0.380013, 51.521109], [-0.380269, 51.520988], [-0.380296, 51.520808], [-0.380367, 51.520766], [-0.380324, 51.521035], [-0.380337, 51.521036], [-0.38038, 51.520758], [-0.38041, 51.520741], [-0.380502, 51.520734], [-0.380468, 51.521041], [-0.38048, 51.521041], [-0.380515, 51.520734], [-0.3806, 51.520727], [-0.380592, 51.520796], [-0.380605, 51.520797], [-0.380611, 51.520726], [-0.380712, 51.520719], [-0.380706, 51.520788], [-0.380719, 51.520788], [-0.380724, 51.520718], [-0.380823, 51.520711], [-0.380817, 51.520777], [-0.380829, 51.520777], [-0.380837, 51.520709], [-0.380858, 51.520708], [-0.380957, 51.520809], [-0.381125, 51.521049], [-0.380983, 51.521014], [-0.380978, 51.521021], [-0.38109, 51.521053], [-0.380996, 51.521065], [-0.38084, 51.52102], [-0.380837, 51.521025], [-0.380975, 51.521065], [-0.380911, 51.521073], [-0.38092, 51.521119], [-0.380696, 51.521144], [-0.380708, 51.521332], [-0.380872, 51.521368], [-0.380946, 51.52142], [-0.381087, 51.521454], [-0.381167, 51.5214], [-0.381413, 51.521424], [-0.381503, 51.521504], [-0.381514, 51.52154], [-0.381414, 51.521501], [-0.381407, 51.521509], [-0.381518, 51.521551], [-0.381529, 51.52158], [-0.381502, 51.521607], [-0.381404, 51.521571], [-0.381397, 51.521578], [-0.381497, 51.521614], [-0.381447, 51.521657], [-0.381354, 51.521623], [-0.381348, 51.52163], [-0.381436, 51.521663], [-0.381379, 51.521691], [-0.381386, 51.521697], [-0.381471, 51.521655], [-0.381588, 51.521682], [-0.381509, 51.521722], [-0.381518, 51.521728], [-0.381602, 51.521685], [-0.381716, 51.521712], [-0.381638, 51.521752], [-0.381647, 51.521759], [-0.38173, 51.521715], [-0.381824, 51.521737], [-0.381743, 51.521776], [-0.381751, 51.521782], [-0.381849, 51.521734], [-0.381478, 51.521648], [-0.38154, 51.521581], [-0.381515, 51.521504], [-0.381615, 51.52151], [-0.381638, 51.521574], [-0.381651, 51.521572], [-0.381629, 51.52151], [-0.381663, 51.521509], [-0.38172, 51.521533], [-0.381749, 51.521605], [-0.381762, 51.521603], [-0.381734, 51.521536], [-0.381818, 51.52157], [-0.381848, 51.52164], [-0.38186, 51.521638], [-0.381834, 51.521575], [-0.381917, 51.521605], [-0.381945, 51.521676], [-0.381958, 51.521674], [-0.381932, 51.521611], [-0.382031, 51.521646], [-0.382067, 51.521742], [-0.381964, 51.521983], [-0.381891, 51.522012], [-0.38186, 51.522011], [-0.381845, 51.521923], [-0.381833, 51.521924], [-0.381847, 51.52201], [-0.381749, 51.522008], [-0.381737, 51.521919], [-0.381724, 51.521919], [-0.381735, 51.522004], [-0.381695, 51.521988], [-0.381662, 51.521963], [-0.381635, 51.521895], [-0.381622, 51.521897], [-0.381649, 51.52196], [-0.381547, 51.521936], [-0.381514, 51.521867], [-0.381501, 51.52187], [-0.381529, 51.521931], [-0.381436, 51.521909], [-0.381411, 51.52184], [-0.381398, 51.521842], [-0.381423, 51.521906], [-0.381344, 51.521888], [-0.381321, 51.521867], [-0.381283, 51.521783], [-0.38127, 51.521785], [-0.3813, 51.521848], [-0.381211, 51.52184], [-0.381183, 51.521773], [-0.38117, 51.521775], [-0.381198, 51.521839], [-0.38111, 51.521832], [-0.381016, 51.521606], [-0.381113, 51.521544], [-0.381092, 51.521492], [-0.380982, 51.521466], [-0.380808, 51.521715], [-0.38065, 51.521671], [-0.380636, 51.521658], [-0.380507, 51.521628], [-0.380472, 51.521629], [-0.380424, 51.52166], [-0.380396, 51.521729], [-0.380357, 51.521774], [-0.380339, 51.521785], [-0.380301, 51.521789], [-0.379936, 51.521687], [-0.379905, 51.521671], [-0.37988, 51.521645], [-0.379824, 51.521488], [-0.379833, 51.521432], [-0.379857, 51.521375], [-0.379904, 51.52132], [-0.379909, 51.521296], [-0.379915, 51.5213], [-0.379937, 51.521285], [-0.37998, 51.521215], [-0.379985, 51.521145], [-0.379926, 51.521127], [-0.379804, 51.521152], [-0.379633, 51.521359], [-0.379206, 51.521854], [-0.378865, 51.52228], [-0.378042, 51.523369], [-0.3778, 51.523674], [-0.377549, 51.523967], [-0.377354, 51.524178], [-0.376641, 51.524831], [-0.376465, 51.525017], [-0.376375, 51.525139], [-0.376341, 51.525206], [-0.376263, 51.525386], [-0.376232, 51.525498], [-0.376237, 51.525659], [-0.376264, 51.525894], [-0.376525, 51.526835], [-0.376567, 51.527056], [-0.376573, 51.5273], [-0.376549, 51.527902], [-0.376466, 51.528994], [-0.376416, 51.52924], [-0.376319, 51.52947], [-0.376372, 51.529513], [-0.376395, 51.529565], [-0.376479, 51.529578], [-0.37647, 51.529524], [-0.376431, 51.529473], [-0.376496, 51.529264], [-0.377424, 51.52938], [-0.377268, 51.529869], [-0.376424, 51.529764], [-0.376466, 51.529625], [-0.376382, 51.529613], [-0.376318, 51.529662], [-0.376222, 51.529684], [-0.375638, 51.531037], [-0.375667, 51.531061], [-0.375484, 51.531484], [-0.375448, 51.531492], [-0.375429, 51.531542], [-0.375453, 51.53156], [-0.375453, 51.531573], [-0.375431, 51.531631], [-0.375347, 51.531822], [-0.37534, 51.53182], [-0.375277, 51.531906], [-0.375203, 51.532107], [-0.374979, 51.532613], [-0.374817, 51.532738], [-0.374729, 51.532732], [-0.374928, 51.532232], [-0.375002, 51.532027], [-0.374997, 51.531997], [-0.37558, 51.530653], [-0.375606, 51.530633], [-0.376096, 51.529495], [-0.376197, 51.529229], [-0.376235, 51.52908], [-0.376299, 51.528122], [-0.37633, 51.527311], [-0.37627, 51.526861], [-0.376063, 51.525958], [-0.376012, 51.525625], [-0.376029, 51.525412], [-0.376061, 51.525304], [-0.376128, 51.525161], [-0.376283, 51.524937], [-0.376402, 51.524802], [-0.3769, 51.52434], [-0.377036, 51.524225], [-0.377266, 51.523978], [-0.37764, 51.523533], [-0.378169, 51.522838], [-0.379333, 51.521386], [-0.379894, 51.520743], [-0.381169, 51.519516], [-0.381808, 51.518698], [-0.381945, 51.518555], [-0.382149, 51.51838], [-0.383097, 51.51763], [-0.383382, 51.517486], [-0.383442, 51.517437], [-0.383557, 51.517261], [-0.383781, 51.517057], [-0.384221, 51.516701], [-0.384582, 51.516471], [-0.384901, 51.516306], [-0.385115, 51.516212], [-0.388373, 51.514911], [-0.388771, 51.514732], [-0.388985, 51.514618], [-0.38922, 51.514469], [-0.389342, 51.514378], [-0.389555, 51.514199], [-0.389772, 51.513996], [-0.389903, 51.513857], [-0.39003, 51.513701], [-0.39032, 51.513292], [-0.390446, 51.51331], [-0.390489, 51.513406], [-0.390357, 51.51359], [-0.390363, 51.513622], [-0.390058, 51.514039], [-0.389742, 51.514365], [-0.38929, 51.514695], [-0.388731, 51.514956], [-0.385553, 51.51621], [-0.385389, 51.516262], [-0.385011, 51.516429], [-0.384844, 51.516529], [-0.38435, 51.516849], [-0.383707, 51.517339], [-0.383521, 51.517461]]]}, "properties": {"OBJECTID": 377, "Type": null, "First_map": null, "Last_map": null, "First_Year": null, "Last_Year": null, "London1stSeries": 1, "London1srRevision": 1}}, {"type": "Feature", "id": 396, "geometry": {"type": "Polygon", "coordinates": [[[-0.371482, 51.534665], [-0.371455, 51.53468], [-0.371482, 51.534559], [-0.371681, 51.53446], [-0.371936, 51.534315], [-0.37389, 51.533363], [-0.374189, 51.533179], [-0.374586, 51.532889], [-0.374696, 51.532897], [-0.374692, 51.532904], [-0.374647, 51.533004], [-0.374542, 51.533139], [-0.374448, 51.533214], [-0.374225, 51.533348], [-0.374241, 51.533365], [-0.37423, 51.533373], [-0.374203, 51.533361], [-0.373688, 51.533626], [-0.371783, 51.534524], [-0.371747, 51.534525], [-0.371695, 51.534549], [-0.371663, 51.534597], [-0.371642, 51.534593], [-0.371653, 51.534571], [-0.371482, 51.534665]]]}, "properties": {"OBJECTID": 378, "Type": null, "First_map": null, "Last_map": null, "First_Year": null, "Last_Year": null, "London1stSeries": 1, "London1srRevision": 1}}, {"type": "Feature", "id": 397, "geometry": {"type": "Polygon", "coordinates": [[[-0.37124, 51.534681], [-0.371211, 51.534811], [-0.37117, 51.534858], [-0.369349, 51.535787], [-0.369007, 51.535908], [-0.368595, 51.535996], [-0.368432, 51.536011], [-0.3681, 51.536012], [-0.366779, 51.535974], [-0.3666, 51.535974], [-0.366426, 51.535989], [-0.366261, 51.536025], [-0.366068, 51.5361], [-0.365878, 51.536206], [-0.365733, 51.536318], [-0.365618, 51.536444], [-0.365358, 51.536801], [-0.365245, 51.536974], [-0.365156, 51.537159], [-0.365132, 51.537293], [-0.365152, 51.537466], [-0.365228, 51.53763], [-0.365369, 51.537806], [-0.365659, 51.538118], [-0.365669, 51.538143], [-0.365781, 51.538282], [-0.365795, 51.538291], [-0.36588, 51.538309], [-0.366024, 51.538451], [-0.366081, 51.538555], [-0.366126, 51.53869], [-0.366141, 51.53878], [-0.366125, 51.538984], [-0.365952, 51.539659], [-0.365927, 51.539695], [-0.36567, 51.539664], [-0.365772, 51.539251], [-0.365859, 51.538837], [-0.365864, 51.53874], [-0.365845, 51.538651], [-0.365778, 51.538497], [-0.365667, 51.538343], [-0.365181, 51.537913], [-0.365022, 51.537729], [-0.364967, 51.537643], [-0.364922, 51.537534], [-0.364902, 51.537461], [-0.364879, 51.537267], [-0.364884, 51.537212], [-0.364927, 51.537076], [-0.365035, 51.536881], [-0.365408, 51.536355], [-0.365501, 51.536244], [-0.365618, 51.536128], [-0.365756, 51.536031], [-0.365875, 51.535972], [-0.365976, 51.535932], [-0.3662, 51.535871], [-0.366428, 51.535833], [-0.366625, 51.535819], [-0.367041, 51.535818], [-0.367461, 51.535828], [-0.368029, 51.535859], [-0.368309, 51.535857], [-0.368466, 51.535846], [-0.368646, 51.535823], [-0.368948, 51.53576], [-0.369172, 51.535685], [-0.369479, 51.535551], [-0.37124, 51.534681]]]}, "properties": {"OBJECTID": 379, "Type": null, "First_map": null, "Last_map": null, "First_Year": null, "Last_Year": null, "London1stSeries": 1, "London1srRevision": 1}}, {"type": "Feature", "id": 398, "geometry": {"type": "Polygon", "coordinates": [[[-0.249776, 51.528949], [-0.249697, 51.529016], [-0.249598, 51.528987], [-0.249528, 51.528953], [-0.249436, 51.528868], [-0.249266, 51.528781], [-0.24932, 51.528738], [-0.249479, 51.528822], [-0.249641, 51.528863], [-0.249776, 51.528949]]]}, "properties": {"OBJECTID": 380, "Type": null, "First_map": null, "Last_map": null, "First_Year": null, "Last_Year": null, "London1stSeries": 1, "London1srRevision": 1}}, {"type": "Feature", "id": 399, "geometry": {"type": "Polygon", "coordinates": [[[-0.254781, 51.532825], [-0.25461, 51.532773], [-0.254379, 51.532691], [-0.254042, 51.532519], [-0.253572, 51.532228], [-0.253198, 51.531946], [-0.252336, 51.531223], [-0.251623, 51.530488], [-0.251395, 51.530276], [-0.251027, 51.529961], [-0.250736, 51.529734], [-0.25071, 51.529725], [-0.249862, 51.529163], [-0.24988, 51.529133], [-0.249863, 51.52911], [-0.249944, 51.52904], [-0.250124, 51.529141], [-0.250173, 51.529185], [-0.250436, 51.529336], [-0.250481, 51.529351], [-0.250656, 51.529462], [-0.25106, 51.529765], [-0.251432, 51.530069], [-0.252607, 51.531198], [-0.253139, 51.531657], [-0.253393, 51.531852], [-0.253806, 51.532159], [-0.254067, 51.532334], [-0.254541, 51.532584], [-0.254837, 51.532692], [-0.254781, 51.532825]]]}, "properties": {"OBJECTID": 381, "Type": null, "First_map": null, "Last_map": null, "First_Year": null, "Last_Year": null, "London1stSeries": 1, "London1srRevision": 1}}, {"type": "Feature", "id": 400, "geometry": {"type": "Polygon", "coordinates": [[[-0.254905, 51.532716], [-0.255129, 51.532792], [-0.255274, 51.532831], [-0.255297, 51.53292], [-0.255149, 51.532913], [-0.25485, 51.532845], [-0.254905, 51.532716]]]}, "properties": {"OBJECTID": 382, "Type": null, "First_map": null, "Last_map": null, "First_Year": null, "Last_Year": null, "London1stSeries": 1, "London1srRevision": 1}}, {"type": "Feature", "id": 401, "geometry": {"type": "Polygon", "coordinates": [[[-0.255408, 51.53287], [-0.255541, 51.532905], [-0.255577, 51.53304], [-0.255514, 51.532999], [-0.255433, 51.53296], [-0.255408, 51.53287]]]}, "properties": {"OBJECTID": 383, "Type": null, "First_map": null, "Last_map": null, "First_Year": null, "Last_Year": null, "London1stSeries": 1, "London1srRevision": 1}}, {"type": "Feature", "id": 402, "geometry": {"type": "Polygon", "coordinates": [[[-0.255734, 51.532953], [-0.260129, 51.534097], [-0.260412, 51.534186], [-0.260294, 51.534257], [-0.260241, 51.534247], [-0.25865, 51.533832], [-0.258627, 51.533863], [-0.256883, 51.53341], [-0.255787, 51.533136], [-0.255734, 51.532953]]]}, "properties": {"OBJECTID": 384, "Type": null, "First_map": null, "Last_map": null, "First_Year": null, "Last_Year": null, "London1stSeries": 1, "London1srRevision": 1}}, {"type": "Feature", "id": 403, "geometry": {"type": "Polygon", "coordinates": [[[-0.271214, 51.535867], [-0.269278, 51.53602], [-0.269206, 51.536037], [-0.268518, 51.536077], [-0.268464, 51.536064], [-0.268132, 51.536066], [-0.268133, 51.536062], [-0.2672, 51.536004], [-0.266014, 51.535834], [-0.264851, 51.535515], [-0.264751, 51.5355], [-0.264045, 51.535325], [-0.263979, 51.535334], [-0.263892, 51.535369], [-0.263434, 51.535592], [-0.263361, 51.535572], [-0.263675, 51.535413], [-0.263699, 51.53536], [-0.263693, 51.535315], [-0.263649, 51.535239], [-0.26353, 51.535175], [-0.260516, 51.534317], [-0.260635, 51.534245], [-0.26428, 51.535201], [-0.265996, 51.535643], [-0.26626, 51.535703], [-0.266681, 51.535776], [-0.267122, 51.535826], [-0.267633, 51.535873], [-0.267998, 51.535892], [-0.2686, 51.535896], [-0.268826, 51.535893], [-0.269106, 51.535877], [-0.27122, 51.535709], [-0.271214, 51.535867]]]}, "properties": {"OBJECTID": 385, "Type": null, "First_map": null, "Last_map": null, "First_Year": null, "Last_Year": null, "London1stSeries": 1, "London1srRevision": 1}}, {"type": "Feature", "id": 404, "geometry": {"type": "Polygon", "coordinates": [[[-0.284071, 51.540329], [-0.28358, 51.539954], [-0.282856, 51.53932], [-0.2828, 51.539291], [-0.282433, 51.538982], [-0.28227, 51.538788], [-0.282109, 51.538654], [-0.282029, 51.538574], [-0.281853, 51.538438], [-0.281241, 51.537914], [-0.280873, 51.53762], [-0.279177, 51.536201], [-0.278407, 51.535605], [-0.278135, 51.535431], [-0.277945, 51.535339], [-0.27777, 51.535282], [-0.277587, 51.535244], [-0.277356, 51.53522], [-0.277249, 51.53522], [-0.276996, 51.535239], [-0.275456, 51.535417], [-0.275172, 51.535416], [-0.275164, 51.53533], [-0.27534, 51.535282], [-0.275718, 51.535226], [-0.276526, 51.535128], [-0.277322, 51.535058], [-0.277546, 51.535069], [-0.277835, 51.535123], [-0.278032, 51.535183], [-0.278276, 51.535292], [-0.278439, 51.535395], [-0.27891, 51.535756], [-0.279302, 51.536071], [-0.281583, 51.53798], [-0.283719, 51.539786], [-0.284168, 51.540153], [-0.284374, 51.540286], [-0.28459, 51.540391], [-0.284777, 51.54046], [-0.284926, 51.540498], [-0.285211, 51.540531], [-0.286243, 51.540567], [-0.286709, 51.540579], [-0.287416, 51.540579], [-0.287879, 51.540546], [-0.288091, 51.540516], [-0.288355, 51.540466], [-0.288674, 51.540378], [-0.289049, 51.540248], [-0.292717, 51.538711], [-0.293001, 51.538607], [-0.293275, 51.538526], [-0.29346, 51.538485], [-0.293711, 51.538449], [-0.294036, 51.538431], [-0.294284, 51.538434], [-0.294385, 51.538446], [-0.295004, 51.538561], [-0.296431, 51.53889], [-0.296617, 51.539083], [-0.296362, 51.53903], [-0.296264, 51.539062], [-0.295855, 51.538965], [-0.295736, 51.53892], [-0.2956, 51.538884], [-0.295079, 51.538761], [-0.294623, 51.538668], [-0.294278, 51.538609], [-0.294104, 51.53859], [-0.293933, 51.538586], [-0.293768, 51.5386], [-0.293546, 51.538633], [-0.293264, 51.538704], [-0.29286, 51.538836], [-0.292627, 51.538932], [-0.292606, 51.538912], [-0.2925, 51.538951], [-0.291696, 51.539304], [-0.290985, 51.539602], [-0.290868, 51.539661], [-0.290851, 51.539679], [-0.289695, 51.540166], [-0.289266, 51.540382], [-0.289131, 51.540379], [-0.288889, 51.540499], [-0.288809, 51.540528], [-0.28818, 51.540671], [-0.288181, 51.540676], [-0.287794, 51.540736], [-0.287774, 51.540729], [-0.287294, 51.54074], [-0.287223, 51.54075], [-0.287118, 51.540737], [-0.287026, 51.540755], [-0.286934, 51.540746], [-0.286865, 51.540753], [-0.286757, 51.540748], [-0.285372, 51.540757], [-0.285256, 51.540753], [-0.285162, 51.540733], [-0.285061, 51.540727], [-0.284855, 51.540676], [-0.284415, 51.540506], [-0.284329, 51.540458], [-0.284212, 51.540418], [-0.284071, 51.540329]]]}, "properties": {"OBJECTID": 386, "Type": null, "First_map": null, "Last_map": null, "First_Year": null, "Last_Year": null, "London1stSeries": 1, "London1srRevision": 1}}, {"type": "Feature", "id": 405, "geometry": {"type": "Polygon", "coordinates": [[[-0.271214, 51.535867], [-0.27122, 51.535709], [-0.274905, 51.535376], [-0.274913, 51.535434], [-0.274759, 51.535452], [-0.274701, 51.53552], [-0.274085, 51.535609], [-0.271214, 51.535867]]]}, "properties": {"OBJECTID": 387, "Type": null, "First_map": null, "Last_map": null, "First_Year": null, "Last_Year": null, "London1stSeries": 1, "London1srRevision": 1}}, {"type": "Feature", "id": 406, "geometry": {"type": "Polygon", "coordinates": [[[-0.28252, 51.538602], [-0.282503, 51.538574], [-0.282677, 51.538482], [-0.282679, 51.538457], [-0.282764, 51.538455], [-0.282997, 51.538358], [-0.283316, 51.538212], [-0.283333, 51.538182], [-0.283924, 51.537912], [-0.284002, 51.537978], [-0.282585, 51.538641], [-0.28252, 51.538602]]]}, "properties": {"OBJECTID": 388, "Type": null, "First_map": null, "Last_map": null, "First_Year": null, "Last_Year": null, "London1stSeries": 1, "London1srRevision": 1}}, {"type": "Feature", "id": 407, "geometry": {"type": "Polygon", "coordinates": [[[-0.361482, 51.502392], [-0.361853, 51.502254], [-0.362516, 51.502024], [-0.362953, 51.501896], [-0.362976, 51.501934], [-0.362673, 51.50211], [-0.360379, 51.502969], [-0.360211, 51.503021], [-0.359931, 51.503065], [-0.359933, 51.503071], [-0.359577, 51.503196], [-0.35945, 51.503245], [-0.359333, 51.503303], [-0.359189, 51.503403], [-0.358862, 51.503527], [-0.358124, 51.503766], [-0.356984, 51.504107], [-0.356418, 51.504246], [-0.356021, 51.504332], [-0.355821, 51.504367], [-0.355685, 51.504367], [-0.355491, 51.504413], [-0.355462, 51.504367], [-0.355661, 51.504288], [-0.355945, 51.504213], [-0.355963, 51.50417], [-0.356488, 51.504045], [-0.356555, 51.504055], [-0.356579, 51.504039], [-0.356628, 51.504029], [-0.3567, 51.504], [-0.35686, 51.503969], [-0.357107, 51.503888], [-0.357148, 51.503879], [-0.357261, 51.503871], [-0.357429, 51.503812], [-0.357449, 51.503778], [-0.357429, 51.503714], [-0.357587, 51.503665], [-0.357666, 51.503711], [-0.357728, 51.503711], [-0.35827, 51.503563], [-0.358378, 51.503515], [-0.359217, 51.50323], [-0.359431, 51.503197], [-0.359851, 51.50305], [-0.359843, 51.503047], [-0.359899, 51.503031], [-0.360073, 51.502912], [-0.361482, 51.502392]]]}, "properties": {"OBJECTID": 389, "Type": null, "First_map": null, "Last_map": null, "First_Year": null, "Last_Year": null, "London1stSeries": 1, "London1srRevision": 1}}, {"type": "Feature", "id": 408, "geometry": {"type": "Polygon", "coordinates": [[[-0.359353, 51.50307], [-0.359371, 51.503035], [-0.359387, 51.503025], [-0.359754, 51.502912], [-0.359827, 51.502993], [-0.359655, 51.503056], [-0.359617, 51.503051], [-0.359604, 51.503073], [-0.359479, 51.503115], [-0.359422, 51.503053], [-0.359402, 51.503047], [-0.359368, 51.503073], [-0.359353, 51.50307]]]}, "properties": {"OBJECTID": 390, "Type": null, "First_map": null, "Last_map": null, "First_Year": null, "Last_Year": null, "London1stSeries": 1, "London1srRevision": 1}}, {"type": "Feature", "id": 409, "geometry": {"type": "Polygon", "coordinates": [[[-0.193626, 51.522059], [-0.1938, 51.521972], [-0.193955, 51.521908], [-0.194102, 51.521854], [-0.194285, 51.5218], [-0.195279, 51.521558], [-0.195809, 51.521462], [-0.196184, 51.521423], [-0.196653, 51.52141], [-0.197124, 51.521417], [-0.197662, 51.521462], [-0.198365, 51.521613], [-0.198896, 51.521701], [-0.200815, 51.522397], [-0.201414, 51.522602], [-0.201443, 51.522727], [-0.201331, 51.522732], [-0.201093, 51.522643], [-0.200122, 51.522311], [-0.199368, 51.52204], [-0.199001, 51.521897], [-0.198704, 51.521799], [-0.198212, 51.521677], [-0.198073, 51.52165], [-0.197912, 51.521626], [-0.197393, 51.521579], [-0.19654, 51.521537], [-0.195968, 51.521575], [-0.195461, 51.521657], [-0.194777, 51.521827], [-0.19406, 51.522021], [-0.19367, 51.522112], [-0.193626, 51.522059]]]}, "properties": {"OBJECTID": 391, "Type": null, "First_map": null, "Last_map": null, "First_Year": null, "Last_Year": null, "London1stSeries": 1, "London1srRevision": 1}}, {"type": "Feature", "id": 410, "geometry": {"type": "Polygon", "coordinates": [[[-0.215407, 51.526799], [-0.214846, 51.526869], [-0.214822, 51.52685], [-0.21443, 51.526875], [-0.213887, 51.526917], [-0.213598, 51.526952], [-0.21314, 51.526949], [-0.212611, 51.526925], [-0.210123, 51.526735], [-0.209955, 51.526715], [-0.209615, 51.526665], [-0.208324, 51.5264], [-0.208045, 51.526365], [-0.207267, 51.526314], [-0.206796, 51.526228], [-0.206429, 51.526115], [-0.205983, 51.525948], [-0.205979, 51.525953], [-0.205459, 51.525476], [-0.205084, 51.524981], [-0.205086, 51.524946], [-0.205038, 51.524902], [-0.205024, 51.524864], [-0.205019, 51.524845], [-0.204951, 51.524753], [-0.204745, 51.524491], [-0.204556, 51.524262], [-0.204399, 51.524074], [-0.204282, 51.523946], [-0.204246, 51.523903], [-0.204202, 51.523866], [-0.204161, 51.52382], [-0.204133, 51.523768], [-0.204062, 51.523721], [-0.203988, 51.523665], [-0.203774, 51.523549], [-0.203315, 51.523332], [-0.202742, 51.523141], [-0.201702, 51.522829], [-0.201647, 51.522783], [-0.201607, 51.52266], [-0.202918, 51.523028], [-0.20332, 51.52315], [-0.203735, 51.523306], [-0.203868, 51.523369], [-0.204053, 51.523475], [-0.204252, 51.523627], [-0.204377, 51.523743], [-0.204505, 51.52388], [-0.205756, 51.525487], [-0.205882, 51.525623], [-0.206019, 51.525745], [-0.206252, 51.525886], [-0.206478, 51.525978], [-0.206713, 51.526052], [-0.206925, 51.526103], [-0.207322, 51.526161], [-0.207938, 51.526216], [-0.2085, 51.526281], [-0.209494, 51.526485], [-0.209919, 51.526559], [-0.210215, 51.526595], [-0.213152, 51.526833], [-0.213749, 51.526799], [-0.21508, 51.526679], [-0.21533, 51.526674], [-0.215407, 51.526799]]]}, "properties": {"OBJECTID": 392, "Type": null, "First_map": null, "Last_map": null, "First_Year": null, "Last_Year": null, "London1stSeries": 1, "London1srRevision": 1}}, {"type": "Feature", "id": 411, "geometry": {"type": "Polygon", "coordinates": [[[-0.248073, 51.528346], [-0.247755, 51.52842], [-0.245543, 51.527885], [-0.245255, 51.527834], [-0.245108, 51.527819], [-0.244926, 51.527817], [-0.244263, 51.527868], [-0.24407, 51.527871], [-0.243922, 51.527863], [-0.243817, 51.527848], [-0.243607, 51.527796], [-0.243467, 51.527739], [-0.243341, 51.527671], [-0.243072, 51.527457], [-0.242968, 51.527388], [-0.242888, 51.527364], [-0.242576, 51.527079], [-0.242523, 51.527002], [-0.242189, 51.526649], [-0.242124, 51.526634], [-0.242049, 51.526562], [-0.24197, 51.526502], [-0.241932, 51.526488], [-0.241906, 51.526457], [-0.241696, 51.5263], [-0.241642, 51.526287], [-0.241325, 51.526139], [-0.241311, 51.526117], [-0.241232, 51.526074], [-0.241142, 51.526037], [-0.241026, 51.526023], [-0.241029, 51.526016], [-0.240553, 51.52599], [-0.239678, 51.526011], [-0.239306, 51.526049], [-0.239307, 51.526057], [-0.23796, 51.526161], [-0.237589, 51.526077], [-0.237586, 51.526052], [-0.237568, 51.526052], [-0.237567, 51.526071], [-0.237438, 51.526069], [-0.236428, 51.526112], [-0.23625, 51.526131], [-0.235915, 51.526149], [-0.235663, 51.526132], [-0.235487, 51.52611], [-0.235425, 51.526089], [-0.235363, 51.526084], [-0.23528, 51.525988], [-0.235502, 51.525965], [-0.240368, 51.525814], [-0.240783, 51.52582], [-0.240953, 51.525836], [-0.241171, 51.525869], [-0.241356, 51.525916], [-0.241552, 51.52599], [-0.241752, 51.526087], [-0.241943, 51.526206], [-0.242125, 51.526346], [-0.243421, 51.527483], [-0.243553, 51.527575], [-0.243656, 51.527628], [-0.243746, 51.527662], [-0.243925, 51.527707], [-0.244125, 51.527724], [-0.24495, 51.527668], [-0.24511, 51.527671], [-0.24537, 51.527698], [-0.246005, 51.527838], [-0.248073, 51.528346]]]}, "properties": {"OBJECTID": 394, "Type": null, "First_map": null, "Last_map": null, "First_Year": null, "Last_Year": null, "London1stSeries": 1, "London1srRevision": 1}}, {"type": "Feature", "id": 412, "geometry": {"type": "Polygon", "coordinates": [[[-0.235211, 51.526087], [-0.23515, 51.526111], [-0.234599, 51.526139], [-0.234571, 51.526124], [-0.234562, 51.526006], [-0.235035, 51.525992], [-0.235131, 51.525996], [-0.235211, 51.526087]]]}, "properties": {"OBJECTID": 395, "Type": null, "First_map": null, "Last_map": null, "First_Year": null, "Last_Year": null, "London1stSeries": 1, "London1srRevision": 1}}, {"type": "Feature", "id": 413, "geometry": {"type": "Polygon", "coordinates": [[[-0.234354, 51.52601], [-0.23436, 51.526093], [-0.233824, 51.526113], [-0.233811, 51.526121], [-0.233813, 51.526149], [-0.232656, 51.526202], [-0.232644, 51.52622], [-0.2326, 51.526216], [-0.232448, 51.526224], [-0.232029, 51.526258], [-0.231975, 51.526255], [-0.231908, 51.526271], [-0.231757, 51.52627], [-0.231261, 51.526308], [-0.231061, 51.52635], [-0.23092, 51.526363], [-0.230843, 51.526379], [-0.230815, 51.526374], [-0.230763, 51.52638], [-0.230651, 51.52641], [-0.229567, 51.526548], [-0.228774, 51.526634], [-0.228563, 51.526645], [-0.228242, 51.52665], [-0.227931, 51.526635], [-0.227796, 51.526638], [-0.227721, 51.526626], [-0.227561, 51.526618], [-0.227487, 51.526633], [-0.227415, 51.526616], [-0.227001, 51.526602], [-0.226971, 51.526614], [-0.226953, 51.52661], [-0.226941, 51.526597], [-0.226598, 51.526568], [-0.225832, 51.526537], [-0.225757, 51.526542], [-0.225629, 51.526562], [-0.225522, 51.526563], [-0.22497, 51.526607], [-0.224753, 51.52666], [-0.224373, 51.526734], [-0.224199, 51.526785], [-0.224066, 51.526801], [-0.223901, 51.526859], [-0.223868, 51.526864], [-0.223829, 51.526859], [-0.223704, 51.526897], [-0.223616, 51.526912], [-0.223423, 51.526981], [-0.222509, 51.527248], [-0.222502, 51.52724], [-0.22115, 51.527684], [-0.221033, 51.527716], [-0.220756, 51.527787], [-0.220351, 51.527866], [-0.220014, 51.527898], [-0.219721, 51.527884], [-0.219371, 51.52783], [-0.218938, 51.527673], [-0.218648, 51.527511], [-0.218196, 51.527202], [-0.217898, 51.527029], [-0.217601, 51.526943], [-0.217334, 51.526876], [-0.216959, 51.526812], [-0.216598, 51.526778], [-0.21581, 51.526757], [-0.215707, 51.526771], [-0.21563, 51.526663], [-0.215873, 51.526619], [-0.216182, 51.526596], [-0.216216, 51.526608], [-0.216486, 51.526594], [-0.216525, 51.526583], [-0.216549, 51.526565], [-0.216632, 51.526567], [-0.216678, 51.526602], [-0.21673, 51.526616], [-0.217102, 51.526655], [-0.217657, 51.526762], [-0.217909, 51.526836], [-0.218144, 51.526924], [-0.218334, 51.526977], [-0.218389, 51.527018], [-0.218474, 51.527126], [-0.218865, 51.527415], [-0.218878, 51.527407], [-0.218943, 51.527448], [-0.218932, 51.527456], [-0.219167, 51.527567], [-0.219367, 51.527633], [-0.219589, 51.527684], [-0.219861, 51.527716], [-0.220087, 51.527719], [-0.220237, 51.527711], [-0.220422, 51.52769], [-0.220775, 51.527619], [-0.220953, 51.527569], [-0.222463, 51.527085], [-0.223051, 51.526914], [-0.22398, 51.526658], [-0.224876, 51.52647], [-0.225203, 51.526422], [-0.225523, 51.526402], [-0.225855, 51.5264], [-0.226832, 51.526438], [-0.226834, 51.526427], [-0.226916, 51.526431], [-0.226917, 51.526443], [-0.228185, 51.526489], [-0.228636, 51.526483], [-0.228909, 51.526468], [-0.229177, 51.52644], [-0.231129, 51.526178], [-0.231682, 51.526115], [-0.231936, 51.526096], [-0.233258, 51.526033], [-0.233764, 51.526031], [-0.234354, 51.52601]]]}, "properties": {"OBJECTID": 396, "Type": null, "First_map": null, "Last_map": null, "First_Year": null, "Last_Year": null, "London1stSeries": 1, "London1srRevision": 1}}, {"type": "Feature", "id": 414, "geometry": {"type": "Polygon", "coordinates": [[[-0.249228, 51.528691], [-0.24917, 51.528736], [-0.249009, 51.5287], [-0.248941, 51.528733], [-0.248026, 51.52852], [-0.247999, 51.528474], [-0.247937, 51.52846], [-0.248247, 51.528387], [-0.248598, 51.52847], [-0.249157, 51.528631], [-0.249228, 51.528691]]]}, "properties": {"OBJECTID": 397, "Type": null, "First_map": null, "Last_map": null, "First_Year": null, "Last_Year": null, "London1stSeries": 1, "London1srRevision": 1}}, {"type": "Feature", "id": 415, "geometry": {"type": "Polygon", "coordinates": [[[-0.376291, 51.497188], [-0.376375, 51.497159], [-0.376431, 51.497129], [-0.376428, 51.497124], [-0.376686, 51.497013], [-0.37723, 51.49684], [-0.377997, 51.496559], [-0.378008, 51.496572], [-0.378099, 51.496531], [-0.378948, 51.49625], [-0.379571, 51.496006], [-0.380113, 51.495833], [-0.380786, 51.495593], [-0.381051, 51.495509], [-0.381048, 51.4955], [-0.381523, 51.495328], [-0.381894, 51.495213], [-0.382006, 51.495191], [-0.3822, 51.495126], [-0.382299, 51.495107], [-0.382752, 51.49498], [-0.382992, 51.494928], [-0.383625, 51.494816], [-0.384389, 51.494729], [-0.384901, 51.494688], [-0.385416, 51.494664], [-0.386009, 51.494665], [-0.386587, 51.49469], [-0.386924, 51.494729], [-0.387197, 51.494772], [-0.38735, 51.494805], [-0.387488, 51.494854], [-0.387466, 51.494905], [-0.387212, 51.4949], [-0.385911, 51.4948], [-0.385553, 51.494794], [-0.385099, 51.494803], [-0.384614, 51.494833], [-0.383985, 51.494898], [-0.383739, 51.494929], [-0.383383, 51.494993], [-0.382583, 51.495174], [-0.382253, 51.495259], [-0.38199, 51.495336], [-0.381527, 51.495484], [-0.379674, 51.496141], [-0.379651, 51.49616], [-0.379647, 51.496191], [-0.379678, 51.496208], [-0.379784, 51.496172], [-0.379985, 51.49637], [-0.379891, 51.496402], [-0.379983, 51.496507], [-0.379943, 51.496521], [-0.37985, 51.496415], [-0.379834, 51.496421], [-0.379868, 51.496511], [-0.379919, 51.496563], [-0.37981, 51.496606], [-0.379479, 51.496279], [-0.37958, 51.496243], [-0.379567, 51.496219], [-0.379544, 51.496205], [-0.379496, 51.496202], [-0.378033, 51.496704], [-0.376907, 51.497101], [-0.376384, 51.497257], [-0.376291, 51.497188]]]}, "properties": {"OBJECTID": 398, "Type": null, "First_map": null, "Last_map": null, "First_Year": null, "Last_Year": null, "London1stSeries": 1, "London1srRevision": 1}}, {"type": "Feature", "id": 416, "geometry": {"type": "Polygon", "coordinates": [[[-0.387556, 51.494868], [-0.387608, 51.494876], [-0.387749, 51.494857], [-0.387814, 51.494822], [-0.387917, 51.494743], [-0.388019, 51.494767], [-0.388054, 51.494776], [-0.388102, 51.494857], [-0.388133, 51.494888], [-0.388204, 51.494919], [-0.388541, 51.494988], [-0.38905, 51.495069], [-0.389645, 51.495212], [-0.391274, 51.495622], [-0.393221, 51.496145], [-0.393629, 51.496247], [-0.397381, 51.497238], [-0.397503, 51.497272], [-0.397554, 51.497308], [-0.397416, 51.497365], [-0.397302, 51.497363], [-0.397252, 51.497352], [-0.392757, 51.496151], [-0.389812, 51.495381], [-0.389395, 51.49529], [-0.387809, 51.495004], [-0.387534, 51.494916], [-0.387556, 51.494868]]]}, "properties": {"OBJECTID": 399, "Type": null, "First_map": null, "Last_map": null, "First_Year": null, "Last_Year": null, "London1stSeries": 1, "London1srRevision": 1}}, {"type": "Feature", "id": 417, "geometry": {"type": "Polygon", "coordinates": [[[-0.397677, 51.497428], [-0.397817, 51.49737], [-0.398142, 51.497411], [-0.398682, 51.497556], [-0.398748, 51.497551], [-0.399406, 51.49773], [-0.39948, 51.497771], [-0.400092, 51.497931], [-0.400095, 51.497924], [-0.400469, 51.498038], [-0.400902, 51.498159], [-0.402142, 51.498477], [-0.402294, 51.49852], [-0.402395, 51.498559], [-0.402425, 51.498558], [-0.402596, 51.498192], [-0.402821, 51.498248], [-0.402706, 51.498473], [-0.404543, 51.498935], [-0.404647, 51.499091], [-0.404659, 51.499083], [-0.404558, 51.498935], [-0.40458, 51.498941], [-0.404714, 51.49915], [-0.404887, 51.499191], [-0.404831, 51.499105], [-0.404938, 51.499079], [-0.405016, 51.49919], [-0.405701, 51.499376], [-0.40658, 51.499588], [-0.40659, 51.499572], [-0.406889, 51.499642], [-0.406906, 51.499637], [-0.406929, 51.499597], [-0.406952, 51.499614], [-0.406993, 51.499611], [-0.406969, 51.49965], [-0.406975, 51.499661], [-0.407254, 51.499727], [-0.407575, 51.499892], [-0.408395, 51.500116], [-0.408335, 51.500252], [-0.407907, 51.50014], [-0.407702, 51.500118], [-0.406892, 51.499874], [-0.406848, 51.499868], [-0.406801, 51.499873], [-0.406732, 51.499909], [-0.406656, 51.499882], [-0.406675, 51.499832], [-0.406646, 51.499814], [-0.406094, 51.499678], [-0.402474, 51.49873], [-0.397677, 51.497428]]]}, "properties": {"OBJECTID": 400, "Type": null, "First_map": null, "Last_map": null, "First_Year": null, "Last_Year": null, "London1stSeries": 1, "London1srRevision": 1}}, {"type": "Feature", "id": 418, "geometry": {"type": "Polygon", "coordinates": [[[-0.363028, 51.501914], [-0.363007, 51.501875], [-0.363097, 51.501839], [-0.363094, 51.501834], [-0.3634, 51.501723], [-0.36346, 51.501691], [-0.36347, 51.501695], [-0.363755, 51.501526], [-0.363895, 51.501491], [-0.364138, 51.501406], [-0.364212, 51.50136], [-0.364947, 51.501109], [-0.365093, 51.501044], [-0.365179, 51.501014], [-0.36521, 51.50101], [-0.365751, 51.500809], [-0.372033, 51.498635], [-0.372452, 51.498495], [-0.37254, 51.49848], [-0.372915, 51.498347], [-0.373157, 51.498245], [-0.373168, 51.498228], [-0.373776, 51.498051], [-0.374486, 51.497791], [-0.375843, 51.497317], [-0.375949, 51.497303], [-0.376092, 51.497256], [-0.376185, 51.497326], [-0.376089, 51.497363], [-0.375989, 51.497419], [-0.373655, 51.498241], [-0.366332, 51.500777], [-0.366226, 51.500814], [-0.366228, 51.500823], [-0.366115, 51.500862], [-0.366104, 51.500859], [-0.363924, 51.501628], [-0.363506, 51.50173], [-0.363477, 51.501747], [-0.363176, 51.501856], [-0.36318, 51.501863], [-0.36314, 51.501879], [-0.363136, 51.501875], [-0.363028, 51.501914]]]}, "properties": {"OBJECTID": 401, "Type": null, "First_map": null, "Last_map": null, "First_Year": null, "Last_Year": null, "London1stSeries": 1, "London1srRevision": 1}}, {"type": "Feature", "id": 419, "geometry": {"type": "Polygon", "coordinates": [[[-0.403986, 51.502834], [-0.40383, 51.502842], [-0.40385, 51.502793], [-0.405439, 51.501064], [-0.40592, 51.500556], [-0.406335, 51.500124], [-0.406494, 51.500046], [-0.406632, 51.499912], [-0.406708, 51.499943], [-0.406578, 51.500074], [-0.40658, 51.500099], [-0.406552, 51.500138], [-0.40657, 51.500218], [-0.406394, 51.500396], [-0.406395, 51.500416], [-0.406244, 51.500578], [-0.406233, 51.500603], [-0.406148, 51.500642], [-0.406109, 51.500676], [-0.406083, 51.500714], [-0.406049, 51.500704], [-0.406041, 51.500713], [-0.40535, 51.501447], [-0.405235, 51.501553], [-0.405286, 51.501578], [-0.404247, 51.502708], [-0.404175, 51.502707], [-0.404081, 51.502797], [-0.404028, 51.502809], [-0.403986, 51.502834]]]}, "properties": {"OBJECTID": 402, "Type": null, "First_map": null, "Last_map": null, "First_Year": null, "Last_Year": null, "London1stSeries": 1, "London1srRevision": 1}}, {"type": "Feature", "id": 420, "geometry": {"type": "Polygon", "coordinates": [[[-0.183898, 51.521281], [-0.183932, 51.521243], [-0.18432, 51.521367], [-0.184651, 51.521382], [-0.184729, 51.521394], [-0.185463, 51.521638], [-0.185472, 51.52163], [-0.185555, 51.521658], [-0.185549, 51.521667], [-0.188798, 51.522746], [-0.189296, 51.522885], [-0.189502, 51.522922], [-0.18967, 51.522943], [-0.189907, 51.522959], [-0.19018, 51.522952], [-0.190388, 51.522923], [-0.190593, 51.522882], [-0.190947, 51.522791], [-0.192443, 51.522361], [-0.192631, 51.522304], [-0.192627, 51.522293], [-0.193294, 51.522138], [-0.192717, 51.522279], [-0.193455, 51.522126], [-0.193496, 51.522255], [-0.192626, 51.522503], [-0.192759, 51.522661], [-0.19236, 51.522766], [-0.192217, 51.522598], [-0.190594, 51.523067], [-0.190438, 51.5231], [-0.190235, 51.523126], [-0.190104, 51.523134], [-0.189833, 51.523129], [-0.189633, 51.523113], [-0.189363, 51.523074], [-0.189025, 51.522998], [-0.188774, 51.522926], [-0.187928, 51.522649], [-0.18761, 51.522567], [-0.187593, 51.522576], [-0.187509, 51.522552], [-0.187551, 51.52251], [-0.185258, 51.521796], [-0.184477, 51.521541], [-0.184347, 51.521462], [-0.184335, 51.521444], [-0.184287, 51.521412], [-0.183898, 51.521281]]]}, "properties": {"OBJECTID": 403, "Type": null, "First_map": null, "Last_map": null, "First_Year": null, "Last_Year": null, "London1stSeries": 1, "London1srRevision": 1}}, {"type": "Feature", "id": 421, "geometry": {"type": "Polygon", "coordinates": [[[-0.341175, 51.546073], [-0.341011, 51.546099], [-0.340898, 51.546106], [-0.340615, 51.546149], [-0.340125, 51.546241], [-0.3396, 51.546359], [-0.339323, 51.546391], [-0.339207, 51.546395], [-0.338963, 51.546372], [-0.338721, 51.546322], [-0.338373, 51.546175], [-0.337921, 51.545954], [-0.337794, 51.545886], [-0.337669, 51.545799], [-0.337576, 51.545706], [-0.337504, 51.545614], [-0.336495, 51.54369], [-0.336333, 51.543441], [-0.336158, 51.543237], [-0.336053, 51.543143], [-0.335869, 51.543014], [-0.335846, 51.543021], [-0.335812, 51.543018], [-0.335679, 51.542932], [-0.335331, 51.542784], [-0.335097, 51.542694], [-0.334841, 51.542611], [-0.334689, 51.542583], [-0.334593, 51.54255], [-0.334494, 51.542537], [-0.334283, 51.542492], [-0.333963, 51.542458], [-0.333803, 51.542417], [-0.333648, 51.542403], [-0.333503, 51.542397], [-0.333211, 51.542401], [-0.333047, 51.542382], [-0.332929, 51.542394], [-0.332318, 51.542375], [-0.332159, 51.542366], [-0.331791, 51.542317], [-0.331702, 51.542278], [-0.331617, 51.542254], [-0.331609, 51.542239], [-0.331467, 51.5422], [-0.331418, 51.542199], [-0.331301, 51.542165], [-0.331111, 51.542098], [-0.330984, 51.542043], [-0.330704, 51.54195], [-0.330613, 51.541941], [-0.330502, 51.541912], [-0.330394, 51.54186], [-0.33014, 51.541796], [-0.32984, 51.541747], [-0.329668, 51.54173], [-0.329557, 51.541731], [-0.329397, 51.541748], [-0.328991, 51.541827], [-0.328723, 51.541922], [-0.328379, 51.542078], [-0.328211, 51.54214], [-0.327918, 51.542215], [-0.32751, 51.542293], [-0.327277, 51.542318], [-0.326796, 51.542346], [-0.325911, 51.542358], [-0.325555, 51.542317], [-0.325535, 51.542268], [-0.325859, 51.542227], [-0.327217, 51.542163], [-0.327491, 51.542138], [-0.327683, 51.542111], [-0.327822, 51.542082], [-0.328004, 51.542025], [-0.328697, 51.541742], [-0.329002, 51.541645], [-0.329354, 51.541579], [-0.329642, 51.541568], [-0.329934, 51.541591], [-0.330256, 51.541644], [-0.330682, 51.541775], [-0.33142, 51.542024], [-0.331996, 51.542172], [-0.332293, 51.542202], [-0.333069, 51.542226], [-0.333754, 51.542261], [-0.334204, 51.542313], [-0.334613, 51.542394], [-0.335, 51.542497], [-0.335252, 51.542573], [-0.33551, 51.542672], [-0.335742, 51.542781], [-0.335946, 51.542904], [-0.336195, 51.543117], [-0.336407, 51.54325], [-0.336577, 51.54345], [-0.336653, 51.543564], [-0.337732, 51.545552], [-0.337874, 51.545711], [-0.337919, 51.545747], [-0.338046, 51.545823], [-0.338298, 51.545951], [-0.338713, 51.546136], [-0.338879, 51.546181], [-0.339037, 51.546209], [-0.339175, 51.546213], [-0.339458, 51.546193], [-0.340677, 51.545965], [-0.340802, 51.545945], [-0.341064, 51.545918], [-0.341245, 51.545923], [-0.341175, 51.546073]]]}, "properties": {"OBJECTID": 404, "Type": null, "First_map": null, "Last_map": null, "First_Year": null, "Last_Year": null, "London1stSeries": 1, "London1srRevision": 1}}, {"type": "Feature", "id": 422, "geometry": {"type": "Polygon", "coordinates": [[[-0.323296, 51.541943], [-0.323027, 51.541902], [-0.322823, 51.541883], [-0.32259, 51.541877], [-0.322416, 51.541883], [-0.322088, 51.541917], [-0.321802, 51.541966], [-0.321519, 51.542048], [-0.32133, 51.542127], [-0.32117, 51.542213], [-0.320646, 51.542596], [-0.320332, 51.542836], [-0.320062, 51.543005], [-0.319897, 51.543088], [-0.319696, 51.543172], [-0.319429, 51.543263], [-0.319179, 51.543331], [-0.317086, 51.54376], [-0.316098, 51.54397], [-0.315762, 51.54403], [-0.315686, 51.544054], [-0.315518, 51.544088], [-0.315465, 51.544123], [-0.315371, 51.544208], [-0.315309, 51.544232], [-0.315255, 51.544223], [-0.315205, 51.544177], [-0.315145, 51.544179], [-0.315016, 51.544211], [-0.314896, 51.544228], [-0.313819, 51.544452], [-0.31327, 51.544575], [-0.312318, 51.54475], [-0.312071, 51.544772], [-0.311631, 51.544779], [-0.311265, 51.544769], [-0.311026, 51.544751], [-0.310895, 51.544733], [-0.310731, 51.544701], [-0.310383, 51.544605], [-0.31011, 51.544508], [-0.309959, 51.544439], [-0.309712, 51.544298], [-0.309538, 51.544172], [-0.309449, 51.544089], [-0.309182, 51.543802], [-0.309036, 51.543653], [-0.30888, 51.54353], [-0.308718, 51.543384], [-0.308358, 51.543037], [-0.308341, 51.543045], [-0.307548, 51.542301], [-0.306398, 51.541182], [-0.306342, 51.54111], [-0.305128, 51.540201], [-0.304741, 51.539925], [-0.304743, 51.53988], [-0.304814, 51.539853], [-0.304944, 51.539915], [-0.305231, 51.539987], [-0.305741, 51.54033], [-0.305809, 51.540481], [-0.306045, 51.540643], [-0.306457, 51.540961], [-0.306738, 51.541247], [-0.307052, 51.541518], [-0.307537, 51.541985], [-0.309816, 51.544111], [-0.310001, 51.544232], [-0.310168, 51.544324], [-0.310289, 51.544379], [-0.310551, 51.544479], [-0.310795, 51.544539], [-0.31115, 51.544591], [-0.311423, 51.544613], [-0.311844, 51.544615], [-0.312153, 51.544595], [-0.312479, 51.544546], [-0.31286, 51.544473], [-0.315783, 51.543861], [-0.319106, 51.543177], [-0.319332, 51.543106], [-0.319579, 51.543012], [-0.319898, 51.542862], [-0.320117, 51.542727], [-0.320954, 51.542121], [-0.32112, 51.542026], [-0.32133, 51.541935], [-0.321489, 51.541885], [-0.321666, 51.541842], [-0.321961, 51.541786], [-0.322244, 51.541748], [-0.32265, 51.541726], [-0.322934, 51.541737], [-0.323277, 51.541777], [-0.323586, 51.541841], [-0.324469, 51.542139], [-0.324719, 51.542189], [-0.325245, 51.542254], [-0.325461, 51.542271], [-0.325476, 51.542312], [-0.325401, 51.542328], [-0.325396, 51.542329], [-0.325331, 51.54235], [-0.325291, 51.542373], [-0.325179, 51.542382], [-0.324819, 51.542367], [-0.324626, 51.542344], [-0.324378, 51.542292], [-0.323628, 51.542035], [-0.323296, 51.541943]]]}, "properties": {"OBJECTID": 405, "Type": null, "First_map": null, "Last_map": null, "First_Year": null, "Last_Year": null, "London1stSeries": 1, "London1srRevision": 1}}, {"type": "Feature", "id": 423, "geometry": {"type": "Polygon", "coordinates": [[[-0.281397, 51.539198], [-0.280059, 51.539974], [-0.280072, 51.54], [-0.280059, 51.540004], [-0.280047, 51.539981], [-0.279868, 51.540071], [-0.279705, 51.540127], [-0.279591, 51.540195], [-0.279571, 51.540223], [-0.279259, 51.54041], [-0.2792, 51.540437], [-0.279141, 51.540483], [-0.279129, 51.540512], [-0.278643, 51.54082], [-0.278607, 51.540868], [-0.278562, 51.540985], [-0.278515, 51.54106], [-0.278374, 51.541197], [-0.278192, 51.541322], [-0.277768, 51.541577], [-0.277646, 51.541479], [-0.277807, 51.541431], [-0.277894, 51.54139], [-0.278223, 51.541183], [-0.278359, 51.541052], [-0.278523, 51.540794], [-0.278613, 51.540721], [-0.279112, 51.540407], [-0.281223, 51.539159], [-0.281418, 51.539052], [-0.281721, 51.538909], [-0.282019, 51.5388], [-0.282044, 51.53881], [-0.282082, 51.538835], [-0.282098, 51.538861], [-0.281969, 51.538914], [-0.281974, 51.53892], [-0.281512, 51.53913], [-0.281397, 51.539198]]]}, "properties": {"OBJECTID": 406, "Type": null, "First_map": null, "Last_map": null, "First_Year": null, "Last_Year": null, "London1stSeries": 1, "London1srRevision": 1}}, {"type": "Feature", "id": 424, "geometry": {"type": "Polygon", "coordinates": [[[-0.365864, 51.539995], [-0.365864, 51.540064], [-0.365783, 51.540412], [-0.365686, 51.540657], [-0.365623, 51.540774], [-0.365536, 51.540902], [-0.365403, 51.541065], [-0.365279, 51.541196], [-0.365176, 51.541293], [-0.365037, 51.541403], [-0.364608, 51.541692], [-0.363943, 51.542048], [-0.363106, 51.542587], [-0.362879, 51.54275], [-0.362693, 51.542914], [-0.362622, 51.54299], [-0.362382, 51.543286], [-0.362209, 51.543528], [-0.361788, 51.544028], [-0.361636, 51.544168], [-0.361519, 51.544255], [-0.361398, 51.544328], [-0.361259, 51.544398], [-0.361042, 51.544489], [-0.360759, 51.544586], [-0.360485, 51.544653], [-0.360158, 51.544722], [-0.359909, 51.544764], [-0.359685, 51.544781], [-0.359481, 51.54481], [-0.35943, 51.544838], [-0.35934, 51.544852], [-0.35713, 51.545159], [-0.356805, 51.545173], [-0.35648, 51.545087], [-0.359191, 51.544697], [-0.35983, 51.544601], [-0.36007, 51.544559], [-0.360413, 51.54448], [-0.360708, 51.5444], [-0.361073, 51.544274], [-0.361238, 51.544198], [-0.361456, 51.544059], [-0.361624, 51.543913], [-0.362391, 51.542973], [-0.362578, 51.542773], [-0.362719, 51.54265], [-0.362937, 51.542498], [-0.363584, 51.542105], [-0.363772, 51.542002], [-0.364055, 51.541877], [-0.364328, 51.541668], [-0.364795, 51.541349], [-0.365005, 51.541183], [-0.365099, 51.541096], [-0.365258, 51.540922], [-0.365429, 51.540673], [-0.365486, 51.54054], [-0.36555, 51.540341], [-0.365624, 51.539965], [-0.365864, 51.539995]]]}, "properties": {"OBJECTID": 407, "Type": null, "First_map": null, "Last_map": null, "First_Year": null, "Last_Year": null, "London1stSeries": 1, "London1srRevision": 1}}, {"type": "Feature", "id": 425, "geometry": {"type": "Polygon", "coordinates": [[[-0.354399, 51.545787], [-0.354301, 51.545709], [-0.354289, 51.545713], [-0.35423, 51.545654], [-0.354123, 51.545594], [-0.353659, 51.545664], [-0.353661, 51.545687], [-0.353634, 51.54569], [-0.353604, 51.54567], [-0.353479, 51.545686], [-0.353408, 51.545684], [-0.353353, 51.545704], [-0.353303, 51.5457], [-0.353175, 51.545734], [-0.352843, 51.54578], [-0.352755, 51.545778], [-0.352708, 51.545802], [-0.352649, 51.545813], [-0.352593, 51.545811], [-0.352073, 51.545894], [-0.352001, 51.545887], [-0.351932, 51.545915], [-0.351802, 51.545948], [-0.351708, 51.545955], [-0.351665, 51.545951], [-0.351639, 51.545963], [-0.351585, 51.54597], [-0.351528, 51.545963], [-0.351503, 51.545983], [-0.351375, 51.545991], [-0.351372, 51.546031], [-0.351341, 51.546036], [-0.351307, 51.546003], [-0.351134, 51.546035], [-0.35092, 51.546049], [-0.350824, 51.546082], [-0.350804, 51.546068], [-0.350768, 51.546081], [-0.350147, 51.546169], [-0.350067, 51.546165], [-0.34915, 51.546297], [-0.349145, 51.54631], [-0.349119, 51.546326], [-0.348996, 51.546329], [-0.348899, 51.546189], [-0.348991, 51.546154], [-0.349173, 51.546126], [-0.350292, 51.545966], [-0.350921, 51.545888], [-0.353719, 51.545489], [-0.355987, 51.545157], [-0.356354, 51.54525], [-0.356159, 51.545279], [-0.356153, 51.545291], [-0.355844, 51.545332], [-0.355124, 51.545446], [-0.355088, 51.545458], [-0.355039, 51.545498], [-0.355006, 51.545512], [-0.354842, 51.545492], [-0.35421, 51.545576], [-0.354251, 51.545643], [-0.354372, 51.545748], [-0.354399, 51.545787]]]}, "properties": {"OBJECTID": 408, "Type": null, "First_map": null, "Last_map": null, "First_Year": null, "Last_Year": null, "London1stSeries": 1, "London1srRevision": 1}}, {"type": "Feature", "id": 426, "geometry": {"type": "Polygon", "coordinates": [[[-0.344349, 51.547942], [-0.344356, 51.547898], [-0.344487, 51.547888], [-0.345042, 51.547752], [-0.345159, 51.547717], [-0.345256, 51.54767], [-0.345342, 51.547611], [-0.345444, 51.547523], [-0.345816, 51.547166], [-0.346118, 51.546926], [-0.346403, 51.546751], [-0.346735, 51.546598], [-0.347054, 51.546485], [-0.347401, 51.546393], [-0.347806, 51.546321], [-0.348616, 51.546207], [-0.348741, 51.546214], [-0.348814, 51.546318], [-0.348634, 51.546367], [-0.348073, 51.546445], [-0.348058, 51.546455], [-0.347994, 51.546464], [-0.347978, 51.546459], [-0.347642, 51.54651], [-0.34737, 51.546562], [-0.347207, 51.546609], [-0.347039, 51.546668], [-0.346583, 51.546866], [-0.346326, 51.54702], [-0.346053, 51.547226], [-0.345877, 51.547375], [-0.34554, 51.547722], [-0.345472, 51.54778], [-0.345346, 51.547871], [-0.345109, 51.548016], [-0.344494, 51.547941], [-0.344349, 51.547942]]]}, "properties": {"OBJECTID": 409, "Type": null, "First_map": null, "Last_map": null, "First_Year": null, "Last_Year": null, "London1stSeries": 1, "London1srRevision": 1}}, {"type": "Feature", "id": 427, "geometry": {"type": "Polygon", "coordinates": [[[-0.341507, 51.545947], [-0.341647, 51.545967], [-0.341853, 51.546023], [-0.342178, 51.546145], [-0.3423, 51.546207], [-0.342457, 51.546302], [-0.342599, 51.546398], [-0.342699, 51.546488], [-0.342845, 51.546657], [-0.342919, 51.546766], [-0.342952, 51.546834], [-0.343031, 51.54704], [-0.343121, 51.547482], [-0.343196, 51.547637], [-0.343235, 51.54769], [-0.343262, 51.547711], [-0.343375, 51.54778], [-0.343518, 51.547828], [-0.343631, 51.547843], [-0.344177, 51.547889], [-0.344165, 51.547966], [-0.344002, 51.548004], [-0.343619, 51.548006], [-0.343445, 51.547994], [-0.343275, 51.547967], [-0.343213, 51.547948], [-0.343083, 51.547887], [-0.342977, 51.547821], [-0.34292, 51.547773], [-0.342842, 51.547628], [-0.342773, 51.547074], [-0.342708, 51.546886], [-0.342621, 51.546743], [-0.342537, 51.546644], [-0.342416, 51.546528], [-0.342326, 51.546454], [-0.342219, 51.546386], [-0.342043, 51.546298], [-0.341864, 51.546224], [-0.341579, 51.546147], [-0.341442, 51.546092], [-0.341507, 51.545947]]]}, "properties": {"OBJECTID": 410, "Type": null, "First_map": null, "Last_map": null, "First_Year": null, "Last_Year": null, "London1stSeries": 1, "London1srRevision": 1}}, {"type": "Feature", "id": 428, "geometry": {"type": "Polygon", "coordinates": [[[-0.30048, 51.539236], [-0.300866, 51.539215], [-0.302064, 51.539219], [-0.302066, 51.539202], [-0.302957, 51.539204], [-0.303627, 51.539303], [-0.303928, 51.539385], [-0.304311, 51.539522], [-0.304379, 51.539552], [-0.304542, 51.539644], [-0.304551, 51.539678], [-0.304704, 51.539785], [-0.304638, 51.53981], [-0.304604, 51.539796], [-0.304475, 51.53971], [-0.304323, 51.53972], [-0.303782, 51.539521], [-0.303341, 51.539434], [-0.302957, 51.539423], [-0.302916, 51.539435], [-0.302861, 51.539433], [-0.302822, 51.539421], [-0.30225, 51.539408], [-0.302227, 51.539393], [-0.30111, 51.539372], [-0.300715, 51.539354], [-0.300542, 51.539327], [-0.30048, 51.539236]]]}, "properties": {"OBJECTID": 411, "Type": null, "First_map": null, "Last_map": null, "First_Year": null, "Last_Year": null, "London1stSeries": 1, "London1srRevision": 1}}, {"type": "Feature", "id": 429, "geometry": {"type": "Polygon", "coordinates": [[[-0.300158, 51.539325], [-0.300104, 51.539351], [-0.298638, 51.539312], [-0.297936, 51.539274], [-0.297249, 51.539205], [-0.296897, 51.539137], [-0.29672, 51.538952], [-0.297696, 51.53911], [-0.298262, 51.539164], [-0.298472, 51.539179], [-0.300092, 51.539223], [-0.300158, 51.539325]]]}, "properties": {"OBJECTID": 412, "Type": null, "First_map": null, "Last_map": null, "First_Year": null, "Last_Year": null, "London1stSeries": 1, "London1srRevision": 1}}, {"type": "Feature", "id": 430, "geometry": {"type": "Polygon", "coordinates": [[[-0.366247, 51.501029], [-0.366319, 51.501004], [-0.367222, 51.503842], [-0.367362, 51.504047], [-0.367587, 51.504199], [-0.367927, 51.504302], [-0.370041, 51.504601], [-0.370023, 51.504647], [-0.369275, 51.50454], [-0.369165, 51.504568], [-0.369179, 51.504529], [-0.368321, 51.504408], [-0.368305, 51.504448], [-0.36741, 51.50432], [-0.367272, 51.504234], [-0.366692, 51.502399], [-0.366676, 51.502392], [-0.366584, 51.502404], [-0.366413, 51.501865], [-0.36652, 51.501852], [-0.366247, 51.501029]]]}, "properties": {"OBJECTID": 413, "Type": null, "First_map": null, "Last_map": null, "First_Year": null, "Last_Year": null, "London1stSeries": 1, "London1srRevision": 1}}, {"type": "Feature", "id": 431, "geometry": {"type": "Polygon", "coordinates": [[[-0.392676, 51.507912], [-0.392749, 51.507743], [-0.392847, 51.507577], [-0.393017, 51.507334], [-0.39315, 51.507197], [-0.39335, 51.507024], [-0.393555, 51.506874], [-0.393754, 51.506761], [-0.393965, 51.506666], [-0.394848, 51.506303], [-0.395317, 51.506122], [-0.395343, 51.506104], [-0.395481, 51.506062], [-0.395712, 51.50591], [-0.39581, 51.50587], [-0.396232, 51.505789], [-0.396445, 51.505685], [-0.397041, 51.505458], [-0.398835, 51.504751], [-0.398847, 51.504756], [-0.398882, 51.504743], [-0.398879, 51.504735], [-0.398981, 51.504694], [-0.400184, 51.504224], [-0.400489, 51.504128], [-0.401461, 51.503906], [-0.401778, 51.503826], [-0.401797, 51.503798], [-0.401913, 51.503773], [-0.40195, 51.503782], [-0.402111, 51.503748], [-0.402555, 51.503614], [-0.402781, 51.503534], [-0.40302, 51.503413], [-0.403192, 51.503317], [-0.403569, 51.503077], [-0.403782, 51.503064], [-0.403786, 51.503085], [-0.403645, 51.503231], [-0.403446, 51.503366], [-0.403235, 51.503491], [-0.403015, 51.503596], [-0.4028, 51.503687], [-0.402538, 51.503782], [-0.402246, 51.503869], [-0.401724, 51.503996], [-0.400627, 51.504247], [-0.400296, 51.504355], [-0.399882, 51.504508], [-0.394545, 51.5066], [-0.394509, 51.506616], [-0.394517, 51.506653], [-0.394468, 51.50671], [-0.394568, 51.506814], [-0.394545, 51.506823], [-0.394433, 51.506715], [-0.394369, 51.506709], [-0.394326, 51.506694], [-0.39392, 51.506862], [-0.393641, 51.507026], [-0.393324, 51.507294], [-0.393221, 51.507413], [-0.393079, 51.507624], [-0.392936, 51.507916], [-0.392676, 51.507912]]]}, "properties": {"OBJECTID": 414, "Type": null, "First_map": null, "Last_map": null, "First_Year": null, "Last_Year": null, "London1stSeries": 1, "London1srRevision": 1}}, {"type": "Feature", "id": 432, "geometry": {"type": "Polygon", "coordinates": [[[-0.392936, 51.507916], [-0.390728, 51.512888], [-0.390523, 51.513119], [-0.3904, 51.513104], [-0.392676, 51.507912], [-0.392936, 51.507916]]]}, "properties": {"OBJECTID": 415, "Type": null, "First_map": null, "Last_map": null, "First_Year": null, "Last_Year": null, "London1stSeries": 1, "London1srRevision": 1}}, {"type": "Feature", "id": 433, "geometry": {"type": "Polygon", "coordinates": [[[-0.383521, 51.517461], [-0.38347, 51.517494], [-0.383461, 51.517514], [-0.383294, 51.517712], [-0.382248, 51.518559], [-0.382072, 51.518712], [-0.381335, 51.519579], [-0.380503, 51.520425], [-0.380483, 51.52047], [-0.380401, 51.520555], [-0.379931, 51.521042], [-0.379956, 51.52109], [-0.380013, 51.521109], [-0.380269, 51.520988], [-0.380296, 51.520808], [-0.380367, 51.520766], [-0.380324, 51.521035], [-0.380337, 51.521036], [-0.38038, 51.520758], [-0.38041, 51.520741], [-0.380502, 51.520734], [-0.380468, 51.521041], [-0.38048, 51.521041], [-0.380515, 51.520734], [-0.3806, 51.520727], [-0.380592, 51.520796], [-0.380605, 51.520797], [-0.380611, 51.520726], [-0.380712, 51.520719], [-0.380706, 51.520788], [-0.380719, 51.520788], [-0.380724, 51.520718], [-0.380823, 51.520711], [-0.380817, 51.520777], [-0.380829, 51.520777], [-0.380837, 51.520709], [-0.380858, 51.520708], [-0.380957, 51.520809], [-0.381125, 51.521049], [-0.380983, 51.521014], [-0.380978, 51.521021], [-0.38109, 51.521053], [-0.380996, 51.521065], [-0.38084, 51.52102], [-0.380837, 51.521025], [-0.380975, 51.521065], [-0.380911, 51.521073], [-0.38092, 51.521119], [-0.380696, 51.521144], [-0.380708, 51.521332], [-0.380872, 51.521368], [-0.380946, 51.52142], [-0.381087, 51.521454], [-0.381167, 51.5214], [-0.381413, 51.521424], [-0.381503, 51.521504], [-0.381514, 51.52154], [-0.381414, 51.521501], [-0.381407, 51.521509], [-0.381518, 51.521551], [-0.381529, 51.52158], [-0.381502, 51.521607], [-0.381404, 51.521571], [-0.381397, 51.521578], [-0.381497, 51.521614], [-0.381447, 51.521657], [-0.381354, 51.521623], [-0.381348, 51.52163], [-0.381436, 51.521663], [-0.381379, 51.521691], [-0.381386, 51.521697], [-0.381471, 51.521655], [-0.381588, 51.521682], [-0.381509, 51.521722], [-0.381518, 51.521728], [-0.381602, 51.521685], [-0.381716, 51.521712], [-0.381638, 51.521752], [-0.381647, 51.521759], [-0.38173, 51.521715], [-0.381824, 51.521737], [-0.381743, 51.521776], [-0.381751, 51.521782], [-0.381849, 51.521734], [-0.381478, 51.521648], [-0.38154, 51.521581], [-0.381515, 51.521504], [-0.381615, 51.52151], [-0.381638, 51.521574], [-0.381651, 51.521572], [-0.381629, 51.52151], [-0.381663, 51.521509], [-0.38172, 51.521533], [-0.381749, 51.521605], [-0.381762, 51.521603], [-0.381734, 51.521536], [-0.381818, 51.52157], [-0.381848, 51.52164], [-0.38186, 51.521638], [-0.381834, 51.521575], [-0.381917, 51.521605], [-0.381945, 51.521676], [-0.381958, 51.521674], [-0.381932, 51.521611], [-0.382031, 51.521646], [-0.382067, 51.521742], [-0.381964, 51.521983], [-0.381891, 51.522012], [-0.38186, 51.522011], [-0.381845, 51.521923], [-0.381833, 51.521924], [-0.381847, 51.52201], [-0.381749, 51.522008], [-0.381737, 51.521919], [-0.381724, 51.521919], [-0.381735, 51.522004], [-0.381695, 51.521988], [-0.381662, 51.521963], [-0.381635, 51.521895], [-0.381622, 51.521897], [-0.381649, 51.52196], [-0.381547, 51.521936], [-0.381514, 51.521867], [-0.381501, 51.52187], [-0.381529, 51.521931], [-0.381436, 51.521909], [-0.381411, 51.52184], [-0.381398, 51.521842], [-0.381423, 51.521906], [-0.381344, 51.521888], [-0.381321, 51.521867], [-0.381283, 51.521783], [-0.38127, 51.521785], [-0.3813, 51.521848], [-0.381211, 51.52184], [-0.381183, 51.521773], [-0.38117, 51.521775], [-0.381198, 51.521839], [-0.38111, 51.521832], [-0.381016, 51.521606], [-0.381113, 51.521544], [-0.381092, 51.521492], [-0.380982, 51.521466], [-0.380808, 51.521715], [-0.38065, 51.521671], [-0.380636, 51.521658], [-0.380507, 51.521628], [-0.380472, 51.521629], [-0.380424, 51.52166], [-0.380396, 51.521729], [-0.380357, 51.521774], [-0.380339, 51.521785], [-0.380301, 51.521789], [-0.379936, 51.521687], [-0.379905, 51.521671], [-0.37988, 51.521645], [-0.379824, 51.521488], [-0.379833, 51.521432], [-0.379857, 51.521375], [-0.379904, 51.52132], [-0.379909, 51.521296], [-0.379915, 51.5213], [-0.379937, 51.521285], [-0.37998, 51.521215], [-0.379985, 51.521145], [-0.379926, 51.521127], [-0.379804, 51.521152], [-0.379633, 51.521359], [-0.379206, 51.521854], [-0.378865, 51.52228], [-0.378042, 51.523369], [-0.3778, 51.523674], [-0.377549, 51.523967], [-0.377354, 51.524178], [-0.376641, 51.524831], [-0.376465, 51.525017], [-0.376375, 51.525139], [-0.376341, 51.525206], [-0.376263, 51.525386], [-0.376232, 51.525498], [-0.376237, 51.525659], [-0.376264, 51.525894], [-0.376525, 51.526835], [-0.376567, 51.527056], [-0.376573, 51.5273], [-0.376549, 51.527902], [-0.376466, 51.528994], [-0.376416, 51.52924], [-0.376319, 51.52947], [-0.376372, 51.529513], [-0.376395, 51.529565], [-0.376479, 51.529578], [-0.37647, 51.529524], [-0.376431, 51.529473], [-0.376496, 51.529264], [-0.377424, 51.52938], [-0.377268, 51.529869], [-0.376424, 51.529764], [-0.376466, 51.529625], [-0.376382, 51.529613], [-0.376318, 51.529662], [-0.376222, 51.529684], [-0.375638, 51.531037], [-0.375667, 51.531061], [-0.375484, 51.531484], [-0.375448, 51.531492], [-0.375429, 51.531542], [-0.375453, 51.53156], [-0.375453, 51.531573], [-0.375431, 51.531631], [-0.375347, 51.531822], [-0.37534, 51.53182], [-0.375277, 51.531906], [-0.375203, 51.532107], [-0.374979, 51.532613], [-0.374817, 51.532738], [-0.374729, 51.532732], [-0.374928, 51.532232], [-0.375002, 51.532027], [-0.374997, 51.531997], [-0.37558, 51.530653], [-0.375606, 51.530633], [-0.376096, 51.529495], [-0.376197, 51.529229], [-0.376235, 51.52908], [-0.376299, 51.528122], [-0.37633, 51.527311], [-0.37627, 51.526861], [-0.376063, 51.525958], [-0.376012, 51.525625], [-0.376029, 51.525412], [-0.376061, 51.525304], [-0.376128, 51.525161], [-0.376283, 51.524937], [-0.376402, 51.524802], [-0.3769, 51.52434], [-0.377036, 51.524225], [-0.377266, 51.523978], [-0.37764, 51.523533], [-0.378169, 51.522838], [-0.379333, 51.521386], [-0.379894, 51.520743], [-0.381169, 51.519516], [-0.381808, 51.518698], [-0.381945, 51.518555], [-0.382149, 51.51838], [-0.383097, 51.51763], [-0.383382, 51.517486], [-0.383442, 51.517437], [-0.383557, 51.517261], [-0.383781, 51.517057], [-0.384221, 51.516701], [-0.384582, 51.516471], [-0.384901, 51.516306], [-0.385115, 51.516212], [-0.388373, 51.514911], [-0.388771, 51.514732], [-0.388985, 51.514618], [-0.38922, 51.514469], [-0.389342, 51.514378], [-0.389555, 51.514199], [-0.389772, 51.513996], [-0.389903, 51.513857], [-0.39003, 51.513701], [-0.39032, 51.513292], [-0.390446, 51.51331], [-0.390489, 51.513406], [-0.390357, 51.51359], [-0.390363, 51.513622], [-0.390058, 51.514039], [-0.389742, 51.514365], [-0.38929, 51.514695], [-0.388731, 51.514956], [-0.385553, 51.51621], [-0.385389, 51.516262], [-0.385011, 51.516429], [-0.384844, 51.516529], [-0.38435, 51.516849], [-0.383707, 51.517339], [-0.383521, 51.517461]]]}, "properties": {"OBJECTID": 416, "Type": null, "First_map": null, "Last_map": null, "First_Year": null, "Last_Year": null, "London1stSeries": 1, "London1srRevision": 1}}, {"type": "Feature", "id": 434, "geometry": {"type": "Polygon", "coordinates": [[[-0.371482, 51.534665], [-0.371455, 51.53468], [-0.371482, 51.534559], [-0.371681, 51.53446], [-0.371936, 51.534315], [-0.37389, 51.533363], [-0.374189, 51.533179], [-0.374586, 51.532889], [-0.374696, 51.532897], [-0.374692, 51.532904], [-0.374647, 51.533004], [-0.374542, 51.533139], [-0.374448, 51.533214], [-0.374225, 51.533348], [-0.374241, 51.533365], [-0.37423, 51.533373], [-0.374203, 51.533361], [-0.373688, 51.533626], [-0.371783, 51.534524], [-0.371747, 51.534525], [-0.371695, 51.534549], [-0.371663, 51.534597], [-0.371642, 51.534593], [-0.371653, 51.534571], [-0.371482, 51.534665]]]}, "properties": {"OBJECTID": 417, "Type": null, "First_map": null, "Last_map": null, "First_Year": null, "Last_Year": null, "London1stSeries": 1, "London1srRevision": 1}}, {"type": "Feature", "id": 435, "geometry": {"type": "Polygon", "coordinates": [[[-0.37124, 51.534681], [-0.371211, 51.534811], [-0.37117, 51.534858], [-0.369349, 51.535787], [-0.369007, 51.535908], [-0.368595, 51.535996], [-0.368432, 51.536011], [-0.3681, 51.536012], [-0.366779, 51.535974], [-0.3666, 51.535974], [-0.366426, 51.535989], [-0.366261, 51.536025], [-0.366068, 51.5361], [-0.365878, 51.536206], [-0.365733, 51.536318], [-0.365618, 51.536444], [-0.365358, 51.536801], [-0.365245, 51.536974], [-0.365156, 51.537159], [-0.365132, 51.537293], [-0.365152, 51.537466], [-0.365228, 51.53763], [-0.365369, 51.537806], [-0.365659, 51.538118], [-0.365669, 51.538143], [-0.365781, 51.538282], [-0.365795, 51.538291], [-0.36588, 51.538309], [-0.366024, 51.538451], [-0.366081, 51.538555], [-0.366126, 51.53869], [-0.366141, 51.53878], [-0.366125, 51.538984], [-0.365952, 51.539659], [-0.365927, 51.539695], [-0.36567, 51.539664], [-0.365772, 51.539251], [-0.365859, 51.538837], [-0.365864, 51.53874], [-0.365845, 51.538651], [-0.365778, 51.538497], [-0.365667, 51.538343], [-0.365181, 51.537913], [-0.365022, 51.537729], [-0.364967, 51.537643], [-0.364922, 51.537534], [-0.364902, 51.537461], [-0.364879, 51.537267], [-0.364884, 51.537212], [-0.364927, 51.537076], [-0.365035, 51.536881], [-0.365408, 51.536355], [-0.365501, 51.536244], [-0.365618, 51.536128], [-0.365756, 51.536031], [-0.365875, 51.535972], [-0.365976, 51.535932], [-0.3662, 51.535871], [-0.366428, 51.535833], [-0.366625, 51.535819], [-0.367041, 51.535818], [-0.367461, 51.535828], [-0.368029, 51.535859], [-0.368309, 51.535857], [-0.368466, 51.535846], [-0.368646, 51.535823], [-0.368948, 51.53576], [-0.369172, 51.535685], [-0.369479, 51.535551], [-0.37124, 51.534681]]]}, "properties": {"OBJECTID": 418, "Type": null, "First_map": null, "Last_map": null, "First_Year": null, "Last_Year": null, "London1stSeries": 1, "London1srRevision": 1}}, {"type": "Feature", "id": 436, "geometry": {"type": "Polygon", "coordinates": [[[-0.249776, 51.528949], [-0.249697, 51.529016], [-0.249598, 51.528987], [-0.249528, 51.528953], [-0.249436, 51.528868], [-0.249266, 51.528781], [-0.24932, 51.528738], [-0.249479, 51.528822], [-0.249641, 51.528863], [-0.249776, 51.528949]]]}, "properties": {"OBJECTID": 419, "Type": null, "First_map": null, "Last_map": null, "First_Year": null, "Last_Year": null, "London1stSeries": 1, "London1srRevision": 1}}, {"type": "Feature", "id": 437, "geometry": {"type": "Polygon", "coordinates": [[[-0.254781, 51.532825], [-0.25461, 51.532773], [-0.254379, 51.532691], [-0.254042, 51.532519], [-0.253572, 51.532228], [-0.253198, 51.531946], [-0.252336, 51.531223], [-0.251623, 51.530488], [-0.251395, 51.530276], [-0.251027, 51.529961], [-0.250736, 51.529734], [-0.25071, 51.529725], [-0.249862, 51.529163], [-0.24988, 51.529133], [-0.249863, 51.52911], [-0.249944, 51.52904], [-0.250124, 51.529141], [-0.250173, 51.529185], [-0.250436, 51.529336], [-0.250481, 51.529351], [-0.250656, 51.529462], [-0.25106, 51.529765], [-0.251432, 51.530069], [-0.252607, 51.531198], [-0.253139, 51.531657], [-0.253393, 51.531852], [-0.253806, 51.532159], [-0.254067, 51.532334], [-0.254541, 51.532584], [-0.254837, 51.532692], [-0.254781, 51.532825]]]}, "properties": {"OBJECTID": 420, "Type": null, "First_map": null, "Last_map": null, "First_Year": null, "Last_Year": null, "London1stSeries": 1, "London1srRevision": 1}}, {"type": "Feature", "id": 438, "geometry": {"type": "Polygon", "coordinates": [[[-0.254905, 51.532716], [-0.255129, 51.532792], [-0.255274, 51.532831], [-0.255297, 51.53292], [-0.255149, 51.532913], [-0.25485, 51.532845], [-0.254905, 51.532716]]]}, "properties": {"OBJECTID": 421, "Type": null, "First_map": null, "Last_map": null, "First_Year": null, "Last_Year": null, "London1stSeries": 1, "London1srRevision": 1}}, {"type": "Feature", "id": 439, "geometry": {"type": "Polygon", "coordinates": [[[-0.255408, 51.53287], [-0.255541, 51.532905], [-0.255577, 51.53304], [-0.255514, 51.532999], [-0.255433, 51.53296], [-0.255408, 51.53287]]]}, "properties": {"OBJECTID": 422, "Type": null, "First_map": null, "Last_map": null, "First_Year": null, "Last_Year": null, "London1stSeries": 1, "London1srRevision": 1}}, {"type": "Feature", "id": 440, "geometry": {"type": "Polygon", "coordinates": [[[-0.255734, 51.532953], [-0.260129, 51.534097], [-0.260412, 51.534186], [-0.260294, 51.534257], [-0.260241, 51.534247], [-0.25865, 51.533832], [-0.258627, 51.533863], [-0.256883, 51.53341], [-0.255787, 51.533136], [-0.255734, 51.532953]]]}, "properties": {"OBJECTID": 423, "Type": null, "First_map": null, "Last_map": null, "First_Year": null, "Last_Year": null, "London1stSeries": 1, "London1srRevision": 1}}, {"type": "Feature", "id": 441, "geometry": {"type": "Polygon", "coordinates": [[[-0.271214, 51.535867], [-0.269278, 51.53602], [-0.269206, 51.536037], [-0.268518, 51.536077], [-0.268464, 51.536064], [-0.268132, 51.536066], [-0.268133, 51.536062], [-0.2672, 51.536004], [-0.266014, 51.535834], [-0.264851, 51.535515], [-0.264751, 51.5355], [-0.264045, 51.535325], [-0.263979, 51.535334], [-0.263892, 51.535369], [-0.263434, 51.535592], [-0.263361, 51.535572], [-0.263675, 51.535413], [-0.263699, 51.53536], [-0.263693, 51.535315], [-0.263649, 51.535239], [-0.26353, 51.535175], [-0.260516, 51.534317], [-0.260635, 51.534245], [-0.26428, 51.535201], [-0.265996, 51.535643], [-0.26626, 51.535703], [-0.266681, 51.535776], [-0.267122, 51.535826], [-0.267633, 51.535873], [-0.267998, 51.535892], [-0.2686, 51.535896], [-0.268826, 51.535893], [-0.269106, 51.535877], [-0.27122, 51.535709], [-0.271214, 51.535867]]]}, "properties": {"OBJECTID": 424, "Type": null, "First_map": null, "Last_map": null, "First_Year": null, "Last_Year": null, "London1stSeries": 1, "London1srRevision": 1}}, {"type": "Feature", "id": 442, "geometry": {"type": "Polygon", "coordinates": [[[-0.284071, 51.540329], [-0.28358, 51.539954], [-0.282856, 51.53932], [-0.2828, 51.539291], [-0.282433, 51.538982], [-0.28227, 51.538788], [-0.282109, 51.538654], [-0.282029, 51.538574], [-0.281853, 51.538438], [-0.281241, 51.537914], [-0.280873, 51.53762], [-0.279177, 51.536201], [-0.278407, 51.535605], [-0.278135, 51.535431], [-0.277945, 51.535339], [-0.27777, 51.535282], [-0.277587, 51.535244], [-0.277356, 51.53522], [-0.277249, 51.53522], [-0.276996, 51.535239], [-0.275456, 51.535417], [-0.275172, 51.535416], [-0.275164, 51.53533], [-0.27534, 51.535282], [-0.275718, 51.535226], [-0.276526, 51.535128], [-0.277322, 51.535058], [-0.277546, 51.535069], [-0.277835, 51.535123], [-0.278032, 51.535183], [-0.278276, 51.535292], [-0.278439, 51.535395], [-0.27891, 51.535756], [-0.279302, 51.536071], [-0.281583, 51.53798], [-0.283719, 51.539786], [-0.284168, 51.540153], [-0.284374, 51.540286], [-0.28459, 51.540391], [-0.284777, 51.54046], [-0.284926, 51.540498], [-0.285211, 51.540531], [-0.286243, 51.540567], [-0.286709, 51.540579], [-0.287416, 51.540579], [-0.287879, 51.540546], [-0.288091, 51.540516], [-0.288355, 51.540466], [-0.288674, 51.540378], [-0.289049, 51.540248], [-0.292717, 51.538711], [-0.293001, 51.538607], [-0.293275, 51.538526], [-0.29346, 51.538485], [-0.293711, 51.538449], [-0.294036, 51.538431], [-0.294284, 51.538434], [-0.294385, 51.538446], [-0.295004, 51.538561], [-0.296431, 51.53889], [-0.296617, 51.539083], [-0.296362, 51.53903], [-0.296264, 51.539062], [-0.295855, 51.538965], [-0.295736, 51.53892], [-0.2956, 51.538884], [-0.295079, 51.538761], [-0.294623, 51.538668], [-0.294278, 51.538609], [-0.294104, 51.53859], [-0.293933, 51.538586], [-0.293768, 51.5386], [-0.293546, 51.538633], [-0.293264, 51.538704], [-0.29286, 51.538836], [-0.292627, 51.538932], [-0.292606, 51.538912], [-0.2925, 51.538951], [-0.291696, 51.539304], [-0.290985, 51.539602], [-0.290868, 51.539661], [-0.290851, 51.539679], [-0.289695, 51.540166], [-0.289266, 51.540382], [-0.289131, 51.540379], [-0.288889, 51.540499], [-0.288809, 51.540528], [-0.28818, 51.540671], [-0.288181, 51.540676], [-0.287794, 51.540736], [-0.287774, 51.540729], [-0.287294, 51.54074], [-0.287223, 51.54075], [-0.287118, 51.540737], [-0.287026, 51.540755], [-0.286934, 51.540746], [-0.286865, 51.540753], [-0.286757, 51.540748], [-0.285372, 51.540757], [-0.285256, 51.540753], [-0.285162, 51.540733], [-0.285061, 51.540727], [-0.284855, 51.540676], [-0.284415, 51.540506], [-0.284329, 51.540458], [-0.284212, 51.540418], [-0.284071, 51.540329]]]}, "properties": {"OBJECTID": 425, "Type": null, "First_map": null, "Last_map": null, "First_Year": null, "Last_Year": null, "London1stSeries": 1, "London1srRevision": 1}}, {"type": "Feature", "id": 443, "geometry": {"type": "Polygon", "coordinates": [[[-0.271214, 51.535867], [-0.27122, 51.535709], [-0.274905, 51.535376], [-0.274913, 51.535434], [-0.274759, 51.535452], [-0.274701, 51.53552], [-0.274085, 51.535609], [-0.271214, 51.535867]]]}, "properties": {"OBJECTID": 426, "Type": null, "First_map": null, "Last_map": null, "First_Year": null, "Last_Year": null, "London1stSeries": 1, "London1srRevision": 1}}, {"type": "Feature", "id": 444, "geometry": {"type": "Polygon", "coordinates": [[[-0.28252, 51.538602], [-0.282503, 51.538574], [-0.282677, 51.538482], [-0.282679, 51.538457], [-0.282764, 51.538455], [-0.282997, 51.538358], [-0.283316, 51.538212], [-0.283333, 51.538182], [-0.283924, 51.537912], [-0.284002, 51.537978], [-0.282585, 51.538641], [-0.28252, 51.538602]]]}, "properties": {"OBJECTID": 427, "Type": null, "First_map": null, "Last_map": null, "First_Year": null, "Last_Year": null, "London1stSeries": 1, "London1srRevision": 1}}, {"type": "Feature", "id": 445, "geometry": {"type": "Polygon", "coordinates": [[[-0.361482, 51.502392], [-0.361853, 51.502254], [-0.362516, 51.502024], [-0.362953, 51.501896], [-0.362976, 51.501934], [-0.362673, 51.50211], [-0.360379, 51.502969], [-0.360211, 51.503021], [-0.359931, 51.503065], [-0.359933, 51.503071], [-0.359577, 51.503196], [-0.35945, 51.503245], [-0.359333, 51.503303], [-0.359189, 51.503403], [-0.358862, 51.503527], [-0.358124, 51.503766], [-0.356984, 51.504107], [-0.356418, 51.504246], [-0.356021, 51.504332], [-0.355821, 51.504367], [-0.355685, 51.504367], [-0.355491, 51.504413], [-0.355462, 51.504367], [-0.355661, 51.504288], [-0.355945, 51.504213], [-0.355963, 51.50417], [-0.356488, 51.504045], [-0.356555, 51.504055], [-0.356579, 51.504039], [-0.356628, 51.504029], [-0.3567, 51.504], [-0.35686, 51.503969], [-0.357107, 51.503888], [-0.357148, 51.503879], [-0.357261, 51.503871], [-0.357429, 51.503812], [-0.357449, 51.503778], [-0.357429, 51.503714], [-0.357587, 51.503665], [-0.357666, 51.503711], [-0.357728, 51.503711], [-0.35827, 51.503563], [-0.358378, 51.503515], [-0.359217, 51.50323], [-0.359431, 51.503197], [-0.359851, 51.50305], [-0.359843, 51.503047], [-0.359899, 51.503031], [-0.360073, 51.502912], [-0.361482, 51.502392]]]}, "properties": {"OBJECTID": 428, "Type": null, "First_map": null, "Last_map": null, "First_Year": null, "Last_Year": null, "London1stSeries": 1, "London1srRevision": 1}}, {"type": "Feature", "id": 446, "geometry": {"type": "Polygon", "coordinates": [[[-0.359353, 51.50307], [-0.359371, 51.503035], [-0.359387, 51.503025], [-0.359754, 51.502912], [-0.359827, 51.502993], [-0.359655, 51.503056], [-0.359617, 51.503051], [-0.359604, 51.503073], [-0.359479, 51.503115], [-0.359422, 51.503053], [-0.359402, 51.503047], [-0.359368, 51.503073], [-0.359353, 51.50307]]]}, "properties": {"OBJECTID": 429, "Type": null, "First_map": null, "Last_map": null, "First_Year": null, "Last_Year": null, "London1stSeries": 1, "London1srRevision": 1}}, {"type": "Feature", "id": 447, "geometry": {"type": "Polygon", "coordinates": [[[-0.193626, 51.522059], [-0.1938, 51.521972], [-0.193955, 51.521908], [-0.194102, 51.521854], [-0.194285, 51.5218], [-0.195279, 51.521558], [-0.195809, 51.521462], [-0.196184, 51.521423], [-0.196653, 51.52141], [-0.197124, 51.521417], [-0.197662, 51.521462], [-0.198365, 51.521613], [-0.198896, 51.521701], [-0.200815, 51.522397], [-0.201414, 51.522602], [-0.201443, 51.522727], [-0.201331, 51.522732], [-0.201093, 51.522643], [-0.200122, 51.522311], [-0.199368, 51.52204], [-0.199001, 51.521897], [-0.198704, 51.521799], [-0.198212, 51.521677], [-0.198073, 51.52165], [-0.197912, 51.521626], [-0.197393, 51.521579], [-0.19654, 51.521537], [-0.195968, 51.521575], [-0.195461, 51.521657], [-0.194777, 51.521827], [-0.19406, 51.522021], [-0.19367, 51.522112], [-0.193626, 51.522059]]]}, "properties": {"OBJECTID": 430, "Type": null, "First_map": null, "Last_map": null, "First_Year": null, "Last_Year": null, "London1stSeries": 1, "London1srRevision": 1}}, {"type": "Feature", "id": 448, "geometry": {"type": "Polygon", "coordinates": [[[-0.248073, 51.528346], [-0.247755, 51.52842], [-0.245543, 51.527885], [-0.245255, 51.527834], [-0.245108, 51.527819], [-0.244926, 51.527817], [-0.244263, 51.527868], [-0.24407, 51.527871], [-0.243922, 51.527863], [-0.243817, 51.527848], [-0.243607, 51.527796], [-0.243467, 51.527739], [-0.243341, 51.527671], [-0.243072, 51.527457], [-0.242968, 51.527388], [-0.242888, 51.527364], [-0.242576, 51.527079], [-0.242523, 51.527002], [-0.242189, 51.526649], [-0.242124, 51.526634], [-0.242049, 51.526562], [-0.24197, 51.526502], [-0.241932, 51.526488], [-0.241906, 51.526457], [-0.241696, 51.5263], [-0.241642, 51.526287], [-0.241325, 51.526139], [-0.241311, 51.526117], [-0.241232, 51.526074], [-0.241142, 51.526037], [-0.241026, 51.526023], [-0.241029, 51.526016], [-0.240553, 51.52599], [-0.239678, 51.526011], [-0.239306, 51.526049], [-0.239307, 51.526057], [-0.23796, 51.526161], [-0.237589, 51.526077], [-0.237586, 51.526052], [-0.237568, 51.526052], [-0.237567, 51.526071], [-0.237438, 51.526069], [-0.236428, 51.526112], [-0.23625, 51.526131], [-0.235915, 51.526149], [-0.235663, 51.526132], [-0.235487, 51.52611], [-0.235425, 51.526089], [-0.235363, 51.526084], [-0.23528, 51.525988], [-0.235502, 51.525965], [-0.240368, 51.525814], [-0.240783, 51.52582], [-0.240953, 51.525836], [-0.241171, 51.525869], [-0.241356, 51.525916], [-0.241552, 51.52599], [-0.241752, 51.526087], [-0.241943, 51.526206], [-0.242125, 51.526346], [-0.243421, 51.527483], [-0.243553, 51.527575], [-0.243656, 51.527628], [-0.243746, 51.527662], [-0.243925, 51.527707], [-0.244125, 51.527724], [-0.24495, 51.527668], [-0.24511, 51.527671], [-0.24537, 51.527698], [-0.246005, 51.527838], [-0.248073, 51.528346]]]}, "properties": {"OBJECTID": 433, "Type": null, "First_map": null, "Last_map": null, "First_Year": null, "Last_Year": null, "London1stSeries": 1, "London1srRevision": 1}}, {"type": "Feature", "id": 449, "geometry": {"type": "Polygon", "coordinates": [[[-0.235211, 51.526087], [-0.23515, 51.526111], [-0.234599, 51.526139], [-0.234571, 51.526124], [-0.234562, 51.526006], [-0.235035, 51.525992], [-0.235131, 51.525996], [-0.235211, 51.526087]]]}, "properties": {"OBJECTID": 434, "Type": null, "First_map": null, "Last_map": null, "First_Year": null, "Last_Year": null, "London1stSeries": 1, "London1srRevision": 1}}, {"type": "Feature", "id": 450, "geometry": {"type": "Polygon", "coordinates": [[[-0.234354, 51.52601], [-0.23436, 51.526093], [-0.233824, 51.526113], [-0.233811, 51.526121], [-0.233813, 51.526149], [-0.232656, 51.526202], [-0.232644, 51.52622], [-0.2326, 51.526216], [-0.232448, 51.526224], [-0.232029, 51.526258], [-0.231975, 51.526255], [-0.231908, 51.526271], [-0.231757, 51.52627], [-0.231261, 51.526308], [-0.231061, 51.52635], [-0.23092, 51.526363], [-0.230843, 51.526379], [-0.230815, 51.526374], [-0.230763, 51.52638], [-0.230651, 51.52641], [-0.229567, 51.526548], [-0.228774, 51.526634], [-0.228563, 51.526645], [-0.228242, 51.52665], [-0.227931, 51.526635], [-0.227796, 51.526638], [-0.227721, 51.526626], [-0.227561, 51.526618], [-0.227487, 51.526633], [-0.227415, 51.526616], [-0.227001, 51.526602], [-0.226971, 51.526614], [-0.226953, 51.52661], [-0.226941, 51.526597], [-0.226598, 51.526568], [-0.225832, 51.526537], [-0.225757, 51.526542], [-0.225629, 51.526562], [-0.225522, 51.526563], [-0.22497, 51.526607], [-0.224753, 51.52666], [-0.224373, 51.526734], [-0.224199, 51.526785], [-0.224066, 51.526801], [-0.223901, 51.526859], [-0.223868, 51.526864], [-0.223829, 51.526859], [-0.223704, 51.526897], [-0.223616, 51.526912], [-0.223423, 51.526981], [-0.222509, 51.527248], [-0.222502, 51.52724], [-0.22115, 51.527684], [-0.221033, 51.527716], [-0.220756, 51.527787], [-0.220351, 51.527866], [-0.220014, 51.527898], [-0.219721, 51.527884], [-0.219371, 51.52783], [-0.218938, 51.527673], [-0.218648, 51.527511], [-0.218196, 51.527202], [-0.217898, 51.527029], [-0.217601, 51.526943], [-0.217334, 51.526876], [-0.216959, 51.526812], [-0.216598, 51.526778], [-0.21581, 51.526757], [-0.215707, 51.526771], [-0.21563, 51.526663], [-0.215873, 51.526619], [-0.216182, 51.526596], [-0.216216, 51.526608], [-0.216486, 51.526594], [-0.216525, 51.526583], [-0.216549, 51.526565], [-0.216632, 51.526567], [-0.216678, 51.526602], [-0.21673, 51.526616], [-0.217102, 51.526655], [-0.217657, 51.526762], [-0.217909, 51.526836], [-0.218144, 51.526924], [-0.218334, 51.526977], [-0.218389, 51.527018], [-0.218474, 51.527126], [-0.218865, 51.527415], [-0.218878, 51.527407], [-0.218943, 51.527448], [-0.218932, 51.527456], [-0.219167, 51.527567], [-0.219367, 51.527633], [-0.219589, 51.527684], [-0.219861, 51.527716], [-0.220087, 51.527719], [-0.220237, 51.527711], [-0.220422, 51.52769], [-0.220775, 51.527619], [-0.220953, 51.527569], [-0.222463, 51.527085], [-0.223051, 51.526914], [-0.22398, 51.526658], [-0.224876, 51.52647], [-0.225203, 51.526422], [-0.225523, 51.526402], [-0.225855, 51.5264], [-0.226832, 51.526438], [-0.226834, 51.526427], [-0.226916, 51.526431], [-0.226917, 51.526443], [-0.228185, 51.526489], [-0.228636, 51.526483], [-0.228909, 51.526468], [-0.229177, 51.52644], [-0.231129, 51.526178], [-0.231682, 51.526115], [-0.231936, 51.526096], [-0.233258, 51.526033], [-0.233764, 51.526031], [-0.234354, 51.52601]]]}, "properties": {"OBJECTID": 435, "Type": null, "First_map": null, "Last_map": null, "First_Year": null, "Last_Year": null, "London1stSeries": 1, "London1srRevision": 1}}, {"type": "Feature", "id": 451, "geometry": {"type": "Polygon", "coordinates": [[[-0.249228, 51.528691], [-0.24917, 51.528736], [-0.249009, 51.5287], [-0.248941, 51.528733], [-0.248026, 51.52852], [-0.247999, 51.528474], [-0.247937, 51.52846], [-0.248247, 51.528387], [-0.248598, 51.52847], [-0.249157, 51.528631], [-0.249228, 51.528691]]]}, "properties": {"OBJECTID": 436, "Type": null, "First_map": null, "Last_map": null, "First_Year": null, "Last_Year": null, "London1stSeries": 1, "London1srRevision": 1}}, {"type": "Feature", "id": 452, "geometry": {"type": "Polygon", "coordinates": [[[-0.376291, 51.497188], [-0.376375, 51.497159], [-0.376431, 51.497129], [-0.376428, 51.497124], [-0.376686, 51.497013], [-0.37723, 51.49684], [-0.377997, 51.496559], [-0.378008, 51.496572], [-0.378099, 51.496531], [-0.378948, 51.49625], [-0.379571, 51.496006], [-0.380113, 51.495833], [-0.380786, 51.495593], [-0.381051, 51.495509], [-0.381048, 51.4955], [-0.381523, 51.495328], [-0.381894, 51.495213], [-0.382006, 51.495191], [-0.3822, 51.495126], [-0.382299, 51.495107], [-0.382752, 51.49498], [-0.382992, 51.494928], [-0.383625, 51.494816], [-0.384389, 51.494729], [-0.384901, 51.494688], [-0.385416, 51.494664], [-0.386009, 51.494665], [-0.386587, 51.49469], [-0.386924, 51.494729], [-0.387197, 51.494772], [-0.38735, 51.494805], [-0.387488, 51.494854], [-0.387466, 51.494905], [-0.387212, 51.4949], [-0.385911, 51.4948], [-0.385553, 51.494794], [-0.385099, 51.494803], [-0.384614, 51.494833], [-0.383985, 51.494898], [-0.383739, 51.494929], [-0.383383, 51.494993], [-0.382583, 51.495174], [-0.382253, 51.495259], [-0.38199, 51.495336], [-0.381527, 51.495484], [-0.379674, 51.496141], [-0.379651, 51.49616], [-0.379647, 51.496191], [-0.379678, 51.496208], [-0.379784, 51.496172], [-0.379985, 51.49637], [-0.379891, 51.496402], [-0.379983, 51.496507], [-0.379943, 51.496521], [-0.37985, 51.496415], [-0.379834, 51.496421], [-0.379868, 51.496511], [-0.379919, 51.496563], [-0.37981, 51.496606], [-0.379479, 51.496279], [-0.37958, 51.496243], [-0.379567, 51.496219], [-0.379544, 51.496205], [-0.379496, 51.496202], [-0.378033, 51.496704], [-0.376907, 51.497101], [-0.376384, 51.497257], [-0.376291, 51.497188]]]}, "properties": {"OBJECTID": 437, "Type": null, "First_map": null, "Last_map": null, "First_Year": null, "Last_Year": null, "London1stSeries": 1, "London1srRevision": 1}}, {"type": "Feature", "id": 453, "geometry": {"type": "Polygon", "coordinates": [[[-0.387556, 51.494868], [-0.387608, 51.494876], [-0.387749, 51.494857], [-0.387814, 51.494822], [-0.387917, 51.494743], [-0.388019, 51.494767], [-0.388054, 51.494776], [-0.388102, 51.494857], [-0.388133, 51.494888], [-0.388204, 51.494919], [-0.388541, 51.494988], [-0.38905, 51.495069], [-0.389645, 51.495212], [-0.391274, 51.495622], [-0.393221, 51.496145], [-0.393629, 51.496247], [-0.397381, 51.497238], [-0.397503, 51.497272], [-0.397554, 51.497308], [-0.397416, 51.497365], [-0.397302, 51.497363], [-0.397252, 51.497352], [-0.392757, 51.496151], [-0.389812, 51.495381], [-0.389395, 51.49529], [-0.387809, 51.495004], [-0.387534, 51.494916], [-0.387556, 51.494868]]]}, "properties": {"OBJECTID": 438, "Type": null, "First_map": null, "Last_map": null, "First_Year": null, "Last_Year": null, "London1stSeries": 1, "London1srRevision": 1}}, {"type": "Feature", "id": 454, "geometry": {"type": "Polygon", "coordinates": [[[-0.397677, 51.497428], [-0.397817, 51.49737], [-0.398142, 51.497411], [-0.398682, 51.497556], [-0.398748, 51.497551], [-0.399406, 51.49773], [-0.39948, 51.497771], [-0.400092, 51.497931], [-0.400095, 51.497924], [-0.400469, 51.498038], [-0.400902, 51.498159], [-0.402142, 51.498477], [-0.402294, 51.49852], [-0.402395, 51.498559], [-0.402425, 51.498558], [-0.402596, 51.498192], [-0.402821, 51.498248], [-0.402706, 51.498473], [-0.404543, 51.498935], [-0.404647, 51.499091], [-0.404659, 51.499083], [-0.404558, 51.498935], [-0.40458, 51.498941], [-0.404714, 51.49915], [-0.404887, 51.499191], [-0.404831, 51.499105], [-0.404938, 51.499079], [-0.405016, 51.49919], [-0.405701, 51.499376], [-0.40658, 51.499588], [-0.40659, 51.499572], [-0.406889, 51.499642], [-0.406906, 51.499637], [-0.406929, 51.499597], [-0.406952, 51.499614], [-0.406993, 51.499611], [-0.406969, 51.49965], [-0.406975, 51.499661], [-0.407254, 51.499727], [-0.407575, 51.499892], [-0.408395, 51.500116], [-0.408335, 51.500252], [-0.407907, 51.50014], [-0.407702, 51.500118], [-0.406892, 51.499874], [-0.406848, 51.499868], [-0.406801, 51.499873], [-0.406732, 51.499909], [-0.406656, 51.499882], [-0.406675, 51.499832], [-0.406646, 51.499814], [-0.406094, 51.499678], [-0.402474, 51.49873], [-0.397677, 51.497428]]]}, "properties": {"OBJECTID": 439, "Type": null, "First_map": null, "Last_map": null, "First_Year": null, "Last_Year": null, "London1stSeries": 1, "London1srRevision": 1}}, {"type": "Feature", "id": 455, "geometry": {"type": "Polygon", "coordinates": [[[-0.363028, 51.501914], [-0.363007, 51.501875], [-0.363097, 51.501839], [-0.363094, 51.501834], [-0.3634, 51.501723], [-0.36346, 51.501691], [-0.36347, 51.501695], [-0.363755, 51.501526], [-0.363895, 51.501491], [-0.364138, 51.501406], [-0.364212, 51.50136], [-0.364947, 51.501109], [-0.365093, 51.501044], [-0.365179, 51.501014], [-0.36521, 51.50101], [-0.365751, 51.500809], [-0.372033, 51.498635], [-0.372452, 51.498495], [-0.37254, 51.49848], [-0.372915, 51.498347], [-0.373157, 51.498245], [-0.373168, 51.498228], [-0.373776, 51.498051], [-0.374486, 51.497791], [-0.375843, 51.497317], [-0.375949, 51.497303], [-0.376092, 51.497256], [-0.376185, 51.497326], [-0.376089, 51.497363], [-0.375989, 51.497419], [-0.373655, 51.498241], [-0.366332, 51.500777], [-0.366226, 51.500814], [-0.366228, 51.500823], [-0.366115, 51.500862], [-0.366104, 51.500859], [-0.363924, 51.501628], [-0.363506, 51.50173], [-0.363477, 51.501747], [-0.363176, 51.501856], [-0.36318, 51.501863], [-0.36314, 51.501879], [-0.363136, 51.501875], [-0.363028, 51.501914]]]}, "properties": {"OBJECTID": 440, "Type": null, "First_map": null, "Last_map": null, "First_Year": null, "Last_Year": null, "London1stSeries": 1, "London1srRevision": 1}}, {"type": "Feature", "id": 456, "geometry": {"type": "Polygon", "coordinates": [[[-0.403986, 51.502834], [-0.40383, 51.502842], [-0.40385, 51.502793], [-0.405439, 51.501064], [-0.40592, 51.500556], [-0.406335, 51.500124], [-0.406494, 51.500046], [-0.406632, 51.499912], [-0.406708, 51.499943], [-0.406578, 51.500074], [-0.40658, 51.500099], [-0.406552, 51.500138], [-0.40657, 51.500218], [-0.406394, 51.500396], [-0.406395, 51.500416], [-0.406244, 51.500578], [-0.406233, 51.500603], [-0.406148, 51.500642], [-0.406109, 51.500676], [-0.406083, 51.500714], [-0.406049, 51.500704], [-0.406041, 51.500713], [-0.40535, 51.501447], [-0.405235, 51.501553], [-0.405286, 51.501578], [-0.404247, 51.502708], [-0.404175, 51.502707], [-0.404081, 51.502797], [-0.404028, 51.502809], [-0.403986, 51.502834]]]}, "properties": {"OBJECTID": 441, "Type": null, "First_map": null, "Last_map": null, "First_Year": null, "Last_Year": null, "London1stSeries": 1, "London1srRevision": 1}}, {"type": "Feature", "id": 457, "geometry": {"type": "Polygon", "coordinates": [[[-0.183898, 51.521281], [-0.183932, 51.521243], [-0.18432, 51.521367], [-0.184651, 51.521382], [-0.184729, 51.521394], [-0.185463, 51.521638], [-0.185472, 51.52163], [-0.185555, 51.521658], [-0.185549, 51.521667], [-0.188798, 51.522746], [-0.189296, 51.522885], [-0.189502, 51.522922], [-0.18967, 51.522943], [-0.189907, 51.522959], [-0.19018, 51.522952], [-0.190388, 51.522923], [-0.190593, 51.522882], [-0.190947, 51.522791], [-0.192443, 51.522361], [-0.192631, 51.522304], [-0.192627, 51.522293], [-0.192709, 51.522269], [-0.192717, 51.522279], [-0.192958, 51.52221], [-0.193065, 51.522376], [-0.192626, 51.522503], [-0.192217, 51.522598], [-0.190594, 51.523067], [-0.190438, 51.5231], [-0.190235, 51.523126], [-0.190104, 51.523134], [-0.189833, 51.523129], [-0.189633, 51.523113], [-0.189363, 51.523074], [-0.189025, 51.522998], [-0.188774, 51.522926], [-0.187928, 51.522649], [-0.18761, 51.522567], [-0.187593, 51.522576], [-0.187509, 51.522552], [-0.187551, 51.52251], [-0.185258, 51.521796], [-0.184477, 51.521541], [-0.184347, 51.521462], [-0.184335, 51.521444], [-0.184287, 51.521412], [-0.183898, 51.521281]]]}, "properties": {"OBJECTID": 442, "Type": null, "First_map": null, "Last_map": null, "First_Year": null, "Last_Year": null, "London1stSeries": 1, "London1srRevision": 1}}, {"type": "Feature", "id": 458, "geometry": {"type": "Polygon", "coordinates": [[[-0.15919, 51.535763], [-0.159261, 51.535879], [-0.156846, 51.536481], [-0.156778, 51.536375], [-0.15919, 51.535763]]]}, "properties": {"OBJECTID": 443, "Type": null, "First_map": null, "Last_map": null, "First_Year": null, "Last_Year": null, "London1stSeries": 1, "London1srRevision": 1}}, {"type": "Feature", "id": 459, "geometry": {"type": "Polygon", "coordinates": [[[-0.150965, 51.53726], [-0.150985, 51.537144], [-0.151124, 51.537153], [-0.15135, 51.537136], [-0.152123, 51.537115], [-0.152486, 51.53714], [-0.155464, 51.536682], [-0.155707, 51.536638], [-0.155997, 51.536575], [-0.156695, 51.536396], [-0.156765, 51.536503], [-0.155719, 51.536764], [-0.153949, 51.537035], [-0.153951, 51.537042], [-0.153788, 51.537067], [-0.153785, 51.537061], [-0.152131, 51.537308], [-0.15203, 51.537332], [-0.151902, 51.537466], [-0.1518, 51.537463], [-0.151785, 51.537437], [-0.151757, 51.537414], [-0.151586, 51.537331], [-0.15152, 51.537325], [-0.151521, 51.537318], [-0.151547, 51.537314], [-0.151525, 51.537305], [-0.151529, 51.537286], [-0.151228, 51.537256], [-0.151222, 51.537279], [-0.151211, 51.537281], [-0.151218, 51.537295], [-0.151068, 51.537288], [-0.15107, 51.537263], [-0.150965, 51.53726]]]}, "properties": {"OBJECTID": 444, "Type": null, "First_map": null, "Last_map": null, "First_Year": null, "Last_Year": null, "London1stSeries": 1, "London1srRevision": 1}}, {"type": "Feature", "id": 460, "geometry": {"type": "Polygon", "coordinates": [[[-0.150188, 51.539783], [-0.150103, 51.539689], [-0.150127, 51.539673], [-0.150134, 51.539655], [-0.150585, 51.539304], [-0.150931, 51.538992], [-0.151124, 51.538798], [-0.151288, 51.538613], [-0.151472, 51.538343], [-0.151485, 51.538342], [-0.151545, 51.538283], [-0.151622, 51.538175], [-0.151735, 51.53819], [-0.151708, 51.538345], [-0.151678, 51.538407], [-0.151589, 51.53854], [-0.151333, 51.538839], [-0.15115, 51.539029], [-0.15116, 51.539035], [-0.151051, 51.539138], [-0.151042, 51.539135], [-0.150659, 51.539471], [-0.150497, 51.539596], [-0.150287, 51.53975], [-0.150188, 51.539783]]]}, "properties": {"OBJECTID": 445, "Type": null, "First_map": null, "Last_map": null, "First_Year": null, "Last_Year": null, "London1stSeries": 1, "London1srRevision": 1}}, {"type": "Feature", "id": 461, "geometry": {"type": "Polygon", "coordinates": [[[-0.149802, 51.539864], [-0.14991, 51.539839], [-0.149973, 51.539816], [-0.150016, 51.539876], [-0.149915, 51.53997], [-0.149802, 51.539864]]]}, "properties": {"OBJECTID": 446, "Type": null, "First_map": null, "Last_map": null, "First_Year": null, "Last_Year": null, "London1stSeries": 1, "London1srRevision": 1}}, {"type": "Feature", "id": 462, "geometry": {"type": "Polygon", "coordinates": [[[-0.148386, 51.540424], [-0.148421, 51.540422], [-0.148425, 51.540404], [-0.148535, 51.540339], [-0.148505, 51.540297], [-0.149136, 51.540113], [-0.149172, 51.540158], [-0.149464, 51.540039], [-0.14958, 51.540146], [-0.149507, 51.540196], [-0.149377, 51.540253], [-0.148986, 51.540382], [-0.148992, 51.540394], [-0.148821, 51.540434], [-0.148812, 51.540424], [-0.148527, 51.540473], [-0.148356, 51.540488], [-0.148343, 51.540442], [-0.148386, 51.540424]]]}, "properties": {"OBJECTID": 447, "Type": null, "First_map": null, "Last_map": null, "First_Year": null, "Last_Year": null, "London1stSeries": 1, "London1srRevision": 1}}, {"type": "Feature", "id": 463, "geometry": {"type": "Polygon", "coordinates": [[[-0.14511, 51.541238], [-0.145888, 51.540939], [-0.145961, 51.540892], [-0.145943, 51.540758], [-0.14635, 51.540655], [-0.146737, 51.540569], [-0.147144, 51.540466], [-0.147205, 51.540562], [-0.14748, 51.540519], [-0.147476, 51.54051], [-0.147524, 51.540503], [-0.147528, 51.540511], [-0.147636, 51.540497], [-0.147631, 51.540479], [-0.147837, 51.540451], [-0.147841, 51.540459], [-0.147942, 51.540439], [-0.147945, 51.540445], [-0.148068, 51.540438], [-0.148118, 51.54048], [-0.14813, 51.540532], [-0.147928, 51.540597], [-0.147132, 51.540717], [-0.146245, 51.540945], [-0.146242, 51.540964], [-0.146369, 51.541162], [-0.146314, 51.541176], [-0.146225, 51.541041], [-0.146141, 51.541063], [-0.146101, 51.541006], [-0.145236, 51.541321], [-0.14511, 51.541238]]]}, "properties": {"OBJECTID": 448, "Type": null, "First_map": null, "Last_map": null, "First_Year": null, "Last_Year": null, "London1stSeries": 1, "London1srRevision": 1}}, {"type": "Feature", "id": 464, "geometry": {"type": "Polygon", "coordinates": [[[-0.142113, 51.5415], [-0.142123, 51.541447], [-0.142268, 51.541507], [-0.142663, 51.541645], [-0.142721, 51.541653], [-0.142727, 51.541645], [-0.142669, 51.541612], [-0.142294, 51.54148], [-0.142126, 51.541431], [-0.142138, 51.541353], [-0.142223, 51.541382], [-0.142274, 51.541428], [-0.142367, 51.541455], [-0.142662, 51.541566], [-0.142666, 51.541561], [-0.142706, 51.541574], [-0.142717, 51.541584], [-0.142759, 51.541591], [-0.142807, 51.541561], [-0.143544, 51.5416], [-0.143587, 51.541634], [-0.143653, 51.541644], [-0.143692, 51.541639], [-0.14413, 51.541517], [-0.144156, 51.541515], [-0.14419, 51.541499], [-0.144205, 51.541481], [-0.14419, 51.541428], [-0.144533, 51.541335], [-0.144615, 51.541344], [-0.144844, 51.541336], [-0.144908, 51.541309], [-0.145027, 51.541389], [-0.144917, 51.541432], [-0.144846, 51.541502], [-0.144615, 51.541599], [-0.144462, 51.541631], [-0.144452, 51.541624], [-0.144416, 51.54163], [-0.144272, 51.54162], [-0.144222, 51.541624], [-0.144204, 51.541629], [-0.144207, 51.541634], [-0.143739, 51.541754], [-0.143519, 51.541869], [-0.143296, 51.541892], [-0.143127, 51.541886], [-0.142926, 51.541848], [-0.14292, 51.541854], [-0.142821, 51.541823], [-0.142625, 51.54168], [-0.142113, 51.5415]]]}, "properties": {"OBJECTID": 449, "Type": null, "First_map": null, "Last_map": null, "First_Year": null, "Last_Year": null, "London1stSeries": 1, "London1srRevision": 1}}, {"type": "Feature", "id": 465, "geometry": {"type": "Polygon", "coordinates": [[[-0.140394, 51.54094], [-0.14066, 51.540864], [-0.140697, 51.540836], [-0.140878, 51.540842], [-0.140912, 51.540875], [-0.140941, 51.540864], [-0.141919, 51.541233], [-0.141904, 51.541267], [-0.14196, 51.541288], [-0.141939, 51.541439], [-0.141683, 51.541359], [-0.14099, 51.541033], [-0.140911, 51.541004], [-0.140802, 51.540977], [-0.140678, 51.540965], [-0.140533, 51.540975], [-0.140442, 51.540997], [-0.140394, 51.54094]]]}, "properties": {"OBJECTID": 450, "Type": null, "First_map": null, "Last_map": null, "First_Year": null, "Last_Year": null, "London1stSeries": 1, "London1srRevision": 1}}, {"type": "Feature", "id": 466, "geometry": {"type": "Polygon", "coordinates": [[[-0.140058, 51.541112], [-0.139744, 51.541211], [-0.139609, 51.54123], [-0.139531, 51.541233], [-0.139438, 51.541228], [-0.139371, 51.541212], [-0.139189, 51.541112], [-0.13924, 51.54106], [-0.139259, 51.541066], [-0.139313, 51.541053], [-0.139526, 51.541107], [-0.139532, 51.541102], [-0.139691, 51.5411], [-0.139939, 51.541051], [-0.140008, 51.541065], [-0.140058, 51.541112]]]}, "properties": {"OBJECTID": 451, "Type": null, "First_map": null, "Last_map": null, "First_Year": null, "Last_Year": null, "London1stSeries": 1, "London1srRevision": 1}}, {"type": "Feature", "id": 467, "geometry": {"type": "Polygon", "coordinates": [[[-0.137822, 51.540683], [-0.138085, 51.540661], [-0.138317, 51.540683], [-0.138495, 51.540717], [-0.138624, 51.540755], [-0.138747, 51.540807], [-0.138866, 51.54088], [-0.138998, 51.540975], [-0.138946, 51.541026], [-0.138444, 51.540852], [-0.138332, 51.540821], [-0.138228, 51.540804], [-0.13805, 51.540789], [-0.137884, 51.540785], [-0.137717, 51.540796], [-0.13762, 51.540814], [-0.137573, 51.540756], [-0.137615, 51.540743], [-0.137614, 51.540709], [-0.137662, 51.540696], [-0.137662, 51.540697], [-0.137681, 51.540695], [-0.137822, 51.540683]]]}, "properties": {"OBJECTID": 452, "Type": null, "First_map": null, "Last_map": null, "First_Year": null, "Last_Year": null, "London1stSeries": 1, "London1srRevision": 1}}, {"type": "Feature", "id": 468, "geometry": {"type": "Polygon", "coordinates": [[[-0.137383, 51.540826], [-0.137172, 51.540875], [-0.136984, 51.540895], [-0.136845, 51.540897], [-0.136644, 51.54088], [-0.136514, 51.540829], [-0.136078, 51.54058], [-0.135836, 51.540436], [-0.135792, 51.540378], [-0.135854, 51.540309], [-0.135902, 51.540315], [-0.136129, 51.540428], [-0.136162, 51.540423], [-0.136204, 51.540404], [-0.13655, 51.540604], [-0.136526, 51.540657], [-0.136699, 51.540752], [-0.137064, 51.540778], [-0.137347, 51.540781], [-0.137383, 51.540826]]]}, "properties": {"OBJECTID": 453, "Type": null, "First_map": null, "Last_map": null, "First_Year": null, "Last_Year": null, "London1stSeries": 1, "London1srRevision": 1}}, {"type": "Feature", "id": 469, "geometry": {"type": "Polygon", "coordinates": [[[-0.133411, 51.539002], [-0.13392, 51.539284], [-0.134665, 51.539653], [-0.135441, 51.540098], [-0.135553, 51.540155], [-0.135537, 51.540232], [-0.13539, 51.540201], [-0.135305, 51.54017], [-0.134513, 51.53975], [-0.134353, 51.539656], [-0.13411, 51.539539], [-0.134019, 51.539483], [-0.13369, 51.539314], [-0.13365, 51.539301], [-0.133501, 51.539225], [-0.133496, 51.539229], [-0.133314, 51.53913], [-0.133319, 51.539126], [-0.133117, 51.538999], [-0.132506, 51.538514], [-0.132329, 51.538389], [-0.130492, 51.537529], [-0.130349, 51.53744], [-0.130313, 51.53739], [-0.13014, 51.537349], [-0.13009, 51.537284], [-0.130156, 51.53729], [-0.130327, 51.53733], [-0.130408, 51.537326], [-0.131084, 51.537569], [-0.131111, 51.537601], [-0.132613, 51.538301], [-0.13266, 51.538333], [-0.132755, 51.538425], [-0.132885, 51.538602], [-0.132966, 51.538673], [-0.133149, 51.538821], [-0.133316, 51.538929], [-0.133411, 51.539002]]]}, "properties": {"OBJECTID": 454, "Type": null, "First_map": null, "Last_map": null, "First_Year": null, "Last_Year": null, "London1stSeries": 1, "London1srRevision": 1}}, {"type": "Feature", "id": 470, "geometry": {"type": "Polygon", "coordinates": [[[-0.129905, 51.537291], [-0.129559, 51.53725], [-0.129568, 51.537128], [-0.129663, 51.53714], [-0.129853, 51.537224], [-0.129905, 51.537291]]]}, "properties": {"OBJECTID": 455, "Type": null, "First_map": null, "Last_map": null, "First_Year": null, "Last_Year": null, "London1stSeries": 1, "London1srRevision": 1}}, {"type": "Feature", "id": 471, "geometry": {"type": "Polygon", "coordinates": [[[-0.127056, 51.535016], [-0.127803, 51.535907], [-0.127826, 51.536007], [-0.128059, 51.536283], [-0.12805, 51.536286], [-0.128107, 51.536323], [-0.128253, 51.536477], [-0.128386, 51.536565], [-0.128439, 51.536592], [-0.128488, 51.53659], [-0.128535, 51.536579], [-0.128537, 51.536636], [-0.128537, 51.536534], [-0.128233, 51.536044], [-0.128251, 51.536029], [-0.128398, 51.536006], [-0.128512, 51.536205], [-0.128644, 51.536431], [-0.128726, 51.536568], [-0.128772, 51.536664], [-0.128889, 51.53688], [-0.128899, 51.536913], [-0.12896, 51.537085], [-0.128924, 51.537088], [-0.12866, 51.536976], [-0.128654, 51.53698], [-0.128489, 51.5369], [-0.12849, 51.53689], [-0.127971, 51.536528], [-0.127944, 51.536495], [-0.127895, 51.536337], [-0.127881, 51.536332], [-0.127869, 51.536316], [-0.127876, 51.536315], [-0.127662, 51.536061], [-0.127596, 51.536033], [-0.127517, 51.536013], [-0.127285, 51.535688], [-0.12704, 51.535398], [-0.127056, 51.535016]]]}, "properties": {"OBJECTID": 456, "Type": null, "First_map": null, "Last_map": null, "First_Year": null, "Last_Year": null, "London1stSeries": 1, "London1srRevision": 1}}, {"type": "Feature", "id": 472, "geometry": {"type": "Polygon", "coordinates": [[[-0.126475, 51.534551], [-0.126515, 51.534557], [-0.126739, 51.534706], [-0.126814, 51.534771], [-0.127056, 51.535016], [-0.12704, 51.535398], [-0.126654, 51.534972], [-0.126324, 51.534812], [-0.125646, 51.53475], [-0.12488, 51.534974], [-0.124631, 51.535037], [-0.124669, 51.53502], [-0.1246, 51.534921], [-0.124432, 51.53497], [-0.124309, 51.534957], [-0.124786, 51.534839], [-0.125089, 51.534765], [-0.125374, 51.53474], [-0.125377, 51.53474], [-0.125424, 51.534738], [-0.125582, 51.53471], [-0.125661, 51.53469], [-0.125636, 51.534651], [-0.125629, 51.534639], [-0.125688, 51.534634], [-0.126475, 51.534551]]]}, "properties": {"OBJECTID": 458, "Type": null, "First_map": null, "Last_map": null, "First_Year": null, "Last_Year": null, "London1stSeries": 1, "London1srRevision": 1}}, {"type": "Feature", "id": 473, "geometry": {"type": "Polygon", "coordinates": [[[-0.166951, 51.528596], [-0.167144, 51.528715], [-0.167039, 51.528835], [-0.166781, 51.529057], [-0.166697, 51.528989], [-0.166952, 51.528679], [-0.166976, 51.528626], [-0.16694, 51.528603], [-0.166951, 51.528596]]]}, "properties": {"OBJECTID": 459, "Type": null, "First_map": null, "Last_map": null, "First_Year": null, "Last_Year": null, "London1stSeries": 1, "London1srRevision": 1}}, {"type": "Feature", "id": 474, "geometry": {"type": "Polygon", "coordinates": [[[-0.16532, 51.532813], [-0.165197, 51.53277], [-0.165289, 51.532624], [-0.165762, 51.532041], [-0.165857, 51.531884], [-0.165916, 51.531727], [-0.165941, 51.531635], [-0.16598, 51.531361], [-0.166089, 51.529969], [-0.166111, 51.529818], [-0.166142, 51.529699], [-0.166196, 51.529557], [-0.166258, 51.529448], [-0.166359, 51.529319], [-0.166535, 51.529174], [-0.166616, 51.52924], [-0.166539, 51.529337], [-0.166386, 51.529584], [-0.166336, 51.529688], [-0.166298, 51.52983], [-0.166155, 51.531568], [-0.166134, 51.531703], [-0.1661, 51.531829], [-0.166023, 51.531987], [-0.165888, 51.532173], [-0.165481, 51.53266], [-0.16532, 51.532813]]]}, "properties": {"OBJECTID": 460, "Type": null, "First_map": null, "Last_map": null, "First_Year": null, "Last_Year": null, "London1stSeries": 1, "London1srRevision": 1}}, {"type": "Feature", "id": 475, "geometry": {"type": "Polygon", "coordinates": [[[-0.165184, 51.532788], [-0.165305, 51.532831], [-0.165182, 51.533013], [-0.164824, 51.533445], [-0.164342, 51.533961], [-0.164047, 51.534211], [-0.163774, 51.534404], [-0.163645, 51.534467], [-0.163332, 51.534578], [-0.163275, 51.534524], [-0.16331, 51.534509], [-0.163431, 51.534422], [-0.163738, 51.534239], [-0.163899, 51.534117], [-0.164301, 51.533746], [-0.164503, 51.533546], [-0.164646, 51.533386], [-0.164994, 51.532987], [-0.165184, 51.532788]]]}, "properties": {"OBJECTID": 461, "Type": null, "First_map": null, "Last_map": null, "First_Year": null, "Last_Year": null, "London1stSeries": 1, "London1srRevision": 1}}, {"type": "Feature", "id": 476, "geometry": {"type": "Polygon", "coordinates": [[[-0.16321, 51.534631], [-0.162969, 51.534764], [-0.162803, 51.534829], [-0.161478, 51.535306], [-0.161235, 51.535377], [-0.15932, 51.535863], [-0.159247, 51.53575], [-0.160885, 51.535343], [-0.161297, 51.535229], [-0.161453, 51.535178], [-0.162924, 51.534631], [-0.163151, 51.534574], [-0.16321, 51.534631]]]}, "properties": {"OBJECTID": 462, "Type": null, "First_map": null, "Last_map": null, "First_Year": null, "Last_Year": null, "London1stSeries": 1, "London1srRevision": 1}}, {"type": "Feature", "id": 477, "geometry": {"type": "Polygon", "coordinates": [[[-0.12218, 51.535497], [-0.12205, 51.535481], [-0.121989, 51.535503], [-0.121961, 51.535505], [-0.121155, 51.535432], [-0.121126, 51.535437], [-0.120631, 51.535388], [-0.120628, 51.535397], [-0.120485, 51.535383], [-0.120486, 51.535375], [-0.119834, 51.535317], [-0.119627, 51.53529], [-0.118519, 51.535196], [-0.117105, 51.535062], [-0.117123, 51.534974], [-0.117203, 51.53496], [-0.117251, 51.534943], [-0.117825, 51.534977], [-0.117842, 51.534969], [-0.117852, 51.534919], [-0.118151, 51.534946], [-0.118149, 51.534953], [-0.118274, 51.534965], [-0.118275, 51.534958], [-0.118462, 51.534974], [-0.118494, 51.535054], [-0.119422, 51.535104], [-0.120405, 51.535167], [-0.120448, 51.535164], [-0.120496, 51.535139], [-0.120515, 51.5351], [-0.120507, 51.535075], [-0.120484, 51.535052], [-0.12046, 51.533973], [-0.120516, 51.533929], [-0.12117, 51.533938], [-0.121145, 51.535248], [-0.121191, 51.535265], [-0.121958, 51.535348], [-0.121945, 51.535374], [-0.12202, 51.535397], [-0.122064, 51.535434], [-0.122183, 51.535446], [-0.12218, 51.535497]]]}, "properties": {"OBJECTID": 463, "Type": null, "First_map": null, "Last_map": null, "First_Year": null, "Last_Year": null, "London1stSeries": 1, "London1srRevision": 1}}, {"type": "Feature", "id": 478, "geometry": {"type": "Polygon", "coordinates": [[[-0.116892, 51.534954], [-0.116861, 51.535039], [-0.116042, 51.534964], [-0.116039, 51.534971], [-0.115833, 51.534961], [-0.115814, 51.53495], [-0.115412, 51.534912], [-0.115237, 51.534886], [-0.114993, 51.534827], [-0.115007, 51.534776], [-0.115229, 51.53475], [-0.115344, 51.534748], [-0.115658, 51.534774], [-0.116778, 51.534895], [-0.116797, 51.534916], [-0.116892, 51.534954]]]}, "properties": {"OBJECTID": 465, "Type": null, "First_map": null, "Last_map": null, "First_Year": null, "Last_Year": null, "London1stSeries": 1, "London1srRevision": 1}}, {"type": "Feature", "id": 479, "geometry": {"type": "Polygon", "coordinates": [[[-0.122454, 51.535533], [-0.122456, 51.535447], [-0.1225, 51.53543], [-0.122521, 51.535406], [-0.122503, 51.535356], [-0.123415, 51.535075], [-0.123518, 51.535032], [-0.123704, 51.534976], [-0.123754, 51.535052], [-0.12377, 51.535085], [-0.124309, 51.534957], [-0.124432, 51.53497], [-0.124545, 51.534939], [-0.1246, 51.534921], [-0.124669, 51.53502], [-0.124626, 51.53503], [-0.124631, 51.535037], [-0.124058, 51.535184], [-0.123842, 51.535253], [-0.123712, 51.535308], [-0.12335, 51.535487], [-0.123182, 51.535537], [-0.123015, 51.535565], [-0.122853, 51.535575], [-0.122551, 51.535566], [-0.122454, 51.535533]]]}, "properties": {"OBJECTID": 466, "Type": null, "First_map": null, "Last_map": null, "First_Year": null, "Last_Year": null, "London1stSeries": 1, "London1srRevision": 1}}, {"type": "Feature", "id": 480, "geometry": {"type": "MultiPolygon", "coordinates": [[[[-0.172496, 51.518491], [-0.172537, 51.518465], [-0.173381, 51.518334], [-0.173803, 51.518261], [-0.173819, 51.518299], [-0.175043, 51.518096], [-0.175392, 51.518014], [-0.175762, 51.517937], [-0.176494, 51.517799], [-0.176665, 51.517924], [-0.176888, 51.518051], [-0.17743, 51.518381], [-0.177332, 51.518436], [-0.176974, 51.518224], [-0.176833, 51.518179], [-0.176603, 51.518149], [-0.176326, 51.518119], [-0.176138, 51.51813], [-0.175774, 51.518191], [-0.175464, 51.518243], [-0.174762, 51.518362], [-0.174737, 51.518371], [-0.174646, 51.518392], [-0.174632, 51.518385], [-0.17256, 51.51874], [-0.17256, 51.518737], [-0.17256, 51.518737], [-0.172496, 51.518491]]], [[[-0.172496, 51.518491], [-0.17256, 51.518737], [-0.172508, 51.518754], [-0.172042, 51.518825], [-0.171839, 51.518871], [-0.17083, 51.519047], [-0.170733, 51.519079], [-0.170588, 51.519284], [-0.170519, 51.51928], [-0.170671, 51.519057], [-0.170602, 51.51892], [-0.170383, 51.51897], [-0.170339, 51.51892], [-0.170583, 51.518831], [-0.170633, 51.518864], [-0.170888, 51.5188], [-0.170906, 51.518765], [-0.172175, 51.518546], [-0.172496, 51.518491]]]]}, "properties": {"OBJECTID": 467, "Type": null, "First_map": null, "Last_map": null, "First_Year": null, "Last_Year": null, "London1stSeries": 1, "London1srRevision": 1}}, {"type": "Feature", "id": 481, "geometry": {"type": "Polygon", "coordinates": [[[-0.17856, 51.519235], [-0.178548, 51.519228], [-0.178539, 51.519233], [-0.178184, 51.519013], [-0.177633, 51.518634], [-0.177332, 51.518436], [-0.17743, 51.518381], [-0.177762, 51.518554], [-0.17846, 51.518989], [-0.178667, 51.519151], [-0.179107, 51.51941], [-0.179469, 51.519651], [-0.17953, 51.519705], [-0.17961, 51.519777], [-0.180244, 51.520194], [-0.180581, 51.520463], [-0.180836, 51.520651], [-0.180933, 51.520756], [-0.180882, 51.520781], [-0.1807, 51.520719], [-0.180623, 51.520683], [-0.179911, 51.520205], [-0.179571, 51.519963], [-0.179164, 51.519678], [-0.178624, 51.519309], [-0.17856, 51.519235]]]}, "properties": {"OBJECTID": 468, "Type": null, "First_map": null, "Last_map": null, "First_Year": null, "Last_Year": null, "London1stSeries": 1, "London1srRevision": 1}}, {"type": "Feature", "id": 482, "geometry": {"type": "Polygon", "coordinates": [[[-0.180993, 51.520883], [-0.181044, 51.520857], [-0.181105, 51.520886], [-0.181197, 51.520913], [-0.181479, 51.520964], [-0.181671, 51.520984], [-0.181986, 51.520995], [-0.182799, 51.520994], [-0.183368, 51.521003], [-0.183488, 51.521028], [-0.183632, 51.521076], [-0.183691, 51.521112], [-0.183755, 51.521167], [-0.183702, 51.521229], [-0.183527, 51.52126], [-0.183402, 51.521254], [-0.183274, 51.521259], [-0.183166, 51.521281], [-0.183109, 51.521302], [-0.182254, 51.521764], [-0.182111, 51.521822], [-0.18198, 51.521856], [-0.181864, 51.521913], [-0.181807, 51.521876], [-0.181932, 51.521751], [-0.181982, 51.52167], [-0.181987, 51.52164], [-0.181977, 51.521597], [-0.181938, 51.521534], [-0.181658, 51.521318], [-0.18129, 51.521134], [-0.181153, 51.52105], [-0.181084, 51.520986], [-0.181041, 51.520922], [-0.180993, 51.520883]]]}, "properties": {"OBJECTID": 472, "Type": null, "First_map": null, "Last_map": null, "First_Year": null, "Last_Year": null, "London1stSeries": 1, "London1srRevision": 1}}, {"type": "Feature", "id": 483, "geometry": {"type": "Polygon", "coordinates": [[[-0.177014, 51.524572], [-0.176942, 51.524517], [-0.177281, 51.524316], [-0.178201, 51.523805], [-0.178216, 51.523786], [-0.178257, 51.523784], [-0.178322, 51.52375], [-0.179996, 51.522833], [-0.180013, 51.52282], [-0.18001, 51.522802], [-0.181196, 51.522148], [-0.181446, 51.522072], [-0.181604, 51.521988], [-0.181658, 51.522024], [-0.181492, 51.522121], [-0.181393, 51.522233], [-0.181339, 51.522271], [-0.180402, 51.522797], [-0.180335, 51.522834], [-0.180325, 51.52283], [-0.17793, 51.524143], [-0.177611, 51.524282], [-0.177113, 51.524534], [-0.177014, 51.524572]]]}, "properties": {"OBJECTID": 473, "Type": null, "First_map": null, "Last_map": null, "First_Year": null, "Last_Year": null, "London1stSeries": 1, "London1srRevision": 1}}, {"type": "Feature", "id": 484, "geometry": {"type": "Polygon", "coordinates": [[[-0.172272, 51.526406], [-0.172258, 51.526361], [-0.17234, 51.526345], [-0.172365, 51.526332], [-0.172541, 51.526292], [-0.173235, 51.526178], [-0.173238, 51.526168], [-0.173391, 51.526132], [-0.173371, 51.526089], [-0.173584, 51.526037], [-0.173708, 51.526026], [-0.173717, 51.526033], [-0.174152, 51.525893], [-0.174169, 51.525901], [-0.174065, 51.526014], [-0.173916, 51.526098], [-0.173805, 51.526153], [-0.173712, 51.52619], [-0.17347, 51.526264], [-0.173057, 51.526335], [-0.172832, 51.526366], [-0.172637, 51.526386], [-0.172415, 51.526393], [-0.172272, 51.526406]]]}, "properties": {"OBJECTID": 474, "Type": null, "First_map": null, "Last_map": null, "First_Year": null, "Last_Year": null, "London1stSeries": 1, "London1srRevision": 1}}, {"type": "Feature", "id": 485, "geometry": {"type": "Polygon", "coordinates": [[[-0.171548, 51.526453], [-0.171561, 51.526503], [-0.171508, 51.526586], [-0.17127, 51.526621], [-0.17046, 51.526708], [-0.170152, 51.52677], [-0.169944, 51.526821], [-0.169589, 51.526928], [-0.169407, 51.526992], [-0.169076, 51.527124], [-0.16868, 51.527311], [-0.168553, 51.527379], [-0.168325, 51.527569], [-0.168191, 51.527681], [-0.168066, 51.52777], [-0.167753, 51.528048], [-0.16754, 51.528328], [-0.16738, 51.528229], [-0.167624, 51.527934], [-0.167758, 51.527832], [-0.167902, 51.527658], [-0.168113, 51.527462], [-0.168052, 51.527537], [-0.16824, 51.527411], [-0.168389, 51.527323], [-0.168506, 51.527253], [-0.168693, 51.527156], [-0.168927, 51.527031], [-0.16919, 51.526926], [-0.169516, 51.526798], [-0.169863, 51.526703], [-0.170048, 51.526649], [-0.170463, 51.52658], [-0.170625, 51.526549], [-0.170794, 51.526518], [-0.171077, 51.52648], [-0.17138, 51.526463], [-0.171438, 51.526466], [-0.171548, 51.526453]]]}, "properties": {"OBJECTID": 475, "Type": null, "First_map": null, "Last_map": null, "First_Year": null, "Last_Year": null, "London1stSeries": 1, "London1srRevision": 1}}, {"type": "Feature", "id": 486, "geometry": {"type": "Polygon", "coordinates": [[[-0.075641, 51.536425], [-0.075552, 51.536413], [-0.075554, 51.536405], [-0.075343, 51.53638], [-0.074454, 51.536295], [-0.073231, 51.5362], [-0.073231, 51.536211], [-0.073035, 51.536195], [-0.073034, 51.536185], [-0.072279, 51.536125], [-0.072192, 51.536101], [-0.072055, 51.536046], [-0.071992, 51.536038], [-0.071993, 51.535982], [-0.072068, 51.535985], [-0.072233, 51.535961], [-0.072745, 51.53601], [-0.073412, 51.53606], [-0.073462, 51.536038], [-0.073482, 51.536003], [-0.073536, 51.535735], [-0.073605, 51.535739], [-0.073553, 51.536013], [-0.073564, 51.536045], [-0.073597, 51.536067], [-0.073675, 51.536083], [-0.074417, 51.536144], [-0.075648, 51.536268], [-0.075641, 51.536425]]]}, "properties": {"OBJECTID": 476, "Type": null, "First_map": null, "Last_map": null, "First_Year": null, "Last_Year": null, "London1stSeries": 1, "London1srRevision": 1}}, {"type": "Feature", "id": 487, "geometry": {"type": "Polygon", "coordinates": [[[-0.070277, 51.535854], [-0.070299, 51.535855], [-0.070326, 51.535821], [-0.070369, 51.535796], [-0.070386, 51.535796], [-0.070406, 51.535777], [-0.070941, 51.535793], [-0.071689, 51.535852], [-0.071794, 51.535952], [-0.071875, 51.535971], [-0.071877, 51.536026], [-0.071785, 51.536029], [-0.071584, 51.536065], [-0.071544, 51.536064], [-0.070305, 51.535943], [-0.070287, 51.53594], [-0.070277, 51.535854]]]}, "properties": {"OBJECTID": 477, "Type": null, "First_map": null, "Last_map": null, "First_Year": null, "Last_Year": null, "London1stSeries": 1, "London1srRevision": 1}}, {"type": "Feature", "id": 488, "geometry": {"type": "Polygon", "coordinates": [[[-0.063573, 51.535611], [-0.063591, 51.535631], [-0.063574, 51.535654], [-0.063485, 51.535657], [-0.06329, 51.535699], [-0.063091, 51.535709], [-0.063025, 51.535708], [-0.062877, 51.535686], [-0.062645, 51.535616], [-0.062509, 51.535596], [-0.062603, 51.535501], [-0.062654, 51.535505], [-0.062758, 51.535491], [-0.063343, 51.535492], [-0.063373, 51.535499], [-0.063371, 51.535512], [-0.06352, 51.535539], [-0.063965, 51.535544], [-0.064005, 51.535539], [-0.064006, 51.535544], [-0.064169, 51.535533], [-0.064225, 51.535516], [-0.064868, 51.535539], [-0.067156, 51.535567], [-0.068996, 51.535671], [-0.068995, 51.535691], [-0.06937, 51.535702], [-0.069929, 51.535754], [-0.070013, 51.535812], [-0.070092, 51.535834], [-0.0701, 51.535922], [-0.068521, 51.535787], [-0.067857, 51.535753], [-0.065883, 51.535708], [-0.064307, 51.535715], [-0.064211, 51.535706], [-0.064002, 51.535659], [-0.063963, 51.535665], [-0.063961, 51.535659], [-0.063581, 51.535659], [-0.0636, 51.535631], [-0.063579, 51.535605], [-0.063626, 51.535607], [-0.063628, 51.535612], [-0.064002, 51.535612], [-0.064015, 51.535616], [-0.06405, 51.535602], [-0.064022, 51.535589], [-0.063512, 51.53558], [-0.063492, 51.535587], [-0.063494, 51.535601], [-0.063507, 51.535607], [-0.063573, 51.535611]]]}, "properties": {"OBJECTID": 478, "Type": null, "First_map": null, "Last_map": null, "First_Year": null, "Last_Year": null, "London1stSeries": 1, "London1srRevision": 1}}, {"type": "Feature", "id": 489, "geometry": {"type": "Polygon", "coordinates": [[[-0.06237, 51.53547], [-0.062283, 51.535563], [-0.061881, 51.535493], [-0.061753, 51.535459], [-0.061644, 51.535414], [-0.061543, 51.535356], [-0.061398, 51.535239], [-0.060805, 51.534702], [-0.060646, 51.534575], [-0.060505, 51.534491], [-0.060364, 51.534424], [-0.060197, 51.534352], [-0.060084, 51.534314], [-0.059779, 51.534229], [-0.059681, 51.534209], [-0.059215, 51.534166], [-0.058869, 51.534176], [-0.058675, 51.534191], [-0.058314, 51.53424], [-0.058034, 51.534293], [-0.058008, 51.534117], [-0.058019, 51.534116], [-0.058024, 51.534131], [-0.058781, 51.534035], [-0.05899, 51.534023], [-0.059595, 51.534052], [-0.059593, 51.534043], [-0.059966, 51.534103], [-0.060167, 51.534122], [-0.060172, 51.534102], [-0.06032, 51.534119], [-0.06074, 51.534404], [-0.061204, 51.534763], [-0.061193, 51.534769], [-0.061655, 51.535141], [-0.061935, 51.535289], [-0.062337, 51.535441], [-0.062332, 51.535454], [-0.06237, 51.53547]]]}, "properties": {"OBJECTID": 479, "Type": null, "First_map": null, "Last_map": null, "First_Year": null, "Last_Year": null, "London1stSeries": 1, "London1srRevision": 1}}, {"type": "Feature", "id": 490, "geometry": {"type": "Polygon", "coordinates": [[[-0.05777, 51.534197], [-0.057789, 51.534339], [-0.057431, 51.534413], [-0.057407, 51.534374], [-0.057416, 51.534349], [-0.057702, 51.534238], [-0.05777, 51.534197]]]}, "properties": {"OBJECTID": 480, "Type": null, "First_map": null, "Last_map": null, "First_Year": null, "Last_Year": null, "London1stSeries": 1, "London1srRevision": 1}}, {"type": "Feature", "id": 491, "geometry": {"type": "Polygon", "coordinates": [[[-0.05718, 51.534484], [-0.057137, 51.534499], [-0.05699, 51.534595], [-0.056842, 51.534672], [-0.056608, 51.53476], [-0.056008, 51.534955], [-0.055268, 51.535145], [-0.054952, 51.535196], [-0.054944, 51.535203], [-0.054715, 51.535231], [-0.054334, 51.535243], [-0.053884, 51.535231], [-0.053611, 51.535196], [-0.053228, 51.53513], [-0.052895, 51.535049], [-0.052573, 51.534951], [-0.049243, 51.533826], [-0.04922, 51.533817], [-0.049138, 51.533745], [-0.049079, 51.533715], [-0.049149, 51.533644], [-0.049196, 51.533657], [-0.049314, 51.533664], [-0.049627, 51.533769], [-0.04962, 51.533778], [-0.050381, 51.534031], [-0.050436, 51.534063], [-0.050734, 51.534192], [-0.050955, 51.534231], [-0.051136, 51.534313], [-0.051445, 51.534394], [-0.051935, 51.534552], [-0.052017, 51.53458], [-0.052012, 51.534586], [-0.052029, 51.534593], [-0.052085, 51.534604], [-0.052417, 51.534713], [-0.052415, 51.534699], [-0.053048, 51.534893], [-0.053414, 51.53498], [-0.053687, 51.535027], [-0.053886, 51.535053], [-0.054267, 51.535064], [-0.054281, 51.535101], [-0.054609, 51.535095], [-0.054657, 51.535084], [-0.05502, 51.535039], [-0.055399, 51.534965], [-0.055383, 51.534932], [-0.055423, 51.534921], [-0.055437, 51.53495], [-0.055734, 51.534874], [-0.05572, 51.534851], [-0.055762, 51.534866], [-0.05666, 51.534586], [-0.056647, 51.534503], [-0.056997, 51.534409], [-0.057117, 51.534397], [-0.057132, 51.534424], [-0.057189, 51.534425], [-0.05718, 51.534484]]]}, "properties": {"OBJECTID": 481, "Type": null, "First_map": null, "Last_map": null, "First_Year": null, "Last_Year": null, "London1stSeries": 1, "London1srRevision": 1}}, {"type": "Feature", "id": 492, "geometry": {"type": "Polygon", "coordinates": [[[-0.086695, 51.537262], [-0.08674, 51.537142], [-0.086904, 51.537026], [-0.08719, 51.536938], [-0.087535, 51.536802], [-0.088376, 51.536391], [-0.0884, 51.536399], [-0.088757, 51.53624], [-0.088804, 51.53624], [-0.089043, 51.536133], [-0.089129, 51.536065], [-0.089451, 51.535914], [-0.089519, 51.535994], [-0.089484, 51.53602], [-0.089417, 51.536101], [-0.089354, 51.53614], [-0.087376, 51.537096], [-0.087107, 51.537169], [-0.086923, 51.537201], [-0.086695, 51.537262]]]}, "properties": {"OBJECTID": 482, "Type": null, "First_map": null, "Last_map": null, "First_Year": null, "Last_Year": null, "London1stSeries": 1, "London1srRevision": 1}}, {"type": "Feature", "id": 493, "geometry": {"type": "Polygon", "coordinates": [[[-0.086443, 51.537195], [-0.086397, 51.537322], [-0.086183, 51.537343], [-0.085755, 51.537414], [-0.084739, 51.537547], [-0.084418, 51.53757], [-0.084217, 51.537567], [-0.084066, 51.537556], [-0.082963, 51.537398], [-0.082959, 51.537405], [-0.082815, 51.537383], [-0.082816, 51.537378], [-0.082109, 51.53727], [-0.081849, 51.537185], [-0.08186, 51.537137], [-0.082005, 51.537134], [-0.082117, 51.537114], [-0.08325, 51.537263], [-0.083331, 51.537289], [-0.083712, 51.537346], [-0.084133, 51.537399], [-0.084348, 51.537414], [-0.084406, 51.537406], [-0.084478, 51.53737], [-0.085216, 51.537298], [-0.085238, 51.537277], [-0.085532, 51.53724], [-0.085594, 51.537235], [-0.085611, 51.537278], [-0.085628, 51.537283], [-0.086186, 51.537195], [-0.086443, 51.537195]]]}, "properties": {"OBJECTID": 483, "Type": null, "First_map": null, "Last_map": null, "First_Year": null, "Last_Year": null, "London1stSeries": 1, "London1srRevision": 1}}, {"type": "Feature", "id": 494, "geometry": {"type": "Polygon", "coordinates": [[[-0.079542, 51.53678], [-0.079621, 51.536788], [-0.079624, 51.536778], [-0.079755, 51.53675], [-0.080658, 51.536882], [-0.080983, 51.536939], [-0.081623, 51.537026], [-0.081613, 51.537081], [-0.081646, 51.537099], [-0.08172, 51.53712], [-0.081711, 51.537168], [-0.081404, 51.53718], [-0.081145, 51.53716], [-0.080619, 51.537087], [-0.080616, 51.537093], [-0.080493, 51.537076], [-0.080495, 51.537069], [-0.078744, 51.536827], [-0.078459, 51.536763], [-0.078317, 51.536753], [-0.078195, 51.536763], [-0.078191, 51.536792], [-0.078273, 51.536801], [-0.078093, 51.538267], [-0.078114, 51.538429], [-0.078095, 51.538553], [-0.078071, 51.53859], [-0.078086, 51.538614], [-0.078082, 51.538638], [-0.077996, 51.538679], [-0.077918, 51.538687], [-0.077687, 51.538668], [-0.077673, 51.538662], [-0.07772, 51.538271], [-0.077741, 51.538271], [-0.077743, 51.538247], [-0.077725, 51.538247], [-0.077786, 51.537752], [-0.077817, 51.537754], [-0.077823, 51.537701], [-0.077793, 51.5377], [-0.077872, 51.537046], [-0.077881, 51.537046], [-0.077981, 51.536919], [-0.078003, 51.536764], [-0.078036, 51.53677], [-0.078036, 51.536741], [-0.077976, 51.536712], [-0.077894, 51.536693], [-0.07756, 51.536658], [-0.077127, 51.536581], [-0.076994, 51.53653], [-0.076999, 51.536467], [-0.077275, 51.536474], [-0.077417, 51.536456], [-0.077617, 51.53648], [-0.077619, 51.536488], [-0.077715, 51.536523], [-0.077814, 51.536535], [-0.077846, 51.53651], [-0.078538, 51.536597], [-0.07853, 51.536636], [-0.078746, 51.536656], [-0.078861, 51.536674], [-0.078873, 51.536628], [-0.078891, 51.536562], [-0.078996, 51.536523], [-0.079036, 51.536485], [-0.079195, 51.536502], [-0.079159, 51.53672], [-0.079542, 51.53678]]]}, "properties": {"OBJECTID": 484, "Type": null, "First_map": null, "Last_map": null, "First_Year": null, "Last_Year": null, "London1stSeries": 1, "London1srRevision": 1}}, {"type": "Feature", "id": 495, "geometry": {"type": "Polygon", "coordinates": [[[-0.075821, 51.536284], [-0.076064, 51.536308], [-0.07609, 51.536319], [-0.076695, 51.536395], [-0.076709, 51.536435], [-0.076757, 51.536444], [-0.076755, 51.536493], [-0.076585, 51.536507], [-0.076472, 51.536506], [-0.075814, 51.536438], [-0.075821, 51.536284]]]}, "properties": {"OBJECTID": 485, "Type": null, "First_map": null, "Last_map": null, "First_Year": null, "Last_Year": null, "London1stSeries": 1, "London1srRevision": 1}}, {"type": "Feature", "id": 496, "geometry": {"type": "Polygon", "coordinates": [[[-0.039874, 51.527387], [-0.040098, 51.527363], [-0.040161, 51.527396], [-0.040197, 51.527425], [-0.0404, 51.527716], [-0.040475, 51.527755], [-0.040483, 51.527814], [-0.040884, 51.52841], [-0.041658, 51.529439], [-0.041724, 51.529486], [-0.041822, 51.529644], [-0.041891, 51.529698], [-0.042198, 51.53013], [-0.042169, 51.530185], [-0.042201, 51.530248], [-0.042201, 51.530288], [-0.042049, 51.530324], [-0.041877, 51.530148], [-0.041447, 51.529551], [-0.041433, 51.529533], [-0.041418, 51.529537], [-0.041336, 51.529418], [-0.041352, 51.529415], [-0.039874, 51.527387]]]}, "properties": {"OBJECTID": 486, "Type": null, "First_map": null, "Last_map": null, "First_Year": null, "Last_Year": null, "London1stSeries": 1, "London1srRevision": 1}}, {"type": "Feature", "id": 497, "geometry": {"type": "Polygon", "coordinates": [[[-0.04169, 51.532345], [-0.041707, 51.53234], [-0.042506, 51.53197], [-0.042555, 51.531946], [-0.042584, 51.53189], [-0.042833, 51.531777], [-0.042851, 51.531774], [-0.042869, 51.531789], [-0.042892, 51.531777], [-0.042986, 51.531787], [-0.043024, 51.531779], [-0.043498, 51.531558], [-0.043555, 51.531591], [-0.043101, 51.531803], [-0.043036, 51.531858], [-0.043029, 51.531904], [-0.042976, 51.531933], [-0.041559, 51.532603], [-0.041426, 51.532634], [-0.041359, 51.532638], [-0.041345, 51.532645], [-0.041311, 51.532586], [-0.041327, 51.532577], [-0.041332, 51.532562], [-0.041301, 51.532502], [-0.041359, 51.532476], [-0.041295, 51.53242], [-0.041622, 51.532269], [-0.041657, 51.532341], [-0.04169, 51.532345]]]}, "properties": {"OBJECTID": 487, "Type": null, "First_map": null, "Last_map": null, "First_Year": null, "Last_Year": null, "London1stSeries": 1, "London1srRevision": 1}}, {"type": "Feature", "id": 498, "geometry": {"type": "Polygon", "coordinates": [[[-0.044374, 51.531868], [-0.044323, 51.531848], [-0.044216, 51.531823], [-0.044068, 51.531768], [-0.043678, 51.531586], [-0.043337, 51.531412], [-0.04283, 51.531121], [-0.042572, 51.530944], [-0.042339, 51.530735], [-0.042266, 51.530648], [-0.042178, 51.530496], [-0.042329, 51.530458], [-0.042392, 51.530474], [-0.042479, 51.530482], [-0.042656, 51.530654], [-0.042646, 51.530697], [-0.042658, 51.530727], [-0.042913, 51.530981], [-0.043232, 51.531207], [-0.043336, 51.531253], [-0.043432, 51.531254], [-0.043505, 51.531265], [-0.043708, 51.531225], [-0.043927, 51.531343], [-0.043975, 51.531406], [-0.043994, 51.531512], [-0.044021, 51.531558], [-0.044198, 51.531659], [-0.044207, 51.531652], [-0.044251, 51.531667], [-0.04428, 51.531659], [-0.044516, 51.5315], [-0.044619, 51.531564], [-0.044384, 51.531719], [-0.044382, 51.531766], [-0.044446, 51.531791], [-0.044374, 51.531868]]]}, "properties": {"OBJECTID": 488, "Type": null, "First_map": null, "Last_map": null, "First_Year": null, "Last_Year": null, "London1stSeries": 1, "London1srRevision": 1}}, {"type": "Feature", "id": 499, "geometry": {"type": "Polygon", "coordinates": [[[-0.04572, 51.532411], [-0.045773, 51.53243], [-0.045766, 51.532436], [-0.045932, 51.532483], [-0.046908, 51.532883], [-0.047827, 51.533202], [-0.048848, 51.533533], [-0.049004, 51.53359], [-0.048937, 51.533658], [-0.048833, 51.53364], [-0.048718, 51.533644], [-0.048651, 51.533634], [-0.048026, 51.533434], [-0.046997, 51.53309], [-0.046992, 51.533095], [-0.046836, 51.533042], [-0.046843, 51.533034], [-0.046163, 51.532816], [-0.045971, 51.532739], [-0.045798, 51.532647], [-0.045655, 51.532525], [-0.045648, 51.532529], [-0.045287, 51.532347], [-0.044987, 51.532249], [-0.044797, 51.532156], [-0.044657, 51.532068], [-0.044566, 51.531976], [-0.044528, 51.531948], [-0.044583, 51.531888], [-0.044675, 51.53189], [-0.044768, 51.531911], [-0.04485, 51.531943], [-0.045249, 51.532133], [-0.045297, 51.532166], [-0.045348, 51.53222], [-0.045484, 51.532295], [-0.04572, 51.532411]]]}, "properties": {"OBJECTID": 489, "Type": null, "First_map": null, "Last_map": null, "First_Year": null, "Last_Year": null, "London1stSeries": 1, "London1srRevision": 1}}, {"type": "Feature", "id": 500, "geometry": {"type": "Polygon", "coordinates": [[[-0.09757, 51.531259], [-0.097696, 51.53146], [-0.098229, 51.532225], [-0.098263, 51.532317], [-0.098375, 51.532425], [-0.098463, 51.532481], [-0.098581, 51.53254], [-0.09864, 51.532559], [-0.098772, 51.53258], [-0.099102, 51.532622], [-0.099233, 51.532628], [-0.099287, 51.532543], [-0.099975, 51.532722], [-0.10002, 51.532768], [-0.100059, 51.532781], [-0.100045, 51.532836], [-0.099983, 51.532831], [-0.099798, 51.532863], [-0.099437, 51.532829], [-0.099324, 51.532807], [-0.099107, 51.532736], [-0.098606, 51.532674], [-0.098135, 51.532721], [-0.097935, 51.53275], [-0.097554, 51.532831], [-0.097118, 51.532934], [-0.09707, 51.532951], [-0.096998, 51.532847], [-0.097497, 51.532713], [-0.097485, 51.532697], [-0.097827, 51.532606], [-0.097839, 51.532594], [-0.097928, 51.53257], [-0.097332, 51.531707], [-0.097176, 51.531455], [-0.096752, 51.53084], [-0.09628, 51.530114], [-0.096288, 51.530111], [-0.096275, 51.530089], [-0.095494, 51.528926], [-0.09509, 51.528316], [-0.095512, 51.528212], [-0.09602, 51.528934], [-0.096722, 51.53001], [-0.09757, 51.531259]]]}, "properties": {"OBJECTID": 490, "Type": null, "First_map": null, "Last_map": null, "First_Year": null, "Last_Year": null, "London1stSeries": 1, "London1srRevision": 1}}, {"type": "Feature", "id": 501, "geometry": {"type": "Polygon", "coordinates": [[[-0.095895, 51.533001], [-0.095549, 51.532522], [-0.09505, 51.53185], [-0.094784, 51.53147], [-0.094573, 51.531045], [-0.09417, 51.530284], [-0.094111, 51.530141], [-0.094298, 51.530122], [-0.09435, 51.530156], [-0.094438, 51.530151], [-0.094545, 51.530148], [-0.094632, 51.53017], [-0.094716, 51.530355], [-0.094616, 51.530382], [-0.09481, 51.530756], [-0.09491, 51.530741], [-0.095238, 51.53137], [-0.095476, 51.531712], [-0.095475, 51.531726], [-0.095608, 51.53193], [-0.095534, 51.531953], [-0.095544, 51.531964], [-0.095551, 51.531964], [-0.095606, 51.53204], [-0.095608, 51.532061], [-0.095668, 51.532118], [-0.095761, 51.532091], [-0.09602, 51.53245], [-0.096331, 51.532859], [-0.096567, 51.532797], [-0.096736, 51.532856], [-0.09687, 51.532851], [-0.096869, 51.532871], [-0.096874, 51.53287], [-0.09695, 51.532983], [-0.096285, 51.533174], [-0.095743, 51.533356], [-0.094248, 51.533917], [-0.094165, 51.533834], [-0.094196, 51.533812], [-0.094205, 51.533787], [-0.094185, 51.533757], [-0.094223, 51.533742], [-0.094165, 51.53367], [-0.095217, 51.533247], [-0.095895, 51.533001]]]}, "properties": {"OBJECTID": 491, "Type": null, "First_map": null, "Last_map": null, "First_Year": null, "Last_Year": null, "London1stSeries": 1, "London1srRevision": 1}}, {"type": "Feature", "id": 502, "geometry": {"type": "Polygon", "coordinates": [[[-0.102644, 51.53319], [-0.102266, 51.533199], [-0.100387, 51.532937], [-0.1003, 51.532916], [-0.100202, 51.532865], [-0.100221, 51.532795], [-0.100394, 51.532791], [-0.102321, 51.533051], [-0.102459, 51.533079], [-0.102661, 51.533145], [-0.102644, 51.53319]]]}, "properties": {"OBJECTID": 492, "Type": null, "First_map": null, "Last_map": null, "First_Year": null, "Last_Year": null, "London1stSeries": 1, "London1srRevision": 1}}, {"type": "Feature", "id": 503, "geometry": {"type": "Polygon", "coordinates": [[[-0.089715, 51.535902], [-0.089657, 51.535832], [-0.089719, 51.535808], [-0.089742, 51.535777], [-0.089686, 51.53572], [-0.091222, 51.534991], [-0.091227, 51.534996], [-0.091346, 51.534948], [-0.091356, 51.534956], [-0.09149, 51.53494], [-0.091725, 51.534842], [-0.091733, 51.534848], [-0.091744, 51.534843], [-0.091746, 51.534835], [-0.091813, 51.534804], [-0.091843, 51.534773], [-0.09183, 51.534742], [-0.091834, 51.534716], [-0.09241, 51.534432], [-0.092589, 51.534361], [-0.09258, 51.53435], [-0.092866, 51.534237], [-0.092858, 51.534229], [-0.093301, 51.534046], [-0.093316, 51.534061], [-0.093904, 51.533835], [-0.093979, 51.533897], [-0.094024, 51.533892], [-0.094061, 51.533877], [-0.094142, 51.533955], [-0.092952, 51.534448], [-0.092618, 51.534601], [-0.092114, 51.534849], [-0.092047, 51.534871], [-0.091895, 51.534906], [-0.091497, 51.535093], [-0.091361, 51.53519], [-0.091229, 51.535269], [-0.090965, 51.53539], [-0.09097, 51.535395], [-0.090823, 51.535462], [-0.090817, 51.535456], [-0.08996, 51.535844], [-0.089885, 51.535867], [-0.089715, 51.535902]]]}, "properties": {"OBJECTID": 493, "Type": null, "First_map": null, "Last_map": null, "First_Year": null, "Last_Year": null, "London1stSeries": 1, "London1srRevision": 1}}, {"type": "Feature", "id": 504, "geometry": {"type": "Polygon", "coordinates": [[[-0.075641, 51.536425], [-0.075552, 51.536413], [-0.075554, 51.536405], [-0.075343, 51.53638], [-0.074454, 51.536295], [-0.073231, 51.5362], [-0.073231, 51.536211], [-0.073035, 51.536195], [-0.073034, 51.536185], [-0.072279, 51.536125], [-0.072192, 51.536101], [-0.072055, 51.536046], [-0.071992, 51.536038], [-0.071993, 51.535982], [-0.072068, 51.535985], [-0.072233, 51.535961], [-0.072745, 51.53601], [-0.073412, 51.53606], [-0.073462, 51.536038], [-0.073482, 51.536003], [-0.073536, 51.535735], [-0.073605, 51.535739], [-0.073553, 51.536013], [-0.073564, 51.536045], [-0.073597, 51.536067], [-0.073675, 51.536083], [-0.074417, 51.536144], [-0.075648, 51.536268], [-0.075641, 51.536425]]]}, "properties": {"OBJECTID": 494, "Type": null, "First_map": null, "Last_map": null, "First_Year": null, "Last_Year": null, "London1stSeries": 1, "London1srRevision": 1}}, {"type": "Feature", "id": 505, "geometry": {"type": "Polygon", "coordinates": [[[-0.070277, 51.535854], [-0.070299, 51.535855], [-0.070326, 51.535821], [-0.070369, 51.535796], [-0.070386, 51.535796], [-0.070406, 51.535777], [-0.070941, 51.535793], [-0.071689, 51.535852], [-0.071794, 51.535952], [-0.071875, 51.535971], [-0.071877, 51.536026], [-0.071785, 51.536029], [-0.071584, 51.536065], [-0.071544, 51.536064], [-0.070305, 51.535943], [-0.070287, 51.53594], [-0.070277, 51.535854]]]}, "properties": {"OBJECTID": 495, "Type": null, "First_map": null, "Last_map": null, "First_Year": null, "Last_Year": null, "London1stSeries": 1, "London1srRevision": 1}}, {"type": "Feature", "id": 506, "geometry": {"type": "Polygon", "coordinates": [[[-0.063573, 51.535611], [-0.063591, 51.535631], [-0.063574, 51.535654], [-0.063485, 51.535657], [-0.06329, 51.535699], [-0.063091, 51.535709], [-0.063025, 51.535708], [-0.062877, 51.535686], [-0.062645, 51.535616], [-0.062509, 51.535596], [-0.062603, 51.535501], [-0.062654, 51.535505], [-0.062758, 51.535491], [-0.063343, 51.535492], [-0.063373, 51.535499], [-0.063371, 51.535512], [-0.06352, 51.535539], [-0.063965, 51.535544], [-0.064005, 51.535539], [-0.064006, 51.535544], [-0.064169, 51.535533], [-0.064225, 51.535516], [-0.064868, 51.535539], [-0.067156, 51.535567], [-0.068996, 51.535671], [-0.068995, 51.535691], [-0.06937, 51.535702], [-0.069929, 51.535754], [-0.070013, 51.535812], [-0.070092, 51.535834], [-0.0701, 51.535922], [-0.068521, 51.535787], [-0.067857, 51.535753], [-0.065883, 51.535708], [-0.064307, 51.535715], [-0.064211, 51.535706], [-0.064002, 51.535659], [-0.063963, 51.535665], [-0.063961, 51.535659], [-0.063581, 51.535659], [-0.0636, 51.535631], [-0.063579, 51.535605], [-0.063626, 51.535607], [-0.063628, 51.535612], [-0.064002, 51.535612], [-0.064015, 51.535616], [-0.06405, 51.535602], [-0.064022, 51.535589], [-0.063512, 51.53558], [-0.063492, 51.535587], [-0.063494, 51.535601], [-0.063507, 51.535607], [-0.063573, 51.535611]]]}, "properties": {"OBJECTID": 496, "Type": null, "First_map": null, "Last_map": null, "First_Year": null, "Last_Year": null, "London1stSeries": 1, "London1srRevision": 1}}, {"type": "Feature", "id": 507, "geometry": {"type": "Polygon", "coordinates": [[[-0.06237, 51.53547], [-0.062283, 51.535563], [-0.061881, 51.535493], [-0.061753, 51.535459], [-0.061644, 51.535414], [-0.061543, 51.535356], [-0.061398, 51.535239], [-0.060805, 51.534702], [-0.060646, 51.534575], [-0.060505, 51.534491], [-0.060364, 51.534424], [-0.060197, 51.534352], [-0.060084, 51.534314], [-0.059779, 51.534229], [-0.059681, 51.534209], [-0.059215, 51.534166], [-0.058869, 51.534176], [-0.058675, 51.534191], [-0.058314, 51.53424], [-0.058034, 51.534293], [-0.058008, 51.534117], [-0.058019, 51.534116], [-0.058024, 51.534131], [-0.058781, 51.534035], [-0.05899, 51.534023], [-0.059595, 51.534052], [-0.059593, 51.534043], [-0.059966, 51.534103], [-0.060167, 51.534122], [-0.060172, 51.534102], [-0.06032, 51.534119], [-0.06074, 51.534404], [-0.061204, 51.534763], [-0.061193, 51.534769], [-0.061655, 51.535141], [-0.061935, 51.535289], [-0.062337, 51.535441], [-0.062332, 51.535454], [-0.06237, 51.53547]]]}, "properties": {"OBJECTID": 497, "Type": null, "First_map": null, "Last_map": null, "First_Year": null, "Last_Year": null, "London1stSeries": 1, "London1srRevision": 1}}, {"type": "Feature", "id": 508, "geometry": {"type": "Polygon", "coordinates": [[[-0.05777, 51.534197], [-0.057789, 51.534339], [-0.057431, 51.534413], [-0.057407, 51.534374], [-0.057416, 51.534349], [-0.057702, 51.534238], [-0.05777, 51.534197]]]}, "properties": {"OBJECTID": 498, "Type": null, "First_map": null, "Last_map": null, "First_Year": null, "Last_Year": null, "London1stSeries": 1, "London1srRevision": 1}}, {"type": "Feature", "id": 509, "geometry": {"type": "Polygon", "coordinates": [[[-0.05718, 51.534484], [-0.057137, 51.534499], [-0.05699, 51.534595], [-0.056842, 51.534672], [-0.056608, 51.53476], [-0.056008, 51.534955], [-0.055268, 51.535145], [-0.054952, 51.535196], [-0.054944, 51.535203], [-0.054715, 51.535231], [-0.054334, 51.535243], [-0.053884, 51.535231], [-0.053611, 51.535196], [-0.053228, 51.53513], [-0.052895, 51.535049], [-0.052573, 51.534951], [-0.049243, 51.533826], [-0.04922, 51.533817], [-0.049138, 51.533745], [-0.049079, 51.533715], [-0.049149, 51.533644], [-0.049196, 51.533657], [-0.049314, 51.533664], [-0.049627, 51.533769], [-0.04962, 51.533778], [-0.050381, 51.534031], [-0.050436, 51.534063], [-0.050734, 51.534192], [-0.050955, 51.534231], [-0.051136, 51.534313], [-0.051445, 51.534394], [-0.051935, 51.534552], [-0.052017, 51.53458], [-0.052012, 51.534586], [-0.052029, 51.534593], [-0.052085, 51.534604], [-0.052417, 51.534713], [-0.052415, 51.534699], [-0.053048, 51.534893], [-0.053414, 51.53498], [-0.053687, 51.535027], [-0.053886, 51.535053], [-0.054267, 51.535064], [-0.054281, 51.535101], [-0.054609, 51.535095], [-0.054657, 51.535084], [-0.05502, 51.535039], [-0.055399, 51.534965], [-0.055383, 51.534932], [-0.055423, 51.534921], [-0.055437, 51.53495], [-0.055734, 51.534874], [-0.05572, 51.534851], [-0.055762, 51.534866], [-0.05666, 51.534586], [-0.056647, 51.534503], [-0.056997, 51.534409], [-0.057117, 51.534397], [-0.057132, 51.534424], [-0.057189, 51.534425], [-0.05718, 51.534484]]]}, "properties": {"OBJECTID": 499, "Type": null, "First_map": null, "Last_map": null, "First_Year": null, "Last_Year": null, "London1stSeries": 1, "London1srRevision": 1}}, {"type": "Feature", "id": 510, "geometry": {"type": "Polygon", "coordinates": [[[-0.086695, 51.537262], [-0.08674, 51.537142], [-0.086904, 51.537026], [-0.08719, 51.536938], [-0.087535, 51.536802], [-0.088376, 51.536391], [-0.0884, 51.536399], [-0.088757, 51.53624], [-0.088804, 51.53624], [-0.089043, 51.536133], [-0.089129, 51.536065], [-0.089451, 51.535914], [-0.089519, 51.535994], [-0.089484, 51.53602], [-0.089417, 51.536101], [-0.089354, 51.53614], [-0.087376, 51.537096], [-0.087107, 51.537169], [-0.086923, 51.537201], [-0.086695, 51.537262]]]}, "properties": {"OBJECTID": 500, "Type": null, "First_map": null, "Last_map": null, "First_Year": null, "Last_Year": null, "London1stSeries": 1, "London1srRevision": 1}}, {"type": "Feature", "id": 511, "geometry": {"type": "Polygon", "coordinates": [[[-0.086443, 51.537195], [-0.086397, 51.537322], [-0.086183, 51.537343], [-0.085755, 51.537414], [-0.084739, 51.537547], [-0.084418, 51.53757], [-0.084217, 51.537567], [-0.084066, 51.537556], [-0.082963, 51.537398], [-0.082959, 51.537405], [-0.082815, 51.537383], [-0.082816, 51.537378], [-0.082109, 51.53727], [-0.081849, 51.537185], [-0.08186, 51.537137], [-0.082005, 51.537134], [-0.082117, 51.537114], [-0.08325, 51.537263], [-0.083331, 51.537289], [-0.083712, 51.537346], [-0.084133, 51.537399], [-0.084348, 51.537414], [-0.084406, 51.537406], [-0.084478, 51.53737], [-0.085216, 51.537298], [-0.085238, 51.537277], [-0.085532, 51.53724], [-0.085594, 51.537235], [-0.085611, 51.537278], [-0.085628, 51.537283], [-0.086186, 51.537195], [-0.086443, 51.537195]]]}, "properties": {"OBJECTID": 501, "Type": null, "First_map": null, "Last_map": null, "First_Year": null, "Last_Year": null, "London1stSeries": 1, "London1srRevision": 1}}, {"type": "Feature", "id": 512, "geometry": {"type": "Polygon", "coordinates": [[[-0.076999, 51.536467], [-0.077275, 51.536474], [-0.077417, 51.536456], [-0.077617, 51.53648], [-0.077619, 51.536488], [-0.077715, 51.536523], [-0.077814, 51.536535], [-0.077846, 51.53651], [-0.078538, 51.536597], [-0.07853, 51.536636], [-0.078746, 51.536656], [-0.079542, 51.53678], [-0.079621, 51.536788], [-0.079624, 51.536778], [-0.079755, 51.53675], [-0.080658, 51.536882], [-0.080983, 51.536939], [-0.081623, 51.537026], [-0.081613, 51.537081], [-0.081646, 51.537099], [-0.08172, 51.53712], [-0.081711, 51.537168], [-0.081404, 51.53718], [-0.081145, 51.53716], [-0.080619, 51.537087], [-0.080616, 51.537093], [-0.080493, 51.537076], [-0.080495, 51.537069], [-0.078744, 51.536827], [-0.078459, 51.536763], [-0.078317, 51.536753], [-0.078195, 51.536763], [-0.078191, 51.536792], [-0.078273, 51.536801], [-0.078093, 51.538267], [-0.078114, 51.538429], [-0.078095, 51.538553], [-0.078071, 51.53859], [-0.078086, 51.538614], [-0.078082, 51.538638], [-0.077996, 51.538679], [-0.077918, 51.538687], [-0.077687, 51.538668], [-0.077673, 51.538662], [-0.07772, 51.538271], [-0.077741, 51.538271], [-0.077743, 51.538247], [-0.077725, 51.538247], [-0.077786, 51.537752], [-0.077817, 51.537754], [-0.077823, 51.537701], [-0.077793, 51.5377], [-0.077872, 51.537046], [-0.077881, 51.537046], [-0.077981, 51.536919], [-0.078003, 51.536764], [-0.078036, 51.53677], [-0.078036, 51.536741], [-0.077976, 51.536712], [-0.077894, 51.536693], [-0.07756, 51.536658], [-0.077127, 51.536581], [-0.076994, 51.53653], [-0.076999, 51.536467]]]}, "properties": {"OBJECTID": 502, "Type": null, "First_map": null, "Last_map": null, "First_Year": null, "Last_Year": null, "London1stSeries": 1, "London1srRevision": 1}}, {"type": "Feature", "id": 513, "geometry": {"type": "Polygon", "coordinates": [[[-0.075821, 51.536284], [-0.076064, 51.536308], [-0.07609, 51.536319], [-0.076695, 51.536395], [-0.076709, 51.536435], [-0.076757, 51.536444], [-0.076755, 51.536493], [-0.076585, 51.536507], [-0.076472, 51.536506], [-0.075814, 51.536438], [-0.075821, 51.536284]]]}, "properties": {"OBJECTID": 503, "Type": null, "First_map": null, "Last_map": null, "First_Year": null, "Last_Year": null, "London1stSeries": 1, "London1srRevision": 1}}, {"type": "Feature", "id": 514, "geometry": {"type": "Polygon", "coordinates": [[[-0.039874, 51.527387], [-0.040098, 51.527363], [-0.040161, 51.527396], [-0.040197, 51.527425], [-0.0404, 51.527716], [-0.040475, 51.527755], [-0.040483, 51.527814], [-0.040884, 51.52841], [-0.041658, 51.529439], [-0.041724, 51.529486], [-0.041822, 51.529644], [-0.041891, 51.529698], [-0.042198, 51.53013], [-0.042169, 51.530185], [-0.042201, 51.530248], [-0.042201, 51.530288], [-0.042049, 51.530324], [-0.041877, 51.530148], [-0.041447, 51.529551], [-0.041433, 51.529533], [-0.041418, 51.529537], [-0.041336, 51.529418], [-0.041352, 51.529415], [-0.039874, 51.527387]]]}, "properties": {"OBJECTID": 504, "Type": null, "First_map": null, "Last_map": null, "First_Year": null, "Last_Year": null, "London1stSeries": 1, "London1srRevision": 1}}, {"type": "Feature", "id": 515, "geometry": {"type": "Polygon", "coordinates": [[[-0.041345, 51.532645], [-0.041311, 51.532586], [-0.041327, 51.532577], [-0.041332, 51.532562], [-0.041301, 51.532502], [-0.041657, 51.532341], [-0.04169, 51.532345], [-0.041707, 51.53234], [-0.042506, 51.53197], [-0.042555, 51.531946], [-0.042584, 51.53189], [-0.042833, 51.531777], [-0.042851, 51.531774], [-0.042869, 51.531789], [-0.042892, 51.531777], [-0.042986, 51.531787], [-0.043024, 51.531779], [-0.043498, 51.531558], [-0.043555, 51.531591], [-0.043101, 51.531803], [-0.043036, 51.531858], [-0.043029, 51.531904], [-0.042976, 51.531933], [-0.041559, 51.532603], [-0.041426, 51.532634], [-0.041359, 51.532638], [-0.041345, 51.532645]]]}, "properties": {"OBJECTID": 505, "Type": null, "First_map": null, "Last_map": null, "First_Year": null, "Last_Year": null, "London1stSeries": 1, "London1srRevision": 1}}, {"type": "Feature", "id": 516, "geometry": {"type": "Polygon", "coordinates": [[[-0.044374, 51.531868], [-0.044323, 51.531848], [-0.044216, 51.531823], [-0.044068, 51.531768], [-0.043678, 51.531586], [-0.043337, 51.531412], [-0.04283, 51.531121], [-0.042572, 51.530944], [-0.042339, 51.530735], [-0.042266, 51.530648], [-0.042178, 51.530496], [-0.042329, 51.530458], [-0.042392, 51.530474], [-0.042479, 51.530482], [-0.042656, 51.530654], [-0.042646, 51.530697], [-0.042658, 51.530727], [-0.042913, 51.530981], [-0.043232, 51.531207], [-0.043336, 51.531253], [-0.043432, 51.531254], [-0.043505, 51.531265], [-0.043708, 51.531225], [-0.043927, 51.531343], [-0.043975, 51.531406], [-0.043994, 51.531512], [-0.044021, 51.531558], [-0.044198, 51.531659], [-0.044207, 51.531652], [-0.044251, 51.531667], [-0.04428, 51.531659], [-0.044516, 51.5315], [-0.044619, 51.531564], [-0.044384, 51.531719], [-0.044382, 51.531766], [-0.044446, 51.531791], [-0.044374, 51.531868]]]}, "properties": {"OBJECTID": 506, "Type": null, "First_map": null, "Last_map": null, "First_Year": null, "Last_Year": null, "London1stSeries": 1, "London1srRevision": 1}}, {"type": "Feature", "id": 517, "geometry": {"type": "Polygon", "coordinates": [[[-0.04572, 51.532411], [-0.045773, 51.53243], [-0.045766, 51.532436], [-0.045932, 51.532483], [-0.046908, 51.532883], [-0.047827, 51.533202], [-0.048848, 51.533533], [-0.049004, 51.53359], [-0.048937, 51.533658], [-0.048833, 51.53364], [-0.048718, 51.533644], [-0.048651, 51.533634], [-0.048026, 51.533434], [-0.046997, 51.53309], [-0.046992, 51.533095], [-0.046836, 51.533042], [-0.046843, 51.533034], [-0.046163, 51.532816], [-0.045971, 51.532739], [-0.045798, 51.532647], [-0.045655, 51.532525], [-0.045648, 51.532529], [-0.045287, 51.532347], [-0.044987, 51.532249], [-0.044797, 51.532156], [-0.044657, 51.532068], [-0.044566, 51.531976], [-0.044528, 51.531948], [-0.044583, 51.531888], [-0.044675, 51.53189], [-0.044768, 51.531911], [-0.04485, 51.531943], [-0.045249, 51.532133], [-0.045297, 51.532166], [-0.045348, 51.53222], [-0.045484, 51.532295], [-0.04572, 51.532411]]]}, "properties": {"OBJECTID": 507, "Type": null, "First_map": null, "Last_map": null, "First_Year": null, "Last_Year": null, "London1stSeries": 1, "London1srRevision": 1}}, {"type": "Feature", "id": 518, "geometry": {"type": "Polygon", "coordinates": [[[-0.100045, 51.532836], [-0.099983, 51.532831], [-0.099798, 51.532863], [-0.099437, 51.532829], [-0.099324, 51.532807], [-0.099107, 51.532736], [-0.098606, 51.532674], [-0.098135, 51.532721], [-0.097935, 51.53275], [-0.097554, 51.532831], [-0.097118, 51.532934], [-0.09707, 51.532951], [-0.096998, 51.532847], [-0.097497, 51.532713], [-0.097485, 51.532697], [-0.097827, 51.532606], [-0.097839, 51.532594], [-0.097928, 51.53257], [-0.097332, 51.531707], [-0.097176, 51.531455], [-0.096752, 51.53084], [-0.09628, 51.530114], [-0.096288, 51.530111], [-0.096275, 51.530089], [-0.096306, 51.530036], [-0.096597, 51.529962], [-0.096693, 51.529997], [-0.096704, 51.530015], [-0.096722, 51.53001], [-0.09757, 51.531259], [-0.097696, 51.53146], [-0.098229, 51.532225], [-0.098263, 51.532317], [-0.098375, 51.532425], [-0.098463, 51.532481], [-0.098581, 51.53254], [-0.09864, 51.532559], [-0.098772, 51.53258], [-0.099102, 51.532622], [-0.099233, 51.532628], [-0.099287, 51.532543], [-0.099975, 51.532722], [-0.10002, 51.532768], [-0.100059, 51.532781], [-0.100045, 51.532836]]]}, "properties": {"OBJECTID": 508, "Type": null, "First_map": null, "Last_map": null, "First_Year": null, "Last_Year": null, "London1stSeries": 1, "London1srRevision": 1}}, {"type": "Feature", "id": 519, "geometry": {"type": "Polygon", "coordinates": [[[-0.102644, 51.53319], [-0.102266, 51.533199], [-0.100387, 51.532937], [-0.1003, 51.532916], [-0.100202, 51.532865], [-0.100221, 51.532795], [-0.100394, 51.532791], [-0.102321, 51.533051], [-0.102459, 51.533079], [-0.102661, 51.533145], [-0.102644, 51.53319]]]}, "properties": {"OBJECTID": 510, "Type": null, "First_map": null, "Last_map": null, "First_Year": null, "Last_Year": null, "London1stSeries": 1, "London1srRevision": 1}}, {"type": "Feature", "id": 520, "geometry": {"type": "Polygon", "coordinates": [[[-0.089715, 51.535902], [-0.089657, 51.535832], [-0.089719, 51.535808], [-0.089742, 51.535777], [-0.089686, 51.53572], [-0.091222, 51.534991], [-0.091227, 51.534996], [-0.091346, 51.534948], [-0.091356, 51.534956], [-0.09149, 51.53494], [-0.091725, 51.534842], [-0.091733, 51.534848], [-0.091744, 51.534843], [-0.091746, 51.534835], [-0.091813, 51.534804], [-0.091843, 51.534773], [-0.09183, 51.534742], [-0.091834, 51.534716], [-0.09241, 51.534432], [-0.092589, 51.534361], [-0.09258, 51.53435], [-0.092866, 51.534237], [-0.092858, 51.534229], [-0.093301, 51.534046], [-0.093316, 51.534061], [-0.093904, 51.533835], [-0.093979, 51.533897], [-0.094024, 51.533892], [-0.094061, 51.533877], [-0.094142, 51.533955], [-0.092952, 51.534448], [-0.092618, 51.534601], [-0.092114, 51.534849], [-0.092047, 51.534871], [-0.091895, 51.534906], [-0.091497, 51.535093], [-0.091361, 51.53519], [-0.091229, 51.535269], [-0.090965, 51.53539], [-0.09097, 51.535395], [-0.090823, 51.535462], [-0.090817, 51.535456], [-0.08996, 51.535844], [-0.089885, 51.535867], [-0.089715, 51.535902]]]}, "properties": {"OBJECTID": 511, "Type": null, "First_map": null, "Last_map": null, "First_Year": null, "Last_Year": null, "London1stSeries": 1, "London1srRevision": 1}}, {"type": "Feature", "id": 521, "geometry": {"type": "Polygon", "coordinates": [[[-0.035661, 51.510188], [-0.035652, 51.510216], [-0.035592, 51.510245], [-0.035579, 51.510263], [-0.035573, 51.510285], [-0.035583, 51.510334], [-0.035499, 51.510347], [-0.035494, 51.510271], [-0.035538, 51.510173], [-0.035661, 51.510188]]]}, "properties": {"OBJECTID": 514, "Type": null, "First_map": null, "Last_map": null, "First_Year": null, "Last_Year": null, "London1stSeries": 1, "London1srRevision": 1}}, {"type": "Feature", "id": 522, "geometry": {"type": "Polygon", "coordinates": [[[-0.036415, 51.512475], [-0.036436, 51.512396], [-0.036447, 51.512388], [-0.036525, 51.512186], [-0.036591, 51.512194], [-0.036496, 51.512453], [-0.03654, 51.512456], [-0.036548, 51.512414], [-0.036636, 51.512198], [-0.036702, 51.512205], [-0.036621, 51.512443], [-0.036606, 51.512454], [-0.036615, 51.512485], [-0.036415, 51.512475]]]}, "properties": {"OBJECTID": 515, "Type": null, "First_map": null, "Last_map": null, "First_Year": null, "Last_Year": null, "London1stSeries": 1, "London1srRevision": 1}}, {"type": "Feature", "id": 523, "geometry": {"type": "Polygon", "coordinates": [[[-0.035462, 51.514044], [-0.035606, 51.513894], [-0.035969, 51.513435], [-0.035976, 51.513403], [-0.036044, 51.513302], [-0.036058, 51.513305], [-0.036133, 51.51317], [-0.036214, 51.512977], [-0.036258, 51.512826], [-0.036298, 51.512769], [-0.036335, 51.512688], [-0.036544, 51.512698], [-0.036564, 51.512791], [-0.036622, 51.512855], [-0.036649, 51.512961], [-0.036644, 51.513037], [-0.036478, 51.513104], [-0.036364, 51.513182], [-0.036295, 51.513292], [-0.03628, 51.51339], [-0.036299, 51.513413], [-0.036248, 51.513492], [-0.036139, 51.513613], [-0.03608, 51.513614], [-0.03604, 51.513644], [-0.035828, 51.513886], [-0.035729, 51.514031], [-0.035462, 51.514044]]]}, "properties": {"OBJECTID": 516, "Type": null, "First_map": null, "Last_map": null, "First_Year": null, "Last_Year": null, "London1stSeries": 1, "London1srRevision": 1}}, {"type": "Feature", "id": 524, "geometry": {"type": "Polygon", "coordinates": [[[-0.035616, 51.514132], [-0.035557, 51.514193], [-0.03537, 51.514456], [-0.035325, 51.514509], [-0.035311, 51.514506], [-0.035291, 51.514533], [-0.035317, 51.51454], [-0.035222, 51.514648], [-0.035203, 51.514638], [-0.035079, 51.514735], [-0.035042, 51.514777], [-0.035049, 51.514782], [-0.035007, 51.514817], [-0.034852, 51.515009], [-0.034837, 51.515008], [-0.034821, 51.51502], [-0.034805, 51.515057], [-0.034467, 51.515433], [-0.034229, 51.51574], [-0.034222, 51.515738], [-0.034186, 51.515813], [-0.03393, 51.5162], [-0.03364, 51.516398], [-0.033652, 51.516324], [-0.033684, 51.516234], [-0.033811, 51.515982], [-0.033984, 51.515706], [-0.034326, 51.515226], [-0.034513, 51.515041], [-0.034665, 51.514961], [-0.0349, 51.514692], [-0.034985, 51.514523], [-0.035013, 51.514488], [-0.03515, 51.514342], [-0.035259, 51.514251], [-0.035359, 51.514144], [-0.035616, 51.514132]]]}, "properties": {"OBJECTID": 517, "Type": null, "First_map": null, "Last_map": null, "First_Year": null, "Last_Year": null, "London1stSeries": 1, "London1srRevision": 1}}, {"type": "Feature", "id": 525, "geometry": {"type": "Polygon", "coordinates": [[[-0.035531, 51.518428], [-0.035423, 51.518366], [-0.035316, 51.51832], [-0.035262, 51.518288], [-0.034439, 51.517666], [-0.034039, 51.517353], [-0.033854, 51.517147], [-0.033751, 51.517006], [-0.033677, 51.516866], [-0.033662, 51.516864], [-0.033634, 51.516753], [-0.033644, 51.516751], [-0.033626, 51.516538], [-0.033627, 51.516517], [-0.033885, 51.516342], [-0.033865, 51.51652], [-0.033897, 51.516562], [-0.033899, 51.516676], [-0.03392, 51.516791], [-0.033976, 51.516945], [-0.034101, 51.51713], [-0.034255, 51.517272], [-0.03426, 51.517289], [-0.034515, 51.517479], [-0.034592, 51.517494], [-0.034804, 51.51766], [-0.034814, 51.517715], [-0.035148, 51.517969], [-0.03527, 51.517996], [-0.035466, 51.518131], [-0.035464, 51.518159], [-0.035571, 51.518304], [-0.035646, 51.518367], [-0.035531, 51.518428]]]}, "properties": {"OBJECTID": 518, "Type": null, "First_map": null, "Last_map": null, "First_Year": null, "Last_Year": null, "London1stSeries": 1, "London1srRevision": 1}}, {"type": "Feature", "id": 526, "geometry": {"type": "Polygon", "coordinates": [[[-0.035772, 51.518462], [-0.035809, 51.518485], [-0.036121, 51.518556], [-0.036152, 51.518573], [-0.036236, 51.5188], [-0.036352, 51.518916], [-0.036432, 51.519379], [-0.0364, 51.519411], [-0.03638, 51.519455], [-0.036408, 51.519799], [-0.036395, 51.5198], [-0.036432, 51.519847], [-0.036447, 51.519904], [-0.036486, 51.519942], [-0.036491, 51.520236], [-0.036516, 51.520236], [-0.036532, 51.520566], [-0.036603, 51.521466], [-0.036549, 51.521468], [-0.036596, 51.52219], [-0.03661, 51.522627], [-0.03659, 51.522727], [-0.036555, 51.522776], [-0.036452, 51.522788], [-0.036393, 51.522674], [-0.036357, 51.522429], [-0.036326, 51.521995], [-0.036315, 51.521995], [-0.036306, 51.521886], [-0.03632, 51.521886], [-0.036221, 51.520743], [-0.036212, 51.520743], [-0.036196, 51.520598], [-0.036208, 51.520562], [-0.036167, 51.520053], [-0.036171, 51.519948], [-0.036218, 51.519805], [-0.03621, 51.519804], [-0.036209, 51.519775], [-0.03622, 51.519778], [-0.036201, 51.519564], [-0.036191, 51.519564], [-0.036198, 51.519491], [-0.036074, 51.519251], [-0.035941, 51.518916], [-0.035728, 51.518596], [-0.035652, 51.518522], [-0.035772, 51.518462]]]}, "properties": {"OBJECTID": 519, "Type": null, "First_map": null, "Last_map": null, "First_Year": null, "Last_Year": null, "London1stSeries": 1, "London1srRevision": 1}}, {"type": "Feature", "id": 527, "geometry": {"type": "Polygon", "coordinates": [[[-0.03694, 51.524181], [-0.036761, 51.524065], [-0.036686, 51.523984], [-0.036477, 51.523481], [-0.036436, 51.523307], [-0.036407, 51.523002], [-0.03646, 51.522895], [-0.036465, 51.522863], [-0.036487, 51.522859], [-0.036542, 51.522857], [-0.036556, 51.522881], [-0.036614, 51.52289], [-0.036636, 51.522878], [-0.03664, 51.522847], [-0.036662, 51.522842], [-0.036695, 51.52305], [-0.036627, 51.523061], [-0.036661, 51.523259], [-0.036804, 51.52361], [-0.036758, 51.523638], [-0.036753, 51.523659], [-0.036841, 51.52395], [-0.036999, 51.524157], [-0.03694, 51.524181]]]}, "properties": {"OBJECTID": 520, "Type": null, "First_map": null, "Last_map": null, "First_Year": null, "Last_Year": null, "London1stSeries": 1, "London1srRevision": 1}}, {"type": "Feature", "id": 528, "geometry": {"type": "Polygon", "coordinates": [[[-0.037108, 51.524345], [-0.037175, 51.52432], [-0.037329, 51.524433], [-0.037368, 51.524445], [-0.037429, 51.524447], [-0.037825, 51.524784], [-0.037835, 51.524813], [-0.03782, 51.52484], [-0.037882, 51.524925], [-0.037945, 51.524972], [-0.038121, 51.525138], [-0.038128, 51.525135], [-0.038183, 51.525196], [-0.038204, 51.525186], [-0.038278, 51.525246], [-0.038332, 51.525245], [-0.038354, 51.525252], [-0.03866, 51.525542], [-0.038651, 51.525548], [-0.038711, 51.525677], [-0.038782, 51.525742], [-0.03881, 51.52573], [-0.039018, 51.525915], [-0.038989, 51.525929], [-0.039016, 51.525953], [-0.039094, 51.526001], [-0.039289, 51.526173], [-0.039328, 51.526177], [-0.039369, 51.526214], [-0.039527, 51.5264], [-0.039838, 51.526834], [-0.039801, 51.526844], [-0.039792, 51.52686], [-0.039972, 51.527115], [-0.039986, 51.527152], [-0.039988, 51.527228], [-0.039783, 51.527259], [-0.039307, 51.526594], [-0.039076, 51.526308], [-0.038898, 51.52611], [-0.03851, 51.525739], [-0.038268, 51.525536], [-0.038258, 51.525539], [-0.038163, 51.525452], [-0.038035, 51.525319], [-0.037998, 51.525237], [-0.03777, 51.525029], [-0.037762, 51.525031], [-0.037736, 51.525007], [-0.037743, 51.525004], [-0.037722, 51.52498], [-0.03754, 51.52487], [-0.037313, 51.524673], [-0.037264, 51.524618], [-0.037172, 51.524483], [-0.037108, 51.524345]]]}, "properties": {"OBJECTID": 521, "Type": null, "First_map": null, "Last_map": null, "First_Year": null, "Last_Year": null, "London1stSeries": 1, "London1srRevision": 1}}, {"type": "Feature", "id": 529, "geometry": {"type": "Polygon", "coordinates": [[[-0.016642, 51.518497], [-0.018847, 51.517623], [-0.019264, 51.517451], [-0.019683, 51.517287], [-0.020412, 51.516998], [-0.0213, 51.516646], [-0.021396, 51.516609], [-0.021461, 51.516586], [-0.021556, 51.516656], [-0.021468, 51.516716], [-0.020199, 51.517246], [-0.020208, 51.517256], [-0.018345, 51.518019], [-0.017909, 51.518211], [-0.017416, 51.518411], [-0.017283, 51.518455], [-0.01674, 51.518677], [-0.016642, 51.518497]]]}, "properties": {"OBJECTID": 522, "Type": null, "First_map": null, "Last_map": null, "First_Year": null, "Last_Year": null, "London1stSeries": 1, "London1srRevision": 1}}, {"type": "Feature", "id": 530, "geometry": {"type": "Polygon", "coordinates": [[[-0.015484, 51.519205], [-0.01539, 51.519006], [-0.015972, 51.518763], [-0.016469, 51.518566], [-0.016568, 51.518747], [-0.016126, 51.518933], [-0.016153, 51.518969], [-0.016043, 51.519017], [-0.015987, 51.51902], [-0.01595, 51.519037], [-0.015921, 51.51907], [-0.015764, 51.519137], [-0.015676, 51.519119], [-0.015574, 51.519153], [-0.015484, 51.519205]]]}, "properties": {"OBJECTID": 523, "Type": null, "First_map": null, "Last_map": null, "First_Year": null, "Last_Year": null, "London1stSeries": 1, "London1srRevision": 1}}, {"type": "Feature", "id": 531, "geometry": {"type": "Polygon", "coordinates": [[[-0.015284, 51.519049], [-0.01538, 51.519254], [-0.015171, 51.519335], [-0.013664, 51.519974], [-0.01318, 51.520212], [-0.012711, 51.520408], [-0.012642, 51.520436], [-0.012613, 51.520408], [-0.011727, 51.520762], [-0.010848, 51.521473], [-0.010752, 51.521486], [-0.010686, 51.521482], [-0.010373, 51.521551], [-0.010369, 51.52153], [-0.010669, 51.521312], [-0.011099, 51.520971], [-0.011528, 51.52064], [-0.011728, 51.520545], [-0.012022, 51.520427], [-0.012162, 51.520376], [-0.015284, 51.519049]]]}, "properties": {"OBJECTID": 524, "Type": null, "First_map": null, "Last_map": null, "First_Year": null, "Last_Year": null, "London1stSeries": 1, "London1srRevision": 1}}, {"type": "Feature", "id": 532, "geometry": {"type": "Polygon", "coordinates": [[[-0.010117, 51.521692], [-0.010109, 51.521808], [-0.00945, 51.522216], [-0.009025, 51.522644], [-0.008568, 51.523339], [-0.008341, 51.52383], [-0.008322, 51.52383], [-0.008322, 51.523837], [-0.007829, 51.523833], [-0.007805, 51.523508], [-0.007812, 51.523485], [-0.007779, 51.523397], [-0.007851, 51.523363], [-0.007862, 51.523375], [-0.007889, 51.523374], [-0.007941, 51.52332], [-0.008072, 51.523259], [-0.0081, 51.523277], [-0.008138, 51.523271], [-0.008151, 51.523258], [-0.008148, 51.523223], [-0.008244, 51.523177], [-0.008239, 51.52322], [-0.008251, 51.52323], [-0.008282, 51.523231], [-0.008317, 51.523208], [-0.008844, 51.52242], [-0.008865, 51.522422], [-0.008877, 51.522415], [-0.009021, 51.522214], [-0.00916, 51.522138], [-0.009479, 51.522094], [-0.010117, 51.521692]]]}, "properties": {"OBJECTID": 525, "Type": null, "First_map": null, "Last_map": null, "First_Year": null, "Last_Year": null, "London1stSeries": 1, "London1srRevision": 1}}, {"type": "Feature", "id": 533, "geometry": {"type": "Polygon", "coordinates": [[[-0.032114, 51.512143], [-0.031937, 51.512269], [-0.031667, 51.512436], [-0.03154, 51.512421], [-0.031808, 51.512257], [-0.031953, 51.512172], [-0.032051, 51.511945], [-0.032403, 51.511458], [-0.032558, 51.511497], [-0.032367, 51.511834], [-0.032217, 51.512074], [-0.032114, 51.512143]]]}, "properties": {"OBJECTID": 526, "Type": null, "First_map": null, "Last_map": null, "First_Year": null, "Last_Year": null, "London1stSeries": 1, "London1srRevision": 1}}, {"type": "Feature", "id": 534, "geometry": {"type": "Polygon", "coordinates": [[[-0.02891, 51.51371], [-0.028306, 51.513946], [-0.027843, 51.514167], [-0.027879, 51.514062], [-0.027908, 51.51405], [-0.027844, 51.513927], [-0.028111, 51.513817], [-0.028362, 51.513716], [-0.028394, 51.513691], [-0.02918, 51.513384], [-0.029427, 51.513284], [-0.029484, 51.513253], [-0.031359, 51.512522], [-0.031421, 51.512494], [-0.03154, 51.512421], [-0.031667, 51.512436], [-0.031369, 51.512626], [-0.031216, 51.512692], [-0.031211, 51.512712], [-0.031232, 51.51274], [-0.030845, 51.512933], [-0.030565, 51.513029], [-0.030559, 51.513045], [-0.030104, 51.51318], [-0.029837, 51.513286], [-0.02891, 51.51371]]]}, "properties": {"OBJECTID": 527, "Type": null, "First_map": null, "Last_map": null, "First_Year": null, "Last_Year": null, "London1stSeries": 1, "London1srRevision": 1}}, {"type": "Feature", "id": 535, "geometry": {"type": "Polygon", "coordinates": [[[-0.021589, 51.516531], [-0.021813, 51.516411], [-0.02444, 51.515368], [-0.024645, 51.51528], [-0.025089, 51.515099], [-0.027528, 51.514062], [-0.027844, 51.513927], [-0.027908, 51.51405], [-0.027879, 51.514062], [-0.027843, 51.514167], [-0.027397, 51.514344], [-0.026857, 51.514569], [-0.026843, 51.514555], [-0.026267, 51.514794], [-0.026277, 51.514805], [-0.025307, 51.515203], [-0.025301, 51.515197], [-0.02496, 51.515329], [-0.024032, 51.515704], [-0.024016, 51.515721], [-0.023858, 51.51578], [-0.023882, 51.515817], [-0.023578, 51.515957], [-0.023493, 51.515925], [-0.021798, 51.516607], [-0.021724, 51.516629], [-0.021668, 51.516597], [-0.021589, 51.516531]]]}, "properties": {"OBJECTID": 528, "Type": null, "First_map": null, "Last_map": null, "First_Year": null, "Last_Year": null, "London1stSeries": 1, "London1srRevision": 1}}, {"type": "Feature", "id": 536, "geometry": {"type": "Polygon", "coordinates": [[[-0.043584, 51.56079], [-0.043629, 51.560803], [-0.043538, 51.560928], [-0.043474, 51.560912], [-0.043351, 51.560953], [-0.043142, 51.560914], [-0.042559, 51.560768], [-0.041449, 51.56045], [-0.041254, 51.560376], [-0.040883, 51.560209], [-0.040353, 51.560037], [-0.040243, 51.560069], [-0.040169, 51.560091], [-0.04004, 51.560057], [-0.040052, 51.560039], [-0.040163, 51.560069], [-0.040202, 51.560058], [-0.040317, 51.560025], [-0.040055, 51.55994], [-0.039887, 51.559845], [-0.039786, 51.559756], [-0.039512, 51.559425], [-0.03906, 51.558679], [-0.038992, 51.558515], [-0.038841, 51.558223], [-0.038771, 51.558127], [-0.039045, 51.558116], [-0.03927, 51.558493], [-0.039975, 51.559529], [-0.040202, 51.559681], [-0.04073, 51.5599], [-0.040738, 51.559904], [-0.040858, 51.55987], [-0.04087, 51.559886], [-0.040769, 51.559915], [-0.041033, 51.560013], [-0.041606, 51.56025], [-0.041767, 51.56031], [-0.042024, 51.56039], [-0.042896, 51.5606], [-0.043308, 51.560681], [-0.043337, 51.560703], [-0.043531, 51.560755], [-0.043584, 51.56079]]]}, "properties": {"OBJECTID": 529, "Type": null, "First_map": null, "Last_map": null, "First_Year": null, "Last_Year": null, "London1stSeries": 1, "London1srRevision": 1}}, {"type": "Feature", "id": 537, "geometry": {"type": "Polygon", "coordinates": [[[-0.039028, 51.55808], [-0.038752, 51.55809], [-0.038664, 51.557938], [-0.038534, 51.557753], [-0.038258, 51.557433], [-0.037949, 51.557146], [-0.037849, 51.557064], [-0.037606, 51.556878], [-0.037479, 51.556795], [-0.03711, 51.556606], [-0.036434, 51.556321], [-0.036179, 51.556194], [-0.036045, 51.556107], [-0.035549, 51.555716], [-0.0352, 51.555522], [-0.034568, 51.555216], [-0.034199, 51.555052], [-0.033639, 51.554824], [-0.032682, 51.554395], [-0.032378, 51.554248], [-0.032234, 51.554157], [-0.03211, 51.554057], [-0.03195, 51.553834], [-0.031597, 51.55324], [-0.031257, 51.552725], [-0.031055, 51.552447], [-0.030843, 51.552189], [-0.030606, 51.551934], [-0.030369, 51.551697], [-0.030197, 51.55156], [-0.030463, 51.551448], [-0.031347, 51.552329], [-0.031427, 51.552384], [-0.031648, 51.55272], [-0.032514, 51.553937], [-0.032668, 51.554086], [-0.032838, 51.554209], [-0.033024, 51.554312], [-0.033665, 51.554593], [-0.035612, 51.555519], [-0.036206, 51.555947], [-0.03651, 51.556137], [-0.036666, 51.556219], [-0.037656, 51.556653], [-0.037702, 51.55668], [-0.037929, 51.55683], [-0.038125, 51.556974], [-0.038353, 51.557166], [-0.038543, 51.557349], [-0.038697, 51.557523], [-0.038771, 51.557628], [-0.039028, 51.55808]]]}, "properties": {"OBJECTID": 530, "Type": null, "First_map": null, "Last_map": null, "First_Year": null, "Last_Year": null, "London1stSeries": 1, "London1srRevision": 1}}, {"type": "Feature", "id": 538, "geometry": {"type": "Polygon", "coordinates": [[[-0.029409, 51.538244], [-0.02939, 51.538201], [-0.029906, 51.53796], [-0.029973, 51.53791], [-0.029996, 51.537804], [-0.030018, 51.53778], [-0.030478, 51.53759], [-0.030833, 51.53747], [-0.032238, 51.5368], [-0.032949, 51.53649], [-0.033462, 51.536252], [-0.033532, 51.536215], [-0.033537, 51.536193], [-0.033653, 51.536129], [-0.034065, 51.535943], [-0.03418, 51.535941], [-0.034213, 51.535996], [-0.034168, 51.536021], [-0.034138, 51.536093], [-0.033833, 51.536247], [-0.03028, 51.53791], [-0.030076, 51.537992], [-0.029984, 51.537989], [-0.029933, 51.538001], [-0.029409, 51.538244]]]}, "properties": {"OBJECTID": 531, "Type": null, "First_map": null, "Last_map": null, "First_Year": null, "Last_Year": null, "London1stSeries": 1, "London1srRevision": 1}}, {"type": "Feature", "id": 539, "geometry": {"type": "Polygon", "coordinates": [[[-0.027047, 51.548709], [-0.02738, 51.548625], [-0.029866, 51.550883], [-0.029856, 51.550887], [-0.030352, 51.55133], [-0.030072, 51.551447], [-0.027835, 51.549502], [-0.027047, 51.548709]]]}, "properties": {"OBJECTID": 532, "Type": null, "First_map": null, "Last_map": null, "First_Year": null, "Last_Year": null, "London1stSeries": 1, "London1srRevision": 1}}, {"type": "Feature", "id": 540, "geometry": {"type": "Polygon", "coordinates": [[[-0.026499, 51.548165], [-0.026648, 51.548087], [-0.026715, 51.548073], [-0.026726, 51.548084], [-0.026771, 51.548077], [-0.027013, 51.548293], [-0.026708, 51.548377], [-0.026499, 51.548165]]]}, "properties": {"OBJECTID": 533, "Type": null, "First_map": null, "Last_map": null, "First_Year": null, "Last_Year": null, "London1stSeries": 1, "London1srRevision": 1}}, {"type": "Feature", "id": 541, "geometry": {"type": "Polygon", "coordinates": [[[-0.02187, 51.543581], [-0.02213, 51.543568], [-0.022182, 51.543689], [-0.022266, 51.543965], [-0.022351, 51.544187], [-0.022635, 51.544673], [-0.02288, 51.544976], [-0.023395, 51.545388], [-0.023449, 51.545407], [-0.024469, 51.546218], [-0.024526, 51.546227], [-0.024532, 51.546268], [-0.02649, 51.547885], [-0.026531, 51.547929], [-0.026561, 51.547997], [-0.026401, 51.548076], [-0.026317, 51.548], [-0.02627, 51.54798], [-0.023936, 51.546055], [-0.023576, 51.54577], [-0.022929, 51.545309], [-0.022705, 51.545129], [-0.022695, 51.545098], [-0.022547, 51.544959], [-0.022395, 51.544768], [-0.02211, 51.544265], [-0.022029, 51.544063], [-0.02187, 51.543581]]]}, "properties": {"OBJECTID": 534, "Type": null, "First_map": null, "Last_map": null, "First_Year": null, "Last_Year": null, "London1stSeries": 1, "London1srRevision": 1}}, {"type": "Feature", "id": 542, "geometry": {"type": "Polygon", "coordinates": [[[-0.020669, 51.537758], [-0.020546, 51.537634], [-0.020588, 51.537555], [-0.020945, 51.537252], [-0.021047, 51.537135], [-0.021085, 51.537061], [-0.021104, 51.536993], [-0.021106, 51.536913], [-0.02109, 51.536828], [-0.021327, 51.536838], [-0.021347, 51.536872], [-0.021413, 51.5369], [-0.021433, 51.536938], [-0.021422, 51.537037], [-0.021401, 51.537104], [-0.021315, 51.537249], [-0.021231, 51.537366], [-0.021148, 51.537838], [-0.021123, 51.537849], [-0.021074, 51.537848], [-0.021058, 51.537889], [-0.021054, 51.537938], [-0.021063, 51.537937], [-0.021008, 51.538246], [-0.021022, 51.538256], [-0.021072, 51.538262], [-0.021083, 51.538291], [-0.021034, 51.538536], [-0.020821, 51.53983], [-0.020776, 51.540164], [-0.020737, 51.540667], [-0.020754, 51.540782], [-0.020807, 51.54096], [-0.020947, 51.541298], [-0.021077, 51.541565], [-0.021141, 51.541664], [-0.021197, 51.541715], [-0.021281, 51.541752], [-0.021348, 51.541754], [-0.021495, 51.541739], [-0.02165, 51.54171], [-0.021688, 51.541723], [-0.021782, 51.541707], [-0.022675, 51.541315], [-0.024058, 51.540665], [-0.024294, 51.540608], [-0.024735, 51.540404], [-0.024766, 51.540368], [-0.024797, 51.540283], [-0.02498, 51.540196], [-0.024988, 51.540185], [-0.025126, 51.540131], [-0.025473, 51.539955], [-0.025565, 51.539913], [-0.025599, 51.539911], [-0.025825, 51.539807], [-0.025875, 51.539991], [-0.025728, 51.540071], [-0.025505, 51.540153], [-0.024919, 51.540417], [-0.024829, 51.540416], [-0.024799, 51.540425], [-0.024337, 51.540638], [-0.024292, 51.540666], [-0.024234, 51.540738], [-0.024095, 51.54084], [-0.024042, 51.540868], [-0.023671, 51.541055], [-0.023501, 51.541123], [-0.022984, 51.54136], [-0.022955, 51.541381], [-0.022948, 51.541376], [-0.022885, 51.541405], [-0.022052, 51.541804], [-0.022049, 51.541822], [-0.021558, 51.542067], [-0.021511, 51.542127], [-0.021495, 51.542196], [-0.021697, 51.542571], [-0.0217, 51.542702], [-0.021721, 51.542749], [-0.021558, 51.542777], [-0.021223, 51.542426], [-0.020925, 51.542028], [-0.020724, 51.541721], [-0.020591, 51.541419], [-0.020488, 51.541141], [-0.020502, 51.541062], [-0.020439, 51.540866], [-0.02038, 51.540607], [-0.020364, 51.540462], [-0.020372, 51.54025], [-0.020403, 51.539965], [-0.020497, 51.539389], [-0.020612, 51.538788], [-0.020606, 51.538777], [-0.020665, 51.538425], [-0.020794, 51.538234], [-0.020787, 51.538218], [-0.020795, 51.538184], [-0.020805, 51.538184], [-0.020841, 51.537958], [-0.020829, 51.537958], [-0.020855, 51.537875], [-0.020849, 51.537859], [-0.020818, 51.537817], [-0.020735, 51.53776], [-0.020712, 51.537752], [-0.020675, 51.537755], [-0.020669, 51.537758]]]}, "properties": {"OBJECTID": 535, "Type": null, "First_map": null, "Last_map": null, "First_Year": null, "Last_Year": null, "London1stSeries": 1, "London1srRevision": 1}}, {"type": "Feature", "id": 543, "geometry": {"type": "Polygon", "coordinates": [[[-0.038013, 51.53414], [-0.038083, 51.5341], [-0.038126, 51.53405], [-0.038162, 51.534032], [-0.038897, 51.533684], [-0.039556, 51.533387], [-0.039582, 51.533353], [-0.039585, 51.53333], [-0.039558, 51.533297], [-0.039862, 51.533155], [-0.039893, 51.533177], [-0.039971, 51.533156], [-0.040544, 51.532879], [-0.040661, 51.532855], [-0.041031, 51.532679], [-0.041063, 51.53268], [-0.041123, 51.532667], [-0.04116, 51.532728], [-0.041114, 51.532759], [-0.041077, 51.532826], [-0.041007, 51.532863], [-0.038473, 51.534054], [-0.038141, 51.534141], [-0.038013, 51.53414]]]}, "properties": {"OBJECTID": 536, "Type": null, "First_map": null, "Last_map": null, "First_Year": null, "Last_Year": null, "London1stSeries": 1, "London1srRevision": 1}}, {"type": "Feature", "id": 544, "geometry": {"type": "Polygon", "coordinates": [[[-0.034276, 51.535964], [-0.034243, 51.535911], [-0.034324, 51.535822], [-0.0355, 51.535265], [-0.035528, 51.535241], [-0.035527, 51.535231], [-0.035534, 51.535235], [-0.035544, 51.5352], [-0.036101, 51.534955], [-0.036201, 51.534956], [-0.036567, 51.534797], [-0.036574, 51.534738], [-0.036607, 51.53473], [-0.036594, 51.534719], [-0.036758, 51.534646], [-0.036815, 51.534632], [-0.036896, 51.534633], [-0.036957, 51.534606], [-0.036959, 51.534584], [-0.037651, 51.53428], [-0.037877, 51.534204], [-0.038009, 51.534203], [-0.037961, 51.53423], [-0.037867, 51.534335], [-0.037828, 51.534363], [-0.034529, 51.535933], [-0.034365, 51.535944], [-0.034276, 51.535964]]]}, "properties": {"OBJECTID": 537, "Type": null, "First_map": null, "Last_map": null, "First_Year": null, "Last_Year": null, "London1stSeries": 1, "London1srRevision": 1}}, {"type": "Feature", "id": 545, "geometry": {"type": "Polygon", "coordinates": [[[-0.046525, 51.5636], [-0.046494, 51.563567], [-0.046413, 51.563521], [-0.046407, 51.5635], [-0.0466, 51.563413], [-0.04672, 51.56334], [-0.046837, 51.563292], [-0.047037, 51.563154], [-0.0471, 51.563091], [-0.047135, 51.563034], [-0.047178, 51.562869], [-0.047115, 51.56279], [-0.046969, 51.562653], [-0.046744, 51.562551], [-0.046553, 51.562478], [-0.04598, 51.562498], [-0.045896, 51.562473], [-0.045691, 51.562347], [-0.045648, 51.562366], [-0.045625, 51.562347], [-0.045659, 51.562328], [-0.045593, 51.562354], [-0.045588, 51.562349], [-0.045907, 51.562213], [-0.046241, 51.562184], [-0.046519, 51.56223], [-0.046689, 51.562267], [-0.046991, 51.562411], [-0.047156, 51.562498], [-0.047306, 51.562594], [-0.047412, 51.562684], [-0.047473, 51.562775], [-0.047501, 51.562871], [-0.047524, 51.56312], [-0.047513, 51.563267], [-0.047474, 51.563341], [-0.047436, 51.563383], [-0.0474, 51.563412], [-0.047152, 51.563553], [-0.047015, 51.563641], [-0.047021, 51.563647], [-0.046978, 51.563678], [-0.046895, 51.563769], [-0.046813, 51.563921], [-0.046788, 51.564027], [-0.046795, 51.56416], [-0.046846, 51.564318], [-0.04717, 51.564639], [-0.047591, 51.565136], [-0.047869, 51.565314], [-0.048268, 51.565493], [-0.048592, 51.565684], [-0.048868, 51.565908], [-0.049105, 51.566137], [-0.049125, 51.56614], [-0.049369, 51.566357], [-0.049383, 51.56638], [-0.049576, 51.56651], [-0.050038, 51.566771], [-0.050321, 51.566957], [-0.050647, 51.567195], [-0.051089, 51.567537], [-0.051131, 51.5676], [-0.051153, 51.567613], [-0.051031, 51.567798], [-0.050721, 51.567673], [-0.05055, 51.567561], [-0.049901, 51.567064], [-0.049632, 51.566883], [-0.04931, 51.56669], [-0.049155, 51.566587], [-0.048892, 51.566383], [-0.04862, 51.566154], [-0.048167, 51.565818], [-0.047429, 51.565408], [-0.04729, 51.565319], [-0.047059, 51.565116], [-0.046618, 51.564647], [-0.046548, 51.564564], [-0.046498, 51.56444], [-0.046483, 51.564425], [-0.046433, 51.564431], [-0.046356, 51.564428], [-0.046258, 51.564346], [-0.046198, 51.564243], [-0.046186, 51.564122], [-0.046163, 51.564066], [-0.046173, 51.564043], [-0.046194, 51.564031], [-0.046284, 51.564048], [-0.046303, 51.564049], [-0.046337, 51.564071], [-0.046355, 51.564071], [-0.046375, 51.564064], [-0.046401, 51.564041], [-0.046419, 51.564016], [-0.046424, 51.563936], [-0.046542, 51.563796], [-0.046578, 51.563736], [-0.046562, 51.563657], [-0.046525, 51.5636]]]}, "properties": {"OBJECTID": 538, "Type": null, "First_map": null, "Last_map": null, "First_Year": null, "Last_Year": null, "London1stSeries": 1, "London1srRevision": 1}}, {"type": "Feature", "id": 546, "geometry": {"type": "Polygon", "coordinates": [[[-0.060578, 51.57609], [-0.060735, 51.576438], [-0.060915, 51.576876], [-0.060983, 51.577072], [-0.061285, 51.577607], [-0.061909, 51.578559], [-0.061997, 51.578664], [-0.062255, 51.578928], [-0.062357, 51.57905], [-0.062412, 51.579177], [-0.062461, 51.579408], [-0.062463, 51.579493], [-0.062441, 51.579566], [-0.062297, 51.57989], [-0.062233, 51.579975], [-0.061944, 51.580284], [-0.061768, 51.580455], [-0.061382, 51.58078], [-0.061235, 51.580881], [-0.060922, 51.581044], [-0.060909, 51.581055], [-0.060915, 51.581066], [-0.06073, 51.58116], [-0.060698, 51.581159], [-0.060611, 51.581205], [-0.060589, 51.581208], [-0.060047, 51.581499], [-0.059859, 51.581592], [-0.059773, 51.581372], [-0.060184, 51.581125], [-0.060515, 51.580948], [-0.060611, 51.580902], [-0.060687, 51.580875], [-0.060998, 51.58068], [-0.061226, 51.580495], [-0.061788, 51.579918], [-0.061864, 51.579822], [-0.061905, 51.579751], [-0.061976, 51.579549], [-0.061983, 51.579352], [-0.061959, 51.579236], [-0.061913, 51.579124], [-0.061856, 51.579034], [-0.061404, 51.578471], [-0.06111, 51.578062], [-0.060856, 51.577679], [-0.060538, 51.577083], [-0.060347, 51.576581], [-0.060246, 51.576346], [-0.060018, 51.575881], [-0.059854, 51.575579], [-0.05953, 51.575061], [-0.059359, 51.574812], [-0.058844, 51.574121], [-0.058741, 51.573963], [-0.058532, 51.573596], [-0.058505, 51.573501], [-0.058458, 51.573174], [-0.058281, 51.57263], [-0.058031, 51.572458], [-0.057791, 51.57245], [-0.057189, 51.57279], [-0.057115, 51.57274], [-0.057198, 51.572691], [-0.057183, 51.572681], [-0.057102, 51.57273], [-0.056956, 51.572635], [-0.05703, 51.572647], [-0.057143, 51.572605], [-0.057424, 51.572455], [-0.057662, 51.57231], [-0.057688, 51.572285], [-0.057744, 51.572265], [-0.057127, 51.571821], [-0.057102, 51.571826], [-0.057031, 51.571943], [-0.05693, 51.572049], [-0.057113, 51.571797], [-0.057092, 51.571791], [-0.056949, 51.571992], [-0.056877, 51.571972], [-0.056867, 51.571986], [-0.056939, 51.572006], [-0.056902, 51.572056], [-0.05683, 51.572036], [-0.056821, 51.572049], [-0.056893, 51.57207], [-0.056854, 51.572122], [-0.056783, 51.572102], [-0.056773, 51.572115], [-0.056846, 51.572135], [-0.056807, 51.572188], [-0.056734, 51.572168], [-0.056726, 51.57218], [-0.056797, 51.572201], [-0.056756, 51.572256], [-0.056685, 51.572235], [-0.056676, 51.572248], [-0.056748, 51.572268], [-0.056733, 51.572327], [-0.056657, 51.572321], [-0.056655, 51.572335], [-0.05673, 51.572342], [-0.05672, 51.572398], [-0.056643, 51.572393], [-0.05664, 51.572407], [-0.056716, 51.572413], [-0.056704, 51.572473], [-0.056628, 51.572467], [-0.056625, 51.572479], [-0.056702, 51.572486], [-0.0567, 51.572492], [-0.056761, 51.57253], [-0.056708, 51.572564], [-0.056722, 51.572573], [-0.056777, 51.57254], [-0.056841, 51.57258], [-0.056787, 51.572614], [-0.056801, 51.572624], [-0.056858, 51.57259], [-0.056926, 51.572633], [-0.056871, 51.572667], [-0.056887, 51.572677], [-0.056942, 51.572644], [-0.057086, 51.572738], [-0.057006, 51.572786], [-0.057021, 51.572795], [-0.057101, 51.572747], [-0.057177, 51.572797], [-0.056827, 51.572993], [-0.05677, 51.572961], [-0.056743, 51.572956], [-0.056586, 51.573034], [-0.056459, 51.573113], [-0.056395, 51.573122], [-0.056401, 51.573133], [-0.056301, 51.57312], [-0.056258, 51.573139], [-0.056254, 51.57317], [-0.055647, 51.573281], [-0.055511, 51.573312], [-0.055455, 51.573333], [-0.055428, 51.573362], [-0.055422, 51.573402], [-0.055474, 51.57362], [-0.055445, 51.573771], [-0.055446, 51.573869], [-0.055429, 51.573912], [-0.055393, 51.573955], [-0.055391, 51.573976], [-0.054474, 51.574528], [-0.054261, 51.574618], [-0.053937, 51.574801], [-0.053934, 51.574809], [-0.053852, 51.574755], [-0.054079, 51.574588], [-0.054221, 51.574517], [-0.054424, 51.574452], [-0.054496, 51.57442], [-0.055297, 51.573939], [-0.055303, 51.573838], [-0.055229, 51.57353], [-0.055216, 51.573372], [-0.055229, 51.573312], [-0.055273, 51.573238], [-0.055362, 51.573198], [-0.055509, 51.573149], [-0.055688, 51.573105], [-0.055909, 51.573078], [-0.056171, 51.57308], [-0.056202, 51.573053], [-0.05631, 51.572998], [-0.056328, 51.573017], [-0.056353, 51.573009], [-0.056342, 51.572984], [-0.056365, 51.572968], [-0.05637, 51.572973], [-0.056424, 51.572955], [-0.056205, 51.572726], [-0.055996, 51.572759], [-0.055966, 51.57268], [-0.056161, 51.572652], [-0.056172, 51.572593], [-0.056258, 51.572598], [-0.05626, 51.57259], [-0.056174, 51.572584], [-0.056186, 51.572521], [-0.056271, 51.572527], [-0.056273, 51.572519], [-0.056186, 51.572513], [-0.056198, 51.572445], [-0.056285, 51.57245], [-0.056287, 51.572443], [-0.0562, 51.572437], [-0.056211, 51.572372], [-0.056299, 51.572378], [-0.0563, 51.572369], [-0.056212, 51.572363], [-0.056223, 51.572301], [-0.056312, 51.572307], [-0.056313, 51.572298], [-0.056225, 51.572292], [-0.056237, 51.572226], [-0.056247, 51.57221], [-0.056331, 51.572233], [-0.056335, 51.572225], [-0.056254, 51.572201], [-0.056296, 51.572143], [-0.056378, 51.572167], [-0.056384, 51.572158], [-0.056302, 51.572135], [-0.056342, 51.572077], [-0.056425, 51.572099], [-0.056431, 51.57209], [-0.056349, 51.572068], [-0.056392, 51.572006], [-0.056476, 51.572028], [-0.056481, 51.57202], [-0.056398, 51.571998], [-0.056439, 51.57194], [-0.056523, 51.571963], [-0.056528, 51.571953], [-0.056445, 51.571931], [-0.056488, 51.571871], [-0.05657, 51.571894], [-0.056576, 51.571887], [-0.056494, 51.571864], [-0.056535, 51.571804], [-0.056619, 51.571827], [-0.056623, 51.571819], [-0.05654, 51.571796], [-0.056588, 51.571736], [-0.056667, 51.571757], [-0.056672, 51.57175], [-0.056594, 51.571728], [-0.056641, 51.571668], [-0.056718, 51.571687], [-0.056723, 51.57168], [-0.056647, 51.57166], [-0.056719, 51.571558], [-0.056566, 51.571411], [-0.056546, 51.571206], [-0.056518, 51.571149], [-0.056458, 51.571064], [-0.056294, 51.570927], [-0.056019, 51.570755], [-0.055843, 51.570708], [-0.055215, 51.570636], [-0.054584, 51.570543], [-0.054423, 51.570501], [-0.054324, 51.570467], [-0.05413, 51.570353], [-0.054015, 51.570225], [-0.053878, 51.570024], [-0.053494, 51.569375], [-0.053265, 51.568958], [-0.053134, 51.568763], [-0.052909, 51.568609], [-0.052774, 51.568538], [-0.051939, 51.568161], [-0.051141, 51.567845], [-0.051266, 51.567659], [-0.051637, 51.567804], [-0.052221, 51.568007], [-0.052598, 51.568154], [-0.053055, 51.568356], [-0.053522, 51.568602], [-0.053621, 51.5687], [-0.053672, 51.568771], [-0.053729, 51.568902], [-0.053727, 51.568955], [-0.053872, 51.569189], [-0.05394, 51.569324], [-0.053953, 51.56937], [-0.053998, 51.569414], [-0.054047, 51.569523], [-0.054157, 51.569694], [-0.054212, 51.569828], [-0.054257, 51.569892], [-0.054315, 51.569946], [-0.054333, 51.569936], [-0.054387, 51.569982], [-0.054352, 51.570002], [-0.05442, 51.570086], [-0.0545, 51.570162], [-0.054507, 51.570168], [-0.054579, 51.570133], [-0.054596, 51.570147], [-0.054526, 51.570184], [-0.054626, 51.570264], [-0.054779, 51.570327], [-0.054941, 51.570365], [-0.055032, 51.570368], [-0.055018, 51.570376], [-0.055027, 51.570378], [-0.055438, 51.570389], [-0.055689, 51.570416], [-0.055929, 51.570416], [-0.056074, 51.570429], [-0.056209, 51.570466], [-0.056376, 51.570531], [-0.056488, 51.570588], [-0.05659, 51.570662], [-0.056667, 51.570752], [-0.056737, 51.570867], [-0.056868, 51.571166], [-0.056908, 51.571227], [-0.057036, 51.57135], [-0.057304, 51.571568], [-0.057632, 51.571816], [-0.058514, 51.572429], [-0.058683, 51.572563], [-0.058716, 51.572626], [-0.058759, 51.572755], [-0.058849, 51.573175], [-0.058989, 51.573532], [-0.059086, 51.573749], [-0.059297, 51.57409], [-0.059633, 51.574538], [-0.060075, 51.575175], [-0.060253, 51.575471], [-0.060448, 51.575829], [-0.060358, 51.575847], [-0.060499, 51.576107], [-0.060578, 51.57609]]]}, "properties": {"OBJECTID": 539, "Type": null, "First_map": null, "Last_map": null, "First_Year": null, "Last_Year": null, "London1stSeries": 1, "London1srRevision": 1}}, {"type": "Feature", "id": 547, "geometry": {"type": "Polygon", "coordinates": [[[-0.053646, 51.574879], [-0.053732, 51.574935], [-0.053724, 51.57494], [-0.053736, 51.574948], [-0.053661, 51.575005], [-0.053601, 51.575128], [-0.053572, 51.57515], [-0.053494, 51.575169], [-0.052458, 51.576253], [-0.052402, 51.57633], [-0.052328, 51.576517], [-0.052221, 51.577187], [-0.052245, 51.577308], [-0.052263, 51.577336], [-0.052348, 51.577406], [-0.052391, 51.577406], [-0.052397, 51.577455], [-0.052543, 51.577589], [-0.052559, 51.577586], [-0.053766, 51.579517], [-0.053821, 51.57966], [-0.053923, 51.580106], [-0.053976, 51.58025], [-0.054043, 51.580631], [-0.054067, 51.580688], [-0.054212, 51.580932], [-0.05449, 51.581324], [-0.054556, 51.581387], [-0.054577, 51.58142], [-0.054622, 51.581526], [-0.054646, 51.58167], [-0.054744, 51.582035], [-0.054887, 51.582324], [-0.055174, 51.582752], [-0.055215, 51.582834], [-0.055229, 51.5829], [-0.055232, 51.583133], [-0.055208, 51.583462], [-0.055204, 51.58369], [-0.055177, 51.583784], [-0.054837, 51.584418], [-0.054478, 51.584949], [-0.054358, 51.585083], [-0.054279, 51.585154], [-0.054272, 51.585174], [-0.054129, 51.585096], [-0.054156, 51.585082], [-0.054334, 51.58493], [-0.054421, 51.584819], [-0.054549, 51.584598], [-0.054639, 51.584465], [-0.054653, 51.58443], [-0.054644, 51.584405], [-0.054689, 51.584351], [-0.054712, 51.58435], [-0.054792, 51.584243], [-0.054997, 51.583825], [-0.055041, 51.583656], [-0.05506, 51.583254], [-0.055063, 51.582996], [-0.055036, 51.58286], [-0.05498, 51.582733], [-0.05462, 51.582165], [-0.054536, 51.58192], [-0.054466, 51.581584], [-0.054427, 51.581473], [-0.054143, 51.58107], [-0.054069, 51.580981], [-0.054041, 51.580973], [-0.053916, 51.580741], [-0.053661, 51.579669], [-0.053595, 51.579517], [-0.053254, 51.578969], [-0.053241, 51.57896], [-0.053204, 51.578954], [-0.053185, 51.57893], [-0.053173, 51.578907], [-0.053194, 51.578889], [-0.053195, 51.578876], [-0.052504, 51.577773], [-0.052475, 51.577761], [-0.052434, 51.577708], [-0.052328, 51.577693], [-0.052341, 51.577653], [-0.05239, 51.577658], [-0.052401, 51.577652], [-0.052366, 51.57761], [-0.052315, 51.577593], [-0.052235, 51.577602], [-0.052227, 51.57757], [-0.052256, 51.577565], [-0.052258, 51.577553], [-0.052204, 51.577502], [-0.052128, 51.577189], [-0.051987, 51.577108], [-0.051909, 51.577234], [-0.051825, 51.577241], [-0.051834, 51.577187], [-0.051885, 51.577063], [-0.052071, 51.576915], [-0.052168, 51.576792], [-0.052201, 51.576705], [-0.052247, 51.576478], [-0.052284, 51.576358], [-0.052355, 51.576242], [-0.053506, 51.575028], [-0.053557, 51.574951], [-0.053644, 51.574893], [-0.053646, 51.574879]]]}, "properties": {"OBJECTID": 540, "Type": null, "First_map": null, "Last_map": null, "First_Year": null, "Last_Year": null, "London1stSeries": 1, "London1srRevision": 1}}, {"type": "Feature", "id": 548, "geometry": {"type": "Polygon", "coordinates": [[[-0.059684, 51.581445], [-0.059759, 51.581641], [-0.059612, 51.581713], [-0.059323, 51.581877], [-0.058412, 51.582355], [-0.058152, 51.58251], [-0.05797, 51.582649], [-0.057904, 51.582718], [-0.057804, 51.582859], [-0.057697, 51.583087], [-0.057439, 51.583356], [-0.057314, 51.58342], [-0.057286, 51.583449], [-0.057024, 51.583557], [-0.056576, 51.583812], [-0.056425, 51.583913], [-0.056306, 51.584032], [-0.056256, 51.584108], [-0.056227, 51.584234], [-0.056224, 51.584361], [-0.056419, 51.585343], [-0.056129, 51.585385], [-0.055996, 51.584866], [-0.056012, 51.584807], [-0.055944, 51.584395], [-0.055864, 51.584313], [-0.055816, 51.584344], [-0.055474, 51.58477], [-0.055418, 51.584919], [-0.055377, 51.585166], [-0.055238, 51.585502], [-0.054875, 51.585545], [-0.054892, 51.58551], [-0.05497, 51.585435], [-0.055072, 51.585243], [-0.05519, 51.584966], [-0.055259, 51.584758], [-0.055307, 51.584653], [-0.055658, 51.584165], [-0.055715, 51.584078], [-0.055731, 51.584036], [-0.0559, 51.58389], [-0.055951, 51.583858], [-0.056004, 51.583749], [-0.056095, 51.583655], [-0.056194, 51.583578], [-0.056363, 51.583478], [-0.056847, 51.583291], [-0.056946, 51.583241], [-0.057132, 51.583128], [-0.057316, 51.58293], [-0.057493, 51.582654], [-0.057604, 51.582514], [-0.057702, 51.582411], [-0.057865, 51.582275], [-0.058007, 51.582199], [-0.058512, 51.581957], [-0.059177, 51.581655], [-0.059267, 51.581605], [-0.059431, 51.581536], [-0.059539, 51.581526], [-0.059684, 51.581445]]]}, "properties": {"OBJECTID": 541, "Type": null, "First_map": null, "Last_map": null, "First_Year": null, "Last_Year": null, "London1stSeries": 1, "London1srRevision": 1}}, {"type": "Feature", "id": 549, "geometry": {"type": "Polygon", "coordinates": [[[-0.046525, 51.5636], [-0.046494, 51.563567], [-0.046413, 51.563521], [-0.046407, 51.5635], [-0.0466, 51.563413], [-0.04672, 51.56334], [-0.046837, 51.563292], [-0.047037, 51.563154], [-0.0471, 51.563091], [-0.047135, 51.563034], [-0.047178, 51.562869], [-0.047115, 51.56279], [-0.046969, 51.562653], [-0.046744, 51.562551], [-0.046553, 51.562478], [-0.04598, 51.562498], [-0.045896, 51.562473], [-0.045691, 51.562347], [-0.045648, 51.562366], [-0.045625, 51.562347], [-0.045659, 51.562328], [-0.045593, 51.562354], [-0.045588, 51.562349], [-0.045907, 51.562213], [-0.046241, 51.562184], [-0.046519, 51.56223], [-0.046689, 51.562267], [-0.046991, 51.562411], [-0.047156, 51.562498], [-0.047306, 51.562594], [-0.047412, 51.562684], [-0.047473, 51.562775], [-0.047501, 51.562871], [-0.047524, 51.56312], [-0.047513, 51.563267], [-0.047474, 51.563341], [-0.047436, 51.563383], [-0.0474, 51.563412], [-0.047152, 51.563553], [-0.047015, 51.563641], [-0.047021, 51.563647], [-0.046978, 51.563678], [-0.046895, 51.563769], [-0.046813, 51.563921], [-0.046788, 51.564027], [-0.046795, 51.56416], [-0.046846, 51.564318], [-0.04717, 51.564639], [-0.047591, 51.565136], [-0.047869, 51.565314], [-0.048268, 51.565493], [-0.048592, 51.565684], [-0.048868, 51.565908], [-0.049105, 51.566137], [-0.049125, 51.56614], [-0.049369, 51.566357], [-0.049383, 51.56638], [-0.049576, 51.56651], [-0.050038, 51.566771], [-0.050321, 51.566957], [-0.050647, 51.567195], [-0.051089, 51.567537], [-0.051131, 51.5676], [-0.051153, 51.567613], [-0.051031, 51.567798], [-0.050721, 51.567673], [-0.05055, 51.567561], [-0.049901, 51.567064], [-0.049632, 51.566883], [-0.04931, 51.56669], [-0.049155, 51.566587], [-0.048892, 51.566383], [-0.04862, 51.566154], [-0.048167, 51.565818], [-0.047429, 51.565408], [-0.04729, 51.565319], [-0.047059, 51.565116], [-0.046618, 51.564647], [-0.046548, 51.564564], [-0.046498, 51.56444], [-0.046483, 51.564425], [-0.046433, 51.564431], [-0.046356, 51.564428], [-0.046258, 51.564346], [-0.046198, 51.564243], [-0.046186, 51.564122], [-0.046163, 51.564066], [-0.046173, 51.564043], [-0.046194, 51.564031], [-0.046284, 51.564048], [-0.046303, 51.564049], [-0.046337, 51.564071], [-0.046355, 51.564071], [-0.046375, 51.564064], [-0.046401, 51.564041], [-0.046419, 51.564016], [-0.046424, 51.563936], [-0.046542, 51.563796], [-0.046578, 51.563736], [-0.046562, 51.563657], [-0.046525, 51.5636]]]}, "properties": {"OBJECTID": 542, "Type": null, "First_map": null, "Last_map": null, "First_Year": null, "Last_Year": null, "London1stSeries": 1, "London1srRevision": 1}}, {"type": "Feature", "id": 550, "geometry": {"type": "Polygon", "coordinates": [[[-0.060578, 51.57609], [-0.060735, 51.576438], [-0.060915, 51.576876], [-0.060983, 51.577072], [-0.061285, 51.577607], [-0.061909, 51.578559], [-0.061997, 51.578664], [-0.062255, 51.578928], [-0.062357, 51.57905], [-0.062412, 51.579177], [-0.062461, 51.579408], [-0.062463, 51.579493], [-0.062441, 51.579566], [-0.062297, 51.57989], [-0.062233, 51.579975], [-0.061944, 51.580284], [-0.061768, 51.580455], [-0.061382, 51.58078], [-0.061235, 51.580881], [-0.060922, 51.581044], [-0.060909, 51.581055], [-0.060915, 51.581066], [-0.06073, 51.58116], [-0.060698, 51.581159], [-0.060611, 51.581205], [-0.060589, 51.581208], [-0.060047, 51.581499], [-0.059859, 51.581592], [-0.059773, 51.581372], [-0.060184, 51.581125], [-0.060515, 51.580948], [-0.060611, 51.580902], [-0.060687, 51.580875], [-0.060998, 51.58068], [-0.061226, 51.580495], [-0.061788, 51.579918], [-0.061864, 51.579822], [-0.061905, 51.579751], [-0.061976, 51.579549], [-0.061983, 51.579352], [-0.061959, 51.579236], [-0.061913, 51.579124], [-0.061856, 51.579034], [-0.061404, 51.578471], [-0.06111, 51.578062], [-0.060856, 51.577679], [-0.060538, 51.577083], [-0.060347, 51.576581], [-0.060246, 51.576346], [-0.060018, 51.575881], [-0.059854, 51.575579], [-0.05953, 51.575061], [-0.059359, 51.574812], [-0.058844, 51.574121], [-0.058741, 51.573963], [-0.058532, 51.573596], [-0.058505, 51.573501], [-0.058458, 51.573174], [-0.058281, 51.57263], [-0.058031, 51.572458], [-0.057791, 51.57245], [-0.057189, 51.57279], [-0.057115, 51.57274], [-0.057198, 51.572691], [-0.057183, 51.572681], [-0.057102, 51.57273], [-0.056956, 51.572635], [-0.05703, 51.572647], [-0.057143, 51.572605], [-0.057424, 51.572455], [-0.057662, 51.57231], [-0.057688, 51.572285], [-0.057744, 51.572265], [-0.057127, 51.571821], [-0.057102, 51.571826], [-0.057031, 51.571943], [-0.05693, 51.572049], [-0.057113, 51.571797], [-0.057092, 51.571791], [-0.056949, 51.571992], [-0.056877, 51.571972], [-0.056867, 51.571986], [-0.056939, 51.572006], [-0.056902, 51.572056], [-0.05683, 51.572036], [-0.056821, 51.572049], [-0.056893, 51.57207], [-0.056854, 51.572122], [-0.056783, 51.572102], [-0.056773, 51.572115], [-0.056846, 51.572135], [-0.056807, 51.572188], [-0.056734, 51.572168], [-0.056726, 51.57218], [-0.056797, 51.572201], [-0.056756, 51.572256], [-0.056685, 51.572235], [-0.056676, 51.572248], [-0.056748, 51.572268], [-0.056733, 51.572327], [-0.056657, 51.572321], [-0.056655, 51.572335], [-0.05673, 51.572342], [-0.05672, 51.572398], [-0.056643, 51.572393], [-0.05664, 51.572407], [-0.056716, 51.572413], [-0.056704, 51.572473], [-0.056628, 51.572467], [-0.056625, 51.572479], [-0.056702, 51.572486], [-0.0567, 51.572492], [-0.056761, 51.57253], [-0.056708, 51.572564], [-0.056722, 51.572573], [-0.056777, 51.57254], [-0.056841, 51.57258], [-0.056787, 51.572614], [-0.056801, 51.572624], [-0.056858, 51.57259], [-0.056926, 51.572633], [-0.056871, 51.572667], [-0.056887, 51.572677], [-0.056942, 51.572644], [-0.057086, 51.572738], [-0.057006, 51.572786], [-0.057021, 51.572795], [-0.057101, 51.572747], [-0.057177, 51.572797], [-0.056827, 51.572993], [-0.05677, 51.572961], [-0.056743, 51.572956], [-0.056586, 51.573034], [-0.056459, 51.573113], [-0.056395, 51.573122], [-0.056401, 51.573133], [-0.056301, 51.57312], [-0.056258, 51.573139], [-0.056254, 51.57317], [-0.055647, 51.573281], [-0.055511, 51.573312], [-0.055455, 51.573333], [-0.055428, 51.573362], [-0.055422, 51.573402], [-0.055474, 51.57362], [-0.055445, 51.573771], [-0.055446, 51.573869], [-0.055429, 51.573912], [-0.055393, 51.573955], [-0.055391, 51.573976], [-0.054474, 51.574528], [-0.054261, 51.574618], [-0.053937, 51.574801], [-0.053934, 51.574809], [-0.053852, 51.574755], [-0.054079, 51.574588], [-0.054221, 51.574517], [-0.054424, 51.574452], [-0.054496, 51.57442], [-0.055297, 51.573939], [-0.055303, 51.573838], [-0.055229, 51.57353], [-0.055216, 51.573372], [-0.055229, 51.573312], [-0.055273, 51.573238], [-0.055362, 51.573198], [-0.055509, 51.573149], [-0.055688, 51.573105], [-0.055909, 51.573078], [-0.056171, 51.57308], [-0.056202, 51.573053], [-0.05631, 51.572998], [-0.056328, 51.573017], [-0.056353, 51.573009], [-0.056342, 51.572984], [-0.056365, 51.572968], [-0.05637, 51.572973], [-0.056424, 51.572955], [-0.056205, 51.572726], [-0.055996, 51.572759], [-0.055966, 51.57268], [-0.056161, 51.572652], [-0.056172, 51.572593], [-0.056258, 51.572598], [-0.05626, 51.57259], [-0.056174, 51.572584], [-0.056186, 51.572521], [-0.056271, 51.572527], [-0.056273, 51.572519], [-0.056186, 51.572513], [-0.056198, 51.572445], [-0.056285, 51.57245], [-0.056287, 51.572443], [-0.0562, 51.572437], [-0.056211, 51.572372], [-0.056299, 51.572378], [-0.0563, 51.572369], [-0.056212, 51.572363], [-0.056223, 51.572301], [-0.056312, 51.572307], [-0.056313, 51.572298], [-0.056225, 51.572292], [-0.056237, 51.572226], [-0.056247, 51.57221], [-0.056331, 51.572233], [-0.056335, 51.572225], [-0.056254, 51.572201], [-0.056296, 51.572143], [-0.056378, 51.572167], [-0.056384, 51.572158], [-0.056302, 51.572135], [-0.056342, 51.572077], [-0.056425, 51.572099], [-0.056431, 51.57209], [-0.056349, 51.572068], [-0.056392, 51.572006], [-0.056476, 51.572028], [-0.056481, 51.57202], [-0.056398, 51.571998], [-0.056439, 51.57194], [-0.056523, 51.571963], [-0.056528, 51.571953], [-0.056445, 51.571931], [-0.056488, 51.571871], [-0.05657, 51.571894], [-0.056576, 51.571887], [-0.056494, 51.571864], [-0.056535, 51.571804], [-0.056619, 51.571827], [-0.056623, 51.571819], [-0.05654, 51.571796], [-0.056588, 51.571736], [-0.056667, 51.571757], [-0.056672, 51.57175], [-0.056594, 51.571728], [-0.056641, 51.571668], [-0.056718, 51.571687], [-0.056723, 51.57168], [-0.056647, 51.57166], [-0.056719, 51.571558], [-0.056566, 51.571411], [-0.056546, 51.571206], [-0.056518, 51.571149], [-0.056458, 51.571064], [-0.056294, 51.570927], [-0.056019, 51.570755], [-0.055843, 51.570708], [-0.055215, 51.570636], [-0.054584, 51.570543], [-0.054423, 51.570501], [-0.054324, 51.570467], [-0.05413, 51.570353], [-0.054015, 51.570225], [-0.053878, 51.570024], [-0.053494, 51.569375], [-0.053265, 51.568958], [-0.053134, 51.568763], [-0.052909, 51.568609], [-0.052774, 51.568538], [-0.051939, 51.568161], [-0.051141, 51.567845], [-0.051266, 51.567659], [-0.051637, 51.567804], [-0.052221, 51.568007], [-0.052598, 51.568154], [-0.053055, 51.568356], [-0.053522, 51.568602], [-0.053621, 51.5687], [-0.053672, 51.568771], [-0.053729, 51.568902], [-0.053727, 51.568955], [-0.053872, 51.569189], [-0.05394, 51.569324], [-0.053953, 51.56937], [-0.053998, 51.569414], [-0.054047, 51.569523], [-0.054157, 51.569694], [-0.054212, 51.569828], [-0.054257, 51.569892], [-0.054315, 51.569946], [-0.054333, 51.569936], [-0.054387, 51.569982], [-0.054352, 51.570002], [-0.05442, 51.570086], [-0.0545, 51.570162], [-0.054507, 51.570168], [-0.054579, 51.570133], [-0.054596, 51.570147], [-0.054526, 51.570184], [-0.054626, 51.570264], [-0.054779, 51.570327], [-0.054941, 51.570365], [-0.055032, 51.570368], [-0.055018, 51.570376], [-0.055027, 51.570378], [-0.055438, 51.570389], [-0.055689, 51.570416], [-0.055929, 51.570416], [-0.056074, 51.570429], [-0.056209, 51.570466], [-0.056376, 51.570531], [-0.056488, 51.570588], [-0.05659, 51.570662], [-0.056667, 51.570752], [-0.056737, 51.570867], [-0.056868, 51.571166], [-0.056908, 51.571227], [-0.057036, 51.57135], [-0.057304, 51.571568], [-0.057632, 51.571816], [-0.058514, 51.572429], [-0.058683, 51.572563], [-0.058716, 51.572626], [-0.058759, 51.572755], [-0.058849, 51.573175], [-0.058989, 51.573532], [-0.059086, 51.573749], [-0.059297, 51.57409], [-0.059633, 51.574538], [-0.060075, 51.575175], [-0.060253, 51.575471], [-0.060448, 51.575829], [-0.060358, 51.575847], [-0.060499, 51.576107], [-0.060578, 51.57609]]]}, "properties": {"OBJECTID": 543, "Type": null, "First_map": null, "Last_map": null, "First_Year": null, "Last_Year": null, "London1stSeries": 1, "London1srRevision": 1}}, {"type": "Feature", "id": 551, "geometry": {"type": "Polygon", "coordinates": [[[-0.053646, 51.574879], [-0.053732, 51.574935], [-0.053724, 51.57494], [-0.053736, 51.574948], [-0.053661, 51.575005], [-0.053601, 51.575128], [-0.053572, 51.57515], [-0.053494, 51.575169], [-0.052458, 51.576253], [-0.052402, 51.57633], [-0.052328, 51.576517], [-0.052221, 51.577187], [-0.052245, 51.577308], [-0.052263, 51.577336], [-0.052348, 51.577406], [-0.052391, 51.577406], [-0.052397, 51.577455], [-0.052543, 51.577589], [-0.052559, 51.577586], [-0.053766, 51.579517], [-0.053821, 51.57966], [-0.053923, 51.580106], [-0.053976, 51.58025], [-0.054043, 51.580631], [-0.054067, 51.580688], [-0.054212, 51.580932], [-0.05449, 51.581324], [-0.054556, 51.581387], [-0.054577, 51.58142], [-0.054622, 51.581526], [-0.054646, 51.58167], [-0.054744, 51.582035], [-0.054887, 51.582324], [-0.055174, 51.582752], [-0.055215, 51.582834], [-0.055229, 51.5829], [-0.055232, 51.583133], [-0.055208, 51.583462], [-0.055204, 51.58369], [-0.055177, 51.583784], [-0.054837, 51.584418], [-0.054478, 51.584949], [-0.054358, 51.585083], [-0.054279, 51.585154], [-0.054272, 51.585174], [-0.054129, 51.585096], [-0.054156, 51.585082], [-0.054334, 51.58493], [-0.054421, 51.584819], [-0.054549, 51.584598], [-0.054639, 51.584465], [-0.054653, 51.58443], [-0.054644, 51.584405], [-0.054689, 51.584351], [-0.054712, 51.58435], [-0.054792, 51.584243], [-0.054997, 51.583825], [-0.055041, 51.583656], [-0.05506, 51.583254], [-0.055063, 51.582996], [-0.055036, 51.58286], [-0.05498, 51.582733], [-0.05462, 51.582165], [-0.054536, 51.58192], [-0.054466, 51.581584], [-0.054427, 51.581473], [-0.054143, 51.58107], [-0.054069, 51.580981], [-0.054041, 51.580973], [-0.053916, 51.580741], [-0.053661, 51.579669], [-0.053595, 51.579517], [-0.053254, 51.578969], [-0.053241, 51.57896], [-0.053204, 51.578954], [-0.053185, 51.57893], [-0.053173, 51.578907], [-0.053194, 51.578889], [-0.053195, 51.578876], [-0.052504, 51.577773], [-0.052475, 51.577761], [-0.052434, 51.577708], [-0.052328, 51.577693], [-0.052341, 51.577653], [-0.05239, 51.577658], [-0.052401, 51.577652], [-0.052366, 51.57761], [-0.052315, 51.577593], [-0.052235, 51.577602], [-0.052227, 51.57757], [-0.052256, 51.577565], [-0.052258, 51.577553], [-0.052204, 51.577502], [-0.052128, 51.577189], [-0.051987, 51.577108], [-0.051909, 51.577234], [-0.051825, 51.577241], [-0.051834, 51.577187], [-0.051885, 51.577063], [-0.052071, 51.576915], [-0.052168, 51.576792], [-0.052201, 51.576705], [-0.052247, 51.576478], [-0.052284, 51.576358], [-0.052355, 51.576242], [-0.053506, 51.575028], [-0.053557, 51.574951], [-0.053644, 51.574893], [-0.053646, 51.574879]]]}, "properties": {"OBJECTID": 544, "Type": null, "First_map": null, "Last_map": null, "First_Year": null, "Last_Year": null, "London1stSeries": 1, "London1srRevision": 1}}, {"type": "Feature", "id": 552, "geometry": {"type": "Polygon", "coordinates": [[[-0.059684, 51.581445], [-0.059759, 51.581641], [-0.059612, 51.581713], [-0.059323, 51.581877], [-0.058412, 51.582355], [-0.058152, 51.58251], [-0.05797, 51.582649], [-0.057904, 51.582718], [-0.057804, 51.582859], [-0.057697, 51.583087], [-0.057439, 51.583356], [-0.057314, 51.58342], [-0.057286, 51.583449], [-0.057024, 51.583557], [-0.056576, 51.583812], [-0.056425, 51.583913], [-0.056306, 51.584032], [-0.056256, 51.584108], [-0.056227, 51.584234], [-0.056224, 51.584361], [-0.056419, 51.585343], [-0.056129, 51.585385], [-0.055996, 51.584866], [-0.056012, 51.584807], [-0.055944, 51.584395], [-0.055864, 51.584313], [-0.055816, 51.584344], [-0.055474, 51.58477], [-0.055418, 51.584919], [-0.055377, 51.585166], [-0.055238, 51.585502], [-0.054875, 51.585545], [-0.054892, 51.58551], [-0.05497, 51.585435], [-0.055072, 51.585243], [-0.05519, 51.584966], [-0.055259, 51.584758], [-0.055307, 51.584653], [-0.055658, 51.584165], [-0.055715, 51.584078], [-0.055731, 51.584036], [-0.0559, 51.58389], [-0.055951, 51.583858], [-0.056004, 51.583749], [-0.056095, 51.583655], [-0.056194, 51.583578], [-0.056363, 51.583478], [-0.056847, 51.583291], [-0.056946, 51.583241], [-0.057132, 51.583128], [-0.057316, 51.58293], [-0.057493, 51.582654], [-0.057604, 51.582514], [-0.057702, 51.582411], [-0.057865, 51.582275], [-0.058007, 51.582199], [-0.058512, 51.581957], [-0.059177, 51.581655], [-0.059267, 51.581605], [-0.059431, 51.581536], [-0.059539, 51.581526], [-0.059684, 51.581445]]]}, "properties": {"OBJECTID": 545, "Type": null, "First_map": null, "Last_map": null, "First_Year": null, "Last_Year": null, "London1stSeries": 1, "London1srRevision": 1}}, {"type": "Feature", "id": 553, "geometry": {"type": "Polygon", "coordinates": [[[-0.052186, 51.586384], [-0.052101, 51.586345], [-0.052117, 51.586208], [-0.052156, 51.586138], [-0.052138, 51.585968], [-0.052149, 51.585937], [-0.052278, 51.585923], [-0.052252, 51.585956], [-0.052245, 51.585987], [-0.052281, 51.586136], [-0.0522, 51.586269], [-0.052186, 51.586384]]]}, "properties": {"OBJECTID": 546, "Type": null, "First_map": null, "Last_map": null, "First_Year": null, "Last_Year": null, "London1stSeries": 1, "London1srRevision": 1}}, {"type": "Feature", "id": 554, "geometry": {"type": "Polygon", "coordinates": [[[-0.053136, 51.592694], [-0.053043, 51.592852], [-0.052982, 51.59303], [-0.052896, 51.593497], [-0.052837, 51.594081], [-0.052819, 51.594154], [-0.052763, 51.59428], [-0.052647, 51.594466], [-0.052338, 51.594881], [-0.051977, 51.595392], [-0.05173, 51.595846], [-0.051589, 51.596058], [-0.051275, 51.596438], [-0.051023, 51.596795], [-0.050793, 51.597019], [-0.050757, 51.597022], [-0.050724, 51.597039], [-0.050645, 51.597003], [-0.050661, 51.596975], [-0.050646, 51.596961], [-0.050622, 51.596961], [-0.050596, 51.596979], [-0.050535, 51.59695], [-0.051346, 51.595829], [-0.051565, 51.595418], [-0.052398, 51.594224], [-0.052465, 51.594069], [-0.052518, 51.593854], [-0.052687, 51.592868], [-0.052759, 51.592688], [-0.053136, 51.592694]]]}, "properties": {"OBJECTID": 547, "Type": null, "First_map": null, "Last_map": null, "First_Year": null, "Last_Year": null, "London1stSeries": 1, "London1srRevision": 1}}, {"type": "Feature", "id": 555, "geometry": {"type": "Polygon", "coordinates": [[[-0.052556, 51.592684], [-0.052476, 51.592937], [-0.052439, 51.59337], [-0.05238, 51.593693], [-0.052323, 51.593922], [-0.052224, 51.59414], [-0.052102, 51.594317], [-0.051996, 51.594425], [-0.051821, 51.594569], [-0.051451, 51.594812], [-0.05137, 51.594885], [-0.051311, 51.594956], [-0.051256, 51.595047], [-0.051213, 51.595164], [-0.05118, 51.595463], [-0.051153, 51.595601], [-0.051105, 51.595753], [-0.050988, 51.595974], [-0.050629, 51.596532], [-0.050475, 51.596741], [-0.050291, 51.596915], [-0.050143, 51.597028], [-0.047318, 51.599106], [-0.046886, 51.599449], [-0.046644, 51.599668], [-0.046336, 51.599969], [-0.04365, 51.602731], [-0.04342, 51.603014], [-0.042401, 51.604433], [-0.042388, 51.60443], [-0.042379, 51.60444], [-0.042215, 51.604395], [-0.042428, 51.604102], [-0.042366, 51.604079], [-0.042645, 51.603713], [-0.043168, 51.60298], [-0.043529, 51.602521], [-0.043815, 51.602213], [-0.043924, 51.602137], [-0.044917, 51.601128], [-0.045927, 51.600076], [-0.046696, 51.599364], [-0.047133, 51.59901], [-0.0501, 51.596829], [-0.050226, 51.596717], [-0.050297, 51.596639], [-0.050771, 51.59594], [-0.050864, 51.595759], [-0.050937, 51.595539], [-0.050961, 51.595395], [-0.050972, 51.595219], [-0.050991, 51.595133], [-0.051025, 51.59504], [-0.05108, 51.594939], [-0.05118, 51.594812], [-0.051266, 51.594735], [-0.051603, 51.594516], [-0.05177, 51.594382], [-0.051914, 51.594236], [-0.051993, 51.594126], [-0.052092, 51.5939], [-0.052133, 51.593771], [-0.052206, 51.593366], [-0.052248, 51.592907], [-0.052281, 51.592777], [-0.052328, 51.59268], [-0.052556, 51.592684]]]}, "properties": {"OBJECTID": 548, "Type": null, "First_map": null, "Last_map": null, "First_Year": null, "Last_Year": null, "London1stSeries": 1, "London1srRevision": 1}}, {"type": "Feature", "id": 556, "geometry": {"type": "Polygon", "coordinates": [[[-0.045185, 51.601771], [-0.044601, 51.602352], [-0.04451, 51.60247], [-0.044229, 51.602759], [-0.043839, 51.603188], [-0.043816, 51.603218], [-0.043824, 51.603264], [-0.043808, 51.603282], [-0.043746, 51.603316], [-0.043362, 51.603876], [-0.043095, 51.604232], [-0.042857, 51.604606], [-0.042587, 51.604949], [-0.042534, 51.605042], [-0.042439, 51.605134], [-0.042227, 51.605432], [-0.042142, 51.605594], [-0.042152, 51.605626], [-0.042145, 51.605657], [-0.04213, 51.605665], [-0.04212, 51.605661], [-0.042086, 51.605679], [-0.042047, 51.605675], [-0.042013, 51.605677], [-0.042012, 51.605682], [-0.041894, 51.605666], [-0.041983, 51.605423], [-0.04214, 51.605152], [-0.043709, 51.602984], [-0.043814, 51.602854], [-0.046541, 51.600034], [-0.046863, 51.599729], [-0.047122, 51.599497], [-0.047461, 51.599224], [-0.050041, 51.597325], [-0.050186, 51.597245], [-0.050502, 51.596974], [-0.05057, 51.597005], [-0.050247, 51.59728], [-0.05025, 51.597317], [-0.0503, 51.597306], [-0.050624, 51.59703], [-0.050692, 51.59706], [-0.050362, 51.597336], [-0.05034, 51.59741], [-0.050355, 51.597418], [-0.050245, 51.597501], [-0.050229, 51.597492], [-0.050171, 51.597535], [-0.050176, 51.597552], [-0.049635, 51.597946], [-0.049625, 51.597941], [-0.049589, 51.597968], [-0.049583, 51.597964], [-0.04923, 51.598215], [-0.049244, 51.598234], [-0.049226, 51.598259], [-0.049209, 51.598263], [-0.049161, 51.598258], [-0.049018, 51.598331], [-0.049023, 51.598337], [-0.048988, 51.598365], [-0.048906, 51.598407], [-0.048866, 51.598442], [-0.04885, 51.598438], [-0.048798, 51.598481], [-0.048808, 51.598485], [-0.048698, 51.598574], [-0.048583, 51.598645], [-0.048592, 51.598655], [-0.048523, 51.598693], [-0.048363, 51.598815], [-0.048361, 51.598829], [-0.048342, 51.598818], [-0.048291, 51.598854], [-0.048311, 51.598864], [-0.048145, 51.59898], [-0.048058, 51.59902], [-0.04804, 51.599043], [-0.04795, 51.5991], [-0.047972, 51.59911], [-0.047942, 51.599133], [-0.047918, 51.599124], [-0.047814, 51.5992], [-0.047846, 51.599221], [-0.04761, 51.599389], [-0.047571, 51.599427], [-0.047557, 51.599453], [-0.047456, 51.59951], [-0.047097, 51.599804], [-0.046633, 51.600246], [-0.046561, 51.600333], [-0.046554, 51.600371], [-0.046417, 51.600519], [-0.046396, 51.600512], [-0.046281, 51.600636], [-0.046302, 51.600645], [-0.046246, 51.600704], [-0.046226, 51.600697], [-0.046153, 51.600777], [-0.046173, 51.600784], [-0.046157, 51.6008], [-0.046143, 51.600794], [-0.046118, 51.600821], [-0.046132, 51.600828], [-0.046115, 51.600847], [-0.046091, 51.600839], [-0.046059, 51.600875], [-0.046081, 51.600884], [-0.04579, 51.601199], [-0.045748, 51.601184], [-0.04572, 51.601215], [-0.045762, 51.60123], [-0.045711, 51.601278], [-0.045629, 51.601312], [-0.045436, 51.601529], [-0.045185, 51.601771]]]}, "properties": {"OBJECTID": 549, "Type": null, "First_map": null, "Last_map": null, "First_Year": null, "Last_Year": null, "London1stSeries": 1, "London1srRevision": 1}}, {"type": "Feature", "id": 557, "geometry": {"type": "Polygon", "coordinates": [[[-0.050346, 51.597791], [-0.050415, 51.597671], [-0.050559, 51.597501], [-0.05068, 51.597546], [-0.050564, 51.597677], [-0.050498, 51.59778], [-0.05046, 51.597888], [-0.050451, 51.597962], [-0.050465, 51.598102], [-0.050596, 51.598562], [-0.050606, 51.598671], [-0.050596, 51.598782], [-0.050548, 51.598929], [-0.050405, 51.5989], [-0.050446, 51.598774], [-0.050456, 51.598643], [-0.050442, 51.598552], [-0.050314, 51.598048], [-0.050315, 51.597925], [-0.050346, 51.597791]]]}, "properties": {"OBJECTID": 550, "Type": null, "First_map": null, "Last_map": null, "First_Year": null, "Last_Year": null, "London1stSeries": 1, "London1srRevision": 1}}, {"type": "Feature", "id": 558, "geometry": {"type": "Polygon", "coordinates": [[[-0.048198, 51.601637], [-0.048521, 51.601165], [-0.048649, 51.601005], [-0.048787, 51.60087], [-0.049184, 51.600555], [-0.049271, 51.600463], [-0.049331, 51.600384], [-0.04955, 51.599939], [-0.04972, 51.599681], [-0.049946, 51.599409], [-0.050301, 51.599063], [-0.050387, 51.598942], [-0.050529, 51.59897], [-0.050507, 51.599007], [-0.050407, 51.599133], [-0.05005, 51.599482], [-0.04986, 51.599712], [-0.049718, 51.599925], [-0.049625, 51.600096], [-0.049503, 51.600359], [-0.049406, 51.6005], [-0.049291, 51.60062], [-0.049009, 51.600838], [-0.048804, 51.601019], [-0.04866, 51.601191], [-0.048327, 51.601671], [-0.048198, 51.601637]]]}, "properties": {"OBJECTID": 551, "Type": null, "First_map": null, "Last_map": null, "First_Year": null, "Last_Year": null, "London1stSeries": 1, "London1srRevision": 1}}, {"type": "Feature", "id": 559, "geometry": {"type": "Polygon", "coordinates": [[[-0.048299, 51.601715], [-0.046873, 51.603812], [-0.046593, 51.604206], [-0.046461, 51.60436], [-0.046047, 51.6048], [-0.045889, 51.604988], [-0.045491, 51.605549], [-0.045493, 51.605637], [-0.045462, 51.605688], [-0.045409, 51.605674], [-0.045215, 51.605969], [-0.045131, 51.606115], [-0.044997, 51.606084], [-0.045059, 51.605972], [-0.045275, 51.60564], [-0.045225, 51.605629], [-0.045262, 51.605572], [-0.045368, 51.605511], [-0.045667, 51.605079], [-0.04581, 51.604889], [-0.046464, 51.604167], [-0.046995, 51.603407], [-0.048172, 51.601683], [-0.048299, 51.601715]]]}, "properties": {"OBJECTID": 552, "Type": null, "First_map": null, "Last_map": null, "First_Year": null, "Last_Year": null, "London1stSeries": 1, "London1srRevision": 1}}, {"type": "Feature", "id": 560, "geometry": {"type": "Polygon", "coordinates": [[[-0.044974, 51.606126], [-0.045107, 51.606155], [-0.045065, 51.606246], [-0.044922, 51.60622], [-0.044974, 51.606126]]]}, "properties": {"OBJECTID": 553, "Type": null, "First_map": null, "Last_map": null, "First_Year": null, "Last_Year": null, "London1stSeries": 1, "London1srRevision": 1}}, {"type": "Feature", "id": 561, "geometry": {"type": "Polygon", "coordinates": [[[-0.045156, 51.610879], [-0.045014, 51.610793], [-0.044802, 51.610647], [-0.044743, 51.61059], [-0.04466, 51.610457], [-0.044644, 51.610335], [-0.044709, 51.609553], [-0.044682, 51.609492], [-0.044467, 51.609298], [-0.044408, 51.609226], [-0.044381, 51.609174], [-0.044361, 51.609113], [-0.044356, 51.609011], [-0.044398, 51.608788], [-0.044384, 51.608789], [-0.044066, 51.609035], [-0.043978, 51.608978], [-0.044652, 51.608435], [-0.045281, 51.608004], [-0.045342, 51.607943], [-0.045385, 51.607868], [-0.045394, 51.607808], [-0.04538, 51.607729], [-0.045236, 51.607434], [-0.045187, 51.607444], [-0.045123, 51.60732], [-0.045144, 51.607278], [-0.044913, 51.606967], [-0.044864, 51.606883], [-0.044817, 51.606774], [-0.044795, 51.606638], [-0.044801, 51.606576], [-0.044872, 51.606333], [-0.044921, 51.606235], [-0.045055, 51.60626], [-0.044977, 51.606461], [-0.044951, 51.606557], [-0.04495, 51.606686], [-0.04499, 51.606817], [-0.045038, 51.606901], [-0.045282, 51.607246], [-0.04551, 51.607695], [-0.045529, 51.607776], [-0.045531, 51.607853], [-0.0455, 51.607939], [-0.045445, 51.608005], [-0.04536, 51.608083], [-0.044739, 51.608506], [-0.044643, 51.608586], [-0.044594, 51.608663], [-0.044542, 51.608786], [-0.044572, 51.608841], [-0.04455, 51.60891], [-0.044504, 51.608907], [-0.044487, 51.609037], [-0.044499, 51.609125], [-0.044538, 51.609207], [-0.044584, 51.609267], [-0.044782, 51.609436], [-0.044826, 51.609496], [-0.04484, 51.609546], [-0.044843, 51.609614], [-0.044773, 51.610344], [-0.04478, 51.610419], [-0.044808, 51.61049], [-0.04484, 51.610537], [-0.044964, 51.610654], [-0.045445, 51.610948], [-0.045358, 51.611003], [-0.045156, 51.610879]]]}, "properties": {"OBJECTID": 554, "Type": null, "First_map": null, "Last_map": null, "First_Year": null, "Last_Year": null, "London1stSeries": 1, "London1srRevision": 1}}, {"type": "Feature", "id": 562, "geometry": {"type": "Polygon", "coordinates": [[[-0.053292, 51.592697], [-0.054465, 51.591013], [-0.0565, 51.588685], [-0.056729, 51.588295], [-0.056826, 51.587916], [-0.056956, 51.587938], [-0.056883, 51.587937], [-0.056786, 51.588342], [-0.056374, 51.588945], [-0.056437, 51.588966], [-0.054545, 51.591112], [-0.05345, 51.592699], [-0.053292, 51.592697]]]}, "properties": {"OBJECTID": 555, "Type": null, "First_map": null, "Last_map": null, "First_Year": null, "Last_Year": null, "London1stSeries": 1, "London1srRevision": 1}}, {"type": "Feature", "id": 563, "geometry": {"type": "Polygon", "coordinates": [[[-0.056445, 51.585411], [-0.056541, 51.585664], [-0.056608, 51.585935], [-0.056639, 51.586157], [-0.056627, 51.586427], [-0.056653, 51.586722], [-0.05671, 51.587002], [-0.056728, 51.587055], [-0.056769, 51.587121], [-0.056775, 51.587175], [-0.056786, 51.587308], [-0.056773, 51.5875], [-0.056653, 51.587744], [-0.056558, 51.587729], [-0.056562, 51.587715], [-0.056525, 51.587675], [-0.056504, 51.587677], [-0.056464, 51.587701], [-0.056459, 51.587714], [-0.056379, 51.587698], [-0.056241, 51.587262], [-0.056221, 51.587259], [-0.056191, 51.587303], [-0.056163, 51.587383], [-0.056116, 51.587473], [-0.055974, 51.587601], [-0.05568, 51.587519], [-0.056309, 51.586513], [-0.056312, 51.586124], [-0.056174, 51.585643], [-0.056229, 51.585552], [-0.056216, 51.585513], [-0.05617, 51.585521], [-0.056144, 51.585459], [-0.056445, 51.585411]]]}, "properties": {"OBJECTID": 556, "Type": null, "First_map": null, "Last_map": null, "First_Year": null, "Last_Year": null, "London1stSeries": 1, "London1srRevision": 1}}, {"type": "Feature", "id": 564, "geometry": {"type": "Polygon", "coordinates": [[[-0.052759, 51.592688], [-0.053248, 51.59197], [-0.053538, 51.59137], [-0.055706, 51.588883], [-0.056316, 51.587841], [-0.056397, 51.587855], [-0.056203, 51.588341], [-0.0563, 51.588286], [-0.0565, 51.587873], [-0.056576, 51.587886], [-0.056376, 51.58831], [-0.056366, 51.588599], [-0.05619, 51.588868], [-0.053991, 51.591343], [-0.053136, 51.592694], [-0.052759, 51.592688]]]}, "properties": {"OBJECTID": 557, "Type": null, "First_map": null, "Last_map": null, "First_Year": null, "Last_Year": null, "London1stSeries": 1, "London1srRevision": 1}}, {"type": "Feature", "id": 565, "geometry": {"type": "Polygon", "coordinates": [[[-0.052328, 51.59268], [-0.053303, 51.590907], [-0.053424, 51.590134], [-0.053181, 51.589744], [-0.053245, 51.589439], [-0.052127, 51.588136], [-0.052044, 51.587779], [-0.052262, 51.58736], [-0.053022, 51.586945], [-0.053245, 51.587032], [-0.052424, 51.587435], [-0.052235, 51.587622], [-0.052248, 51.587778], [-0.053377, 51.589404], [-0.053715, 51.589558], [-0.053877, 51.589555], [-0.054433, 51.589066], [-0.055313, 51.588131], [-0.055589, 51.587693], [-0.055845, 51.587762], [-0.0549, 51.588852], [-0.053672, 51.589997], [-0.053451, 51.591075], [-0.052556, 51.592684], [-0.052328, 51.59268]]]}, "properties": {"OBJECTID": 558, "Type": null, "First_map": null, "Last_map": null, "First_Year": null, "Last_Year": null, "London1stSeries": 1, "London1srRevision": 1}}, {"type": "Feature", "id": 566, "geometry": {"type": "Polygon", "coordinates": [[[-0.05475, 51.585712], [-0.054792, 51.585667], [-0.054809, 51.585625], [-0.055149, 51.585588], [-0.055074, 51.585677], [-0.054983, 51.585742], [-0.054901, 51.585849], [-0.054822, 51.585917], [-0.054677, 51.58599], [-0.054206, 51.586258], [-0.053929, 51.586423], [-0.053853, 51.586479], [-0.05352, 51.586781], [-0.053438, 51.586866], [-0.053401, 51.586921], [-0.053378, 51.586912], [-0.053371, 51.586918], [-0.053147, 51.586827], [-0.053152, 51.586823], [-0.053125, 51.586811], [-0.053238, 51.586784], [-0.053197, 51.586764], [-0.053147, 51.586765], [-0.053125, 51.586758], [-0.053121, 51.586746], [-0.053147, 51.58672], [-0.053164, 51.58672], [-0.053191, 51.586754], [-0.053251, 51.586773], [-0.053282, 51.586767], [-0.053397, 51.586675], [-0.053572, 51.586486], [-0.054333, 51.586087], [-0.054505, 51.585979], [-0.054731, 51.585772], [-0.054751, 51.585744], [-0.05475, 51.585712]]]}, "properties": {"OBJECTID": 559, "Type": null, "First_map": null, "Last_map": null, "First_Year": null, "Last_Year": null, "London1stSeries": 1, "London1srRevision": 1}}, {"type": "Feature", "id": 567, "geometry": {"type": "Polygon", "coordinates": [[[-0.054223, 51.585206], [-0.054173, 51.585214], [-0.053935, 51.585348], [-0.053687, 51.585469], [-0.053131, 51.585705], [-0.052384, 51.585791], [-0.052343, 51.585808], [-0.052323, 51.585836], [-0.052203, 51.58585], [-0.052249, 51.585782], [-0.052283, 51.585757], [-0.052337, 51.585737], [-0.053042, 51.585649], [-0.053755, 51.585343], [-0.054082, 51.585156], [-0.054089, 51.585129], [-0.054223, 51.585206]]]}, "properties": {"OBJECTID": 560, "Type": null, "First_map": null, "Last_map": null, "First_Year": null, "Last_Year": null, "London1stSeries": 1, "London1srRevision": 1}}, {"type": "Feature", "id": 568, "geometry": {"type": "Polygon", "coordinates": [[[-0.05345, 51.592699], [-0.053323, 51.592898], [-0.05326, 51.593026], [-0.053225, 51.593137], [-0.053106, 51.594085], [-0.053069, 51.594231], [-0.052998, 51.594384], [-0.052046, 51.595925], [-0.051375, 51.596805], [-0.051285, 51.596903], [-0.051272, 51.596988], [-0.050789, 51.597491], [-0.050618, 51.597431], [-0.051064, 51.596973], [-0.051193, 51.596828], [-0.051567, 51.596336], [-0.051519, 51.59632], [-0.051612, 51.596194], [-0.051721, 51.596128], [-0.05195, 51.595839], [-0.05286, 51.594352], [-0.052921, 51.594218], [-0.052966, 51.594032], [-0.053075, 51.593143], [-0.053112, 51.593017], [-0.053154, 51.592923], [-0.053292, 51.592697], [-0.05345, 51.592699]]]}, "properties": {"OBJECTID": 561, "Type": null, "First_map": null, "Last_map": null, "First_Year": null, "Last_Year": null, "London1stSeries": 1, "London1srRevision": 1}}, {"type": "Feature", "id": 569, "geometry": {"type": "Polygon", "coordinates": [[[-0.029383, 51.538263], [-0.029329, 51.538299], [-0.029277, 51.538391], [-0.028803, 51.538604], [-0.028265, 51.538854], [-0.027925, 51.539014], [-0.027787, 51.539032], [-0.027669, 51.539065], [-0.027635, 51.539089], [-0.027627, 51.539064], [-0.027566, 51.539055], [-0.027684, 51.539008], [-0.027719, 51.538968], [-0.027705, 51.538947], [-0.027661, 51.538916], [-0.02775, 51.538889], [-0.027834, 51.53886], [-0.028169, 51.538725], [-0.028484, 51.538578], [-0.028849, 51.538397], [-0.029167, 51.538241], [-0.029265, 51.538244], [-0.029307, 51.538243], [-0.029363, 51.538223], [-0.029383, 51.538263]]]}, "properties": {"OBJECTID": 562, "Type": null, "First_map": null, "Last_map": null, "First_Year": null, "Last_Year": null, "London1stSeries": 1, "London1srRevision": 1}}, {"type": "Feature", "id": 570, "geometry": {"type": "Polygon", "coordinates": [[[-0.025876, 51.539985], [-0.025822, 51.539818], [-0.026562, 51.539464], [-0.026866, 51.539331], [-0.026949, 51.539337], [-0.02705, 51.539305], [-0.02711, 51.53933], [-0.027033, 51.53937], [-0.026998, 51.539443], [-0.02685, 51.539511], [-0.026735, 51.539524], [-0.026634, 51.539584], [-0.02656, 51.539687], [-0.025876, 51.539985]]]}, "properties": {"OBJECTID": 563, "Type": null, "First_map": null, "Last_map": null, "First_Year": null, "Last_Year": null, "London1stSeries": 1, "London1srRevision": 1}}, {"type": "Feature", "id": 571, "geometry": {"type": "Polygon", "coordinates": [[[-0.12377, 51.535085], [-0.123769, 51.535057], [-0.123934, 51.535034], [-0.123982, 51.534992], [-0.123969, 51.534939], [-0.123921, 51.534893], [-0.12378, 51.53461], [-0.123781, 51.534577], [-0.123708, 51.534419], [-0.123595, 51.534198], [-0.123896, 51.534117], [-0.123932, 51.53417], [-0.123789, 51.534211], [-0.124033, 51.534669], [-0.123997, 51.534721], [-0.124055, 51.534874], [-0.12406, 51.53495], [-0.124123, 51.534996], [-0.124103, 51.53501], [-0.12377, 51.535085]]]}, "properties": {"OBJECTID": 564, "Type": null, "First_map": null, "Last_map": null, "First_Year": null, "Last_Year": null, "London1stSeries": 1, "London1srRevision": 1}}, {"type": "Feature", "id": 572, "geometry": {"type": "Polygon", "coordinates": [[[-0.150985, 51.537144], [-0.150965, 51.53726], [-0.150389, 51.537195], [-0.149686, 51.537018], [-0.148718, 51.536631], [-0.14731, 51.535976], [-0.146457, 51.535563], [-0.145688, 51.535142], [-0.145079, 51.534723], [-0.144541, 51.534253], [-0.143951, 51.533568], [-0.143285, 51.5327], [-0.142922, 51.532062], [-0.142872, 51.531975], [-0.143087, 51.531941], [-0.143491, 51.532685], [-0.143715, 51.532988], [-0.144251, 51.533706], [-0.144822, 51.53429], [-0.145242, 51.534654], [-0.145718, 51.534971], [-0.146052, 51.535185], [-0.146717, 51.535553], [-0.146783, 51.535616], [-0.14772, 51.536025], [-0.148911, 51.536572], [-0.149865, 51.536935], [-0.150432, 51.537063], [-0.150985, 51.537144]]]}, "properties": {"OBJECTID": 565, "Type": null, "First_map": null, "Last_map": null, "First_Year": null, "Last_Year": null, "London1stSeries": 1, "London1srRevision": 1}}, {"type": "Feature", "id": 573, "geometry": {"type": "Polygon", "coordinates": [[[-0.151902, 51.537466], [-0.151897, 51.537638], [-0.151913, 51.5378], [-0.151836, 51.538008], [-0.151741, 51.538092], [-0.151735, 51.53819], [-0.151622, 51.538175], [-0.151681, 51.538058], [-0.151663, 51.537958], [-0.151687, 51.537735], [-0.151797, 51.537646], [-0.1518, 51.537463], [-0.151902, 51.537466]]]}, "properties": {"OBJECTID": 566, "Type": null, "First_map": null, "Last_map": null, "First_Year": null, "Last_Year": null, "London1stSeries": 1, "London1srRevision": 1}}, {"type": "Feature", "id": 574, "geometry": {"type": "Polygon", "coordinates": [[[-0.032637, 51.511434], [-0.032448, 51.511388], [-0.032705, 51.511002], [-0.032808, 51.51083], [-0.032954, 51.510708], [-0.033172, 51.510612], [-0.033452, 51.510562], [-0.034794, 51.51032], [-0.03552, 51.510183], [-0.035693, 51.51006], [-0.035791, 51.509904], [-0.035885, 51.509589], [-0.035908, 51.509509], [-0.035941, 51.509535], [-0.036003, 51.509517], [-0.035933, 51.509814], [-0.036038, 51.509837], [-0.036025, 51.509889], [-0.035995, 51.510124], [-0.035798, 51.510114], [-0.035702, 51.5102], [-0.035247, 51.510506], [-0.034665, 51.510566], [-0.033979, 51.510635], [-0.033638, 51.510687], [-0.033193, 51.510781], [-0.033024, 51.510859], [-0.032933, 51.510939], [-0.032884, 51.511032], [-0.033652, 51.510975], [-0.033694, 51.511144], [-0.032818, 51.511211], [-0.032831, 51.511258], [-0.032747, 51.511271], [-0.032744, 51.511257], [-0.032637, 51.511434]]]}, "properties": {"OBJECTID": 567, "Type": null, "First_map": null, "Last_map": null, "First_Year": null, "Last_Year": null, "London1stSeries": 1, "London1srRevision": 1}}, {"type": "Feature", "id": 575, "geometry": {"type": "Polygon", "coordinates": [[[0.078479, 51.508231], [0.078477, 51.508188], [0.078391, 51.508193], [0.078356, 51.50818], [0.075484, 51.508273], [0.074844, 51.508299], [0.071806, 51.508395], [0.070475, 51.508437], [0.06902, 51.508498], [0.067043, 51.508558], [0.065599, 51.508608], [0.062778, 51.508708], [0.061007, 51.50876], [0.057741, 51.508879], [0.05452, 51.508992], [0.052533, 51.509052], [0.051105, 51.509091], [0.050933, 51.509087], [0.050648, 51.509103], [0.050282, 51.509113], [0.050003, 51.509132], [0.0497, 51.509148], [0.049511, 51.509148], [0.049175, 51.509161], [0.048843, 51.509166], [0.048044, 51.509195], [0.046131, 51.509264], [0.044555, 51.50932], [0.041619, 51.509417], [0.041539, 51.509422], [0.041695, 51.509459], [0.042381, 51.509443], [0.043872, 51.509396], [0.043919, 51.509424], [0.043923, 51.509516], [0.043941, 51.509534], [0.043964, 51.509533], [0.043974, 51.509498], [0.043986, 51.509394], [0.044997, 51.509358], [0.050799, 51.509168], [0.050959, 51.509165], [0.051051, 51.509167], [0.051066, 51.509245], [0.051091, 51.509295], [0.051113, 51.509277], [0.051138, 51.509194], [0.05113, 51.509151], [0.051239, 51.50916], [0.051393, 51.50915], [0.051724, 51.509134], [0.052924, 51.509099], [0.054283, 51.50905], [0.056362, 51.508985], [0.057544, 51.508939], [0.061198, 51.508818], [0.063031, 51.50875], [0.063151, 51.50873], [0.063243, 51.508743], [0.063357, 51.508737], [0.063603, 51.508743], [0.068394, 51.508577], [0.068771, 51.508574], [0.068954, 51.508563], [0.069159, 51.508556], [0.069354, 51.508556], [0.070153, 51.508517], [0.070611, 51.508527], [0.07109, 51.508494], [0.072009, 51.50846], [0.073437, 51.508409], [0.075327, 51.50834], [0.076423, 51.508307], [0.078479, 51.508231]]]}, "properties": {"OBJECTID": 568, "Type": null, "First_map": null, "Last_map": null, "First_Year": null, "Last_Year": null, "London1stSeries": 1, "London1srRevision": 1}}, {"type": "Feature", "id": 576, "geometry": {"type": "Polygon", "coordinates": [[[0.038501, 51.509579], [0.041417, 51.509475], [0.04142, 51.50946], [0.041282, 51.509427], [0.041004, 51.509441], [0.038658, 51.509511], [0.037413, 51.509542], [0.037307, 51.509556], [0.037074, 51.509567], [0.036385, 51.509579], [0.036332, 51.509596], [0.036337, 51.509627], [0.03638, 51.509636], [0.036183, 51.509661], [0.035598, 51.509716], [0.035461, 51.509716], [0.035343, 51.509737], [0.035279, 51.509746], [0.035183, 51.509723], [0.035101, 51.509682], [0.035006, 51.509705], [0.035127, 51.509758], [0.035223, 51.509785], [0.035334, 51.50978], [0.035342, 51.509799], [0.035635, 51.50977], [0.036048, 51.509715], [0.036332, 51.509687], [0.036397, 51.509676], [0.036741, 51.509645], [0.038501, 51.509579]]]}, "properties": {"OBJECTID": 569, "Type": null, "First_map": null, "Last_map": null, "First_Year": null, "Last_Year": null, "London1stSeries": 1, "London1srRevision": 1}}, {"type": "Feature", "id": 577, "geometry": {"type": "Polygon", "coordinates": [[[0.032425, 51.509709], [0.032404, 51.50966], [0.032293, 51.509657], [0.031932, 51.509687], [0.031499, 51.509718], [0.031282, 51.509727], [0.030382, 51.509723], [0.029787, 51.509724], [0.028673, 51.509715], [0.02878, 51.509789], [0.029607, 51.509796], [0.030454, 51.509803], [0.030992, 51.509803], [0.031437, 51.509791], [0.032, 51.509755], [0.032425, 51.509709]]]}, "properties": {"OBJECTID": 570, "Type": null, "First_map": null, "Last_map": null, "First_Year": null, "Last_Year": null, "London1stSeries": 1, "London1srRevision": 1}}, {"type": "Feature", "id": 578, "geometry": {"type": "Polygon", "coordinates": [[[0.026135, 51.50974], [0.026247, 51.509685], [0.026261, 51.509666], [0.026174, 51.509661], [0.026155, 51.509673], [0.025399, 51.50966], [0.024315, 51.509619], [0.023432, 51.509582], [0.022539, 51.509547], [0.021736, 51.509494], [0.020834, 51.509462], [0.020238, 51.509428], [0.019706, 51.509375], [0.019255, 51.509354], [0.01906, 51.509343], [0.018401, 51.509274], [0.017661, 51.509175], [0.016712, 51.509027], [0.016585, 51.509005], [0.016471, 51.508993], [0.016393, 51.50897], [0.016206, 51.50895], [0.016037, 51.508924], [0.015861, 51.508925], [0.015746, 51.508898], [0.015548, 51.50883], [0.015502, 51.508829], [0.015473, 51.508858], [0.015671, 51.508928], [0.015745, 51.508965], [0.015933, 51.508985], [0.016235, 51.509011], [0.016385, 51.509047], [0.016554, 51.509072], [0.017234, 51.509196], [0.017791, 51.509267], [0.018339, 51.509334], [0.019767, 51.509471], [0.02143, 51.509569], [0.023249, 51.509661], [0.024731, 51.509709], [0.025502, 51.509729], [0.026089, 51.509724], [0.026135, 51.50974]]]}, "properties": {"OBJECTID": 571, "Type": null, "First_map": null, "Last_map": null, "First_Year": null, "Last_Year": null, "London1stSeries": 1, "London1srRevision": 1}}, {"type": "Feature", "id": 579, "geometry": {"type": "Polygon", "coordinates": [[[0.012389, 51.505882], [0.01233, 51.505925], [0.012533, 51.506217], [0.012718, 51.506419], [0.012849, 51.506626], [0.012993, 51.506952], [0.013064, 51.507188], [0.013125, 51.507187], [0.01305, 51.506865], [0.012906, 51.506549], [0.012872, 51.506463], [0.012778, 51.506417], [0.012664, 51.506234], [0.012389, 51.505882]]]}, "properties": {"OBJECTID": 572, "Type": null, "First_map": null, "Last_map": null, "First_Year": null, "Last_Year": null, "London1stSeries": 1, "London1srRevision": 1}}, {"type": "Feature", "id": 580, "geometry": {"type": "Polygon", "coordinates": [[[-0.02005, 51.538109], [-0.020125, 51.538134], [-0.020186, 51.539253], [-0.020215, 51.539703], [-0.020239, 51.540343], [-0.020296, 51.540787], [-0.020347, 51.54104], [-0.020445, 51.541313], [-0.020617, 51.541652], [-0.020842, 51.542072], [-0.02124, 51.542772], [-0.021469, 51.54321], [-0.021659, 51.543579], [-0.021952, 51.544176], [-0.022128, 51.544529], [-0.02226, 51.54477], [-0.022478, 51.545029], [-0.022689, 51.545226], [-0.022948, 51.545403], [-0.023272, 51.545631], [-0.023789, 51.546039], [-0.02413, 51.546312], [-0.02472, 51.546786], [-0.025301, 51.54726], [-0.025577, 51.54749], [-0.025582, 51.547583], [-0.024943, 51.547036], [-0.024288, 51.546517], [-0.023426, 51.545839], [-0.02257, 51.545209], [-0.022242, 51.544861], [-0.022048, 51.544495], [-0.021919, 51.544276], [-0.021626, 51.54367], [-0.021224, 51.542926], [-0.020955, 51.542428], [-0.020596, 51.541791], [-0.020311, 51.541209], [-0.02021, 51.540797], [-0.020172, 51.540568], [-0.020134, 51.540032], [-0.020081, 51.539153], [-0.020029, 51.538257], [-0.02005, 51.538109]]]}, "properties": {"OBJECTID": 573, "Type": null, "First_map": null, "Last_map": null, "First_Year": null, "Last_Year": null, "London1stSeries": 1, "London1srRevision": 0}}, {"type": "Feature", "id": 581, "geometry": {"type": "Polygon", "coordinates": [[[-0.017852, 51.533813], [-0.017896, 51.533793], [-0.017908, 51.533841], [-0.017892, 51.533885], [-0.017905, 51.533918], [-0.017995, 51.533925], [-0.01808, 51.533945], [-0.018181, 51.533922], [-0.018453, 51.534028], [-0.018618, 51.534067], [-0.01879, 51.534061], [-0.018885, 51.534074], [-0.019015, 51.534154], [-0.019063, 51.534267], [-0.018977, 51.534385], [-0.018891, 51.534497], [-0.018836, 51.534653], [-0.018834, 51.534805], [-0.018945, 51.535012], [-0.019091, 51.535273], [-0.019074, 51.535434], [-0.018989, 51.535527], [-0.018907, 51.535666], [-0.018896, 51.535811], [-0.018929, 51.535928], [-0.018956, 51.535955], [-0.019315, 51.53625], [-0.019522, 51.536437], [-0.019659, 51.536574], [-0.019826, 51.536788], [-0.019943, 51.536956], [-0.020052, 51.537178], [-0.020131, 51.537459], [-0.02017, 51.537656], [-0.020153, 51.537715], [-0.020061, 51.53774], [-0.019986, 51.537727], [-0.019949, 51.537682], [-0.019931, 51.537548], [-0.019845, 51.537225], [-0.019642, 51.536859], [-0.019461, 51.536639], [-0.019352, 51.536509], [-0.019084, 51.536305], [-0.018932, 51.536181], [-0.018782, 51.536017], [-0.018576, 51.535809], [-0.018407, 51.535741], [-0.018138, 51.535691], [-0.017979, 51.535614], [-0.017859, 51.535532], [-0.017783, 51.535412], [-0.01774, 51.534974], [-0.017706, 51.534426], [-0.017694, 51.534262], [-0.017728, 51.53415], [-0.017819, 51.53391], [-0.017852, 51.533813]]]}, "properties": {"OBJECTID": 574, "Type": null, "First_map": null, "Last_map": null, "First_Year": null, "Last_Year": null, "London1stSeries": 1, "London1srRevision": 0}}, {"type": "Feature", "id": 582, "geometry": {"type": "Polygon", "coordinates": [[[-0.01786, 51.53375], [-0.017472, 51.533902], [-0.017002, 51.534054], [-0.015964, 51.534474], [-0.014707, 51.53497], [-0.014588, 51.534965], [-0.014339, 51.534869], [-0.013979, 51.534702], [-0.013925, 51.534642], [-0.013928, 51.534564], [-0.014012, 51.534509], [-0.014573, 51.534221], [-0.016879, 51.533047], [-0.016934, 51.533107], [-0.017649, 51.533664], [-0.01786, 51.53375]]]}, "properties": {"OBJECTID": 575, "Type": null, "First_map": null, "Last_map": null, "First_Year": null, "Last_Year": null, "London1stSeries": 1, "London1srRevision": 0}}]}